iteration,validation_average_precision,validation_auc,validation_binary_logloss
1,0.10382610537211849,0.7352888270034026,0.14743116171951678
2,0.15064238109782507,0.7365516338022806,0.15150922080358942
3,0.1648841768383862,0.7692074399642338,0.15397080891993284
4,0.19043965235300025,0.7726181610536655,0.15957746829157252
5,0.18190955313054577,0.7870672780383331,0.1633751954733397
6,0.1922685520977567,0.7977233975476342,0.16806874287353774
7,0.188563161311413,0.7996713884210546,0.1740453916459678
8,0.19570035542601136,0.805120879112095,0.1792021681770133
9,0.205780415013856,0.8094251508854564,0.18450551622236974
10,0.2225020475179278,0.8167165237745728,0.1884501465116783
11,0.23300332972448567,0.8207387710212333,0.19345339247656562
12,0.23446562000931964,0.8229971481686624,0.19860727332331127
13,0.2377895447486949,0.8238375647715247,0.20409753583829443
14,0.24263929090858805,0.8246231909365325,0.20858507506072366
15,0.24589343609555087,0.8248240520591325,0.21477659028689552
16,0.24771646835020475,0.8243095246149184,0.22126752899331814
17,0.2505761184234365,0.8258665230532314,0.22621383682585733
18,0.2506020726863987,0.8269412219081601,0.2309277968428888
19,0.255376753598302,0.8303424890818225,0.23506840541511836
20,0.26227389730568684,0.831216955153675,0.24070971013517112
21,0.26688221233370507,0.8336011097329147,0.2451922616414303
22,0.27329134332433463,0.8363751345751459,0.24890785284042607
23,0.2787039033253718,0.8379104293592692,0.2531331524220514
24,0.28236919218074585,0.8395776850510049,0.2568787180865466
25,0.2873016677271046,0.8414793209927144,0.2604435955927919
26,0.2952124512948262,0.8426706930817067,0.2647782547476899
27,0.2967521261284448,0.8439381768787519,0.269052030258653
28,0.3051597186265157,0.8447056042559038,0.27287307817412
29,0.30992966397803057,0.845856326428616,0.2772861453833128
30,0.3051425387581035,0.8453517294390148,0.2809621284267582
31,0.30909362250342914,0.8449112000224988,0.285244020058077
32,0.31282048869527007,0.8457915920854553,0.2889543432969359
33,0.31782827864470903,0.8471269634524452,0.2918157747165149
34,0.32126477196938213,0.8475936583102276,0.29576686554549353
35,0.32572021291164366,0.8489209093015994,0.2986778283876432
36,0.3321779816639196,0.8497445759484128,0.30171178776940916
37,0.3352672041983306,0.8504677351728225,0.3043914252332149
38,0.33981538094145963,0.8522488970988845,0.30667867886849554
39,0.34385180372368895,0.8530679424718312,0.3090290418004405
40,0.34571322227670503,0.8540714468078234,0.3119303686364237
41,0.3484197416516299,0.8545267181840512,0.31467701336989984
42,0.3514547632339324,0.8552559359849692,0.31719629327980714
43,0.3553878404201524,0.8568948645168939,0.31887398918567605
44,0.3568207964957452,0.8572525799371044,0.32112988036665063
45,0.3598753720510708,0.8584103387438708,0.323048566669705
46,0.362235297187517,0.8592971429444132,0.3252029394783241
47,0.3645660921174562,0.8600878419422727,0.32706101464528786
48,0.3669855908511158,0.8604950443841746,0.3300028898232481
49,0.3701904650567069,0.8610881065827393,0.3318290544410724
50,0.37268984327122134,0.8615135001263866,0.3341320245907295
51,0.37555327112346487,0.8626672006668715,0.3359938362690874
52,0.37567226211069055,0.8625361390341737,0.3396047748341702
53,0.37607180881213176,0.8625591973653182,0.34347742901336603
54,0.378628787968917,0.8631580030098654,0.34533438186658544
55,0.3794583376144792,0.8636820381726215,0.34742840727400676
56,0.3844233451218949,0.8644834689021011,0.34895537093948653
57,0.385932978435413,0.8650478561443601,0.3501003409825199
58,0.3858413463495407,0.8649173997928548,0.35255865037867984
59,0.38774441232453877,0.8655526568158862,0.35376909724777966
60,0.38995970330863655,0.8663164256044966,0.35465684566705097
61,0.39249446458389675,0.8670841143094016,0.3556256803780132
62,0.3926835001101955,0.8669760514404927,0.3582715955358461
63,0.3951477343907128,0.8679262199350203,0.3588171083722266
64,0.3965252674015757,0.868442505576984,0.3594716372739213
65,0.39894627627800816,0.8698599799750691,0.36008351893718493
66,0.4002292449631197,0.8705712564728291,0.36112666345651906
67,0.40072375157351603,0.8708846403298867,0.3630169475386464
68,0.4006425262954874,0.871247015454516,0.3645748405643025
69,0.40166288753680945,0.8719998084775015,0.3651060315197764
70,0.40282029209885784,0.8728633929385813,0.36567566355986447
71,0.4039736202278084,0.8734321593422301,0.36636040968383154
72,0.40616024334957357,0.8736954701116797,0.3666232500629767
73,0.40837146238557104,0.8743516621778629,0.3672457058219922
74,0.40978683917956327,0.8751275250611585,0.3678509262261238
75,0.4110328085547039,0.8757111813821439,0.3684768468213494
76,0.4122003644683801,0.8759973967605305,0.369151085935859
77,0.4135268577830091,0.8767053144280536,0.36995808342559056
78,0.41486861733707003,0.8775191236383028,0.370373449332312
79,0.41592835630016617,0.8779801980278686,0.3708538847779183
80,0.41587696871546337,0.877910548417119,0.37281923356718233
81,0.4169871951574705,0.8781317354586228,0.37332931214997284
82,0.41849651627713885,0.8788424316550488,0.37329277739060396
83,0.41863607825738747,0.8787728646699858,0.37500227747297327
84,0.41910891109118525,0.8791460560734495,0.3754577882919702
85,0.42006609642674864,0.8796849830750696,0.37558146642201273
86,0.4214068402812119,0.8803793116994383,0.3755937425702261
87,0.42267340895009997,0.8808802616296634,0.3754581352447868
88,0.4232400283793059,0.8811557740993436,0.3758631644649746
89,0.423299979640295,0.881236166970879,0.3765558692592577
90,0.42374252161688264,0.8815926333981526,0.3764970875053639
91,0.4242741792081398,0.8820122911819277,0.376679132063246
92,0.4246328880207416,0.8820182363883078,0.37836146824817823
93,0.42472331940753205,0.8819117991317447,0.379897561416162
94,0.4258232766591011,0.8822643571718892,0.38001307684721614
95,0.4263561644415295,0.8824230734297398,0.3800863849200675
96,0.42738831681617606,0.8825501767155911,0.38024256355048414
97,0.4282883737910187,0.8831163087049066,0.3799638564335125
98,0.4293826724834802,0.883437272988328,0.38017984452832865
99,0.4293884220465893,0.8833137533514419,0.38067052769688364
100,0.43033910539777276,0.8834833396908995,0.3807301100274788
101,0.4309253599869211,0.8837284382218002,0.380192298178865
102,0.4310759806476018,0.8839601744498027,0.38135787781929315
103,0.43132821349438966,0.8840469141269856,0.3814018815474237
104,0.43313285470554175,0.8843274110392483,0.3808789473832435
105,0.4333178061701054,0.8841707104638453,0.38209683751937124
106,0.43389478644199403,0.8844499122665087,0.3821845084209819
107,0.4345521684983096,0.8843928159955398,0.38247692856421384
108,0.4348051225597739,0.8846898956909506,0.3821934324182342
109,0.43545557206415303,0.8850339894020375,0.3823174925048469
110,0.4355257251230735,0.8849552913178412,0.3830214240531271
111,0.43676949156633416,0.8852905325512962,0.38289373853475384
112,0.43765252882396527,0.8858026888304575,0.38231638375105664
113,0.43760077235362965,0.885548366967099,0.38304022172757973
114,0.43772705858519273,0.8855690925637428,0.38363184826153107
115,0.43862943056362863,0.8859132381560748,0.3833378941886773
116,0.439455387148562,0.8858113856643542,0.38304956581443717
117,0.44037863117160186,0.886096417381742,0.38234517105361
118,0.4407278884529137,0.885920858934518,0.38393658949092346
119,0.44157271124098674,0.8862588517954896,0.3836791811746466
120,0.4434641991663974,0.8865595516488901,0.38340934077269373
121,0.4444409634884232,0.8868182622812765,0.38322725198216334
122,0.44514266098518723,0.8872672541053226,0.3828501936064958
123,0.4461724463151417,0.887615700076413,0.3822684221609446
124,0.44639145122930546,0.887587192293008,0.38232237727704294
125,0.4462331840516634,0.8874092319362897,0.38279067829195984
126,0.4477395916813531,0.8879951479737273,0.382467690501041
127,0.4488895947489044,0.8880995291957633,0.38238948580772025
128,0.4489782831737869,0.8880906363660519,0.38225748650486757
129,0.449213365588123,0.8880224989975198,0.38220854902857593
130,0.44977300638749634,0.8884060704930538,0.38195181541912293
131,0.4500863893862609,0.8884348280750461,0.38144555010968756
132,0.45105970424813496,0.8887267734487222,0.38102954390317995
133,0.45162026922103604,0.8891074280653662,0.380473904871718
134,0.4527802548880519,0.8894739940416811,0.37973334861247504
135,0.45341046270218527,0.8895650513913709,0.37964065940163905
136,0.45399298254419124,0.8897678686290629,0.3793839131714562
137,0.454821108372894,0.8901750672279095,0.3789705781355686
138,0.4549763044782891,0.8903721006675395,0.3783046966817896
139,0.45497236007704966,0.8906126682363702,0.37796053559191917
140,0.45516041960149645,0.8906165650943336,0.37770006268867323
141,0.45538842144192726,0.890587257955449,0.3783719073517061
142,0.45601343964499247,0.8907805521023783,0.3779060642411808
143,0.45642997380526684,0.8908987721661563,0.37712463692413245
144,0.4574004430975688,0.8908965931538632,0.37748065656152635
145,0.4579892476986112,0.8911696345390557,0.3768069845094794
146,0.45828198687428817,0.8912230991228696,0.3765035981008391
147,0.45818699626397635,0.8911812982115597,0.37670687047310775
148,0.4586049418104938,0.8914978583537324,0.37588185109720357
149,0.45948883349481673,0.8917010791122195,0.37552864706600503
150,0.4596389879675546,0.8917305745608085,0.3754683607248644
151,0.4595871123057999,0.8917511118477479,0.3760845804258159
152,0.45989910093217246,0.891878743553688,0.3756473203743879
153,0.45978339016087694,0.8917400861224056,0.3757826303583677
154,0.46027963124246174,0.8916573451441487,0.3757142885136855
155,0.4608576162418474,0.8918758266747983,0.375261884069325
156,0.4611248692237027,0.8920879364199416,0.37464142430990227
157,0.4617217065776281,0.8924084549089607,0.3741693354429317
158,0.4612908311295858,0.8922817032626593,0.3742952483015248
159,0.461754786657257,0.8924102496157348,0.373824994472545
160,0.46219026165328697,0.8924784484731499,0.373695819962262
161,0.4624738428168844,0.8927324782643139,0.3729016889894643
162,0.4627596925750094,0.8926802473012164,0.3731098737919777
163,0.4627744027466245,0.8927549908816214,0.3731042986858913
164,0.46231977541484004,0.8929185589966502,0.3721351757944659
165,0.46250112603639515,0.892887952905111,0.37178343574893064
166,0.46273769418829086,0.8931532697493703,0.37136994196839274
167,0.46310330652226167,0.8932910086904621,0.37106858319879044
168,0.46341534587126326,0.8933351615515487,0.3711617698275413
169,0.46394519196578776,0.8935451230288403,0.3700883083825758
170,0.46452708692916495,0.8935861707013327,0.3700729778826837
171,0.4646056153832044,0.8936805138632106,0.3698371688859869
172,0.46424421058715637,0.8936397697920782,0.369516908731347
173,0.4646212791108573,0.8935335669618817,0.3689469876929463
174,0.46535892048337885,0.8937404693672415,0.3683098606527652
175,0.4651810856071835,0.8940523640404127,0.367608300961271
176,0.4656654762378991,0.8941585553414436,0.3672099025479584
177,0.46549881188690845,0.8940032152075781,0.3668664701747512
178,0.46527853076581455,0.8939446239881399,0.3669634547184745
179,0.46614639816000053,0.8942558653419287,0.36629693577826145
180,0.46699402180714633,0.894491025732106,0.365523951877647
181,0.46710468134319266,0.8945632790127475,0.3653290644613106
182,0.46737469663010606,0.8946942003739308,0.36494967580420384
183,0.46807584808988756,0.894791471943864,0.3644069797806048
184,0.46831410027322673,0.894771830088784,0.3636086644498988
185,0.46834188549491024,0.8946699391665116,0.36318044447385345
186,0.46869518847427544,0.8947855536388702,0.3628338807659422
187,0.46885127901105944,0.8947556777278173,0.36259390847812495
188,0.4688351087075268,0.8948789129786192,0.3622617045342977
189,0.46840901607540486,0.8948900539956172,0.36158710863351107
190,0.4685443145431303,0.8949070402995604,0.36098557826478794
191,0.46818756148385854,0.8949651511370997,0.36025168339499647
192,0.46807965271388113,0.8949133083225764,0.3599402962502677
193,0.46866417633787927,0.8950834903355885,0.35969260877291837
194,0.4687994507547458,0.8952909999436685,0.3592486500769404
195,0.46833897858728263,0.895334507171483,0.3586890305668549
196,0.4683964076574076,0.8955501025676843,0.35832765178795695
197,0.47024005622046694,0.8957799057389257,0.3575869633393077
198,0.47032553065223087,0.8959774733632272,0.35674595433670747
199,0.4705698474939265,0.8961136443378012,0.3539864673914687
200,0.4710817675414716,0.8961402382797212,0.3534602015625434
201,0.4709317113874791,0.896224850825856,0.3527742958120573
202,0.47061364481054463,0.8963687424983082,0.3518802116761072
203,0.4717702490126178,0.8964561566316771,0.35156593233628836
204,0.47184854699346457,0.8963903404684803,0.35112732206861563
205,0.47217974034755034,0.8963827965511408,0.35083363057035716
206,0.47229212973430174,0.8966164197192419,0.34989227260938516
207,0.47265465460109984,0.8966217961534538,0.3499511967273966
208,0.4726929036524206,0.8966475177218455,0.34921589091454047
209,0.4727539772239387,0.8967182529956865,0.34891575348860027
210,0.4728243073631161,0.8966262079808127,0.34837628013003613
211,0.47296359000655525,0.8966274838751361,0.3471576614108695
212,0.4743757276248849,0.8966984458892333,0.34622510791227545
213,0.475036499202715,0.8968023813168673,0.3454464251906565
214,0.47496373724445146,0.8967344168858188,0.3454918489081648
215,0.47527452080242755,0.8967383214298926,0.34458782834567586
216,0.4764185929564218,0.8967173806221582,0.34376338398489986
217,0.4774256734281927,0.8966802874534571,0.3435234099662907
218,0.47774248613183357,0.8965942875643984,0.3434567266763066
219,0.4776356979026059,0.8964003016675347,0.34423162837009025
220,0.4780520451428879,0.8965217268393417,0.34372023708985383
221,0.4782438916474017,0.8966568179154071,0.3431917239379614
222,0.4784093432268842,0.8966356772688028,0.34303731253928776
223,0.4788803526318976,0.8966886384123866,0.342632520707153
224,0.4793436421736439,0.8966078958228288,0.34228811641727136
225,0.4795753400080007,0.8966492663119573,0.3422505200720176
226,0.4798104889076627,0.8966294630485593,0.34165893157933913
227,0.47993000517228446,0.8966458728942238,0.3412581149233504
228,0.48006045840045497,0.8965682816099225,0.34093995097095603
229,0.48035873286502817,0.8966783697689169,0.3392349305519834
230,0.48071973649682476,0.8967136528586231,0.33871604530338784
231,0.4810601341440676,0.8967117582324141,0.3396903509634809
232,0.4814482737806833,0.8966842611725243,0.3394555365199286
233,0.48165993360442894,0.8968326684348256,0.3387128279468734
234,0.48246574806194253,0.8969847458148341,0.33830227224107545
235,0.4829497259530012,0.8971092608030146,0.33785553285997855
236,0.4836439127452814,0.8972331455301437,0.3373564194627166
237,0.4840631019251747,0.897422573563551,0.33659678998166365
238,0.48425192423084407,0.8973478837859188,0.33635436715876055
239,0.4843550363944905,0.8973689783158608,0.33607945650167076
240,0.48433942722129486,0.8973369118633492,0.3355172968886454
241,0.4843984806629506,0.8974279038811007,0.3351698047024046
242,0.4843014278491772,0.8974196758999373,0.3348115797096222
243,0.48478551574320855,0.8975596169116533,0.334132955606223
244,0.48499085401438197,0.8976454899798908,0.3344434371302924
245,0.48500114188124355,0.8977017984245457,0.3343506079292248
246,0.4852701120967205,0.8977079204114645,0.3340017655361362
247,0.4852877225467555,0.8977198415686662,0.33364461970851855
248,0.4852924197921083,0.8977106374514844,0.3332352371178642
249,0.4854504750025455,0.8976855499871992,0.33267154760035883
250,0.48587705258448016,0.8977722147248058,0.33230435120007373
251,0.4858670317351844,0.8977699895958504,0.3327023087734523
252,0.4865531785152931,0.8980588720545394,0.33205865755326125
253,0.4869036936935616,0.8982023602061965,0.33168165173144554
254,0.48732971065425806,0.8983542723348318,0.3312262972798508
255,0.4877550949461766,0.898425818493318,0.3308109514782961
256,0.4884568186872099,0.898420257592457,0.33017303569158657
257,0.4888515435234973,0.8983785220130854,0.32983967251318874
258,0.48919925773772727,0.8985208341898543,0.3293491505275999
259,0.4894805280948584,0.8986696372868402,0.3290449456443172
260,0.4896513083344642,0.8987531853066872,0.32855449145096033
261,0.4900326916252901,0.8987413410105893,0.3283670702867131
262,0.4905489091264302,0.8988673048305766,0.3278700824455255
263,0.490426393309814,0.8988429437037224,0.32762167253214053
264,0.49068248069512393,0.8989350309922033,0.3270578718955378
265,0.4913192450131995,0.8989443773024272,0.3269490521869843
266,0.4918115516673454,0.8989876539469303,0.3266571104255686
267,0.49199391312012797,0.8990381901226887,0.32625481392389577
268,0.49132460014465196,0.8990358842895743,0.3225309620035111
269,0.49142401394160673,0.8989041443576352,0.32224945803651595
270,0.4916877741289268,0.8989969195529952,0.3219294679636564
271,0.4919186031367079,0.8989616825799511,0.32144845585213827
272,0.4917946913920939,0.8989250966945352,0.3209471370514715
273,0.49252528061876344,0.8989557181582951,0.32037861821468583
274,0.4923533104687813,0.8992525096245666,0.3136360100557234
275,0.49258322090543033,0.899259327204475,0.313321785316582
276,0.49261342728717816,0.8992347623956958,0.3129703791345791
277,0.4929831522389833,0.8993235177553262,0.3094889490882202
278,0.49297648534870864,0.8993968125039242,0.30903115296351535
279,0.4935905640088521,0.8994591238007871,0.3087376730498786
280,0.49361217787308465,0.8994015125604226,0.3085644772657981
281,0.4939371595833296,0.8993182297113838,0.30825784527853417
282,0.49413284817107156,0.8992583241670703,0.3080148595675096
283,0.49451845535925937,0.899241837460302,0.30749047330649837
284,0.49482080152987074,0.8994079612070326,0.30662511584997787
285,0.4953085432530654,0.8994478559629678,0.30621120446840683
286,0.49528074809816175,0.8992905443417896,0.30583744409039976
287,0.49555156942792433,0.8993029804683867,0.3055227515926637
288,0.4955010180363067,0.8992465605751313,0.30528501300135175
289,0.49568992411722135,0.8992798913928007,0.30506807549186277
290,0.495931746114319,0.8994464263464369,0.3045909288372548
291,0.4961978641199847,0.8994900988256246,0.30439403520720276
292,0.4961136357191119,0.8993745573713146,0.3045937467581987
293,0.4964022579284527,0.8995313617092077,0.30420072586399677
294,0.49675360309624844,0.8995647232713186,0.3039876700659083
295,0.4969555113958382,0.8995961517766686,0.3036918446667019
296,0.49723086615285594,0.8996455657803113,0.30360166111707504
297,0.4976526209951451,0.8998146256212077,0.30318088227423395
298,0.498072694144322,0.8998674830023013,0.30294598673964157
299,0.4982403560082463,0.8999580253825955,0.3025618730255077
300,0.4982804086627162,0.8999549932120501,0.3023455443084177
301,0.49849779497325586,0.9000075892653907,0.3016365475755146
302,0.4990439482531769,0.9001083580155474,0.30125645722553196
303,0.49937817946645446,0.9002452706997732,0.30061060884234236
304,0.4997009218679419,0.900240067203045,0.3003428953910969
305,0.499918832809798,0.900404949642949,0.30001269655005386
306,0.4998351688344196,0.9003412125726103,0.3005687939983858
307,0.5001135291239501,0.9004171859306764,0.29998311287174234
308,0.5003177270240413,0.900491902609695,0.29956752155485267
309,0.5006957882781066,0.9005387801969118,0.29926620439692614
310,0.5008913518643063,0.9005514007901583,0.29897090105752633
311,0.5009139159540914,0.9005470466086272,0.29892925923864944
312,0.5010764056541194,0.9004149646447761,0.2987390850353907
313,0.5012240880907574,0.9004722300101735,0.2983374946570908
314,0.5014131375532335,0.9005103646468314,0.2984046589656042
315,0.5018334666729346,0.9005804696596211,0.2980266687026649
316,0.5022838268723789,0.9007912497076684,0.2978052993779444
317,0.5024956238504227,0.9008361442784067,0.29736043613813545
318,0.5028446083963355,0.9008931329438304,0.29707533346408804
319,0.5029391924494758,0.9010335043777279,0.29675479845696445
320,0.503275374033195,0.9011945091749446,0.2958495166693284
321,0.5035433066405476,0.9011588340936088,0.29563723967022104
322,0.5039267101376493,0.9011289312811696,0.2953905394883751
323,0.5039038520040525,0.9011177825780612,0.29507369229443803
324,0.5042046868089856,0.9012895517728671,0.29539261723335963
325,0.5043411457193567,0.9012660284320445,0.29500369429471807
326,0.5045800045099951,0.9011524892094889,0.29443512685488465
327,0.5044482383878969,0.9011555098508688,0.29408164059876635
328,0.505098197015448,0.9013016458675523,0.2934896519831845
329,0.5052728206856691,0.9013228633752606,0.29294315386457476
330,0.5053989705364387,0.9013487655672462,0.29231723096682277
331,0.5054049035526178,0.9012665395583849,0.2921937708393482
332,0.5055962793666016,0.901314935152402,0.29197561839983266
333,0.5056113306626157,0.9013291160260559,0.2914994833971452
334,0.5058703823130273,0.9014894598177797,0.2911664747165322
335,0.505894194378499,0.9014196622494052,0.2913184862325724
336,0.5060048319552536,0.9014331398439592,0.2911006413107437
337,0.5062485508907978,0.9015270410544901,0.29070250829021754
338,0.5064304916078486,0.9015466675373492,0.29001960206332245
339,0.5064306078252964,0.9015842180296181,0.2900314238322389
340,0.5067854805260721,0.901621568683017,0.2897798511025992
341,0.5070271842863003,0.9016597955529995,0.28962482128556416
342,0.5069834626645411,0.9016774005888283,0.28916554238566583
343,0.5068627099209884,0.9016181176194558,0.2888850854864514
344,0.5070974137893466,0.9017733155602792,0.2885899436415845
345,0.5071172027834926,0.901723609484442,0.2884329035121727
346,0.5072808616966288,0.9019132988456023,0.28800374353161096
347,0.5075957918541987,0.9020187445939263,0.28768200443113967
348,0.5078785970707189,0.9021437937667781,0.2871075489686556
349,0.5078785970707189,0.9021437937667781,0.28343268613153066
350,0.5081383749802465,0.902244201269747,0.2831062051904956
351,0.5082521065082874,0.9022127881366178,0.28297641255766853
352,0.5086272605726692,0.9021561030725541,0.28286196099851163
353,0.5087003165625308,0.9021030496956458,0.2827016087075576
354,0.5087086690976951,0.9020114312598982,0.2824741203561155
355,0.5086886234358541,0.9019560105609924,0.28233623426758025
356,0.5086371349336011,0.9019537892750921,0.2820326655632189
357,0.508880376384156,0.9019483013922797,0.28159212579565374
358,0.5088834065410341,0.9019029149104769,0.28138687577197313
359,0.5089455656633558,0.9019566177637125,0.28115050817696063
360,0.5089299995358888,0.9019936110129787,0.28094240509495955
361,0.5089004264530032,0.9020172727037882,0.28060617714795594
362,0.5087084168912599,0.9019467718563138,0.28071539458653305
363,0.5088408311239281,0.9019801526337007,0.28064022838285146
364,0.5090021483303112,0.9020911784981616,0.2801111738962813
365,0.5092836571434137,0.9021820744395332,0.2794744263471171
366,0.509819782987217,0.9022258506812111,0.27902584739983366
367,0.5099617932539751,0.9021577978598933,0.2788067141490741
368,0.5100660037879651,0.9022307275182482,0.2785596378846426
369,0.5101337462276421,0.9020820666143042,0.27839106222688
370,0.5102187561436999,0.9021301662930717,0.27819522187621687
371,0.5105609187702332,0.9023261352064138,0.27789907927438046
372,0.5111213185496503,0.9026163973219162,0.2727983914112426
373,0.5112591285838352,0.9026936081437537,0.27261187559405153
374,0.5115027946690982,0.9027534214547426,0.2724380600334115
375,0.5116348891549958,0.9027522839104061,0.27229505086458355
376,0.5119240989771238,0.9028014365862959,0.2720505301567606
377,0.5121487564241853,0.9028812952731597,0.2718108929843642
378,0.5124646463909955,0.9028707806741578,0.2715301171287105
379,0.5124626701034507,0.9028336221735184,0.27154160115410464
380,0.5128757121907537,0.9029016365642843,0.27088457428074636
381,0.5130451754622967,0.9029267394007904,0.270684513026764
382,0.5131444102739185,0.9029130081645939,0.2708920535440279
383,0.5131249833191923,0.9028570609671268,0.27094947737191405
384,0.5134177282971224,0.902958240924189,0.27047153080532155
385,0.5134351555728445,0.9029518652956275,0.27027261719363543
386,0.5135301386677894,0.9029049800223004,0.2699128573491843
387,0.5135299560014526,0.9029189034112565,0.2695920295380658
388,0.5134829214107721,0.9029394137968095,0.26940648789687827
389,0.5135066072599597,0.9029074664790088,0.2693047906666251
390,0.5135889832908752,0.902882893984119,0.2690977196436631
391,0.5137386707751581,0.9028607195556684,0.26904950972424235
392,0.5130511428261956,0.9027878360139758,0.2656271830726883
393,0.5129616495122458,0.9027652888091716,0.26547090567061804
394,0.5131467302117965,0.9028067131010727,0.26499517360117836
395,0.5132900910429536,0.9027922017246724,0.26487471657356065
396,0.513311123194833,0.9028167242598447,0.2646765289666741
397,0.5134066358245649,0.9028085001217364,0.2643741612641952
398,0.5136379028383293,0.9028676754855637,0.26412807200965777
399,0.5134341968522953,0.9028884779433113,0.2637072605345956
400,0.5133775489571066,0.9028185727693914,0.2635858795810943
401,0.5135675685793996,0.9028430684031773,0.26340788904447743
402,0.5136815708864714,0.9028364506621388,0.2632158996198107
403,0.5136706535973697,0.9029052528792189,0.26288140316972275
404,0.5137536802527757,0.9029162901337268,0.262611890573064
405,0.5138170637197208,0.902966057698447,0.262340891961942
406,0.5141651248561063,0.9030372272375246,0.26202642333919046
407,0.5143266415162344,0.9030906149602345,0.2618309046273481
408,0.5146128650892542,0.9031512583711446,0.2568936231602184
409,0.5150276684909462,0.9032303945636325,0.25667191881378754
410,0.5151988592332024,0.9032442487775952,0.2563954948044352
411,0.5151737664617286,0.9032058720284604,0.2563619625077639
412,0.5154360391643142,0.9032960723768425,0.2556553314015789
413,0.5153747357969154,0.9032298949664578,0.2554282841905198
414,0.5152976538409334,0.9032110601529679,0.255177201722549
415,0.5154428300616989,0.9032317742204461,0.2549314649119147
416,0.5156631010074404,0.9032064369575734,0.25484837870231997
417,0.5160498561342313,0.9034006342224725,0.2542198007535576
418,0.516089849104122,0.9034800432718791,0.2540359015272996
419,0.516089849104122,0.9034800432718791,0.2509026620045944
420,0.5163492222759606,0.903488240508601,0.2506626152530768
421,0.5164057263368653,0.9035477886487817,0.250494108422618
422,0.5163822192604772,0.9035236004594112,0.25040409546559494
423,0.5164469165408694,0.9035174016113884,0.25027468803237135
424,0.516678157945549,0.9034865303490411,0.2501293171469103
425,0.5170381593578673,0.9035909423155187,0.24974763302852196
426,0.5171991256698286,0.9037070410128314,0.24948541893223686
427,0.5172292379832263,0.9037107265027593,0.24935658062302746
428,0.5172721083035093,0.9036968338582447,0.24925884018747502
429,0.5175532198392842,0.9037800513753453,0.24894415494536795
430,0.5178221893102749,0.9037629190353049,0.24866707995641468
431,0.5180155022239373,0.9038451757886078,0.24832522631328746
432,0.5183294340466538,0.9039278322196506,0.2480462499370112
433,0.5183927822282639,0.9038975566308578,0.2478821737843688
434,0.5187968289669772,0.9038917420883542,0.24758899903449447
435,0.5189042578446782,0.9039742294249685,0.2471660074877107
436,0.5193972861539121,0.9041539114704121,0.24304664647128985
437,0.5198303751344683,0.9042138938758295,0.24272897361028417
438,0.5199258204750277,0.9042095627526294,0.24259727804812187
439,0.5200871966226674,0.9041604100767398,0.24242880544810422
440,0.5201872000214286,0.9041709938507351,0.24211539400240603
441,0.5204331587059481,0.9041657749817861,0.24186352321286236
442,0.5206477807058069,0.9042736687562665,0.2415866396633879
443,0.5207827006115071,0.9043118725679177,0.24143668778567678
444,0.5206951604128813,0.9043312146646928,0.2413195251578446
445,0.5206353779278227,0.9042681847165093,0.24126409674479857
446,0.520887447332646,0.9042733497826856,0.24108303399283953
447,0.5210277437595137,0.9043235093390353,0.24086977150387567
448,0.5211187937456424,0.904405377943764,0.2407687426988725
449,0.5212551939590345,0.9043760708048793,0.2406611176545873
450,0.52134715814146,0.9044168840510051,0.24050023052642638
451,0.5217381328349,0.9044511833185825,0.24032331313394617
452,0.5218404584016153,0.9045164460818319,0.2399680297038794
453,0.5218373643551363,0.9044153891025358,0.2397895083405001
454,0.5218054587613983,0.904365548519767,0.2398315160671644
455,0.5219462755951111,0.9043552990915732,0.23981347834012368
456,0.5219750088188057,0.904379087603204,0.23973695324471775
457,0.5220610739447541,0.9044114884015172,0.23941039252581695
458,0.5221052970325909,0.9043238283126162,0.23966771274445187
459,0.5219484379798545,0.904356079231777,0.23921695578145996
460,0.5220789302396133,0.904402015270472,0.23871279444098614
461,0.5221523520962883,0.9043616132312516,0.2384756234558403
462,0.5223016863133948,0.9043751945882957,0.2383050237143388
463,0.522296628900215,0.904347559178419,0.2382540476483754
464,0.522333997474518,0.904301784548042,0.23803294013437337
465,0.5222951018112459,0.9043333168158821,0.23784223109485578
466,0.5222668185801694,0.9043512561975126,0.23768560525096416
467,0.5222306459107211,0.9043846139165683,0.23742992938315272
468,0.5224053651169615,0.9043785995351947,0.23703798147983132
469,0.5226099125063834,0.9044740302816916,0.236786206803301
470,0.522655279827353,0.9045328828288828,0.23661777796808864
471,0.5227163322897581,0.9045481282288245,0.23647347493233276
472,0.5228286837314524,0.9046848602894563,0.23306356397298686
473,0.5231818389220351,0.904777589368154,0.23263615279449412
474,0.5233336773582236,0.9048070041125841,0.2324964169846157
475,0.5232614760133613,0.9048165310464019,0.23214642072991032
476,0.5230945575706805,0.9049209391698243,0.2281412336588958
477,0.5232070454036987,0.9049678244431515,0.2278691153694082
478,0.5234229197395712,0.9050625826549898,0.22711164871608175
479,0.5234755818168093,0.9050061281742378,0.2266276828090573
480,0.5234788579863034,0.9050634665576838,0.22639227507719098
481,0.5238035226983996,0.905083515776614,0.22543041704984212
482,0.5239927718848911,0.9050898875621202,0.22526308732397834
483,0.5242999129934918,0.9051803261799242,0.22485820271592105
484,0.5243467943548119,0.905159469919404,0.2248127293602801
485,0.524265441699212,0.9050547351362904,0.2245897013702623
486,0.5242933889717801,0.9049380446084784,0.22470119223496085
487,0.52454665577971,0.9049542469291626,0.224373139170684
488,0.5245941658456617,0.9049636009254969,0.22417684457067566
489,0.5247683557249985,0.9049466607382161,0.22397748376763643
490,0.5247140106602901,0.9049396855930448,0.22404156650159707
491,0.5247657658136748,0.9049754452215948,0.22385435508958434
492,0.5248506678882431,0.9050806949741039,0.22367581981270673
493,0.52482085518959,0.9050178687078455,0.22358170722587217
494,0.5248265535607514,0.9050015472524503,0.2236170642093104
495,0.5250732306445818,0.9050518605310077,0.22354713599563283
496,0.5251857726777732,0.9051412269364135,0.22325449234217024
497,0.5252748319371936,0.9051268154794482,0.22327683594259964
498,0.5253630013003108,0.9051562686544301,0.22302459745826023
499,0.5253788258672859,0.9051998258419621,0.22305687601766494
500,0.5254613037426578,0.9052720406920516,0.22272352933483616
501,0.5255458586450766,0.9053371920067004,0.22260926819670526
502,0.5255892840179837,0.9054024778282809,0.2223792945697998
503,0.5255797796340443,0.9054095221484455,0.22208885818995458
504,0.5255021173731743,0.9054215547542478,0.22191210166168052
505,0.52568983155033,0.9053791965999353,0.22174968750632218
506,0.5256214661483636,0.9053582481060906,0.22168527256250498
507,0.5257105768152186,0.9054059750085045,0.22160202990471756
508,0.5257149055821507,0.9054416500898402,0.22131623921733418
509,0.5260772505327538,0.9054575872397163,0.22099779975820918
510,0.5261305311547771,0.9055557004387362,0.2208175604925783
511,0.5261848216999833,0.9055659613960956,0.22072338306305178
512,0.5261570259146737,0.9054862218439426,0.2202451713291573
513,0.5261339332780883,0.9054586133354522,0.22012157907020943
514,0.5261694096716775,0.9054587439993287,0.2196871836558692
515,0.5263848264705017,0.9055042573019528,0.2194162963969985
516,0.5265161464106204,0.905507101162794,0.21919730715908728
517,0.5265339437942905,0.9055661151183032,0.21916309654950025
518,0.5265970730206491,0.9056293756497982,0.21878506677546475
519,0.5266968456614167,0.9056395328446674,0.2186644406153295
520,0.5268509371400949,0.9055966366626281,0.21852897947838515
521,0.5268921183672367,0.9056219009074522,0.21838371131603979
522,0.5271139419995152,0.9056017479260319,0.2181471887628729
523,0.527190552315405,0.9056661690601945,0.21798804003783098
524,0.5273652869780507,0.9056316622676367,0.21786305869366532
525,0.5273183037503542,0.905519591092164,0.21769860088661225
526,0.5275458122893718,0.9056207595200605,0.214066412624628
527,0.527483301508367,0.9055265969817766,0.2139833037012281
528,0.5277650194818264,0.9055890427855712,0.21393655542652382
529,0.5277950500420167,0.9055338219255353,0.21379388446952907
530,0.5277192564340129,0.9055266277262182,0.21362237925436153
531,0.5279340353394482,0.9055742009064245,0.213248202597677
532,0.5280614176994062,0.9056211092380829,0.21305304695692584
533,0.5280398627616771,0.9056103563696591,0.21300853341573298
534,0.5281110626972788,0.9056158673108027,0.2128203580969982
535,0.5278619514686186,0.9056140879762493,0.21270873890408018
536,0.5282078634775756,0.9056331918036026,0.21260239611349685
537,0.5280278728361107,0.9054949993819983,0.21247323440306473
538,0.5280016130897435,0.9055247138847332,0.21220736716601857
539,0.5280680657145321,0.9055749579882971,0.2120012356683182
540,0.5285397708696109,0.905656692086094,0.21186358608590558
541,0.5286687300703565,0.9056772870188613,0.21170479448583668
542,0.528778313521911,0.9056849961875739,0.21167475561695695
543,0.528891261517748,0.9057079430701179,0.21139723543938074
544,0.5287771562128332,0.9056725792762527,0.21139793745639213
545,0.5287969478029809,0.9056775137591175,0.21157526310363925
546,0.5289016595450892,0.9057805153243401,0.21127741909996245
547,0.5286178885200379,0.9057731443444843,0.2090818712331112
548,0.528668875685774,0.9057328729691404,0.2089917671218967
549,0.5289534682059838,0.9058308939348357,0.20873955768775698
550,0.5289618710871253,0.9058274351851641,0.2084672678113665
551,0.5289705145689015,0.9058970482868893,0.2082517185396878
552,0.5289371025816689,0.9058530914216175,0.2081904172639073
553,0.5294577795625659,0.9059440988115898,0.20650250570424225
554,0.5295396806008785,0.9059540254231475,0.20641498173504813
555,0.5295507994499881,0.9059769761487466,0.2063602786533296
556,0.5298404179117014,0.9061244918222437,0.20610837117606698
557,0.5298120338574334,0.9060312746755368,0.2059510725027618
558,0.5301547611170885,0.9060936474612827,0.20566618372729964
559,0.5303133084572114,0.9061413858928623,0.20544720498082533
560,0.5304222869731385,0.9061168748868557,0.20550552572867092
561,0.530388495196215,0.9061390800597479,0.20532506589919797
562,0.5304475803387131,0.9061303486383544,0.20534586016953948
563,0.530493617251648,0.9061477346200374,0.20511215932765978
564,0.5304909849238432,0.9061206948837153,0.2050551959615456
565,0.530503585759842,0.9061628186116611,0.204756695418199
566,0.5305894265736746,0.9062266863458762,0.20437484435124076
567,0.5303695227831585,0.9062000116997972,0.20443546967143436
568,0.5303842210261598,0.9061996197081678,0.20442066363635747
569,0.5303923487101204,0.9062222207157445,0.20438243261620528
570,0.5306194729992242,0.90627098524306,0.20422947313168321
571,0.5306921573912864,0.906285731045827,0.20415869380272592
572,0.5308916188251157,0.9063961650797885,0.20403166980090873
573,0.530950283933801,0.9063343533801004,0.20400415986031342
574,0.5309223165908254,0.9063044121371092,0.20397968198744681
575,0.5311199074838397,0.9062324893592143,0.2038310338327542
576,0.5311118109997236,0.9061969526278654,0.20374130833013304
577,0.5312285553858,0.9062707431305831,0.20345733809462757
578,0.5312567029664939,0.906258011088736,0.20340116400165956
579,0.5311897285125086,0.906270942969453,0.2033827366963606
580,0.5313949637184557,0.9063406214031166,0.2030732331758787
581,0.5315656437813333,0.9064023062819833,0.20291545266079722
582,0.5319366603525051,0.9064616661124597,0.20258487667119726
583,0.531912043129164,0.9064332006026617,0.2024937369733714
584,0.5316932487662398,0.9063321935830831,0.20210374896390135
585,0.5316167103889843,0.9062993200889815,0.20188577278217779
586,0.5317073531656215,0.9062935401339746,0.20187042683821815
587,0.5318748455286523,0.9063307678096074,0.20164750002489235
588,0.5319243253288477,0.9064057073858272,0.20122755719398108
589,0.5315821331037885,0.9063020678734429,0.2010504477942831
590,0.5316234284788499,0.9063132050473857,0.20088603848668576
591,0.5315785422170127,0.9063378275019929,0.20075092419904184
592,0.5315738437843378,0.9062983285807422,0.2004271682758108
593,0.5316321717286508,0.9063493605106203,0.20004399886077315
594,0.5316633226837502,0.9062537606696951,0.20008627532223733
595,0.5314761761204612,0.9062285233262575,0.19979731379004145
596,0.5315794333459217,0.9062548482543141,0.1998462942726822
597,0.5316262973064582,0.9062850738833894,0.19980398701023316
598,0.5316044801280625,0.9062556283945178,0.1996107465432648
599,0.5317930403085254,0.9062716424054976,0.19959594859166815
600,0.5317382018987523,0.9062909998744935,0.19940570654828338
601,0.5316865663141329,0.9063169635553623,0.19926545259431067
602,0.5317135989998933,0.906269613272357,0.1992053465664505
603,0.5317903666434777,0.9062715117416212,0.19903528531344195
604,0.5318638098189713,0.9062841630793091,0.19900333589943425
605,0.5320098688570731,0.9063149728527734,0.19884079061919904
606,0.532010184653597,0.9063638372995239,0.19859099660871943
607,0.5321769946002183,0.9063698939545045,0.1984237864322675
608,0.532326348040321,0.9064466167083327,0.1980241454000599
609,0.5323867624259376,0.9064204070719317,0.19785629382701111
610,0.5324276791303291,0.9064328893151913,0.19761252132356852
611,0.5325782954652624,0.9064625038984913,0.1974286987804999
612,0.5326014039059325,0.9064542413298311,0.197340176954249
613,0.5326262224610135,0.9064468088610922,0.197252192357907
614,0.5327756319263934,0.9064510093204157,0.19709752802809466
615,0.5330026421312516,0.9065731339282674,0.1964851379368941
616,0.5331628844411475,0.9066030482698723,0.19623258371666516
617,0.5332458474355454,0.9066171830268639,0.1960971085681985
618,0.533388205451041,0.9066460020977394,0.19604666202232376
619,0.5333598267601123,0.9066253418330339,0.195908532753362
620,0.5334087401850186,0.9066054540224218,0.19589370580001322
621,0.533504459651127,0.9066512670833506,0.19578473148189898
622,0.5336421055217208,0.9066462249949404,0.19566283824244954
623,0.5336505855669115,0.9066446262839811,0.1956463103799639
624,0.5337176428833232,0.9065965880940966,0.19555110521684121
625,0.5338355493785822,0.9066078828333023,0.19538342456157207
626,0.5340506710698328,0.9066118104357073,0.19521104778322076
627,0.5339805408262267,0.9066065339209303,0.1951635111668394
628,0.533995697589954,0.9065539186523137,0.19513336246610988
629,0.534316633820809,0.90663040313672,0.19481190032912252
630,0.5341661910131413,0.90650458535283,0.19470248758160483
631,0.5342604103793243,0.9065174250002224,0.19454942716579512
632,0.5343799398968205,0.9065364289081406,0.19435695136276682
633,0.5343881558814061,0.9065664815997323,0.1942112190816535
634,0.5345419306593603,0.9065718426617234,0.19406557140055009
635,0.5346379478209595,0.9065699710938455,0.19400006301192885
636,0.5348117591109465,0.9066193774113778,0.1938693526666552
637,0.5349602283168859,0.9066357449834352,0.19371057816036136
638,0.5348472921571089,0.9065731685157642,0.19363359292068327
639,0.5349081555684049,0.9065823649468356,0.19340468921788906
640,0.53514475743345,0.906689551599161,0.1931332671795911
641,0.5351984137204405,0.9066907698476564,0.19306493599465763
642,0.5354984228207542,0.9066770847281221,0.19273729413196847
643,0.5357020735751592,0.9067129135316656,0.1926806451690511
644,0.5355895633790675,0.9066721925188643,0.19260533926067513
645,0.5358336540342906,0.9066925069086027,0.19236049085767118
646,0.5358433779304123,0.9066974836650747,0.19232483904910397
647,0.5359172488532739,0.9066790254709935,0.1920226604580575
648,0.5359029650386021,0.9067315408201752,0.19188529541035296
649,0.5360045880804325,0.9067924071282863,0.1917155849445831
650,0.5361638013364202,0.9067982062985691,0.1916266089105816
651,0.5364417623099713,0.9068104810168485,0.1914336658313051
652,0.5363547882252679,0.9067507676252945,0.19143460168903828
653,0.5363136976822587,0.9067282319496559,0.19145307283675872
654,0.5364806747588815,0.9067672235876213,0.19128446541024774
655,0.5366303323849316,0.9068294234358837,0.19102211293842744
656,0.5367959745734401,0.9068920613924377,0.1908871802358516
657,0.5368001745888373,0.9069192625370779,0.19074155046171992
658,0.5369356065581933,0.9070451917695685,0.19066683593680703
659,0.5370620540480574,0.9070976187284807,0.19049623774962765
660,0.5370749771392811,0.9071105736675288,0.19031413636297648
661,0.5370702135815735,0.9070819736507992,0.1901534863420335
662,0.5370774516016461,0.9070756364527897,0.1901007973966385
663,0.5370726071324464,0.9070237821091008,0.18999546799800737
664,0.5371794549802281,0.907046267825022,0.18707865578831995
665,0.5373795786428703,0.9070681732396092,0.18679472822242144
666,0.5374866750546182,0.9070680425757327,0.18659355802711244
667,0.5373878805925241,0.9070633809497863,0.1864731775035064
668,0.5375962415588211,0.9071632926986356,0.18620109302453383
669,0.5382966678495735,0.9075803833215432,0.18406154741819905
670,0.5382770095948435,0.9075843839419968,0.18380297719039357
671,0.5381794328376047,0.9075035875496664,0.1837735023471715
672,0.538134153728818,0.9074945064102506,0.18371318872892137
673,0.5381717235319241,0.9075429096903782,0.18356209229206136
674,0.5381321530967356,0.9075101707032082,0.18348954287011537
675,0.5381333203799191,0.9075330330385379,0.1835074955885709
676,0.5381329031728347,0.9075464645164296,0.18346597636694748
677,0.5380972283308778,0.9075659219048604,0.18337440539068514
678,0.5385970267736135,0.9077002213115565,0.1830389985542901
679,0.5385027399173961,0.9076492700858375,0.18287426849612587
680,0.5386605080964519,0.9077430252602711,0.18245185752962556
681,0.5388003193177573,0.9077208277734893,0.18235573666616467
682,0.5389038300518209,0.9078186181558733,0.18207257371619154
683,0.5390754796581909,0.9078912173114817,0.18191196751895175
684,0.5391583088379677,0.9079082228307008,0.1817899885751328
685,0.5393346173834223,0.9079171579340194,0.18160353353977568
686,0.5394030482987615,0.9079106362693606,0.18150592486417894
687,0.5393831786211942,0.9078647040737208,0.18138939322758477
688,0.5393838883929217,0.9078835158288795,0.18141295839230775
689,0.5394506347626198,0.9078437632659864,0.18138808795468184
690,0.5395393446414298,0.9078554538398766,0.18131668663350806
691,0.5397314920947168,0.907934094278245,0.18112908337334857
692,0.5396278666014361,0.9079037610436244,0.1810344899805669
693,0.5396627418946943,0.9078842767538072,0.18092065687376746
694,0.5395801717657137,0.9077431174935957,0.179178754833689
695,0.5394847386295899,0.9077035916709588,0.17914663483375756
696,0.5395419810094346,0.9077411998090555,0.17884247560083227
697,0.5394968247883082,0.9077508189761979,0.1789309395255687
698,0.5395695377966414,0.9077846148035454,0.17896018224281945
699,0.5395663106751674,0.9077434748977284,0.1787610715379091
700,0.5395349101677,0.9077273302228721,0.17865577036928484
701,0.539813442303625,0.9075819781894474,0.17731583312256002
702,0.5398060643554297,0.9076159738556648,0.17721381850184442
703,0.5398656801981808,0.9074978191238251,0.17684653848185064
704,0.5398833795920058,0.9075230564672627,0.17673878785198158
705,0.539957779628251,0.9075156239985238,0.17675846511589507
706,0.5400556664681927,0.9074732081983835,0.1765964181412094
707,0.5401464606214965,0.9075479902093404,0.1764475690679253
708,0.5399874988960155,0.9073941680822752,0.1760666380297165
709,0.5400833286673582,0.9074047518562706,0.1760005706906036
710,0.5403665626357903,0.9074756101078777,0.17582905428310378
711,0.5403729442127397,0.9074515679546044,0.1758318461470988
712,0.5404212503808018,0.9073743456036013,0.17576256964643472
713,0.5399324390517543,0.9073073342502402,0.17567221266011987
714,0.5401125096384314,0.9073130873038607,0.1755321334656671
715,0.5402363443546699,0.9072520864888179,0.1754855834784093
716,0.540344661752017,0.907240603439908,0.1753941639678482
717,0.5402944820600737,0.9071849329424146,0.17537761245264308
718,0.5403076238424089,0.9072382053734689,0.17522765629460538
719,0.5404072551834137,0.9072499343779111,0.1751436111276413
720,0.5406715515259974,0.9073245319222188,0.1747419381254249
721,0.540688145858987,0.9073639347670897,0.17456321478509348
722,0.5404992807881737,0.9073248124652478,0.17444994562206143
723,0.5406748738465046,0.9073848179289962,0.17419807779565308
724,0.5406518823327917,0.9073468331714908,0.17413878630116617
725,0.5407614428436095,0.907307311191909,0.17410282527006118
726,0.5407989526141955,0.9072794721001072,0.17397796024897041
727,0.5408794514976871,0.9072627855544689,0.17396175178566856
728,0.540939301137824,0.9073349004851234,0.17364761961192618
729,0.540939301137824,0.9073349004851234,0.1737266078649913
730,0.5411422197089023,0.9074055704270262,0.1735641848713123
731,0.5410608334320632,0.9073555607498289,0.17341900502468166
732,0.5410772982194408,0.9073019001702005,0.17333510568510768
733,0.5412547706817045,0.9072738996700807,0.17320808091309156
734,0.5412046052524565,0.9072548381163344,0.17317326097890315
735,0.5412069962540941,0.9072385973650984,0.17318068112669044
736,0.54109350683009,0.9072300042936918,0.17313304419483536
737,0.5411865472613598,0.907181331999701,0.17303727564826513
738,0.5413020522124217,0.9070794987232563,0.17254190072398976
739,0.5413321172248066,0.9070783611789199,0.1724051487654876
740,0.5413904326452268,0.9070814202508517,0.17232506811422235
741,0.5413765484390635,0.9070978800562337,0.17222303664268415
742,0.541435917298247,0.9070999706782575,0.17209956591881131
743,0.5415474224390658,0.9071298004726481,0.17195656315349137
744,0.541542637954685,0.9071338971694815,0.17197583267591354
745,0.5415359147170842,0.907108563749664,0.17191090399189182
746,0.5416184899888993,0.9071287935921881,0.17175176514883503
747,0.5416571829463648,0.9071273024867741,0.17164474239665178
748,0.5417189966802156,0.9071219260525623,0.17158400013498112
749,0.5416984198802094,0.9070707942032493,0.171591348049114
750,0.541827254173846,0.9071218607206241,0.17147313528059582
751,0.5420120280430282,0.9071101663036786,0.1712572983591726
752,0.5418875689228485,0.9070374633855799,0.17073235684532145
753,0.54187671457106,0.9070585117988597,0.1689349276191594
754,0.5418794435383141,0.9070041940567936,0.16893034911982058
755,0.5420061423993081,0.9071557641535168,0.16842187584723986
756,0.5419685853566787,0.9071658137428407,0.16832951458445644
757,0.5420303639991043,0.9072029722434801,0.1682792863019496
758,0.5419121117746336,0.9071487928514008,0.16826374517931594
759,0.5420236382076205,0.907224689348363,0.16802353087529795
760,0.5419833941016993,0.9071584888796471,0.16769058963162603
761,0.5419980537261277,0.9071330171098428,0.16755794113495193
762,0.542108586473954,0.9071192436000391,0.16756532478752487
763,0.5422068517568356,0.9071377786552242,0.1675643181010027
764,0.5423151662398014,0.9071601759808758,0.16751161418511956
765,0.5423747968129335,0.9071465254488383,0.16745786885848682
766,0.542486297177232,0.9071146857365829,0.1673947694835076
767,0.542427269521235,0.9070891678501163,0.16727390576708862
768,0.54206822341802,0.9071829883564881,0.16557386950567818
769,0.5420961344008225,0.9071822082162845,0.16545523348562316
770,0.5421556124626652,0.9071738265129135,0.16529207515029784
771,0.5422216386861345,0.9071858130020534,0.16507128648173655
772,0.5422729977251604,0.9072081757402084,0.16477767502550986
773,0.5424961944293087,0.9073320988978893,0.16405116760468202
774,0.5426134357997137,0.907363619636564,0.1639051229744515
775,0.5426752297710682,0.9073377366598543,0.16379332609393016
776,0.5426424656219705,0.9073090943695176,0.16366084587433405
777,0.5426941648520601,0.9073387896569765,0.16356383378004535
778,0.5427789867207788,0.9073758136506842,0.16346701951306
779,0.5428904912327097,0.9073503995267078,0.16332777923078878
780,0.5429623868947187,0.9073204774989926,0.16319563622034222
781,0.5429545963987319,0.9073237325667391,0.1631537043741584
782,0.5429632305712204,0.9073182715853131,0.16325177240644617
783,0.5431082809930011,0.9073335938463586,0.16315669537608615
784,0.5432656230265167,0.9074728623234163,0.16291215565280698
785,0.5432446014992868,0.9074809212101513,0.16268478003107123
786,0.5434909727998734,0.9074320567634009,0.16242499246355152
787,0.5434950212264444,0.9073847487540028,0.16242638855122804
788,0.5434801623274564,0.907301023953617,0.16241033035192814
789,0.5434368501454846,0.9073028071312255,0.1623776889039962
790,0.5434959097452119,0.907285148292624,0.16229605782373793
791,0.5435143872355958,0.9072912510642669,0.16229402236552787
792,0.5435154220467124,0.9072984068330321,0.1621826965856407
793,0.5438036948443488,0.9074131489318624,0.16107639019893288
794,0.5436327034478529,0.9074115617500687,0.16098934577479895
795,0.5438001016794928,0.9074326178494587,0.16088285598026786
796,0.5440071533130201,0.9075290132028084,0.16063600230225186
797,0.5440540859763834,0.9075252854392734,0.16047825599615873
798,0.5439993187953363,0.90745420044741,0.1604896059062058
799,0.5440115762074181,0.9074520982962206,0.16050811015443034
800,0.5441894052563568,0.9075227912964546,0.16039888299983224
801,0.544594256315117,0.9075205046786161,0.16016755821583437
802,0.5445896664836108,0.9075184409579786,0.1601560929036383
803,0.5446733979205524,0.9075337171023619,0.15998854614501157
804,0.5446420487441418,0.9075693037934283,0.15990134703137626
805,0.5446260477952058,0.9076166079597713,0.15972320284370728
806,0.5446198381637333,0.9076219190620449,0.1597299650248845
807,0.5446351290706382,0.9076949294245589,0.1596941344719987
808,0.5447905232726437,0.9077197709333119,0.15965951359624062
809,0.5448968716286091,0.9077891957253328,0.15947696456296115
810,0.5448959167686218,0.907754024084227,0.15932857784675475
811,0.5448705603172271,0.9077197094444288,0.1592975498378509
812,0.5449153102268093,0.9076199552608424,0.158149301314
813,0.5450940436863092,0.907606731307931,0.1580120796734855
814,0.5451590168198815,0.907628044892019,0.15798621142485397
815,0.545138382836931,0.9075930346592311,0.15800484536478349
816,0.5450145639183427,0.9075668019644991,0.1579678577100416
817,0.5450333193679916,0.9075880425305384,0.15784379432336873
818,0.5450335734486724,0.9075786078300451,0.15775193278195504
819,0.5450901983059602,0.9075902330719972,0.15762371932522312
820,0.5451176150930265,0.9076447160654364,0.15752300383028495
821,0.5450307937214398,0.9076160853042653,0.15742220608062
822,0.545057432460465,0.907624478536802,0.15732358317789955
823,0.5449616056171053,0.9076030804054999,0.1571844226404379
824,0.5451116365542227,0.9076543621339652,0.15702866534934212
825,0.5450822305114096,0.9075918894287843,0.15702646398432232
826,0.5454159768653677,0.9076325527957577,0.15680201672948388
827,0.5455427303542038,0.907688830495971,0.156315856880616
828,0.5454845112713896,0.9076649689662917,0.15631332438061654
829,0.5454633488797641,0.9076331868998642,0.15626134728480026
830,0.545371187379988,0.9075817399200256,0.15621450881548768
831,0.5453660385288424,0.9075872431750587,0.15616367401340206
832,0.5454057204129139,0.907621215782945,0.15594567331560397
833,0.5454606738010611,0.9076408883824665,0.15589263560976643
834,0.5455200211395913,0.9076551922338865,0.15588291105548707
835,0.5455809240096967,0.9076629359900958,0.15586771554133605
836,0.5454327017303435,0.9076517373272699,0.1558738300105818
837,0.5453670931330512,0.9076207084996598,0.15588320138254538
838,0.5453087356304551,0.9076317688124987,0.1557139369597286
839,0.5451863909011881,0.9075980690615311,0.15570460897844624
840,0.5452739299851642,0.9076595079848656,0.15541925577994234
841,0.5451630479909555,0.9076481671289978,0.15543013419324989
842,0.5455875014482142,0.9076131030934373,0.15313848270302194
843,0.5456280773928001,0.9076196209150408,0.15307598700314926
844,0.5457541125495453,0.9076285560183593,0.15300951293354592
845,0.5457720643717714,0.9076349854496935,0.15292016106042966
846,0.545875562293169,0.907675633444446,0.15274066506393152
847,0.54579457829083,0.9076678051410225,0.15228545176971192
848,0.5457910378258136,0.9076365572592665,0.1522970515547798
849,0.5459259152185307,0.9077420375950871,0.15222435108848845
850,0.5460942399920963,0.9077766827376317,0.15217132523519725
851,0.5464210684846657,0.9077826010426255,0.15157672530705824
852,0.5464147129713727,0.9077609646419016,0.1514882281940791
853,0.546570966209159,0.9078196749960507,0.15143148817127752
854,0.5465789611330201,0.9078213659403346,0.15138660963481704
855,0.5466943810177991,0.9078555768176427,0.1513225868688718
856,0.5466757515153678,0.9078308544436006,0.15120885104641724
857,0.5466797297524815,0.9078007287339602,0.1511119097552141
858,0.5466511963878693,0.9078195942918916,0.15104784552419703
859,0.5465898945185667,0.9077399508161185,0.15069475191811396
860,0.5466403509107919,0.9077371300136085,0.15061604243061952
861,0.5466093753155178,0.9077406771535496,0.15052192128459982
862,0.5464245408058007,0.9077225840497115,0.15051229171706493
863,0.5466638684551908,0.9077824819079146,0.15033059140886723
864,0.546571413977655,0.9077149517421027,0.15037947287877826
865,0.5465215157709645,0.907696243749434,0.15034243907573283
866,0.5465375231583846,0.9076857906393152,0.15031238424963914
867,0.5463188251970754,0.9076655646398463,0.1494720114418232
868,0.5463217172709494,0.9076746611514828,0.14935124025771487
869,0.5463816342703973,0.9076699687810948,0.14925111501353217
870,0.5463383412745251,0.9076218076134444,0.14925464834827773
871,0.5466082072755011,0.9076741769265287,0.14911986544491646
872,0.5466790281947442,0.9076552921533214,0.14909166880511915
873,0.5467865746304461,0.9076298818724001,0.14901444983205536
874,0.5467948461656645,0.9075604148067721,0.14895004958589186
875,0.5467710707812365,0.9075654607382375,0.14892336532317704
876,0.5467365355861955,0.9075344972425656,0.14884477700422782
877,0.546879868179267,0.9075108048073146,0.14877961371809606
878,0.546837090736823,0.9075067273257572,0.14879253126473097
879,0.5469628065698944,0.9075476942940907,0.14871592960037505
880,0.5468115448585882,0.907499248740356,0.14863675872673002
881,0.5467079263661347,0.9075461186414625,0.14856858572464043
882,0.5466341238662624,0.9075264691002721,0.14848059235221792
883,0.5467525887013973,0.9075121383474658,0.14841907687254052
884,0.5468786029912689,0.9076038182720965,0.1466076575594649
885,0.5468521399077164,0.9075806331201306,0.14662249449084352
886,0.5469001134725799,0.9075452462679342,0.14667522662779955
887,0.5470625622398461,0.9075382557505421,0.1464984761189967
888,0.5471359844059668,0.9074942681408288,0.14637892468724034
889,0.547199746574487,0.9075552228392093,0.14629929284956933
890,0.5471848102728158,0.9075222033090105,0.14631559031847988
891,0.5471184659142951,0.9075273606890764,0.14623522107692252
892,0.5471483056094103,0.9074859632985616,0.1462340603578075
893,0.5470723785573076,0.9074150819886233,0.1461521632867362
894,0.5471048686962197,0.9073897062951988,0.14600843432236785
895,0.5471209094774168,0.9073818741487201,0.14589527634205232
896,0.5471381596340914,0.9074146669386628,0.1458363983221231
897,0.5470614347031713,0.90737139798027,0.1457092270725788
898,0.547255543418439,0.9073800563836149,0.14554267074016633
899,0.5473356585313087,0.907301608098006,0.14544308258209973
900,0.5472916961633283,0.907250495463969,0.14542846059971745
901,0.547497342172069,0.9072795105306591,0.14555375084696087
902,0.5477135776789539,0.9073459338965761,0.14540695858536942
903,0.5475819574982006,0.9072850752745754,0.14524023764725627
904,0.5476445288771672,0.9072625549711575,0.14512805393483869
905,0.5476481189380179,0.9072813206096539,0.14504797511155407
906,0.5477931861394628,0.9073062927822835,0.144894413329634
907,0.5478574674808877,0.9072886915895099,0.14486340553921445
908,0.5479196659253588,0.9072929496946612,0.14481087305506735
909,0.5480804678694182,0.907309324952829,0.14460908660814734
910,0.5480907444281496,0.9073149473425731,0.14460482773075503
911,0.547971357439549,0.9072829539081101,0.14458473315574102
912,0.5479262860365346,0.9072079489999522,0.1445662387790879
913,0.5480523675053312,0.9072803214153043,0.1443770259308028
914,0.5481143888030134,0.9073318337270813,0.14426008806620755
915,0.5481420764477958,0.9074071268643785,0.14413810019267032
916,0.5481558530988984,0.9073265648984147,0.1440702786083776
917,0.5481271490216635,0.9073200278615352,0.14407130699011222
918,0.5481619651204028,0.9073196089685195,0.14405507395344289
919,0.5481835630050146,0.9073257501707143,0.14397119834157407
920,0.5481533060440883,0.9072871082507713,0.14396618036649445
921,0.5481349658175309,0.9072837033038722,0.14393797744240042
922,0.5482114217545623,0.9072582392201783,0.14386857149953516
923,0.5481080621412733,0.9072381438845859,0.14382560288872745
924,0.5485111623686046,0.9071935682874283,0.14366467460876417
925,0.5486353880851278,0.9072115499426658,0.143512888924295
926,0.5486235850328901,0.9071412335618406,0.14350305984857084
927,0.5487294223081272,0.9071821275121255,0.1434654599682461
928,0.5487035530692277,0.9072098282539404,0.1434164744887118
929,0.5490537029738662,0.9073388857333563,0.14229842087276487
930,0.5489981721274717,0.9073113771443009,0.14220412342235542
931,0.5489801728452058,0.9072938912431829,0.14207797715538503
932,0.548762246662169,0.9072091172887301,0.14204299508592969
933,0.5487256595238991,0.9071596225809284,0.14208005885443303
934,0.548761038153724,0.9071286052824838,0.14207140224139778
935,0.5487673526142218,0.9070527779605151,0.1420177818421678
936,0.5487173561122408,0.9070532929299107,0.1419652673189743
937,0.5486579235457875,0.9070050741164323,0.14187142985380813
938,0.5487145580478383,0.9070426361378666,0.14179974512236557
939,0.5487685639950327,0.9070176178485748,0.14175390914197325
940,0.5487492664628785,0.9070504682843454,0.14165605660065878
941,0.5488621618233356,0.9070691301603517,0.14153347324080287
942,0.548899997649802,0.9070831957423499,0.1414772581226067
943,0.5488948654216124,0.9070503376204689,0.1414399582476798
944,0.5487614830879447,0.9070382435257837,0.14146000524515281
945,0.5488128916966584,0.9070657982315014,0.14135537217438254
946,0.5489328962000656,0.9071155312087249,0.14118299093710274
947,0.5489001042703592,0.9070615516555155,0.14117234602620735
948,0.5488575166811714,0.9070727964350037,0.14113584499678025
949,0.5490270962154841,0.9071775965500556,0.14110351105525246
950,0.5490145970870117,0.907178814798551,0.1410358846602336
951,0.5486749992434184,0.9071035331904194,0.1410150694955184
952,0.548704634614341,0.9070836031062001,0.14094274425942777
953,0.5488015201469254,0.9071763859876705,0.14078914354079825
954,0.5488222228399066,0.9072094401053661,0.14072960373115873
955,0.5488267090876876,0.9072149933201168,0.14068057953432997
956,0.5490169089293431,0.9072670744040618,0.1405259501486192
957,0.5489921106191605,0.9072444849256506,0.14039967447991497
958,0.5489724481982111,0.9072225295513459,0.14036276853581586
959,0.5489344074219288,0.9071394619133977,0.1402705771825946
960,0.5489077456054198,0.9071401229188905,0.14014748908196067
961,0.5488217557942362,0.9071869505463899,0.14010766245988857
962,0.5488624594395697,0.9071830959620335,0.1400636826747429
963,0.5488164247034509,0.9071361722581543,0.1400392852510037
964,0.5489551382764789,0.9071247122675756,0.1399472240440654
965,0.5487082461986096,0.9070420289351465,0.1399350334938259
966,0.5486549455271882,0.9070211150287985,0.13995579171511777
967,0.5486824800739543,0.9070334666081815,0.13960993876347685
968,0.5486529021053901,0.9071116381938167,0.139023860988511
969,0.5487627473247447,0.9071001244004652,0.13868702139292338
970,0.5487302186031148,0.9071320563460451,0.13862668569411715
971,0.548897188331706,0.9071682387106661,0.13851709646589638
972,0.5489735924163557,0.9072118420148604,0.13829895150876226
973,0.5490802081715952,0.9072517598291266,0.13821143130771812
974,0.5491107293781152,0.9072447424103484,0.1381213001809254
975,0.5490657378770073,0.9072309227838824,0.13814339571973253
976,0.5490090742985827,0.9071925537208579,0.13807176035493854
977,0.5489708758773263,0.9071400537438971,0.13807460648094708
978,0.5489856217845857,0.9071398846494687,0.13805836346423822
979,0.5489190087032986,0.9071109771883238,0.13797997624862823
980,0.5490181425728767,0.9071079142733368,0.13788061149780087
981,0.5489001052274664,0.9070612903277626,0.13784449555827333
982,0.5488934046782203,0.9070872501655761,0.13782632444682713
983,0.5488944207317518,0.9070943329162927,0.13778942494013474
984,0.5494166992806712,0.9073539812541456,0.13689954550502598
985,0.5493072473381576,0.9073452190883107,0.1368445046615877
986,0.5493115601154335,0.9073351156962142,0.13678688887652787
987,0.5492873145498421,0.9072920235183602,0.13670954233727506
988,0.5495028457759543,0.907283818595528,0.13662230674125528
989,0.5494908072076337,0.9072493540765773,0.13659956639977489
990,0.5494644261458226,0.9072537044150533,0.13651699923613286
991,0.549453553631167,0.9072358188361954,0.13644688583970777
992,0.5494614546868474,0.9072210960917597,0.13641105317966526
993,0.5494095866457166,0.9071802982178546,0.1364241565774644
994,0.5494897554099456,0.9072011122047677,0.13638352598496442
995,0.549555311509998,0.907219247582213,0.13632129482755329
996,0.5497293607469225,0.9072234480415364,0.1362139297724045
997,0.5497497065879698,0.9072195627127385,0.13618431111606175
998,0.5498415597837378,0.9072010622450503,0.13614647555706158
999,0.5496292650748335,0.9071374827399744,0.13602116436370604
1000,0.5496784501269003,0.9071277329089555,0.13597088764834292
1001,0.5495909459782267,0.9071022342377648,0.13593929057023338
1002,0.5496329838412086,0.9071573743936417,0.13513840858555845
1003,0.5497551074018853,0.9071860589575855,0.13504128616637168
1004,0.5498318560645742,0.9072007317423039,0.13499001965872054
1005,0.5498114435175864,0.9071984835550173,0.13493148868945815
1006,0.5497469473503461,0.9072000937951422,0.1348672995781436
1007,0.5498213061834821,0.9071759978390962,0.1347671767389535
1008,0.5498151264062336,0.9071642227179917,0.1347162108715027
1009,0.5499801656626301,0.9071905707043795,0.13464267891036447
1010,0.5502388024430201,0.9072271181592436,0.13460762310899033
1011,0.5502154790876318,0.9072116268037697,0.13462420667309072
1012,0.550337832465952,0.9072414873426018,0.13457526886107485
1013,0.5503265272036354,0.9071170838030219,0.1343712694960214
1014,0.5504105317240359,0.9071296851809925,0.13425829970214093
1015,0.5501748841514277,0.9070001703780088,0.13389914613185347
1016,0.5502319947483097,0.9070841565061476,0.1337061146236652
1017,0.5502770511010101,0.9071587732657312,0.13360737538535533
1018,0.5502352845404528,0.9071093861634748,0.1335437082686559
1019,0.5500996301724134,0.9070344581164207,0.1335047905180264
1020,0.5500795756553216,0.9069922498412607,0.133475437596674
1021,0.5500532386140268,0.9069678425977442,0.13353598333066835
1022,0.550175633676436,0.9069034752663543,0.13349030776795137
1023,0.5501276633235387,0.9068983755321162,0.13349244971451557
1024,0.5501262583046649,0.9069070992673992,0.13343315851690832
1025,0.5502059068059879,0.9068607712370746,0.13339978940812625
1026,0.5502508844400094,0.9068814968337183,0.13341825051076336
1027,0.550264699131499,0.9067955930210394,0.1333446719218728
1028,0.5503394279718409,0.9068204114714613,0.13319400097551348
1029,0.5503183041605019,0.906793529300402,0.13312835237778664
1030,0.5502959896651497,0.9067111149818363,0.13306754542952
1031,0.5505025912389953,0.9067591954453278,0.13294857878283434
1032,0.5504557320608766,0.9066151077770609,0.13291937639830861
1033,0.5503627285768758,0.9066213796431322,0.13291770546857706
1034,0.5502918313674157,0.9066127212397874,0.13293574674981007
1035,0.5505982833912411,0.9066662204110979,0.13280090323982507
1036,0.5505961359450185,0.9066473317948354,0.13275490953092772
1037,0.5506799022624981,0.9066906699282214,0.13263008168585422
1038,0.5506830871286822,0.9067056040406928,0.1325413973214482
1039,0.5506885397086395,0.9067129980788797,0.1324528118243534
1040,0.5507149282212329,0.906712679105299,0.1324395448260621
1041,0.5506952450496685,0.9066866923660991,0.1323915542129936
1042,0.5509531355579582,0.9066937635876501,0.13165951139935328
1043,0.5510249751900282,0.9067266024942551,0.13145439748404947
1044,0.5510493281147857,0.9067659630655187,0.13139301235885453
1045,0.5510144865367277,0.9067642913365107,0.13138259729896312
1046,0.5510777814093791,0.9067680921180944,0.13132861685787806
1047,0.5511743744908434,0.9068037595133198,0.13126366065682427
1048,0.5511822988844521,0.9068090437142071,0.13121991620372547
1049,0.5513562130689427,0.9069117801086215,0.13110428588863735
1050,0.551463305897993,0.9068907816550592,0.13099353394379135
1051,0.5515111981478167,0.9069217144062895,0.1308874871966674
1052,0.5514015941033397,0.9068655788991182,0.13075864813784582
1053,0.5514899506685179,0.9068926378507164,0.13068337746652076
1054,0.5515995415424991,0.9068810318240402,0.13068600936937866
1055,0.5516996276476622,0.9069030333150073,0.13050390872243112
1056,0.5515101462878604,0.9069133941918016,0.13041195573839495
1057,0.5513207421597757,0.9068504949074946,0.13034307075068208
1058,0.5513329358887968,0.9068194699229396,0.13026382341736348
1059,0.5514082693031914,0.9068859893652363,0.13011134202041186
1060,0.551412613203285,0.9068414521986307,0.130112091350778
1061,0.5515217260438855,0.906870205937568,0.13005483445215593
1062,0.5515775622225869,0.9069397421781894,0.1299545267375586
1063,0.5516211214290531,0.9069566823654702,0.12992971076794538
1064,0.5516088254455013,0.9069325748802587,0.1298740057340554
1065,0.5515142632992985,0.9069072645187723,0.12985498741868412
1066,0.5515252593737469,0.9069143549555994,0.1297666389035358
1067,0.551420778393707,0.9068789834756236,0.12971398611405302
1068,0.5515418495451414,0.9068837988237776,0.1295463283485317
1069,0.5514565191257534,0.9068105847793386,0.1295154640870518
1070,0.5516060413599407,0.9068130135902192,0.1294319834316696
1071,0.5515618679417715,0.906793106564331,0.1294157439221534
1072,0.5515205460790503,0.9067443036064636,0.12946609571148676
1073,0.5516429817658408,0.906795685254364,0.12928809526003396
1074,0.551772357473217,0.9068787951659193,0.12921070325687545
1075,0.5519455325951418,0.9069829304324231,0.12910719027988765
1076,0.5519094700180994,0.9070139823183644,0.12910344034307616
1077,0.5519762113870792,0.9070388661007245,0.12901876943330798
1078,0.5520676353178705,0.90702547689644,0.1289744033798341
1079,0.552141311408,0.9069973611046643,0.12889376948400783
1080,0.5521038534956371,0.9069697372239532,0.12884402996622565
1081,0.5521604214393477,0.9069346924036688,0.12879784250001675
1082,0.5521155831465834,0.9069252692323411,0.1288096985448118
1083,0.5521052322884197,0.9068968267808742,0.12878376972148547
1084,0.552195329150225,0.906886365984645,0.12874863533045391
1085,0.5522470094164431,0.9069292929111258,0.12862106086443276
1086,0.5522038022042569,0.9069714320112924,0.12854252329387755
1087,0.5525142161911083,0.9070334204915192,0.12824497949707314
1088,0.5525325041973524,0.9070011772584688,0.12820734167719755
1089,0.5523855764344787,0.9069651832035522,0.12819083973592457
1090,0.5524088215486113,0.9069658711104314,0.12820087856045262
1091,0.5524732647411283,0.9070089671313405,0.12798860303804147
1092,0.5524615456737839,0.9069800904146371,0.12793634741241788
1093,0.5524774055726172,0.9069941675258009,0.12783015372317683
1094,0.552707013225037,0.9070510985453967,0.1272794678890503
1095,0.5527658598800904,0.9070378131036022,0.1271841592368043
1096,0.5530237842458285,0.9071503569748635,0.12702364185822287
1097,0.552990918495131,0.9071398231605856,0.1270130840177446
1098,0.5530305054302321,0.9071583735879913,0.12697365073177788
1099,0.5529564204726164,0.9071458452280695,0.12695958675912997
1100,0.552886048238719,0.9071769931903906,0.12691358390196605
1101,0.5529791710486275,0.9072099473886513,0.12679724160301803
1102,0.5529683325921146,0.9071680734592928,0.1267984009749042
1103,0.5529905817013065,0.9071494922874456,0.1267138399170054
1104,0.55326479186312,0.9072044402905629,0.1266286756116331
1105,0.553351715109224,0.90709760335626,0.12648016283958088
1106,0.553451168113307,0.9070736265349248,0.1264062440399122
1107,0.553486103656592,0.907053058503544,0.1263712485349976
1108,0.5535282028347821,0.9070871925197482,0.1262746902755627
1109,0.5534258074422659,0.9070300693473929,0.12628581045425377
1110,0.5533923634187556,0.9070175563596918,0.12626839510680965
1111,0.5533838557549213,0.9069814008964572,0.12625439147237746
1112,0.5534900489189182,0.9069671546908651,0.12620190077865798
1113,0.5536990079328167,0.907045080320968,0.12610044533666162
1114,0.5537791586429617,0.9070995633144073,0.1259228519011111
1115,0.5539287527684508,0.9072289551396248,0.1257318829199089
1116,0.5538875147545801,0.9072339280530416,0.12568232865299558
1117,0.5539701515417225,0.9072072495639074,0.12562881346494384
1118,0.5540687981692834,0.9072715477203039,0.12525532594382735
1119,0.5540093194722612,0.9072850368440234,0.12522543622791837
1120,0.5537236210113711,0.9070991521075019,0.12496892780881359
1121,0.5536095070039468,0.9070529432118882,0.12493181045618179
1122,0.5536299956081593,0.9070267527907633,0.12496085247123546
1123,0.5536111913913596,0.9069655559799057,0.1248928676377866
1124,0.5537853470333173,0.9069857243335467,0.12481154748256902
1125,0.5538399218389483,0.9069933220536589,0.1247652035569359
1126,0.5538411164435291,0.907013813223936,0.12470352400141484
1127,0.5539028841943434,0.9069900208692501,0.12460643989414544
1128,0.5537891423745087,0.9069378437089252,0.12457294175058664
1129,0.5538329948665599,0.906942935757053,0.12454030698214125
1130,0.5537800421384649,0.9069097202310392,0.12451235903322824
1131,0.5538723659977292,0.906951298245148,0.12453818180114462
1132,0.553868212294567,0.9069129022807372,0.12452179442826448
1133,0.5540017876017159,0.9069453299804368,0.12444648402700781
1134,0.5539950698193197,0.9069082252825701,0.12440780832949296
1135,0.5540919411537397,0.9069571665904242,0.12439028361305884
1136,0.5540488949868237,0.9069658134646035,0.1243913124146513
1137,0.5540468520892509,0.9069600373526517,0.12432970839566544
1138,0.5542239785304468,0.9070311953625638,0.12423845638975328
1139,0.5542483904691023,0.907027071764344,0.12420835010164907
1140,0.5543981894461123,0.9070165802236734,0.1240915922101408
1141,0.5543725669680358,0.9069838642948345,0.12404874110706189
1142,0.5545012045900867,0.9069350690230774,0.12397162371694855
1143,0.5545548075748181,0.9069786492689406,0.12391235555843456
1144,0.5544734322419956,0.9069501799160875,0.12389209598526256
1145,0.5544516589351902,0.9068835413390799,0.12388143564172337
1146,0.5545507300416943,0.9068012999579977,0.12380532576206628
1147,0.5545388343197069,0.906710684559655,0.1237952915322024
1148,0.5544228632587627,0.906671420064771,0.12380374321838825
1149,0.5544762494876323,0.9067018993354888,0.12358467224144443
1150,0.5544231721170391,0.9066173213768508,0.12358674620789555
1151,0.5548355412475733,0.9067420707913978,0.12318595226876461
1152,0.555133591893703,0.9067965384126163,0.12288881182871482
1153,0.5551598413983131,0.9067973300819857,0.12283652601030653
1154,0.5551338033395072,0.9067780840615903,0.12281071238449752
1155,0.5551863756156236,0.9067434619773769,0.12279468196979125
1156,0.5553009999698743,0.9067829493694619,0.12250681974374616
1157,0.5550302034274458,0.9067206073281575,0.12249279140429957
1158,0.5550161516145788,0.9067532079653406,0.1223935897601352
1159,0.5551080590481768,0.906732666835346,0.12226263537034081
1160,0.5551093441555721,0.9067525623320686,0.12223526367629678
1161,0.5550705184497007,0.9067412330053662,0.1222343334060623
1162,0.5550036775579871,0.9067045318282946,0.12209770146544387
1163,0.5551009704688646,0.9067028447270657,0.12205690090960038
1164,0.5551515153819401,0.9066898859449626,0.12199113421645523
1165,0.5552431867950197,0.9066904893046275,0.12195492924258836
1166,0.5552465754276857,0.9067137205732556,0.12190481660825359
1167,0.5551030974029866,0.9066908159643188,0.12189096872157863
1168,0.5551860504643649,0.90664389994655,0.1218300371933944
1169,0.5551359395409342,0.9065862387464679,0.12180570014216884
1170,0.5554072958974499,0.9065708434673738,0.12143728964161152
1171,0.5553782106646956,0.9066156073742357,0.12137839774117762
1172,0.5556362163808374,0.906636486693087,0.1213227698123518
1173,0.555723397120629,0.9066477314725752,0.12127430873025474
1174,0.555727580631139,0.9066435848160244,0.12118895673160333
1175,0.5556425138921889,0.9066171100088153,0.12115653845213886
1176,0.5557305028077163,0.9066777380475046,0.12111425838186937
1177,0.5556900657933724,0.906633946433606,0.1210931271994063
1178,0.5557632155534752,0.9065959155594383,0.12103353788686816
1179,0.5557998292334705,0.9066100887469818,0.12099646742366106
1180,0.5557662552472458,0.9066044663572377,0.12098320268739625
1181,0.555858526101738,0.9066186241725604,0.1209190604974223
1182,0.5558801666329712,0.9066804166569725,0.1207775083472872
1183,0.5560001993166889,0.906803198427262,0.12065373871021115
1184,0.5560103122760047,0.9068394576529867,0.12053798533682974
1185,0.5560292049362391,0.90685987196216,0.12047288052847063
1186,0.5561237209110719,0.9068148774719866,0.1204911347648251
1187,0.5560833915383011,0.90679983575397,0.12049945861469108
1188,0.5563819532920573,0.9067949819752641,0.11984426882544466
1189,0.556336682463701,0.9067416518983821,0.11980441237736965
1190,0.5564527074074173,0.9068078254657116,0.11963486187310507
1191,0.5564166418496516,0.9068045588687995,0.1196191011504096
1192,0.556506579157692,0.9068379473322967,0.11944707282004667
1193,0.5564755428315222,0.9068074373171373,0.11940931942487955
1194,0.5564172353631864,0.9068307569760349,0.11933557504174222
1195,0.5562140820387078,0.9067715162802694,0.11933781548543357
1196,0.5562116208808113,0.9067944670058685,0.11926026963879062
1197,0.5563196595160679,0.9068195275687675,0.11921555532744424
1198,0.5563156029017456,0.906894966742162,0.11912763241222506
1199,0.5564194353545795,0.9067829032527995,0.11906064461961655
1200,0.5565211864632622,0.9067731726370566,0.11902026811122661
1201,0.5566012788700279,0.9067736760772865,0.11899463372919725
1202,0.5566210065332754,0.9067439923189932,0.1189634126312374
1203,0.5567689367802523,0.9067490766810106,0.11880583808802808
1204,0.5568036154533081,0.9066950164236423,0.11874340350773735
1205,0.5566748269016628,0.9066804781458556,0.11871236717207867
1206,0.5568355741100073,0.9066969610095688,0.11863779612111475
1207,0.5568325174993447,0.9066637147391136,0.1186551937101855
1208,0.5569338599580353,0.9066660590027799,0.11857932924374083
1209,0.5570800350754455,0.9066672349776683,0.1185360858092573
1210,0.5570003651975224,0.9066359640375811,0.11850621846229688
1211,0.5567337755743217,0.9065550369813742,0.11839632774275811
1212,0.556696385872368,0.9065502024179443,0.1183783414579644
1213,0.5566667821252086,0.9065498488568667,0.11837467184361497
1214,0.556698557610373,0.906522313366425,0.11834093572619715
1215,0.556707351454892,0.9065291732199404,0.11827903887926461
1216,0.5567404486131631,0.9065338502181076,0.1181791773964909
1217,0.556722189483294,0.9065402027883379,0.1182821770792143
1218,0.55673334614651,0.9065317903405253,0.11831407978878188
1219,0.5567583055059153,0.9066168486810623,0.11820338994913734
1220,0.5566554527621104,0.9065389499523457,0.1181636745086263
1221,0.5566149253877326,0.9066232704262861,0.11802017762919322
1222,0.5568096791138384,0.9065389806967873,0.11795509162859596
1223,0.5565893151376433,0.9064880871168961,0.11794723230540961
1224,0.5564902953013323,0.9064448834904416,0.11786143827496438
1225,0.5565937930146522,0.9064714889615273,0.11780397376861713
1226,0.5565711584605398,0.9064013685765168,0.11780878932447898
1227,0.5566318400707267,0.9064220365273327,0.11775359972154271
1228,0.5566526890624518,0.9064175593680354,0.11770055918534582
1229,0.5566846349740754,0.9063731067486439,0.11767659909237553
1230,0.5567440858829779,0.9063570812084986,0.11763762999157623
1231,0.5567345879391097,0.9063438457264216,0.11764217079610106
1232,0.5567290385706538,0.9063493489814547,0.11760397501122741
1233,0.5567377914635306,0.9063635567564949,0.11756969031435126
1234,0.5567146717857976,0.906364283093926,0.11753648716416981
1235,0.556891836470525,0.9064424277781747,0.117364205027733
1236,0.5567820919828651,0.9064191772942707,0.1173467945948695
1237,0.5568671538906228,0.9064416476379711,0.11725287165315851
1238,0.5567851530745426,0.9063959229673114,0.11727024028868169
1239,0.5566711917065252,0.9063617236191689,0.11725034443522012
1240,0.5567121276422466,0.9063513819576506,0.11720478296272216
1241,0.5567106616886803,0.9063584378069809,0.11719017785897946
1242,0.5566878215732397,0.9062947007366422,0.1171714971777623
1243,0.5566730132597391,0.9062845896584353,0.11711369775116098
1244,0.5567265413866228,0.9062700898112006,0.11706761776897795
1245,0.5567994308705657,0.9062943471755647,0.1169751552990375
1246,0.5567870973853865,0.9062277854596608,0.11701253532581243
1247,0.5575512847830866,0.906403409238823,0.11572191081531931
1248,0.5576567756226312,0.9064386269965911,0.11559887287857158
1249,0.5576156121779035,0.9064552136227944,0.1155280471862229
1250,0.5574882838865258,0.9065126519256754,0.11545840277076208
1251,0.5575282677402568,0.9065156725670553,0.11543101941953736
1252,0.5575203855627616,0.9064960652994721,0.1154018849632284
1253,0.5574828355409654,0.9065466783363343,0.11529139079052529
1254,0.5573679485260579,0.9065901317613762,0.11515280200872444
1255,0.5573362172567552,0.9065920340736956,0.11511042804804264
1256,0.5573577057578996,0.9065984827203057,0.11506685461724714
1257,0.5574050178947255,0.90658336029813,0.11500691790472
1258,0.5573828338418877,0.9065211527637573,0.11487493675531486
1259,0.5573992643554633,0.9065195771111292,0.11485834178769616
1260,0.5573542686587518,0.9065349109013402,0.1148139775619583
1261,0.5572949765442433,0.9065394841370172,0.11480158118838198
1262,0.5572900750615437,0.906523281816333,0.11480623031178601
1263,0.5574245030366914,0.9065094583468118,0.11471623511967952
1264,0.5573684092016359,0.9065194349180871,0.11478177441707803
1265,0.5573291156036618,0.9065305182892572,0.11471705767111083
1266,0.5572947165089174,0.9065435308741331,0.11463350301812615
1267,0.5570906748707,0.9064728494030647,0.11463411225064415
1268,0.5571085953776461,0.9064549061783791,0.11457386877098415
1269,0.5571515661045481,0.9064432540350408,0.11456981799370458
1270,0.5571979550335532,0.9064211756829699,0.11454251852369181
1271,0.5572122053749315,0.9064101845451243,0.1145341392262447
1272,0.5572983104536818,0.9064372204383913,0.11450511347794097
1273,0.5572511457240669,0.9064923990248202,0.1145090966647715
1274,0.5570993246140611,0.9063289231431159,0.11441228110184583
1275,0.5569638958492578,0.9062909460717208,0.11436912595464609
1276,0.5571197451808073,0.9064215676745994,0.11418134048418525
1277,0.5571597693954394,0.9064340806623005,0.1141122684863243
1278,0.5571619840196494,0.9064204032288765,0.11411036444013271
1279,0.5570776715144249,0.9063604746262319,0.11406890635541689
1280,0.5570561136203577,0.9063267402877675,0.11406192789510831
1281,0.5571503435226214,0.9063885135569036,0.11396177180535125
1282,0.5571735472884387,0.9063144386681019,0.11394858839263165
1283,0.5573440383993419,0.9063846781878233,0.11376893115486254
1284,0.5573444993473928,0.9063929945592561,0.11369909085054673
1285,0.5574937526180777,0.9065127556881656,0.11335649997841556
1286,0.5574722133771446,0.9065201266680214,0.11326659258703252
1287,0.557385854529477,0.9064767539471386,0.11324812937681702
1288,0.5574406383998314,0.9064981251770543,0.11318974192085705
1289,0.557425632379917,0.9064684375757058,0.11318947770215519
1290,0.5573667315832946,0.9064624424096082,0.11316752058838828
1291,0.5574730914325002,0.9064912691665941,0.11314022212062001
1292,0.557197274221878,0.9064232816772144,0.1130639566511378
1293,0.5572606671512821,0.9064560014491085,0.11302068898206429
1294,0.5571918459329204,0.9063979521004522,0.11299693102991315
1295,0.557236514992182,0.9064151228710444,0.11295775098938157
1296,0.5571596707498161,0.9063879486277906,0.11294058455402635
1297,0.5570558059340129,0.9063623577232754,0.11288424957455481
1298,0.5571916830265172,0.9063870416667656,0.11276700164085085
1299,0.5571592081580585,0.9063955271326268,0.11274102751964853
1300,0.5571584866750898,0.9063841132587103,0.11284115321311879
1301,0.5571351041971004,0.9063880716055568,0.11284797317742465
1302,0.5570844815280245,0.9063677725880391,0.11274650435095389
1303,0.5571645698514894,0.9063185238357697,0.11264934711755134
1304,0.5571914608867862,0.906301929523456,0.11263416484827407
1305,0.5572055687500983,0.9062695056668116,0.11268376795159406
1306,0.5572746617409432,0.9063100268407429,0.1126515921484111
1307,0.5573233383175622,0.9063854890724685,0.11261522687284689
1308,0.5572688689340887,0.9063581764792279,0.11257882639039515
1309,0.5573219877656554,0.9063403562323084,0.11252037012136344
1310,0.5573229706659203,0.9063575923348389,0.11247118037681189
1311,0.5574642570728355,0.9063582763986628,0.11244011029447049
1312,0.5575406613170257,0.9063415360502519,0.11245648228139973
1313,0.5574559833331059,0.9063190080607237,0.1123676117587596
1314,0.5574125942181517,0.9062919644813464,0.11233960470299297
1315,0.5574597139804954,0.9062481613382821,0.1123352371686118
1316,0.5574299632633233,0.9062493411562257,0.11234587946764409
1317,0.5575155219413184,0.9063224937117818,0.11216784904040467
1318,0.5576004895076442,0.9063100768004604,0.11213612073045388
1319,0.5577226251330182,0.9063431731917632,0.11210390699069758
1320,0.5576794427632702,0.9063414745613688,0.11210605710587851
1321,0.557763769961044,0.9063344994161976,0.11206553408053549
1322,0.5578257767881735,0.9063767422788545,0.11197365511941894
1323,0.5577599183508737,0.9063228549589697,0.11201241716113088
1324,0.557924635407453,0.9063258179545217,0.11193537988179407
1325,0.5579828538182361,0.906338576897755,0.11155510446263608
1326,0.55799186975841,0.9063227242950932,0.11145955952612283
1327,0.55798966438328,0.9063112181878521,0.11144236080760202
1328,0.5579786977765419,0.9063181818038577,0.11141384482613596
1329,0.5579921470014333,0.9063231662464402,0.11138073060176375
1330,0.5580242725307648,0.9063748053790383,0.11128437792184624
1331,0.5580760119507233,0.9063800818938151,0.11126455422898761
1332,0.5581279203988604,0.9063782564425996,0.11124425279258708
1333,0.5582025152507301,0.9063917109788224,0.11118398359351185
1334,0.5582101445041137,0.9063772687774155,0.11119677195406223
1335,0.5582680385866119,0.9063938707758395,0.11115615809898122
1336,0.5581611903793957,0.9063382348658431,0.11108684409606588
1337,0.5580795374839741,0.906275397070419,0.1109931140963855
1338,0.5580856603022989,0.9062433306179074,0.11105051276949446
1339,0.5580600028033674,0.9062443951441952,0.11102059517330386
1340,0.5580840632679018,0.9062384845253119,0.11102617740167958
1341,0.5579539354039031,0.9062180471578074,0.11096763264487672
1342,0.5577208534114043,0.9061879675648294,0.11097228410958594
1343,0.5578284618631718,0.9061800700864124,0.11096638483512944
1344,0.5578660334919305,0.9061136889941025,0.11096137420827604
1345,0.5579188092415354,0.9060747050422475,0.11091389407475016
1346,0.5578485317969537,0.9060704008204339,0.11087489678039386
1347,0.5578447559333097,0.906041835391201,0.11090102588004362
1348,0.5578697016458267,0.9060535490234224,0.11086781934949999
1349,0.5579247811011581,0.9060549171510703,0.11079643334293651
1350,0.5580282129471982,0.9061012720827812,0.11076496895010675
1351,0.5580975236401827,0.9061134276663495,0.1107007518481078
1352,0.5580707752930669,0.9060714077008939,0.11068850985172454
1353,0.5581236327063717,0.9060850467037659,0.11068702848889382
1354,0.5581473282662526,0.906098447437216,0.11068115457741629
1355,0.5581398301499737,0.9060976480817363,0.11070738075682167
1356,0.5582019135263536,0.9061473080409113,0.11070077233114235
1357,0.5581931253827265,0.9061339956977305,0.11067843350656506
1358,0.558123389273897,0.9061441913231515,0.11068562892318835
1359,0.5580892165154346,0.9061399255318898,0.1106598504987549
1360,0.5581152511123917,0.9061118327984454,0.1106378765208079
1361,0.5579507151830041,0.9060685638400527,0.11066115165950811
1362,0.5579664775255039,0.9060545213163856,0.11064360585827415
1363,0.5579770317348471,0.9060540294053212,0.11063062858372101
1364,0.5579960089151241,0.9060080626221847,0.11063298528416168
1365,0.5579968980614752,0.9060040927461727,0.11059902702861929
1366,0.5579018558766854,0.9059684176648368,0.11063111183856628
1367,0.5581006091344366,0.9060006109381697,0.11055334721059798
1368,0.5581555999078945,0.9060076821597207,0.11051722745566699
1369,0.5583100100172497,0.906043364927167,0.11045279278371767
1370,0.558343344081465,0.9060386763998342,0.11038521685148246
1371,0.5584972519195698,0.9060996387843251,0.11033747275256152
1372,0.5585652285602983,0.9061579494607345,0.11023096116748667
1373,0.5586031738628426,0.9061313209313177,0.11020923311034435
1374,0.5586792903678355,0.9061702357081792,0.11013197177266028
1375,0.5586568996901121,0.9061518082585396,0.11013769219867788
1376,0.5586738493035924,0.9061848739054008,0.1100809140139674
1377,0.5586906177254327,0.9062419893916458,0.1100095649996402
1378,0.5586449405026187,0.906209657768326,0.10997833593962225
1379,0.5590165074982149,0.9063696595281379,0.10964286694790641
1380,0.5589729293775594,0.9064356409427079,0.10949610931510555
1381,0.5590105846250759,0.9063938016008461,0.10943399036586417
1382,0.5590311357092866,0.9063892744818315,0.1094066926570353
1383,0.5590045791551242,0.9063728185195047,0.10941116677615154
1384,0.5592005206776508,0.9063893705582112,0.10933219848376069
1385,0.5592020903079363,0.906393517214762,0.10929411294966472
1386,0.5591618840548566,0.9064109070395002,0.1092572673255986
1387,0.5590896566198167,0.9063596598985315,0.10925017836082662
1388,0.5592577805641591,0.9063676572963835,0.10919726392703005
1389,0.5591487372914241,0.906335333359174,0.10918547797947463
1390,0.5591487372914241,0.906335333359174,0.10919097919511644
1391,0.5593069491972135,0.9064006998849136,0.10912345427595632
1392,0.5593537405473941,0.906421198741301,0.10909539939323254
1393,0.5594650840941885,0.9064465091027873,0.10903778458009698
1394,0.5595579115905179,0.9064981943520478,0.10888838006943628
1395,0.5595261112694626,0.9064937479371921,0.1088872632892664
1396,0.5596215254203922,0.9065759624168879,0.10884893448439004
1397,0.5595744370522316,0.9065529924760127,0.10882949914213444
1398,0.5595763253143139,0.9065460788197246,0.10878691213078348
1399,0.5595964763602134,0.9065758010085698,0.10872212486475072
1400,0.5595782684047919,0.9066014956755752,0.10866748103491049
1401,0.5595870662610652,0.9065521431608156,0.1086325262209736
1402,0.5595340864335182,0.906505715211056,0.10860531740202806
1403,0.5595455041258175,0.9065061802207341,0.10859140162070437
1404,0.5595419529466088,0.9064424200920644,0.10851876786172852
1405,0.5596292536496151,0.9064391727104282,0.1084696226976742
1406,0.5597014655073809,0.9064499332649623,0.10844909446023678
1407,0.5596926450501157,0.9064053999414119,0.10843324270893251
1408,0.559724847397311,0.9064060340455183,0.10841453171143724
1409,0.5598361162896828,0.9064211410954732,0.1083745022262619
1410,0.5598464088606548,0.9064168945194874,0.10833606970784868
1411,0.5598288143848742,0.9064033016332778,0.10833255702140003
1412,0.5597904059966847,0.9063542104462711,0.1082890973381088
1413,0.5598134056251848,0.9063631762940311,0.10828135061736642
1414,0.5599218768108051,0.9064492991608558,0.10822705574798695
1415,0.5599612240540689,0.9064611319277882,0.108176437685523
1416,0.5600988899997704,0.906449222299752,0.10814178795980087
1417,0.5600660979117322,0.9064461055819923,0.10811380891649562
1418,0.5601507782525892,0.9064315826764264,0.10809527796468933
1419,0.5603385242064354,0.9065015992989468,0.10798254749611821
1420,0.5604532970571603,0.9065378585246715,0.10791775992270745
1421,0.5605115431994173,0.906511191564703,0.10789223689390604
1422,0.5605577191830949,0.9065116527313258,0.10787624595652627
1423,0.5606267476882021,0.9065203879957744,0.10783578126163602
1424,0.5606379667529633,0.9064749208098126,0.10783347860109256
1425,0.5607629433467967,0.9065085244844006,0.10776948991632282
1426,0.5606853137509459,0.9064751168056273,0.10776909361323443
1427,0.5607166693368499,0.9064578768600416,0.10779661718804956
1428,0.5607503746784688,0.906498340388145,0.10771228098794498
1429,0.5607411528712447,0.9064940745968832,0.10768254940521442
1430,0.5608590767867094,0.9065180129876665,0.10763748887456624
1431,0.5608946231045066,0.906503516983487,0.10758563858686972
1432,0.5610741412320412,0.906491530494347,0.10750171682896166
1433,0.5612927397669941,0.9064508171676562,0.10741401481611652
1434,0.5613767147303307,0.9065006500643147,0.10739665515385477
1435,0.5614147901834537,0.9064474352790883,0.10737037442872321
1436,0.5613992042973224,0.9064485305498177,0.10736048531739868
1437,0.5614683347610796,0.9064505827412895,0.1073172106112533
1438,0.5615119757973293,0.9064586877446869,0.10724285875780097
1439,0.561526278987461,0.9064446183196335,0.1072190192797718
1440,0.5617333326081912,0.9065330009029104,0.10716902086311803
1441,0.5617636686300624,0.9065198384388821,0.10717451732889277
1442,0.5618567337405703,0.9064919071137557,0.10710711864776691
1443,0.5618892235919627,0.9064664122856203,0.10708968901525434
1444,0.561844887335341,0.9064253722992383,0.10708152766325373
1445,0.5617815539821339,0.9063850048475145,0.10705381531137989
1446,0.561820873164998,0.9064190043567871,0.10704704405229672
1447,0.5618089011035469,0.906408970139684,0.10699740977614204
1448,0.5619466246621567,0.9064611818875057,0.10692644904950581
1449,0.5619114834242258,0.9064714313156994,0.10694396935867997
1450,0.5619392602244347,0.906435137502478,0.10693621035027027
1451,0.5619711831921691,0.9064602095945424,0.10691957629307364
1452,0.5619874534824454,0.9064487649761843,0.10691058994198745
1453,0.561956976965991,0.9063933289050577,0.10691884003308383
1454,0.5619438114178225,0.9063803393785129,0.10691207149837319
1455,0.561948835054557,0.9063829219116012,0.10687716831056122
1456,0.5620759583747629,0.9064383195521758,0.10681771890894937
1457,0.5620855787822898,0.906419807555322,0.10682027891232822
1458,0.5620775587996166,0.9064448527460002,0.10680504201291625
1459,0.5621284313189123,0.9063912882427514,0.10667946593141182
1460,0.5622443715329493,0.9064115872602689,0.1066396017244936
1461,0.5622649881579538,0.9064098655715435,0.10660338909644478
1462,0.5621260528947832,0.9063778798231908,0.10659189865658007
1463,0.562029906291023,0.9063394108407314,0.10658609692255347
1464,0.5621389522898431,0.9063459594067764,0.10649768210180387
1465,0.5622061724989207,0.9063452907151732,0.10647750479551338
1466,0.5620439707618476,0.9063308561998769,0.10629920754837721
1467,0.5620591777805422,0.9063330813288323,0.10628127119298027
1468,0.5620781317180186,0.9063445759069078,0.10624880459780217
1469,0.5621146779153333,0.9063131935182202,0.10623610354356686
1470,0.5622472282319073,0.9063029517761367,0.10617109407722954
1471,0.5622553265402607,0.9062697093487367,0.10618783864907616
1472,0.5622593796917942,0.9062531995836373,0.10619594749789833
1473,0.5624118092201945,0.9062740904316542,0.10616347567779481
1474,0.5624686332290297,0.9062986475543231,0.10607825039142445
1475,0.5624771223571037,0.9062519544337555,0.10606703616676143
1476,0.5625279079533417,0.9062692942987761,0.10601025390764383
1477,0.562563001668437,0.9062607742454182,0.10596774887911133
1478,0.5625989386872619,0.9062388073419478,0.10594178071390839
1479,0.5625862190594674,0.9062482689438275,0.1059670025316345
1480,0.5626359084047882,0.9062187120063554,0.10593208995044115
1481,0.562624737818057,0.9062023175329117,0.10588282322264331
1482,0.5626273051825247,0.9061948274183449,0.10586299182312424
1483,0.562623090920918,0.9061334077102863,0.10581701759437857
1484,0.5626233179797557,0.9060899158546926,0.10576235705539544
1485,0.5627465138340373,0.906095203898635,0.10574657679136958
1486,0.5627025318479459,0.9060674070804403,0.10571863016013947
1487,0.562656359600766,0.9060716767147572,0.10572183753435944
1488,0.5626176238697834,0.9060467045421277,0.10570786971241473
1489,0.5628117353381764,0.90604443329651,0.1056562406538292
1490,0.5628184185904274,0.9060883747895611,0.10559554506072966
1491,0.562807319919756,0.9060935782862893,0.10556255932743891
1492,0.5629408666094892,0.9061186426922434,0.10549702982828621
1493,0.5629612760963209,0.9061773568894478,0.10542152703162362
1494,0.563206390614238,0.9063560320544314,0.10493854518782637
1495,0.563217946745662,0.906346958601126,0.10493726828585864
1496,0.5632098650971225,0.906328362057058,0.10492198726798696
1497,0.5631261930941036,0.9062916032341585,0.10493051772264612
1498,0.5631695874285897,0.9062919222077392,0.10491281226311462
1499,0.563155162122822,0.9062691252043478,0.10486537555883997
1500,0.5633542151760014,0.9062981594863139,0.10486526401044004
1501,0.5634222137233837,0.9063312635637271,0.10483624758955043
1502,0.5633074952305819,0.9063263636683588,0.1047983813453086
1503,0.563250131975801,0.9063265904086151,0.104766289085772
1504,0.563219506563315,0.9063371165367825,0.10475400543398065
1505,0.5632299578439878,0.9063526155783669,0.10469458077914631
1506,0.5633759106092288,0.9063852469599916,0.10467985056456006
1507,0.5633470571217336,0.9063316555553564,0.10464179583281036
1508,0.563352445181239,0.906335836799404,0.10463400680937116
1509,0.563542537243268,0.9063366976437668,0.10461564443590465
1510,0.5637096371048654,0.9063106109851319,0.10457573520379694
1511,0.5636621907783389,0.9063845936406091,0.10450182161728415
1512,0.5635950740658385,0.9063746708721065,0.10452213731674523
1513,0.563546862465797,0.9063914035344072,0.10448168128962784
1514,0.5635386475511986,0.9063727186000697,0.1044772709378549
1515,0.5635769805476805,0.9063290499639372,0.10446780170473234
1516,0.5635952801756662,0.9063253145142918,0.10443333000529749
1517,0.5636681149885,0.9063531728213695,0.1044174769619539
1518,0.5636843607724494,0.9063566700015931,0.10439909687384102
1519,0.563657739099321,0.906337066577065,0.10440112247342039
1520,0.5636455865117502,0.9063160412221165,0.10437522563937754
1521,0.5636254556092976,0.9063327085524787,0.10433581638276355
1522,0.5636191184823506,0.9063072636840608,0.1043547104232946
1523,0.5636321104123256,0.9062908192508995,0.104347493399116
1524,0.5636219835256295,0.9062818995198018,0.10434219820866175
1525,0.5636088279019509,0.9062683373780336,0.10433500916675349
1526,0.563751811547731,0.9062978751002297,0.10432058867622021
1527,0.5639166391479936,0.9063390419074331,0.10427658924565497
1528,0.5640319674474678,0.9064169982819775,0.10419901002030671
1529,0.5640914567474182,0.9064178706555058,0.1041984681520813
1530,0.5641872367479461,0.9064278971864985,0.10415793950012739
1531,0.5641876624323492,0.9064224362050725,0.1041459213128309
1532,0.5642933977784665,0.9065218060831398,0.10405490765063273
1533,0.5642510263444672,0.9064481347151331,0.1040458541800784
1534,0.5642141149665572,0.9064304758765315,0.10403161321737765
1535,0.564224908391767,0.9063999581752618,0.1040287853663217
1536,0.5643168203222184,0.906369321339281,0.10399004257651968
1537,0.5643185768002563,0.9063758007303326,0.10394336656282005
1538,0.5643468345299467,0.9063586491750163,0.1039329997543045
1539,0.564442319712066,0.9063774686162854,0.10388040505338038
1540,0.5644258702567818,0.9063725610348069,0.10387762828791869
1541,0.5644724327532952,0.9063989820392433,0.10385100510442753
1542,0.5644884057237618,0.9064094735799141,0.10385059748429955
1543,0.5644865967760289,0.9063925987245715,0.10386184338233494
1544,0.5644201554055365,0.9064285850933776,0.10380145444249352
1545,0.5644641377075664,0.9065577232769526,0.10369330852250135
1546,0.5644429897727049,0.9065175633502092,0.10366199195562237
1547,0.564439675944264,0.906524953545341,0.10363549073534639
1548,0.5643556841626078,0.9064922683609437,0.10363337677081036
1549,0.5643175964762194,0.9065097773203927,0.10367817780028375
1550,0.5643439798968969,0.9065214371498415,0.10360731046280369
1551,0.5643817477380334,0.906543730713003,0.10356393292817373
1552,0.5644563631017417,0.9065180667904392,0.10359174723129604
1553,0.5644732701684401,0.9065753513711126,0.10352271013671327
1554,0.5645367730284366,0.9065336350070169,0.10350188493091167
1555,0.5644680554725586,0.9064425238545545,0.10349422591689278
1556,0.5644793765439817,0.9064287810891924,0.10348577730407986
1557,0.564508932416542,0.9064472623416048,0.1034772912247957
1558,0.564750610943646,0.9064600750876107,0.10338630123793044
1559,0.5647290072659874,0.9064578614878208,0.1033628275587987
1560,0.5649060927656437,0.9064991897033422,0.10330504188657937
1561,0.5648903751297272,0.9064631149442666,0.1032672005657751
1562,0.5649195036018978,0.9064854738393664,0.10322720134665746
1563,0.5648803056456118,0.906436770800934,0.10321325988783299
1564,0.5648170949961093,0.9064054729594605,0.10320330276546505
1565,0.5647398171811951,0.9063807890159703,0.10314854029892669
1566,0.5648172513041232,0.9064196576761695,0.10313375320676718
1567,0.5650533444480275,0.9064191042762221,0.10301231866570974
1568,0.565085797917031,0.9063965340130868,0.10298360838425671
1569,0.5648694235230902,0.9063377583269994,0.10297300692012717
1570,0.5649425756852288,0.9063560973863697,0.10289022426250093
1571,0.5649439289472019,0.906305918614744,0.10285187512239652
1572,0.5648675208413569,0.9063049002051184,0.10278510592080088
1573,0.5648569458476619,0.9063367706618154,0.10272110733076148
1574,0.5648564438167327,0.9063417896918945,0.1027168465674227
1575,0.564975526721806,0.9064003347946704,0.10262427785081098
1576,0.5651764332141489,0.9064058418927587,0.10253308368590489
1577,0.5652285383619279,0.9064152612210313,0.10250827595613693
1578,0.5652145087205108,0.9064025522375155,0.10250524693776068
1579,0.5650761686121922,0.9063496333675388,0.10251524945740555
1580,0.5649947221786834,0.9063707817002535,0.10248048550826623
1581,0.5649896608320306,0.9063481230468489,0.10246562002296891
1582,0.5648831874409616,0.9063033629830421,0.10237769732658522
1583,0.5648823452357329,0.9062865995763001,0.10235617942021374
1584,0.5648512022270763,0.9062863344054919,0.10234336332386612
1585,0.5650005260686394,0.9063771188982631,0.10200755690312735
1586,0.5650549259206948,0.9063624461135448,0.10195672315290231
1587,0.5650944689159724,0.9064469356819135,0.1017435289811551
1588,0.5651178699215305,0.9063893782443216,0.1017417640558028
1589,0.5650469722999786,0.9063848818697484,0.10174401017119535
1590,0.5650464226348065,0.9063930522050839,0.10173810260326224
1591,0.5650179573396787,0.9063868226126197,0.10170908966157004
1592,0.5649362673866605,0.9063724111556545,0.10171540430805998
1593,0.5649815936869869,0.9063424660696081,0.10170006402254314
1594,0.5650238610889924,0.9063314288151002,0.10168242401005237
1595,0.5649422758053709,0.9063146461930822,0.10165798845071307
1596,0.5649830308676487,0.9063647288883281,0.10164905686994946
1597,0.5650272041889015,0.9063410902558497,0.10165759160904032
1598,0.5651290889401297,0.9063366707423804,0.10162361747769631
1599,0.5651471748338537,0.9063084319728387,0.10160892907013284
1600,0.5651746275853504,0.9063144463542123,0.10160386863197535
1601,0.5651887828440538,0.9063740751985521,0.10155804238152798
1602,0.5652717091825915,0.906379090385576,0.10155043788787868
1603,0.5652888168689088,0.9063665504964885,0.10153091037049371
1604,0.5652548441236894,0.9063474505121905,0.10153237951564197
1605,0.5652222139823971,0.9063056457578255,0.10153771074250233
1606,0.5652569518974023,0.9063399642406789,0.10151162233546858
1607,0.5651203745283356,0.9062641330756549,0.1015004553696867
1608,0.5652484578191201,0.9063639256897933,0.10136891088764395
1609,0.5651660231254201,0.9063199726675766,0.1013618170095502
1610,0.5649806103426868,0.9063317900622881,0.10133314129975234
1611,0.564989045328991,0.9063387037185763,0.10127479934156806
1612,0.5649278355286553,0.906298524576557,0.10128807999145838
1613,0.5651871348820113,0.9063426159487605,0.101228884657017
1614,0.5651655692958913,0.9063362672215853,0.10122056250028771
1615,0.5650488137819567,0.906279728193619,0.10119383817322461
1616,0.5651182264407364,0.9062928522270954,0.10116511500401225
1617,0.5651009215065271,0.9063434537347921,0.1010755103874216
1618,0.5651116495028854,0.9063386729741348,0.10106135985491792
1619,0.5652614788901339,0.9063775147329477,0.10101234268708244
1620,0.5653860588749685,0.906438081282754,0.10097158777193023
1621,0.5653751061192743,0.9064413171352247,0.10096438796354569
1622,0.5654380807235648,0.9064722422003446,0.10096246329008823
1623,0.5654079102858327,0.9064478195846074,0.1009691277489045
1624,0.5654417952307177,0.9064913883013049,0.10093318341919431
1625,0.5652851750446246,0.90646086675698,0.10084926459906017
1626,0.5653213259358714,0.9064678995479791,0.10080986150567682
1627,0.565364618503542,0.9064287503447509,0.10078453830473195
1628,0.565377728679738,0.9064279202448297,0.10075784628235526
1629,0.5653867441152532,0.9064254261020108,0.100753947147854
1630,0.5653247810611602,0.906405845735814,0.10076495017242328
1631,0.5654137475771248,0.9063971758033036,0.10075526078159029
1632,0.5655297437426134,0.9063957308145519,0.10073677071873832
1633,0.5653800178241596,0.906369521178151,0.10072172604769057
1634,0.5653793771994471,0.9064052692775354,0.10069420788324936
1635,0.5652886969700835,0.9063154955082794,0.10067882724648805
1636,0.5653330022037888,0.9063116755114198,0.10067524322681863
1637,0.5654269340553891,0.9062905963536985,0.10063175059213372
1638,0.5653978583120922,0.9063897471776199,0.10051566476795466
1639,0.5653753228320603,0.906345102405469,0.10051732711015042
1640,0.565363528489598,0.9063744825624023,0.10047183937436235
1641,0.5653540410025879,0.9063604092942937,0.10046304757593953
1642,0.5652932914045186,0.9063408673586487,0.10046306825004354
1643,0.5653522706629487,0.9063524541700488,0.1004504040682382
1644,0.565418848622368,0.9063471353816649,0.10041003325451593
1645,0.5654835056771514,0.9064092583688234,0.10036464675825175
1646,0.5656416975163815,0.9064273130421096,0.10028752611794087
1647,0.5655898677435754,0.9064171327889092,0.10027275242268324
1648,0.5656337763627917,0.9064120791713334,0.1002774127408302
1649,0.5657655074779737,0.9063540259796219,0.10026884282905205
1650,0.5658658586821328,0.9063731643944718,0.10021468652844016
1651,0.5658146064528459,0.9063524234256073,0.10020696719480336
1652,0.5658826970247719,0.906314561645868,0.10013859936026942
1653,0.5658000900711071,0.9062975253822074,0.10016208217793769
1654,0.5657750242410223,0.9062891206205053,0.10018966934121801
1655,0.5656667589796692,0.9062792285964443,0.10020877065322825
1656,0.5656205801486439,0.9062399679446155,0.1001924999029212
1657,0.5655792000117494,0.9062460515009825,0.10015888984282831
1658,0.5655765923513788,0.9062129551096797,0.10016567124675463
1659,0.5655998912903591,0.9061842244290736,0.10012086775370874
1660,0.5656026804263925,0.9062282773707252,0.10009193936507395
1661,0.5653929522386582,0.906233834428531,0.10009755353745164
1662,0.5654102999281517,0.906245255988558,0.10005997127896522
1663,0.5654098805602984,0.9062551441695638,0.1000683222814289
1664,0.5654328261494764,0.906269594057081,0.10004814755215394
1665,0.565486300706709,0.9062880407219966,0.10000258450779734
1666,0.5654956125414866,0.9063189811593374,0.09998704139580236
1667,0.5654235737856148,0.9062695825279155,0.1000452998527221
1668,0.5655261567714681,0.9063220825048763,0.10000625123714736
1669,0.5654174111121277,0.9063153917457892,0.09999708326266389
1670,0.565603490186455,0.9063129321904672,0.09990797724055991
1671,0.5657093378436168,0.9063347453717299,0.09984610947903215
1672,0.5657501951376591,0.9062825566822394,0.09972941279877537
1673,0.5658293871167277,0.9062701705153596,0.09971705372603892
1674,0.5658330703832772,0.9062117483903498,0.09968417475362883
1675,0.5658623644811377,0.9062242921224924,0.09966194914455387
1676,0.565867447455046,0.906229622440042,0.09964884734805285
1677,0.5658507833306811,0.9062479884007986,0.09963060947430638
1678,0.5658926675610939,0.9062676686864305,0.09961377630560361
1679,0.5659532363377633,0.9063487456217898,0.09954477634428281
1680,0.5658109908405203,0.9063074558368203,0.09955056612275388
1681,0.5659153918584622,0.9063106148281871,0.09952239547204741
1682,0.56589923117171,0.9062810040879423,0.09951262892325846
1683,0.565907156497821,0.9063184777191073,0.09948170553090133
1684,0.5658954011941937,0.9063072483118401,0.09945840822758735
1685,0.565929498369845,0.9062957498907093,0.09945468097394126
1686,0.5659283611707128,0.9063026289595008,0.09944826576137893
1687,0.5661104727479241,0.9063401141198313,0.09940469702747565
1688,0.56613781456764,0.906333258109371,0.09938298618447075
1689,0.565958073702077,0.9062835443474234,0.09938035600877558
1690,0.5659708159583365,0.9062817573267598,0.099372746541996
1691,0.565971961129631,0.9063511744326703,0.09933433094524537
1692,0.5658600040465367,0.9062568120555166,0.09938310828218379
1693,0.5658029562682694,0.9062243459252651,0.09938732613527243
1694,0.5658233317740622,0.906229118999812,0.09936447857946659
1695,0.5657632555766339,0.9061942740183975,0.09937027032431758
1696,0.5657979755857746,0.9062312480523876,0.09932374133582927
1697,0.565853405510308,0.9062634643840518,0.09929972784876283
1698,0.5658983015411019,0.9062720689846239,0.09931239533536668
1699,0.5658980572741696,0.9062908807397826,0.09927515962034102
1700,0.56583177680435,0.9062573078096362,0.09927737870239078
1701,0.5658192111861259,0.9062453828093793,0.0992750858545273
1702,0.5658543409954213,0.9062837057557415,0.0992357155349082
1703,0.5658867221999768,0.9062833867821606,0.0992424805763217
1704,0.5658045849806839,0.9062767613550118,0.09921980698879537
1705,0.5658314784488889,0.9062755507926267,0.09921307734442306
1706,0.565922260368862,0.906308193703417,0.09915205903445859
1707,0.5659164845639809,0.9063268594224784,0.09913639427841421
1708,0.5659814194741014,0.9063475350594047,0.09912178523205147
1709,0.5660318853509702,0.9063398489490232,0.09910453470543698
1710,0.566043861746555,0.9063390764949298,0.09909621550888614
1711,0.5661846464156296,0.9064301761182266,0.09904042709437617
1712,0.5662524730057729,0.9064254991200595,0.09897504330870069
1713,0.5663763333151343,0.9064289348114001,0.09892148706437985
1714,0.5663859714881928,0.906440821381105,0.09889354731607904
1715,0.566445406288843,0.9064907926277505,0.09885401930625119
1716,0.5665469912511699,0.9064978254187495,0.09881133958968563
1717,0.5666049709173588,0.906504927384742,0.09879355265557734
1718,0.5665732334906701,0.9064779222359166,0.0987888157453439
1719,0.5664594279205653,0.9064191965095466,0.09876240858410128
1720,0.566490157379747,0.9063922759079355,0.0987477664802617
1721,0.5664073814965109,0.9063549137253709,0.09874687185812711
1722,0.5664322370498048,0.9063539875490699,0.09870335107307536
1723,0.56644402141196,0.9063090852922212,0.0987048916926857
1724,0.566510400745537,0.9063092774449807,0.0986895643600439
1725,0.5665404074672074,0.9062708161486317,0.09869198766031219
1726,0.5665319259429165,0.9062484111368696,0.09867382088244511
1727,0.56649445547152,0.9062291420581431,0.09863550571486406
1728,0.566525790172586,0.9062687293696631,0.09862223133632432
1729,0.5664610623788839,0.9062447871358247,0.09863166105083668
1730,0.5664507004114904,0.9063172556275567,0.09856024675416855
1731,0.5663743778210238,0.9062536184766531,0.09857639325258725
1732,0.5664382262467245,0.9062214828491479,0.09856024328008738
1733,0.566437222073877,0.9062082012504087,0.09856143135365202
1734,0.5664422455196848,0.9062085932420382,0.0985402799250777
1735,0.5666193442425578,0.9061620384714574,0.09844960687214059
1736,0.566600406019142,0.9061507744766933,0.09844704547078525
1737,0.5666097997855041,0.906134026442172,0.09843152769338073
1738,0.5666817445234882,0.9061500558253727,0.0983757220432566
1739,0.5667625688599591,0.9061594713105899,0.0983561717102883
1740,0.5667369862568107,0.9060964144610201,0.0983145570244918
1741,0.5667310973497365,0.9061096730014282,0.09828114037531427
1742,0.5667127569938626,0.9060502516820688,0.09815623022955984
1743,0.5666245465429999,0.9060294453812661,0.09815031399861207
1744,0.5665215277306631,0.9059792012777022,0.09819666373548099
1745,0.5665492716335409,0.9059945235387477,0.09817835043264674
1746,0.5665146974962656,0.9059902462183204,0.09818063049870465
1747,0.5666113878843415,0.9060168247880196,0.09817532610269991
1748,0.5666226667053046,0.906078321357182,0.0981380868471997
1749,0.5666022452344726,0.906078501980776,0.0981228752016876
1750,0.5664278661883205,0.9060333422392294,0.09811584402606743
1751,0.5665404233384591,0.9059850965243648,0.0980443198411224
1752,0.5666246471508071,0.9060288996674289,0.09801576302213509
1753,0.5667608442130676,0.9060707351662355,0.09792883994550079
1754,0.5667615486131966,0.9060450020686782,0.09792143335416276
1755,0.5667505818975138,0.9060753160880228,0.09790748756263525
1756,0.566833657627907,0.9061160294147137,0.09785837354976931
1757,0.5668444578371832,0.9060648014890209,0.09778778417517424
1758,0.566964449079181,0.9060805157416959,0.09775367623835499
1759,0.5669169250706186,0.906043668528527,0.0977526213427651
1760,0.5669406029056345,0.9060139463396817,0.09771813287296496
1761,0.5669474404483897,0.9060625994183966,0.0976670714267267
1762,0.5669922326093585,0.9060864571050208,0.09764929263362401
1763,0.5670615525503541,0.906092402311401,0.09763259226907861
1764,0.5671901702272263,0.90607465508253,0.09759207024901542
1765,0.5672232391736226,0.906081868497123,0.0975684338494737
1766,0.5671914643321961,0.9060229621471592,0.09760487733377363
1767,0.567169667016276,0.9059886628795817,0.09762278271346547
1768,0.5671213226319286,0.9059787785416311,0.09763254573973365
1769,0.5672170892746232,0.9060710003370436,0.09751814976079509
1770,0.5672550867583126,0.9060747780602961,0.0974942083728097
1771,0.567269204002892,0.9060756043171622,0.09747367537643098
1772,0.5673986794767746,0.90610225590491,0.09743994277775957
1773,0.5675387607843847,0.9061170209229529,0.09739799996030292
1774,0.5675244006113516,0.9061079128821509,0.09737793402331368
1775,0.5674136273847331,0.9061152415883996,0.09735583924349646
1776,0.5674205556338718,0.9061161216480382,0.09736738480346024
1777,0.5673437685842001,0.9061179317270331,0.09735384070633799
1778,0.5672921853993478,0.9060819953179444,0.09733837515055624
1779,0.5672555673612335,0.906074797275572,0.09735200637489459
1780,0.5672568409527615,0.9060673532776676,0.09735842442324809
1781,0.5673101912982977,0.9060544021816748,0.09735646402066213
1782,0.5672416549467943,0.9060689788900133,0.09731781863891693
1783,0.5672564759315591,0.9060707351662355,0.09731657533118293
1784,0.5673103067577454,0.9061103916527489,0.09728573841728708
1785,0.5674529067886455,0.9061230007168297,0.09721644369307511
1786,0.5674953000411065,0.9061481035533357,0.09718468205428807
1787,0.5674363447259086,0.906132616040917,0.0971698820050069
1788,0.5674780331847021,0.9061688368360898,0.09711825740503734
1789,0.5674784652405631,0.9062040392216372,0.09710089086738977
1790,0.5675143724202839,0.9062051075909802,0.09707454914818116
1791,0.5675131005587255,0.9061852620539751,0.09705871377590515
1792,0.56752524482686,0.9061981708763609,0.09703870332874032
1793,0.5675694492798221,0.9062017295454675,0.09702235017817809
1794,0.5676325164011672,0.906206333525586,0.09698791625029747
1795,0.567753299719714,0.9062355983908637,0.09696472919823133
1796,0.5678415475734309,0.9062336960785442,0.09694014361933569
1797,0.5677914056879675,0.9062091427989305,0.09696501733562324
1798,0.567854005658328,0.9061849008067872,0.09693337329148459
1799,0.5677305761791794,0.9061462050840715,0.09694566532352505
1800,0.5676241811490107,0.9060961262318807,0.09687305506443651
1801,0.5676168493959829,0.9060072517375394,0.09684129436812683
1802,0.5674741254130344,0.9059688980467356,0.09685224948964964
1803,0.5677096232027473,0.9060417431578764,0.09680024176831367
1804,0.5676989193263378,0.9060063140320729,0.09679735698477898
1805,0.567623216964583,0.9060042349392147,0.09680308861500075
1806,0.5675626867971819,0.9059391835440008,0.09683538758976797
1807,0.567754040466237,0.9060353098834871,0.09671234016578628
1808,0.5678081958851329,0.90605833747019,0.09667014441233052
1809,0.5676698120712422,0.9060053532682751,0.09663965344887067
1810,0.567633047372699,0.9060079857610809,0.0966219829030892
1811,0.5673177254063596,0.9059387569648746,0.0966306768100541
1812,0.5672840213884203,0.9059375694608207,0.09660390301859421
1813,0.5673713138695501,0.9060361630417394,0.0964818134583293
1814,0.567585410571774,0.9060681142025954,0.09643297085737206
1815,0.5675109705064905,0.9060107642899837,0.0964291717846518
1816,0.5675562539312282,0.9060517543166483,0.0963982491239829
1817,0.567499891396613,0.9061348104254309,0.09634308363134855
1818,0.5675537862700805,0.9061380847084535,0.09633273833548883
1819,0.5674678808578124,0.9061219554058179,0.0963229442786255
1820,0.5674690329045023,0.9061096614722626,0.09630059233418554
1821,0.5673042867269593,0.9060373082721863,0.09628938364473397
1822,0.5673675430444374,0.9060560008926342,0.09626176484986503
1823,0.5674191870289298,0.9060328349559442,0.09624485501494416
1824,0.567369439186924,0.9059311554017073,0.0961268657013147
1825,0.5674330999500894,0.9059477497140209,0.09608557036344283
1826,0.5674078013449096,0.9059231157302482,0.09608757666018918
1827,0.5673518762288827,0.9059043462486966,0.09610022417292584
1828,0.5674096405189689,0.9059204947666082,0.09609563252968845
1829,0.5674141745370721,0.9059229927524821,0.09610058977411892
1830,0.5675510886041534,0.9059469695738173,0.09608094656058083
1831,0.5675246039671037,0.9059235615246504,0.09607901589923483
1832,0.5675620224556805,0.9059686059745412,0.0960288769841325
1833,0.5676584236014379,0.9060046077155681,0.09601748227269233
1834,0.5676138441109333,0.90599305933472,0.09598721668156364
1835,0.5673775681438142,0.9059570037909203,0.09599644997260554
1836,0.5672920108605727,0.9059060295068702,0.09601633052088503
1837,0.567302101385447,0.9058989390700433,0.0960086741603492
1838,0.5673530580575572,0.9058897080514751,0.09596624283086058
1839,0.567532461204893,0.9059013217642615,0.09591904826813241
1840,0.5675491481176701,0.9058729484877881,0.09591459816611314
1841,0.5675759611382971,0.905903347054347,0.0958881189253611
1842,0.5675607150472122,0.905894058389951,0.09587711362037969
1843,0.5676251093345909,0.9058825830271514,0.09585060681379093
1844,0.567651000639293,0.9058658811092923,0.09583732801943147
1845,0.5676947415872711,0.9058503128927146,0.09580763002111156
1846,0.5676915183608952,0.905785165421121,0.09577192135341082
1847,0.5677254761441934,0.9057697509267508,0.09576355498013019
1848,0.5677896075959576,0.9057894235262723,0.09573784561933465
1849,0.5677269718756595,0.9057224851909598,0.09574666951230972
1850,0.5677335632833909,0.9058068556246176,0.09569519586102712
1851,0.5676954628990603,0.905829529650243,0.09568181643963268
1852,0.5676121402987734,0.9058217705218129,0.09568377850148668
1853,0.5678083901373766,0.905873832390482,0.09560788726839742
1854,0.5678537268424172,0.9058737978029853,0.09557341545225531
1855,0.5678407683141723,0.9058796430899304,0.09557114413616735
1856,0.5679167312582544,0.9058916833818431,0.09554163001387321
1857,0.5679453142444082,0.9059074898678426,0.09552336620624999
1858,0.5677703564959355,0.9058720530559287,0.09553314312571345
1859,0.5677214183379011,0.9058498824705332,0.09553374256114854
1860,0.5677465691716598,0.9058476842429641,0.09553150164912841
1861,0.5676405584274705,0.9058593632876888,0.09551967972079882
1862,0.5675876412193905,0.9058012101765424,0.09550675291347363
1863,0.5675278919003659,0.9058097609743417,0.0955134237867381
1864,0.5675294232311693,0.9058083121425349,0.09550993254605415
1865,0.5674914811328773,0.9058018442806488,0.09543069029414092
1866,0.5675356709418906,0.905783213149084,0.09541896816683944
1867,0.5675022472141014,0.9057574416209748,0.09540677608834533
1868,0.5675166432119761,0.9057483873829454,0.09538198144776606
1869,0.5675043209930714,0.9057640170884063,0.0953556416997311
1870,0.5673698545648237,0.905661265321771,0.09533116413032297
1871,0.5673764218293489,0.9056619647578158,0.09532896746417019
1872,0.5673746252013541,0.9055935468462548,0.09531200167436825
1873,0.5673655219823385,0.9055360316822699,0.09536359692980854
1874,0.5675527855870441,0.9056710113097348,0.09524855786642582
1875,0.5675674660975275,0.9056469845286822,0.09524769149203718
1876,0.5675996062712964,0.9056125161666764,0.09523011948784167
1877,0.5676108553751167,0.9056789625909245,0.09518825158254304
1878,0.5676249685964317,0.9056685363821919,0.09517646022010243
1879,0.5675691703662291,0.9056687362210619,0.0951611272060062
1880,0.5675402895515836,0.9056265971208952,0.09515582993346373
1881,0.5675209701952,0.9056069322074842,0.09515998349004552
1882,0.5675079449722402,0.9056584099317643,0.09503527551187702
1883,0.5675453474822212,0.905651553921304,0.09500379075748515
1884,0.5676279471636656,0.9056431799040434,0.0949697825870023
1885,0.5676252443768982,0.9056624566688802,0.09495581938197731
1886,0.5676026349994281,0.9056725408457007,0.09493863678639132
1887,0.5676248537632349,0.9057041653468655,0.09491892538064893
1888,0.5676749413372308,0.9057997267572387,0.09487538914631602
1889,0.5677092176434779,0.9058067595482377,0.09485952600205477
1890,0.5678144379474058,0.9058503090496595,0.09482343605417541
1891,0.5677443219405757,0.9058502821482731,0.09481106686107485
1892,0.5677905967322135,0.9058466581472282,0.09481633575972645
1893,0.567846789159603,0.9058279578406699,0.09479932333225816
1894,0.5678590400758684,0.9057943234216406,0.09478919147385058
1895,0.5676223670235363,0.9057262667572674,0.0948025133976072
1896,0.5676415437893916,0.9057274004585487,0.09478704456225001
1897,0.5675921231454067,0.9057289799542322,0.09478699345753347
1898,0.5675926519134201,0.9057432261598243,0.09476495008951193
1899,0.5675824886039702,0.9057303596110456,0.09477186067047141
1900,0.5675734107202618,0.9057186498218794,0.0947721069189291
1901,0.5675935249884974,0.9057282190293043,0.09475676201534798
1902,0.5676399698186146,0.905729640959725,0.09475516720809396
1903,0.5677489407911694,0.9057547207378998,0.09469106913855559
1904,0.5677606091470724,0.9057453552124,0.09470626144539299
1905,0.5678721098968327,0.9057412008697387,0.09467627615763252
1906,0.5677763096441172,0.9057220662979439,0.09468350547761488
1907,0.5678159218140078,0.9057269738794226,0.09468042066726856
1908,0.5678038111549211,0.9057226811867745,0.09466401920529595
1909,0.5678653718544349,0.9057401132851197,0.09464896583352925
1910,0.5678270509021923,0.9057381610130828,0.09464342225271714
1911,0.568053296552587,0.9057327961080366,0.09460299046187037
1912,0.5680008424213165,0.9056859185208197,0.09464843776576157
1913,0.5680369551588627,0.9056798349644528,0.09464364390774785
1914,0.5679957358024068,0.9056816142990061,0.09464867551395871
1915,0.5678553620657413,0.9056505970005615,0.09465218072258759
1916,0.567864660763709,0.905655846613952,0.09463345452227755
1917,0.5679173081566056,0.9056554584653779,0.09461854316054141
1918,0.5679397009868487,0.9056548551057129,0.09460541429850237
1919,0.5678864717472266,0.9056541249252267,0.09459027154712842
1920,0.5676528197062647,0.9055579793704643,0.09450604599547045
1921,0.5676486748725899,0.9055255093971577,0.09449737186810667
1922,0.5677330853949348,0.9055453856786043,0.09447239429807185
1923,0.5676874380970225,0.9055201099046146,0.09447772096985518
1924,0.5677734380103638,0.905563371176897,0.09443034302975538
1925,0.567720294089584,0.9055301172203314,0.09442883504551965
1926,0.5677562319559333,0.9055410622415146,0.09441474705644365
1927,0.567829640409505,0.9055816948640465,0.09438783002757822
1928,0.5679181648754154,0.9056125661263938,0.09436456375937549
1929,0.5678490544803413,0.9055963176890474,0.09436944879787014
1930,0.5678010295757304,0.9055757265993353,0.09433966942723955
1931,0.5678392631913436,0.9055927205893888,0.09433169360602658
1932,0.5677641324347773,0.905588796830039,0.09433738781337798
1933,0.5677521434486682,0.9055757880882184,0.09432043085373311
1934,0.5678818213521443,0.9056259783890096,0.09424335498252145
1935,0.5679079944497958,0.9056110365904279,0.09424266262223455
1936,0.5679414492878534,0.905598123924987,0.09422795705087345
1937,0.5680870932701954,0.9057049070565173,0.09416541842591389
1938,0.5680057346884759,0.9056494018103972,0.09413789269554733
1939,0.5680533747287919,0.9056879245956293,0.09413259355227596
1940,0.5681083016705191,0.9057060638161297,0.09410183392904274
1941,0.5680018909936181,0.9056929051951566,0.09408463271920997
1942,0.5678376116300184,0.9056987005223842,0.09411101198877261
1943,0.5678137272069159,0.9056785206395775,0.09411616204358668
1944,0.56787826528559,0.9057057179411625,0.09410433675010817
1945,0.5677438468392978,0.9057201908870108,0.0940841836971964
1946,0.5678492889239861,0.9057169127609331,0.09404570955423462
1947,0.5678372744326144,0.9057250792532135,0.09404938040032575
1948,0.5678829233888101,0.905762702763531,0.09401612238666486
1949,0.5678822974270704,0.9057600741137806,0.0940116346601662
1950,0.5679820448817696,0.905792882275944,0.09398022786785908
1951,0.5678939796082355,0.9057792394300168,0.09387128158294288
1952,0.5678921781752599,0.9058164209889874,0.09385912022960803
1953,0.5679880200822506,0.9058579106128267,0.09382938834932174
1954,0.5680077176927769,0.905865692799588,0.09381693335438641
1955,0.5678987985386639,0.9058587291835823,0.09382850231062523
1956,0.5678436736660282,0.9058618535874524,0.09383416209593064
1957,0.5678849112217232,0.905887732721107,0.09379168660748691
1958,0.5677924349156852,0.905891883220713,0.0937789990431813
1959,0.5677955828202705,0.9058921791359626,0.09377338580150463
1960,0.5679076104779197,0.9059883977087736,0.09372379574489206
1961,0.56784987586755,0.9059393872259259,0.09373636917252376
1962,0.5678611959528771,0.9059395832217406,0.09372227533418871
1963,0.5678994458056836,0.9059408168424569,0.09370999128052893
1964,0.5679310608852332,0.9059285075366809,0.09369796716868785
1965,0.5679769243330216,0.9059788054430175,0.09366670347900112
1966,0.5679173791174428,0.905941324125742,0.09365073633775477
1967,0.5679236370333609,0.9058956378856343,0.09363053464185407
1968,0.5679225761732027,0.9058566462476689,0.0936178964545807
1969,0.5679221613389464,0.9058626029832146,0.09360851547357779
1970,0.5681339851507015,0.9059092461440648,0.09355705234869398
1971,0.5680791497140907,0.9058923981901086,0.0935531760095543
1972,0.5680804058767684,0.9058877596224933,0.09353159292797363
1973,0.5680933929703962,0.905861523084706,0.09353362123597585
1974,0.5680100182493131,0.9058191418720624,0.09353262136675612
1975,0.5680829043895134,0.9058458049889758,0.09350252994027736
1976,0.5680700496069546,0.9058547208770183,0.09349557566867386
1977,0.5681603553561478,0.9058220779662282,0.09346314958823447
1978,0.5682060263427704,0.905824614382654,0.09342995323207812
1979,0.568283626069557,0.905857514778142,0.09338730665689796
1980,0.5682939505025402,0.9058442062780165,0.09335159877991994
1981,0.5685003067306432,0.9058495250664005,0.09329517927694846
1982,0.5684181735156105,0.9058476765568537,0.0932987029686987
1983,0.5684020606178423,0.9058584524836086,0.09329028132860911
1984,0.5684095941043584,0.905859125018267,0.0932861111049576
1985,0.5683695263795279,0.9058954188314885,0.0932492278173343
1986,0.56821857658426,0.9058388951757429,0.09324463050759631
1987,0.5681931519590111,0.9058751736167436,0.09322128951631514
1988,0.5683682136323766,0.9058276926698619,0.09317946543873323
1989,0.56835967443637,0.9057861069696427,0.09317574516767814
1990,0.5683634378001133,0.9058051646803337,0.09314721457339226
1991,0.5683385620370155,0.9057529798338984,0.09314285454931795
1992,0.5684693272597492,0.9057028318067143,0.0931306064351844
1993,0.5685533288486551,0.9057477148482871,0.0930995540082593
1994,0.5685078917423466,0.9057722873431767,0.09309893263995389
1995,0.5684946613337118,0.9057723296167838,0.0931020293320585
1996,0.5684944096481627,0.9057775407996225,0.09308259727731549
1997,0.5687063157959948,0.9057915564219031,0.09305509059307718
1998,0.5687487090544757,0.9057935509675472,0.09303594515445024
1999,0.568913267827348,0.9058505857496332,0.09299607831611022
2000,0.5688479007336336,0.9058171703847495,0.09299273801809932
2001,0.568825565107873,0.9058132350962342,0.09298184871870947
2002,0.5689225648358908,0.9058293144391524,0.09294838686253276
2003,0.5689141928273271,0.9059220742622915,0.09287978175284796
2004,0.5688809006393263,0.9058679871035369,0.09288521211916138
2005,0.5690512651953205,0.9058552396894691,0.09284149376241294
2006,0.5691193368127451,0.9058585062863813,0.09283304933590572
2007,0.5690285758563318,0.9058292952238763,0.09283409574117976
2008,0.5690382113281692,0.9058406168644684,0.09282265200553455
2009,0.5690520695149852,0.9058447942654607,0.0928091246284852
2010,0.5691982906811317,0.9058891892390243,0.09274636411694791
2011,0.5691803466744505,0.9058054874969697,0.09276318769984379
2012,0.5691706000060806,0.9058137116350778,0.09273162520647382
2013,0.569189627974887,0.9058376308105851,0.09270954178701879
2014,0.569244545581813,0.9058536332923994,0.0927097917936173
2015,0.5691201575596692,0.9058456397376027,0.09272129871102917
2016,0.5691133626044174,0.9058463699180889,0.09272296532200813
2017,0.5691344460218224,0.9058493790303033,0.09271521134037723
2018,0.5691408780983449,0.9058525495508356,0.09269841849730485
2019,0.5692514385476173,0.9059185309654056,0.09266297009390316
2020,0.5692712801568691,0.905913984631115,0.09266213387801503
2021,0.5693004307191867,0.9059461087294545,0.09263021764838755
2022,0.5693226116610616,0.9059407053938563,0.09262989089062765
2023,0.5692448222126202,0.9059338109528441,0.09263098814736886
2024,0.5692539294317178,0.9058863569073486,0.09262449228336782
2025,0.5691761572734588,0.9058747393515071,0.09262191851907473
2026,0.5691995333185867,0.9058695973436618,0.09262088367394945
2027,0.5693071738326555,0.905923492349657,0.09259135989775594
2028,0.5691971539382529,0.9058875559405682,0.0926059758702469
2029,0.5691077614912586,0.9058464429361375,0.09261226424154667
2030,0.5691091687912223,0.9058504051260392,0.092599648889518
2031,0.5691860780126765,0.905889323745956,0.09257087707969174
2032,0.569166772313055,0.9058550974964271,0.09258344955027041
2033,0.5691211100132143,0.9057881053583419,0.09259283015285447
2034,0.569072307122676,0.905740097912899,0.09263018712578776
2035,0.5691780507444846,0.9057948806646432,0.0925790201336083
2036,0.569252163630757,0.905845143983483,0.0925428610229461
2037,0.5693509443482094,0.9058792472552458,0.09251122250493653
2038,0.5693196387641221,0.9058395484951253,0.09249306594836328
2039,0.569226714438277,0.9058354018385745,0.09250322316377889
2040,0.5692096625834234,0.9058364125620897,0.09249734761373105
2041,0.5692049731125869,0.9058066288843613,0.09249482380279601
2042,0.5692140545044296,0.905784139325385,0.09250666215123202
2043,0.5691386908036475,0.9057062790272203,0.09250809451737482
2044,0.5689704643781568,0.9056744124135786,0.09251977781840541
2045,0.5689404216488004,0.9056519728143199,0.09252524403983903
2046,0.5689577619565579,0.9056592246594648,0.0925370269258127
2047,0.5688319526811151,0.9055316582854629,0.09254852536214318
2048,0.5687726582391066,0.9055162745355343,0.09256310177604583
2049,0.5687570197585872,0.9055165666077288,0.09256073234157956
2050,0.5687402881796441,0.9055071895530634,0.0925496092845649
2051,0.5687111962055359,0.9054933238099351,0.09255466233869662
2052,0.5687323346919154,0.9054689165664187,0.09253676326709
2053,0.5688343498445361,0.9054393711581121,0.09252244129163133
2054,0.5687985381270331,0.9054290294965939,0.09250613773574864
2055,0.5688044943725351,0.9054168354824735,0.09248359517553913
2056,0.5687881602678212,0.9054455584769693,0.09247115340765345
2057,0.5688050561125629,0.9054720179119576,0.09245560001293242
2058,0.5688282790013949,0.905471299260637,0.09245453795433436
2059,0.5689115536035286,0.9054775057947699,0.09243242884122102
2060,0.568951845956844,0.9054733053354465,0.09241872448938643
2061,0.5687573572799818,0.9054268696995766,0.09241478413013751
2062,0.5687711711466298,0.905485603112057,0.0923878574986959
2063,0.5686721249568157,0.9054598930728308,0.09239154341871751
2064,0.5686280380817519,0.9054507389153664,0.09239207785032943
2065,0.568627941955121,0.9054637169127455,0.09238970885333661
2066,0.5686162402668626,0.9054711378523189,0.09238426676804658
2067,0.5686377305676962,0.9054767218115111,0.0923832481698659
2068,0.5685811287995822,0.905423049702717,0.0923938516144024
2069,0.5686785949352756,0.9054861872564459,0.09236622025128582
2070,0.5687246031234151,0.9055779517282907,0.09230372269512135
2071,0.5687741855118057,0.905599211509606,0.0922769576223231
2072,0.5688571005984856,0.9056027817078782,0.09217768264746762
2073,0.5687524088725093,0.9056054257298494,0.09217552118496537
2074,0.5687076645197706,0.905502850743753,0.09214654836964305
2075,0.5686950625408052,0.9054992536440944,0.09215449123770623
2076,0.5686344608423248,0.9055994997387453,0.09211623390304398
2077,0.5687001625743059,0.9056307322482805,0.09209718794636336
2078,0.5687206939162686,0.9056593745386172,0.09206943495670743
2079,0.5687273437926827,0.9056721872846232,0.09207812764365762
2080,0.5687348756018182,0.9056342563298905,0.09205583704586208
2081,0.5687519240966463,0.9056274733374787,0.09205042454491277
2082,0.5687902185624584,0.9056448977497137,0.0920274283081232
2083,0.5687553203787865,0.9056192799438121,0.0920303070062144
2084,0.5688810605379887,0.9056202906673272,0.09204138445160764
2085,0.5688151689639259,0.9056152908525241,0.09204724404426422
2086,0.5687405628170384,0.9056163207913152,0.09204611707680072
2087,0.5688654087496084,0.9056280766971437,0.0920298427675439
2088,0.5688607345879966,0.905617808053674,0.09202683544137123
2089,0.5688872844042079,0.9056185689786018,0.09201428081731197
2090,0.5687925288562836,0.905575680482673,0.09201904317813293
2091,0.5686551696547821,0.9055188147950154,0.09203808117037612
2092,0.5687190587170694,0.9055742162786453,0.09199937693100371
2093,0.5687694155269248,0.9055847116623712,0.09198215184355275
2094,0.5687743506061285,0.9055914446950655,0.09198930255806545
2095,0.5684733513296467,0.9053476297445985,0.09200786631975912
2096,0.5684689482518442,0.9053069471623492,0.09199604724847221
2097,0.5685794880515174,0.9052856258921509,0.09196270459661379
2098,0.5685680787246872,0.9052848957116646,0.09196215232269508
2099,0.5686263090963419,0.905332933901549,0.09192851659843683
2100,0.5686023242660259,0.9053232417163579,0.09192278793561806
2101,0.5686028013968771,0.9053217006512264,0.09191345590445436
2102,0.5685742165368448,0.9053541783106435,0.09189261939226513
2103,0.5684232111947033,0.9052998951560741,0.0919112442684504
2104,0.5684672817250613,0.9052450163279502,0.09195999386482859
2105,0.5685996203703388,0.9052981542520727,0.09192407102897973
2106,0.5685816032434604,0.9052906487652852,0.09192040620182945
2107,0.5685360550054629,0.9052429103337056,0.09193123557322876
2108,0.5686077966386699,0.905232603259684,0.09191463271814672
2109,0.5685888794875468,0.9052281991184354,0.09191729571394221
2110,0.5687221391345596,0.905261552994436,0.09189632179142791
2111,0.568537581787055,0.9052345747469969,0.09191086287433911
2112,0.5686298503665462,0.905282424627177,0.09187823514937297
2113,0.5686789535689917,0.9053331644848605,0.0918228795747763
2114,0.5687346379816528,0.9054130462300555,0.09179498451162256
2115,0.5687615228042577,0.9054107672983274,0.09178600528101441
2116,0.5687795719006256,0.9053890117628925,0.09177930919503147
2117,0.5688666907362956,0.9054125889064878,0.09176535048842802
2118,0.5687500143354336,0.905347541354329,0.09177871392517224
2119,0.5686981766570243,0.9053107095133809,0.0917799653888702
2120,0.5687097931301897,0.9052921744581959,0.0917780818380491
2121,0.5688113915222864,0.9052884620668816,0.09174858679869666
2122,0.5688121256892614,0.9052774017540426,0.0917479329115864
2123,0.5687679426472775,0.9052267887171804,0.0917414753368678
2124,0.5688409611207207,0.9053035652737813,0.09168943269361013
2125,0.5687777611656587,0.9053342366972587,0.09167334074590515
2126,0.5687501461690622,0.9053357662332246,0.0916859272368339
2127,0.568750263217259,0.9053512921761953,0.09167483985815914
2128,0.5687333253277983,0.90534131560492,0.09167343120725047
2129,0.5686930335882201,0.9053085305010877,0.09167466337088848
2130,0.5687624363338643,0.905325601352245,0.09166524059219877
2131,0.5686804847053232,0.9053615108599474,0.09164199453809754
2132,0.5686622375991376,0.9053644085235613,0.09164135948286845
2133,0.5686580839973717,0.9053618721071354,0.09163970714012544
2134,0.5686234048379053,0.9053158707365021,0.09166250946264116
2135,0.5686525371009812,0.9053698656619321,0.09163042618312697
2136,0.5688036344655917,0.905450469901503,0.09158813262392426
2137,0.5685476329479958,0.9053733628421557,0.09159837800311552
2138,0.5685983234880405,0.9053876628505205,0.09157924623502273
2139,0.5686016059854686,0.905403730664273,0.09156073993849696
2140,0.5686057446413555,0.9053982735259022,0.09156048945456809
2141,0.5686115226063717,0.9054058289724073,0.09155457515674909
2142,0.5686176859622605,0.9054078427333272,0.09155775353471544
2143,0.5685789692663397,0.905430605149222,0.09155209238870023
2144,0.5686217904336391,0.9054828899150922,0.09152478512776148
2145,0.5689938024597687,0.9057303288666041,0.09136133349065913
2146,0.5690013617094676,0.9057202408467283,0.09135546758549269
2147,0.5689616843189829,0.905705687196721,0.0913586638211976
2148,0.5688573236144617,0.9057022784067668,0.09136008442184584
2149,0.5688683054598798,0.9057421462613157,0.09134426086409508
2150,0.5689253214211456,0.9057857534085652,0.09131693389510376
2151,0.5688325858594064,0.9057384607713878,0.0913238814303671
2152,0.5687741366146143,0.9057275810821427,0.09132058610248776
2153,0.5688019949807103,0.9057677333227757,0.09127465743445984
2154,0.568845820095224,0.9057316739359208,0.09124366040539379
2155,0.568845392624338,0.9057057986453215,0.09124536070444342
2156,0.5688859695605546,0.905676937300839,0.09124475779208378
2157,0.5689773393225325,0.9057223622131937,0.09123584787923159
2158,0.5690008454024311,0.9056983085307547,0.09123340988654041
2159,0.5690331389832787,0.9057279999751585,0.09121121719633633
2160,0.5689062670719004,0.9057892275304575,0.09119799069373584
2161,0.5689087475435765,0.9057933741870084,0.09119956235956658
2162,0.5688325501244644,0.9057899653970543,0.09119979434636823
2163,0.5688954201380214,0.9057740782068956,0.09119491341399882
2164,0.5689087687551465,0.905778659128683,0.09117910431036917
2165,0.5689378894712375,0.9057861992029672,0.09117417626252096
2166,0.5689252117093666,0.9057894273693275,0.09115614344439338
2167,0.568978009717292,0.9057751811637353,0.09114557721577242
2168,0.5689747746413257,0.9057864374723891,0.09114361905014635
2169,0.5690646222071446,0.9058276657684755,0.09112181613599489
2170,0.5690442234009286,0.9058206521927523,0.09113565566086346
2171,0.5690703226310244,0.9058060024663652,0.09114491980835546
2172,0.5690599971569278,0.9057872060834272,0.0911444408943245
2173,0.5690439607528288,0.9057892006290712,0.09112715020277316
2174,0.5690374323162228,0.9057589442555545,0.0911261487099295
2175,0.5690478117224271,0.90577225275568,0.09111475192187206
2176,0.5690816709552826,0.9057523342006264,0.09111666566014093
2177,0.5689893913650346,0.9057496555911584,0.09112104857773044
2178,0.5688979232652266,0.9057125355210709,0.09112978945558974
2179,0.5688953876474165,0.9056737091344788,0.09113192391329103
2180,0.568999612157694,0.9057193646301449,0.09111450043543738
2181,0.5689688146614568,0.9056957836434945,0.09111856259674281
2182,0.5690654252487097,0.9057391909518739,0.09105710297773664
2183,0.5690286442363207,0.9057143263847898,0.09106340989745261
2184,0.5690518354105801,0.905738084151979,0.09105484433890204
2185,0.5690125870864161,0.9057280191904344,0.09104151559194941
2186,0.5690296242403221,0.905719668231505,0.09103935072883322
2187,0.5690441963156023,0.9057439909278072,0.09101795499219156
2188,0.5690600367964115,0.9057511582257379,0.091019251989033
2189,0.5692142073687053,0.9057772986871455,0.0909964418134592
2190,0.5691939827535293,0.9057846043350631,0.090992672640252
2191,0.5692724360968302,0.9058463199583714,0.09095975121214896
2192,0.5691652054256412,0.9058039925485004,0.0909743933603607
2193,0.5691622231901862,0.9058035275388223,0.09098220675276597
2194,0.5691246616439267,0.9057887778930003,0.09097201649357634
2195,0.5691733784559716,0.9057738975833016,0.09095800813539859
2196,0.5692443457004466,0.9057912989372054,0.09093872199800868
2197,0.5692884107977164,0.9057714956738074,0.09094032019420825
2198,0.5693735008065132,0.9057622031663563,0.09092795418518042
2199,0.5692993384814151,0.9057574992668027,0.0909304496622842
2200,0.5694039215083664,0.9057465696178402,0.09091710675718405
2201,0.5695063162569927,0.905753979028248,0.0909002632875033
2202,0.5695691061422395,0.9057556815016975,0.09087385448516122
2203,0.5695027576164617,0.9056860145971996,0.09088976478557671
2204,0.5695593074769176,0.9057064250633176,0.09088037893022725
2205,0.5696086197246087,0.9057068977591061,0.0908700720773392
2206,0.5696373219833561,0.9057065019244214,0.09087395112318716
2207,0.5695996055636627,0.9056663381546228,0.09086737572415324
2208,0.5695758666062631,0.9056537675210939,0.09086651522893395
2209,0.5695754507435509,0.9056533447850229,0.09086913605746451
2210,0.5695640814446188,0.9057149681750066,0.0908367707448193
2211,0.5694765983208384,0.9057134770695926,0.09082659258564747
2212,0.5693971323957693,0.9057017057915434,0.09083344164020933
2213,0.5693570229426521,0.9056669914740053,0.09083194188095399
2214,0.5694538413157002,0.9056544246835315,0.0908112555129301
2215,0.5694501190942065,0.9056473419328149,0.09081031735733833
2216,0.5694709881281076,0.9056068169158284,0.09081929311038066
2217,0.5694124267433681,0.905580595750262,0.0908248244783224
2218,0.5695549586883114,0.9056333993285829,0.09076695208657524
2219,0.5696148697990547,0.9056461275273747,0.09076171044068371
2220,0.5695554411170569,0.9057008334180151,0.09073971942942734
2221,0.5694925801254794,0.9056907108106426,0.09074586715723632
2222,0.5695289083382776,0.9056822906767197,0.0907382873237025
2223,0.5694908023966209,0.9056599240955094,0.09073606538146768
2224,0.5695058089308075,0.9056657078935716,0.090729435421766
2225,0.5695554971302019,0.905662191498072,0.09068404858066895
2226,0.5694077726075997,0.9056269314666968,0.09069518857695695
2227,0.5694240203135968,0.9056148642733979,0.09066931547268646
2228,0.5693379087722612,0.9055522609043405,0.09056936790949373
2229,0.5693469257275052,0.905547253403427,0.09055193158359477
2230,0.5693538006590405,0.9055293063356862,0.09055598666987098
2231,0.5694594318953456,0.9055501971837031,0.09054483879970701
2232,0.5694249844417681,0.9055346635546221,0.09055286394169719
2233,0.5694386310992215,0.9055509043058582,0.09053546083881892
2234,0.5694094986714182,0.9055208477712113,0.09051678427988853
2235,0.5693259444092634,0.9055199062226895,0.09051755151357505
2236,0.5693375132740658,0.9055372845182622,0.09051145589206233
2237,0.5693176444357272,0.9054991652538251,0.09051879082343176
2238,0.5697759197396098,0.9056320042995487,0.09021657551821312
2239,0.5697932013147234,0.9056101181002373,0.09020876591401132
2240,0.5698946145423635,0.9056397980154756,0.09018768976349696
2241,0.5699626277854453,0.9055831475389086,0.09014582989140296
2242,0.5698282908790577,0.905552068751581,0.09015751081158957
2243,0.5698190266426816,0.9055709727400643,0.09014445069751757
2244,0.5697442226961764,0.9055561462331384,0.09014799566711389
2245,0.5697927696258381,0.9055627255436249,0.09012940682181876
2246,0.5698642570884142,0.9055503240045244,0.0901029407369201
2247,0.5699418718011054,0.9055433027426909,0.09007836946884631
2248,0.5699101619501232,0.9055278190733274,0.09008214540927803
2249,0.5698507665625766,0.9055247215708436,0.09009820338520666
2250,0.5698801046771304,0.9055585058690255,0.09008590623505983
2251,0.5699447164481954,0.9055901342132454,0.0900657685399893
2252,0.5699167205930046,0.9055928089796582,0.09006167905338293
2253,0.5699014265345207,0.905588796830039,0.09006110048444292
2254,0.5698709747230951,0.9055611498909968,0.09005706978298313
2255,0.5698612574886593,0.9055664648363255,0.09004255714447047
2256,0.5699023070862183,0.9055657154405633,0.09003362607343134
2257,0.5700178473464532,0.9056668377517977,0.08977003619414287
2258,0.5699877484454134,0.9056806727504844,0.08975506965981991
2259,0.5700218650275837,0.9056421883958041,0.08975010580600548
2260,0.570038113940852,0.90563062079968,0.08973809288510456
2261,0.5699682662428711,0.9056205942686874,0.08974471402258791
2262,0.570084600374036,0.9056350672145357,0.08971165841480172
2263,0.5700848914165214,0.9056259053709609,0.08970434452164858
2264,0.5701757053928818,0.9056271313055668,0.08968012084256997
2265,0.5699880942515966,0.9055710803456096,0.08969614093652996
2266,0.5700437074205078,0.905568709180557,0.08969413420824975
2267,0.5701313316901612,0.9056596128080391,0.08965874388554099
2268,0.5697925823621479,0.9054598661714445,0.08965125261010945
2269,0.5699668270444253,0.9055283378857781,0.08962306916803657
2270,0.5699154521945404,0.9055020283299422,0.08962792120217977
2271,0.5700774473623619,0.9055047069394101,0.08960071025102208
2272,0.5702533906025765,0.905423372519353,0.08957247834960838
2273,0.570330490956783,0.9054617185240463,0.08955458996698826
2274,0.57026952324837,0.9054026738240957,0.08957761280965908
2275,0.5702938395065831,0.9054172620615998,0.08956380101440084
2276,0.5702897422706308,0.9053810220511509,0.08958049468882676
2277,0.5703233041638318,0.9054017361186291,0.08956448306603057
2278,0.5703340308286268,0.9053484291000782,0.08955822081556648
2279,0.570334934954587,0.9053842041008489,0.08955221683188151
2280,0.5703667499031725,0.9053975625606919,0.08954839605539042
2281,0.5703550757733307,0.9054181075337417,0.08953322204346555
2282,0.570361657188709,0.905423553142947,0.0895309563105318
2283,0.570428988701892,0.9054649082598547,0.08951356475299178
2284,0.5704440713169232,0.9055059021295745,0.08949427785425175
2285,0.570461374539959,0.9055071242211251,0.08949228792438518
2286,0.5704924847500111,0.9055434218774018,0.08948064724575273
2287,0.5703910569028731,0.9055146988829061,0.0894928498989778
2288,0.570419528680989,0.9055400553610546,0.08947936644925782
2289,0.5702636458537153,0.9054293984298921,0.08950089062317612
2290,0.5702480498635011,0.9054041764586752,0.08947394265249392
2291,0.5702747036404338,0.9053827706412627,0.0894715362500279
2292,0.5704118088218778,0.9054203365057524,0.08945716964154878
2293,0.570412144260464,0.9054406931690978,0.08944300479732113
2294,0.5704033909934216,0.9054512769430931,0.08942872239660857
2295,0.5704261076677454,0.90544990497239,0.08942716746693494
2296,0.5703399690024166,0.9054054907835505,0.08942801785955007
2297,0.5703793936288063,0.9054150061882028,0.08939958182759769
2298,0.570467564881021,0.9054106712219476,0.08938802668683864
2299,0.5704386243212272,0.9054625755253539,0.08923774138705869
2300,0.5704084090110768,0.9054545358538949,0.08922873282482872
2301,0.5704091233928765,0.9054870250424775,0.0892113016318861
2302,0.570449688572205,0.9054834932747572,0.08920383496638426
2303,0.5703911339878251,0.9054656076958995,0.0892140794018752
2304,0.5704372587835551,0.9054977548525701,0.08919850543733979
2305,0.5704472838676994,0.905491951839232,0.08919928566347236
2306,0.5704483762295416,0.905494611233424,0.08920605210110946
2307,0.5703391423563495,0.9054805763958674,0.08921442116041288
2308,0.5702019336933772,0.9054780361363863,0.08922570831534907
2309,0.5702395043055544,0.9055218354363953,0.0891964813046584
2310,0.5702031281590726,0.9054981160997579,0.08920922225683846
2311,0.5701176393275317,0.9054313353297083,0.08921474910720575
2312,0.5699791680953641,0.9054073892528147,0.08922113589021881
2313,0.5700264718548762,0.9053858220270842,0.08921467649148174
2314,0.5697917521770786,0.9053220849567455,0.08924195742631519
2315,0.5698017270305965,0.9053155901934732,0.0892353654728789
2316,0.5697722406464911,0.9053005907490637,0.08923094833670603
2317,0.5697722406464911,0.9053005907490637,0.08925013404174177
2318,0.5698751042125035,0.9053111130341759,0.0892330239343002
2319,0.5698624740515779,0.9052907179402786,0.08923610359112061
2320,0.5699231280997588,0.9052856143629853,0.08923081211870383
2321,0.5698786247634524,0.9052630095123533,0.08923474840808615
2322,0.5698026299202047,0.9052086456536249,0.08924044540436006
2323,0.5698407306719818,0.9052362925926671,0.08923316445642199
2324,0.5698673440960862,0.9052190103734743,0.08923585854298953
2325,0.5698932491547567,0.9052248633465299,0.0892374014651229
2326,0.5698307238070046,0.9052110360339535,0.08923690661516416
2327,0.5698155161846725,0.9052082113883884,0.0892420866064843
2328,0.5698647285266019,0.9052169428097817,0.08923260390712057
2329,0.5698926107671012,0.9052197905136781,0.0892210352239724
2330,0.5699752746326799,0.9052369804995463,0.08919887085655404
2331,0.5699875813435936,0.9052394631131995,0.08919194082882365
2332,0.5700240204412343,0.9052205360663851,0.08919343043728012
2333,0.5700400252192236,0.9052068932204579,0.08918366851102959
2334,0.5700428896873968,0.9052216390232248,0.08918489536999498
2335,0.5700473428474137,0.9052360274218589,0.08918116129652962
2336,0.5702318490374846,0.9053090493135385,0.08914201520573525
2337,0.5702260820469965,0.9052886465335308,0.08913877118860433
2338,0.5702669458237136,0.9052804070232018,0.08913273180680975
2339,0.5703133883715296,0.9052794885330112,0.08910539425504253
2340,0.5704107812782948,0.9053106057508907,0.0890793525092656
2341,0.5705492245199941,0.9053758070252571,0.08905111883446949
2342,0.5705158756445373,0.9054057751696346,0.08904322589363178
2343,0.5704902703478695,0.9053967478329915,0.08904684786898648
2344,0.5704891517177599,0.9054243524984267,0.08904110158106525
2345,0.5704914818301889,0.9054240296817907,0.08903199532919563
2346,0.5704975687997871,0.9054320578240841,0.08901957386520115
2347,0.5705424145582269,0.9054356626098531,0.08900893434569666
2348,0.5705524154780248,0.905437272849978,0.0890109217613942
2349,0.5704826511447562,0.9053875283435888,0.08901325994827472
2350,0.5705485309970635,0.9053683169106903,0.08899754453483319
2351,0.5705343977544103,0.9053371689483692,0.08900185695758128
2352,0.570555918836716,0.9053618336765835,0.08898500138330255
2353,0.5704021323455214,0.9052633592303756,0.08899334429420785
2354,0.570487734215524,0.905290202970883,0.08897878185123824
2355,0.570574873489757,0.9053334065973375,0.08895312360963735
2356,0.5706222217327317,0.9053711646145867,0.08893494302563588
2357,0.57046529393819,0.905322699845576,0.08895153613482082
2358,0.5703797441662711,0.9052823938827355,0.08895851199703364
2359,0.5703719106381833,0.9052457926250987,0.08897167390017174
2360,0.5703807043421898,0.9052227419800646,0.08896936192766197
2361,0.5703756348392826,0.9052244252382381,0.08897058977168515
2362,0.5703830375623428,0.90514750264554,0.08895364664184474
2363,0.5704095248635852,0.9051353124744749,0.08894769112479604
2364,0.5703366144285746,0.9051079422354064,0.0889370091757403
2365,0.5703379024908374,0.9051160664540796,0.08893415827804683
2366,0.5703412716920665,0.9051044219968516,0.08892371937018179
2367,0.5702950906887305,0.9050971586225411,0.088931042496754
2368,0.5703179636141981,0.9050584167831631,0.08892174959486346
2369,0.5702321300847194,0.9050148557525759,0.08892848864856098
2370,0.5702466427389415,0.9050138757735023,0.08892420196840925
2371,0.5703165607761473,0.9050226648407236,0.08891705998645705
2372,0.5702769209738856,0.9049960324682517,0.08891737320766246
2373,0.5703244612397605,0.9049821282945715,0.08891067079844461
2374,0.5703807015789205,0.9050006172330942,0.08890445489201457
2375,0.5703605248392525,0.9050107513696322,0.0888976012573008
2376,0.5703145793091736,0.9049928427324433,0.088896093580386
2377,0.5702966045050164,0.9049899296966087,0.08889665656416504
2378,0.5703039670599696,0.9050095023766952,0.08889160408216587
2379,0.5704111543627577,0.905143575043135,0.08884183908812582
2380,0.5704704748163353,0.9051577482306785,0.08882764390702379
2381,0.5704576938095951,0.9051863905210152,0.08882175917054115
2382,0.5703742051702355,0.9051478408343968,0.08883289596302839
2383,0.570527360170579,0.9051761641511527,0.08877957121206312
2384,0.5706838585130207,0.9052431101725755,0.08874558324751061
2385,0.5705942410296763,0.9052163970959446,0.08874907432458819
2386,0.570700789528501,0.905229820887726,0.0887268081160645
2387,0.5707059780424413,0.9052378067564123,0.08872071045274235
2388,0.5705988244471526,0.9051276148349279,0.08873300881333358
2389,0.5703864997051601,0.9050831814308123,0.0887456429521556
2390,0.570480428679189,0.9051782932037283,0.0887145500870574
2391,0.5705766142145454,0.9051816443478546,0.0887022945165618
2392,0.5706663888039638,0.9052897033737083,0.08864830508858157
2393,0.5706047128485893,0.9052892422070854,0.08865248281592938
2394,0.5706262142793388,0.905322780549735,0.08864402042941259
2395,0.5706663197647294,0.9053408083216349,0.08864111652675168
2396,0.5705360865901381,0.9053087726135648,0.08864747816384236
2397,0.5703047954098901,0.9051750266068161,0.08865531946552532
2398,0.570333184222715,0.9052093489327248,0.0886396933487102
2399,0.5703242134350668,0.9051824283311135,0.08863568930467308
2400,0.5702384618624943,0.9051066279105311,0.08864726530880432
2401,0.5702806298230012,0.9050710373764096,0.08863982272479565
2402,0.5702526042170684,0.9050539703683074,0.08864389824582738
2403,0.5703632683501852,0.905100601999992,0.08861852247161223
2404,0.570408013553243,0.9051260737697964,0.08861007257599522
2405,0.5703035288601357,0.905045381139956,0.08862350799283435
2406,0.5702997740956898,0.9050459153246276,0.08862012148926905
2407,0.5703065482131863,0.905031338616289,0.08861715731231297
2408,0.5702867050996592,0.9050409539403763,0.0886173259229535
2409,0.5702891611334463,0.9050360233005666,0.08861592852536429
2410,0.5703114107502812,0.9050531018378343,0.08861192997550768
2411,0.5702346605591959,0.9051099944268782,0.0886061295733469
2412,0.5702016992011716,0.9050914978022452,0.08860862510904313
2413,0.5701561664447831,0.9050859023138874,0.0886023461222561
2414,0.5701642306243642,0.9050910750661741,0.08860281023632909
2415,0.5700430266075388,0.9050340979299161,0.08861232080020565
2416,0.5700283614131769,0.9050126421527861,0.08860437736223621
2417,0.5700394743745157,0.905018645004994,0.08860505621321851
2418,0.5700600563244862,0.9050385405017165,0.08859787500729963
2419,0.5700315671732934,0.9050333101036019,0.08860201823987161
2420,0.5700146059707156,0.9050155244441791,0.08860787825528824
2421,0.5699785878816399,0.9050325876092261,0.08859927369874106
2422,0.5698874798624781,0.9050078959796255,0.08861537412079985
2423,0.5698836069309687,0.9050207932728457,0.088608921811483
2424,0.5698824790525502,0.9050063472283836,0.08861301042048363
2425,0.5698860643095273,0.9049969394292766,0.08861406143015048
2426,0.5699396336708646,0.905032887367531,0.08858945594436864
2427,0.5700804101731152,0.9049759794062663,0.0885814586774022
2428,0.57013538825877,0.9049337711311062,0.0885796065867647
2429,0.5700889763514915,0.9049248706152845,0.08857763182952758
2430,0.5700796256931334,0.904921396493392,0.08857899045584525
2431,0.570040301702654,0.9049194672796862,0.088582787027987
2432,0.569975716880662,0.9049190829741671,0.08857709903509024
2433,0.5699722966368191,0.9049114352943376,0.08857329073611207
2434,0.5699156133816811,0.9048619521157014,0.08858378298109477
2435,0.5698885582790767,0.904848001825359,0.08859020128059014
2436,0.5698709366740283,0.9048361882737026,0.08858904495401851
2437,0.5698965967607178,0.9048364995611731,0.08858483722585293
2438,0.5699716098457717,0.9049001482412423,0.08855876728815816
2439,0.570162099970547,0.9049685546236377,0.08851694501135375
2440,0.5700256351732285,0.9049526828057,0.0885301391112291
2441,0.5700031011138327,0.9049839037860696,0.08851934765386307
2442,0.5699587431130977,0.9049571023191693,0.08852299980765263
2443,0.5699134918256284,0.9049400660555087,0.08852277930063697
2444,0.5699557515905562,0.9049338057186029,0.08851674512895474
2445,0.5700015828275634,0.905009921269711,0.08847359139177322
2446,0.570141003928389,0.9050670060115145,0.08844681602354007
2447,0.5699487459926256,0.9050050713340603,0.08845560238328083
2448,0.5698955830286471,0.9050001406942505,0.0884533008068978
2449,0.5699772506871537,0.9050274648166567,0.08843464206158856
2450,0.5700388268518769,0.9050484594271638,0.08842335675056055
2451,0.5700928807587589,0.9050422106194237,0.08841426048729276
2452,0.5701206642916576,0.9050219385032925,0.08841125532426554
2453,0.5702665856770698,0.9050583975678872,0.08837687702845866
2454,0.5702747499276158,0.9050716445791297,0.0883719233709
2455,0.5703265260754214,0.9050601653732749,0.08835829546179189
2456,0.5703551480897447,0.9050819747114824,0.08834984574043482
2457,0.5703821724495897,0.9050975967308329,0.0883440719293217
2458,0.5703565682168191,0.9050339249924324,0.08834175174449532
2459,0.5704280817985452,0.90504989288675,0.08832506528264276
2460,0.5703531829348919,0.9050122924347637,0.08833979741275731
2461,0.5703554169831582,0.9050117428778715,0.08833939867450968
2462,0.5703959664762728,0.9050419838791675,0.08832703690027507
2463,0.5703981623350184,0.9050330257175178,0.08832829581870882
2464,0.5703223094338568,0.9050066662019645,0.08833392508243018
2465,0.5703414506267869,0.9050475025064214,0.08832188067221575
2466,0.5702708478389994,0.9050267461653361,0.08832621562769556
2467,0.5703823178302697,0.9050623443855681,0.08830672729228063
2468,0.5703941282565285,0.9050990455626398,0.08829256881485541
2469,0.5704665837950479,0.9050849492362001,0.08828212362803571
2470,0.5704726751247428,0.9050964092267789,0.08827793249273773
2471,0.5704919327792942,0.9051271190808082,0.08826871310753445
2472,0.5704406282047203,0.9051065664216481,0.08827575672662784
2473,0.5704692922488978,0.9050994759848211,0.08827283190714182
2474,0.570357115183003,0.9050458154051927,0.08828161216706039
2475,0.570368444643668,0.9050470259675777,0.08827464780040539
2476,0.5703257089308538,0.9050292864248172,0.08828416823041244
2477,0.5704668705860628,0.9050044718174505,0.08826597835514613
2478,0.5704231908290975,0.9050126152513998,0.08826763386643974
2479,0.570545751782932,0.905004621696603,0.08824572544782971
2480,0.5705341169275738,0.904979599564256,0.08824911168225572
2481,0.5705810553816096,0.9049702186665354,0.08823356183449269
2482,0.5707079936759339,0.9050069313727725,0.0882140007485928
2483,0.5707071021463861,0.9050203321062228,0.08821197041048495
2484,0.5707656486751455,0.9050943455061414,0.0881918381703525
2485,0.5707512057011385,0.9050599885927362,0.08818802798130464
2486,0.5707200127442275,0.9050516030463099,0.08818983633419669
2487,0.570737302956979,0.9050340210688123,0.08818968649459309
2488,0.5707171376432426,0.9050531863850485,0.08818716336367596
2489,0.5708119595114349,0.9050854027167126,0.08816933069781586
2490,0.5707964885521088,0.9051410924294818,0.08815735019359008
2491,0.5707481738963013,0.9051104555935011,0.08816926902193235
2492,0.5708433214264181,0.9051160779832452,0.0881553346702832
2493,0.570811448166378,0.9050762793036897,0.08818913697539696
2494,0.5706130339169083,0.9050478868119405,0.08820520494285802
2495,0.5706184604939286,0.9049937765948547,0.08821248857738687
2496,0.5705786132460511,0.9049801068475412,0.08821645201379713
2497,0.5704780993395847,0.9049519641543793,0.0882214250717583
2498,0.5705203003586241,0.9049708796720282,0.08821163780206857
2499,0.5705234931711682,0.9049846109082247,0.08820607729330077
2500,0.5705464682428868,0.904986409458054,0.08820393234528001
2501,0.5704879185553831,0.9049194557505207,0.0882115302781234
2502,0.5705588283429689,0.9049330063631232,0.08820248183629696
2503,0.5706038627936085,0.9049239252237075,0.08818721309060654
2504,0.5706191715569061,0.9049785158226922,0.08816663276312856
2505,0.5706418549011688,0.9049775435297289,0.08816614073630387
2506,0.5705941060789319,0.9049038644756118,0.08817110609174907
2507,0.570593168859898,0.9049030190034698,0.0881716288310704
2508,0.5707042337637982,0.9048878312493559,0.08816640330940868
2509,0.570715049664588,0.9048472293712656,0.08816798662668884
2510,0.5707481576897856,0.9048168538630379,0.08816650709752442
2511,0.5707655591168027,0.9048420912064756,0.08815812729027091
2512,0.5707274370395437,0.9048688427136584,0.08815078042801539
2513,0.5707174628518051,0.9048155203228867,0.08816089845518349
2514,0.5706851216898169,0.9048084491013357,0.08816246128154524
2515,0.5706606691546605,0.9047975079232077,0.08816462047491332
2516,0.5706519912119539,0.9047758753655389,0.08816855092918872
2517,0.5706009625972183,0.9047681200801639,0.0881768216249958
2518,0.5705637161748419,0.9047470447654978,0.0881797277850484
2519,0.5705613345862488,0.9046764939583061,0.0881922698557509
2520,0.5705432975941724,0.9046888071071372,0.08819336726665122
2521,0.5705862820409205,0.9046712328157499,0.08819297673626653
2522,0.5705678971764344,0.9046647034649808,0.08819035507219553
2523,0.5705943359692797,0.9046587582586008,0.08818864355504655
2524,0.5705591520188483,0.9046539198521155,0.08819256645269599
2525,0.5705277447473859,0.9046344547775744,0.08820003274683567
2526,0.570479636779712,0.9046334017804522,0.08819896493674256
2527,0.570472236851051,0.9046099053410158,0.0882042416487768
2528,0.570521581926765,0.904610089807665,0.08819231990313231
2529,0.5705128147890419,0.9046078992662063,0.08819063876927499
2530,0.5705066779480502,0.9046139290198005,0.08818976105904817
2531,0.5704583705856425,0.904593530082848,0.08819076350898107
2532,0.5704576205023861,0.9045850138725453,0.08819381822283028
2533,0.5705484264453988,0.9046153855377178,0.0881797132025615
2534,0.5704956742820814,0.904621615130182,0.0881810831790854
2535,0.5705848435547768,0.9047443776851956,0.08808152673412292
2536,0.5705178197645396,0.9047218996553847,0.08808871972329271
2537,0.5706242372382293,0.9047688195162087,0.088068534466593
2538,0.5705980773898804,0.9047400696203267,0.08806976415914927
2539,0.570741298289238,0.9047678971829629,0.08806231870158934
2540,0.5708821918611663,0.9048236406985048,0.08801922881752587
2541,0.5709228615127443,0.9048199206210802,0.08801333539359948
2542,0.5708993704465921,0.9047883153351914,0.08801906308157935
2543,0.5709103880347841,0.9048084375721702,0.0880127991094789
2544,0.570998796055928,0.9048732968146245,0.0879927202866585
2545,0.5710370032407445,0.9048985841177797,0.08798649862573833
2546,0.5710845134843726,0.9048982382428125,0.087987246853185
2547,0.5711786786246449,0.9049041027450336,0.08797408892377091
2548,0.57119820512293,0.9048998869134893,0.0879716962129319
2549,0.5712025139415385,0.9048917050489882,0.08796897537602992
2550,0.571212616950276,0.9049194711227414,0.08796075026175534
2551,0.5710815587468557,0.9048519140555432,0.08797523671675936
2552,0.5710874639215467,0.9048545849789007,0.08797669287274694
2553,0.5711885684290834,0.9048568177939665,0.08796111093496638
2554,0.5710989491455191,0.9047972773398962,0.08797871938789298
2555,0.571045084670066,0.9047657719734424,0.08798858104741099
2556,0.5710420038405349,0.9047611372488824,0.087989942595721
2557,0.5710114024812184,0.9047320491641435,0.08799322354979983
2558,0.5709393567935701,0.9047260808994323,0.08799643447479329
2559,0.5710157977288653,0.9047262653660815,0.08798335411559002
2560,0.5709991249605103,0.9047415299812992,0.08798090057085022
2561,0.5709217271657336,0.9047882769046395,0.08797516054739532
2562,0.5709606019335979,0.9047742766545795,0.08797241272842934
2563,0.5709424891109245,0.9048004094298767,0.08796754992581426
2564,0.5709087537011203,0.9047914820126686,0.08796279941356885
2565,0.5708345500549185,0.9047509454665165,0.08797294258983294
2566,0.5707877010302775,0.9047654799012479,0.08796711156625316
2567,0.5707983905476103,0.9047436167602677,0.08796868190356368
2568,0.5707694864178117,0.9047250586467516,0.08797178100497974
2569,0.5708859518494119,0.9047359767665485,0.08796030701978794
2570,0.570886034553862,0.9047283444589397,0.08795905639607425
2571,0.5708588323715423,0.9047279294089791,0.08795343257607384
2572,0.5709611221078127,0.9047620595821282,0.08793381860690336
2573,0.5709511497539239,0.904793826276335,0.08792540581082064
2574,0.5709020321759826,0.9047934265985951,0.08792423083455332
2575,0.5710528177142404,0.9048045868308691,0.08789507999765002
2576,0.5711207585536895,0.9048585356396368,0.08787970217982828
2577,0.571329040141633,0.9047347085583356,0.0878536797359498
2578,0.5713518422484446,0.9047449195559774,0.08785023245335279
2579,0.5713799967276069,0.9047395815523175,0.08784726842974615
2580,0.5714362945845396,0.9047494351458265,0.08784125423514566
2581,0.5715669469993812,0.9047269648021262,0.08782441974696044
2582,0.5716694373031327,0.9048018774769595,0.08779960199480481
2583,0.5716394365151918,0.9048045868308691,0.08780052413565836
2584,0.5716022949407659,0.9048067773723277,0.08780216539329416
2585,0.5715794977006039,0.904795278951197,0.08780643773234059
2586,0.5715606708417964,0.9048062086001596,0.08780503727892457
2587,0.5714585068183358,0.9047908978682796,0.08781344448760581
2588,0.5715395746280978,0.9048257735941356,0.08779716315519552
2589,0.5715826771110282,0.9048404233205228,0.08779004540400619
2590,0.5714605846174716,0.9047813939927929,0.08780528153966408
2591,0.5715258721940313,0.9047728777824902,0.08779924039313301
2592,0.5716143883029772,0.9047930192347449,0.08779081427433758
2593,0.5716187113141327,0.904792073843168,0.08779260036829421
2594,0.5715808490938004,0.9047898640864332,0.0877826650746584
2595,0.5716493031233185,0.9047867934853359,0.0877737939664365
2596,0.5716884398911122,0.9047929923333585,0.08777142203900154
2597,0.5716987040227561,0.9047827275329441,0.08776980902435746
2598,0.5716542296889957,0.9047922621528723,0.08776830628751532
2599,0.571683603475131,0.9047369375303462,0.08776674745980524
2600,0.5717144662377607,0.9047562181382383,0.08776003774920949
2601,0.5716370854728278,0.9047023500336294,0.08777609530116805
2602,0.5716450004309978,0.9047071884401146,0.08777374957134208
2603,0.5715894739849844,0.9046861361837797,0.08778253881300731
2604,0.5715600319848021,0.9046688116909797,0.0877866487288274
2605,0.57153450415592,0.9047060585818885,0.08778260844092785
2606,0.5715496123534993,0.9046897448126038,0.08778015190552449
2607,0.5715561430971265,0.9047127608701412,0.08777655180224722
2608,0.5716378819225507,0.90469379923583,0.08776787645310415
2609,0.5716986682130458,0.9046845144144892,0.08776445104424069
2610,0.5716304975647509,0.9046583316794745,0.08777124118156211
2611,0.5716801915839586,0.9046883651557903,0.087760418322611
2612,0.571761501476227,0.9046929806650744,0.08774852602947264
2613,0.5716992085906287,0.904662532138798,0.08775455477216872
2614,0.571678299788487,0.9046781695303692,0.0877500488465041
2615,0.5716472196164594,0.9046827043354942,0.0877502632856726
2616,0.5715525812938916,0.9046327369319042,0.08775818336899255
2617,0.5715805378221536,0.9045920082329925,0.08775725559881839
2618,0.5717616231094133,0.904634627715058,0.08772502994015054
2619,0.5717865628341762,0.9046358075330015,0.0877190721419705
2620,0.5717193671273614,0.9046185406860294,0.08772490622997516
2621,0.5717635944929444,0.9046144286169754,0.0877173882760184
2622,0.5717187394563295,0.9046267648241377,0.08771921774663613
2623,0.5717838239116169,0.9045987297365211,0.08771600329447087
2624,0.571826408002764,0.9047065197485114,0.08769210898018726
2625,0.5718340765997836,0.9047087948371844,0.08769018469102956
2626,0.5718196832509325,0.9047186791751349,0.08769034332624062
2627,0.5717981935096725,0.9047063813985246,0.08769170402712238
2628,0.5718407603392525,0.9047222340011863,0.08768637347749403
2629,0.5718840773975593,0.9047491315444665,0.08767049752708561
2630,0.5718374294974569,0.90474668351831,0.08767513448877355
2631,0.5718678309179388,0.9047179912682558,0.08767051372663351
2632,0.5718530047685573,0.904690113745902,0.08767576152822291
2633,0.5718823226088258,0.9047017889475716,0.08767154741157204
2634,0.5718820815003288,0.9047507840581985,0.08766514427015754
2635,0.5719251415842822,0.904726053998046,0.08765560179194808
2636,0.5719168305483951,0.9047526287246901,0.08765163979338172
2637,0.5719074367533433,0.9047657566012217,0.08764832812192772
2638,0.5719002207815991,0.9047686350495595,0.08764629115059731
2639,0.5718946623265165,0.9047612755988692,0.0876437225001469
2640,0.5718700851585352,0.9047585239713527,0.08764697587052822
2641,0.571837842352056,0.9048162274450419,0.08763881445450412
2642,0.5718638908453192,0.9048395240456082,0.08763184130243883
2643,0.571935406099742,0.9048394779289459,0.0876287060180666
2644,0.572000708398019,0.9048536011567719,0.08761867558398112
2645,0.5721473749461096,0.9048521869124617,0.08759742418857878
2646,0.5721186692552129,0.9047937647874519,0.08759902696175978
2647,0.5721280564052801,0.904792819395875,0.0875998532162114
2648,0.5721354047293307,0.9047971005593575,0.08759709132332602
2649,0.5721343643518924,0.9048921085697833,0.0875787290913199
2650,0.5721370450073193,0.9048959862124707,0.08757605277694851
2651,0.5723008209974988,0.9049078689391206,0.08756125953414295
2652,0.5723267686497954,0.9049088758195806,0.08755475535403948
2653,0.5722260588452998,0.9048598499645121,0.08756641881523126
2654,0.5723676755531684,0.9048560914565356,0.0875476287827624
2655,0.5723963283112846,0.9048495890071527,0.08754509228485495
2656,0.5724214018542412,0.9048206777029527,0.0875480347257532
2657,0.5724684123726006,0.9048210197348647,0.0875444310425734
2658,0.5724985095809156,0.9048381636040707,0.08753547438064965
2659,0.5726543445921437,0.9048552613566143,0.08751616099776387
2660,0.5726063337454051,0.904828037153643,0.08752180747771315
2661,0.5725767511578937,0.904814236742453,0.08751993416720211
2662,0.5727725005650065,0.9048701301371473,0.08748880673678919
2663,0.572839810264053,0.9049198708004813,0.08747850934300452
2664,0.5728514911266201,0.9049183873811776,0.08747287612580601
2665,0.5727888671789181,0.9049137065399553,0.08747720541078052
2666,0.5727665699610447,0.9049145635412629,0.08747978961496444
2667,0.5727978495299767,0.9049193981046928,0.0874750256217067
2668,0.5727983078454114,0.9049047675935816,0.08747454552152373
2669,0.572879106911176,0.9049137757149487,0.08746304414376799
2670,0.5729498447291237,0.9049045831269324,0.08745811591105959
2671,0.5729776558006108,0.9048937264960185,0.08745704923097511
2672,0.5729906663579509,0.9048975926095405,0.08745581695460865
2673,0.5728567803676652,0.9048931385085743,0.08746879289899553
2674,0.5728596978308832,0.9048733083437901,0.08746882732449406
2675,0.5728200151635411,0.9048507534528756,0.08746849984373635
2676,0.5727823056235503,0.9048509763500766,0.08747571666126844
2677,0.5728584557375515,0.904940938429037,0.08744599286522688
2678,0.5729055222991463,0.9049405425943523,0.08743933132823928
2679,0.5730406081370713,0.904845342431167,0.08740930429660719
2680,0.5730337175410313,0.9048528133304578,0.08740635962678166
2681,0.5729969729418796,0.9048297357840374,0.08740949983685585
2682,0.5730405672408814,0.9048317649171781,0.08740557479047502
2683,0.5730480562892514,0.9048057166890952,0.08740577801132289
2684,0.5731173071546156,0.9048401888941562,0.08739290839822618
2685,0.5731406626793684,0.9048566640717589,0.08738840077603663
2686,0.5731213095462127,0.9049007016411897,0.08737987906847022
2687,0.5731047784385849,0.9048947525917544,0.08738044373129107
2688,0.5731132665329437,0.9048641426571602,0.08738729658443008
2689,0.5730918889624858,0.9048147862993453,0.087394692253398
2690,0.5731089923338774,0.9048281985619611,0.08738969821228043
2691,0.5730745005910364,0.9048332291212057,0.08738863947947634
2692,0.5730824522662371,0.9048441164965612,0.08738562409782989
2693,0.573139165517106,0.9048459957505494,0.08737934024235977
2694,0.5732939835459049,0.9048867782522337,0.0873163747682146
2695,0.5732772627037188,0.9048657221528436,0.08731849786151709
2696,0.5732190668974747,0.904852413652718,0.08732008429935484
2697,0.5731856127451953,0.9048182335198514,0.08731697782332835
2698,0.5731269569237596,0.9047805062470438,0.08732936785310229
2699,0.5731572243052881,0.9047546078981132,0.08733171563340213
2700,0.5731103842650751,0.9047048749208898,0.08733979661171923
2701,0.5731423448828983,0.9047210464971325,0.08733599596104608
2702,0.5731094039671901,0.9047374486566866,0.08733208251599234
2703,0.5731548064803108,0.904731695603066,0.08732596307864621
2704,0.5731864646046073,0.904771947763134,0.08731575030680792
2705,0.5731729143116102,0.9048091293221046,0.08731146508370521
2706,0.5730832323030304,0.9047952597359211,0.08731743683655722
2707,0.5731660767266562,0.9048070156417496,0.08730489421848436
2708,0.5731641779742092,0.904788530546282,0.08730734426584497
2709,0.5730695305964171,0.9047599113142766,0.08731410137035706
2710,0.5730642763553685,0.9047459264364374,0.08731640807740186
2711,0.5730156422219502,0.904726557438276,0.0873215569471372
2712,0.573000834914505,0.9047312959253262,0.08732133884746276
2713,0.5729609657671019,0.9046903866028206,0.08733002910306799
2714,0.5730866083212758,0.9047364187178955,0.08730904002722478
2715,0.5730818746514061,0.9047324834293802,0.08730669910912577
2716,0.5730955839520775,0.9047340014361804,0.08730391933662525
2717,0.5731279301537857,0.904773358164389,0.08729504184414039
2718,0.57306843858261,0.9047598920990005,0.08727866120250825
2719,0.573081209460285,0.9047399927592229,0.08728180356195506
2720,0.5730399461725644,0.9047022308989185,0.08728874138373434
2721,0.5730943617429886,0.9047104627231372,0.08728088299212937
2722,0.5730930254353847,0.9046978075423939,0.08728359630214225
2723,0.5730534129350244,0.9047302121837624,0.08728444229000569
2724,0.5731034460672817,0.9048070925028534,0.08726440513106593
2725,0.5730502602814527,0.9047948984887332,0.08726935526330099
2726,0.573125339104835,0.9047955825525571,0.0872623566548583
2727,0.5731344636061085,0.904845826656121,0.08725230352352022
2728,0.5731283436329756,0.9048050210961056,0.08725601579873618
2729,0.5731368141150813,0.904765199358219,0.08726547102465865
2730,0.5731920172065735,0.9047741498337583,0.08726050142308657
2731,0.5729653705051272,0.9047051977375258,0.08728753191200075
2732,0.5729811571376185,0.9047549422439148,0.08727271843885967
2733,0.5731227003961856,0.9047931921722284,0.08725373481702912
2734,0.5731014022788493,0.9048177492948973,0.08724755179907986
2735,0.5729868980188513,0.9048356540890311,0.08725595138524865
2736,0.5730509882979062,0.9048395048303323,0.08724755434686934
2737,0.5730348992655008,0.9048395163594978,0.08724995091015054
2738,0.5729615486740378,0.9048084375721702,0.08726167157656123
2739,0.572944595644122,0.9047774510181671,0.08726670675853165
2740,0.572943519403289,0.9047831272106839,0.0872659017294794
2741,0.5729687185153829,0.90477458794205,0.08726344175133764
2742,0.5729469546482221,0.904777166632083,0.08726704891689163
2743,0.5729851920932221,0.904768058591281,0.08726275232930596
2744,0.573023928906497,0.9047758676794285,0.0872573373521489
2745,0.57300216341191,0.9047946410040354,0.08725618965725103
2746,0.5729426020681024,0.9047932267597252,0.08726002505840094
2747,0.5729764012027908,0.9048019504950082,0.0872553411124185
2748,0.5729824378262361,0.9047739000351709,0.08725906694914065
2749,0.572930991418818,0.9047034645196348,0.0872772255638943
2750,0.5729468757042724,0.9046971542230116,0.08727753653332486
2751,0.5728881235715416,0.9046959590328472,0.08728083872348741
2752,0.5729465977964147,0.9046906056569665,0.0872775917923089
2753,0.5728207860136904,0.9046317607958857,0.08729471215259899
2754,0.5727503343138785,0.9046050323470339,0.08730075211821725
2755,0.5727828364365973,0.9045829424657975,0.08729908030225753
2756,0.5727269860867398,0.904549165853726,0.08730883863935629
2757,0.5727792122194875,0.9045373753604008,0.08730596219718638
2758,0.5727589500240117,0.9045504110036078,0.0873033438966141
2759,0.572800166132583,0.9045224412479295,0.08730223307669235
2760,0.5727926220562872,0.9045220223549137,0.08730606311872374
2761,0.5728738974024369,0.9045502303800138,0.08729291284043522
2762,0.572780373782531,0.9045330596094215,0.08730033771365898
2763,0.5727812202921898,0.9045236364380939,0.08730423285018982
2764,0.5727123583329434,0.9044960471448794,0.08731447695177816
2765,0.5726840042020972,0.9045110696476201,0.08731486712607679
2766,0.5726474268231292,0.9045405074503812,0.08731029311379418
2767,0.5726477767832542,0.9045401039295862,0.08730928310573122
2768,0.5726359015273712,0.9045498153300532,0.08730541012826074
2769,0.5726548759156477,0.9045280674807288,0.08730581734948074
2770,0.572657069411372,0.9045040637580073,0.08730824059367416
2771,0.5726666502181753,0.9044964045490121,0.08730744371837115
2772,0.5726842685583046,0.9044785497145958,0.08730592035787892
2773,0.5726447879314684,0.9044685923585967,0.08731023649152503
2774,0.5726158180600558,0.904449599979844,0.08731540582422512
2775,0.5726970844911345,0.9044516175838191,0.08730436822812168
2776,0.5727261652303115,0.9044742954524997,0.08729810335831685
2777,0.5732278139756363,0.9045818971547857,0.08720389683317929
2778,0.57338486778938,0.9046617097249872,0.08717833077156864
2779,0.5734147058673708,0.9046275334351759,0.08717942233900162
2780,0.5733388449116219,0.9046093211966268,0.08718596738863435
2781,0.5733917854601273,0.9046181832818967,0.08718105539643978
2782,0.573396510169344,0.9046239670799588,0.08717823332788678
2783,0.5732876011295994,0.9045850023433798,0.08718835164993848
2784,0.57329824779005,0.9045816358270327,0.08718795291714422
2785,0.5733836230215107,0.9046167075487035,0.08717533136909272
2786,0.5733812150387672,0.9046128068476849,0.08717718071885143
2787,0.5733753354022724,0.9046227142439667,0.08717553694943043
2788,0.5733619190177683,0.9046001939405488,0.08717855502206785
2789,0.5732907114126892,0.9046179181110886,0.0871825505587252
2790,0.5732862593562544,0.9046077263287227,0.0871840533561908
2791,0.573235885347042,0.9045741841430178,0.08719397861841502
2792,0.5732227398200047,0.9045240207436129,0.08719967589353429
2793,0.5732044461651565,0.9045063426897354,0.08720340199413966
2794,0.5732034934140862,0.904507683915997,0.08720319046521924
2795,0.5732983915689636,0.9045219954535274,0.08719015881963217
2796,0.5731087883783644,0.9044731194776113,0.08721347023474034
2797,0.5731085681443531,0.9044749333996613,0.08721163419401362
2798,0.5730422632974222,0.9043865162288878,0.0872306393162207
2799,0.5730076030872109,0.904389221739742,0.08723125361952679
2800,0.5731712090535342,0.9042769468823442,0.08723007521568003
2801,0.5730920696744425,0.9042660595069888,0.08724163573722804
2802,0.5730522284192506,0.9042884914201371,0.08724160132079056
2803,0.5731091896502551,0.9043066882864654,0.08723102628355957
2804,0.5731073247185813,0.9042916811559455,0.08723214645550514
2805,0.573156149367535,0.9043181905506513,0.08722512947524194
2806,0.573187917271796,0.9043007930398028,0.08722089900719984
2807,0.5732406574793371,0.9042801981070355,0.08721996020028981
2808,0.5732568308149265,0.9042971421373716,0.08721710178984078
2809,0.5733107556800799,0.9042588038187886,0.0872183307713741
2810,0.5734253445901585,0.9042817699166086,0.08720574857560831
2811,0.5734452892250929,0.9042483583947801,0.08720796106108111
2812,0.5733702766647886,0.9042439734688075,0.08721441714109288
2813,0.5733803511214771,0.9042598299145246,0.08721021039523111
2814,0.5734111838642947,0.9043359608378534,0.08719319748600451
2815,0.5734335816999726,0.904384145063835,0.08718398135375206
2816,0.5734647129019258,0.9043932185171404,0.08717939218578537
2817,0.5734142282352619,0.9043893485605633,0.08718432775592386
2818,0.573477686116111,0.9043968425181853,0.0871780387210768
2819,0.5734092301982859,0.9044061811422988,0.08718097017363358
2820,0.5733656819633763,0.9044039252689018,0.08718465881950388
2821,0.5734732328459535,0.9044202966840145,0.08717243906869465
2822,0.5734489178027276,0.9044089673573121,0.08717781170838931
2823,0.573467298960983,0.9044432858401655,0.08717136622901858
2824,0.5734900527253475,0.9044340778799285,0.0871702364211228
2825,0.5734863304526976,0.9044230790559725,0.08717321189447451
2826,0.573443377778261,0.9044123377167144,0.08717821087695972
2827,0.5734189302044335,0.9044128027263925,0.0871777623094665
2828,0.5733754182890178,0.9043640881587944,0.08718802232139877
2829,0.5733417712716408,0.9043541500180712,0.08719278785452309
2830,0.573298201301358,0.904308855769593,0.08720359464366216
2831,0.5732153974963954,0.9042329669587411,0.08721851980747695
2832,0.5731630355456211,0.9041984870675698,0.08722814597305316
2833,0.5730462714070038,0.9041355455096556,0.0872454575253064
2834,0.5730645868647446,0.9041354609624414,0.08724360896624932
2835,0.5730553314633724,0.9041666435122592,0.08723908293498683
2836,0.5730207945865009,0.9041696756828046,0.0872401951964941
2837,0.5730190864505159,0.9041705326841122,0.08724002999153053
2838,0.5730391742743277,0.9041650717026861,0.0872391797833382
2839,0.5730427663163181,0.9041663706553406,0.08723815114292581
2840,0.5730393183213338,0.9041511060401229,0.087241588610318
2841,0.5730343101130105,0.9041527623969101,0.08724148032513993
2842,0.5731063936148629,0.9041235743927364,0.08723912163000438
2843,0.5730152983443456,0.9041108999967172,0.08724893675105956
2844,0.5730396993603697,0.9041077832789576,0.08724741364777289
2845,0.573058882742403,0.9041151965324206,0.08724199003200854
2846,0.5729911996054146,0.9040768812721687,0.08725214749950848
2847,0.5730605406679643,0.9041184323848911,0.08724088166801292
2848,0.5731483775510382,0.9041215875332027,0.08723207375435953
2849,0.5731498360265492,0.9041077948081231,0.08723352368879185
2850,0.5731613918557557,0.904092922184535,0.08723078671694146
2851,0.5732612902464622,0.9040948821426822,0.08722203040243653
2852,0.5732629924124107,0.9040797943080033,0.08722551033102477
2853,0.57329287693408,0.9040815697995014,0.0872231415173425
2854,0.5732466199667033,0.9040765353972016,0.08722840247597993
2855,0.573155239984185,0.9041033253349363,0.08723193502618057
2856,0.5731681247743036,0.9040727768892249,0.08723809255754231
2857,0.573176290984253,0.9040949436315653,0.08723470358333409
2858,0.5730912602906211,0.9040671275980946,0.08724584780512291
2859,0.5730844147790308,0.9040523548939413,0.08724702002956908
2860,0.5730594728754724,0.9040086824147536,0.08725473219167622
2861,0.5730273818118601,0.9040147429127894,0.08725566205776157
2862,0.5730462719581448,0.9040478585193681,0.08724890248519912
2863,0.5731178309820093,0.9040695909964719,0.08723890657373527
2864,0.5731308949308948,0.9040731073919714,0.08723662892879729
2865,0.5731446955736527,0.9040989980547915,0.08723097282185782
2866,0.5731417778293757,0.9040577351712084,0.08723644029741093
2867,0.5731146028421653,0.9040291274683684,0.08724272736695618
2868,0.5731074810075876,0.9040631807804137,0.08723916544267517
2869,0.5730671393354455,0.9040982947756916,0.08723816450286448
2870,0.5730120274968232,0.9040888869765846,0.0872435869092302
2871,0.5729753638871938,0.9040913157874652,0.08724752984786664
2872,0.5729307391160295,0.9040830378465843,0.08725276889271356
2873,0.5729187739922584,0.9040789296205853,0.08725307375622356
2874,0.5729009924324204,0.9040532695410767,0.08725911834508493
2875,0.5729340421065848,0.9040218833093339,0.08726148840317852
2876,0.5729564959287592,0.9040283857587166,0.08725879172542837
2877,0.5730044915539592,0.904028274310116,0.08725405380874958
2878,0.573082716927408,0.9040341426553924,0.08724436190704239
2879,0.5730395912093246,0.9040178903749907,0.08725129231885313
2880,0.5730542632797581,0.9039850245669994,0.08725267254101388
2881,0.5730629390630305,0.9039798441286022,0.08725164177650553
2882,0.5730351864007273,0.9039748789012957,0.0872570289694491
2883,0.5730257644313285,0.9039662627715581,0.08725899290484504
2884,0.5730677341557439,0.9039422244613399,0.08725804520115171
2885,0.5730089285178263,0.903936725049362,0.08726573397555316
2886,0.5730342113561668,0.9038991245973756,0.08726565477287544
2887,0.5731357770110044,0.9038807701657846,0.08725936494591063
2888,0.5731265128797534,0.9038684762322293,0.08726206177971403
2889,0.5730960842335816,0.903860813180179,0.08726610444664018
2890,0.5731398565218535,0.9038556442709474,0.08726331203923486
2891,0.5732018478678496,0.9039096968422053,0.08724863097951291
2892,0.573135033796674,0.9039028715761865,0.08725571388160062
2893,0.5730502681418508,0.9038356719131211,0.08726932177461115
2894,0.5730331139167253,0.9038898128746484,0.08726566620955499
2895,0.573064750002889,0.9039042320177241,0.08726183087114078
2896,0.5730873664751378,0.9038970070739655,0.08726062266714057
2897,0.5730675708353092,0.9039377434589875,0.08725715748405342
2898,0.5730082721079147,0.9038959310185121,0.0872668769976468
2899,0.5730086730832826,0.903886400241639,0.08726822416664794
2900,0.5731625507576094,0.9039052350551289,0.08725327552383436
2901,0.5731225557529017,0.9038970455045174,0.08725583293364338
2902,0.5731042338767138,0.9038991668709827,0.08725806524098693
2903,0.5731966550051137,0.9038922109410874,0.08725436999728049
2904,0.5732007645658572,0.9038432273596261,0.08726494675745379
2905,0.573219187680029,0.9038332584744613,0.08726454660363285
2906,0.5732069390694049,0.9038475930703228,0.08726458982927038
2907,0.573213492761009,0.9038815541490435,0.0872590641443359
2908,0.5732453044778927,0.9038647907423014,0.08726201579200744
2909,0.5732717679124925,0.9039107959559899,0.08725291947396459
2910,0.5732282963334546,0.903874090935863,0.08726021636793783
2911,0.5732687741040995,0.9038827301239318,0.08725679636696825
2912,0.5732905086235728,0.9038802436672234,0.08725560048267084
2913,0.5732765114808004,0.9038357795186664,0.08726386119683659
2914,0.5732202397296353,0.9038070642102811,0.0872720045025428
2915,0.5732840606407091,0.9038563898236545,0.087261596000777
2916,0.5731974411470826,0.9038037207522651,0.08727789947630997
2917,0.573197963981043,0.9037900202605101,0.08728286985020439
2918,0.5732499859987578,0.9038429276013212,0.08727006148218341
2919,0.5731897404361284,0.9038394688516496,0.08727615300768915
2920,0.5732028421408166,0.9038630498383,0.08727205266829607
2921,0.5732139632000007,0.9038587264012103,0.08727396450155796
2922,0.5732354708646219,0.9038607747496271,0.08727564595356302
2923,0.5732682033456048,0.9038563052764402,0.08727246916680352
2924,0.5733220191960532,0.9038765312759092,0.08726494283814203
2925,0.57336319240534,0.9039637148259666,0.08724960273453529
2926,0.5734057851866246,0.9039896669776698,0.0872417792387471
2927,0.5734576325933692,0.9039958504534716,0.08723942213204652
2928,0.5734517219094215,0.9040045126998716,0.08723911441659973
2929,0.5735363363330169,0.9040338428970874,0.08723206448527483
2930,0.5736066434465271,0.9040784300234106,0.0872192574224187
2931,0.5737703983623963,0.9040695487228647,0.08720503249191053
2932,0.5737669440033895,0.90405323495358,0.08720748865986509
2933,0.5737826217898602,0.9040532887563527,0.08720691622918604
2934,0.5737832053960077,0.9040121065769285,0.08721934775863248
2935,0.5738400956519584,0.9040265641505562,0.08721219434291928
2936,0.5737553145487982,0.903992249510758,0.0872239000947139
2937,0.573770640870816,0.9039811046507048,0.08722483725002932
2938,0.5737677685687746,0.903993317880101,0.08722300075775805
2939,0.5737337638727029,0.9039858623530309,0.08722385145492674
2940,0.5737227475304981,0.9039804129007705,0.08722574880471867
2941,0.5737681753786611,0.9039823767019729,0.08722224387092778
2942,0.5738642040783904,0.9039985636504363,0.08721158802124677
2943,0.5739533586391891,0.9040118683075067,0.08720075607118843
2944,0.57397987327234,0.9040074603232029,0.08719975978427323
2945,0.5739337742034298,0.904011975913052,0.0872030792133145
2946,0.5739369593957088,0.9040065648913435,0.08720291144076807
2947,0.5739194374952312,0.9040037440888334,0.08720378881016302
2948,0.5738876809652431,0.9039991670101013,0.08720836264534089
2949,0.5739419381475247,0.9039878722708957,0.0872076624299284
2950,0.5739902615846326,0.9039736222222483,0.08720475205441391
2951,0.573934089434585,0.9039600024346524,0.08721184115618429
2952,0.5739380289119598,0.903983064608852,0.08720774871804626
2953,0.5739368966028946,0.9039716315196595,0.0872101943674432
2954,0.5739510092673097,0.903960521247103,0.08721170919197885
2955,0.5739925477974968,0.903966785427064,0.08720791384055786
2956,0.5739750784994219,0.9039627079455066,0.08721039227451576
2957,0.5740971773330245,0.9040453028876663,0.08718718500917941
2958,0.5742363601435283,0.9040970688410858,0.0871685139741851
2959,0.5741571432768023,0.9040752326014919,0.08717964904956046
2960,0.5741909944901871,0.90410259515445,0.08717368092399432
2961,0.5741671968709037,0.9040810394578851,0.08718118646375708
2962,0.5742420226906719,0.9040876302975372,0.08717362771069868
2963,0.5742243157350985,0.9040739836085548,0.08717747896178026
2964,0.5742570755368804,0.9040632230540208,0.08717963480269118
2965,0.5743260342561061,0.9040476663666086,0.08717787721881774
2966,0.5742726616968659,0.9040113840825527,0.08718837806243894
2967,0.5743283139642766,0.9039953047396346,0.08718548027734756
2968,0.574418928114849,0.9040079791356537,0.08717776778154765
2969,0.5743890567179014,0.9039976874338529,0.08718372783333543
2970,0.5743882872395993,0.9039591031597377,0.08719163739022603
2971,0.5744605924419689,0.9040024912528413,0.08717912876283253
2972,0.5744413075636263,0.9040044473679334,0.08718232214262077
2973,0.574361424976937,0.9040017303279135,0.08719067577309603
2974,0.5744984046887048,0.9040521050953539,0.08717410945163045
2975,0.5744813211161037,0.9040253766465023,0.08718004737225134
2976,0.5744763682656174,0.9040152963127369,0.08718178480870412
2977,0.5744790143123281,0.9039991055212182,0.08718511138653601
2978,0.5744344300522666,0.9039490612565243,0.08719667282953739
2979,0.5744989489275806,0.9039565936446982,0.08718742908299311
2980,0.5744358804683567,0.903917909451148,0.08720072033384325
2981,0.5743954244780122,0.9039090742672644,0.08720667385824139
2982,0.5744451680690336,0.9039243427255373,0.08720122909754745
2983,0.5744481494711996,0.903925687794854,0.08720168886930349
2984,0.5744153984544385,0.9039104231796364,0.08720661163400605
2985,0.5743829504803728,0.9038778148563429,0.08721362390553306
2986,0.5743113602469424,0.903875943288465,0.08722257920128891
2987,0.574318103583959,0.9038747288830247,0.08722257815693267
2988,0.574340835121531,0.9038887214469742,0.08721868853422418
2989,0.5743499426377594,0.9038724883818485,0.08722192638827038
2990,0.5743156842110265,0.9038383812670305,0.08723166542535307
2991,0.574416744293711,0.9038486614396658,0.0872213636201753
2992,0.5743885615972492,0.9038442303970309,0.0872247980786327
2993,0.5744119274868204,0.9038159416677717,0.08723095048441597
2994,0.5744009882582504,0.9037696405388336,0.08724083856131985
2995,0.574400958004653,0.9037582151357514,0.08724222392098716
2996,0.5743644652167156,0.9037301377745278,0.08724854253489098
2997,0.5743551456508733,0.9037364634433718,0.08725160577054183
2998,0.5742901916306101,0.9036573503092149,0.08726909990740642
2999,0.5743853636801615,0.9037708011415011,0.08724724695942852
3000,0.5743074999578042,0.9037401566194101,0.08725949269923074
3001,0.5742538233033231,0.9037158223939422,0.08726309007622378
3002,0.5742476724787288,0.9037856045900959,0.08725642248888964
3003,0.5742625284654357,0.9037885022537098,0.08725524715693671
3004,0.5743264303254588,0.9037925297755497,0.08724910173372656
3005,0.5743069152028111,0.9038078597227056,0.08724974186142016
3006,0.5743144261893849,0.9037777724436171,0.08725379822235023
3007,0.5742609190419937,0.9037429658927545,0.08726406307201569
3008,0.5742491689186799,0.9036629996003454,0.08728203821818359
3009,0.5742825664394827,0.9036672192749448,0.0872778492139989
3010,0.5744537096375277,0.9037330392811967,0.08725611092592524
3011,0.5744478866144825,0.903747669792308,0.08725606405523975
3012,0.5743911409789909,0.9037221595919518,0.08726530427131378
3013,0.5744125842670192,0.903748415345015,0.08726199336807106
3014,0.5743726387827198,0.903753111558458,0.08726573599406183
3015,0.5743855443486552,0.9037782374532952,0.08726310683922382
3016,0.5744013726702092,0.9037933560324157,0.08726059325269564
3017,0.5743887765236789,0.9037732107371057,0.08726249721787535
3018,0.5744603948146797,0.9037839866638606,0.08725537062017365
3019,0.5743876606407987,0.9037600444300222,0.08726856839250037
3020,0.574381468529108,0.9037550753596606,0.08726947555164956
3021,0.5743862387201597,0.9037545065874923,0.08727376230365701
3022,0.5744351297707344,0.9037563474109287,0.08727089258570886
3023,0.57449799741946,0.9037909733381974,0.08726174927394524
3024,0.5744498341508358,0.9037652287114746,0.08726830830669961
3025,0.574434690042674,0.9037693138791423,0.08726878869840025
3026,0.574425991924467,0.9037661548877756,0.08726991657817085
3027,0.5743138282901766,0.9037182319895468,0.0872899423011671
3028,0.5743963004928155,0.9036734334951882,0.08728996682680963
3029,0.5743173506839805,0.9036396760983927,0.08730349022256881
3030,0.5743415240345304,0.9036464052880316,0.08730049671203655
3031,0.57433521377672,0.903653887716488,0.08730052865176129
3032,0.574277850392698,0.903614780786867,0.08731301589375846
3033,0.5743027910178649,0.9036087318179967,0.0873117125382347
3034,0.5743308954583423,0.9035754893905966,0.08731526453288908
3035,0.5743407551288062,0.9035776030709516,0.08731479828915956
3036,0.5743018244680724,0.9035507055276715,0.08732242683322917
3037,0.57431913226016,0.9035687602009577,0.08731952954499896
3038,0.5743561677047839,0.9035818688622134,0.08731370025283607
3039,0.5743487469198898,0.9035581379964104,0.08731946727454136
3040,0.5742944594925208,0.9035526654858188,0.08732672276473073
3041,0.5743701232286623,0.9035997851855126,0.08731088391157071
3042,0.57436495331258,0.9035747130934482,0.08732316030806474
3043,0.574302718017425,0.9035690369009314,0.08733100502029649
3044,0.5743528425070915,0.903558291718618,0.08732883849953445
3045,0.5743778206231901,0.9035448487115608,0.08732804605250878
3046,0.5744187849752318,0.9035346108125326,0.08732620427085878
3047,0.5744379789121352,0.903495292514876,0.0873346142218323
3048,0.5744333837428838,0.9034759196736595,0.08733867909206292
3049,0.5745540727199271,0.9034866033670897,0.08732842392428838
3050,0.5746385567411123,0.9035008687879578,0.08732095578791635
3051,0.5746863004847749,0.9035168789558825,0.08731668000787349
3052,0.574762025350934,0.9035261522480578,0.08730992436546846
3053,0.5746859675214194,0.9034904156778389,0.08732089783665906
3054,0.5747322966790385,0.9034672305258732,0.08732260588695114
3055,0.5747847056389223,0.9034785329511892,0.08731723109123167
3056,0.5748553728452845,0.9034756276014649,0.08731307284817809
3057,0.5748622472178704,0.9034754738792573,0.08731289040876469
3058,0.5748645046614085,0.9034685064201965,0.08731299016162382
3059,0.5748323657627015,0.9034677570244343,0.08731778791647277
3060,0.5748626483976517,0.9034641099650582,0.08731472704393486
3061,0.5748517608213656,0.9034587412169568,0.0873169147673756
3062,0.5748743039072896,0.9034549942381458,0.08731507961204218
3063,0.5749054832957369,0.9034613967680936,0.08731179392901135
3064,0.5749005408418075,0.9034721650087381,0.08731212970924294
3065,0.5748403185078425,0.903463864009526,0.08732096443410431
3066,0.5748307612455157,0.9034476001999587,0.08732920958365574
3067,0.5748466417033623,0.9034400678117849,0.08732955971076217
3068,0.5748117533383785,0.9034679145896971,0.08733014645754074
3069,0.5748256808201785,0.9034319051625598,0.08733396871033712
3070,0.5751719056766155,0.9034771417652101,0.08730566934267249
3071,0.575203785412797,0.9034731757322533,0.0873029567402375
3072,0.5752164045588161,0.903454694479841,0.08730482741420163
3073,0.5753895118686091,0.9035908193377525,0.08727624895006511
3074,0.5753838967367115,0.9035765193293878,0.08727912969883342
3075,0.5753378663621841,0.9035665081706159,0.08728639108034095
3076,0.5753859788642007,0.9035999696521617,0.08728391838833226
3077,0.5753699934502171,0.9035925102820365,0.08728740523702977
3078,0.5753345535820291,0.903575677700301,0.08729408405645642
3079,0.575346715682744,0.9035806813581594,0.08729202651905724
3080,0.575395858540308,0.9035876219158339,0.08728669249683275
3081,0.5753423631746338,0.9035770227696178,0.08729089946950289
3082,0.5753662525066854,0.9035745555281853,0.08729106132589799
3083,0.575368546510958,0.9035796744776994,0.08729279766535823
3084,0.5754528322043166,0.9034832791243498,0.08729994749216374
3085,0.575430574089132,0.9034735561947171,0.08730341207939508
3086,0.5754459591380165,0.903474459312687,0.08730192184012064
3087,0.5754350470948131,0.9034743440210312,0.08730314508510288
3088,0.5755783197659745,0.9034795090872076,0.08729447247356059
3089,0.5755710200283349,0.9034768804374571,0.0872960422489136
3090,0.5754855933020642,0.9034698284311821,0.08730561128971062
3091,0.5755164303260527,0.903464628777509,0.08730248003913041
3092,0.5755652335806873,0.9035004383657764,0.08729309755889629
3093,0.5756944573940612,0.9035497140194323,0.08727930566609779
3094,0.5757168264147744,0.9035838749370229,0.08727459966544764
3095,0.5756931736356108,0.9035959959330945,0.0872757804192475
3096,0.5757471257799066,0.9035934518305583,0.08727365196593716
3097,0.5757472818240816,0.903605192364166,0.0872737975947037
3098,0.57589716475142,0.9036377161402454,0.08727145447188846
3099,0.5758331564258428,0.9036144733424517,0.08728753785860076
3100,0.5758310359409375,0.9036098078734501,0.08728876072027615
3101,0.5759174464459464,0.9036335041517563,0.08728261688061578
3102,0.5759184909038018,0.9036416629579263,0.0872803918134915
3103,0.5758843195689937,0.903619377080875,0.08728847051768589
3104,0.5759572707981238,0.9036205261543772,0.08728426777162049
3105,0.5759470795682619,0.903628120031434,0.08728167362012075
3106,0.575771708849616,0.9035999312216099,0.08730255345155467
3107,0.5757888038992515,0.9036131628606316,0.08730238075131369
3108,0.5757983136199611,0.9036201725932995,0.08730068229232478
3109,0.5756305304659218,0.9035331158640634,0.08732175730318371
3110,0.5755755804242126,0.9035118906702448,0.08733036724375937
3111,0.5756020611169987,0.9035165753545225,0.08732989413416913
3112,0.5755810346999991,0.9035278393492865,0.08732867262237061
3113,0.5755348800430858,0.9034775414429499,0.08733986453322817
3114,0.5755721368831263,0.903467488010571,0.08734102801475876
3115,0.5755960339388648,0.9034751433765109,0.08734012869965509
3116,0.5756128261231538,0.9035709930160235,0.08733313956557975
3117,0.5755917547192229,0.903565624267922,0.0873342674608817
3118,0.5757522373967284,0.9036112451760915,0.08731675023868732
3119,0.5757933800430776,0.9036379198221705,0.08731215806573604
3120,0.5756900918674009,0.9036133588564463,0.08732564553618545
3121,0.5756508893878755,0.9036072637709138,0.0873321732855845
3122,0.5756223641135486,0.9035938784096844,0.08733747086116368
3123,0.5755994124588494,0.9035856119979692,0.08733985215929913
3124,0.5756657887848654,0.9036030171949281,0.08733182945232972
3125,0.5756554298885566,0.9036087740916038,0.08733402068760583
3126,0.5756869864401977,0.9036085358221819,0.08733253550585021
3127,0.5756270826909369,0.9036178398587987,0.08733554455862876
3128,0.5756053136667331,0.9036312674936353,0.08734081357577883
3129,0.5755743602823182,0.903621671384824,0.08735056890176597
3130,0.5755479998740444,0.903684509180248,0.08734809112326583
3131,0.5755594629677661,0.9037171175035416,0.08734620224093502
3132,0.5755694539860292,0.903709854129231,0.08734739092823689
3133,0.5754329595543838,0.903659629240943,0.08736714727175016
3134,0.5754980115400377,0.9036481192906467,0.08736682520715455
3135,0.5755814216277894,0.903661523867152,0.0873636394545327
3136,0.5755754615016172,0.903636943686152,0.08737374298813458
3137,0.5755019750646476,0.9036439726340959,0.08738044035254532
3138,0.575442997909436,0.9036312905519664,0.08738729334080583
3139,0.575437092379364,0.9036004231326743,0.08739672108971953
3140,0.5754327458173364,0.903602129449179,0.0873977468565048
3141,0.575473244883331,0.9035970412441064,0.08739683083607787
3142,0.5754598331041982,0.9035961880858541,0.08739786858489487
3143,0.5756006919118346,0.9036617813518498,0.08737807795005674
3144,0.5755723090560209,0.9036913920920946,0.08737859152140896
3145,0.57560092489558,0.9037058765671085,0.08737466083492702
3146,0.5756128481787232,0.9037085743918525,0.08737596373379433
3147,0.5755510621360888,0.9036825492221007,0.08738730836764054
3148,0.575425671520209,0.9036431310050091,0.08740886623357709
3149,0.5754224644534265,0.9036415668815465,0.08742580970950056
3150,0.5753217644660686,0.903612705537064,0.08744120157183909
3151,0.575368096241932,0.9036397721747724,0.08743839125436816
3152,0.5754367570744104,0.9036500177599109,0.0874334716836114
3153,0.5754818687768758,0.9036770113795708,0.08743020831100377
3154,0.5754853418446335,0.9036433615883206,0.08743374904127432
3155,0.5755242849384541,0.9036547062872436,0.08742689462208382
3156,0.5755497062405329,0.9036752743186246,0.08742358246524559
3157,0.5755895187067577,0.9036703974815875,0.08742234438325215
3158,0.575587501523274,0.9036561128454434,0.08742450215874216
3159,0.5756616312256171,0.9036537532095563,0.08741600130849503
3160,0.5756876366337118,0.9036401526372363,0.08742064068836469
3161,0.5756999642413447,0.9036368091792203,0.08741681248658768
3162,0.5756267288112288,0.903604327676748,0.08742942139930915
3163,0.5756565644258987,0.9035777222056625,0.08743124763393155
3164,0.5756406152195601,0.9035511205776321,0.087438632346377
3165,0.5755868070677372,0.9035419817923885,0.08744678436242263
3166,0.5756208055796719,0.9036341613141939,0.08743599467647224
3167,0.5757050013845981,0.9036437689521708,0.08743173856980918
3168,0.5756871952712987,0.9036196076641865,0.08743708567001776
3169,0.5756539946848043,0.903607809484751,0.08744343824715424
3170,0.5756451831534795,0.903603439930999,0.0874462458568597
3171,0.5757193164741248,0.9036056535307889,0.08744297717727964
3172,0.5757061724149021,0.9035924833806502,0.08744603241637487
3173,0.5756593290622646,0.9035690407439866,0.08745437390391281
3174,0.5756210667869205,0.9035538107162656,0.08746238079745906
3175,0.5755950223760692,0.9035423507256868,0.08746479898783499
3176,0.5755762674438443,0.9035089968496862,0.08747173967287138
3177,0.5755592529607311,0.9035044889459475,0.08747687989072077
3178,0.5755249376631559,0.9035191309862243,0.08747931472735511
3179,0.5755044372138661,0.903509354253819,0.08748179975579763
3180,0.5755681537345725,0.9035261445619474,0.08747778020136975
3181,0.5756028354353282,0.903561996423822,0.08747015759032484
3182,0.5755970463991735,0.9035601017976129,0.08747132923435953
3183,0.5756847185995022,0.9035458440628552,0.08747245272840008
3184,0.5757066348317768,0.9035578151797744,0.08747024482875726
3185,0.5757145584901107,0.9035906694586001,0.08746394218051322
3186,0.5757846435158419,0.9035696594758723,0.08746170832168608
3187,0.5757078477121714,0.9035236926927357,0.08748229068509693
3188,0.5758407186698042,0.9035456826545372,0.08747158632562528
3189,0.5759118995082017,0.9035573732284274,0.08746535055001631
3190,0.5758716488032783,0.9035547522647873,0.08746808264539424
3191,0.5758810208474116,0.9035594869087824,0.08746921275846405
3192,0.5760202128208785,0.9036476389087479,0.08745343076329198
3193,0.575946244833926,0.903620987321,0.08746516971504303
3194,0.5759707094556105,0.9036238042804549,0.08746397043526791
3195,0.5759779010079182,0.9036206299168673,0.08746423303918517
3196,0.5759927717349688,0.9036150997604477,0.08746451095066408
3197,0.5759640373592264,0.9036126978509536,0.08746642535823246
3198,0.5758049970453297,0.9035680146482507,0.08749056465740956
3199,0.5758238121990009,0.9035849663646971,0.08748568748782182
3200,0.5758341866167173,0.9035845590008469,0.08748640691921221
3201,0.5758346878585611,0.9035738753074165,0.08748909860715859
3202,0.5758019706825678,0.9035647211499522,0.08749315886205294
3203,0.575860743540344,0.9035844590814119,0.08748927022127698
3204,0.5756952465386272,0.9035431616103321,0.08750967461733437
3205,0.5756955134928496,0.9035859386576603,0.08751118561460304
3206,0.5757162992703845,0.903595219635946,0.0875069187101619
3207,0.5757244960706864,0.9035926793764649,0.0875070797339333
3208,0.5758065802934924,0.9036146847104871,0.08749661849793591
3209,0.5757652493206898,0.9036040701920504,0.087499682507248
3210,0.5758441230433438,0.9036028058268926,0.0874962183393084
3211,0.5758505443973333,0.9036038396087389,0.0874940535817242
3212,0.5758661039797854,0.9035870377714449,0.08749928367997722
3213,0.5759542014639104,0.9035856043118587,0.08749298022256713
3214,0.5757623899015576,0.9035603515962003,0.08752379133481766
3215,0.5756983548149518,0.9035182855140823,0.08753853482642127
3216,0.5757866733968324,0.9035693597175675,0.08752586820501158
3217,0.5757988646896425,0.9035715963756884,0.08752784306917752
3218,0.5757614590525789,0.90355148182482,0.08753852622207137
3219,0.5757852812288531,0.9035580380769754,0.08753454374219916
3220,0.5758306784279285,0.9035581572116864,0.08753055439542022
3221,0.5758716496065888,0.9035378043913962,0.08753315214343882
3222,0.5758648522999428,0.903505507355573,0.08754009445386643
3223,0.5757542577723856,0.9034316015611996,0.08756723077478869
3224,0.5757521421245845,0.9034540795910104,0.08756964224057048
3225,0.5758450099658691,0.9034807042773719,0.0875627160180842
3226,0.575849423502627,0.9034584414586518,0.0875698666817079
3227,0.575758195369646,0.9033886669486085,0.08759038294387106
3228,0.5758287218080258,0.9033883979347452,0.08758688182014665
3229,0.575786840612675,0.9033619000692049,0.08759367667463379
3230,0.5757796635702366,0.9033584259473125,0.08759574785861811
3231,0.57580032331431,0.903438718899413,0.08758712256465574
3232,0.575807072550886,0.9034277623490641,0.08758725173205087
3233,0.5758143860928222,0.9034731680461429,0.08758238550921198
3234,0.5758446344589027,0.9034498945039077,0.08758334082626962
3235,0.5758881688110183,0.9034527460508592,0.08757942794599095
3236,0.5758195834111011,0.9034308598515478,0.08758964629881502
3237,0.5758103338812891,0.9034397834257007,0.08758956818955783
3238,0.5757546229117373,0.9034564200116215,0.08761265912741259
3239,0.5757623506637668,0.9034789672164257,0.08761350444707548
3240,0.575754588692598,0.9034966375841927,0.08761198583758667
3241,0.5757656297434883,0.9035170749516972,0.08761080333056981
3242,0.5757782104566617,0.9034983861743046,0.08761609872373234
3243,0.5758577784549442,0.9035137737672884,0.08760814775973415
3244,0.575775240213771,0.9035158336448706,0.08761764704158496
3245,0.5758663483298295,0.9035492259514231,0.0876071021794638
3246,0.5758288988227919,0.9035352257013631,0.08761256646513534
3247,0.5758811143760344,0.9034974330966172,0.0876364227492569
3248,0.5758313620579938,0.9034998004186148,0.08764880198182486
3249,0.5758928581103241,0.9034946545677144,0.087644735614424
3250,0.5758700232950729,0.9034972101994162,0.08764908874503652
3251,0.5758835296681255,0.9034822145980619,0.08765096705130393
3252,0.5759654866815997,0.9034800932315966,0.087648303885816
3253,0.5759618604599734,0.903464144552555,0.08765053543982709
3254,0.5758589074912762,0.9034221284301545,0.08766941194280657
3255,0.5758397653034617,0.9033725607043042,0.08767451250174188
3256,0.5758076936857658,0.9033625226441458,0.08768109259864817
3257,0.5757232732772666,0.9033044348649376,0.08770126017793702
3258,0.5757548862430608,0.9033086699117578,0.08770083888815235
3259,0.575775157162711,0.9033091579797671,0.0877031917636871
3260,0.575784152482937,0.9033253679865617,0.08770513253970069
3261,0.5758247659626594,0.9033592791055649,0.08769730068755638
3262,0.5757814600089021,0.9033585988847961,0.08770141134796632
3263,0.5758246046121397,0.9034208294775,0.08769408468936117
3264,0.5757813877854098,0.9033870221209869,0.0877046565671574
3265,0.5758453267563207,0.9034069598913166,0.08770037296592208
3266,0.5758899228496842,0.9034304332724217,0.0876955609568147
3267,0.5758847439937643,0.9034232890328221,0.08769614311341503
3268,0.5758738963587848,0.9033904385970515,0.08770384761853707
3269,0.5758824839575749,0.9033349986828697,0.08771792739897885
3270,0.5758803928077174,0.9033261481267654,0.08772167751658559
3271,0.5759029254619339,0.9033191576093734,0.08772401303415923
3272,0.5759213165543275,0.9033096422047211,0.08772146504758668
3273,0.5758938872967697,0.9032892009941614,0.08772929786477883
3274,0.5759042574322099,0.9032856423250548,0.08773079133539627
3275,0.5760410567500752,0.9033545905782322,0.08771367432380672
3276,0.5760762308291548,0.9033816149423335,0.08771674062376263
3277,0.5760516908825336,0.903353356957516,0.08772559039642568
3278,0.5760445454696683,0.9033394950574429,0.08772676273523268
3279,0.5760083173978754,0.9033152838097411,0.08772882547696058
3280,0.5760249334770843,0.9033504516077917,0.08772248617562066
3281,0.5760599993643497,0.9033752623721032,0.08771815927359128
3282,0.575998075389871,0.9033642904495336,0.08772877963131988
3283,0.5760048073796975,0.9034118905311262,0.08772614105493991
3284,0.5759749783185955,0.9034087853425322,0.087733554401211
3285,0.5758575389858902,0.9033925407482408,0.08774770450244242
3286,0.5759974111252719,0.9034805505551643,0.08773229476336772
3287,0.575943053664864,0.9034672727994802,0.0877369477623062
3288,0.5758790648125719,0.903422120744044,0.08775133848174826
3289,0.57583159893144,0.9034484226137696,0.0877531027559276
3290,0.5758208326570028,0.9034637333456496,0.087753276861103
3291,0.5758174112979041,0.9034684718326997,0.08775578154341566
3292,0.5758268013650301,0.9034675956161162,0.08775480620676128
3293,0.5759067557864324,0.903497771285474,0.08774607280838487
3294,0.5758814753654776,0.9034815343772932,0.08774942296458794
3295,0.5758842322021873,0.9034843205923064,0.08775175405266733
3296,0.5758370559266329,0.9034806274162681,0.08775974667219685
3297,0.5757810347431165,0.9034404290589728,0.08777192779015303
3298,0.5758415754454604,0.9034262750867053,0.08777042144945837
3299,0.5758383641717084,0.9034561394685926,0.08777162511562846
3300,0.5758496009411277,0.9034865610934827,0.08776806292675673
3301,0.5758846706045132,0.9034812000314916,0.08776618289900716
3302,0.5758818815505787,0.9034683181104921,0.08776967844752447
3303,0.5757691343354785,0.9034600209543353,0.08778796625253012
3304,0.5757576176615442,0.903472022815696,0.08778820333052666
3305,0.5757843908491673,0.9034760964541982,0.08778453848732092
3306,0.5757872555568683,0.9034839286006769,0.08778378636120153
3307,0.575718840807013,0.9034590640335928,0.08779615937703505
3308,0.575959414867775,0.9034787251039487,0.08778926468727517
3309,0.5759807883473791,0.9034937130191927,0.08778911605132682
3310,0.5759558216969922,0.9034650976302423,0.08779991239358421
3311,0.5759185946698858,0.9034616388805706,0.08780516599708875
3312,0.5759455982817668,0.9034746898959984,0.08780672189207626
3313,0.575875132411025,0.9034195343679007,0.08782445876121442
3314,0.5758690131634471,0.9034187695999177,0.08782751170119568
3315,0.5757909215759595,0.9033761462747971,0.08784155892490957
3316,0.5758598660242921,0.9033773875816237,0.08783654909658566
3317,0.5758726146527725,0.9033822183019985,0.08783395554469872
3318,0.5758453031575634,0.9033759541220375,0.0878378437210791
3319,0.5758356119973754,0.9033703317322935,0.08783949341369009
3320,0.5758188195631099,0.9034028593514281,0.08783834871969956
3321,0.5757883347826692,0.9034314209376058,0.087838262112727
3322,0.5759864630013157,0.9034712542046579,0.08781910573202223
3323,0.5759406152814645,0.9034475694555173,0.08783231498747097
3324,0.5758734104635891,0.9034304986043599,0.08784726794756094
3325,0.575892489017409,0.9034426388157075,0.08785024183179628
3326,0.5758145017620709,0.9034122325630383,0.08786555782426725
3327,0.5757584791520602,0.9034118521005744,0.08787100108266448
3328,0.5757701248271377,0.9033981746671504,0.08787159627030292
3329,0.575897141457183,0.9034511319676791,0.08785443513465918
3330,0.575967627804772,0.9034751280042902,0.08784930478718166
3331,0.5761185246720825,0.9035243921287804,0.0878340570414803
3332,0.5761615539673799,0.9035401832425592,0.08783561170073141
3333,0.5761320253969475,0.9035062260068937,0.08784489260329739
3334,0.5760845252412624,0.9035013222684704,0.08785270334493546
3335,0.5760895027851209,0.9035010993712692,0.08785267456780252
3336,0.5760990294364899,0.9035091544149491,0.08785247717861695
3337,0.5763052185466516,0.9035467433377699,0.08784261198948289
3338,0.5762428002844987,0.9035250646634387,0.08785549389704599
3339,0.5762470362293309,0.9035235043830313,0.08785663974743646
3340,0.576292422349609,0.9035668847900246,0.08784963199755222
3341,0.5763691118814156,0.9035873951755776,0.08784126129769332
3342,0.5763834636505895,0.9035934710458342,0.08784073357779644
3343,0.5763762594291555,0.9035970028135545,0.08783706199366365
3344,0.5764066189401063,0.9036073098875761,0.0878346809520943
3345,0.576422157445032,0.9036113181941401,0.08783135606603097
3346,0.5764635479014841,0.903649475889129,0.08782228464928635
3347,0.5765180709271721,0.9036509400931567,0.08782165707337572
3348,0.5764989401101138,0.9036453715061853,0.08782756829138512
3349,0.5764743390113649,0.9036234968360396,0.08783312926779362
3350,0.5765330987570398,0.9036341344128076,0.08782873851661388
3351,0.5765796075913062,0.9036469471588136,0.0878266883254008
3352,0.5765184895082874,0.9036596945728813,0.0878319283490272
3353,0.576503387371279,0.9036707126121132,0.0878347978876642
3354,0.576488515223476,0.9036733451049188,0.08783826641132898
3355,0.5764774392023744,0.9036664545069618,0.08784009173372334
3356,0.5764634349186829,0.9036926180267004,0.08784469884745462
3357,0.5764789166646591,0.9036750437353132,0.08784871928969065
3358,0.5764998155803579,0.9036694175025138,0.08784693850258066
3359,0.576474394804595,0.9036693598566861,0.08785294243633737
3360,0.5764800058425902,0.9036739407784734,0.08785205959512087
3361,0.5765575007544803,0.9037351452754413,0.08783925041952372
3362,0.5765361868594193,0.9037306143133714,0.08784416219930452
3363,0.576580160684893,0.9037342075699748,0.08784182361010842
3364,0.576537418050034,0.903704193308935,0.08784968610599779
3365,0.5765132453228828,0.9037203571990673,0.0878544394774441
3366,0.5765110915592923,0.9037115181721286,0.08785774517771872
3367,0.5765445122462671,0.9037189237394812,0.08785432144856523
3368,0.5763792757785542,0.9036645483515872,0.08787989008322897
3369,0.5764118909262402,0.9037164257536072,0.08787031531456352
3370,0.5765081753926364,0.903739995211092,0.08786305814196946
3371,0.5765206408458755,0.9037284353010783,0.08787182870243788
3372,0.5764643061335758,0.9037319670687985,0.08788049176881564
3373,0.576465202719073,0.9037567739900549,0.08787793159838161
3374,0.5763649804943495,0.9037460902966246,0.08788892803685132
3375,0.5764474127264361,0.9038030635898275,0.08787709248791085
3376,0.5763653069176433,0.9037429428344234,0.08789797566726727
3377,0.5763558993555893,0.9037342959602441,0.08789231964598104
3378,0.5764998263178163,0.9037542952194568,0.08787852867730574
3379,0.5765338875707479,0.9037674615265404,0.08787770772238358
3380,0.5765476611943975,0.9037416361956585,0.08788298988800751
3381,0.5765486044328438,0.903731874835474,0.0878842302031835
3382,0.5766819513317485,0.9037663585697007,0.0878724720125327
3383,0.5769064326735965,0.9038458214218799,0.08784738743633648
3384,0.5769119659433833,0.9038441420067614,0.08785404109089488
3385,0.5769147427383106,0.9038470396703753,0.08785434456989333
3386,0.5770395150240204,0.9038906045440177,0.08784160319711497
3387,0.5771091691542427,0.903933239398304,0.08783391627719704
3388,0.5771936935276459,0.9039542186365902,0.08782586207719617
3389,0.5771927887025087,0.9039463096290077,0.08782994424917984
3390,0.5771964901926498,0.9039299420569502,0.08783435256515602
3391,0.5771296273774871,0.9039260451989868,0.08783816439221417
3392,0.5770959483591701,0.9039383160742109,0.08783972264403704
3393,0.5771530713984472,0.9038984520627172,0.0878428090143635
3394,0.5771377510021305,0.9038752476954754,0.0878473882978247
3395,0.5772087143416841,0.9039809855159938,0.08784176159219062
3396,0.5772577476291497,0.9039969764686425,0.08783543194407974
3397,0.5772620899265228,0.9040044243096023,0.08783774383829702
3398,0.5772358197523625,0.9040113610242215,0.08783981003976739
3399,0.5772175098438038,0.9040229708939528,0.08784155312582427
3400,0.5771703161189042,0.9040138705392611,0.08785262195560595
3401,0.5771203135982161,0.9039994244947991,0.08785852733194999
3402,0.5771380634779729,0.9039669391492716,0.08786288819114511
3403,0.577092133682181,0.9039586765806115,0.0878677021246515
3404,0.5770694792196992,0.9039010730263574,0.08788163798108668
3405,0.5770682620810113,0.9038709204153307,0.08788671962611518
3406,0.5770691535635526,0.9038867883902133,0.08788546967512048
3407,0.5770738832777026,0.9039093855547349,0.08788852313089249
3408,0.5769774397056886,0.9038551024001655,0.08790215612836218
3409,0.5769790229092325,0.9038552061626557,0.08790380176407836
3410,0.576974786234009,0.9038459828301979,0.08790908202971268
3411,0.5769551769874937,0.9038450105372346,0.08791126479215798
3412,0.5769640967184225,0.9038307989191392,0.08791403033936053
3413,0.5770765513220868,0.90385559431123,0.08790703195261255
3414,0.5770737186302356,0.9038415095139558,0.08791022240183184
3415,0.5770503768008589,0.9038707013611847,0.08790970761814469
3416,0.5771222420981341,0.9038706168139706,0.08790377273307097
3417,0.5771691602437541,0.9038644525534446,0.08790208498684911
3418,0.5771706610548611,0.903960601951262,0.08789593630705617
3419,0.5770581203542512,0.9039686608379971,0.08790917292783416
3420,0.5770815260359127,0.9039680382630562,0.08790660129857737
3421,0.5771933304065519,0.9039771847344101,0.08790310975415114
3422,0.5771847746070932,0.9039997626836559,0.08790773405389672
3423,0.5772132534659494,0.9040000547558503,0.0879113312308706
3424,0.5772264629523786,0.9039963462075913,0.08791366474582103
3425,0.5772435778517261,0.9039781647134838,0.08791795714468138
3426,0.5772214465730122,0.9039663742201586,0.08792281687274439
3427,0.5772870692615165,0.9039840330587601,0.08791410945667277
3428,0.5772105307199211,0.9039310334846244,0.08794592562907
3429,0.5772230965342721,0.9039356297786325,0.08794638547725178
3430,0.5772390800994802,0.9039354837425353,0.08794769726962873
3431,0.5773315154783776,0.9039873380862241,0.08793800563707832
3432,0.5773373165846493,0.9039902088484516,0.0879394438839917
3433,0.5772411658757733,0.9039670967145345,0.0879556368437295
3434,0.5772689718213562,0.9039272519183167,0.0879586809669105
3435,0.577263053427771,0.9039129672821727,0.08796044703650814
3436,0.5772952200230701,0.9039210645994596,0.08796126803784506
3437,0.5773501468204014,0.9039339311482383,0.08795809673968635
3438,0.5773373075099824,0.903935456841149,0.08795559746457937
3439,0.5773488155820565,0.9039503294647372,0.0879524796871823
3440,0.57730453622943,0.9039386581061228,0.08795809781779312
3441,0.5772737547333111,0.9039246540130078,0.08796514162605763
3442,0.5772557929442564,0.9039450760082914,0.08797063373240793
3443,0.577230474712876,0.9039496876745203,0.08797143921815091
3444,0.5773053032940924,0.9039765121997518,0.08796684200494348
3445,0.5772549069546294,0.9039537420977466,0.0879768006841485
3446,0.5772164780420218,0.9039516822201643,0.08798313770938702
3447,0.5771686493135461,0.9039463096290077,0.08799207504299056
3448,0.5771031054432294,0.9039173906386972,0.08800295788999613
3449,0.5771860875738454,0.9039477354024834,0.08800026611591993
3450,0.5771958198391988,0.9039230207145517,0.08800501082494355
3451,0.5772942777214424,0.9039498721411695,0.08799791925125951
3452,0.5772443129507199,0.9039447570347106,0.08800500187003639
3453,0.577255306533767,0.9039262181364704,0.08800605144411804
3454,0.5772846341520487,0.9039325976080871,0.08800291339523846
3455,0.5773476853706849,0.9039230168714966,0.08799912679494286
3456,0.5773064653073863,0.9039054079926124,0.08800855864306908
3457,0.5774072126072108,0.903938961707483,0.08799863303681597
3458,0.5772893501289306,0.9038899589107456,0.08801774349457685
3459,0.5773237548591162,0.9038900319287942,0.0880143266182358
3460,0.5773363138841757,0.9039041974302274,0.08801083530005457
3461,0.5773843048874837,0.9039107613684932,0.0880092940856545
3462,0.5774129874637417,0.9039009769499775,0.08801088431874271
3463,0.577454966169821,0.9039314523776402,0.08800637592366246
3464,0.5774528939964048,0.9039175904775671,0.08801155732901914
3465,0.5774650270421195,0.9039502218591918,0.08801538002508912
3466,0.5774348818620602,0.9039902434359484,0.08801880292477202
3467,0.5774209343647342,0.9039614589525696,0.08802638537689986
3468,0.5773950097854038,0.9039611707234303,0.08803102830095026
3469,0.5773177430145033,0.9039313524582052,0.08804380289142766
3470,0.5772922498435893,0.903890327844044,0.08805191753451684
3471,0.5772549460218339,0.9038688105780309,0.08806241600574663
3472,0.5773073032021568,0.9038895592330058,0.08805647285134427
3473,0.5772714720062117,0.9038857161778151,0.0880601068975274
3474,0.5771696150280596,0.9038411213653815,0.08807946582184965
3475,0.5771420913922677,0.90381500011925,0.08808610128551746
3476,0.5771515510018785,0.9038077713324362,0.08808863425226851
3477,0.5771798213318313,0.9038052464451759,0.08808089367848412
3478,0.5771223221695436,0.9038000467915028,0.0880924639079106
3479,0.5771681030085454,0.9038378240240279,0.0880922962626454
3480,0.5771604327107457,0.9038538764655597,0.08809453000332965
3481,0.5771436920938654,0.9038441458498166,0.08810132218483194
3482,0.5771306128841895,0.9038308066052496,0.08810965774131685
3483,0.5771772176887149,0.9038285968485149,0.08810775088136155
3484,0.5772161551869341,0.9038579116735099,0.08810182158563849
3485,0.5772226743017831,0.9038448875594685,0.08811002243246564
3486,0.5772363866572899,0.9038454909191335,0.0881115030687936
3487,0.5772143638223425,0.9038263909348354,0.08811434006660555
3488,0.57716666725307,0.9038145696970686,0.08812425710260163
3489,0.5772094269049044,0.9038067452367002,0.08812652813929016
3490,0.5771786205928953,0.9037606900632943,0.08813723755287875
3491,0.5771076411179291,0.9037450027120056,0.08814893714681471
3492,0.5770926441114623,0.9037408752707308,0.0881511895718724
3493,0.5770962587194375,0.9037348416740812,0.08815643686926485
3494,0.5771140205075982,0.9037706896929006,0.08815410213369936
3495,0.5771287527433745,0.903795315990563,0.08815033400167555
3496,0.577187050032284,0.9037587839079196,0.08815363187650438
3497,0.577217239310735,0.9037291693246197,0.0881640789885407
3498,0.5771568666732634,0.9036985555469702,0.08817814935098597
3499,0.5772056439802776,0.9037111799832718,0.08817434726891998
3500,0.5772355750450303,0.9037201150865903,0.08816548554547327
3501,0.5770781442860886,0.9036835522595055,0.08819652513203206
3502,0.5770980822024393,0.9037095812723125,0.08820064145188597
3503,0.5770894197129519,0.9036994010191122,0.08820989355693712
3504,0.5771050960142441,0.9037602058383403,0.08821159871625245
3505,0.5771529514814263,0.9037529808945817,0.08821248970167458
3506,0.5772271178430878,0.903764775230962,0.08820372366470226
3507,0.5772605536327993,0.9037803203892086,0.08820077123081305
3508,0.5773180628133647,0.9037990937138155,0.08819737549025687
3509,0.5772953791303543,0.9037971760292753,0.08820248658709974
3510,0.5772949156320831,0.903778010713039,0.08820882244932256
3511,0.5772449203329254,0.9037666583280055,0.08821931147414866
3512,0.5772532059621397,0.9037788907726777,0.08821895377969981
3513,0.5772654021009238,0.9037733721454237,0.08822002633336905
3514,0.5772486730833375,0.9037672271001738,0.08822408595009848
3515,0.5771815670178285,0.9037453293716968,0.08823136270768084
3516,0.5772872170859807,0.9038080557185203,0.08822094894390836
3517,0.5773951301499757,0.9038616586523209,0.08821377478909148
3518,0.5774382015942828,0.9039487115385019,0.08820993283678111
3519,0.5775162775664052,0.9039558135044944,0.08821078600896778
3520,0.5774835035266807,0.9039634534982136,0.08821802486224525
3521,0.5775211223828413,0.9039861582682805,0.08821645405932418
3522,0.5774694945085567,0.9039465286831535,0.08822717974631196
3523,0.5775674817518961,0.9039466132303677,0.08821563752418421
3524,0.5775117233857822,0.903916860297081,0.08822664466338849
3525,0.577500624040649,0.9039256647365229,0.08823137347827553
3526,0.5775022950068429,0.9039407641003674,0.08823710605203962
3527,0.5775572944292324,0.9039383775630939,0.08824379966252348
3528,0.5775473197854553,0.9039120641642029,0.08824998714822073
3529,0.577572596634481,0.9039307836860371,0.08825186928737307
3530,0.5774484084690237,0.9038478620841861,0.08828652395527734
3531,0.577502278788114,0.9038740601914215,0.08827784669710781
3532,0.5774780129764676,0.9038598831608228,0.08828213150792177
3533,0.5774777364521815,0.9038572814124587,0.08828154705886006
3534,0.5775700157071966,0.9038993321223558,0.08826872164654308
3535,0.5775664294498023,0.9038893171205288,0.08827294421256048
3536,0.5775122436011508,0.903827128801432,0.08829634112464639
3537,0.5775166449847098,0.903833957910506,0.08829498782376315
3538,0.5775430168632616,0.9038304146136201,0.08829203451212225
3539,0.5775646017524719,0.9038099080711223,0.08829663002897084
3540,0.5776068764072341,0.9038724307360206,0.08829151034183358
3541,0.5776178733345996,0.9038492801715515,0.08829894341383675
3542,0.5776389608684299,0.9038587340873208,0.08829682744684172
3543,0.5776422406162185,0.9038694677404685,0.08830528036257308
3544,0.5777185787907104,0.9039463250012284,0.0883116841559549
3545,0.5777629016385346,0.9039165413235001,0.08831377935223804
3546,0.5777999533064645,0.9039136475029415,0.08831248440498563
3547,0.5779243055254261,0.9040254342923301,0.08829504112065703
3548,0.5780861957112549,0.9040269177116337,0.08828313078079257
3549,0.5780851794932411,0.9040396266951496,0.08827910692439872
3550,0.5779341595970914,0.9040017726015206,0.08831007361695456
3551,0.5779222640701577,0.9039939711994834,0.08831169566937343
3552,0.5779514433065167,0.9039875071806526,0.08830521964082269
3553,0.5779138118605822,0.9040301727793802,0.08830756641117204
3554,0.5778460497805709,0.903984978450337,0.08832493569494208
3555,0.5778277937977084,0.9039816734228729,0.08832979248281547
3556,0.5778053479857284,0.9039587495986602,0.08833781484878732
3557,0.5777896352644012,0.9039495416384231,0.0883426928355628
3558,0.5778456956572404,0.9040022798848059,0.08833579028341641
3559,0.57784798292681,0.9040144393114293,0.0883356060026124
3560,0.5778272081522363,0.9039897399957184,0.0883429657726718
3561,0.5777425383423195,0.9039652020883254,0.08835753476207021
3562,0.5777580889616176,0.9039884986888918,0.08835273508873526
3563,0.5777379568057599,0.9040119105811139,0.0883624229813172
3564,0.5775808793291621,0.9039141740015025,0.08839814989898412
3565,0.5775625517837043,0.9038805587977491,0.08841193228067588
3566,0.5776076349575581,0.9038514476546791,0.08841766026046799
3567,0.5776005172398447,0.9038741408955805,0.08841709024696594
3568,0.5775789893761393,0.9038810238074272,0.08842418322660549
3569,0.5775969713411415,0.9038902509829402,0.0884182202785084
3570,0.5776305213266568,0.9039290850556427,0.08841427301886104
3571,0.577660426299359,0.9038898743635314,0.08842354288539532
3572,0.5776717966595766,0.903879006203452,0.08842988415511338
3573,0.5776742318449996,0.9039002736708777,0.08843831485501195
3574,0.5777828708293966,0.9039492534092838,0.08844845229605423
3575,0.5777926774412923,0.9039409408809062,0.08844949737767857
3576,0.5777216972538607,0.9039260913156492,0.08845988035444305
3577,0.577666439594812,0.9039049160815481,0.08847466890835072
3578,0.5777072808519291,0.9039466785623059,0.08847306879413751
3579,0.5777649340034132,0.9039513786188043,0.08847034397593118
3580,0.5777555070600712,0.9039312294804391,0.08847885797727412
3581,0.5777262530597476,0.9039462673554006,0.088483176860271
3582,0.5777795171087198,0.9039518897451446,0.08848529034413503
3583,0.577783147952066,0.903962677201065,0.08848243555573473
3584,0.5778365032371472,0.9039711203933192,0.08847834183593638
3585,0.5778203250607624,0.9039710665905465,0.08848174837806906
3586,0.5777326242623524,0.9039356835814052,0.08849800479846909
3587,0.5776606013481858,0.903861216700974,0.08851742256005876
3588,0.5777470266171584,0.9038605287940948,0.08851001918244301
3589,0.5777656549156995,0.9038906122301281,0.08850692654960104
3590,0.5778383081491381,0.9039293502264508,0.08850308097201501
3591,0.5779002724344414,0.9039494109745466,0.08849943338783756
3592,0.5780466537941867,0.9040259992214431,0.08849411567416102
3593,0.578003051753232,0.9039896016457315,0.08850709672412448
3594,0.577988979952004,0.9040184783624349,0.08851077318006852
3595,0.5780215655165071,0.9040023413736888,0.08852064942306063
3596,0.5780131913498294,0.9040009809321513,0.08852459805645188
3597,0.5780010365473766,0.9039815043284446,0.08853156136163823
3598,0.5781290009566528,0.9040417365324492,0.08852732626936367
3599,0.5780859792012799,0.9040685226271288,0.08853790834716782
3600,0.5780990627533343,0.9040640070372797,0.08854230472628549
3601,0.5780858584441672,0.9040584999391913,0.0885453035543388
3602,0.5780829328599729,0.9040631999956896,0.08854803086812384
3603,0.5782226609103545,0.9041215990623683,0.08853273553697498
3604,0.5782130558410339,0.9041098047259879,0.08853622261315068
3605,0.5780705562277608,0.903964610257826,0.08855853881919817
3606,0.5780696951977472,0.9039662089687854,0.0885619782916411
3607,0.5780361839126955,0.9039681112811048,0.08856433487739361
3608,0.5780692921305991,0.9039622352497182,0.08856275620591743
3609,0.57815464703535,0.9039897937984911,0.08855830294561573
3610,0.578131845045451,0.9039875917278667,0.08856420203652153
3611,0.5781368605963478,0.9039763238900475,0.08856905886890773
3612,0.5781618607584144,0.9039665740590285,0.08857320989861833
3613,0.5781517677721172,0.903950225702247,0.088580078563903
3614,0.5781349527443344,0.9039328550927849,0.08858436666413644
3615,0.578139460624857,0.9039367173632515,0.08858355438237699
3616,0.5781002924689292,0.9039337966413066,0.08859104211764315
3617,0.5781906347819636,0.9039504755008344,0.08858983282740177
3618,0.5782272033884086,0.9039526391409068,0.08858612665673635
3619,0.5780717616129173,0.9039458292471089,0.08861806137548402
3620,0.5781043707334704,0.9039498106522864,0.0886171901283305
3621,0.5781610422888191,0.9039677730922481,0.08861389467486273
3622,0.578279859994684,0.9039890213443977,0.08860029927268888
3623,0.578247989875598,0.9040079983509296,0.08859699459958532
3624,0.5782374658557135,0.9039894594526895,0.08860246547288274
3625,0.5782611294979086,0.903980766461848,0.08860564528164996
3626,0.5782429339387317,0.90395663207525,0.08861231258112022
3627,0.5782662897387938,0.9039300765638819,0.08863066752591357
3628,0.5783246982130918,0.9039399647448877,0.08862405535797607
3629,0.578323091366373,0.9039109458351423,0.08863616262461034
3630,0.5783409331092418,0.9039125368599913,0.08863530728283826
3631,0.5783264084393382,0.9039300266041644,0.08864326703706543
3632,0.5783689554048245,0.9039143699973173,0.08864358776824516
3633,0.5783561865468818,0.9039130902599388,0.0886532135879262
3634,0.5782985244154486,0.9038913270383936,0.08866282469511401
3635,0.5784174837846223,0.9039120334197613,0.08865964473496649
3636,0.5784550042013213,0.9039202729300904,0.0886576692933252
3637,0.578435474870921,0.9038991860862586,0.08866288243947504
3638,0.5784332127432367,0.9039046893412918,0.08866466896147472
3639,0.5783553424724588,0.9038996049792745,0.08867820426498656
3640,0.5784197659509042,0.903929615397259,0.08867268571423921
3641,0.5784490819165538,0.9039420207794148,0.08867017097013345
3642,0.5785044762451993,0.9040912581416373,0.08866848154447018
3643,0.5784955438726589,0.9040904126694953,0.08866947375594467
3644,0.5785186719727757,0.9040714856226809,0.08867479034331532
3645,0.5785628716874546,0.9040622776624438,0.08867842752073336
3646,0.5785966741484516,0.9040640915844939,0.08867388333495196
3647,0.5785594806311779,0.9040349689122583,0.08868378789821922
3648,0.5785610627097173,0.9040340388929022,0.0886798152245345
3649,0.5785609726325026,0.9040188780401747,0.08868168053904008
3650,0.5786623748179986,0.9040471129666612,0.08868188155315664
3651,0.5786764902355678,0.9040260376519951,0.08868466747321116
3652,0.5786686268933006,0.9040223752203983,0.08868507383673463
3653,0.5787165406812762,0.9040814352925698,0.08868826556771692
3654,0.5787301837505785,0.9040940558858162,0.08868521044774713
3655,0.5787508583503229,0.9041030640071833,0.08868686284902062
3656,0.5787368174372607,0.9041140513019736,0.08868941075432947
3657,0.5787338165196881,0.9041121297743783,0.08869269666281787
3658,0.5788286610840978,0.9041133019062115,0.08869058887551319
3659,0.5787899395742091,0.9040795714108022,0.08870512457617767
3660,0.5787999288965257,0.9040916808777083,0.08870842210816897
3661,0.5788786497522037,0.9041080830372624,0.08870267191571059
3662,0.5788702422453871,0.9040781802248232,0.08871402550374018
3663,0.5789263444067364,0.9041052430194765,0.08871113937492281
3664,0.5789776085534055,0.9040851707422152,0.08871394899810112
3665,0.5789737756569552,0.904091212024975,0.0887175716220611
3666,0.5789944534470906,0.9041058732805277,0.08871212423862049
3667,0.5789519245856655,0.9040937176969595,0.0887229492866652
3668,0.5789294488109673,0.9040699138131079,0.08873140403625923
3669,0.578921963728531,0.9040760511722475,0.08872939120744329
3670,0.578936093060535,0.9040740566266036,0.08872713225144464
3671,0.5789703621596263,0.9040876571989236,0.08873192380469981
3672,0.57899396437598,0.9041130213631826,0.08872661047113675
3673,0.5790035744307703,0.904117060414188,0.0887238336504656
3674,0.5790075645211464,0.9041340851486831,0.08872477548729492
3675,0.5791610917840025,0.9042361605376047,0.0887344726401165
3676,0.5792445408252679,0.90426568288758,0.08873326514853279
3677,0.5792237569722088,0.9042715704481323,0.0887387488589067
3678,0.5791675940224051,0.9042641110780071,0.08874303726942034
3679,0.5791465924364301,0.904264975765425,0.08875046859569057
3680,0.5791180714849876,0.9042753404852745,0.08875112677739631
3681,0.5791264890653194,0.9042576278439002,0.08875594695115072
3682,0.5790773033194208,0.9042334165961985,0.08877005907355333
3683,0.5791264637937759,0.9042439849979731,0.08876444493088212
3684,0.5791214959241822,0.9042420557842673,0.08875725882769733
3685,0.5791435099416721,0.9042438159035446,0.08875669062962321
3686,0.5792602161847819,0.9042580505799712,0.08875149345064136
3687,0.5792957476435121,0.9042757862796765,0.08874642270055615
3688,0.5793226798461861,0.9042586078229738,0.08874767314689572
3689,0.5792337168813178,0.9042289432799564,0.08876405470160839
3690,0.5791955445353671,0.9042359914431762,0.08877039168656384
3691,0.5791397265474802,0.9042132982022749,0.08877622374820657
3692,0.5790916225952798,0.9042008390173465,0.08879686740161978
3693,0.5791795236547201,0.904247228536554,0.08878671481621646
3694,0.5791187997525397,0.9042272792370588,0.08879155167935174
3695,0.579061904816763,0.9042272062190102,0.08879917380200227
3696,0.5790533956281718,0.9042329400573549,0.08879479429098851
3697,0.5790401848067217,0.9042254076691809,0.08879722961004392
3698,0.5790299237936678,0.9042046705433716,0.08880179576109931
3699,0.5789994818070178,0.9041879839977334,0.08880889663575714
3700,0.5790162911387374,0.904195954494199,0.08880317972287229
3701,0.578978530440771,0.9041656520040199,0.08881363399907365
3702,0.5789352186505242,0.9041249271481635,0.08882588321389787
3703,0.5789691733838714,0.9041200118805746,0.08883013351667879
3704,0.5790040711810078,0.9041181633710278,0.08883625544197857
3705,0.5790553717273129,0.9041262491591492,0.08883511635310049
3706,0.5790775768837078,0.9041429741353393,0.08883170078798248
3707,0.5791812423138819,0.9041588497963323,0.0888227721084651
3708,0.5791856008838927,0.9041425667714891,0.0888243492907131
3709,0.5791956340540088,0.9041293197602466,0.08883301042051757
3710,0.5791215543049003,0.904097214877183,0.08884953178094993
3711,0.5791371085093194,0.904105757988872,0.0888508835307582
3712,0.5790997273515229,0.9041169105350356,0.08885519196208652
3713,0.5790629476958156,0.9041172986836099,0.08886254126783848
3714,0.5790209712793097,0.904118128783531,0.08886721701627517
3715,0.5790117552767701,0.9041153694699041,0.08886779240862276
3716,0.5789603786996534,0.9041217220401344,0.08887547045672936
3717,0.5789775580289093,0.9041170104544706,0.08887659332724683
3718,0.5790059811052495,0.9041757899836131,0.08887667564173697
3719,0.5790632323977222,0.9041833415870629,0.08888109360325573
3720,0.5790730821444208,0.9041868387672866,0.08888047050215324
3721,0.5790888360643137,0.9041893021656638,0.08888031250306483
3722,0.5790976369896129,0.9041884221060251,0.08888198213420755
3723,0.5790729328134216,0.9041654752234811,0.08889096312009749
3724,0.5791115194301706,0.9041903782211173,0.08888928264028348
3725,0.5791890931430936,0.9042041901614728,0.08888697010221551
3726,0.5791479143859355,0.9041735879129889,0.08889801392850212
3727,0.5792530257853153,0.9041962504094487,0.08888905683939623
3728,0.5793901779770055,0.9042099124706519,0.08887953970426567
3729,0.5793936573296595,0.9042103621081091,0.08888144660384835
3730,0.5793718800260221,0.9042025069032993,0.08888568042616468
3731,0.5793767253151023,0.9041920730084564,0.08888448160821831
3732,0.5793875339529916,0.9041720391617469,0.08888966443356736
3733,0.5794293510667354,0.9041666973150319,0.08889032834837611
3734,0.5794491196065533,0.9041715241923514,0.08888815894414373
3735,0.579473438400227,0.9041841793730946,0.0888855625172095
3736,0.579477810853413,0.9041813931580812,0.08888794428111997
3737,0.579323618353727,0.9041624853265428,0.08891022906323921
3738,0.5792945158324982,0.904216603229739,0.08890920496986153
3739,0.5792617615949041,0.9042186362059349,0.08891161136495204
3740,0.5792738814191664,0.9042125219051264,0.08891214095184252
3741,0.579225150338956,0.9042004085951652,0.08892415231595896
3742,0.5792155633107801,0.9041788259972139,0.08893450160090795
3743,0.5791178883306295,0.904117241037782,0.0889573215027715
3744,0.5791348043350274,0.9041144970963758,0.0889619300379704
3745,0.5791441868817816,0.9041180211779857,0.08895621017764214
3746,0.5791094242067194,0.9041206190832947,0.08895989503007636
3747,0.5791239868925014,0.9041520475886446,0.08895330047859186
3748,0.579205772159347,0.9041754172072596,0.08894850384542083
3749,0.5792141492441595,0.9041852631146583,0.08894604487772481
3750,0.5791946573873583,0.904137689934452,0.08895298755355112
3751,0.5791815454314686,0.9041120875007712,0.088959278544377
3752,0.5792061265028869,0.9041129060715268,0.08895587407488585
3753,0.5792303427797454,0.9040794484330361,0.08896467704430568
3754,0.5792546429315288,0.9041024452752976,0.08896200621631677
3755,0.5792788519233983,0.9040891828918343,0.08896232918561145
3756,0.5791609962954288,0.9040426319643087,0.08898675663977469
3757,0.579064786254659,0.9040328590749587,0.08900779782727815
3758,0.5790761586849498,0.9040308260987627,0.08900358686911246
3759,0.5789597566339384,0.9040133824712518,0.08901918860055305
3760,0.5789903204457402,0.9040072412690571,0.08901591632902128
3761,0.5789519858253337,0.9039899705790299,0.08903058479220294
3762,0.5790447620574061,0.9040206458455624,0.08902149646596064
3763,0.5790563903412196,0.9040240392632959,0.08901898657398602
3764,0.5791054533816345,0.9040351879664043,0.08901842002874105
3765,0.5790750871966515,0.9039972185811196,0.08902541963127591
3766,0.5790964539338118,0.9039937175578409,0.08902682167917783
3767,0.5790187642251619,0.9039610631178849,0.08904625095245422
3768,0.5789871301799389,0.9039517091215507,0.08904908050283798
3769,0.5789929155213173,0.9039467323650786,0.08905543268447193
3770,0.5789198369573019,0.9039102848296495,0.08907795994421615
3771,0.5789267044992811,0.9038990400501614,0.08908040004728743
3772,0.5788378970413751,0.9039001737514427,0.08909075354138807
3773,0.5788365279500998,0.9039000661458974,0.08909320334970686
3774,0.5788588277786727,0.9038912847647864,0.0890912778126492
3775,0.5788672162198782,0.9038951278199772,0.08909087540153546
3776,0.5789285621102442,0.903896111642106,0.08908594100702237
3777,0.5789350870650393,0.903911825894781,0.08908536425103919
3778,0.5789158165083053,0.9038849398806665,0.0890925566303135
3779,0.5790169094072815,0.9039064225591829,0.08908967115696231
3780,0.5790415773034266,0.9039286661626269,0.08908967689933699
3781,0.579029372600177,0.9039326514108598,0.08909515849619315
3782,0.5790821530680751,0.9039176980831125,0.08910128015129766
3783,0.5790819271302559,0.9039355029578112,0.08909271641537919
3784,0.5790465083553035,0.9039455448610247,0.08909632319332784
3785,0.5790407039133395,0.9039546951754339,0.08908908735273353
3786,0.5790083905454599,0.9039580655348362,0.08909704000002545
3787,0.578950643467844,0.9039822998408691,0.0891084521698331
3788,0.5789646775236945,0.9040235742536178,0.08910431673192087
3789,0.5790520201276956,0.9040714817796257,0.08910227584595433
3790,0.5790230844324081,0.9040721889017808,0.08911141149185496
3791,0.5790341520336156,0.9040587266794476,0.08911088953601515
3792,0.5790887551005002,0.9040584884100258,0.08911454882502833
3793,0.5790486291013747,0.9040285702253658,0.08912678703299536
3794,0.5790618449608809,0.9040305417126786,0.08912895145585104
3795,0.5790359349155938,0.904016226332093,0.08913951939357888
3796,0.5790791868081381,0.9040790564414066,0.08914102003566961
3797,0.5790605245919168,0.9040453951209909,0.08915617132405179
3798,0.5790387358680321,0.9040196966109303,0.08916192761490743
3799,0.5789705161744647,0.9040044243096023,0.08917284326696791
3800,0.5789525076010328,0.9040379395939208,0.08917682979004413
3801,0.5790417332283606,0.9040670430508804,0.08917502196375106
3802,0.5790579110764364,0.9040575238031728,0.08917791565887578
3803,0.579017133720293,0.9040544378298547,0.0891844152511995
3804,0.5790041907184659,0.904013386314307,0.08919592891221585
3805,0.5789505609335855,0.9039645218675566,0.08921290411691848
3806,0.5790299365388057,0.9039790601453432,0.08920632608434348
3807,0.5790120580314388,0.9039464095484426,0.08921939159352571
3808,0.5789479139686936,0.9039914693705542,0.0892308715893547
3809,0.578859304730468,0.9039443189264189,0.0892587344961856
3810,0.578856627401742,0.903874755784411,0.08928461401536347
3811,0.5788458488699121,0.9039086476881383,0.08928745207008738
3812,0.5787932658018696,0.9038989900904439,0.0892951814504484
3813,0.578782167491747,0.9038796326214481,0.08930500747085582
3814,0.5787825700543056,0.9038656016269466,0.08931705078821987
3815,0.5787567258854758,0.9038477621647512,0.08932216904180834
3816,0.5787073439098674,0.9038390230572474,0.08933443338900944
3817,0.5787038199830898,0.9038442034956445,0.08934099905992345
3818,0.578340549429063,0.9036409981093783,0.08942937578317552
3819,0.5783711759700655,0.9036468049657714,0.08942762389621094
3820,0.5783553351593691,0.903623124059686,0.0894350265687434
3821,0.5783563763391674,0.9036257488663814,0.08943469816382735
3822,0.5783864482889295,0.9036133242689497,0.08943330407541492
3823,0.5784208162801274,0.9036339806906,0.08943130358600278
3824,0.5785003467257297,0.903618408630967,0.08943453056200126
3825,0.5784882102026712,0.9035956039414651,0.08944234010116502
3826,0.5784492188470723,0.9036389843484584,0.08945847897241223
3827,0.5785140764669955,0.9036738370159833,0.08945964935128406
3828,0.5784048937247716,0.9036563895454173,0.08948166184265789
3829,0.5782425665244826,0.9036055343960779,0.089513370003741
3830,0.5783482614272333,0.9037058573518326,0.08950790143748216
3831,0.578335139495653,0.9036661509056018,0.08952142329509068
3832,0.5785094936050481,0.9037265445179244,0.08952732734584111
3833,0.5785752006379703,0.9037698634360346,0.08952308301725215
3834,0.5785860267876405,0.9037701324498979,0.0895265954452323
3835,0.5786089427722402,0.9037358216531549,0.08953547799659588
3836,0.5786085739035033,0.9037235623070964,0.0895321049243991
3837,0.5786901903225031,0.9037348647324124,0.08952928008220513
3838,0.5787351091962364,0.903753914756993,0.08952473554852687
3839,0.5787311467186436,0.9037647560156861,0.08952953480480391
3840,0.5786489213585814,0.903745091102275,0.08953941069427583
3841,0.5786343446532642,0.9037385809667818,0.08954426120028204
3842,0.5785489114491703,0.9037230627099216,0.08955428068915047
3843,0.5785790914296812,0.9037340346324912,0.089557896943122
3844,0.5785535125143285,0.9037227783238375,0.0895651035196728
3845,0.5785812214868098,0.9037303914161704,0.089565183312207
3846,0.5785778044207142,0.9037304529050534,0.08957947019870041
3847,0.5785993577928723,0.903735199078214,0.08957695391626289
3848,0.5786129555680106,0.9037529578362504,0.08958075564680737
3849,0.5787021838501134,0.903780689322507,0.08957367045186919
3850,0.5786945929325894,0.9037867575066532,0.08957595204634387
3851,0.5786970730839627,0.9037802627433807,0.08958244409984382
3852,0.5786973552749237,0.9037935328129545,0.08958031269716735
3853,0.5786323848502422,0.9037763082395895,0.08959874345046158
3854,0.5784316185663079,0.9037313214355265,0.08963153496111967
3855,0.5784105917508416,0.9037070602281073,0.08964209760911403
3856,0.5783829341566565,0.9036717194925732,0.08966136289656755
3857,0.5786053859761462,0.9037424432372486,0.08964671834065074
3858,0.5785300721505121,0.9037081170682848,0.0896678560672668
3859,0.5785001313063115,0.9036760237143868,0.08967506182995995
3860,0.5784783803086891,0.9036634108072508,0.08968644071659954
3861,0.5786749397000824,0.9037371206058094,0.08967645712158503
3862,0.5786757436078853,0.9037251956055524,0.08968451001607955
3863,0.5786816948975634,0.9037144312079631,0.08969004103006899
3864,0.5786816948975634,0.9037144312079631,0.08968292966247203
3865,0.5786974660140423,0.9037503253434448,0.08968799707169177
3866,0.5787796833759339,0.9038300149358802,0.08968502689280874
3867,0.5787554589297738,0.9038332700036269,0.08968565278242692
3868,0.5787520135924857,0.9038343768035217,0.08969268199408412
3869,0.5787527933365153,0.9038396379460779,0.08969020407735215
3870,0.5787364176265737,0.9038552830237595,0.08969148825305227
3871,0.5787406545152967,0.9038827608683734,0.08969277147405415
3872,0.5788008503283412,0.9038857584514222,0.08969629756778344
3873,0.5788277804709251,0.9038889328150097,0.08969962934674561
3874,0.5788062745275367,0.9039028100873036,0.08970067838048551
3875,0.5787487628673538,0.9038660166769072,0.08971560621055075
3876,0.5787756872338883,0.9038756127857186,0.08971199683234274
3877,0.5787258213335389,0.9038602866816179,0.08971750247157871
3878,0.5787231155069,0.9038577579513023,0.08971900160323386
3879,0.5786934318673757,0.9038374205032329,0.08972782259812104
3880,0.5785953381053761,0.9038277974930352,0.08973752924040947
3881,0.5785675982215579,0.9038423011833251,0.08973551344961514
3882,0.5785908186202107,0.9038264716389944,0.08973351096897937
3883,0.5786350969281856,0.9038243118419772,0.08973266763163763
3884,0.5786189996676845,0.9038291079748553,0.0897308005506367
3885,0.5785491106415591,0.9038527004906713,0.08974038824740123
3886,0.578541235770081,0.9038525198670774,0.08974322793261642
3887,0.5785445887960211,0.9038892594747009,0.08974758134150025
3888,0.57856704453019,0.9038708089667301,0.08975309109183076
3889,0.5785838461042265,0.9038640720909807,0.08975769327411218
3890,0.5785834804822755,0.9038657015463816,0.08976075842294598
3891,0.5786310604305045,0.9038534152989368,0.08976526078913466
3892,0.5786129906252835,0.9038187432550058,0.08976659143534838
3893,0.5786689917799807,0.9038250573946842,0.08976229681195376
3894,0.5786858730154204,0.9038233779795658,0.08976539460844866
3895,0.5787197913534055,0.9038320748134625,0.08977000888182109
3896,0.5787347654957119,0.9038418515458678,0.08977185536790325
3897,0.5787379557218788,0.903853642039193,0.08977477398722276
3898,0.5787098004012549,0.9038432427318468,0.08978257433062432
3899,0.5787454633792832,0.9038415479445078,0.08978311488766491
3900,0.5786470715540457,0.9037874684718634,0.08980236459958015
3901,0.5787104311447727,0.9037879411676519,0.08981352786131443
3902,0.578885732491974,0.9038349571048556,0.089805056320173
3903,0.5789167755276505,0.903845844480211,0.08980779761493762
3904,0.5789824005385789,0.9038616740245417,0.08980185457990572
3905,0.5790296506790896,0.9038770769897463,0.08980186040486546
3906,0.5789770993212298,0.9038372898393564,0.08982233044888137
3907,0.5790731200480546,0.9038555866251196,0.08982140158341247
3908,0.5789784117211361,0.903836113864468,0.08984265146662467
3909,0.5789834581403518,0.9038211144200585,0.08984777245965878
3910,0.5789910701615916,0.9038249766905252,0.0898465908880015
3911,0.5788824120379009,0.9037803050169879,0.08987225021921931
3912,0.5789961083309404,0.9038934253465277,0.08984952004848232
3913,0.5789874192440808,0.9038948319047275,0.08984867291790097
3914,0.5791242785968463,0.9039112148490057,0.08984854621442721
3915,0.5791993409068114,0.9039119373433816,0.08984484982818723
3916,0.5791720000238677,0.9039037900663772,0.08985136265324903
3917,0.5791615050791353,0.9039028254595243,0.08985468316173954
3918,0.5791326985157528,0.9039299343708399,0.089856881330626
3919,0.5791405755421777,0.9039354798994801,0.089861107749494
3920,0.5790910702170787,0.9039428355071152,0.08986403557365093
3921,0.5791026409203722,0.9039458907359919,0.08986709176814717
3922,0.5791007716312199,0.90393305877471,0.08987047127757611
3923,0.5790897922697303,0.9039216064702416,0.08987592658457622
3924,0.579074208672278,0.9039305569457807,0.08988669410748559
3925,0.5791435794840246,0.9039517014354403,0.08987937715515294
3926,0.5793490183883947,0.9040477316985468,0.089880197333767
3927,0.5793382996019054,0.9040612169792112,0.08988359237383416
3928,0.5794378899462878,0.9040893519862627,0.08987195525139535
3929,0.5792935919452121,0.9040615897555647,0.08989246759658442
3930,0.5792802849778577,0.9040767083346851,0.0898949610830078
3931,0.5793187740379363,0.9040686994076677,0.08989593646279648
3932,0.5793250626572666,0.9040727615170042,0.08989353880057964
3933,0.5792928491781167,0.904053980506287,0.08989468648850471
3934,0.5792595707521541,0.9040618088097105,0.08990613030941767
3935,0.5792964458285662,0.9040870384670379,0.08989503957614639
3936,0.5793154992173335,0.9040841023728722,0.08992877592444463
