iteration,validation_average_precision,validation_auc,validation_binary_logloss
1,0.291263212306578,0.8404339158259772,0.14021897989493284
2,0.34016623910685473,0.8537193460912467,0.13850957143133658
3,0.360019021339958,0.8596501852095118,0.13905590309057228
4,0.38358689519285566,0.8646958822486045,0.1407734061604972
5,0.3923463061433624,0.868600303344644,0.14293627272015258
6,0.3990624615874984,0.8711852825374593,0.14531109860213098
7,0.40420886645066745,0.8731955808646873,0.1482746661145954
8,0.40677883841275364,0.8751014672254377,0.1514926264791127
9,0.41069944440771095,0.8768137481517883,0.15439158931149768
10,0.4173114178465916,0.877922596395142,0.15789935397361157
11,0.42077560755238685,0.879310746360594,0.16142141352448575
12,0.4208175835891121,0.8801591027154805,0.16462316910883068
13,0.4226046612486786,0.8811916528626046,0.1678764691610666
14,0.4243787141213786,0.8825097093444325,0.17110301319205592
15,0.428752639662468,0.8835941522657973,0.17437468779224208
16,0.42909952126394896,0.8842667657068106,0.17796776386129615
17,0.42895533324043195,0.8849170260173068,0.18123234403443986
18,0.4302824466660384,0.8854493275917781,0.184529506510364
19,0.4312474192025168,0.8863109213502691,0.18761748629140002
20,0.43155630709941806,0.8867194400385738,0.19079647194425556
21,0.4323920531434989,0.8874078791808626,0.19414204697988857
22,0.4330053074639562,0.8880035757937605,0.1975013030063622
23,0.4338543201426613,0.8885341191704821,0.20045045268133896
24,0.4347881596239383,0.8892745221835326,0.20323014141066456
25,0.4355159638045917,0.8897363498119158,0.2062234117440053
26,0.4372153129463173,0.8899168754079739,0.20926176617617662
27,0.43802250125440184,0.8907288745392282,0.21222836944153584
28,0.4394578594607386,0.8911042257397092,0.2152756689420916
29,0.4400129212196597,0.8910897720091367,0.2180132289549146
30,0.44273134973446415,0.891649280492831,0.22056416356252947
31,0.44180077674103846,0.8920530434003371,0.22334605035606353
32,0.4433619679734698,0.89232931295189,0.22574076997373715
33,0.4436321306893895,0.8928108247089602,0.22817496641238344
34,0.44405810541602786,0.8930483235982212,0.2304065345684208
35,0.44489838099902124,0.8934355921128486,0.23288087115698
36,0.44577990701652037,0.8936548460975915,0.23540094580677223
37,0.4463243663287731,0.8938049135597352,0.23799102765584232
38,0.44707000562271054,0.8941458809454245,0.24002976209646285
39,0.4479927854627375,0.8945194489682968,0.24229913966984165
40,0.44856851871984205,0.8947391180030003,0.2444495569931373
41,0.4495838934728522,0.8950867992061078,0.24656695658241995
42,0.4501869559469019,0.8951330407676905,0.2493050114769532
43,0.45043320581449764,0.8952934441267698,0.25150973014296185
44,0.450509856806298,0.8955960443709622,0.2534288420231156
45,0.4504802619776063,0.8958089957451922,0.2553776022899336
46,0.4505497135896853,0.8960181905329733,0.25703611065266413
47,0.4510151829155819,0.8963683293698752,0.25884240746801634
48,0.45139275088911046,0.8966105360017449,0.2607259022000641
49,0.45161999240409834,0.8968820363218061,0.26235971984121936
50,0.4518259889684528,0.8968792846942895,0.26437884655886223
51,0.4529433278173502,0.8971180325764875,0.26582468066136417
52,0.4536541241159189,0.8974271198978417,0.26735169368716855
53,0.4541188917021364,0.8975521344831969,0.2689558938130616
54,0.4543542869340338,0.8977089311349797,0.27023505858554897
55,0.4533384053344211,0.8979411362157155,0.27138674002133145
56,0.4539901517834494,0.8981099616302453,0.2727777849740101
57,0.4542212942657137,0.8982320016908828,0.27408802907935725
58,0.45477141269151866,0.8983416536631129,0.2753602130784643
59,0.45552035513949407,0.8986426206088493,0.27637740210609013
60,0.4558150721552612,0.8989071726851255,0.2776451093476046
61,0.45614829796248063,0.8991469178401454,0.27860870775627933
62,0.45649589005924546,0.8993478308439905,0.27964223214207534
63,0.45680616699605947,0.899332570071828,0.28068433027073697
64,0.45694239419870114,0.8994788175371121,0.28173454376013307
65,0.45758266265279524,0.8997069143918489,0.28273301233666176
66,0.4578854503568627,0.9000383721374686,0.2834361419578348
67,0.45859464069887684,0.9002130293882504,0.2841084731873795
68,0.4592630363330113,0.9004587927676991,0.2851772390461608
69,0.45909007448955774,0.9005267283758337,0.28582626425884217
70,0.4598336411242782,0.9008714119958924,0.2867916777130749
71,0.46008988657726707,0.9010502908428012,0.2876814814168057
72,0.46043007991916823,0.9011677864906756,0.2887623940033716
73,0.46093299999267723,0.9013615494903382,0.29007042064053895
74,0.46110817253783365,0.9015453263110876,0.2912980433202079
75,0.46169239108038024,0.9018013583340061,0.29223529015227967
76,0.4622278618800184,0.9019144459975768,0.293113090418297
77,0.4626930819356256,0.9021113199504163,0.293820002604081
78,0.4634080571567421,0.9022303970155018,0.2950690475876436
79,0.46338013866412253,0.9023406369751762,0.2957455677439194
80,0.46408477005510895,0.9025699367061877,0.2962080520918807
81,0.4645040465088594,0.9027519399569666,0.2966844839541886
82,0.465326352972924,0.9029523591282196,0.2972139721227867
83,0.4651376448556821,0.9030021651234917,0.2983757538428775
84,0.46568275815356497,0.9031030145778075,0.2987115768355992
85,0.46673930752475856,0.9033419815141513,0.29901560034480223
86,0.4672143435804958,0.9035978905593036,0.29947759695061443
87,0.46680932783619883,0.9035417512090771,0.2999404899206925
88,0.46754369827630116,0.9037801935683873,0.3002078331849947
89,0.4676854539343267,0.903905025608621,0.3004008482487878
90,0.4680930641298377,0.9040512615447396,0.300351751855577
91,0.46843852751348186,0.9043157944057398,0.30039552578214407
92,0.46813165625399017,0.904290472515088,0.3013977778046398
93,0.4684469387423968,0.9045148838798969,0.30180705770517535
94,0.4693098296543846,0.9046847546054385,0.30200957986318133
95,0.46934898756228033,0.9047639138562577,0.3022406584366185
96,0.4697848802125914,0.9049665197259142,0.30229155600633967
97,0.47179842619118706,0.9051705897995984,0.3025964886136768
98,0.47293284521294304,0.9053711972805558,0.3028658975092974
99,0.47385558430526076,0.9057202908064459,0.3029554740478741
100,0.47405303146684535,0.9058993752568073,0.30285146461690216
101,0.4747904522765874,0.9060532396574795,0.3028687029548557
102,0.47505609489008266,0.9061740691557321,0.3028781061187765
103,0.47486924727820096,0.9063073866618269,0.30314170123195244
104,0.4750773416261518,0.9062693250432177,0.30342454027993054
105,0.47544697864807606,0.9064032113214807,0.3033628443930815
106,0.47579443710009284,0.9065637165215226,0.30350297598653136
107,0.4759071023256648,0.906787113319761,0.3036521261372646
108,0.4759506112240293,0.9068928665125002,0.3034945477165791
109,0.4760020705967533,0.9069794082723408,0.3032354194030487
110,0.4769551434618636,0.9072378114603119,0.3031394077645816
111,0.47761847189644413,0.9073628125949739,0.30333964252464146
112,0.4785148594267253,0.9075449541957397,0.3031223601013984
113,0.4791305144938582,0.9075820550505512,0.30374977424867833
114,0.47953878700220715,0.9077746689767118,0.3035731633040558
115,0.48002858928202924,0.9078242482317277,0.3035784863657403
116,0.48042696666806095,0.9078324416253943,0.30380120413436
117,0.4813513867240984,0.907895290949984,0.3036729627149651
118,0.48173605478198606,0.9079220924168843,0.30358701821803874
119,0.4818806139063028,0.9080113204723032,0.30331946987372993
120,0.4822234526219682,0.9080320499120021,0.30317611712873005
121,0.48267936143038404,0.9081812373145072,0.3030482404057218
122,0.48327774154092257,0.9084789511140244,0.30281844252125795
123,0.48591870598790465,0.9086929939159286,0.3024400329534809
124,0.4863890315001345,0.9087917681204414,0.30219885223400644
125,0.487093151278977,0.9090073135569252,0.3018645731254308
126,0.4869945355569635,0.9090073327722011,0.301834828605216
127,0.4875616862164553,0.9091068256280346,0.30148845736626134
128,0.48794404378859424,0.9090638372126708,0.30121236798499035
129,0.48867339539607585,0.9091444568244624,0.30095550770570173
130,0.48913781883412333,0.9093444916901964,0.3010620971883854
131,0.4895882652510452,0.9097130483690999,0.30060837743876834
132,0.4899374672895371,0.9097818083125729,0.30026996539919476
133,0.49062915731997814,0.9098052163617398,0.30017541510656026
134,0.4917285870223418,0.9100443312557085,0.3000217106097951
135,0.49181027479699696,0.9101920198666892,0.2995524434738989
136,0.4923305489243277,0.9103115773136735,0.299227597275959
137,0.4929146042951192,0.9103989722317665,0.2989054212945026
138,0.4931774258085574,0.9104705914083013,0.2988174463471571
139,0.4933280897500344,0.9105883195610148,0.2990729392836756
140,0.49368392647294035,0.9106484902761365,0.29871932980277766
141,0.4940217930649094,0.9106064510954048,0.2984780473484557
142,0.4940979859392338,0.910713856801876,0.29810891013765217
143,0.4942535616803214,0.9108043914960599,0.2978496142486243
144,0.49446723788364616,0.9108311161018563,0.2976849235827999
145,0.494714579671535,0.9109094260374783,0.29723955453546297
146,0.49536610572809225,0.9109703788143312,0.29671274790961716
147,0.49554016565976305,0.9110482775430478,0.29651036027416705
148,0.49772645723949166,0.9111992711814925,0.29617252245007764
149,0.4994278624123999,0.9113516060461988,0.29587210976120226
150,0.4996511922026936,0.9114707100126707,0.29559766811431076
151,0.5000486863897953,0.9115930997913305,0.29569598186471635
152,0.5004946152360108,0.911747019916303,0.2955645989454119
153,0.5008721163957645,0.9118585492209939,0.2953189668719685
154,0.5029090575312084,0.9119154033794858,0.29517875071751276
155,0.5033615681881167,0.911993052309615,0.2950044351770709
156,0.5029577624300136,0.9118937516065412,0.29494581673435843
157,0.5029078655919528,0.9120701862703486,0.294610614111122
158,0.5030694639897055,0.912076538840579,0.2946431073389826
159,0.5031701120528886,0.9120891248463288,0.2945050931532363
160,0.5034363444844533,0.9124332127928328,0.2941672836335058
161,0.5036007918710158,0.9125024838626462,0.29375012997850797
162,0.5037778698381744,0.9125106272965954,0.293171893577007
163,0.5036357643851381,0.9126432934048354,0.2922045906422135
164,0.5053839397202524,0.9126822619844697,0.2919130039284242
165,0.5057687496227551,0.9126492578264914,0.29154827518815457
166,0.5053195068575999,0.9127180465928784,0.2912124178676839
167,0.506185551169992,0.912701821213863,0.29082104063481545
168,0.5066164732275762,0.9126970711976472,0.29075984628271995
169,0.5079808550294096,0.912739175710317,0.28961780688484484
170,0.5081757102372549,0.9128681986022362,0.28935207929258383
171,0.5084195798210382,0.9128856230144711,0.2890894542219136
172,0.5086563971292613,0.9129267129605707,0.2888902778421145
173,0.508333689279089,0.9130690136081738,0.2884709360985719
174,0.5088164097372512,0.9131545753889408,0.28796748535183136
175,0.5088435618466602,0.9132883828845725,0.28754062547108095
176,0.5092324216143943,0.9132733911262734,0.28710731280138385
177,0.5101883693842723,0.9132788136771475,0.28685134804429485
178,0.5107294352883538,0.9133326702525907,0.28662364587868916
179,0.5111329791402699,0.9134709011047469,0.28696111344205594
180,0.5117547588709653,0.9135591876116441,0.2867324452154856
181,0.5124991259474735,0.9135542339135032,0.28644931852560296
182,0.5123922116263693,0.9136426779856632,0.2828895068005646
183,0.512595731412809,0.9136919497962639,0.2826415157045029
184,0.5127063040406328,0.913769114501439,0.2823854423764712
185,0.5134423691650041,0.9137373554933427,0.2821800960089759
186,0.5140802864254848,0.9137468555257742,0.2820132426989464
187,0.5147410341788453,0.9138475320426064,0.28159031326005257
188,0.5153944144508394,0.9138746332678116,0.28131393140778
189,0.5155329073851309,0.9138916426300858,0.28093979382503437
190,0.5162844707752338,0.9138611172427057,0.2805036866844839
191,0.515744817652355,0.9139004816570245,0.2802420076659148
192,0.5158398765255545,0.9139085866604219,0.2801394948505004
193,0.5160432674417256,0.9138517863047025,0.27982900824137635
194,0.516527751249833,0.9140029106070237,0.2794546392940466
195,0.5163890488342163,0.9140597878238469,0.27902420549773976
196,0.5162320354941556,0.9140912547597487,0.27837548400783907
197,0.5167345826634597,0.9140022765029172,0.27815035929355375
198,0.516205282891563,0.9139618398762002,0.27772462375391
199,0.5163006738268627,0.9140119879033842,0.27752984731770713
200,0.5162739828177836,0.914152605292814,0.2771063200634386
201,0.5165395901437895,0.9143076264530986,0.2766930875631645
202,0.5167186933216852,0.9143753545362528,0.2764016045501989
203,0.5166844161409084,0.9144563430813427,0.2759505936885743
204,0.5167412256725838,0.9144620423321906,0.27594915964232875
205,0.5167107541408595,0.9144381692733456,0.2760858499635977
206,0.5167907763029864,0.9144571078493257,0.27594805401861666
207,0.517679471726786,0.914473229465851,0.2757415962622031
208,0.5185906541459925,0.914544752566006,0.2753293560182669
209,0.5192916357975761,0.9146898432716778,0.27488929201504003
210,0.520703172813356,0.9148044892941283,0.2744300748089044
211,0.5212219681920575,0.9148110032726766,0.2745084266633637
212,0.5215639061590845,0.9148487843482569,0.27422258406942485
213,0.5214015527729233,0.9148411597267585,0.27012723011349343
214,0.5211857737092509,0.9148075329938393,0.26985020563503415
215,0.5222057227104304,0.9148212527008703,0.269665914920893
216,0.5232745146463706,0.914914304596204,0.2693371473499421
217,0.5239073080226091,0.9149773845041052,0.2690992733580293
218,0.5242865367995838,0.9150449761588001,0.26890372910646004
219,0.5244156434686775,0.9150902089183952,0.26868967779940395
220,0.5246983749892098,0.9151032676199334,0.2684899042297352
221,0.5246499360925863,0.9151199464794613,0.2682706493997441
222,0.5247228900371557,0.9151854744135188,0.26828848706360847
223,0.5256480784149993,0.9152120798846044,0.2676527097482241
224,0.5259050149394995,0.9152201810449465,0.26726593933385046
225,0.5263108462422925,0.9152797445573481,0.2672223183453595
226,0.5263654294214044,0.9152959507210874,0.2669204580077303
227,0.526433579215537,0.9154007738944704,0.2623347409005507
228,0.5265580732144982,0.9154143475654042,0.26218976993956694
229,0.52682677241484,0.9154677775617213,0.2620934299424751
230,0.5269235313469196,0.9154578240487772,0.26172882548517945
231,0.5272494930538358,0.9154531278353341,0.26145731086017937
232,0.5277677046750512,0.9155610177667592,0.26092474043125286
233,0.5278859131369364,0.9156321527183401,0.26043469895078775
234,0.5278225654806753,0.9155897484473654,0.26013694427978873
235,0.5281401423765758,0.9157351850280042,0.25976997323262974
236,0.5283253516967437,0.9157814400402802,0.2595267759724662
237,0.5287925977235927,0.9158805409044841,0.2591398516751712
238,0.5288903981397189,0.9159390398905978,0.25892391548074917
239,0.5289281243225902,0.9159402619821484,0.25872470909736756
240,0.5289215850216725,0.9159728280318349,0.258645274559299
241,0.529063357110783,0.9160363806355244,0.25841346782984514
242,0.5294511329703537,0.9160531709436528,0.258156421977608
243,0.5293671643630395,0.9161071812413036,0.2577367780344033
244,0.5293297216394665,0.9161026733375649,0.257617551887033
245,0.5297139458712052,0.9161583515211685,0.25734878684531565
246,0.5297921155692307,0.9162313157670201,0.2571748562944401
247,0.5299982506774689,0.9162465304225204,0.2569865074376209
248,0.5301438812891696,0.9162502005402275,0.25677208245801253
249,0.5303655541924458,0.9163009557701318,0.25636128979242767
250,0.5308959301583628,0.9163666451125073,0.2560695272282693
251,0.5309377851745034,0.9163669102833155,0.25593256402835585
252,0.5310195354740853,0.9164486520672228,0.25537045500449845
253,0.5312908128664993,0.9164370575697123,0.25507305058733815
254,0.5314275838091566,0.9165137995388165,0.254589913602884
255,0.5315013822454677,0.9165060173520552,0.2544772720777734
256,0.5317501453876037,0.9166277230668912,0.2542691331400392
257,0.5319442956916721,0.916696117920121,0.2540314384454732
258,0.5320337835711085,0.916653548397773,0.2538619662907493
259,0.5325147738577736,0.9166751578971106,0.2537329206694187
260,0.5326870430568404,0.916710621610411,0.25344717205615164
261,0.5333689384342515,0.9168397444217651,0.2522155216686301
262,0.5336293197469649,0.9168819181094283,0.2520566113307852
263,0.5336535465849728,0.9168312935434005,0.2520745592455167
264,0.5339730797500405,0.9169561159759962,0.25163713095687973
265,0.5341627020608567,0.9170084430154736,0.2515896815845214
266,0.5345724045128748,0.9170716651164166,0.25130410617535387
267,0.5348258857082282,0.917164932222841,0.2509503213224648
268,0.5349519531116788,0.9171656047574994,0.25079073614968994
269,0.5352000875093373,0.9172323125095005,0.25055523380409733
270,0.5352667778575464,0.917219568938488,0.25034201493608166
271,0.5353579765822974,0.9172539911838316,0.2500340405583209
272,0.535329394506009,0.9172419777933053,0.249872358319087
273,0.5354872628793043,0.9173246841840654,0.24953174103046116
274,0.5354485014715759,0.9174493605805639,0.24546905141832323
275,0.5355306659894159,0.9174581304325092,0.24513460925799596
276,0.5356407215913288,0.91744998699856,0.24484912844044926
277,0.5357985696172866,0.9174693406245006,0.24468549914195056
278,0.5357958520528886,0.9174798782818336,0.24422590995809348
279,0.5359815044681249,0.9174718386103746,0.24401478042159871
280,0.5364172910697468,0.9174931598805729,0.24375445196522463
281,0.5364835786437592,0.9174813463289165,0.2436696900951717
282,0.5368025538497716,0.9175602058214308,0.24322447615196532
283,0.5369956456467229,0.9175739216854066,0.2429902586966205
284,0.5369089597839599,0.9175190044267307,0.24290839598983066
285,0.5369070474312533,0.9175150230215531,0.24271657764374874
286,0.5372013451407662,0.9175686297984089,0.2423942109123725
287,0.5374750484983268,0.9175950508028453,0.2421194180133614
288,0.537553294701703,0.9175885291381867,0.24180530623115115
289,0.537721588315735,0.9175581382577381,0.24164340538867018
290,0.5379863704354595,0.9176895092563789,0.24126393165734084
291,0.538067155059685,0.9176947780850454,0.24092128865007104
292,0.5381377572818126,0.9176487305977498,0.24069131162804128
293,0.5383588248083295,0.9176759740159971,0.24046172264414514
294,0.5384875819879775,0.9176958003377261,0.24033305693328957
295,0.5386811466282003,0.9176534037528618,0.24016916772927885
296,0.5386933835799029,0.9176425663372239,0.23996960274094012
297,0.5388328004672366,0.9177012267316556,0.23977630489291485
298,0.5389986761917678,0.9177455525302256,0.23725470934638568
299,0.5390948951600799,0.9177561209320002,0.23707216858960986
300,0.5390809052236396,0.9178079406881924,0.23686459146823366
301,0.5389475920991945,0.917782891654459,0.2365660111852391
302,0.5391709156919763,0.9178238778380684,0.2363780602302237
303,0.5393300219761076,0.9178675311019802,0.23605737269833568
304,0.5395969832707685,0.9178398649476619,0.2357807409321886
305,0.5397295843296676,0.9178792985369743,0.23552225717261513
306,0.5398729239169066,0.9178846288545238,0.23548528721768522
307,0.5401004635810547,0.9179011578348992,0.23522985259713844
308,0.5403204240240161,0.9179527585369455,0.23499362179581756
309,0.5404743891909153,0.9179867926337149,0.2340131391702573
310,0.5403893835264688,0.9179468632902829,0.23424686497171332
311,0.5404936968701775,0.917939853557615,0.23412375303939204
312,0.540569669784473,0.9178564592599756,0.233844628866283
313,0.5406164457540688,0.9179049893609245,0.23371186951726694
314,0.540634289855471,0.9178822999630782,0.23358908108983129
315,0.540790675894996,0.9178538728838322,0.23348659515890657
316,0.5409615784301877,0.9178833798615869,0.23327192600081406
317,0.5413270539638084,0.9178889446055031,0.23305926697649665
318,0.541427543134653,0.917924281497982,0.23299244399264152
319,0.5414547285626723,0.9179933142983735,0.23248096654931874
320,0.5416713697612028,0.9180458796072727,0.23177837787383732
321,0.5418892312747153,0.918040326392522,0.2315135731006127
322,0.5419885665553139,0.9180685997495603,0.2312201000606342
323,0.5421038701340881,0.9180648335554734,0.23096380955781948
324,0.5426026051301968,0.9181718126828184,0.2305050553817583
325,0.54297763241593,0.9182067729558887,0.22997211521618582
326,0.5429513677731158,0.9181492923794007,0.22977728259892083
327,0.5434575257452676,0.9181596071395326,0.22914401181384605
328,0.5436774123266084,0.9181684115789747,0.22898740849512225
329,0.5435353035502967,0.9181678235915305,0.22885539456070822
330,0.5438019040274891,0.9182762054340201,0.22860925186960884
331,0.5440396014466968,0.9182100510819664,0.22847346373732627
332,0.5442629280354849,0.9182065423725773,0.22788678038815346
333,0.5444585336763061,0.9183341625493519,0.22754494536747974
334,0.5446831624217945,0.9184422177321503,0.22734139432606826
335,0.5449374227804956,0.9184905864247811,0.22702857049641917
336,0.5451358939745915,0.9185072345398674,0.2271045614421626
337,0.5452413350394889,0.9184739767402467,0.22692434615320964
338,0.5452081458179537,0.9185538315840553,0.224614464491158
339,0.5452120442999026,0.9185418681532465,0.22444691418472773
340,0.5452271379387099,0.9185998444838542,0.2242938525529209
341,0.545256013316128,0.9186259080841579,0.22417860309908288
342,0.5452808292238054,0.918643939699113,0.22404808385107933
343,0.5453981517090265,0.9186395432439747,0.2239381151304011
344,0.5455109516207799,0.9186059088249452,0.22368669574467587
345,0.5455418405957719,0.9186163580920089,0.22359264517964744
346,0.5458076610398059,0.9186848759230049,0.22337907140859625
347,0.545905104649229,0.9187124959606607,0.2232881498734147
348,0.5460080625815443,0.9187743960506183,0.22304238089084838
349,0.5459582246813164,0.9188151324356402,0.21888888426195022
350,0.5461060179429653,0.9187856792606582,0.21889021572709713
351,0.5462000681618034,0.9186861864048249,0.21872712517570816
352,0.5465849488829547,0.9186845838508103,0.21852021402954105
353,0.54660571984478,0.918600928225418,0.21847487287077075
354,0.5469732300279683,0.9186699956133062,0.21824501918457
355,0.5471372532031745,0.9186954596970002,0.21809741365148022
356,0.547244544665199,0.9186897988767042,0.21795067942674476
357,0.5472298713065555,0.9186749762128334,0.2177452530104032
358,0.5472459230643621,0.9185942259371653,0.21755784610372694
359,0.547223838038939,0.9185916741485186,0.21761146783462715
360,0.5471764800168073,0.9185731775238856,0.2175284613171679
361,0.5473140356297129,0.9185651109510402,0.217436615089259
362,0.5474626357515787,0.9186013817059305,0.21718101532006173
363,0.5474684618338008,0.9185933036039196,0.216855059282778
364,0.5475922040773177,0.9186345895458338,0.21655126302744016
365,0.547760629437151,0.9185916126596356,0.2164577946688441
366,0.5478364150214686,0.9186141214338879,0.21639616810454484
367,0.5478232388280014,0.9186255737383563,0.2163530052466436
368,0.5478708566700465,0.9186472831571288,0.21620220541576693
369,0.5483990155164365,0.9187256238371924,0.2151102421129844
370,0.5486681485276661,0.9186715751089897,0.21500521979594064
371,0.5489768915761329,0.9188241713014489,0.21461843694876534
372,0.5491811817126351,0.9189237371753309,0.2144250211294442
373,0.5492173930463405,0.9189329720369543,0.21437077115884964
374,0.5493269141026207,0.9189762179370159,0.21410570028352438
375,0.5494589439182469,0.9190108092767878,0.213812772010699
376,0.5499802502505384,0.919068493535201,0.2133999806752005
377,0.5503145679579181,0.9190821402241834,0.2131432743649078
378,0.5503732987385643,0.9190519722409359,0.21296453083419195
379,0.5504788435338575,0.9190757953400635,0.21280665143812005
380,0.5507190686770456,0.9190187490288119,0.21266257250649873
381,0.5507705608373177,0.9189136107249033,0.21240812046619367
382,0.5507581589190123,0.9189017779579709,0.2125866984151608
383,0.5507081727461153,0.9188809793432786,0.21257019919907547
384,0.550915874399658,0.9189555999459175,0.21233106730117862
385,0.5509062322343405,0.9190030539914129,0.21216070226078093
386,0.5509778202724893,0.9189758874342694,0.212102517840213
387,0.5509713654439815,0.918964354425642,0.20968439590791155
388,0.5510617310295218,0.9190015282985021,0.20948401097956593
389,0.5512961491392369,0.9189642468200967,0.20936021531897106
390,0.5515174176186924,0.9189516031685191,0.20924697140181137
391,0.5516390486277402,0.9189606535634933,0.20907229641857383
392,0.5516817693306904,0.9191059594802556,0.20600532294421986
393,0.5516898128274192,0.919081748232554,0.2059767930515031
394,0.5517273928099291,0.9190569028807457,0.20583124176634596
395,0.5518288759156768,0.9190703343586374,0.20593972648981282
396,0.5521826601022952,0.919062752010746,0.20536799010953627
397,0.5522046434704277,0.9190651347049643,0.20529369722222207
398,0.552661219026416,0.9192250442314516,0.20505859019287984
399,0.5527317531386632,0.9192865484867244,0.20470039282324665
400,0.5528879135757168,0.9192492208916566,0.20454820032652107
401,0.5529910830736373,0.9193176042157208,0.20431013322542874
402,0.5532418546036784,0.9192950262664752,0.2040991705531333
403,0.5531608488324523,0.9193101871192028,0.20391737628699738
404,0.5531358860700281,0.9191935004344458,0.20374314198380453
405,0.5532654868551906,0.9192261471882913,0.2036348822659754
406,0.5534949427497047,0.9192883278212777,0.20337174851201045
407,0.5534655851672674,0.9192542898814532,0.20319108610870454
408,0.5536412424553849,0.9192848729146612,0.20289278070738967
409,0.5539194367475287,0.9193113592510359,0.20279432300003478
410,0.5540396998971362,0.9193047146086111,0.2026991872062427
411,0.5540684310583845,0.9193788625154615,0.20249877631377886
412,0.5540311980627527,0.9194325538395315,0.2022755660659226
413,0.5541021186787848,0.919479504444797,0.2020452851469049
414,0.5542733598141564,0.9194401707749196,0.20155114815840025
415,0.5543356859210541,0.9193661727472217,0.20144370826704291
416,0.5544189747636151,0.9194030545478873,0.20127148883364657
417,0.5544223050935357,0.919435101785123,0.2009087485220026
418,0.554626000440962,0.919518369261941,0.20068377656967856
419,0.554626000440962,0.919518369261941,0.19825554048245853
420,0.5546581487004018,0.9195514656532437,0.1980918865859659
421,0.5549230555794824,0.9196395062046088,0.19782962597644171
422,0.5550511952635208,0.9197459742056134,0.1945714752568965
423,0.5551264290547175,0.919762426324885,0.19442698621638996
424,0.5555117103922163,0.9197699587130589,0.19425502881384926
425,0.5553408513421565,0.9197688826576055,0.19421710342253942
426,0.5555086609414002,0.9198228814260908,0.1940670622203359
427,0.5554368416315947,0.9197890048945843,0.19384582045410054
428,0.5555128958656336,0.9197814225466929,0.19379761217024508
429,0.5555743390742262,0.9197980283881722,0.19365309676139988
430,0.5556981707836861,0.9197845776950045,0.19355258036324427
431,0.5561846741029035,0.9198346219596986,0.1933034724005576
432,0.5560534606242707,0.9198441565796268,0.19308325303861149
433,0.5559349292432256,0.9198167978697238,0.19310544009164293
434,0.5561756871730997,0.9198852311535055,0.1904573127507279
435,0.5561293482901093,0.9198993889688283,0.19035894824695573
436,0.5562378777917094,0.9198305905948034,0.19002060505259832
437,0.5564514186754946,0.9198934245471723,0.1899240509186529
438,0.5565065447920912,0.9198025670363524,0.1898208836165927
439,0.5566832550150699,0.9198856000868039,0.1895787895901071
440,0.5568372260932085,0.9198903193585781,0.18939721802171566
441,0.5569396458015027,0.9198640712916253,0.18923427777880134
442,0.5574420087902625,0.9198859805492677,0.18903132894468336
443,0.5575531181774603,0.9199167403630145,0.18891663941949646
444,0.557599681396708,0.9199352062432061,0.18879056642708006
445,0.5575510573935555,0.919896080098309,0.18854286082333474
446,0.5574348957800576,0.9198417008673598,0.18871572148201576
447,0.5575967193300004,0.9199035317823239,0.18854831372428008
448,0.5575927485944581,0.9198685138634257,0.18848977583059692
449,0.5572827581559089,0.9197980514465033,0.1884269976537748
450,0.5572761451028326,0.919782371781325,0.18845087588013343
451,0.5573584913467772,0.9197690363798131,0.18827806209199044
452,0.557454710890554,0.9197315973361447,0.18809271763258228
453,0.5578848205807844,0.9197863147559507,0.18775091845585265
454,0.5583107452237184,0.9197817453633289,0.1867513395186495
455,0.5584570325200708,0.9197644631441361,0.1866217646218256
456,0.5584806897572296,0.9197893968862138,0.18651110375036903
457,0.5585202940478402,0.9197385148354882,0.18632481538651707
458,0.5586918892645141,0.9197434646905739,0.1861754567194691
459,0.5588459148882328,0.9197279887073206,0.18604350900087274
460,0.5588907599401611,0.91978498890191,0.1858519855087154
461,0.5591146495173029,0.9198355980957169,0.18565226574407181
462,0.559148540351418,0.9197674722563505,0.18551048418436555
463,0.5593190703530356,0.9198150108490601,0.18536657628990577
464,0.5594481189515208,0.9198362975317617,0.18513575829014062
465,0.559455527569596,0.9197988162144862,0.18493662475520783
466,0.5595082473092124,0.9198052110583237,0.18482934310796492
467,0.5597118570464467,0.9197601973528744,0.1846947324695214
468,0.5597876041767385,0.9197657351954043,0.18458678818353547
469,0.5601663238480046,0.9198815418205224,0.18440508459381175
470,0.5599991345803031,0.9198567003117694,0.18209461442560132
471,0.560126706436099,0.919824095831531,0.18197317334472304
472,0.5603463656586554,0.9198663924969604,0.18181177994506897
473,0.5603722608026741,0.9198943046068109,0.18166579867397115
474,0.5604810290893908,0.9199095922803597,0.1815093069992055
475,0.5604790371831251,0.9199779679183137,0.18140699803876892
476,0.5605115034334447,0.9199775797697394,0.18127740500762604
477,0.5604158390778333,0.9199618962615059,0.18103931810645066
478,0.5605635129226993,0.9199748896311059,0.1809040860961186
479,0.5607705510342053,0.9200403330179492,0.18060662733195823
480,0.5608004842318374,0.9200409017901174,0.18056502730826574
481,0.56090184003866,0.9200450984063857,0.18041900891218818
482,0.5610180797567021,0.9200506285628052,0.1802466000449939
483,0.5610004166317885,0.9200496601128971,0.1800808356328845
484,0.5609218317566568,0.9199964145832292,0.18003362581822352
485,0.5610114345056305,0.9200231814626328,0.17988260128128175
486,0.5610887798909844,0.9200173361756877,0.17987082382116454
487,0.561188689441298,0.9200399294971542,0.17963573749048523
488,0.5611487721338061,0.9200533071722732,0.1794752257108422
489,0.5613710578209229,0.9200533801903218,0.17933413626953332
490,0.5613908345796975,0.9200952272182938,0.17930177119156987
491,0.5615060775744276,0.9201492452020551,0.17917804358638414
492,0.5615617341642876,0.9201784139909529,0.17898640143653882
493,0.5616671377712974,0.920198420936276,0.17885509505938954
494,0.5615411860344071,0.9201599557968717,0.17883467254099653
495,0.5616160096465806,0.9201792633061501,0.1787399764667627
496,0.5616765206573407,0.9201691330126672,0.17866209559269328
497,0.5618536310555168,0.9202597061374029,0.17803471705980378
498,0.562082936965556,0.9203022064847575,0.1778509919996806
499,0.5621759690887165,0.9202931022870106,0.17774235172155728
500,0.5620733289711376,0.9202938401536073,0.1776275271404677
501,0.5620590511417549,0.9202864076848684,0.17771839062660397
502,0.56228668284542,0.9204408216424328,0.17746707337551704
503,0.5625160374650531,0.9204554867410407,0.17734850245477768
504,0.5626115674520964,0.9204471703696079,0.17711615988690566
505,0.5626053041671031,0.9203770269262663,0.17700291581762218
506,0.5627543169070893,0.9204049313500063,0.1769076207294689
507,0.5627573662026801,0.9204461058433201,0.17682675795066022
508,0.5628373331623912,0.920436152330376,0.17668224786148412
509,0.562874854212425,0.9204511133442336,0.17654182343503524
510,0.5628417793064385,0.9205039899406032,0.17634120811984716
511,0.5633461207055741,0.9206272021330739,0.17576804593402712
512,0.5635920798857238,0.9206512135419058,0.17564050059514688
513,0.5637473354054381,0.9206160957035727,0.17551742662770248
514,0.5638661407033299,0.9206130865913583,0.17556221617345832
515,0.563993836117345,0.9205213797653413,0.1754498726318054
516,0.5639949561804762,0.9204689028467116,0.17533097062973754
517,0.564153179770765,0.9205229208304728,0.17509611972447248
518,0.5642493798948207,0.9205312372019057,0.17495844210481962
519,0.5642174369982352,0.9205331894739426,0.1749617824304628
520,0.5643267708396198,0.9204958196052676,0.17474154637610714
521,0.5642509827111656,0.920446647714102,0.1746291423540034
522,0.564316540411864,0.9203777033039798,0.17447652934026528
523,0.5642210273765559,0.9203173250638779,0.17436025457981835
524,0.5641913220927204,0.9202400565962127,0.17419051145555867
525,0.5647310365718492,0.9202907926108409,0.17372428152821778
526,0.5651881941495155,0.9204740217962257,0.17099839862887942
527,0.5651270049121699,0.9204804627567255,0.17098461682787258
528,0.5650734801828751,0.9205029100420946,0.17098616834963773
529,0.5651978010247671,0.9205148542576275,0.17086295499279927
530,0.5653237577690188,0.9204872073185851,0.17073789506478174
531,0.5655135231767896,0.9205614013420979,0.17045696750779665
532,0.5656306090372056,0.9205814928346351,0.17025367010256867
533,0.5657807188310591,0.9205669276554622,0.17007047985628476
534,0.5658537442056898,0.9205918998280916,0.1699680136391173
535,0.5659868056509716,0.9206294003606431,0.16988725354568718
536,0.5660831206553829,0.9206673735889829,0.1697815000466874
537,0.5660907676257602,0.9206313680049008,0.16970466386979527
538,0.56608306465803,0.9205698483774072,0.16954669632367006
539,0.5662947632642313,0.9206108191887957,0.16936794981794806
540,0.5665232375885383,0.9206301728147364,0.16916267055511022
541,0.5666797802056147,0.9206589073383976,0.16899618276156758
542,0.5666712741127028,0.9206666472515519,0.1690128999155836
543,0.5668180499871803,0.9206947399849963,0.16888173546678786
544,0.566910173052284,0.9206886756439052,0.1687412805000346
545,0.5670186108477672,0.9206548067985091,0.1685705962366386
546,0.5669020465367715,0.9208324597108121,0.1657377323507164
547,0.5666064342795671,0.9207395922821275,0.1656979100716152
548,0.5666739623562067,0.9207725272651123,0.1656496782213035
549,0.566816051940054,0.920799136579253,0.16541786497475133
550,0.567089505519659,0.9208291200958514,0.16535281156309617
551,0.5669630487399829,0.9207647796658477,0.16536518301551872
552,0.5669345461132826,0.9207132173943534,0.16526228704269993
553,0.5669849924500898,0.9208238666394055,0.1642863570394972
554,0.5669755605147172,0.9208389237296429,0.16417900941750346
555,0.566895266602937,0.9208309417040117,0.16422578787350017
556,0.5673596416626836,0.9209120955004749,0.16404443565210086
557,0.5674966072114941,0.9209362683176248,0.1639786963114263
558,0.5674725904977002,0.9210155428600996,0.163874416456734
559,0.5676272085894803,0.9210856747742756,0.16358618051898943
560,0.5675893279748362,0.9210867316144531,0.1635228481066813
561,0.5676188121189052,0.9210936683290725,0.16345482211171738
562,0.5680483868950901,0.9212478517033255,0.16249141220920782
563,0.568131701132087,0.9212123149719765,0.16236315756611805
564,0.5681834181080462,0.921211296562351,0.16214975023519615
565,0.568088950355301,0.9212011124660955,0.16211193084375514
566,0.5682761943805029,0.9211751641574475,0.16178549871947406
567,0.5683379947822481,0.9211812515568697,0.16172662149526787
568,0.5686675392525101,0.9211900406240909,0.16151702640949273
569,0.568612959505762,0.9211961433957339,0.16144812812291076
570,0.5687770093714551,0.9212615714103565,0.16127876474028083
571,0.568747815889904,0.9213061700658451,0.1611259647120033
572,0.5687917358743333,0.921300908923289,0.1610264266265674
573,0.5690745013916377,0.9214007937707519,0.16056540335894842
574,0.569238328220019,0.9214289902666865,0.16045957710283393
575,0.5692622683674559,0.921379983626894,0.16035746305741036
576,0.5692082769326284,0.9213473022855517,0.16018204368763847
577,0.5692616373354322,0.9213599420940741,0.1601296245820861
578,0.5694030731734371,0.9213437897331074,0.16000373920079833
579,0.5695625663531345,0.9213737924649816,0.159909473214584
580,0.5695438991980533,0.9214164772789853,0.1589881334693195
581,0.569579984083913,0.9214284522389597,0.15890859422110068
582,0.5695075369264289,0.9214771668065577,0.1588438114043408
583,0.5695918211178834,0.9215211697884919,0.158802932199917
584,0.5697155586889914,0.9214790114730492,0.1587120429416808
585,0.5698064174031172,0.9215302278695765,0.15851802419825867
586,0.5699799176119629,0.9215540163812073,0.15842709512599779
587,0.5700938949192014,0.9215618523707412,0.15828721262247622
588,0.5700638132863624,0.9215816095174768,0.15797597481344777
589,0.5700054355482602,0.9215702878768849,0.15789854380814045
590,0.5700537806587023,0.921556510524026,0.15777684259922908
591,0.5701656995455012,0.9216439938323884,0.15768893202346904
592,0.5702511922965062,0.9216220192428076,0.15762329302189587
593,0.5703370322268396,0.9216172538543711,0.15755309090785152
594,0.5703781560330698,0.9216266616534781,0.15748982400171216
595,0.5705133792669567,0.9216065048290025,0.15739944811306752
596,0.5705428228063342,0.9216499736262651,0.15733723576701142
597,0.5705415497348878,0.921642917776935,0.15737211917639446
598,0.5705826107195082,0.9215773667845463,0.15722193099307014
599,0.5706145837929437,0.9215864363947964,0.15715950548885568
600,0.5707470872712738,0.9216177649807115,0.15702558094493815
601,0.5708223236081947,0.921637218526087,0.15696291710415766
602,0.5708931783921225,0.9216403583021778,0.1569094842059441
603,0.5708920613169137,0.9216595774211869,0.1568057692852683
604,0.5710645716707701,0.9216656955650505,0.1566266288598085
605,0.5709205579927513,0.9216713410131258,0.15650694366616283
606,0.5709692529521743,0.9216980079730944,0.1563991500966344
607,0.5709205197051861,0.9216548965799645,0.15643268257254675
608,0.5710574564327452,0.921659823376719,0.15633371687407324
609,0.5711708538953926,0.921667859205123,0.1561875461302007
610,0.5717493276361248,0.9216915247389875,0.1557848234781758
611,0.571765455786164,0.9217094103178454,0.15569482759896017
612,0.5718480456292914,0.9217322188504025,0.15565109597954355
613,0.5718691886994473,0.9216919935917208,0.15550085257824411
614,0.5718947360432514,0.9216711219589798,0.15537835939892278
615,0.5722803755039977,0.9218174731867541,0.15466516724590296
616,0.5723719898343185,0.9218623869727685,0.15454528542535598
617,0.5723306784863459,0.9218572142204817,0.15440899424230525
618,0.5724022868816988,0.9218894536104769,0.15430510179889834
619,0.5724491555119546,0.9218540129555078,0.15428091084937676
620,0.5724881786483116,0.9218855336941824,0.15422572684080754
621,0.5726806496950593,0.921856111263642,0.15396336898192117
622,0.5727915185224913,0.9218897072521195,0.15390749028945147
623,0.5728299349004141,0.921857925185692,0.1535477170215497
624,0.5729022151583408,0.9218898955618239,0.15341524289383052
625,0.5728393767291793,0.9218737124564156,0.15336477044034588
626,0.5730636941541077,0.9218678095236427,0.15310004372656594
627,0.5732547759915295,0.9219105250820878,0.15299395463756432
628,0.5732791759280028,0.9218889424841366,0.15296262984094636
629,0.5733927564694508,0.9219180689994273,0.15288598265157363
630,0.5734486426062428,0.9219052831548077,0.1527867697237526
631,0.5735563113028113,0.9218819365945239,0.1526778914719627
632,0.5736465985206499,0.9218998337025471,0.15258133226240136
633,0.5736616254668901,0.9219020818898338,0.15252076223180683
634,0.5737452181151668,0.9219098602335398,0.1524375352648017
635,0.5737347130349209,0.9218689893415862,0.15232544223441408
636,0.5737122599545375,0.9218576062121112,0.1522069404656681
637,0.5736431520932591,0.9218268310261436,0.15204905892547518
638,0.5737145584966691,0.9218278878663211,0.1520174199352588
639,0.5736023908283476,0.9218070930946839,0.15197959171979786
640,0.5736294408249887,0.9218388597888907,0.15186328692851733
641,0.5737379112758264,0.9218468956172945,0.1518517642483773
642,0.5736331865290684,0.9218487325976757,0.1517442027135294
643,0.5737244364477466,0.9218292675231345,0.15167921387139893
644,0.5738142314603358,0.9218166930465505,0.1516320890261343
645,0.5739170536031495,0.9217784392751817,0.1515505226856197
646,0.5738691545416762,0.9217257702037924,0.1514567157134766
647,0.5739938796262214,0.9217008748922667,0.15130800899793445
648,0.5739343737757027,0.9217035035420171,0.15116463784381323
649,0.5741136355685678,0.9217343824904749,0.15051927333260035
650,0.5742551205785964,0.9217274457758555,0.15033500238157882
651,0.5742801550698753,0.9217563493939452,0.15023191871728692
652,0.5743186624020186,0.9217924433682968,0.15010396131082537
653,0.5742694889065976,0.9217950182152745,0.15005586333948073
654,0.5743395098215278,0.9218189297046714,0.1499626811222527
655,0.5745240025356111,0.9218401126248829,0.14981801309507634
656,0.5747336893782998,0.9218839849429405,0.14968770830516362
657,0.5748382089933533,0.9219039265563254,0.14953867552619876
658,0.5749254329079095,0.921870234491468,0.14945259378708578
659,0.5749439746321053,0.9218675136083929,0.14938437136347538
660,0.5750615144830127,0.9218924857810225,0.14927876044484226
661,0.5748901633901928,0.9218358122461244,0.14937443112312582
662,0.5748279673353575,0.9218107862707222,0.14931478933483314
663,0.5748753910672231,0.9217792501598269,0.1492301789889628
664,0.5748721204434333,0.9217926355210563,0.14914830437031565
665,0.5749426613766042,0.9218470685547782,0.1490518670908938
666,0.5749323302746046,0.9218656574127359,0.14898788310510946
667,0.5750931568260581,0.9219195447326205,0.14885621091624734
668,0.5751888150190331,0.9218710146316718,0.14876191744518888
669,0.5752771534754941,0.9219062823491573,0.1485817197945466
670,0.5753605674020753,0.9218754264590306,0.14837540550709796
671,0.575395605831079,0.9218482176282802,0.1483162474354129
672,0.5754284548993815,0.921878573921232,0.14830530872674028
673,0.5754525051216969,0.9218891653813377,0.14822983680787766
674,0.5754284519216801,0.9218674060028476,0.14818720768206048
675,0.5754300025051257,0.9218369690057369,0.1481373745500934
676,0.5755108968146518,0.9218981696596495,0.14804273341661964
677,0.5755515007813111,0.9218662915168423,0.1479586376870758
678,0.5758471075408313,0.9219835239154363,0.1470660249621246
679,0.5758803682395708,0.9219527602586343,0.14694786208486327
680,0.5759629533406024,0.921931542750926,0.14688243753882738
681,0.5760746310470382,0.9219152981566348,0.1468471265704634
682,0.576150942286216,0.9218694043915467,0.14673403032708598
683,0.5761991852001019,0.9218525333792594,0.14673411323797497
684,0.5764024340028182,0.9218736125369806,0.1466451159970831
685,0.576487687676313,0.9219021702801031,0.14650973228809977
686,0.5765007733670316,0.9218991573248336,0.14648467939697274
687,0.57638170756127,0.9218516456335103,0.1464347055219603
688,0.5764960549894783,0.9218461462215324,0.14638499912050146
689,0.5764992147725089,0.9218393478568999,0.14632679229753956
690,0.5765222122114275,0.9218369882210128,0.14626658430220063
691,0.5767540110340843,0.921894914591903,0.14620452253549152
692,0.5768230253339537,0.9218458810507242,0.1461448904516175
693,0.5768523532917824,0.9218008327577781,0.14602147594330409
694,0.5769034161938073,0.9217901913379549,0.14596622223367514
695,0.5770020593164623,0.9217660492652466,0.1459303218494166
696,0.5770916845229273,0.9217871783826854,0.14576744951467124
697,0.5772169394211872,0.9217922243141509,0.14563768524193896
698,0.5772267708387535,0.9218034690936391,0.1456085871559488
699,0.5773542128169802,0.9218106556068457,0.14550048025214923
700,0.5774270771003543,0.9217619525684133,0.14527308647194653
701,0.5773800151210556,0.9218818213028681,0.14368445609913588
702,0.5774924554051374,0.9219014939023896,0.14380606530146067
703,0.5776493224674986,0.9218564917261058,0.14368051246065294
704,0.5776315909649479,0.9217771441655823,0.1436907461055302
705,0.5776556083421464,0.9218142373342835,0.14360071230785607
706,0.5777735240144126,0.9219052946839732,0.14202392970747488
707,0.5778357198253721,0.9219419651166034,0.14197169353179356
708,0.5778663619430081,0.9219321307383702,0.14189153728037082
709,0.5779110443107064,0.9219393018793562,0.14189784475127448
710,0.5778048708257385,0.9219424916151645,0.1418871494311442
711,0.57780028430436,0.921965265560225,0.14173961630480122
712,0.5778159825943595,0.9219438328414261,0.14186994325765126
713,0.5777911853837555,0.9219005715691438,0.14177083824789466
714,0.5778984134693258,0.9218972588555694,0.14172904108973788
715,0.5779098413564386,0.9218599927493847,0.14167311803855623
716,0.577904699027726,0.9217947837889079,0.1415889459454191
717,0.5779167250288445,0.9217804146055497,0.14155702983475937
718,0.5781216021911264,0.921829759434199,0.1414327839712962
719,0.5779842234829642,0.9218388828472218,0.14138202739945668
720,0.578309676485244,0.9219865714582025,0.14104062286313782
721,0.578380875415377,0.921983055062703,0.14101388933155354
722,0.5784135446668012,0.9220133537098268,0.13926562492292388
723,0.578467401924,0.9220164627414762,0.13922571284755197
724,0.5787616303332809,0.9220402397239413,0.13867452386747064
725,0.5788147264204876,0.9220388754393486,0.1385825727098453
726,0.5789853515191112,0.9220460196789483,0.13853937090639978
727,0.5789892550115817,0.9220482601801244,0.1384929102065112
728,0.5789100854286447,0.9220370615172986,0.1384918204087738
729,0.5789776614803585,0.922016016947074,0.13841077908476968
730,0.5792108257816495,0.9220973129365793,0.13829792397737128
731,0.5792595596814677,0.9220799576993378,0.13823888598018852
732,0.5793826080832164,0.9220444978290927,0.13819522858954278
733,0.5793359235241058,0.9220218699201296,0.13813699733393972
734,0.5794732502048625,0.922019341189814,0.13808528937281522
735,0.5795053012654717,0.9220300287262996,0.13802892570247488
736,0.579478158858056,0.9220324613802353,0.1380034931026392
737,0.5795795833588665,0.9220380453394275,0.13792907773623136
738,0.5795661400688585,0.922016943123375,0.13783540661435295
739,0.5796267666446386,0.9220700157155594,0.1375945808066408
740,0.5796340171983491,0.922071095614068,0.13764785125419107
741,0.5795490299050167,0.9220470649899601,0.13757843542671905
742,0.5795325554752655,0.922061165159455,0.13751297908633764
743,0.5796555449957675,0.9220774981440157,0.13745292427454295
744,0.5795230865544828,0.921951887885106,0.1374292511061313
745,0.5795009729811083,0.9219313967148288,0.1374079831276365
746,0.5793819965786108,0.921921266421346,0.1370602616587926
747,0.5794630872594095,0.9219606807953824,0.13696854453066137
748,0.5794270847173453,0.921927330762437,0.13691283898117518
749,0.5794068832308665,0.9218920284574548,0.13690672680436264
750,0.57943961375082,0.921940988980585,0.13678795109424194
751,0.5794934767906109,0.9219502123130427,0.13669401952525878
752,0.5795023361615728,0.9219411350166822,0.1366404129124648
753,0.579527671054526,0.9219470302633448,0.13658309110614714
754,0.5796052044607788,0.9219173388189411,0.13654727373528025
755,0.5795533097803391,0.9219101792071207,0.13655029786024028
756,0.5795477117494914,0.9218783702393069,0.13649743424337654
757,0.5795972793360649,0.9219052524103661,0.1364185863416275
758,0.5797068398029946,0.9219317272175752,0.13631029093276725
759,0.5798076654070015,0.921971975534588,0.13617904058572033
760,0.5798453444373636,0.9219891194037939,0.13613831070924567
761,0.5797863648469371,0.9219965326572569,0.13613045479340463
762,0.5798468561382508,0.9220388946546246,0.135250043149736
763,0.579933505547902,0.9220733284291337,0.13513499898234266
764,0.579965275534193,0.9220762107205268,0.13514656921673748
765,0.579878490857704,0.9220897382747982,0.1350894988907489
766,0.5796667726439813,0.9220573451625954,0.13508514593296755
767,0.5796789542852999,0.9220619414566036,0.13498383243510645
768,0.5801509065493182,0.9221678560576607,0.13411091307134757
769,0.5802156832490225,0.9221898729208485,0.13408440201612667
770,0.5801676373760349,0.9221855610129245,0.13403210463519033
771,0.5800949004046692,0.9221198217108315,0.13396189188182692
772,0.5801844397874467,0.9221262703574415,0.13388990007829155
773,0.580215851598762,0.9221214012065149,0.13384213028280165
774,0.5802789023421139,0.9221129195837089,0.13377185015870433
775,0.5803274592014276,0.9221535522062407,0.13370054018343178
776,0.5804433111356859,0.9221387679729219,0.1336295596722479
777,0.5804490370669291,0.9221461696972193,0.13359690551939454
778,0.5804644174614689,0.9221668607063663,0.133536616807925
779,0.5804795564396869,0.9221400438672452,0.13350382999924995
780,0.5805597686807539,0.9221902687555332,0.13328433044560326
781,0.5806255578665062,0.922153517618744,0.13318779880581705
782,0.5807031164151614,0.9221743431348227,0.13311169247183066
783,0.5807279919049183,0.9222033966320647,0.1330269056478821
784,0.580707950830924,0.922222661867736,0.13299369066862066
785,0.5807915653507639,0.9222357167262191,0.13292721616468042
786,0.5806644302192806,0.9222244412022894,0.13278960948284363
787,0.5806222365069662,0.9222264972368164,0.1327311261267836
788,0.5806071207737263,0.9222172546890827,0.1327655446797287
789,0.5805263537514795,0.9222061328873606,0.1326947795364336
790,0.5806225214021601,0.9222524724468507,0.13257705486036495
791,0.5806257776488607,0.9222621953764834,0.13246912732963714
792,0.5806210255386198,0.9222313856030191,0.13238227693249516
793,0.5806377583753778,0.9222345215360547,0.13238374477085324
794,0.5806159629554823,0.922233057332027,0.132329430738231
795,0.5806796084604027,0.9222746430322462,0.13225523404616585
796,0.5807828613948139,0.9222476340403656,0.13216647623520147
797,0.580966398112808,0.9222751810599729,0.1320651531340675
798,0.5809112171641073,0.9221954261355991,0.131960111394992
799,0.580894887096202,0.9222017210600016,0.13189208036306685
800,0.5809151723646271,0.9222089998065329,0.13179470837094934
801,0.5808656853012862,0.9222427764186044,0.1318031284610133
802,0.5808549411243958,0.9222432414282825,0.13178858362429685
803,0.5808584959102908,0.9222408779493402,0.13174943795586583
804,0.5810360330124308,0.922297405448141,0.13158643800289266
805,0.5811071375658673,0.9223077893832664,0.13153931403205912
806,0.5810491285835977,0.9223302674130771,0.13149058840189395
807,0.5810474258650205,0.9223308707727421,0.13144346353601322
808,0.5810473251722554,0.9223292643756723,0.13143726184568005
809,0.5810975836846516,0.9223583217159697,0.13136423282827675
810,0.5810289946310674,0.9223894197185732,0.13129103368868067
811,0.5809556003143923,0.922391348932279,0.13120192894807642
812,0.5808878973253381,0.9223950190499861,0.13112609331211514
813,0.5810126106927627,0.9223732519853857,0.13108009374934004
814,0.5809272787800622,0.9223766646183951,0.1310280072201192
815,0.5809090570645263,0.9223907763170556,0.1310247858242005
816,0.580954866566584,0.9223675834789794,0.13100734034993605
817,0.580884030928697,0.9223498785237155,0.13096816302890338
818,0.5809348036870599,0.9223035658656118,0.13094775516068527
819,0.5809232195115284,0.9223209249459084,0.13094828370369
820,0.5810453410358567,0.922315052757577,0.13080954630582134
821,0.5812367001544823,0.922373659349236,0.1307282153821836
822,0.5813652523755797,0.9223782018404714,0.1307760446445206
823,0.5814548581605335,0.9224019365493296,0.13067555860651883
824,0.5814091824313461,0.9223903305226534,0.1306581401529859
825,0.5814518052022584,0.9223543095663504,0.13059519718359147
826,0.5814741220818646,0.9223623338655887,0.13067795675408644
827,0.5813688476074099,0.9223388028386558,0.13062798147566934
828,0.5815430344928578,0.9223768490850442,0.13051410178239178
829,0.5816661987147805,0.9223908762364905,0.13046122667963642
830,0.581737062464261,0.9224290377745347,0.1303674356447912
831,0.5818126928960792,0.9224229004153951,0.13033891306598785
832,0.5818075853357108,0.9224364049113354,0.13030518583692113
833,0.5818316168365086,0.9224360936238649,0.1302224841098177
834,0.5818649485977875,0.9224196837782004,0.13017487725981966
835,0.5820541852151587,0.9224510930682744,0.1299918293912913
836,0.5820606384456612,0.9224171550478849,0.13000275774453132
837,0.5822575265803724,0.9224083313931669,0.1298966429363153
838,0.5823044236414592,0.9224045844143559,0.12994930458091877
839,0.5823668650307596,0.9224335648935494,0.12988320956424038
840,0.5823953967712623,0.9224166400784893,0.1299461474513767
841,0.5824346413235385,0.9224219089071558,0.1299404448908487
842,0.582559252648166,0.9223536639330785,0.1281775708490813
843,0.5826552767989257,0.9223776561266344,0.1281228978233506
844,0.5827108813313346,0.9224075320376872,0.1280329571162264
845,0.5829247599188522,0.9224162211854735,0.12793990102203118
846,0.5829536196718956,0.9223928361946379,0.12785545650911903
847,0.5833647041563316,0.9224889433188481,0.12750059005425063
848,0.5833954136514689,0.9224242646999878,0.12747485452415494
849,0.5834985136129363,0.9224194839393305,0.12750224219615858
850,0.5835567459266632,0.9224322620978398,0.12742748638817533
851,0.5835297293715341,0.9224292145550734,0.12726119271825972
852,0.5836194362345684,0.9224369237237862,0.1271498746705329
853,0.5837356516717594,0.9225119094166682,0.12705095273513542
854,0.5837233573035856,0.9225128317499139,0.12702647399339742
855,0.58401337227007,0.9225396409029246,0.12694257701228362
856,0.5839756281285504,0.9225522384378398,0.12688685417476078
857,0.5839333734364341,0.9225662579031757,0.12688331184528548
858,0.5839498442857844,0.9225501324435953,0.1267953561195644
859,0.5837714009761382,0.92246520860999,0.12655480413679498
860,0.5838853477487652,0.9224695820067972,0.12648167818333828
861,0.5839643701250721,0.9224796239100106,0.12640927767019725
862,0.5841201634395592,0.9224664537598719,0.12636343513361775
863,0.5840554191653483,0.9224102721360382,0.12635917472319758
864,0.5839485294162139,0.922353756166403,0.12638863692032148
865,0.5840271847734411,0.9223663921318702,0.12632356214970952
866,0.5840599304374214,0.9223302558839116,0.12625248776266515
867,0.5843018391615438,0.9223382532817636,0.12619985368182987
868,0.5842890938788358,0.9223511736333149,0.12611939752862592
869,0.584247321937201,0.9223568690411076,0.12606491794696953
870,0.5843015886328853,0.9223764340350836,0.1259613781885399
871,0.5844591697481286,0.9224127470635811,0.12592169294363884
872,0.5846088817438397,0.9224064329239027,0.12587855753915392
873,0.5845833698718279,0.9224116479497966,0.1258762110259723
874,0.584688371629035,0.9223797698069892,0.12581362001212967
875,0.5846921785325315,0.9223667572221134,0.1258240734197711
876,0.584685216513458,0.9223357552958895,0.12577663618717916
877,0.5851870850414732,0.9224745472341036,0.1251178236320565
878,0.5853024825300299,0.9224882861564105,0.1250412934983253
879,0.5854072084269076,0.9224784978948397,0.12496376269516707
880,0.5854757315610241,0.9225168554286987,0.12490337265146716
881,0.5854988359322695,0.9225458973967752,0.12485372567110298
882,0.5855102351813327,0.9225561698833,0.12481014150408344
883,0.5855302193900003,0.9225570999026562,0.12471294457466195
884,0.5855954132021001,0.922611390743336,0.12463632866281127
885,0.5856102102503487,0.9226333883912479,0.12459468535553155
886,0.5857007420947115,0.9226622535787856,0.1245709152541118
887,0.5857747504657307,0.9227068291759432,0.12448428603876745
888,0.5857658857483685,0.9226646478021694,0.12441801191724366
889,0.5857713565977084,0.9227026825193924,0.12437597290558186
890,0.5857898771660233,0.9227192922039268,0.12432891713541913
891,0.5858474170722098,0.9227273011309443,0.12431803705735908
892,0.585857630202751,0.9226855809237935,0.12428122431212796
893,0.5857977035433555,0.9226821759768944,0.12425140048420283
894,0.5861524995005943,0.9227569887322928,0.12370620944541685
895,0.5861840074323914,0.9227876447835495,0.1236200184903623
896,0.5862066719717909,0.9227779756566895,0.1235496783817144
897,0.5862293164733423,0.9227689829075432,0.12353815641504155
898,0.586190941475869,0.9227481650775748,0.1234921541011709
899,0.58640712795406,0.9227792669232336,0.12343402318084584
900,0.5865324257181503,0.9227671267118861,0.12330082066452559
901,0.5863199131743787,0.9227070251717578,0.1233607154057226
902,0.5864513788471827,0.9227349372816083,0.12329564583135681
903,0.5864291704077795,0.9227292188154844,0.12322022914145155
904,0.5865053038445093,0.9227482380956235,0.12316158518688441
905,0.5864657636954769,0.9227397026700448,0.12306332444751004
906,0.5865220737081211,0.9227530649729431,0.12301962617427636
907,0.5865059859523541,0.9227510358398023,0.12295383682233609
908,0.5864941678701947,0.9227576420516753,0.12292216301781804
909,0.586519823392542,0.9227530496007224,0.12288601093064032
910,0.5866597757495037,0.9227697861060781,0.12280237032944746
911,0.5867339192400762,0.9228454712350047,0.12272383554252199
912,0.5868572923499369,0.9228824683273261,0.12263456845965663
913,0.5869866891154465,0.9229083244026496,0.12246854868458248
914,0.5869827835103768,0.9228883443587128,0.12241258756693459
915,0.5868953256143481,0.9228740904670103,0.12238545587354364
916,0.5870494225313868,0.9229012378088778,0.12230562445123279
917,0.587144320764363,0.9229259678690303,0.12226364465383398
918,0.587194060807009,0.9228943279956449,0.1222001898531653
919,0.5872899245243167,0.922919857411277,0.12216213883338636
920,0.5874027161359863,0.9229317209226509,0.1221022607918815
921,0.5874612100711148,0.922976227344815,0.12202032548470154
922,0.5874646199825432,0.9230153496466568,0.12074943454263723
923,0.5875644820220971,0.9230668158417714,0.12069811867653746
924,0.5875630325240128,0.9230769922519165,0.12068500578569588
925,0.587506479122862,0.9230265329372619,0.12064458156616832
926,0.5875978542367782,0.923053269072224,0.12058448139877205
927,0.5876054764089382,0.9230938209905968,0.1205333630926589
928,0.5876543083703202,0.9231430120970384,0.120500306568721
929,0.5876526640247459,0.9231097350821418,0.1205583208873852
930,0.5875885151535984,0.9230658320196425,0.12049595863800396
931,0.5875976493810913,0.9230463285145495,0.12043706229304266
932,0.587803284058722,0.9230788100170217,0.12037196124561103
933,0.5878008180871953,0.9230437306092405,0.12033758206614713
934,0.587921028153546,0.9230727187745444,0.12031173140097558
935,0.5879442201055984,0.9230880179772588,0.12026621791976287
936,0.587966669641585,0.9230663393029277,0.12022721083726107
937,0.5878227676119019,0.9230648597266793,0.12020242048607253
938,0.5878519933318436,0.9230852740358526,0.1202223999108332
939,0.5877568527666452,0.9230679264847215,0.11991200463634412
940,0.587790053797262,0.9230575617648721,0.11984272821764538
941,0.587735777464868,0.9230107956262558,0.1198028501950057
942,0.5876763860364953,0.9229663852804715,0.11975653469317914
943,0.5876920391567092,0.922961158725412,0.11977551750100571
944,0.5876973220099585,0.922932266636488,0.11982648719146417
945,0.5876966211495709,0.9229261062190172,0.11972483255064727
946,0.5876110842024573,0.9229231624387411,0.11968887997811382
947,0.5876181881691178,0.922893121276315,0.11965656154785721
948,0.5876143139375546,0.9229025982504153,0.11959507511277481
949,0.5876544108809882,0.9229408827662255,0.11946831325450641
950,0.5877250493635287,0.9229379197706735,0.1194020313126426
951,0.5877910197360966,0.9229579997340452,0.11932639069370624
952,0.5878844023745469,0.9229739484130869,0.11924912697662937
953,0.5878305349566498,0.9229989628593235,0.11919386253612244
954,0.5877713359659515,0.9229856735744738,0.11916501635579291
955,0.5877477087213827,0.9229906080573388,0.11916250442123526
956,0.5877545895490545,0.9230424201274204,0.11811347486947023
957,0.5877168937559791,0.9230407599275781,0.11807345930425082
958,0.5878398769688747,0.9230412941122496,0.11794317877356103
959,0.588001495315425,0.9231025946855973,0.11787256231671157
960,0.5880229763550643,0.9231125443554862,0.11779909907236943
961,0.5881049899413914,0.9231357218213416,0.11772472076676305
962,0.5881080346555306,0.9231389576738123,0.11766288843152223
963,0.5882575763322386,0.9230767078658324,0.11751355567035836
964,0.5883747099552225,0.9230988707651174,0.11749076589022034
965,0.5883620468038105,0.9230906696853404,0.11752013441022993
966,0.5884487722494122,0.9231358793866045,0.11745114090405513
967,0.5885073099756426,0.9230761352506089,0.11743037504217248
968,0.5885474379955161,0.923087921900879,0.11741194495789238
969,0.5883627483120101,0.9230523467389782,0.11737752044238735
970,0.5887102073380426,0.9230798437988681,0.11684147457772628
971,0.5886769635608398,0.9230944474085929,0.11677645134650795
972,0.5887794128842363,0.9230900125229028,0.11674666641253668
973,0.5889076066137385,0.9231360600101984,0.11669017293136791
974,0.5890161624125594,0.9231589607760801,0.11662792556377524
975,0.5889968270896961,0.9231387693641079,0.1165726524058185
976,0.5890227889414003,0.9231615356230579,0.1164407777542127
977,0.589066909104573,0.923157730998419,0.11641713343052934
978,0.5892003508538155,0.9232010345443085,0.11636375364815056
979,0.5891988666233272,0.923194316883835,0.11626129530970267
980,0.5893210702825847,0.9232056077799855,0.1162058092879623
981,0.5894324971594234,0.923246859134403,0.11615211314346031
982,0.5894958586805535,0.9232886677318232,0.11609868830827953
983,0.5895113749339517,0.9232963653713703,0.11605483572867305
984,0.5895287929415719,0.9232888906290243,0.11604747520430517
985,0.5901165144378517,0.9234006120864747,0.11565069556991302
986,0.5901908172201078,0.9234016919849832,0.11560489217632475
987,0.5902401531119013,0.9234106578327433,0.11555593822009251
988,0.5904076850043313,0.9234018495502461,0.1155181155943739
989,0.5904297236639083,0.9234124025798,0.1154957495231042
990,0.590349711789797,0.9234206882067911,0.11545760508678447
991,0.5903420697438844,0.9233896324777947,0.11542030558413187
992,0.590354623921096,0.9233419632212085,0.1153329920261363
993,0.5904349339693186,0.9233474242026346,0.11529278807437532
994,0.5904584699402526,0.9232956082894977,0.11525067031848343
995,0.5904069851419564,0.9232705361974333,0.1152187624093424
996,0.5903740222741044,0.9232696138641875,0.11517786196181183
997,0.5905023599300883,0.9232627078940097,0.11514003966169356
998,0.5905591043364038,0.9232985635989394,0.11509680113075407
999,0.5905977381713082,0.9232825572740699,0.11504445009987221
1000,0.5907829648537599,0.9232784336758503,0.11498165821593986
1001,0.5908419009432389,0.923288863727638,0.11492335263075353
1002,0.5912058658049838,0.9233939405426635,0.11465424848927555
1003,0.5913345894376857,0.9234231861926652,0.11457046026221898
1004,0.5914013371107437,0.9234552987618391,0.11451145921384902
1005,0.5914013371107437,0.9234552987618391,0.11456796183448967
1006,0.5915084176089498,0.9234801787011441,0.11449631956103738
1007,0.5916117589728366,0.9234736493503749,0.11447247159004216
1008,0.5916427110370066,0.9234522012593553,0.11445023261643125
1009,0.5916429362425873,0.9234363909303006,0.11440596813642445
1010,0.5918335883798596,0.9234374631426988,0.11437680868479275
1011,0.5917935513292139,0.923446794080702,0.11427668777877886
1012,0.5916776385260485,0.9234503834942501,0.11424176656765656
1013,0.5916548856513246,0.9234551488826866,0.11420153723012348
1014,0.5918584342672093,0.9235461447434933,0.11358489930845331
1015,0.5918112565446527,0.9235553411745648,0.11363510854424146
1016,0.5920127307403814,0.9235727886451308,0.11356288210685034
1017,0.5920638068632257,0.9235649641847624,0.11347578423788425
1018,0.5920643367184923,0.9235655098985995,0.11349053984686801
1019,0.5921584367837176,0.9235727386854133,0.11341184676177216
1020,0.592170515598445,0.9235656789930279,0.113384910857281
1021,0.5921646841305714,0.9235452147241372,0.11333801718589408
1022,0.5922101853082371,0.9235207652070135,0.1133010256654379
1023,0.5923729577749995,0.9235588575700643,0.11322210258714567
1024,0.5924269436269359,0.923545795025471,0.1131454069598864
1025,0.5925121351420776,0.9234539191050256,0.11304891523948685
1026,0.5925267495942995,0.9234519706760439,0.11303113547231952
1027,0.5926302602024628,0.9234551258243555,0.11296029248260488
1028,0.5926419370922307,0.9234299960864631,0.11291783352172656
1029,0.5927382140904457,0.9234638572457489,0.11285367463698741
1030,0.5927686854972842,0.9234862238269591,0.11281645071537748
1031,0.5927996550316823,0.9234673198384757,0.11279693276062915
1032,0.5927572362627581,0.9234734840990018,0.11274984216545078
1033,0.592807195523946,0.9235020841157313,0.11271692198769188
1034,0.5927689988272566,0.923480097996985,0.11268847392309192
1035,0.5927715352533264,0.9234957277024458,0.11266445019035573
1036,0.5929006609105618,0.923528931699294,0.11256140202834518
1037,0.5929867622968115,0.9235959161512688,0.11243415524068565
1038,0.592860625210888,0.9235672085289939,0.11239965139885923
1039,0.5929912864371878,0.9236186939393843,0.11232100577118652
1040,0.5929572365570303,0.9236034177950011,0.1122271269004144
1041,0.5929398188761034,0.9235689148454985,0.11216066080993137
1042,0.5928496837504319,0.9235917156919453,0.11213894732773858
1043,0.5928433318404991,0.9235707556689349,0.11212437177837781
1044,0.5931972500595214,0.9236059349961511,0.1110050111043406
1045,0.5932977913583029,0.9236009467105135,0.11097472022174057
1046,0.5933510121370372,0.923608855718096,0.11095645541080565
1047,0.5933952556507042,0.9236258497081495,0.1109321051968442
1048,0.593393447885018,0.9236231557264608,0.11090960744464348
1049,0.5934867050432667,0.9236665246042884,0.11085664064028293
1050,0.5935415169143864,0.9236912892519377,0.11081838387596586
1051,0.5935675457426902,0.9237055777311369,0.11071561533874212
1052,0.5936188942325452,0.9237305575898768,0.11066623639308057
1053,0.5935977023533151,0.9237379439419534,0.11062090510184988
1054,0.5935731532459676,0.9236510793654769,0.1105580523547418
1055,0.5936503766614902,0.923673626570281,0.11048428336307166
1056,0.5937276157223491,0.9237006394052169,0.11045624638723399
1057,0.5938051622115142,0.9237352192158232,0.11041812081930104
1058,0.593863700433229,0.9237047668464917,0.11036069457687396
1059,0.593811753379369,0.9236914545033109,0.11031309945981116
1060,0.5938939174812998,0.9236841988151108,0.11027983301533054
1061,0.594110875759087,0.923715754141282,0.1102341653603932
1062,0.5941294476786139,0.9237053894214325,0.11020188507473852
1063,0.5940384477475721,0.9236660019487826,0.11019652673648901
1064,0.5940797770594103,0.9236741761271733,0.11017478586856845
1065,0.5941134436910969,0.9236912200769443,0.11016166600613057
1066,0.5941769056975835,0.9237362068810072,0.11012446892213691
1067,0.5941293109233133,0.9236994057845006,0.11009363164151974
1068,0.5942255091078681,0.9236879150494802,0.110078607706376
1069,0.5943652802179996,0.9236837107471015,0.11002226772797796
1070,0.5944192703105041,0.923707775958706,0.10998735128959335
1071,0.5944175323536205,0.923682388736116,0.10993925597807686
1072,0.5944078936333687,0.9237308957787336,0.10991907470952131
1073,0.5945343299100824,0.9237749218189989,0.10989572888216224
1074,0.5945077338453499,0.9237693378598067,0.10987487304412619
1075,0.5945740262994839,0.9237521017572762,0.1098289129153857
1076,0.5946098601839219,0.9237658867962454,0.10971223375766126
1077,0.5945854012024864,0.9237360454726892,0.10968015713832296
1078,0.5946706743973385,0.9237302770468478,0.10968215386622425
1079,0.5946373609976241,0.9237109272639624,0.10961972974655171
1080,0.5946833015164413,0.9236992021025755,0.10960260139827119
1081,0.5945268266511935,0.9235983757065909,0.10957678197037468
1082,0.5945454633713501,0.9235980836343963,0.10954673469670742
1083,0.594566136770275,0.9235935488292712,0.10951557551388633
1084,0.5946852988432103,0.923622452447361,0.10946282812041658
1085,0.5947180907797291,0.9236403072817772,0.10939596184142517
1086,0.5947459076015797,0.9236121953330568,0.10936592216292271
1087,0.5948004875480701,0.9235789874931535,0.10931745984852943
1088,0.5947987659702896,0.9235857743286203,0.10928718395678415
1089,0.5948101009560749,0.9235874537437387,0.10926318449023532
1090,0.5948711554503732,0.923619151262952,0.1092042281412822
1091,0.5948901184975961,0.9236168031562305,0.10919074404594858
1092,0.5950119435199936,0.9236204963322688,0.10913577158115975
1093,0.5949540622961963,0.9235999359869983,0.10910867097810907
1094,0.5949464932535843,0.9235912122517153,0.10909960073679945
1095,0.5950496249897594,0.9235942252069849,0.10904403805447922
1096,0.5950383433838052,0.9236064461224914,0.1090016133704463
1097,0.5949226834045159,0.9235806361638303,0.1090054495092825
1098,0.5949317320821417,0.9235653100597296,0.10895268269471103
1099,0.594871338634013,0.9235691415857548,0.1089136119810584
1100,0.5949626324006201,0.9235726349229232,0.10892026210210616
1101,0.595166345515045,0.9236302769077293,0.10885814616598535
1102,0.5950592032380883,0.923588729638062,0.10883897993783458
1103,0.5950046608890788,0.9235810166262942,0.10880345743762013
1104,0.5950184151688125,0.923565782755518,0.1087176074535917
1105,0.5952298399397894,0.9237094400016036,0.10851057988968547
1106,0.5952019769040059,0.9237152391718865,0.10841343199341509
1107,0.5952690615579815,0.9237139133178457,0.10835607219267274
1108,0.5953169427493945,0.9237170261925501,0.10831083306953225
1109,0.59532447889529,0.9236775580157411,0.10828283659845944
1110,0.5953313117406261,0.9236684384457735,0.10822028237938185
1111,0.5953662794380585,0.9236647952294527,0.108199038502552
1112,0.5954116353088577,0.9236260687622955,0.10817669676995417
1113,0.5953222787032839,0.923624931217959,0.10816257920284746
1114,0.5953570753684811,0.9236237898305673,0.10818136528899845
1115,0.5953404898309913,0.9236346887350882,0.10815086995005967
1116,0.5954530968957339,0.9236636884295577,0.10809290820202257
1117,0.5955655570501257,0.9236521938514821,0.10792404125525193
1118,0.5955739416653761,0.9236578469856678,0.10793696167186327
1119,0.595615870696422,0.9236858205844013,0.10786917777697728
1120,0.5956464156683645,0.9236962467931338,0.10782138075141091
1121,0.595667788644792,0.9236910394533503,0.10777956401202227
1122,0.5956569342688798,0.9236729309772914,0.10779557011129931
1123,0.595642597867286,0.9236296812341748,0.10779307270578929
1124,0.5956901831794088,0.9236456260701612,0.10778718754058438
1125,0.595619626273374,0.9235466174392818,0.10777473667755474
1126,0.595680275076734,0.9235841218148884,0.1077203559191757
1127,0.5956827204380921,0.9236020112368013,0.10758652913182314
1128,0.5956939373335697,0.9235861586341394,0.10755619802140656
1129,0.5957057875612913,0.9235960352859797,0.10754290257244738
1130,0.5957188718470625,0.9235928301779506,0.10748219489724892
1131,0.5957680165043497,0.92359372560981,0.10746774061481223
1132,0.5957101847101097,0.9235963273581742,0.10743164853650267
1133,0.5956406797952479,0.9235649641847624,0.1073463718675992
1134,0.5956645819196852,0.9235325057406213,0.1073068384014354
1135,0.5955940239225738,0.9235233169956603,0.10728254752347668
1136,0.5955757505885795,0.923508363667913,0.1072056202294502
1137,0.5955793302812287,0.9234976953467035,0.1071946066376265
1138,0.5957459595013018,0.9235111268245951,0.10715634535531546
1139,0.595797311276131,0.9235328938891956,0.1070536244928412
1140,0.595833949863696,0.9235149698797859,0.10702237593363037
1141,0.5959120209889304,0.9234863660200011,0.10697755360785295
1142,0.5960296353398605,0.9234858625797712,0.1069314667801158
1143,0.5960942904856499,0.9234795138525961,0.10686050539822901
1144,0.5961199720710519,0.9234643145693167,0.10684084393525821
1145,0.5962040915754925,0.9234807590024778,0.10678046158250477
1146,0.5962097439267496,0.9234838987785687,0.10677806053618925
1147,0.5962247907320135,0.9234819810940285,0.10674755904731573
1148,0.5962172477747443,0.9234778344374777,0.10672634848797657
1149,0.5962744376625554,0.9234728115643434,0.10670860808575727
1150,0.5963536697282914,0.9234886142072878,0.1067113732226502
1151,0.5964571206843082,0.9234938638206783,0.1066790323238206
1152,0.5964974931038596,0.9235020456851795,0.1066386648093176
1153,0.5965421535587815,0.9234738530323,0.10661778179746172
1154,0.5965534879215285,0.9234545339938561,0.10660121660099874
1155,0.5965518278721881,0.9234246119661409,0.10657443093576413
1156,0.5971260514416082,0.9234683766786532,0.10604178448342162
1157,0.5970514659565394,0.9234499915026206,0.10602195159131142
1158,0.5970822300763833,0.9234600948947171,0.10600582215655097
1159,0.5972564414177367,0.9234534963689547,0.10595768438525882
1160,0.5972235552889987,0.9234211263150829,0.10592927277078282
1161,0.5971677004911096,0.9234458179446835,0.10589378236857534
1162,0.5971846084351873,0.9234253728910687,0.10587571602188363
1163,0.5973339311642285,0.9234360988581061,0.1058343762184628
1164,0.5975599968230129,0.9234825882967487,0.10575567489376513
1165,0.5975433666315305,0.9234863775491667,0.10573333267964419
1166,0.5975397556623975,0.9234767891264658,0.1057334143819769
1167,0.5975388227527175,0.9234433814476926,0.10573267759744584
1168,0.5975581643934879,0.9234379588968185,0.10568532209367629
1169,0.5976045428061832,0.9234447265170094,0.10566439604782639
1170,0.5976045428061832,0.9234447265170094,0.10576053809945725
1171,0.5976476944017919,0.9234806129663806,0.10573397605253845
1172,0.5978108258793895,0.923509209140055,0.105688838590667
1173,0.5978730985017743,0.9235048319001927,0.10567252116463166
1174,0.597863527262482,0.9235013001324724,0.10564912545051305
1175,0.5978972493946392,0.9234950359525115,0.105621444847451
1176,0.5979090883814556,0.9234729768157166,0.10558268333426754
1177,0.5979662003072752,0.923430718580839,0.1055521861302654
1178,0.598093913763431,0.9234053851610216,0.10553124385750787
1179,0.5982595412904926,0.9234704673006771,0.10548475278718217
1180,0.5982692961170551,0.9234671276857163,0.1054660569854087
1181,0.5983332166860312,0.9234763164306773,0.1054372595871137
1182,0.598391694508378,0.9234573970699732,0.10534987040637911
1183,0.5984697699799778,0.9234672160759856,0.10529948718352752
1184,0.5983713258150807,0.9234678463370369,0.1052708140689051
1185,0.5983939588411978,0.9234810741330035,0.10525642452692832
1186,0.5983526772949848,0.9234667779676938,0.10530056681080092
1187,0.5983479323880693,0.9234847980534833,0.10525206080568074
1188,0.5988636521151122,0.9235422671008059,0.10493317577508242
1189,0.5988968920269166,0.9235373864207136,0.10489700722907856
1190,0.5989361959801339,0.9236091554764009,0.10483167961541001
1191,0.5989397647115856,0.9236186170782805,0.1048077575168334
1192,0.599111951588983,0.923686016580216,0.10468642049690678
1193,0.5991777895340005,0.9237191014423531,0.10464403534651928
1194,0.5992407276946654,0.9236951707376804,0.10460424622279972
1195,0.5991893132347795,0.9236572551551684,0.10457553867404464
1196,0.5993267509353816,0.9236942061308275,0.10452433754870555
1197,0.5994526557817805,0.9237364413073739,0.10448880725328581
1198,0.5994842568698897,0.9237542154376311,0.10445853202092285
1199,0.5994425648494794,0.9237585696191623,0.10444292378059636
1200,0.599566525400411,0.9238338089536868,0.10433331481892912
1201,0.5996725223975903,0.9238397080434047,0.10428032729176523
1202,0.5996907141696173,0.9238275601459466,0.10423112102222938
1203,0.5996926941567957,0.9238552877891479,0.10416984350720468
1204,0.5998652082369431,0.9238655910201143,0.10413533676746942
1205,0.599858668244727,0.9238861821098264,0.10411230120400697
1206,0.5999286043284261,0.9238840914878026,0.10408554749992725
1207,0.5999109957018012,0.9238650491493324,0.10404195975625377
1208,0.6000065363299832,0.923873542301304,0.10399703485503724
1209,0.6001594156889076,0.9239226949771937,0.10390571887376764
1210,0.6002919133273384,0.9238985721197613,0.10385252285425897
1211,0.6003376880079965,0.9238980725225866,0.10380410777666851
1212,0.6003483583149822,0.9238949135312198,0.10379021558995723
1213,0.6002848054252543,0.9238798026382097,0.10376792429291186
1214,0.6002191527994283,0.9238342240036475,0.10374807155405567
1215,0.6002741763517253,0.923822933107497,0.10372004735247341
1216,0.6003450257406786,0.9238214035715311,0.10368440384549578
1217,0.6004062733418991,0.9238502687590688,0.10365178995737899
1218,0.6003551950766399,0.9238551724974922,0.10363800643765292
1219,0.6005027325270629,0.923899713507153,0.1035790556172722
1220,0.6004995964858763,0.9238568019528931,0.10355246221965156
1221,0.6004908284296463,0.9238785075286104,0.1035381259163498
1222,0.6004739326027461,0.9238577742458564,0.1035171009525627
1223,0.600262491721388,0.923867458744937,0.10354917370070271
1224,0.6003504361918036,0.9238743647151149,0.10354260277502378
1225,0.6003284548225926,0.9238457493261645,0.10351004599782836
1226,0.6004039004083879,0.9238315031205724,0.10349195067786192
1227,0.6004495206199831,0.923874045741534,0.10344960401143764
1228,0.6005208633237054,0.9238811361783609,0.10340890124826436
1229,0.6006017556254785,0.9238783614925132,0.1033589486281466
1230,0.6006953097211852,0.9238924040161802,0.10331797416321788
1231,0.6006833490959059,0.9238762170677167,0.10329828439740697
1232,0.6006964984616906,0.9238895678414495,0.1032400438071459
1233,0.6007344560268012,0.9238864549667449,0.10321177403303976
1234,0.6008127536493905,0.9238669898922037,0.1031671568996404
1235,0.6008324518728109,0.9239398772769516,0.10310649143814701
1236,0.6007795990168556,0.9239228525424565,0.10306470153604005
1237,0.600844324436978,0.9239150511404193,0.10302681864437341
1238,0.6008183242822236,0.9239028878707406,0.10298902039964562
1239,0.6009600049212158,0.9239222952994539,0.1029515667729161
1240,0.6009417920454166,0.9238924770342288,0.10296044557317548
1241,0.6009542385335417,0.9238978265670543,0.1029556469314863
1242,0.6008204945498298,0.9238319450719192,0.10293063748748561
1243,0.6009203449091458,0.9238396619267423,0.10287553336533677
1244,0.6009636697972908,0.9238512986978599,0.10285561958473274
1245,0.601029807932562,0.9238473672523998,0.10283483311935365
1246,0.6010107559693718,0.9238621899162706,0.10280809080116826
1247,0.6016846033489753,0.9240513220344283,0.10176359536222199
1248,0.6016043108323564,0.9240765747500866,0.10171049826006541
1249,0.6016428068941326,0.9240954710524596,0.10166949867478357
1250,0.601682635081543,0.9240939146151074,0.10164045571797083
1251,0.6017712527827479,0.9241257504843076,0.10160146517213252
1252,0.601777793905956,0.9241353465931189,0.10160925763915894
1253,0.601880745695748,0.9241744458366297,0.10154032791626551
1254,0.6020306321482434,0.9241584010812082,0.10155084900356992
1255,0.602056143464277,0.924162125001688,0.10153335238546043
1256,0.6019808789260431,0.9241227605873692,0.10152386089104536
1257,0.6020913317054513,0.9241231256776123,0.10150277549902581
1258,0.6019740910976684,0.9240848757492988,0.10149544970957264
1259,0.6017943447192637,0.9240419987825355,0.10150168984123174
1260,0.6018430254106737,0.924061632951505,0.10143208816879994
1261,0.6023599307870573,0.9240213538900508,0.10049912585100892
1262,0.6024160695775347,0.9240272068631062,0.1004685911509839
1263,0.6024230510120613,0.9240269916520156,0.10043165447860802
1264,0.6023223009374595,0.9239476171901058,0.1004390801306146
1265,0.6024122215260986,0.9239617135165454,0.10040462459799386
1266,0.6024711886665537,0.9240323911445586,0.10035019659796743
1267,0.6024050795904486,0.9240118577006744,0.10031120241085378
1268,0.6023002896188367,0.9239966853187813,0.10028734477774691
1269,0.6023099967578944,0.9239990795421652,0.10028636725562248
1270,0.6023232328378336,0.9239484857205789,0.10027405646681463
1271,0.602203623999436,0.9239536738450864,0.10012456155840307
1272,0.6022131905287542,0.9239669746591016,0.10007700212954218
1273,0.6023757622954197,0.9239771280109156,0.10004122591377343
1274,0.6023882970914652,0.9239653951634182,0.10003211451103726
1275,0.6024052511760466,0.9239500114134896,0.10000638530753747
1276,0.6024083310371663,0.9239589004001458,0.0999862535664946
1277,0.6023892352346039,0.9239661253439044,0.09996709445800815
1278,0.6024111049709554,0.9239820432785045,0.09993745540130922
1279,0.6025130462501753,0.9239989796227301,0.09995416784270761
1280,0.6024646102159753,0.9240049478874415,0.09994795578610915
1281,0.6025256169917736,0.9239807789133467,0.09993393738935152
1282,0.6025416586186619,0.9239731120182413,0.09991464342306483
1283,0.6026993217801188,0.9239801486522955,0.09986512076666296
1284,0.602754341882365,0.9239889761500687,0.09981830585555752
1285,0.6027521363772556,0.9239517792188774,0.09967111241073424
1286,0.6027874932305325,0.9239432284210779,0.0996488048273914
1287,0.6028723280720777,0.9239614675610133,0.09959670095032187
1288,0.6028791103084401,0.9239464104707759,0.09958739803983983
1289,0.6029393849558641,0.9239403346005193,0.09958273993763765
1290,0.6030617427110998,0.9239555108254676,0.09952135139014699
1291,0.6031592479100687,0.9240059432387359,0.09950566961087977
1292,0.6031580556189763,0.9240016044294255,0.09948028262052697
1293,0.6032100612900476,0.9240052783901879,0.09946031469845217
1294,0.6031968035398606,0.9240158429489073,0.09943156763782064
1295,0.6032851484796532,0.9239895564514025,0.0993985183925243
1296,0.6033047856670513,0.9239717400475381,0.0993479407742321
1297,0.6033040874682484,0.9239551111477278,0.09934409204509742
1298,0.6033420659630147,0.9239510836258878,0.09931318557567718
1299,0.6032703655274838,0.9239664481605404,0.09926965825798047
1300,0.6033160899523318,0.923951006764784,0.09924480017767266
1301,0.6035252038202846,0.923977539217821,0.0990122047603487
1302,0.6034197629579559,0.923963596613589,0.09896626549822655
1303,0.6034417204659079,0.923982877221481,0.09891169170807759
1304,0.6035488812237251,0.9239874427710475,0.09886779568174092
1305,0.6035205920018761,0.9239791994176634,0.09883860524770038
1306,0.6036141422462352,0.9239987874699707,0.09882092901555062
1307,0.6036838429933257,0.9239929306538599,0.09878237824029684
1308,0.6036870780774306,0.9239545346894491,0.09877404546435065
1309,0.6037646836613166,0.9239403461296849,0.09873275828403531
1310,0.6037717983431355,0.9239435858252106,0.09871825601696624
1311,0.6037725229295741,0.9239076686313978,0.09869891595714023
1312,0.6038473679548954,0.9239004590598601,0.09866306750069878
1313,0.6038746645545044,0.9239143632335401,0.09863073213728188
1314,0.6038862659316727,0.9239044981108655,0.09860837135042885
1315,0.6037616750336704,0.9237951017018056,0.09862242201186804
1316,0.6037238120384041,0.9238138173805845,0.098605776704371
1317,0.6038180647080289,0.9238397887475636,0.09850018283369527
1318,0.6038122788460616,0.9238382668977081,0.0984745223555293
1319,0.603668280730837,0.9238309420345145,0.09851386467652876
1320,0.6035862439426624,0.9237963084211355,0.09849347053129884
1321,0.6036124545983499,0.9237815088155958,0.09849200074870514
1322,0.6036424175659362,0.923764810740792,0.09848043151647354
1323,0.6037122887232114,0.9237743953204377,0.09846054275623183
1324,0.6036913570593091,0.9237882072607934,0.09843090808349693
1325,0.6037243765779046,0.9237962277169764,0.09830340265597332
1326,0.6035756612357547,0.9237780154784274,0.09825606043165905
1327,0.6036335282246574,0.9237248468098633,0.09826447117543292
1328,0.6036450544144535,0.9237447730510274,0.09823258073809442
1329,0.6036132839410933,0.9237288089997651,0.0982331661108685
1330,0.6035752752560148,0.9237042211326546,0.0982354243293224
1331,0.6041017502189706,0.9237076452948295,0.09793909645025509
1332,0.604145156258149,0.9236757248784151,0.09793053925372486
1333,0.6041534805473404,0.9236440850050297,0.09792778964641825
1334,0.6042210437321872,0.923664660722521,0.09789738301431573
1335,0.6042248297150551,0.923680417248803,0.09787469502927852
1336,0.6043227012903525,0.9237194665325963,0.09782823403318082
1337,0.6044209963993054,0.9237066307282592,0.09781337346176606
1338,0.6044708953226556,0.9236795909919371,0.09778889388859241
1339,0.6044740362106914,0.9236333282935507,0.09770137462243682
1340,0.604487596912052,0.9236538540513246,0.0977094703027339
1341,0.6044139371839153,0.9236459181423556,0.09770810799302859
1342,0.6044235024431379,0.9236361952127231,0.09770645376473698
1343,0.6044611851197709,0.9236607177478953,0.0977028536333418
1344,0.6045181430987837,0.9236562559608188,0.09768255306789607
1345,0.6045763111490675,0.9236640688920216,0.09766719258730686
1346,0.6046195963777763,0.9236541384374087,0.09762200126166247
1347,0.6046570010384865,0.9236230942375778,0.09760922231447264
1348,0.6046915301264594,0.92363411996292,0.09758639886832395
1349,0.6047664349323281,0.923657993021765,0.09754582743921193
1350,0.6047397813874791,0.9236246737332612,0.0975560281683078
1351,0.6047164461318931,0.923628336164858,0.09753529903226961
1352,0.6047073314389124,0.9236175948255998,0.09753765859103665
1353,0.6047720797516516,0.9235951821277273,0.09751721053980987
1354,0.6048465298878276,0.923609620486079,0.09747712990573341
1355,0.604844603879796,0.9236201004975841,0.09747837490794045
1356,0.6048730463554924,0.9236458989270797,0.09746274714663182
1357,0.6048563410721336,0.923627267795515,0.0974258816372573
1358,0.6048607472439987,0.9236265337719735,0.09742158123992051
1359,0.6050481212625366,0.923729070327518,0.09724672884810777
1360,0.6050725062668063,0.9237227485017292,0.09720383707728651
1361,0.6050760069509641,0.9237104391959532,0.09717246726613372
1362,0.6050442388808408,0.9237122838624447,0.09714404081477047
1363,0.605124365904451,0.9236960853848157,0.09711328975611062
1364,0.6051345121073163,0.9236323483144772,0.0971046701156576
1365,0.6051602971836965,0.9236297350369475,0.09707367755432732
1366,0.6051684387243419,0.9236150046064012,0.09707644189311733
1367,0.6052212413587177,0.9236668128334278,0.09703735949056322
1368,0.6051382849399144,0.9237027069689094,0.0970458623578528
1369,0.6050910415898364,0.9236968539958539,0.09703080558858224
1370,0.6050783973529911,0.9236896713257023,0.09700462722990416
1371,0.6051730673141648,0.9237113115694815,0.09699725901982847
1372,0.6051934382438434,0.9237228753225505,0.09696024036636243
1373,0.6051618078673187,0.9236965619236595,0.09695526958140648
1374,0.6052143035368381,0.923704993586748,0.09691978678840033
1375,0.6052397271667628,0.9237213726879709,0.09690665611234071
1376,0.6052186982845795,0.9237373059947918,0.09690655370950904
1377,0.6052191380894113,0.9237134137206708,0.09687845745919187
1378,0.6052602177224532,0.9237135712859337,0.09686283721487549
1379,0.6052683774798625,0.9237212228088185,0.09683644365471887
1380,0.6052152768962704,0.9237095745085353,0.09682609459688821
1381,0.6052441994172889,0.9237686999126451,0.09677529256549852
1382,0.605345839492034,0.9237901134161679,0.09675068295675238
1383,0.6055085067918419,0.9238028608302357,0.09671726749238897
1384,0.6055500888791051,0.9238520288783462,0.0966928697626661
1385,0.6055393699612249,0.9238632698147791,0.09666733493891037
1386,0.6054810365505968,0.9238662059089449,0.09662724710062835
1387,0.6054296446723972,0.9238545422364409,0.09664096848579945
1388,0.6052544776050984,0.9238424788861971,0.09662481246713077
1389,0.6053414432295723,0.9238864242223034,0.09631571845400852
1390,0.6053461903895633,0.9238878922693863,0.09631987089772454
1391,0.6053590133601192,0.9238743954595563,0.09630942318994173
1392,0.6053270532610012,0.9238532010101793,0.0963027692357108
1393,0.605373705671473,0.923844431158234,0.0962746167975227
1394,0.6053278816447722,0.9238707868307322,0.09627946613144674
1395,0.6053497348416109,0.9238359956520903,0.09624726468236226
1396,0.6054159100879486,0.9238277369264855,0.09622120880611156
1397,0.6055022137581986,0.9238535814726432,0.09617447855109515
1398,0.6055533553483425,0.9238312033622674,0.09614314740718548
1399,0.6054900628307358,0.9237570861998586,0.09609263091431634
1400,0.6054912852386933,0.9237652911226909,0.09607798118389427
1401,0.6054868489707443,0.9237531355391225,0.09605491012587065
1402,0.6054581419049605,0.9237393581862636,0.09603760784840784
1403,0.6055600106972433,0.9237388931765855,0.09601117584038171
1404,0.6055574930168999,0.9237594304635249,0.09596940697080861
1405,0.605508128904961,0.9237459413398054,0.0959512357364198
1406,0.6055331481561236,0.9237527243322171,0.09592920885441342
1407,0.6055525149999599,0.9237465754439119,0.09591257966147107
1408,0.6056134050504977,0.923747524678544,0.09589592718630757
1409,0.6056630961285712,0.9237103046890216,0.0958417529804066
1410,0.6056630961285712,0.9237103046890216,0.0958398417189629
1411,0.6057438312753097,0.9237047937478781,0.09581661600419335
1412,0.6057499381468051,0.9237080872461765,0.09581492079164737
1413,0.6057409774610758,0.9237167149050797,0.09579059201408488
1414,0.6057790933235119,0.9237347080894829,0.09574158739136937
1415,0.6057713562606788,0.9237654064143466,0.09571821259518344
1416,0.6057800018895475,0.923777362159045,0.09568807070087462
1417,0.6057311396963787,0.9237663210614819,0.09567428727259833
1418,0.6057369967246115,0.9237624357326841,0.0956496508926211
1419,0.6056007181611494,0.9237280442317821,0.09563235634086274
1420,0.6055700870295747,0.9237250466487332,0.09556989031836163
1421,0.6056012803883215,0.9237451458273809,0.09555427259984418
1422,0.6055457028390935,0.9237139479053423,0.09556121330780906
1423,0.6055034246680396,0.923711964888864,0.09553475745852998
1424,0.6055569523347535,0.9237081641072803,0.09552283861720164
1425,0.6054889654507304,0.9236356149113892,0.09550792150320804
1426,0.6056028364802722,0.9236301462438529,0.09549276965704252
1427,0.6056596538148322,0.9236532353194389,0.09548369568487147
1428,0.6057535961440843,0.9236713783829944,0.09544713185513433
1429,0.6057276561925491,0.9236720586037632,0.09545172502952069
1430,0.605849003008317,0.9236329017144246,0.09544526479739092
1431,0.6059432145012169,0.9236282016579263,0.0953827496939325
1432,0.6060347200258452,0.923657993021765,0.09533711516369289
1433,0.6060639321524987,0.9236772928449329,0.09533221158334361
1434,0.6060724380731046,0.923669414581792,0.0953200853764139
1435,0.6060611939379676,0.9236167493534578,0.09530417531761001
1436,0.606115619377882,0.9236239089652782,0.0952888991011246
1437,0.6061094657587669,0.9236150660952843,0.09527615362681899
1438,0.6061057259591691,0.9236488734517974,0.09525940786518454
1439,0.6061334579672448,0.9236398653304302,0.09517469014858641
1440,0.6060709928513286,0.9235945211222345,0.09516927613431707
1441,0.6060852219670856,0.9235746794282846,0.09516703861280096
1442,0.6061803893064324,0.923526837234215,0.09513175711842628
1443,0.6061253688295538,0.9235432393937691,0.0951155218172556
1444,0.6061688667054865,0.9235896173838112,0.09503788930761227
1445,0.6062052563449084,0.9236025646367487,0.095026871904848
1446,0.6062284459579168,0.9236222103348839,0.09500324625044711
1447,0.6063044461874556,0.9236338855365535,0.09495117387218058
1448,0.6063285436651397,0.9236329055574798,0.0949330479868421
1449,0.6063750666841834,0.9236573089579411,0.09490440196409493
1450,0.6064611495509701,0.9236144512064538,0.09489034251073208
1451,0.6064608391407946,0.9236067151363548,0.0948892689317364
1452,0.6065240658557831,0.923631641192322,0.09482643069012732
1453,0.6064871480087173,0.9236129562579846,0.09483979728586663
1454,0.6064085819586551,0.9235169913268163,0.09484522237600314
1455,0.6064026480904661,0.9235442962339465,0.09481289751321995
1456,0.606549878430326,0.9235533620011416,0.09478044763005145
1457,0.6065545350267164,0.9235313220796226,0.0947174767810443
1458,0.6065871171151497,0.9235615400225875,0.09468573533528442
1459,0.6065978984967396,0.9235616168836913,0.09465666901239925
1460,0.6067094632176956,0.9235927955904539,0.09460798847907176
1461,0.606746288775688,0.923631679622874,0.09459241153830517
1462,0.6067706831844779,0.9236553259414626,0.09458319493745922
1463,0.6067815894217008,0.9236501416600102,0.09458393676465923
1464,0.6067716672717949,0.923663311810149,0.0945688161961231
1465,0.6066954011031885,0.9236348386142407,0.09454896715400639
1466,0.6069394503150677,0.9237317105064341,0.0943418815791637
1467,0.606974842556403,0.9236795256599988,0.0943366433304519
1468,0.6069355451657399,0.923651990169557,0.09431627854287188
1469,0.6070083445005268,0.923680797711267,0.094276372853505
1470,0.6070622747016028,0.9236348885739583,0.09424089992633576
1471,0.6070648825145019,0.9236344427795561,0.0941999738541042
1472,0.6071590585713043,0.9236680502971992,0.09414287232669477
1473,0.6072045747943332,0.9236935758697762,0.09412576922074087
1474,0.6072077060403801,0.9237196471561903,0.0941053642909593
1475,0.6072635914696166,0.9237135866581545,0.09401956473039894
1476,0.6073144527519193,0.9237091402432988,0.09398407056161498
1477,0.6073353750863932,0.9237061580324707,0.09395644032453013
1478,0.6073679087596346,0.9237129256526616,0.09394576274906549
1479,0.6073083247016201,0.9236791797850317,0.09393398596037145
1480,0.6073919702824186,0.9237101855543106,0.09389477342768092
1481,0.607441552854202,0.9237415525707776,0.09387154188248639
1482,0.6074990357623755,0.9237789685561147,0.09384277694928594
1483,0.6074195953578104,0.9237148587094226,0.09383920427287207
1484,0.6074474059291631,0.9237110925153357,0.09383453454879276
1485,0.6074474059291631,0.9237110925153357,0.09385075012357263
1486,0.6075009088519929,0.9237106620931543,0.09384004703668965
1487,0.6075967832201267,0.9237008277149211,0.09379471619231988
1488,0.6076163017678643,0.923697964638804,0.09377112167025368
1489,0.6075608915968027,0.9236904168784094,0.09375051747739775
1490,0.6075611488493555,0.923710677465375,0.09371980482062693
1491,0.6074740353350337,0.9236630889129479,0.09371358704386679
1492,0.6075020565208319,0.9236618091755694,0.09370468345121966
1493,0.6076111604872844,0.923673465161963,0.09367931372049741
1494,0.6075945836768217,0.9236841065817862,0.09368004041853861
1495,0.6077391278714586,0.9236962698514649,0.09366480756776122
1496,0.6077139233678986,0.9237310264426101,0.09363170421130508
1497,0.6076999241177574,0.9237255846764599,0.09362788337366554
1498,0.607698643790332,0.9237241089432667,0.09365518785700386
1499,0.6077152800832389,0.9236904322506302,0.09366662429959721
1500,0.6077465968994277,0.9236581198425863,0.09364581405294833
1501,0.6079195295335735,0.9236745220021404,0.09360946542833234
1502,0.6079284570803214,0.9236651487905302,0.09358456940327609
1503,0.6079892908783606,0.9236804633654654,0.09357194001013582
1504,0.6080907767600144,0.9237001590233179,0.09353941141967145
1505,0.6080894387890204,0.9236886298577457,0.09350900277102427
1506,0.6080473292982961,0.9236835647110043,0.09351353518721618
1507,0.6080414351388317,0.9236832495804786,0.09351309035280851
1508,0.6082214374418171,0.9237115190944618,0.0934853510348463
1509,0.6083591742613886,0.9237295776108032,0.09346141075335034
1510,0.6082505456664661,0.9237079642684104,0.09346202228989602
1511,0.6082939762636977,0.9237127142846262,0.09344455897979412
1512,0.6084448099908852,0.9237411913235897,0.09338091990089774
1513,0.6084599211585451,0.9237514023212314,0.09337685356956196
1514,0.6085656939897681,0.9237831113696103,0.09334135903830212
1515,0.6085793374405736,0.9237578701831175,0.09333192381525413
1516,0.608643292519292,0.923751413850397,0.09331522253834787
1517,0.6086862023535442,0.9237625164368432,0.09329875564398674
1518,0.6087757853982325,0.9237142976233648,0.09326808128547709
1519,0.6087442688918391,0.9236710286649721,0.09325965825630815
1520,0.6087368671217206,0.9236779307920946,0.09323952873472556
1521,0.6087292525059995,0.9236869619717929,0.09321296977956743
1522,0.6086824456930289,0.9236450150243858,0.09320028077261584
1523,0.6087134760370451,0.9236375979278677,0.09318932560982969
1524,0.6087110762505912,0.9235874460576283,0.0931601382686241
1525,0.6087085409879295,0.9235548300482245,0.09314788049684226
1526,0.6087373003433687,0.9235663745860174,0.09313915884847453
1527,0.6087686281800583,0.9235798982972337,0.09311939552049903
1528,0.6088315504378358,0.9236074145723995,0.09309186977250447
1529,0.6087053060884786,0.9235851940272866,0.09310797979017109
1530,0.6086735085129276,0.9235945326514001,0.0930831907946767
1531,0.6091276135227692,0.9235450456297087,0.09255142397661227
1532,0.60917498696614,0.9235788414570563,0.0925291032292989
1533,0.6094896479995457,0.9235654484097164,0.09225734200096801
1534,0.6094507978424747,0.9235382434220212,0.09224375037581638
1535,0.6093676505473354,0.9234923035402709,0.09224767263830629
1536,0.6093214804361137,0.9234643376276478,0.09218401626857327
1537,0.6094760912456966,0.9235007352033594,0.09212639955293979
1538,0.6095341918565272,0.9235162842046611,0.09207739853009858
1539,0.6095399345721126,0.9235166185504627,0.09208822185517217
1540,0.6095784669278287,0.9235309800477106,0.09205943489290806
1541,0.6096726353349738,0.9235276135313635,0.09201470804512933
1542,0.6096603704503946,0.9235182633780844,0.09200718859813717
1543,0.6096662688684774,0.9235049395057381,0.09200302760854699
1544,0.6097051718217732,0.9235736149019969,0.09196843838757013
1545,0.6097489245259914,0.9236082984750934,0.09195654300448512
1546,0.6097694961780075,0.9235762012781402,0.09194130542056907
1547,0.6098374591318675,0.9235456182449322,0.09186869543361496
1548,0.6098015388108137,0.9235089708706332,0.09186545101459456
1549,0.6098015388108137,0.9235089708706332,0.09190655053653103
1550,0.6098053269811696,0.9234975800550478,0.09189227573110628
1551,0.6098962337117888,0.9234917539833786,0.09184420953562882
1552,0.6098220062594206,0.9234808512358024,0.09184307283145887
1553,0.609771618806491,0.9234375515329682,0.09186053346755375
1554,0.6097711612505436,0.923465671167799,0.09184069479579908
1555,0.6098426711128803,0.9234717508811107,0.0918162491132201
1556,0.6099050223611662,0.9234818965468143,0.09175446781372644
1557,0.6098885205136283,0.9234956200969004,0.0917853157946128
1558,0.6099311998249172,0.923485193888168,0.09178715499400981
1559,0.6100075259664692,0.9234459293932841,0.09174349477823689
1560,0.6100436445275402,0.9234606021780023,0.09171273245582422
1561,0.6100127921471151,0.9234555946770888,0.09171054481567387
1562,0.6100103251523016,0.9234402532007673,0.09169470449945942
1563,0.6100845208762509,0.9234530159870558,0.09167137323250224
1564,0.6103015002270028,0.9233572701100333,0.09116871328236084
1565,0.6102712773057237,0.923346121406925,0.09115931601369932
1566,0.6103396220598739,0.9233575275947311,0.09115236954543603
1567,0.6103840894681466,0.9233410677893491,0.09110784902258748
1568,0.6104233245171495,0.9233347805510571,0.09108580562155
1569,0.6104443481541165,0.9233288122863458,0.09107570884362544
1570,0.6105132456233662,0.9233228363355243,0.0910597257593712
1571,0.6105038790746604,0.9233022798333088,0.09104300726702391
1572,0.6104828082444727,0.9232698713488853,0.09104194455706693
1573,0.6106657338840688,0.923276293094109,0.09101248138705566
1574,0.6105945802171776,0.923267469439391,0.09099453423762655
1575,0.6107020758980285,0.9233334239525748,0.090957791212807
1576,0.6107515359838191,0.9233029907985192,0.09089399317794163
1577,0.6107793264147198,0.923314854309893,0.09087002612988601
1578,0.6107511394997982,0.9233231015063323,0.09085496186728578
1579,0.6107357367830035,0.9233241276020683,0.09083713717995202
1580,0.6107773208222024,0.9233348689413264,0.09079424572192589
1581,0.6107803953773505,0.923309777633986,0.0908186675367337
1582,0.6110837301300801,0.9233781417427743,0.0906551463173318
1583,0.6111902140984271,0.9234085095648916,0.09063286997029264
1584,0.6111563769894137,0.9234045281597141,0.09063349427849005
1585,0.6111344893280171,0.9233924302219736,0.09063218146088768
1586,0.6111986390779495,0.9234216874011407,0.09058907962574267
1587,0.6112244236094241,0.9234926032985757,0.09055517281134706
1588,0.6112936625454063,0.923513298150778,0.09054273849629736
1589,0.6113194291630007,0.9235182134183669,0.09054370937844156
1590,0.6112672743540566,0.9234955662941278,0.09054911829034228
1591,0.6112496621026369,0.923518436315568,0.09053120977538935
1592,0.6113394927125141,0.9235440810228559,0.09057230807119761
1593,0.6113758788414068,0.9235480585849783,0.0905602589948404
1594,0.6114451331862801,0.9235638035820949,0.09054552621428205
1595,0.6114593340580976,0.9236100585943707,0.09050683354962523
1596,0.6114631987117745,0.923571482006366,0.09049438888520024
1597,0.6114537005694627,0.9235405799995771,0.09050678270396184
1598,0.611443597496024,0.9235178060545167,0.09048888443768859
1599,0.6114639229513412,0.9235218873791293,0.09047045033593523
1600,0.6115027292184964,0.923532498054511,0.09044642211191797
1601,0.611556865779187,0.9235561020994926,0.09041402966228677
1602,0.611562127262403,0.9235726080215368,0.09039450489047517
1603,0.6116972880017791,0.9236193741601532,0.09036015845765118
1604,0.6116384168328914,0.9235879687131343,0.09035638475159728
1605,0.6116380198885631,0.9235867312493629,0.09035393874775405
1606,0.6116097795637235,0.9235478472169428,0.09033830629164538
1607,0.6116320960856443,0.9235378860178884,0.09031517573451767
1608,0.6115888669348324,0.9235276058452532,0.09029828405507086
1609,0.6115876710448558,0.9235128907869278,0.09029006766155642
1610,0.6115736802545464,0.9235060885792401,0.09027574792243151
1611,0.6115349818695175,0.9235105426802062,0.09026707316159803
1612,0.611575232884252,0.9234916348486677,0.09027065685303891
1613,0.6116459534241575,0.923503325422558,0.09025172172403138
1614,0.611686001190755,0.9235026913184514,0.09023623013296476
1615,0.611696699334552,0.9235318063045767,0.09022503733780747
1616,0.6117483296811977,0.9235297925436566,0.09018284101365633
1617,0.611600689730721,0.9234358413734083,0.0901577714911881
1618,0.6116651015965854,0.9234298077767589,0.0901376926363882
1619,0.6117567478823625,0.9234345039902019,0.09013202746729408
1620,0.6117942765388862,0.9234402147702154,0.09011313721933742
1621,0.6118389860982701,0.9234292812781977,0.09009161373937004
1622,0.611647880407616,0.9233256648241446,0.09002594414578338
1623,0.6116286582153987,0.9233456679264125,0.09001653379053007
1624,0.6116077718921819,0.9233584768293632,0.08999682700541493
1625,0.6117948161243146,0.923376462327656,0.08992274338868314
1626,0.6117316491449797,0.9233932872232811,0.08990742414308256
1627,0.6118774127298612,0.9233938444662838,0.08986659817419569
1628,0.6118438966297975,0.923393748389904,0.08985583579236515
1629,0.6118434116169105,0.9233860968670192,0.089835382397932
1630,0.6118572740298485,0.9233780840969464,0.08981143313918429
1631,0.6118778212534414,0.9233807857647456,0.08980347777852302
1632,0.6118417401853975,0.9233612976318732,0.08979226588859063
1633,0.6118554913797392,0.9233618625609863,0.08978665504900228
1634,0.6120719176321525,0.9233798250009478,0.08969989933862678
1635,0.6120858454816906,0.9233903165416186,0.08968597340540325
1636,0.6121246866407202,0.9234112381340771,0.08966501935799644
1637,0.6121280428979387,0.92338792616129,0.08964998208677565
1638,0.6122285586091046,0.9233887793195423,0.08961638866554696
1639,0.6122513316772662,0.9234164608460813,0.08959637436613797
1640,0.612240500415727,0.9234345308915882,0.08957859335882558
1641,0.6122554478189108,0.9234466826321014,0.0895696244910864
1642,0.6123062920178013,0.9234352341706882,0.08955394627551566
1643,0.612312991089089,0.9234084788204502,0.08953236344656468
1644,0.6123484335469126,0.9234448341225546,0.0895127417219824
1645,0.6123879400567608,0.9234464443626796,0.08948172145464811
1646,0.6124364149560393,0.9234487386666285,0.08945927815125473
1647,0.6124804161321307,0.9234638111290866,0.08943587112349057
1648,0.6124962438837724,0.9234380665023637,0.089423732273309
1649,0.6126565125997184,0.9234231900357204,0.08937533382013547
1650,0.6127868655102696,0.9234466057709976,0.08934037786404339
1651,0.6128072852556218,0.9234874689768409,0.08931953891066413
1652,0.6128484349585789,0.9234994516229257,0.08929788971716916
1653,0.6129913269975955,0.9234899054738318,0.0892861970749446
1654,0.6130108480807663,0.923486504369988,0.08927753742485137
1655,0.6131323296332853,0.9234855090186936,0.08925422532270103
1656,0.6130648110267105,0.9234946516469924,0.08924979217809864
1657,0.6130830732409797,0.9235329784364098,0.08922313073461127
1658,0.6130688831941877,0.9235326517767186,0.08922980003259023
1659,0.613187338938364,0.9235629734821736,0.08919149351920298
1660,0.613262566248522,0.9235713282841583,0.08917518374333601
1661,0.6130679924088358,0.9235399458954706,0.08918364248135893
1662,0.6131219147359204,0.9235428051285326,0.08917298628288535
1663,0.6134078020755077,0.92357730423498,0.08905234783270077
1664,0.6134301478824937,0.9235953704374317,0.08902899650590308
1665,0.613474608061712,0.9236172604797982,0.08899947841987117
1666,0.6134906197765487,0.9236267412969538,0.08899274238800463
1667,0.6136059396199449,0.9236167186090163,0.0889699106957219
1668,0.6135757806204715,0.9236123298399885,0.08897898781465764
1669,0.6135403545005078,0.9235930492320965,0.08897734960145043
1670,0.6135308885563123,0.923615865450764,0.08895884800258037
1671,0.6135405261391167,0.9236241626069208,0.08894870976770954
1672,0.6135858538755581,0.9236397077651675,0.08872491760451283
1673,0.6135578026950196,0.9236094552347058,0.08873851587421248
1674,0.6136298043917334,0.9236207038572491,0.08869962912994186
1675,0.6136933123064288,0.9236071916751984,0.08867594139342908
1676,0.6136539043755139,0.9236116111886679,0.08865396670825482
1677,0.6136889679792775,0.9236064922391537,0.08862505032323062
1678,0.613766034555102,0.9236128255941081,0.08860194404443895
1679,0.6136858778827823,0.9235641340848413,0.08859546785686133
1680,0.6137326939321622,0.9235482661099587,0.08858509936723136
1681,0.613712882246808,0.9235067688000088,0.08858516925538548
1682,0.6137847690640796,0.9235212840194643,0.08855029662349514
1683,0.6138647440236958,0.9235698525509651,0.08852184891991925
1684,0.6140050002937844,0.9235969153456184,0.08849455906868149
1685,0.6140575529976919,0.9235617283322918,0.08849178762591747
1686,0.6141231650218179,0.9235748216213268,0.08849146226786496
1687,0.6140977196512031,0.9235659134193945,0.08848357496106485
1688,0.6140304518238558,0.9235520438332111,0.08848622775731343
1689,0.6140738204180216,0.9235713859299862,0.08846479180417832
1690,0.6140432528440074,0.9235520361471008,0.08844113186643279
1691,0.6140293587595933,0.9235415907230923,0.08844350046801717
1692,0.6139462242124124,0.9234380549731982,0.08846538796467207
1693,0.6140087471085061,0.9234516248010768,0.08844364210073387
1694,0.6140499768338612,0.923480159485868,0.08841642897391343
1695,0.6140866505800444,0.9235187552891488,0.08839547090504392
1696,0.6141488754337606,0.923542209454978,0.08837626338610612
1697,0.6140722370875253,0.9235081522998775,0.08837839380385183
1698,0.614075815324379,0.9235072722402389,0.08836817931877203
1699,0.6140193204868497,0.9235116033634388,0.08836552472459966
1700,0.6141225721955172,0.9235122067231037,0.0883505271991721
1701,0.61412180355969,0.9235055274931823,0.0883544944344287
1702,0.6141436963123775,0.9235362680916531,0.08832296856075278
1703,0.6141702027850825,0.9235359760194586,0.08831731751536609
1704,0.6140557987187534,0.9235180520100489,0.08831878520501786
1705,0.613931784104906,0.9234411025159645,0.08834662320385914
1706,0.6139684443276907,0.9234630809486004,0.08833324607694425
1707,0.6139515291102995,0.9234490845415957,0.08834428963159088
1708,0.6140718679531296,0.9234538191855907,0.08831870662516356
1709,0.6140513450598503,0.9234509407372528,0.08831211785820542
1710,0.6141913182712856,0.9234905280487727,0.08825071822273889
1711,0.6141639292913734,0.9234706171798295,0.0881548273418064
1712,0.6141259707721798,0.9234413523145518,0.08815843585374475
1713,0.6142082086299827,0.9234211416873037,0.08814545690706804
1714,0.6141734099159831,0.9234114571882229,0.08816811523815411
1715,0.6142023293939541,0.9233908430401798,0.08816344484499805
1716,0.6142172872773111,0.9234100775314095,0.0881449494304339
1717,0.6142824580784082,0.9234639417929631,0.0881077106522596
1718,0.6143096227528533,0.9234594300461691,0.08809787820587946
1719,0.6143209982894553,0.9234577237296645,0.08808291897288538
1720,0.6144090481493443,0.9234537307953212,0.08804868834288575
1721,0.6144471316650046,0.9234773309972477,0.08802991777388024
1722,0.6144817074616796,0.9234421708853074,0.08802451851816709
1723,0.6144926542857044,0.9234140012907592,0.08801161607048966
1724,0.614445709654189,0.9234406567215623,0.08799705906914963
1725,0.6145018337279512,0.923469156818857,0.08797955434499419
1726,0.6145266389541882,0.9234834491411114,0.08796884325907543
1727,0.6145125968140858,0.923478929708207,0.08795823789279482
1728,0.6145361140512132,0.9234649602025886,0.08793536210545397
1729,0.6145163000093324,0.9234482544416744,0.08793450399620562
1730,0.6145439010526765,0.9234566937908734,0.08793670645139935
1731,0.6145655779139138,0.9234410179687502,0.08792648684763256
1732,0.6145611644390571,0.9234293504531911,0.08792144755248982
1733,0.6145791290088904,0.9234302497281057,0.08791397906194393
1734,0.6145736700382253,0.9234482775000056,0.08789305408574613
1735,0.6146181751981746,0.9234548952410441,0.08786821368122529
1736,0.6146768215836002,0.9234740490281148,0.08783819024604635
1737,0.6145656942537672,0.923472461846321,0.08782671597375659
1738,0.6145983066310702,0.9234787529276682,0.08782314234181643
1739,0.6145162106795116,0.9234275250019756,0.08782989729135052
1740,0.6145282894718691,0.923442363038067,0.08780021433318724
1741,0.6145500299537987,0.9234438272420947,0.08777719575371154
1742,0.6145952107195537,0.9234815352996264,0.08775137797932062
1743,0.6146152340559343,0.9234857703464466,0.08773399766829015
1744,0.6146700618961946,0.9234934257123866,0.08772323667373684
1745,0.6146362468367599,0.9234946132164406,0.08772692244392219
1746,0.6147557194786532,0.9234928915277151,0.08769828215067464
1747,0.6147228049596576,0.9234694027743892,0.08770147022250592
1748,0.6148345431937536,0.92354869653214,0.08766068461095547
1749,0.6148369290478667,0.9235685804996969,0.08764731568040546
1750,0.6148012514645887,0.9235259379593004,0.08761184517759331
1751,0.6148027775199456,0.9234991595507311,0.08756858005092115
1752,0.6148265269004308,0.923494178951204,0.08755669220464529
1753,0.6148247011665583,0.9234591418170298,0.08755344093877031
1754,0.6147611368576862,0.9234290699101622,0.08754531678436075
1755,0.6147217069266905,0.923436560024729,0.08753485479612652
1756,0.6148292857191,0.923454368742483,0.08750150055594295
1757,0.6148995684961,0.9234446150684088,0.0874824475763301
1758,0.6149073167910484,0.9234564324631204,0.08746658959350115
1759,0.6149142443401537,0.9234653445081077,0.08743888882956298
1760,0.6148864853208268,0.9234513135136063,0.08742992905973944
1761,0.6148450229941905,0.9234261184437758,0.08742896429271294
1762,0.6149888583286194,0.923412667750608,0.08740447841009821
1763,0.6150068884065809,0.9234036634722962,0.0873909100037095
1764,0.6150227741814934,0.9233598180556248,0.08738000173739952
1765,0.6150078881586869,0.9233541034325562,0.08737560914304801
1766,0.6150645734978877,0.9233697254519065,0.08736094584743476
1767,0.6152832183940419,0.9233405374477328,0.08693852603809812
1768,0.6153338032464991,0.9233345038510833,0.08692389374817755
1769,0.6153317224275184,0.9233406527393886,0.08692302097556553
1770,0.6153502583033683,0.9233441768209985,0.08691442011033959
1771,0.6152939019108576,0.923306069085727,0.08685632188492087
1772,0.6153594202540025,0.9233044473164365,0.08682508769808087
1773,0.6154900441437506,0.9233451990736792,0.08668274761895862
1774,0.615535930208008,0.9233649254759734,0.08666621488693266
1775,0.615417463795096,0.9233361525217602,0.08666642160423692
1776,0.6154480054375645,0.9233486693525165,0.08667227245073898
1777,0.615419575824653,0.9233287238960765,0.08667112626454614
1778,0.6154373557932998,0.923340118554717,0.08666219534109292
1779,0.6154133530246343,0.923298133176758,0.08665987496864092
1780,0.6153914837225753,0.9232873687791687,0.08666072066897135
1781,0.615413060577967,0.9232930295994647,0.08664918426401164
1782,0.6154124251800825,0.923320253802436,0.08663669787649092
1783,0.615503354469752,0.9233463750485675,0.0865806020934678
1784,0.6155056116448681,0.923340299178311,0.08658341938258239
1785,0.6154632878610361,0.923334899685768,0.08658585045941866
1786,0.6155477906238082,0.9233460253305452,0.08654937103323126
1787,0.6155818006394689,0.9233400762811099,0.08652893611016196
1788,0.6156544013815932,0.9233223559536253,0.0865148124778419
1789,0.6157176072009558,0.9233520512410843,0.08648938702942328
1790,0.6156909767104141,0.9233282396711224,0.08650242060420041
1791,0.6156708141470331,0.9233155575889929,0.08649020721232283
1792,0.6156262777999418,0.9233044742178228,0.08648532821241049
1793,0.6156494962970231,0.9233078176758387,0.08646795782597476
1794,0.6156258544304206,0.9232962885102665,0.08645321665072082
1795,0.6156752128811487,0.9232984559933941,0.0864332383002194
1796,0.6156769987715615,0.9233232975021471,0.08640563167425964
1797,0.6160754520264015,0.9233344000885931,0.08617439006876614
1798,0.616160835457682,0.9233578042947048,0.08617893377993728
1799,0.6161671221058271,0.9233626926609075,0.08616510780426571
1800,0.6162619944249258,0.9233967767173943,0.0861124019061809
1801,0.6163281790926535,0.9234276172353001,0.08608990004784317
1802,0.6164842718499166,0.9234097085981112,0.08606285962303256
1803,0.6164992175322485,0.9234190087916728,0.0860703244363072
1804,0.6165981382086203,0.92344343140741,0.0860368543244611
1805,0.616594379365803,0.9234489577207744,0.08604743508323057
1806,0.616594445066902,0.9234632231416424,0.08603979099608254
1807,0.6165878582813965,0.9234148390767909,0.08601967079970788
1808,0.616526734716481,0.9233847517977024,0.08602369979330517
1809,0.6164813157169403,0.9233872344113556,0.0860209895789058
1810,0.6164992793301456,0.9233737337584705,0.08600738243488353
1811,0.6165196571856707,0.9233831454006327,0.085992381668089
1812,0.6165596256398596,0.9233655980106317,0.08598178035894727
1813,0.6167377876682747,0.9234118338076317,0.0859292598368547
1814,0.616734491748187,0.9233967382868424,0.08592446776742167
1815,0.6168367446756033,0.9234318138515684,0.08590337583385632
1816,0.616882452596905,0.9233923456747594,0.08590468229133677
1817,0.6168981971369895,0.9233931142857975,0.0858872538672536
1818,0.6169126703643284,0.9233652021759471,0.08588602038600004
1819,0.6169778894143629,0.9233771848220318,0.08588005074115274
1820,0.6169660178010331,0.9233483273206045,0.08587121321900536
1821,0.6169878827946548,0.9233603214958548,0.08585365068163853
1822,0.6170402166195125,0.9233806205133723,0.08584861599174184
1823,0.617111005558353,0.9233712626739828,0.08583402321949617
1824,0.6169664070130887,0.923317513704085,0.08583105670013796
1825,0.6169616685891184,0.9233498722287912,0.08580271572289794
1826,0.6169481515037607,0.9233207457135004,0.08580165974914869
1827,0.6169598364323071,0.9233016418861472,0.08580976257235134
1828,0.6170040789235418,0.9233721427336216,0.08578967457549833
1829,0.6171470852660135,0.9233746522486611,0.08576955089651948
1830,0.6173141007754356,0.923409301234261,0.08572772309668976
1831,0.6173321832047408,0.9234214376025534,0.08569751558550487
1832,0.617352106610647,0.9234208765164955,0.08568960027863817
1833,0.6173407793001707,0.9233978566159029,0.08568202974854182
1834,0.6173271197198503,0.923388510305679,0.0856610525166413
1835,0.6173230703166624,0.923391269619306,0.08565243189016473
1836,0.6171950951862724,0.9233832030464606,0.08564780191570392
1837,0.6171642639585421,0.9233800017814867,0.08564163535288218
1838,0.6172169275052591,0.9233715739614533,0.08563595275830467
1839,0.6172815864390254,0.9234020878196679,0.08563578831249292
1840,0.6173196319023965,0.923406299808157,0.0856287856804437
1841,0.6172710255341377,0.9233957928952655,0.08562664876609788
1842,0.6172798794682457,0.9233523394702237,0.08564017201054143
1843,0.6173527518202578,0.92337664295125,0.08561233604323626
1844,0.6173864372780908,0.9233682804631549,0.08560161843573513
1845,0.6173553390587108,0.92336848414508,0.08559749457170848
1846,0.6172476043550982,0.9233920459164545,0.08558659578300848
1847,0.6172679593669801,0.9233783646399754,0.08558273917950165
1848,0.6172433111853619,0.9233964193132616,0.0855712221719464
1849,0.6172405738155581,0.9233896516930706,0.08556949642381657
1850,0.6172418303528378,0.9233841369088719,0.0855617544532843
1851,0.617216283655448,0.9233881529015463,0.08556017462361733
1852,0.6172130295299318,0.923371082050389,0.08555518408075302
1853,0.6171820852705077,0.9233800017814867,0.08554883932873786
1854,0.6171791135819745,0.923368929939482,0.08550155932472933
1855,0.6170283673993312,0.9233308952222592,0.08551457649402387
1856,0.6170437817545388,0.9233285932322,0.08550785450565758
1857,0.6170624312526628,0.92334672476659,0.08548516280306363
1858,0.6171377254886882,0.9233538882214655,0.08547051526950103
1859,0.6171894945819882,0.9233393038270166,0.08545186188626208
1860,0.6171945512519914,0.9233278937961552,0.08545165488955973
1861,0.6172361054882265,0.9233475010637384,0.08543187359408395
1862,0.6173205241794663,0.9233824305923672,0.08540910219527449
1863,0.6173188380908292,0.9233908622554557,0.08538098793850137
1864,0.6173128136229574,0.9233950473425585,0.08537446953090663
1865,0.6174191977519455,0.9234284703935525,0.08535197960502933
1866,0.6174550202682556,0.9234161879891628,0.08533578718456791
1867,0.6174205041995771,0.9233801670328599,0.085306734896965
1868,0.6174165532083491,0.9233717853294888,0.08529581248414399
1869,0.6175113849927688,0.9233231399368843,0.08528357897814612
1870,0.6175113849927688,0.9233231399368843,0.08530036101709372
1871,0.6174611029053312,0.9233104078950373,0.08529804887486057
1872,0.6174847671836837,0.9233185859164832,0.08528966677260749
1873,0.6174166476681013,0.9233302841764839,0.08527610919595043
1874,0.617478833708975,0.9233401762005449,0.08528087210368283
1875,0.6174769657324131,0.9233366290606039,0.08526192773906069
1876,0.6175416346292983,0.9233326130679295,0.08524347730255072
1877,0.617589572367004,0.9233492573399606,0.08521628019338608
1878,0.6175502910799336,0.9233611592818864,0.08521917959329837
1879,0.6175688498240122,0.9233725231960854,0.08521713406815995
1880,0.6175508195270364,0.9233561402518072,0.08522215839649117
1881,0.6175544148325651,0.9233916654539907,0.08519854409801846
1882,0.6175166870169525,0.9233878493001861,0.08520812088998243
1883,0.6175795623872992,0.923393325653833,0.08518575178807597
1884,0.6175853818956099,0.9233919882706266,0.08517995939633978
1885,0.6176875316050824,0.923382123147952,0.08516812620868303
1886,0.6177450512718348,0.9234098085175462,0.08514259917676466
1887,0.617692899934874,0.9233982524505876,0.08515350389129887
1888,0.6177520949741262,0.9234139590171522,0.08513704871205682
1889,0.6177185514405029,0.9234030601126312,0.08513100652730442
1890,0.6177848738782816,0.9233987597338728,0.08512713555167482
1891,0.6177666666979873,0.9233992016852197,0.08513104268914251
1892,0.6177130882140263,0.9234204998970869,0.08510396850606321
1893,0.6177415363815755,0.9234187628361405,0.08509344834778346
1894,0.6175966558626,0.9233614090804738,0.08510184614017004
1895,0.6176848867628608,0.9233585383182463,0.08508277797751691
1896,0.6176749187237446,0.9233597719389626,0.08508594096241105
1897,0.6177395554650879,0.92337815327194,0.08506217064082718
1898,0.6176926856721713,0.92338671944196,0.08506306847784488
1899,0.6177043427636006,0.9233924686525254,0.08505612100980733
1900,0.617724113804557,0.9233669392368933,0.08505727303136229
1901,0.6176721117131777,0.9233399802047302,0.08504622447865233
1902,0.6177752277019672,0.9233676655743244,0.08500569300129611
1903,0.6177964334904422,0.9233974108215007,0.08497985521272075
1904,0.617905520570752,0.9233570510558875,0.08501750816559966
1905,0.6178652350206318,0.9233202807038223,0.08501014009915303
1906,0.617922631817947,0.9233263565740789,0.0849742995691987
1907,0.617979686300075,0.9233400263213924,0.08496195314318439
1908,0.618008954057837,0.9233219370606096,0.08495380857910918
1909,0.6179924276511095,0.9233185897595384,0.08494012352057623
1910,0.6179857112957704,0.9233125830642753,0.08494038733865676
1911,0.6180627241678575,0.9232651213326695,0.08493092659430959
1912,0.6180304200584292,0.9232531117851983,0.08493135551898164
1913,0.6180035560684651,0.9232736644443585,0.08492261513660414
1914,0.6180048079543062,0.9232727036805608,0.08491380036600284
1915,0.6179934905894204,0.9232606557025378,0.08491341926551942
1916,0.618003065989912,0.9232550333127938,0.08490209746760279
1917,0.6180799926836369,0.9232617894038191,0.08488909739213604
1918,0.6180703553834728,0.9232738066374006,0.08487986510757212
1919,0.6180179475866181,0.9232684263601335,0.08487970829066976
1920,0.6180568584292733,0.9232783452855808,0.08486626059830017
1921,0.6180501146062499,0.9232712010459813,0.0848603731606025
1922,0.6180020452256567,0.923247585471834,0.08486382931777223
1923,0.6180708632113765,0.9232724154514215,0.08484804150118097
1924,0.6181316013798901,0.9232766581843521,0.08483699167334056
1925,0.6181192374090156,0.9232719465986883,0.08482672799917516
1926,0.6181146173747113,0.9232501795340878,0.08479991223860384
1927,0.6180850673120653,0.9232372322811502,0.0847925839936095
1928,0.6182639341330188,0.9232791792285573,0.08476774807279303
1929,0.6183514009382884,0.9232954161367382,0.08473488578518618
1930,0.6184083307677471,0.923318259256792,0.08471879053834332
1931,0.6184133242603912,0.9233289813807742,0.08469347969603154
1932,0.6183695973490916,0.9233444112473651,0.08468859323712717
1933,0.6184650286250956,0.9233799210773277,0.08443041333966118
1934,0.6185060622457123,0.9233194506039012,0.08443015584088216
1935,0.6185233552435699,0.9233137628822189,0.08443296808342429
1936,0.6185136452066352,0.9233300305348413,0.08442149394846221
1937,0.6184932849509905,0.9233079598688808,0.0844189996334767
1938,0.6185212007813057,0.9233037670956676,0.0844130579828848
1939,0.6185572554036438,0.9233041590872971,0.08440898777541894
1940,0.6186055644957368,0.9233368673300256,0.08439420191941334
1941,0.6186807937115426,0.9233331549387114,0.0843558835649775
1942,0.6187015213766662,0.9233247693922851,0.08435203199485986
1943,0.6187099183448684,0.9232857316376575,0.08435182932050972
1944,0.6187183947206936,0.9232655863423476,0.08434937269456262
1945,0.618720331720334,0.9232443035027011,0.08433230157893627
1946,0.6187908940295158,0.9232037707996043,0.08432310854080899
1947,0.618824591898657,0.923227578526511,0.08431333118262156
1948,0.6188488601911816,0.9232379470894156,0.08430145310732319
1949,0.6188060502840605,0.9232452296790021,0.08430253001117055
1950,0.618883746643423,0.9232680074671177,0.08428952290654121
1951,0.6189267999301113,0.923290174209458,0.08427692943096603
1952,0.6188798885578585,0.923277945607841,0.0842741961505579
1953,0.6187247875090466,0.9232791792285573,0.0842214311270783
1954,0.6186833664895657,0.9232785374383404,0.0842188310494777
1955,0.6187155400226704,0.9232879413943922,0.08420915918582181
1956,0.6187584860317658,0.923285823870982,0.08420240947164352
1957,0.6187836113240839,0.9233114070893869,0.0841715454898566
1958,0.6187904134116954,0.9233384352965435,0.08415679208450474
1959,0.6187391751863018,0.9233248693117201,0.08415113357626688
1960,0.6187391751863018,0.9233248693117201,0.08416697789418118
1961,0.6188397180891098,0.9233520627702498,0.08415510830294003
1962,0.6188391791339238,0.9233151463820876,0.08415729779392342
1963,0.618741852837582,0.9233305800917335,0.08415539911995734
1964,0.6187162960933851,0.9232883141707456,0.08416032820318513
1965,0.6188566124546152,0.9233176635832374,0.08411208244685468
1966,0.61882006286688,0.9233279745003142,0.08410456525971648
1967,0.618795070365606,0.9232794828299173,0.08411043307220259
1968,0.618803940680786,0.9232921072662189,0.08409681616225177
1969,0.6187894666858407,0.923261747130212,0.08409314714228935
1970,0.6188252866667321,0.9232752938997594,0.0840742114663547
1971,0.6188445312424572,0.9232636840300281,0.08406899602555695
1972,0.6188841697598302,0.9232611706719334,0.0840455986546396
1973,0.6188937230597982,0.9232508520687462,0.08402771354663047
1974,0.6189294545931074,0.923250364000737,0.08401554201768131
1975,0.61907933736228,0.9232783721869672,0.08398551731223303
1976,0.6190777718499814,0.9232721771819997,0.08397197935840484
1977,0.6191546080473038,0.9233122525615288,0.0839431176292627
1978,0.619168894552787,0.9232988326128028,0.0839255086562031
1979,0.6191940499505693,0.9233146237265816,0.08391434045569046
1980,0.61917417710948,0.9233549412185877,0.08390663757308167
1981,0.6192942456226989,0.9233968535784981,0.08388507462273646
1982,0.6193534882972721,0.9234033637139912,0.08387723830088246
1983,0.6192409275329156,0.9233266947629357,0.08394923434591366
1984,0.6191943619863077,0.9233129097239665,0.08394769336977012
1985,0.619177908031466,0.9232943400812847,0.08394086381406857
1986,0.6191943250638055,0.9233269253462472,0.0839375869569451
1987,0.619146057178188,0.9233054272955101,0.08393490732358455
1988,0.6191775608698423,0.9232951240645437,0.08392771559247852
1989,0.6191834085192008,0.9233119758615551,0.08391606290904406
1990,0.6191509140872836,0.9233448608848224,0.08390369854151512
1991,0.6192101667673496,0.92333937300201,0.08389250857117321
1992,0.6192233041851619,0.9233266640184942,0.08388385555466933
1993,0.6191972666731617,0.92331791722488,0.08389061775514352
1994,0.6191696430199259,0.9233202691746568,0.08388955849276337
1995,0.6190974856051306,0.9233248308811682,0.08388490393054315
1996,0.6190854799930434,0.9233006426917976,0.08387917387428913
1997,0.6191059752176299,0.9232676539060402,0.08387673075453425
1998,0.6191232702897523,0.9232691488545094,0.08387801918960756
1999,0.6191437642124448,0.9232583152819266,0.08387039105954557
2000,0.6190766916586279,0.9232566281806979,0.08387439168471388
2001,0.6190660657063999,0.9232366788812028,0.08387066091643886
2002,0.6190104674769632,0.9232551486044495,0.08386732565733365
2003,0.61905093852567,0.9232311295095073,0.08384104642411656
2004,0.6190478920978915,0.9232164989983961,0.08384596263005405
2005,0.6191119128783934,0.9232476777051586,0.0838299341242725
2006,0.619273090388705,0.9232869229847667,0.08380058741065864
2007,0.6192799973816479,0.9232804781812117,0.08379581976742065
2008,0.6192362511044236,0.923253768947636,0.08380308083019139
2009,0.6191474586748904,0.923230118785992,0.083801881686311
2010,0.6191506477310644,0.9232182360593423,0.08379211419824656
2011,0.6192303560019079,0.9232238661351967,0.08378011940569313
2012,0.6191827151092538,0.9232161723387048,0.08377150438989767
2013,0.6191908442956637,0.9232082479589016,0.08377309644992913
2014,0.6192329647825574,0.9232276246431733,0.0837393571878286
2015,0.619270863438929,0.9231950278490453,0.08373613904273905
2016,0.6191709730782052,0.9231745289926578,0.08373913474600193
2017,0.6191818392130682,0.9231547449445359,0.08373338319371959
2018,0.6192023813191547,0.9231474200813422,0.08372121384127447
2019,0.619174838868451,0.9231657014948846,0.08370707583004766
2020,0.619209537013887,0.9231611782189252,0.08371360016351373
2021,0.619028408345838,0.923119108293752,0.08374509190557644
2022,0.6190264487166857,0.9231156956607426,0.08374032384390913
2023,0.6190068243868097,0.9230828413819169,0.08374934721297046
2024,0.6191454180084003,0.9231426354776298,0.08356142323150202
2025,0.6191738885344111,0.9231297189691337,0.08355177760103691
2026,0.6191352253618697,0.9231202227797572,0.08355230138114687
2027,0.6191948588350606,0.9231250304418009,0.08352543101315976
2028,0.6191916700701274,0.9231485922131755,0.08351543207676182
2029,0.6192579540824147,0.9231397685584575,0.0835044184489988
2030,0.6195217430926212,0.9232530272379842,0.0833566295715952
2031,0.6193865898531112,0.9232366865673131,0.0833733356910422
2032,0.6193486107232703,0.9232368326034104,0.08337266623541223
2033,0.6193654600770777,0.9232266446640996,0.08337161757677435
2034,0.6193769943793553,0.9232105614781263,0.08333375556560849
2035,0.6194463859908498,0.9232135244736784,0.08330980816471935
2036,0.6194738495123634,0.9232187779301242,0.0833034675267664
2037,0.6194438935825882,0.9232244272212545,0.08329979106979077
2038,0.6194275838354995,0.923225968286386,0.08329806594203312
2039,0.6195208392251047,0.9232291464930288,0.08329912236620371
2040,0.6195932569175604,0.9232315599316886,0.0832846790058597
2041,0.619671754077772,0.9232501949063086,0.08326650734589067
2042,0.6196072563376803,0.9232403682141859,0.08327403455193645
2043,0.6196554688453604,0.923245306540106,0.08328002095823511
2044,0.6196356622788498,0.9232287314430683,0.08327964750044557
2045,0.6196477335078836,0.9232322170941263,0.08327223184713432
2046,0.6196477335078836,0.9232322170941263,0.08327527554031457
2047,0.6196981005042735,0.9232348611160974,0.08325356941817898
2048,0.6196169146554031,0.9232139318375286,0.08326190446432098
2049,0.6196443470717884,0.9232286199944677,0.08324480688215571
2050,0.6196920843719679,0.9232274401765241,0.08323010864034605
2051,0.6196527113977784,0.9232279397736989,0.0832207628165489
2052,0.6196964563481889,0.9232353799285482,0.08320816249938663
2053,0.6197776218111924,0.9232430045500467,0.08319876413069216
2054,0.6198245215487471,0.9232607709941936,0.08317579606777044
2055,0.6197950404108832,0.9232604020608952,0.08317868562126166
2056,0.6198103370810718,0.9232343692050331,0.08317470036746077
2057,0.619790478060046,0.9232060458882773,0.08324838289744434
2058,0.6197839077432147,0.9231941862199585,0.08323297324648309
2059,0.6198028475282411,0.923184828380569,0.08323839373696615
2060,0.619800361115448,0.9231858006735323,0.0832399543930566
2061,0.6197097129570236,0.9231081632725687,0.08322328381656116
2062,0.6197597932996616,0.9231274285082399,0.08320614083317213
2063,0.6197561043911168,0.9230912730450054,0.08320580553263189
2064,0.6197501823215433,0.9231064492699537,0.08319498677944795
2065,0.6197807765320449,0.9231147579552761,0.08318547687279024
2066,0.6199615616978674,0.9231460019939769,0.08316039507836041
2067,0.6200017100712394,0.9231705129999835,0.08314655907103434
2068,0.620080597141017,0.9232027408608131,0.08313066682924745
2069,0.6201853832433116,0.9232328896287846,0.08310433481936544
2070,0.6202650498781228,0.9232274747640209,0.0830865233379888
2071,0.6202900499371305,0.9232374436491857,0.08308129167140248
2072,0.6202271667682415,0.9232494339813808,0.08307625187274108
2073,0.6203583203814486,0.923224857643436,0.08300973395237365
2074,0.620349188247831,0.9232415749335158,0.08299943126648747
2075,0.620341367639495,0.9232301687457095,0.08300546137629093
2076,0.6203378475107626,0.9232025832955504,0.08299859722503834
2077,0.6203402483139914,0.9231848591250106,0.08300248032706121
2078,0.6203486857346451,0.9231852780180264,0.08299525391176168
2079,0.620441338476101,0.9231789869366791,0.08288716653320402
2080,0.6204606371947092,0.9232015456706488,0.08287089831541726
2081,0.6203729050001576,0.9232129095848479,0.0828624557150633
2082,0.6203765626342156,0.9231873033081119,0.08285899569071165
2083,0.6204441601218161,0.9231830375168502,0.08284702431489269
2084,0.6204476276665336,0.9231994204611284,0.08283929850548184
2085,0.6205364105393723,0.9232295423277135,0.08281949128456344
2086,0.6205792321804061,0.9232227285908603,0.08281255338667566
2087,0.6205604430817765,0.9232329972343299,0.08280609767551916
2088,0.6205654500501442,0.9232361254812552,0.08280314034097465
2089,0.6205577399500377,0.9232120679557612,0.08280182751863743
2090,0.6206225217889005,0.9232425164820375,0.0827769792635593
2091,0.6206327878148096,0.9231996856319366,0.08278171535287038
2092,0.6206780054532055,0.9231317250439433,0.08279203534195068
2093,0.6206482051820555,0.9231197808284104,0.0827965810809035
2094,0.6206901621248735,0.9231156879746322,0.08278480418127908
2095,0.6205227756360996,0.9230948009696704,0.08278607505446837
2096,0.6205637556519475,0.9231298150455134,0.08277189738685631
2097,0.6205466294256528,0.9231391805710133,0.08275814834864188
2098,0.6205077311511936,0.9231356603324585,0.08275571509251047
2099,0.6205222022280951,0.9231352452824979,0.08275247579368435
2100,0.6204044220860798,0.9230816999945252,0.08275736035342678
2101,0.6204146075123094,0.9231400145139896,0.08273780482538255
2102,0.6204210499540774,0.9231893977731909,0.08272538427266089
2103,0.6203616412646237,0.9231645639505482,0.08272948350360927
2104,0.6203693216589338,0.9231603673342799,0.08272924736587375
2105,0.6203819953510483,0.923171973360956,0.08273789212681894
2106,0.620393093710434,0.9231726727970007,0.08273021050958901
2107,0.6203490083613568,0.9231331546604742,0.08273483450563389
2108,0.6204041763826519,0.9231230743267088,0.08272584330738703
2109,0.620549808705653,0.923175155410654,0.08269607037985983
2110,0.6205905567066434,0.9232025294927777,0.08268100236663084
2111,0.6206616240678263,0.923205315707791,0.08267049838046908
2112,0.6207085814656398,0.9232227977658537,0.08265473873346679
2113,0.6207817257982863,0.9232487499175569,0.08263068448555265
2114,0.6207802583210318,0.9232488997967093,0.08262694382314298
2115,0.6208243680229344,0.9232564206557176,0.08260990842806477
2116,0.6209129133918445,0.9232868192222765,0.08259052271840246
2117,0.6208855188442719,0.9232843097072368,0.08259044086622265
2118,0.6208763925353487,0.9232869537292081,0.08258448759965308
2119,0.6209797122850175,0.9232829108351475,0.08256954369854211
2120,0.6210097180566327,0.923287899120785,0.08256309273038276
2121,0.6210007400849461,0.9232681919337669,0.08256338516184915
2122,0.6210865820652377,0.9232939096591034,0.0825494590520716
2123,0.6210703278756093,0.9232881066457653,0.08255166528614664
2124,0.6211097626789712,0.9232956351908841,0.08252410594294132
2125,0.6210653972360838,0.9232743369790168,0.08250703692026713
2126,0.6210486069442219,0.9232770424898712,0.08250235048057387
2127,0.6211111487403661,0.923279194600778,0.08248069846519532
2128,0.6210913378705946,0.923262473467643,0.08249369605646353
2129,0.6211144521855239,0.9232630883564735,0.08248661601068992
2130,0.6211562065236554,0.9232518820075373,0.08247808994761864
2131,0.6210765036297017,0.9232134629847953,0.08247843800138396
2132,0.6211706345067786,0.9232278091098225,0.08247209945893864
2133,0.6212208682424905,0.9231967418516603,0.08247419134690298
2134,0.6212464672606406,0.9231851934708122,0.08246992153949563
2135,0.6212454916048947,0.9231930371464565,0.0824631879841334
2136,0.6211812062603498,0.9231502293546867,0.08247010070509661
2137,0.6211762225627915,0.9231596333107385,0.08246634453667546
2138,0.6212026436227543,0.9231467859772358,0.08246117135638595
2139,0.6212729248732587,0.9231704860985972,0.08243880555687443
2140,0.6213619656576832,0.923182772346042,0.08242132975629278
2141,0.6213978620240052,0.9231826993279934,0.0824142998524766
2142,0.6213740638299655,0.9231786948644846,0.08241766830336175
2143,0.6214114761159364,0.9231826147807792,0.0824082438564057
2144,0.6213328748065243,0.9231811659489723,0.08238070675162314
2145,0.6212507723985685,0.9231337080604216,0.08238920099413966
2146,0.6212638718720896,0.9231243963376945,0.08239350385709703
2147,0.6212613651751988,0.9231245808043436,0.08238835739306981
2148,0.6212353554521577,0.9231015186301439,0.08239031956980246
2149,0.6212263373144602,0.9231158570690606,0.08238074269259821
2150,0.6211813182946282,0.9231079403753677,0.08238442832907658
2151,0.6212441412915692,0.9231303184857435,0.08236480434595078
2152,0.6213676395069685,0.923155252227821,0.08234173423250263
2153,0.6213871382633256,0.9231748364370731,0.08232705130630417
2154,0.6213940487467585,0.9231890326829477,0.08232238858748817
2155,0.6213994200580306,0.9231901894425601,0.08232382990715816
2156,0.621430154297724,0.9231884062649517,0.08231453935122121
2157,0.6214206164367361,0.923175701124491,0.08230540330932277
2158,0.6214924043221244,0.9231893170690318,0.08229707151942707
2159,0.6216599384790389,0.9231647292019214,0.08221761059734972
2160,0.6217315112170488,0.9231687413515406,0.08220931037110116
2161,0.6217656684108206,0.9231878643941698,0.08220078593388785
2162,0.6217068273917643,0.923184567052816,0.082205637575386
2163,0.6216914691719178,0.9231685799432225,0.08220965421531781
2164,0.6218270720052994,0.9231875761650304,0.08219014359473256
2165,0.6218652606853251,0.9231836677779014,0.08218616931552594
2166,0.6218571906584601,0.9231793251255359,0.0821893286075494
2167,0.6219196638396316,0.9231944936643738,0.08218026030721122
2168,0.6218667461518369,0.9231772076021257,0.08218574004168518
2169,0.6219941641576805,0.9232066723062733,0.08215569200837693
2170,0.6219941641576805,0.9232066723062733,0.08216433458084553
2171,0.6220085862662839,0.9232094277768451,0.08215585387599353
2172,0.6220168743065959,0.923171327727684,0.08216444134232916
2173,0.622078006721936,0.923179486533854,0.08215340809427685
2174,0.6220683748463792,0.9231815540975465,0.08214508896251109
2175,0.6220257528268364,0.923172699698387,0.0821466204640521
2176,0.6220292001161793,0.9231705091569283,0.08215498204096071
2177,0.6220142038630132,0.9231758740619745,0.08215520782217553
2178,0.6220326087680383,0.9231721808859363,0.08215506931054861
2179,0.6220720696259887,0.9231798669963178,0.08214810057877002
2180,0.6220323653331588,0.9231726266803384,0.08214803983924354
2181,0.6220236835291123,0.9231608054425716,0.08214941135251308
2182,0.6220265522227797,0.9231609783800553,0.08215153209390634
2183,0.6219571655223101,0.9231796210407855,0.08214739888640882
2184,0.6219753263554251,0.9231531270183005,0.08214600919931216
2185,0.622009727416588,0.9231411020986087,0.08214048678657394
2186,0.6220320745702383,0.923153357601612,0.08213028729926301
2187,0.6220374378219231,0.9231706321346944,0.0821278124983139
2188,0.621966377286708,0.9231428506887205,0.08213306429423448
2189,0.621985341448217,0.9231501601796933,0.08212841598391328
2190,0.6219698448153652,0.9231814272767253,0.08212259605188753
2191,0.6220295192207762,0.9232107690031066,0.08211073053673613
2192,0.6219884007291051,0.9231854663277307,0.08212188373098153
2193,0.6219844832362873,0.9231652326421514,0.08209909685335523
2194,0.6219754421071191,0.9231575734331562,0.08209660406028699
2195,0.6219662249961116,0.923183456409866,0.08208619234081854
2196,0.6219910691556516,0.9231974067002084,0.0820721506126204
2197,0.6220441329278353,0.9232066377187765,0.08205320200182674
2198,0.6220674785295602,0.9232148426416088,0.08204698036533001
2199,0.6220301796134123,0.9232121832474168,0.08204580787756344
2200,0.6220586017127898,0.9231849436722248,0.0820378012773091
2201,0.6221385247994121,0.9232049467744926,0.08202202411222251
2202,0.6222338046562755,0.9232303263109723,0.08200761237454704
2203,0.6221951837754667,0.9232393651767811,0.08201002781042648
2204,0.6221919098227431,0.9232264179238434,0.08200758567373631
2205,0.6221786406388193,0.9232065301132313,0.08200698005383426
2206,0.6222022499397089,0.9232262642016358,0.08199934032598855
2207,0.6222259214011012,0.9232568702931749,0.08198347378388572
2208,0.6222346879164741,0.9232736029554754,0.08197427662678168
2209,0.6222297883434672,0.9232497068382993,0.08195962923790011
2210,0.6222583499487645,0.9232340732897834,0.08195490295968418
2211,0.6223578221387254,0.9232062072965952,0.08195112268205128
2212,0.6223751468190539,0.9232228169811296,0.08197633943194181
2213,0.6224005620198256,0.9232095353823904,0.08197140109277143
2214,0.6225314734571291,0.9232554483627543,0.08194638347641231
2215,0.6225416377978183,0.9232423704459402,0.08194380436094836
2216,0.6225625020375439,0.9232667969047327,0.0819305521429855
2217,0.6225288135263527,0.9232789563313561,0.08192702450649156
2218,0.6225423119414775,0.923290596945529,0.08192183169614024
2219,0.6225822679929643,0.9233087515382501,0.0819064429128316
2220,0.6225946908958365,0.9233092011757074,0.08190250788121005
2221,0.622594944961589,0.9233041859886835,0.08190307738037826
2222,0.6226735222579297,0.9233182016109641,0.0818993624599952
2223,0.6227590313056837,0.9233040399525863,0.08189267897014994
2224,0.6227250199357467,0.9232961117297277,0.0819244265306321
2225,0.6227077422557894,0.9232900243303056,0.08191581463722405
2226,0.6227636051533062,0.9232679421351795,0.08190986219713775
2227,0.6227862802378032,0.9232476431176619,0.08189579562375297
2228,0.6227969182580916,0.9232334468717873,0.08187665749682752
2229,0.6228411167535708,0.9232411137668929,0.08186496830671323
2230,0.6228892087269043,0.9232596027054155,0.08184587707219025
2231,0.6229178890530712,0.923236382965953,0.08184036011934448
2232,0.622918334288665,0.9232510557506713,0.08183517999578724
2233,0.6229792401969853,0.9232716160959419,0.08181864573690609
2234,0.6230271112078427,0.9232712048890365,0.08181127315731923
2235,0.6231172880478492,0.9232974644851548,0.08179431613784077
2236,0.6231172880478492,0.9232974644851548,0.0817976559890325
2237,0.6231172880478492,0.9232974644851548,0.08179587655444578
2238,0.6231539240823947,0.9232954046075726,0.08178590689077823
2239,0.6230895628966927,0.9233063188843144,0.08178575587766389
2240,0.6231225824160578,0.9233089398479545,0.08178131973310025
2241,0.6231459990376986,0.9233016265139264,0.08178384880789369
2242,0.6231501267312836,0.9232927567425462,0.0817804099528199
2243,0.6231185742775187,0.9233176827985135,0.08178034392013606
2244,0.6230750635768291,0.9233054388246756,0.08178179861397723
2245,0.6230540720992098,0.9232894171275854,0.08178574464901398
2246,0.6231025214397712,0.9232867846347798,0.08178102276119759
2247,0.6230935987672869,0.9232810392672696,0.08178755984393442
2248,0.6231370753859411,0.923293579156357,0.08177531252426287
2249,0.6230973111945417,0.9232640875508231,0.08178025894943837
2250,0.6231544083662729,0.9232769233551603,0.08176455730215981
2251,0.623138099120079,0.9232727421111128,0.08176219073923341
2252,0.6231171219280965,0.9232764583454822,0.08175630905144861
2253,0.6231241327582917,0.9232644026813488,0.08175388868925111
2254,0.6231300614773586,0.9232409869460715,0.08175674293417898
2255,0.6231649780951846,0.9232529772782667,0.08175234597419906
2256,0.6231681285740569,0.9232516629533914,0.08175080382355607
2257,0.6231842656182001,0.9232518013033784,0.08174522256979613
2258,0.6231588077833197,0.9232655594409612,0.08174117674678537
2259,0.6231673257720723,0.9232566627681946,0.08174303879315088
2260,0.623154207540743,0.9232479544051324,0.08174237062168961
2261,0.6231420171712084,0.9232276092709525,0.08173687648163781
2262,0.6230518228626098,0.9231934060797549,0.08174376212694852
2263,0.6230103755986295,0.923185531659669,0.08174465589439397
2264,0.622996282974153,0.9231799784449183,0.08173944302507916
2265,0.6232362781236882,0.9232081211380803,0.08158227026466218
2266,0.6232488325860037,0.9232253303392244,0.08157630600287605
2267,0.6232793734004551,0.9232227516491914,0.08156537633921851
2268,0.623283706156617,0.9232466669816435,0.0815592732839555
2269,0.6233241205106185,0.9232076484422918,0.08154055259450431
2270,0.6232970910060793,0.9232313754650394,0.08153214473845895
2271,0.6233376689183439,0.92325928757489,0.0815186237456103
2272,0.6232914452851098,0.9232923224773096,0.08151470289838252
2273,0.6232681721368833,0.9232952701006409,0.08151847367923673
2274,0.623268500949858,0.923268334126809,0.0815266340310752
2275,0.6232716173605354,0.9232622697857179,0.08152361442606092
2276,0.6231919183665834,0.9232910119954896,0.08152025774543462
2277,0.6232918933542511,0.9233208879065425,0.08149986253192967
2278,0.623345466369828,0.9233260568157741,0.08148940554283059
2279,0.6233969744426628,0.9233421476878577,0.08147644082133122
2280,0.6234263252814718,0.9233450645667475,0.08145959893712161
2281,0.6234821561599057,0.9233640531024451,0.08144735546031581
2282,0.6234616287539274,0.9233608134069192,0.08144439782850817
2283,0.6234172850390238,0.9233539919839556,0.08144422074937571
2284,0.6233318034583732,0.9233584383988114,0.08144876709236125
2285,0.6232810937075027,0.9233497646232458,0.08145123822322926
2286,0.6232008451895604,0.9233799441356588,0.08143866432055988
2287,0.6232546646095474,0.9233728191113352,0.08143508176524163
2288,0.6232253683052279,0.9233497646232458,0.08143434469755644
2289,0.6232678490126601,0.9233583461654867,0.08142381931518057
2290,0.6233694559172965,0.9233494341204994,0.08141533235820923
2291,0.6233857690771134,0.9233469361346254,0.08141275853081972
2292,0.6233988071466153,0.9233665203438775,0.08140126159360708
2293,0.6234063982030774,0.9233643451746395,0.08139644267725189
2294,0.6234051272218873,0.9233523855868859,0.08138471278481807
2295,0.6233719696836275,0.923352589268811,0.08139079278856294
2296,0.6233581810500396,0.9233304378986915,0.08139262309082577
2297,0.6233803307544866,0.9233546568325036,0.08137599663989979
2298,0.6233880823953754,0.9233544838950201,0.08137767355128271
2299,0.6234868289227209,0.9233960964966256,0.08131333079316272
2300,0.623545109509539,0.9234126754367185,0.08129892636185906
2301,0.6235257635626379,0.9233928337427686,0.08130315773117804
2302,0.623577401485694,0.923390201249963,0.08128331596362265
2303,0.6236265526324659,0.9233758935554878,0.08128107292433262
2304,0.623616632382896,0.9233840139311058,0.08127307319884826
2305,0.6236290810490354,0.9233826496465131,0.08127615428252068
2306,0.623631306134989,0.9234252960299649,0.0812664361102047
2307,0.6236372677552071,0.9234246234953065,0.08126423047496731
2308,0.6236761975558032,0.9234323595654055,0.0812555847340046
2309,0.623720014604238,0.9234453414058399,0.08124512049963208
2310,0.6237330704389834,0.9234433391740855,0.08124198342781366
2311,0.6237075055951238,0.9234487194513525,0.0812415640439406
2312,0.623693547865103,0.9234229440801881,0.08124752961958423
2313,0.6237206554986228,0.9234000471573617,0.08126901358745368
2314,0.623716069362988,0.9234066879567313,0.08127363974085587
2315,0.6236533588110965,0.9233803860870058,0.08127831037215173
2316,0.6235695639188187,0.9233695486713678,0.08127806029472605
2317,0.6236052973708922,0.9233865003878142,0.08126359919350253
2318,0.6236305083764144,0.9233701904615846,0.08126443976075648
2319,0.6236044304100552,0.9233357028843029,0.08127253563152223
2320,0.6236167510786036,0.9233184321942756,0.08127109284468999
2321,0.6237613379949164,0.9233627349345146,0.08124561711833614
2322,0.6238080687297282,0.9234503412206431,0.08114924989736622
2323,0.623760988781223,0.9234383163009512,0.08115540243609302
2324,0.6237299597660929,0.9234452299572393,0.08115978368368723
2325,0.6237396457400094,0.9234367790788749,0.08116074616657015
2326,0.6237492259687059,0.9234376168649064,0.08116684892534456
2327,0.6237256691437276,0.9234200848471262,0.0811705186024492
2328,0.6237251943341108,0.9234178904626124,0.08116652336599205
2329,0.6237147705223615,0.92341915482777,0.08116296172835424
2330,0.623656649108092,0.9233689145672613,0.0811928263437618
2331,0.6236068209219386,0.923331978963823,0.08119988677385223
2332,0.6235740116593206,0.9233190086525542,0.08120143401263726
2333,0.6236934378454485,0.9233571279169913,0.08117885071765785
2334,0.6237035440788781,0.92333604875927,0.081175606550062
2335,0.623690670429,0.9233623045123333,0.08117438279252347
2336,0.6235909387342589,0.9233451568000721,0.08118317332446051
2337,0.6235639474756082,0.9233488307608345,0.08117351359041285
2338,0.6235708484178929,0.9233489076219383,0.08116276304644646
2339,0.6235742509296981,0.9233600678542122,0.0811604320432348
2340,0.6236615547599201,0.9233700059949355,0.08114906029713279
2341,0.6236518299000589,0.9233509521272998,0.0811536868577884
2342,0.6235545672455963,0.9233208148884938,0.08116660655782953
2343,0.6235159633470604,0.923303328987376,0.0811723229133004
2344,0.6235388718526909,0.9233419055753808,0.08116407540615447
2345,0.6234993537462267,0.9233069491453656,0.08117101946011987
2346,0.6234642572672995,0.923265897629818,0.08117815562904379
2347,0.6235319959970186,0.9232956390339393,0.08116285420286666
2348,0.6235570323336702,0.9232848016183013,0.08115597357983435
2349,0.6236062225772449,0.9232725076847461,0.08115207332226641
2350,0.6236261672971882,0.923266843021395,0.08114941237715613
2351,0.6235459192866709,0.9232774998134389,0.08115237444239652
2352,0.6235545851780471,0.923311287954676,0.08114346373413742
2353,0.6236440064356508,0.9233461790527528,0.08112139440745607
2354,0.623642763021727,0.9233800286828729,0.08110621977910973
2355,0.6235809562831482,0.9233633844108419,0.0811136343693839
2356,0.6235610029536803,0.9233586805112883,0.08111117804838806
2357,0.6235429926583103,0.9233457524736267,0.08111166620442846
2358,0.6235948870975169,0.9233553870129899,0.08110501991060855
2359,0.6235972698104731,0.9233479699164717,0.0811000231215738
2360,0.6235389961088533,0.9232904009497143,0.08109776574468137
2361,0.6235316243896982,0.923290658434412,0.081092680588855
2362,0.6234753497472134,0.9232522201963941,0.08110435920045705
2363,0.6235404748723685,0.9232865809528547,0.08108680081507447
2364,0.6235333542517036,0.923257396791736,0.08109617403201011
2365,0.6235732073001398,0.9232273325709788,0.08109450078900221
2366,0.6235631610327655,0.9232212605437774,0.08109469600555935
2367,0.6235884343513658,0.9232313216622668,0.08108750311824675
2368,0.6235928309205688,0.9232138934069767,0.08108608118129146
2369,0.6236101404624682,0.923216337590078,0.08108151042443512
2370,0.6236700782326591,0.9232284893305912,0.08107014733028081
2371,0.6237106856754704,0.923252258626946,0.08106571779033582
2372,0.6237336881523872,0.9232610131066705,0.08105773639848833
2373,0.6237472676818593,0.9232510672798369,0.08105668583113552
2374,0.6237710462465192,0.9232350993855193,0.08105674427121633
2375,0.6237849173561265,0.9232224787922728,0.08105174846220918
2376,0.6238125140484879,0.9232294885249408,0.08104894091995209
2377,0.6238263685705543,0.923225403357273,0.08104727437338458
2378,0.6238404001998599,0.9232005964360167,0.08104584980508305
2379,0.6238065243306706,0.9231848514389002,0.0810523555157717
2380,0.6237166156391829,0.9231063916241258,0.08104784878250902
2381,0.6237031653708089,0.9230955964820949,0.08103976355726884
2382,0.6237032573037242,0.923099504869224,0.08103807193699339
2383,0.6236721182902372,0.923038803812486,0.08105587939812245
2384,0.6237472726941744,0.9230658781363048,0.08104638872347088
2385,0.6237537283378145,0.9230449373285704,0.08104737479206753
2386,0.6237717953596839,0.9230445530230513,0.08104163514446183
2387,0.6237886929041242,0.9230391381582876,0.0810353616146755
2388,0.623787625681014,0.9230412172511457,0.08103270423892386
2389,0.6238203030161314,0.9230383234305871,0.08099977012529042
2390,0.6238871154142794,0.9230525312056274,0.08098741216262104
2391,0.6238844258079684,0.9230742521535655,0.08098148853742247
2392,0.623921761089194,0.9230827645208131,0.08097634990020548
2393,0.6239118673367254,0.9230922952976861,0.08097408518715435
2394,0.6239363979615608,0.9231025178244935,0.08097338293930834
2395,0.6239987950785598,0.923115099987188,0.08096712989153829
2396,0.6240171196331078,0.9231123368305059,0.08096302470617407
2397,0.6240373909919731,0.9231186355979635,0.08095666060026536
2398,0.6239895611540867,0.9230951199432513,0.08096218256606673
2399,0.6240236029725668,0.9231188008493367,0.08095293355699014
2400,0.624003039126611,0.9231096428488171,0.08095414485221743
2401,0.6239758266291388,0.9231122945568988,0.08095465496416175
2402,0.623995988000326,0.9231200882728257,0.08094706354358575
2403,0.6239652845227511,0.9231263947263937,0.08094602253879281
2404,0.6239362442984662,0.9231568201943389,0.08093856422339536
2405,0.6239095529506735,0.9231183089382723,0.08093604803686884
2406,0.6239763345082292,0.9231338464104085,0.08092751193028914
2407,0.6239301246789722,0.9231132015179238,0.08093249711120663
2408,0.6238653079900278,0.9231842826667319,0.08082987911016129
2409,0.6238876996792946,0.923167480829438,0.08082472654846032
2410,0.6239195088313951,0.9231259796764331,0.08082452741941108
2411,0.6238385831406861,0.9231260257930953,0.08082700660723836
2412,0.6237867767382996,0.9231646408116521,0.08082384102548441
2413,0.6237433515164215,0.9231546104376042,0.08082961740751689
2414,0.6238033712841781,0.9231535497543715,0.0808247652185572
2415,0.6238219474870245,0.9231453140870978,0.08082629821862415
2416,0.6238211567280543,0.9231283546845409,0.08082569852841483
2417,0.6238934803433073,0.9231659666656928,0.0808136874694321
2418,0.6238431178000418,0.9231484115895815,0.08082053300764004
2419,0.6238122718762964,0.9231373743350736,0.08082435740396102
2420,0.6238014050313497,0.9231269750277274,0.08082576820087763
2421,0.6237399314152922,0.9230956233834813,0.08083540299653212
2422,0.6237484084275948,0.9231050196534227,0.08082864987145047
2423,0.6238093628097536,0.9231067567143689,0.08082361296471481
2424,0.6237994840678958,0.9230996240039349,0.08082345063444205
2425,0.6237310779858164,0.9231058689686198,0.08082761743299033
2426,0.623734570548652,0.9231087666322336,0.0808223620268954
2427,0.6237345332309284,0.9231161376120895,0.0808217879235022
2428,0.623659708020055,0.9230953082529556,0.08082948650743751
2429,0.6236338089868867,0.9230888019605177,0.08083323876676343
2430,0.6237321927999738,0.9230962344292566,0.08081875743461625
2431,0.623754906439003,0.9230882754619566,0.08080763058386607
2432,0.6237874053284906,0.9230617084214229,0.08080248818888036
2433,0.6238027528797677,0.9230414901080644,0.08080232123600936
2434,0.6238347634699813,0.923025084105455,0.08080027150442941
2435,0.623900083682864,0.9230196999851328,0.08079286972310494
2436,0.6238852617158613,0.9230159606924322,0.08079301984914973
2437,0.6238968591844009,0.9230145579772875,0.08079021753726968
2438,0.6238547515843942,0.9229899854823979,0.08079523334712571
2439,0.6238475781603726,0.9229950698444153,0.08079209231220018
2440,0.6239122938701803,0.9230036629158217,0.08078320945851723
2441,0.6238286044665976,0.9229849587662083,0.0807914375406251
2442,0.6238449478876571,0.922976407968409,0.0807895699709701
2443,0.623894643329237,0.9229714388980472,0.08077713320100428
2444,0.6239336684828665,0.9229661700693808,0.08077168850106807
2445,0.6239042826670745,0.9229563779647547,0.08077067286686211
2446,0.6239502805627629,0.9229657012166474,0.0807614303483637
2447,0.6239404192596051,0.9229121597717299,0.08077070284616084
2448,0.6239098349431254,0.9228997082729119,0.0807729838523255
2449,0.6239730696313631,0.9229020025768607,0.08076750461937626
2450,0.6240188870234747,0.9228954655399813,0.08075988432167519
2451,0.6240383706099887,0.9229088239998243,0.0807469952096111
2452,0.6240931394842754,0.9229065027944892,0.08074476434533216
2453,0.6240808461041409,0.9229204876723283,0.08074614691555623
2454,0.6240545955503113,0.9229115487259546,0.08074764466066732
2455,0.6240226107608253,0.9229269978078214,0.08075046142570326
2456,0.6240260239161093,0.9229424392035779,0.08074005544219873
2457,0.6240238047290256,0.9229427005313309,0.0807379560755875
2458,0.6240300333329781,0.922943227029892,0.0807359881630192
2459,0.6240055762516077,0.9229444106908907,0.08073346623265225
2460,0.6240322357037009,0.9229488993793535,0.0807288905019308
2461,0.6240557132531852,0.9229813962540465,0.08072102683895782
2462,0.624151031475007,0.922986703513265,0.0806965975849478
2463,0.6241464223674329,0.9229807083471674,0.08069662711779356
2464,0.6241473829112026,0.9229950390999737,0.08069408238596884
2465,0.6241958584774095,0.9229940014750722,0.08069060457889708
2466,0.6244884968076163,0.9228882021656707,0.08059897645900352
2467,0.6244392039362853,0.9228860731130951,0.08060100311213672
2468,0.6244717688038286,0.9228797974039685,0.08059924647661501
2469,0.62446573330407,0.9228774031805848,0.08059739877560673
2470,0.6244353964856896,0.9228592716461947,0.08059853906525323
2471,0.6244468679552363,0.9228372317246758,0.08060088024881615
2472,0.6244615597181449,0.9228482843514044,0.08059298576806627
2473,0.6244156619361022,0.9228599172794668,0.08059118643223494
2474,0.6243845820063146,0.9228377659093473,0.08059199517095936
2475,0.6243353021680066,0.9228268593187159,0.08059851053796853
2476,0.6243553519881824,0.922839572145287,0.08060731830772688
2477,0.6242866605538067,0.9228272705256213,0.08062177789739072
2478,0.6242328114310803,0.922833811405556,0.08062743399994712
2479,0.6242328114310803,0.922833811405556,0.08062730365680998
2480,0.6241861201770722,0.9228037856153507,0.08063615478494501
2481,0.6241448288435995,0.9228025289363033,0.0806362529399057
2482,0.6241583803736024,0.9228116792507125,0.08062634701311065
2483,0.6241814198113135,0.9228305832391958,0.08062039305674719
2484,0.6241852053054178,0.9228281544283152,0.08061651392715907
2485,0.6241805032627448,0.9228259600438014,0.08061923905164702
2486,0.6240591924821423,0.9227988319172098,0.0806345371877631
2487,0.6240089452922024,0.922783847845021,0.08063896301796453
2488,0.6240522794593939,0.9227933824649492,0.08063562600457734
2489,0.6240816756393562,0.9227519005272203,0.08064090231403968
2490,0.6240376294907882,0.922748349544224,0.08064580675959176
2491,0.6240096825557825,0.9227510512120232,0.08064788712808038
2492,0.6239807700142419,0.9227303640459313,0.08065193449587035
2493,0.6240025461950167,0.9227374621688686,0.08064695328238505
2494,0.623985044816546,0.9227498137482517,0.08064966734298443
2495,0.6240644952436484,0.9227592369195794,0.08063999706278721
2496,0.624118062143223,0.9228002115740233,0.08062268961302714
2497,0.6241382081463084,0.9227646056676809,0.08062914898603152
2498,0.6241788544586768,0.9227643712413143,0.08062500696330165
2499,0.6241898949626076,0.9228075825538791,0.0806070294542317
2500,0.6241895670045965,0.9227958804508233,0.08060694156632005
2501,0.62421001920542,0.9228081013663298,0.08060023927206147
2502,0.6242307573866203,0.9227743516556447,0.08059773616463116
2503,0.6242279016769916,0.9227721303697444,0.08059968414905949
2504,0.624247347035332,0.9227866917058621,0.08059344224724109
2505,0.6243021507865512,0.9227988703477616,0.08058338580053181
2506,0.6242552730507815,0.9227610162541328,0.08058803340717324
2507,0.6242764757733045,0.9227687561672869,0.08058392334347983
2508,0.624363815195031,0.9227367934772654,0.0805801089442852
2509,0.6244346043476436,0.9226989201683605,0.08056914972249812
2510,0.6244426607672693,0.9226892856289973,0.08057120871187666
2511,0.6244119139052124,0.9226840590739379,0.08057559330184685
2512,0.6245254691578094,0.9227040006873227,0.08056224594031675
2513,0.6245148341507769,0.9226799008882215,0.08056904704707739
2514,0.6244795773032257,0.9226776680731557,0.0805719086408198
2515,0.6245042670851884,0.9226919949829068,0.08056864426606325
2516,0.6245214826085091,0.9227416203545851,0.0805538925058466
2517,0.6245342358287724,0.9227438646988164,0.08055225887984263
2518,0.6244476002206377,0.9227290843085528,0.08056355424659631
2519,0.6244878843515171,0.9227440453224104,0.08055289328372871
2520,0.6244696586375057,0.9227668500119123,0.08054474117043746
2521,0.6244639318593697,0.9227646171968464,0.08054616989167143
2522,0.6245202274493226,0.9227771955164858,0.08053560346529874
2523,0.6246080059296022,0.9228025827390759,0.08052303345574585
2524,0.6245837333681042,0.9227768304262427,0.08053202656637828
2525,0.6245636777888511,0.9227696093255393,0.08053125926372438
2526,0.6246047168673343,0.9228041391764282,0.08052066942519483
2527,0.6246708409449075,0.922813885164392,0.080503742355935
2528,0.6247385905956878,0.9228509322164308,0.08049047991124622
2529,0.6248711771785794,0.9228958191010588,0.0804700940267397
2530,0.6248243482612332,0.9228938975734634,0.08047520644409122
2531,0.6248309579700205,0.9228839748049609,0.08047411982995571
2532,0.6248459746885974,0.9229111836357115,0.08046860288301784
2533,0.6248603322609185,0.922891591740349,0.08046936774231518
2534,0.624849707281703,0.9228919798889232,0.08046803958665096
2535,0.6248389289913432,0.9228930251999351,0.08046730280220837
2536,0.6247786393355971,0.9228692021008077,0.08047712116350013
2537,0.6247097390135407,0.9228403715007666,0.08048974679094302
2538,0.6247460448064642,0.9228451484183687,0.08048156074459946
2539,0.6247460448064642,0.9228451484183687,0.0804855386966446
2540,0.6247126442607884,0.922849506442955,0.08048797151374197
2541,0.6247636869367985,0.9228546330785795,0.08048276754366546
2542,0.6248048593680172,0.9228598596336389,0.08047398378970724
2543,0.6248357979201198,0.9228648594484421,0.08047140507015121
2544,0.6247377793914176,0.9228591448253735,0.08047933034539122
2545,0.6247373652640189,0.9228805852302827,0.08047717400422759
2546,0.6247582481913182,0.9228923757236079,0.08047341786659094
2547,0.6247965163056712,0.9229077671596468,0.08046808682495724
2548,0.6247885859734146,0.9228727838282454,0.08047566736796555
2549,0.6248353370034341,0.9229174555017827,0.08046416497179787
2550,0.6248322330556075,0.9229194308321508,0.0804604261222817
2551,0.6248269227088987,0.922917620753156,0.08045926332473664
2552,0.6248541429686572,0.9229125018036419,0.08045664524903452
2553,0.624876565543875,0.9229178398073018,0.08045497925895781
2554,0.6248679937867685,0.9228881099323462,0.08046034038665216
2555,0.6250814292799237,0.922896307169068,0.08041396481376321
2556,0.6251430068460336,0.9228772955750394,0.08040928565675134
2557,0.6252065128041445,0.9228716385977986,0.08040302455945436
2558,0.6252589809793776,0.9228625267139413,0.0803993871381222
2559,0.625276857679653,0.9229086664345615,0.08039050169934749
2560,0.6252771428565956,0.9229214369069604,0.08038904615663801
2561,0.6252475779959588,0.9228925217597052,0.08039786715364076
2562,0.6251555198883886,0.9228649094081596,0.08041303971075672
2563,0.6251250558282518,0.9228728222587973,0.0804156387397734
2564,0.6251752719842008,0.9228691751994214,0.08041181251452408
2565,0.6251855708049879,0.9228527346093153,0.0804106838564689
2566,0.6252119955139114,0.9228503442289866,0.08040606588839873
2567,0.6251769136325497,0.9228365015441895,0.0804099780131414
2568,0.6251100838186031,0.9228572771005508,0.08041309863550343
2569,0.6250810084382719,0.9228584953490462,0.0804155133002775
2570,0.6250464981282126,0.9228197189221715,0.08042598305758325
2571,0.6250971050166374,0.9228109336980055,0.0804215383643968
2572,0.6250952778672406,0.9228102650064023,0.08041776148665622
2573,0.6251019953555292,0.9228167328682882,0.08041432680795806
2574,0.6250672290161188,0.9228470622598537,0.08041307350410663
2575,0.6250212922573596,0.9228083972815796,0.08042116526185623
2576,0.6249986393665629,0.922802321411323,0.08042365068893825
2577,0.6250471960042491,0.9228145769143263,0.0804148170242825
2578,0.6250324266935534,0.9228033590362245,0.08041958597103287
2579,0.6250358468532722,0.9228028171654425,0.08042069249777634
2580,0.6250732470118259,0.9227992239088392,0.08041494233991094
2581,0.6250090350077325,0.9227951079967299,0.08042487965597869
2582,0.6252631364361592,0.9228499714526331,0.08036469846239644
2583,0.6252603403458288,0.9228457556210888,0.08036588727994536
2584,0.625272984669198,0.9228481460014175,0.0803622216381704
2585,0.6253234512581962,0.9228612585057284,0.08035437213393098
2586,0.6253802032822875,0.9228409479590453,0.08035146718210225
2587,0.6253949803670827,0.9228468393626527,0.08034663123336117
2588,0.6254133258648498,0.922848238234742,0.08034412103015967
2589,0.6254630602718121,0.92285030964149,0.08033969991313573
2590,0.6254373417640879,0.9228110989493786,0.0803451060075581
2591,0.6255306128580537,0.922869955339625,0.08032775384634806
2592,0.6255101900764448,0.9228868032935813,0.08032749529953742
2593,0.6255200226195022,0.9228938514568011,0.08032676203934433
2594,0.625493763480593,0.9228895203336012,0.08033125410291521
2595,0.6253471236289538,0.9228534494175807,0.08034707073147204
2596,0.6253659206834563,0.9228425927866669,0.08034564855427206
2597,0.625411838568027,0.9228277970241825,0.0803430997892013
2598,0.6254096177763863,0.9228295340851287,0.08034105750677527
2599,0.625382109115854,0.9228259408285253,0.08034517541019277
2600,0.6254215258390712,0.9228379888065483,0.08033966887976846
2601,0.6253733434440997,0.9228050691957843,0.08035129868488462
2602,0.6253350662191334,0.9228413668520611,0.08030845545640668
2603,0.6254723391917958,0.9229206721389774,0.08026974628963196
2604,0.6255032770286859,0.9229103074191279,0.08026737400969917
2605,0.6255271673714234,0.9229549060746166,0.0802587075183447
2606,0.625509155098974,0.9229306410241422,0.08026201472472222
2607,0.6254383926860329,0.9228894088850006,0.08027519389622148
2608,0.6255145956886611,0.9228721381949734,0.08027368446663989
2609,0.6255369833208508,0.9228801317497701,0.0802692940154067
2610,0.6255344942913239,0.9228897470738574,0.08026788317868858
2611,0.6255423604996299,0.9228944471303557,0.08026370913174254
2612,0.6256016042107735,0.9229013492574784,0.08025609453615856
2613,0.6256437893723208,0.922905876376493,0.0802496493903091
2614,0.625690536234378,0.9229090814845221,0.08024261933866575
2615,0.6257751379703588,0.9229279931591158,0.08022835142244422
2616,0.6257794738296196,0.9229441685784137,0.08022488479545806
2617,0.6257480655994845,0.9229636912987828,0.08022656660275462
2618,0.6257074073743775,0.9229617889864633,0.0802286243337826
2619,0.6257788422557924,0.9229879486631467,0.08021679819507097
2620,0.6257924201852958,0.9229902083795989,0.08021457346743045
2621,0.6258323268057073,0.9230183933463679,0.08020673488586057
2622,0.6257693829146537,0.9230142505328722,0.0802111825801535
2623,0.6257904166205934,0.9229877488242768,0.08020169928653265
2624,0.6258601052581162,0.9230035745255524,0.08018918110551795
2625,0.6258790009620403,0.9230043738810321,0.08018709676785739
2626,0.6258475201706475,0.9230208490586348,0.08018987306592908
2627,0.6258495425404534,0.92302266682374,0.08018825225249723
2628,0.6259019385656898,0.9230729301425799,0.08017133734832217
2629,0.6259299974953939,0.923069144733217,0.0801705481546667
2630,0.6259606575263904,0.9230430042718095,0.08016635239174148
2631,0.6260165230700954,0.9230454791993523,0.08015879424163465
2632,0.626020717687551,0.9230462132228938,0.08015801745499897
2633,0.6260324127518938,0.9230536764360742,0.08015583301313269
2634,0.6260194567558854,0.9230448566244114,0.08015772318548657
2635,0.62611870151493,0.9230620004936174,0.08014596327279548
2636,0.6261233481707558,0.923059575525792,0.08014830707566194
2637,0.626172221222984,0.9230751668007009,0.08014157494940848
2638,0.6261817781503526,0.9231276283471099,0.08013391661216572
2639,0.6262125507941558,0.9231307565940352,0.08012797599150594
2640,0.626253505013017,0.9231335773965451,0.0801205268596735
2641,0.6262672007886088,0.9231297573996855,0.0801206371311698
2642,0.6262867796915618,0.9231568855262771,0.08011507142540698
2643,0.6262885158372351,0.9231491225547918,0.08011637147247884
2644,0.6262892653991311,0.9231241772835486,0.08012011071263124
2645,0.6263115130711582,0.9230963766222987,0.0801244064416185
2646,0.6262966888821218,0.9230749823340517,0.08012974685320896
2647,0.6263475941501191,0.923096080707049,0.08012050881895615
2648,0.6263084030156669,0.9230887327855243,0.08012372223918729
2649,0.6263025403044078,0.9230926450157084,0.08012536035903679
2650,0.626331567878114,0.9231022526536853,0.08012462480562742
2651,0.626331567878114,0.9231022526536853,0.08012728609430532
2652,0.6262981136039019,0.9230664123209764,0.0801356692890885
2653,0.6262872181750989,0.9230712891580134,0.08013653010379881
2654,0.6262763539244253,0.923095719459861,0.08013339022498668
2655,0.6262477362389982,0.9230861617816016,0.08013432543597145
2656,0.6262678765893401,0.9230870110967988,0.0801326198682613
2657,0.6263334292619663,0.9230775418088087,0.0801284856706073
2658,0.6263263673355575,0.9230718156565746,0.08012977590453359
2659,0.6263485384660891,0.9230829566735725,0.08012644685320493
2660,0.6263308671830419,0.923082745305537,0.0801298407499533
2661,0.626345292759022,0.9231015839620822,0.08012374947688324
2662,0.626304034797681,0.9231099887237844,0.08012308346336094
2663,0.626304034797681,0.9231099887237844,0.08012432075779173
2664,0.6263319471687493,0.9231180437674641,0.08012058418695372
2665,0.6263034922033546,0.9231123406735611,0.08012433204733967
2666,0.6263146240256832,0.9231182090188373,0.0801230821010111
2667,0.626325722428268,0.9231210259782922,0.08011929795301893
2668,0.6263078326203338,0.9231113837528185,0.08012161370157232
2669,0.6263707473447728,0.9231227092364657,0.0801120253049558
2670,0.6263302034229118,0.9230771267588482,0.08012011928981991
2671,0.626320024835062,0.9230786063350966,0.08012382880183028
2672,0.6263261378709281,0.9231024063758929,0.08012099754756738
2673,0.6262862361215059,0.9230502830183408,0.08013433187750638
2674,0.6263101397012283,0.9230474583727756,0.08013125625603952
2675,0.6263046687368528,0.9230436345328608,0.08013234361894893
2676,0.6262828872037258,0.9230097387860783,0.08013880425190133
2677,0.6263149990930087,0.9230333313018944,0.08013134868569306
2678,0.6263066584106198,0.9230224477695942,0.08013493972501425
2679,0.6263920773139741,0.9230316903173279,0.08012559169824436
2680,0.626428328404501,0.923047688956087,0.08011879319341128
2681,0.6264202066757302,0.9230217252752183,0.08012724288684817
2682,0.626401444994154,0.9230216906877216,0.08012892295812876
2683,0.6263672116559479,0.9229852200939613,0.08014408393807108
2684,0.6264212834796504,0.922983924984362,0.08013816639392217
2685,0.6264065243730773,0.922950421229209,0.08014597661663427
2686,0.6264848068894163,0.9229545063968768,0.08013290838696623
2687,0.6265845667603533,0.9229863614813529,0.08011759756728022
2688,0.6262560097906584,0.9230204224795087,0.08015023311581175
2689,0.6262629147642694,0.9230541645040834,0.08014655090541184
2690,0.6262377085683111,0.9230449411716256,0.08015030147116663
2691,0.6261771415581764,0.9230221710696204,0.08015880899527507
2692,0.6263968927008289,0.9230378545778539,0.08012836866639106
2693,0.6263420900579341,0.9230035783686076,0.08014014400618423
2694,0.6262896337555495,0.9229823416456234,0.08014618990774523
2695,0.6262989821071345,0.9229701668467791,0.08014682682158403
2696,0.6263143860598407,0.9229834484455184,0.08014105274906758
2697,0.6263183319406722,0.9229826875205907,0.08014151750970937
2698,0.6262243952127973,0.9229211640500419,0.08016375105437783
2699,0.6261283761773453,0.9228862998533514,0.08017562782615413
2700,0.6261056370852375,0.9229080477026758,0.08017663223894486
2701,0.6260702404926842,0.9229262714703903,0.08017768309325353
2702,0.62614797685196,0.9229183893641941,0.08016852530812879
2703,0.6262283690693444,0.9229443684172836,0.08015505259404604
2704,0.6262844072211875,0.9229837597329889,0.08014351236527936
2705,0.6262508156400742,0.9229801434180543,0.08014865929751898
2706,0.6262956456714991,0.922973064510393,0.08014585509046895
2707,0.6262397498014971,0.9229477695211274,0.08015555952519796
2708,0.626213363683883,0.9229349490890111,0.08015906101868464
2709,0.6261862564859149,0.9229267902828411,0.08016505295159992
2710,0.6261898733391613,0.9229324357309163,0.08016602043503156
2711,0.6261886467815502,0.922928923178472,0.08016689632934647
2712,0.6261753956941546,0.9229142465506984,0.08016930467848044
2713,0.6263915296657141,0.922901564468569,0.08013416983391707
2714,0.6263802888216425,0.9228923680374975,0.08013747456561147
2715,0.6263690483938682,0.9228821455106901,0.080140630038733
2716,0.6263512405086531,0.9228628264722462,0.08014498732258866
2717,0.6264128904829659,0.9228634144596903,0.08013895470721527
2718,0.6263422424798585,0.922901422275527,0.08014231783235418
2719,0.6263289221677819,0.9228798781081275,0.08014753146042655
2720,0.6262817658185256,0.922871949885269,0.08015399937959905
2721,0.6263117682299488,0.9228794784303878,0.0801507898273875
2722,0.6263380109199802,0.9228670269315697,0.08015207594875688
2723,0.6262639305516355,0.9228629071764052,0.08016032040954023
2724,0.6262999305557557,0.9228685065078182,0.08015519206817918
2725,0.6263012571932157,0.9228727184963071,0.08015525876621789
2726,0.6263411882864357,0.9228518122760695,0.08015735014543204
2727,0.6263551705894256,0.9228390917633881,0.08015814842014445
2728,0.6263198844461757,0.9228187351000426,0.08016314885031367
2729,0.6263198844461757,0.9228187351000426,0.08016445124221819
2730,0.6263165349905898,0.922830406458657,0.08016216625111254
2731,0.626360969226082,0.9228179126862318,0.08016071222367098
2732,0.6264771106003195,0.9228278623561207,0.08014546073525376
2733,0.6264279657453204,0.9228154531309097,0.0801522651848183
2734,0.6264056326707547,0.9228003729823413,0.08015850465689961
2735,0.6263956454225951,0.922812655386731,0.08015836228653465
2736,0.6263969706274021,0.9228218364455816,0.08015712785584678
2737,0.6264307429796441,0.9228138198324537,0.08015502909801207
2738,0.6264367827798861,0.9228137506574603,0.08015570266712359
2739,0.6265010753664424,0.9228491528818775,0.08014179248435471
2740,0.6265214691250219,0.9228448678753398,0.08013927429847402
2741,0.626497095081713,0.9228315247877175,0.08014403715169048
2742,0.6266101115721929,0.9228339382263773,0.08013342583107912
2743,0.6266553780683093,0.922828773160201,0.08012805434612454
2744,0.6266415127821595,0.922815799005877,0.08013120496198999
2745,0.6266480620805833,0.9228328506417584,0.0801262360694896
2746,0.626591777490417,0.9228324548070737,0.08013292955189853
2747,0.6265676165835553,0.9227968796451729,0.08014288537665662
2748,0.6265752237432622,0.922807763177473,0.08014128322269788
2749,0.626622612255742,0.9228143309587941,0.08013587172273078
2750,0.6266479396777629,0.9228113641201868,0.08013471281052116
2751,0.6266939274807521,0.9228219056205751,0.0801290877019519
2752,0.6266957051937382,0.9228067255525716,0.08013480874599795
2753,0.6267137482998939,0.9227975444937209,0.08013497698504347
2754,0.6267011347435432,0.922794827453701,0.08013725140827666
2755,0.6266944702675511,0.9227910420443382,0.08013907590848805
2756,0.6267029375280387,0.9227823913271037,0.08014054489117255
2757,0.6267322619132318,0.9227859692114864,0.08013619652313664
2758,0.6267200320444392,0.9227560433407159,0.08014303265605835
2759,0.6267156808296357,0.9227365974814508,0.0801492013694834
2760,0.6267374387063188,0.9227434458058006,0.08014603519819696
2761,0.6267302159465448,0.9227194881997415,0.08014898282556276
2762,0.6271095530915536,0.9227267093004449,0.08009539933511498
2763,0.6271077903140091,0.9227426233919898,0.08009431037148253
2764,0.6270866177922839,0.9227453596472857,0.0800960691687814
2765,0.6270698919876245,0.9227312287333492,0.08010122716418507
2766,0.6271136310389189,0.9227448792653867,0.08009743394156497
2767,0.6271133621755255,0.9227588103404533,0.08009490307581861
2768,0.6271693206936302,0.9227852697754416,0.08008680375863399
2769,0.6272051898188352,0.9227979826020126,0.08008116045834902
2770,0.6272209841679146,0.9228107607605218,0.08007809471537984
2771,0.6272750496867582,0.9228204260443266,0.08007131637270405
2772,0.6273121778047802,0.9228418318617391,0.08006337382100223
2773,0.6272848244189502,0.9228434882185264,0.08006727048969335
2774,0.6273090355993978,0.9228298645878751,0.0800674990918603
2775,0.6272966430843727,0.922850209722055,0.0800698691971785
2776,0.6272966430843727,0.922850209722055,0.08006986287491204
2777,0.6272694843936977,0.922860666675229,0.08007260595654102
2778,0.6272898509202052,0.9228397527688809,0.08007261742219195
2779,0.6272427942088518,0.9228397066522186,0.0800778903681381
2780,0.6272139131919853,0.9227823183090551,0.08009085127376661
2781,0.6271813171079321,0.9227587834390669,0.08009540082754106
2782,0.6271966495122152,0.9227536683326081,0.08009493604055591
2783,0.6272014210760573,0.9227555514296515,0.08009535507712309
2784,0.6271866532804582,0.9227139349849909,0.08010358427772736
2785,0.6271851261111795,0.9227195304733485,0.08010268356342683
2786,0.6271958054329794,0.922734045692804,0.08010378473706739
2787,0.6272066598287116,0.9227351025329815,0.08010409247964771
2788,0.6272494241478049,0.9227322240846436,0.08010192953976661
2789,0.6272639165591758,0.9227336998178369,0.0800991609129931
2790,0.627216899354512,0.9227118174615807,0.08010696511643886
2791,0.6271940620387074,0.922705376501081,0.08011083719201843
2792,0.6272060583089595,0.9227056070843924,0.08011175624977601
2793,0.6272335602115006,0.9227077515091889,0.08010964395139457
2794,0.6272557983182266,0.9227122401976517,0.08010556085887142
2795,0.6272940715021754,0.9227282734239075,0.08009931898959612
2796,0.6273921343533263,0.9227394413422919,0.08008780211354831
2797,0.6274585944402467,0.922755985694888,0.08007951365223677
2798,0.6274245123827888,0.9227466470707745,0.08008451046015307
2799,0.6274235789145056,0.9227518121369509,0.08008438672033252
2800,0.627410896653727,0.9227433689446968,0.08008876386201337
2801,0.6273919507702594,0.9227097037812259,0.08009681370692597
2802,0.6273663232511716,0.9226986703697732,0.08010009929747397
2803,0.6274109568062882,0.9227097960145504,0.08009408200253265
2804,0.6273821961590317,0.9227082049897014,0.0800968765966429
2805,0.6273975457091895,0.9226976250587613,0.08009792877464024
2806,0.6274087615238043,0.9226862726737278,0.08009725506261191
2807,0.6273959666293922,0.9226775105078928,0.08010028622265136
2808,0.6272841268859993,0.922646466308062,0.0801160643961166
2809,0.6272697042425927,0.9226416086863009,0.08011879861575083
2810,0.6272124936729115,0.9226229698686257,0.08012872774378171
2811,0.6271728059795508,0.9226375465769642,0.08013108492563877
2812,0.6271720796702489,0.9226411359905123,0.08013039358059394
2813,0.6272186048513333,0.9226857423321114,0.080119490414592
2814,0.6272217236953082,0.9226707390446468,0.08012063254269683
2815,0.6272147846570026,0.9226775374092792,0.08011986077575599
2816,0.6271896055575185,0.9226643787883061,0.08012739361236257
2817,0.6271572700383102,0.9226555705058088,0.08013227664197523
2818,0.6271545325411193,0.9226677337754876,0.08013079709331386
2819,0.6270795981413813,0.9226630221898238,0.08014172351878217
2820,0.627132584918825,0.9226667307380828,0.08013731800793032
2821,0.6271045147302471,0.9226833596378932,0.0801378499989861
2822,0.6271206279485476,0.9226781868856064,0.08013910056902979
2823,0.627126182390048,0.9226786941688916,0.08013882953185474
2824,0.6271020717827853,0.9226754890608625,0.08014246804797194
2825,0.6270448722396746,0.9226570462390021,0.08015083616613071
2826,0.6270606819549108,0.9226857692334978,0.08014748650584141
2827,0.6271017905322821,0.9226795857576959,0.08014158599243615
2828,0.6271590958151414,0.9227103301992219,0.08013085654407388
2829,0.6271362632342636,0.9227010261626051,0.0801369161073945
2830,0.6270947263800604,0.9226896737775716,0.08014453294679295
2831,0.6270718479824853,0.9227000346543659,0.08014606181790913
2832,0.6270922206196878,0.9226754967469729,0.08014763934013121
2833,0.6271532990812677,0.9226881557707712,0.0801412026420324
2834,0.6271707661732174,0.9227027324791098,0.08013736484628323
2835,0.6271964733825608,0.9227071788939655,0.08013336118177325
2836,0.6271251610021149,0.9226812382714279,0.0801477921447033
2837,0.6271239591190619,0.9226946466909884,0.08014636775732654
2838,0.6272043842613959,0.9227238923409901,0.08013345152604993
2839,0.6272177078866898,0.9227364745036846,0.08013107601233602
2840,0.6272188155250905,0.9227385459104325,0.0801295581705414
2841,0.6272317237360852,0.9227415780809779,0.08012971654585833
2842,0.627216255164935,0.9227193729080857,0.08013787190204
2843,0.6272137946679781,0.9226903040386228,0.08014604563302768
2844,0.6272137946679781,0.9226903040386228,0.08014643814511191
2845,0.6272048013411645,0.9227045194997735,0.0801460705834684
2846,0.6271742656487717,0.9226954345173025,0.08014980572586365
2847,0.6272302951539721,0.9227311019125279,0.08014071013102994
2848,0.627225620099239,0.9227315169624886,0.08014230089904163
2849,0.6272612684193188,0.9227339111858723,0.08014080963708643
2850,0.6272586802181729,0.922731263320846,0.08014171828815632
2851,0.6272805585003987,0.9227539142881402,0.08013749782401607
2852,0.6272837192227175,0.9227711926642779,0.08013569712410905
2853,0.627261193100598,0.9227795320940418,0.08013686217418776
2854,0.6273390965865739,0.9228016335044438,0.08012873625031275
2855,0.6273890722012814,0.9227957228855604,0.0801274967605452
2856,0.6274407254639343,0.9227848355102051,0.08012503741908582
2857,0.627442018201751,0.9227985667464016,0.08012358829173556
2858,0.6274428863718696,0.9227982131853241,0.08012038215240627
2859,0.6274493451016093,0.9227927099302909,0.08012387184622465
2860,0.6274277316962752,0.9227915147401266,0.08012744754906276
2861,0.6274291224896488,0.9227730258016038,0.08013107580403074
2862,0.6274413913661603,0.9227590716682063,0.08013396577260498
2863,0.6273892188905824,0.9227422698309122,0.08014032555364721
2864,0.6273689566861274,0.9227356213454323,0.08014439748270671
2865,0.6273532663127583,0.9227639331330225,0.08014310862723548
2866,0.6274185837864521,0.9227564583906765,0.0801365313466572
2867,0.6274254645960806,0.9227453596472857,0.08013829801108037
2868,0.627482546882047,0.9227506976509455,0.08013235564157402
2869,0.6274739186858843,0.9227483034275618,0.08013534933372157
2870,0.6274884036175057,0.9227908729499097,0.08012870742538288
2871,0.6274447329250842,0.9227847163754941,0.08013409543961064
2872,0.6274791466513937,0.922813462428321,0.08012821489073704
2873,0.6275728726844381,0.9228598557905837,0.08011191117857408
2874,0.6276551422423375,0.9228696440521545,0.08010295135396336
2875,0.627708945038652,0.9228826143634233,0.08009758565109307
2876,0.6276977266006006,0.9228804584094614,0.08009919843227643
2877,0.62770512153779,0.9228821993134628,0.08009832133945362
2878,0.6276774422008088,0.9228857810409006,0.08010394476085805
2879,0.6277037302562819,0.9228969066856778,0.08010124103167156
2880,0.6276937224159665,0.9229015414102378,0.08010189845438988
2881,0.6276756783247812,0.9228815459940803,0.08010744602160214
2882,0.6276238983310943,0.9228636950027193,0.08011786830449026
2883,0.6276535885510941,0.9228779681096978,0.08011210438325661
2884,0.627715037769838,0.9228960419982599,0.08010437680958593
2885,0.6276894008508629,0.9228888016822805,0.08010984124931624
2886,0.627656184807398,0.9228773724361432,0.08011516143184089
2887,0.6276575951793434,0.9228908116001453,0.08011491603885866
2888,0.6275825877303762,0.922856577664506,0.08012840268514959
2889,0.6275716243556712,0.9228342802582893,0.08013415694151371
2890,0.627588467856829,0.9228413899103922,0.08013380700863504
2891,0.6275653097533809,0.9228407289048993,0.08013680028730644
2892,0.6275511528469784,0.9228241384356409,0.08014272917588215
2893,0.6275814915971338,0.9228217326830914,0.08014725125460657
2894,0.6275855036922571,0.9228202953804501,0.08015363079101473
2895,0.6275773965975613,0.9228396912799979,0.08015230521540534
2896,0.6276131976339666,0.9228547675855112,0.08014653641703949
2897,0.6276203847704597,0.9228502250942757,0.08014654552054805
2898,0.6276177125981938,0.9228299068614823,0.08014966096239198
2899,0.6275921528453433,0.922816625262743,0.08015765325442575
2900,0.6276732590341054,0.9228213944942347,0.08014976129597327
2901,0.6277422329686535,0.9228417819020216,0.08014056001343853
2902,0.6277243924191463,0.9228331888306152,0.08014429744101728
2903,0.6277087970975825,0.9228357675206481,0.08014678589392524
2904,0.6278326904710176,0.9228184584000689,0.0801437103053179
2905,0.6278300876638037,0.9227794782912692,0.08015176041835251
2906,0.6278372484040549,0.9227599363556241,0.08015615907125481
2907,0.6278981572091855,0.9227715231670243,0.08014883745191256
2908,0.6278853227426758,0.9227775836650601,0.08014955619162299
2909,0.6279029692098385,0.9227700551199414,0.0801510759364604
2910,0.6279820485743933,0.9228168789043856,0.08013582710049857
2911,0.6279390698442975,0.9228194499083081,0.08014056419605957
2912,0.6279370062424069,0.9228094233773155,0.0801423519920975
2913,0.6278851110113965,0.9228213483775723,0.08014789989468073
2914,0.6278921646800619,0.9228243113731245,0.08014794725195355
2915,0.6279374072820335,0.9228325086098463,0.08014248956433369
2916,0.6279487830833269,0.9228228048954897,0.08013997227232762
2917,0.6280074217502479,0.9228292535420998,0.08013616187726778
2918,0.6280078384043818,0.9228201455012977,0.08013961099421779
2919,0.6280674401719274,0.9228161371947338,0.0801352135062905
2920,0.6280241202644188,0.9228105955091487,0.08014109476739116
2921,0.6280459728419526,0.9228292458559894,0.08013761729195854
2922,0.6280549505585505,0.9228186390236629,0.08013926852290153
2923,0.6280415971845431,0.922815799005877,0.0801421758353861
2924,0.6280242764299258,0.922812958988091,0.08014642802586018
2925,0.6281078235898698,0.9227175820443668,0.08015582863871908
2926,0.6281431894212239,0.9227169018235981,0.08015253103562416
2927,0.6281356583582527,0.9227176819638018,0.0801578357300226
2928,0.6281481916829317,0.9227234350174224,0.0801573269864812
2929,0.6281835576525346,0.9227278775892229,0.08015261984205559
2930,0.6281669868434965,0.9226987818183737,0.08016214330873996
2931,0.6281242593524548,0.9226817762991546,0.08017064450595149
2932,0.6281252364045858,0.9226852158335503,0.08017060978805635
2933,0.628128117159303,0.9227008570681767,0.08017099877734388
2934,0.628142677994013,0.9227204412774288,0.08016845141071283
2935,0.6281687407442417,0.9227293763807473,0.08016490117933699
2936,0.6281963122755233,0.9227212022023565,0.08016490609041066
2937,0.6281739294454761,0.9227140349044258,0.0801685059363468
2938,0.6281819879107733,0.9227312825361219,0.08016786378763811
2939,0.6281584342397369,0.9227348834788356,0.08017222832418605
2940,0.6281679136278091,0.9227095769604046,0.08017563577274485
2941,0.6281382748228527,0.9227198686622053,0.08017854534649123
2942,0.6281558723810793,0.922716659711121,0.08017703335131343
2943,0.6282604179619953,0.9227181277582039,0.0801657171092443
2944,0.628263324901081,0.9227164137555889,0.08016535961505403
2945,0.628201448395303,0.922708719959097,0.08017626586881353
2946,0.6282025209584694,0.9227015488181111,0.08017748783473092
2947,0.628171787182815,0.9227144230530001,0.08018125341192484
2948,0.6282025028814062,0.9227359864356753,0.08017936621847971
2949,0.6282857158598765,0.9227369433564179,0.08017241581670127
2950,0.6282752971593575,0.92276750717435,0.08017320246701501
2951,0.6282503512593829,0.9227625534762091,0.08017555530898239
2952,0.6282801114665855,0.9227495101468917,0.08017459354195729
2953,0.6283019212562335,0.9227377042813456,0.08017607428422886
2954,0.6282976085455844,0.9227334115886976,0.08017831863018583
2955,0.6282966623851403,0.9227332655526003,0.08018030573068942
2956,0.6282682874534983,0.9227164175986441,0.08018643585468098
2957,0.628298361529451,0.9227031552151808,0.0801861693193158
2958,0.6283380294448206,0.9226980247365011,0.08018343366076919
2959,0.6283740301442248,0.9227186965303722,0.08017782834214225
2960,0.6283345534766525,0.922715529852895,0.08018468621594257
2961,0.6283479598229464,0.922728100486424,0.08018191987511342
2962,0.628339414268806,0.9227192076567126,0.08018473745004175
2963,0.6283462602382727,0.9227220630467193,0.08018463802741448
2964,0.6283563638344476,0.92271542993346,0.08018728836234497
2965,0.6283831219663569,0.9227391300548214,0.08018130613161092
2966,0.6283494160434512,0.9227500673898943,0.08018194491779002
2967,0.6284244481509892,0.9227540065214648,0.08017557654302941
2968,0.6284579306279097,0.9227529996410049,0.08017484597531338
2969,0.6284741809246932,0.9227450483598152,0.08017863736616362
2970,0.6284469025764515,0.9227394336561815,0.08018416224621192
2971,0.6283864685608607,0.9227126859920538,0.08019764829845928
2972,0.6283804488860735,0.9227236848160097,0.08019745520072614
2973,0.6283183714283732,0.9227062373454438,0.08021272409318235
2974,0.6283262356262654,0.9227171900527374,0.08021045138445096
2975,0.6283344178138783,0.922706725413453,0.08021066539562732
2976,0.6284678965229114,0.9227091350090576,0.08020466865497193
2977,0.6285041524105301,0.9226982668489782,0.08020316235792527
2978,0.6284379055725491,0.9226804004853963,0.0802126729633527
2979,0.6284380410593606,0.9226853810849235,0.08021155681997018
2980,0.6284334677827607,0.9226997464252266,0.08021044637265155
2981,0.6284146298168684,0.9226917259690435,0.08021285830661293
2982,0.6284113582947409,0.9227009070278942,0.08021343371672586
2983,0.6284086686008005,0.9226882556902062,0.08021782847505934
2984,0.6284593515706592,0.922707351831449,0.08021072287543946
2985,0.6284717617338194,0.9226911418246545,0.08021662718156905
2986,0.6284867833518956,0.9226942201118623,0.08021453178403895
2987,0.6284792119291442,0.9226769571079454,0.08021730879356018
2988,0.6285039326225788,0.9226955267506272,0.08021202441172769
2989,0.6284890154189535,0.9226896353470196,0.08021472789308283
2990,0.6284961805644856,0.9226846970210996,0.08021500193472483
2991,0.6284572094732307,0.9226744629651266,0.08022234881871333
2992,0.6284173248774756,0.9226975212962711,0.08022554544442217
2993,0.6283536699197506,0.9226881672999369,0.08023546692066023
2994,0.6283536699197506,0.9226881672999369,0.08023526013261446
2995,0.6283507943712323,0.9226931748008503,0.0802360591165643
2996,0.628425504846594,0.9226997195238402,0.08022909623062635
2997,0.6283844419700715,0.9226123553501888,0.08025144140794875
2998,0.6284283856834398,0.9226306098623449,0.08024564014833029
2999,0.6284497186140319,0.9226478459648755,0.08024273973500447
3000,0.6284483946102666,0.9226246300684681,0.08024592889792936
3001,0.6284153746017054,0.9226185349829356,0.08025208609249695
3002,0.6283459897948194,0.9226246223823578,0.08026172065164612
3003,0.6283245911459286,0.9226040082343145,0.0802647220678463
3004,0.628369092427356,0.9226088543269101,0.08026076089748425
3005,0.6284219353207056,0.9226181967940787,0.08025745477992256
3006,0.6284130368491305,0.9226143575819432,0.08025780306567931
3007,0.6284362108478845,0.9226144075416607,0.0802541207468676
3008,0.6284518301362478,0.9226219245576138,0.08025415687970193
3009,0.6284701310640268,0.9226217938937373,0.08025460317390201
3010,0.6284619364321002,0.9226064139868639,0.0802578117540868
3011,0.6284797267217358,0.922619995343908,0.08025562722524382
3012,0.6285105379240795,0.9226327927176933,0.08025077632590866
3013,0.6285520890367648,0.9226559893988246,0.08024367616868337
3014,0.6285650651574659,0.9226588985916041,0.08024415231122607
3015,0.6286111408831042,0.9226686676378989,0.08023696686344993
3016,0.6286377402145525,0.9226751047553434,0.0802332773601592
3017,0.6285890517184061,0.922639717903147,0.08025133364120013
3018,0.628614961710075,0.922619691742548,0.08024922795317758
3019,0.6286597860967424,0.9226439798513535,0.0802426347766511
3020,0.6287543537208945,0.9226505476326745,0.08023539250892572
3021,0.6287847064176965,0.9226437992277596,0.08023604235932374
3022,0.6287775125719592,0.9226672226491472,0.08023400825952903
3023,0.6288011942145018,0.9226564659376683,0.08023483784668849
3024,0.6287966213598787,0.9226542753962096,0.08023580665987495
3025,0.6288296436211434,0.922655854891893,0.08023391604238843
3026,0.6288267025130959,0.9226581453527867,0.08023457362282221
3027,0.6287810375071582,0.9226430613611629,0.08024202145580878
3028,0.6288324045158287,0.9226395526517738,0.0802362503689063
3029,0.6288504223710983,0.9226449290859856,0.08023531667167705
3030,0.6288941187506841,0.9226609776844622,0.08022882609617611
3031,0.6289107164755317,0.9226670804561051,0.0802275116409718
3032,0.6289112814170809,0.9226584604833123,0.08022976173887117
3033,0.6288963737276626,0.922626701475216,0.08023805524699056
3034,0.6289081081778186,0.9226115214072125,0.08024372557523114
3035,0.6289332897620217,0.9226389761934952,0.0802389967761466
3036,0.6289353478329156,0.9226791899230112,0.08023525024511073
3037,0.6289054647955864,0.9226826409865725,0.08024279841752481
3038,0.6289244957465931,0.9226878675416319,0.08024081865608262
3039,0.6289129041229337,0.9227094501395833,0.08023935883750842
3040,0.6288662960164755,0.9227158219250895,0.0802452739769587
3041,0.6288613319365365,0.9227467892638166,0.08024208816312076
3042,0.6289239980325996,0.9227608586888699,0.08023707564793943
3043,0.6289190815620102,0.9227559549504465,0.08024093289936919
3044,0.6288952712998988,0.9227515008494804,0.08024750660073586
3045,0.6289467965142433,0.9227557896990733,0.08024283264380652
3046,0.6289044082655544,0.9227550633616423,0.08024757089712208
3047,0.6288998996618157,0.9227435649405116,0.08025079690464088
3048,0.6288686361487608,0.9227487838094606,0.0802559895687644
3049,0.6288949728406403,0.9227846395143903,0.08024862426641732
3050,0.6288624017522968,0.922778671249679,0.08025586886354175
3051,0.6288668851247721,0.9227775759789497,0.08025701559245452
3052,0.6288640318347335,0.9227646248829569,0.08025951447264676
3053,0.6288095243630749,0.922733523037298,0.08027141243354816
3054,0.6288504036967341,0.9227391800145389,0.08026443862041575
3055,0.6288553321026731,0.9227379886674297,0.0802639047280353
3056,0.6289017569264991,0.9227299528390259,0.08026266221118819
3057,0.6289245512911884,0.9227083394966331,0.08026352290398135
3058,0.62893958368714,0.9227226433480531,0.08026250395951781
3059,0.6289084695472449,0.9227202222232829,0.08026936611983113
3060,0.6289130470447678,0.9227285693391573,0.0802692227469904
3061,0.6289112730516467,0.9227158603556413,0.08027135869342736
3062,0.6288774956212893,0.92271210569072,0.08027311044891915
3063,0.6288756245430965,0.9227146882238082,0.08027243323511632
3064,0.6288485006329814,0.9226987856614289,0.08028034240847284
3065,0.6288565332299849,0.9227057031607723,0.08027990527018505
3066,0.6288832950708098,0.9227131048850696,0.08027687802767747
3067,0.6289012571263011,0.9226937589452394,0.08027980097375123
3068,0.6289044696209045,0.9227025902860677,0.08028210517132961
3069,0.6289061685684596,0.9226904193302786,0.08028398145763878
3070,0.6289421219923401,0.9226927059481171,0.08028199164717978
3071,0.6289598425350144,0.9227121518073823,0.08027730603766325
3072,0.628922711460326,0.9226946505340436,0.08029303827501583
3073,0.6289702179685878,0.9227171477791303,0.08028514960842104
3074,0.628993104812878,0.9226946659062644,0.08028898426214272
3075,0.6290111505298316,0.922697759565693,0.08028802144665863
3076,0.6290196740570675,0.9227093694354243,0.08028999640261984
3077,0.6290512659304731,0.9227162369750501,0.08028785797790539
3078,0.629087170302448,0.9227250183561609,0.0802809983704323
3079,0.6290425647321806,0.9227283272266802,0.08028809645786715
3080,0.6290924536060424,0.9227680644173526,0.08028217724075036
3081,0.6290994182045613,0.9227487415358535,0.08027963139498188
3082,0.6290338247585502,0.9227585759140866,0.08029585517879845
3083,0.6289881565264405,0.9227560164393296,0.0803035759761761
3084,0.6289798641607345,0.922741236049066,0.080309027161897
3085,0.6289807335363575,0.9227412129907347,0.0803122865718551
3086,0.6290062604800016,0.9227539604048025,0.08030719166373106
3087,0.6289919889107848,0.9227454903111622,0.08030958436469707
3088,0.629027572778379,0.9227412245199004,0.08030926313970221
3089,0.6291102471229084,0.9227644634746388,0.08029950588653902
3090,0.6291216998295867,0.9227726991419126,0.0802998423286925
3091,0.6291817070606068,0.9227793476273927,0.08029307688428353
3092,0.6291515243691277,0.9227620769373654,0.08030079595258394
3093,0.6291463523558527,0.9227900197916574,0.08030017143874205
3094,0.629148015636997,0.9228246918355884,0.08029798324789048
3095,0.6290781167744487,0.9228190848180651,0.08030955593248089
3096,0.6290815723952073,0.9228139966129925,0.08031383322865654
3097,0.6290620013255771,0.9228096040009095,0.08031631670736115
3098,0.6291530005368511,0.9227955345758561,0.08031860244644909
3099,0.6291906683094008,0.9227971909326433,0.08031494314988333
3100,0.6291868947775806,0.9228063835206596,0.08031355326593999
3101,0.6292276654925477,0.9228160372752988,0.08031031742871123
3102,0.6292221163331269,0.9228136661102461,0.08031196781045552
3103,0.6292216569523533,0.922813504701928,0.08031138888847957
3104,0.6291951161365569,0.9228292035823823,0.08031733018989144
3105,0.6291947527807419,0.9228331619292288,0.08031884784046324
3106,0.6291898231767121,0.9228180049195565,0.08032150079582184
3107,0.6292709792479052,0.9228199687207589,0.08031593706974764
3108,0.6292740006346808,0.9227780755761245,0.08032456918725533
3109,0.6292547931117737,0.9227690636117022,0.08033087064838348
3110,0.6292070328903061,0.92279007359443,0.08033680181305464
3111,0.6292049801623695,0.9227902849624655,0.08033688969926503
3112,0.6291882549248782,0.922782214546565,0.08034023241214902
3113,0.6292283311388283,0.9227914570942987,0.08033438007741628
3114,0.6294093987310879,0.9228020254960733,0.08031678101204116
3115,0.6294336827085436,0.9228342802582893,0.08031099688050501
3116,0.629444441439552,0.9228227088191099,0.08031378351045473
3117,0.6295422852682054,0.9228401639757863,0.08030314647931967
3118,0.6295597174044077,0.9228509206872653,0.08030259729104641
3119,0.6295428634137964,0.9228400217827443,0.0803091890417282
3120,0.6295349666610398,0.9228412899909573,0.08030995072676925
3121,0.6295840833121495,0.9228377543801817,0.08030743389537531
3122,0.6296246387106985,0.9228506977900642,0.08030119003734071
3123,0.6296469452768514,0.9228622846014644,0.08029913840920277
3124,0.6296927608162888,0.9228581648462998,0.0802967028342834
3125,0.6297321052162103,0.9228694403702294,0.08029182312833573
3126,0.6297210685719584,0.9228701013757223,0.08030833196464744
3127,0.6297205487129708,0.9228788135818398,0.08031036333484208
3128,0.6297129220530305,0.9228759774071089,0.08031525063974189
3129,0.629753885320614,0.922895200369173,0.0803107356174278
3130,0.6297755325125332,0.9228948468080955,0.0803100259489162
3131,0.6297959501772991,0.9228772302431011,0.08031377546000128
3132,0.6298237223106318,0.9228888862294947,0.08031321670992214
3133,0.6298470833147596,0.9228799703414522,0.08031437846273685
3134,0.6298301280307367,0.9228809003608083,0.08031908506488547
3135,0.6298817321240845,0.9228947584178262,0.08031469508312468
3136,0.6298752525645086,0.9229170711962636,0.08031334934102334
3137,0.6298769364902886,0.9229156953825054,0.08031614797558154
3138,0.6298643499339498,0.9229188390016514,0.08031684471178634
3139,0.629888600396007,0.9229380004748325,0.08031263364984088
3140,0.629888600396007,0.9229380004748325,0.08031260602403957
3141,0.6298777598672015,0.9229174862462243,0.08031831436459291
3142,0.6298862346358899,0.9229249187149632,0.08031774514529383
3143,0.6298248345234451,0.9229381810984265,0.0803271101035129
3144,0.6298463802008898,0.9229604016435394,0.08031986912534447
3145,0.6298688176650028,0.9229519277068439,0.08031826031741628
3146,0.6298337625591789,0.922943369222934,0.0803268289343464
3147,0.6298041503882195,0.9229215675708369,0.08033254901480551
3148,0.6298333967716758,0.9229220056791286,0.08033127056474032
3149,0.6298189643019592,0.9229094043011581,0.08033803438140076
3150,0.629809918502483,0.922889639468312,0.08034536811763367
3151,0.62978016577792,0.9228802355122603,0.08035231433484381
3152,0.6297774980681029,0.9228857387672935,0.08035262168266025
3153,0.6297971758030259,0.9228991971465715,0.08035080390384522
3154,0.6297987109070124,0.9228843437382592,0.08035264752145693
3155,0.6297679092824272,0.9229043391544167,0.0803533474713526
3156,0.6297547023537804,0.9228958498455003,0.08035829964418567
3157,0.6297825247304346,0.9229011571047188,0.08035904869733501
3158,0.6297681011988555,0.9229020064199159,0.08036167987334294
3159,0.6297879846969774,0.9228943664261967,0.08036322623340743
3160,0.6298000021157697,0.9228923834097182,0.08036501174977755
3161,0.6297621742024452,0.9228898969530098,0.08036655581678913
3162,0.6297173815117048,0.9228965761829314,0.08037321075113203
3163,0.6296301746495986,0.9228619464126075,0.08039143631166491
3164,0.6296691492869306,0.9228713926422664,0.08038591844244393
3165,0.6297051813066575,0.9228803853914127,0.08038456597806426
3166,0.6297420126358122,0.9228913380987064,0.08038016974392147
3167,0.6296713670955074,0.9228936439318208,0.08038803348696968
3168,0.6296915895506145,0.9228970988384373,0.08038779530641302
3169,0.6296367093358043,0.9228943817984174,0.0804003671221947
3170,0.6296991313496938,0.9229003500631288,0.08039461899187826
3171,0.629759957680935,0.9228880753448494,0.08039148148857327
3172,0.6297857392615184,0.9228824375828846,0.08039068189211998
3173,0.6297973611940322,0.9229003615922943,0.08038953289303812
3174,0.6297684064178539,0.9229074251277349,0.08039348811908271
3175,0.6297737336578241,0.9229065950278137,0.0803927324646761
3176,0.6298068939042013,0.9229253260788134,0.08038898838219262
3177,0.6298047568552368,0.9229355562917312,0.08038923514571074
3178,0.6297816375990163,0.922916029728307,0.08039520933206334
3179,0.6297795685868443,0.9229141696895946,0.08039574198795352
3180,0.6297899690552595,0.9228987667243901,0.08040237656459323
3181,0.6298538646219235,0.9229003500631288,0.08039632924930531
3182,0.6299020765301836,0.9229729146312405,0.08038554640637892
3183,0.6299171292006878,0.9229747477685665,0.080388606999623
3184,0.6299384181552635,0.9229672691831653,0.08038693898625658
3185,0.6299408273126985,0.9229786369404196,0.08038843498362014
3186,0.6299119978848664,0.9229544948677112,0.08039872533395848
3187,0.6298854374538839,0.9229604439171465,0.08040508251483483
3188,0.6299146936406794,0.9229693713343546,0.08040388194514657
3189,0.629826474562232,0.922948607307159,0.0804182620380501
3190,0.6298298476213203,0.9229467280531707,0.08041733908584844
3191,0.629837726564511,0.9229504481305953,0.08041669386086402
3192,0.6298890546598577,0.922968249162239,0.08040951699297713
3193,0.6298928221518578,0.9229699746940196,0.08041084171081635
3194,0.6299014951397823,0.9229678033678368,0.08041268307271668
3195,0.6298979087019184,0.9229571734771792,0.08041800363296879
3196,0.6299928816323158,0.9229802932972068,0.08040507776840422
3197,0.63005320566269,0.9229838903968653,0.08040202153631144
3198,0.6301006570895316,0.9230105035540613,0.08039941177018801
3199,0.6301424715749322,0.923006026394764,0.08039536945044228
3200,0.6301389596050602,0.9230048312045998,0.08039895799586319
3201,0.6301651056706684,0.9230153765480431,0.08039603302632768
3202,0.630203871740488,0.9230364134321574,0.08038861030830248
3203,0.6302293692042961,0.9230343766129062,0.0803877184534661
3204,0.6302424865304233,0.9230699056581447,0.08038301821528526
3205,0.6303802911608594,0.92316298829792,0.08036246064632915
3206,0.6303648774995071,0.9231584650219605,0.08036674248775791
3207,0.6303758877627829,0.9231819537752863,0.08036334725807814
3208,0.6303548596493169,0.9231793520269223,0.08036960193250549
3209,0.6303374354480827,0.9231738718302203,0.08037747237195039
3210,0.6303260342070106,0.923184344155615,0.08037978580558329
3211,0.6303504536672365,0.9231409560625115,0.0803873806144274
3212,0.6303945342421275,0.9231814926086634,0.08039465102582305
3213,0.6304485883208195,0.9231874762455955,0.08038721779975365
3214,0.6304157782960907,0.9231915460410425,0.08038938605830818
3215,0.6304705463228081,0.923179205990825,0.0803931625542656
3216,0.6304358142336238,0.9231591260274533,0.08040546879287859
3217,0.630436177152006,0.9231839214195441,0.08040111583460978
3218,0.6304407915615223,0.9231606363481433,0.08040584643784313
3219,0.6305001177725797,0.9231590491663495,0.0804022434772135
3220,0.6305400784573167,0.923185189627757,0.08039674493771945
3221,0.6306014259395708,0.9231718388540243,0.08039341056800657
3222,0.6306575882860848,0.9231685261404499,0.08038874618164195
3223,0.6306276999206374,0.9231419206693643,0.08039713261719536
3224,0.6306202509306997,0.9231435578108755,0.08039754217731306
3225,0.6306500290891953,0.9231505060546604,0.0803924530789786
3226,0.6306902460104871,0.9231915460410425,0.0803894284072799
3227,0.6307059212994249,0.9232089166505048,0.08038902534883269
3228,0.6307096518568618,0.9231973836418772,0.08039367380683442
3229,0.6306841097167604,0.9231938134436051,0.08039728820439446
3230,0.6306542384443414,0.9231859851401815,0.08040328146973594
3231,0.6306813011937012,0.9231929679714631,0.08040355082966978
3232,0.630544084118253,0.9231564128304887,0.08042969607880476
3233,0.6305634040686977,0.9231521470392269,0.0804317474588005
3234,0.6305884261411139,0.9231274784679574,0.080433323376913
3235,0.6306147617619815,0.9231363981990551,0.08042997381513997
3236,0.6306022334946313,0.9231366518406978,0.08043525922786317
3237,0.6305452706435459,0.9231409099458491,0.08044139058541999
3238,0.6305824512945416,0.9231528849058235,0.08043888060226465
3239,0.6305769118765893,0.9231610667703246,0.08044169187674415
3240,0.6305088980684812,0.9231339847603954,0.08045676505769582
3241,0.6305595208191341,0.9231637838103445,0.08044712381082395
3242,0.6305178098558403,0.9231373628059081,0.08045386082368432
3243,0.630561216988781,0.92312511114596,0.08045408836018066
3244,0.6306186532257976,0.923134599649226,0.08044591399934324
3245,0.6306009004246355,0.9231611897480907,0.08045071446702913
3246,0.6306204380500443,0.9231758433175331,0.08044658857750245
3247,0.6306082124522217,0.923175943236968,0.0804529153364295
3248,0.630673093022344,0.9231887406107533,0.08044729414856475
3249,0.6307207664388244,0.9231918304271266,0.08044182298157398
3250,0.6306766203733759,0.923208782143573,0.08044613673013
3251,0.6306835788003915,0.9231896091412264,0.08044780774909474
3252,0.630731432877158,0.923208943551891,0.08044102227333877
3253,0.6307029407444555,0.9231800207185255,0.08044903153988418
3254,0.6307455779062844,0.9231938595602673,0.08044939446708672
3255,0.6307589154335479,0.9232002736193807,0.08045363826855213
3256,0.6308942293616719,0.9232296883638107,0.08043944235175
3257,0.6309152951544952,0.9232259798155517,0.08043810127031939
3258,0.6309670224358489,0.9232417978307168,0.08043359210855766
3259,0.6309511365687376,0.9232271442612744,0.08043772420074596
3260,0.6309805572820856,0.9232432966222411,0.08043360648230952
3261,0.6309896402433274,0.9232376242727797,0.08043614338207221
3262,0.6310406010046901,0.9232454948498103,0.08043090057370128
3263,0.631050542799789,0.9232502679243572,0.08042989842936414
3264,0.6310415565312723,0.9232373475728058,0.08043359568590587
3265,0.6311324565526217,0.9232371900075431,0.08042700943844684
3266,0.631130824365347,0.9232420514723594,0.0804270835509394
3267,0.6310772991869799,0.923252600658858,0.08043344070247865
3268,0.6310739806326041,0.9232431006264264,0.08043769381089852
3269,0.6310678434367604,0.9232260528336003,0.080444811956015
3270,0.6310695815169103,0.923222663258922,0.08046511187161717
3271,0.6311370716673921,0.9232499143632796,0.08045636974918578
3272,0.6310755448397302,0.9232426356167484,0.08046848581297189
3273,0.6310796728208062,0.9232377088199938,0.0804745711822642
3274,0.6310432113100247,0.9232326244579765,0.08047991682442365
3275,0.6310443397570723,0.9232401952767022,0.08048037537618627
3276,0.6311027820817025,0.9232536305976491,0.08047442469426364
3277,0.6311308826382157,0.9232551678197254,0.08047347256283773
3278,0.6311798899042813,0.9232753131150353,0.08046936825262065
3279,0.6311292214862743,0.9232406256988837,0.08048205456586909
3280,0.6311768655821047,0.9231978140640587,0.08048950602502676
3281,0.6311652936935229,0.923186842141489,0.08049605474061204
3282,0.6311435344708987,0.9231860696873957,0.08049895440138607
3283,0.6312048499912212,0.9231630997465206,0.08049754924758908
3284,0.6314836612292214,0.9232303877998554,0.08046568028874745
3285,0.6314685108663802,0.9232315945191854,0.08046791830114154
3286,0.6314345930658245,0.9232281319264585,0.08047464693460603
3287,0.6314553434264543,0.9232206648702228,0.08047562959261537
3288,0.6314671144578005,0.9232076830297885,0.08047997023330251
3289,0.6314879677885932,0.9232110495461355,0.0804795897276544
3290,0.6314516948171358,0.9232152807499006,0.08048311633133233
3291,0.6314735791280743,0.9232094047185139,0.08048479741441648
3292,0.631446819417457,0.9231891671898794,0.08049199043907682
3293,0.6314539203916397,0.9232000315069037,0.08049907485219716
3294,0.6314607081618019,0.9232020836983755,0.08049731014385057
3295,0.6314020381263242,0.923200139112449,0.08050763818705073
3296,0.6313994760326427,0.9232046892897948,0.08051157517433691
3297,0.6314101618422344,0.9232140778736259,0.08051024850763314
3298,0.6313977649988511,0.9232093739740724,0.08051502920041653
3299,0.6313580542886024,0.9232082133714048,0.08052291768187768
3300,0.631475394147384,0.9232327013190803,0.08051191663268886
3301,0.6314694161120515,0.9232236470810509,0.08051742939431998
3302,0.6314716818496844,0.9232152961221214,0.08052164121880259
3303,0.6315019970291037,0.9232326897899147,0.080518168149201
3304,0.6315795688959142,0.9232454910067551,0.08051306193320072
3305,0.6315513428307413,0.9232409869460715,0.08051356108168649
3306,0.6315317176471189,0.9232318981205454,0.08052008900991331
3307,0.6315159228710184,0.9232384505296456,0.08052304944727347
3308,0.6314103949144835,0.9232058345202417,0.08054289891915697
3309,0.6314242129124945,0.9232022220483624,0.08054433418367761
3310,0.6313990770830128,0.9233017418055821,0.080540568477269
3311,0.6314207741048881,0.9233037171359502,0.08053948721925479
3312,0.6313626199159904,0.9232985597558843,0.080551824102943
3313,0.6313659480709002,0.9233154538265028,0.08055387063537532
3314,0.6313475943454657,0.9233136744919495,0.0805592402007059
3315,0.6313143614030716,0.9233060844579477,0.08056549879868057
3316,0.6312671877250484,0.9232837332489583,0.08057714993227978
3317,0.6312748689041652,0.9232860890417902,0.0805756441459073
3318,0.6312382440420162,0.9232932140661139,0.08057838601200726
3319,0.6312564235602008,0.9232921994995436,0.08057725439559744
3320,0.6313261224214678,0.9233206688523966,0.0805700008131614
3321,0.6313111158771433,0.9233181016915292,0.08057287789998378
3322,0.6313361421490989,0.923323174524381,0.08057040606645827
3323,0.631356624649952,0.9233201500399458,0.08057058634625437
3324,0.6313683257170872,0.9233100889214565,0.08057453309868381
3325,0.6314201541674127,0.9233254534561091,0.0805676970920807
3326,0.6313735175100247,0.923309696929827,0.08057340790520959
3327,0.6313975207553284,0.9233181670234675,0.08057346762450156
3328,0.6313665288971148,0.9233078714786114,0.08058373408429226
3329,0.6313963526016383,0.9233076255230792,0.08058414964920352
3330,0.6314108403479483,0.9233046048816993,0.08058519419948078
3331,0.631402796912635,0.9233133670475342,0.08058550233470149
3332,0.6314866816064902,0.9233209263370944,0.08058009598912001
3333,0.6314767645018209,0.9233087630674157,0.08058606955660302
3334,0.6314512341564972,0.9233114032463318,0.08058831767490793
3335,0.6314524227767905,0.9233177904040587,0.08058827071512518
3336,0.6313778197004222,0.9233191008858788,0.08060000820515223
3337,0.6313803773812504,0.9232917729204173,0.08061468674113413
3338,0.6314371264265168,0.92329666128662,0.08061002386493858
3339,0.6314187864936539,0.923292572275897,0.08061653560239883
3340,0.631430404543047,0.9233048777386178,0.08061221748588493
3341,0.6314732154959055,0.9232960041241823,0.08061098037467669
3342,0.6314548725951877,0.9232961962769419,0.08061467419953597
3343,0.6314543490088531,0.9233190163386646,0.08061281941605732
3344,0.6315018741918685,0.92331529626124,0.08060950417287517
3345,0.6315243058190774,0.9233091550590451,0.08060811242281221
3346,0.6315537430296798,0.9233146967446302,0.0806055395242637
3347,0.6315410393620603,0.9233229362549592,0.08060857760616855
3348,0.6315454500606558,0.9233265141393417,0.08060849367914563
3349,0.6316414770631962,0.9233496493315901,0.08059595714889224
3350,0.6317001526174856,0.9233629732039365,0.08059047551142945
3351,0.6317078212893001,0.9233604444736209,0.08058674395047939
3352,0.6317916038434359,0.9233944401398383,0.08057708297984492
3353,0.6317891788384392,0.923380612827262,0.08058534989411015
3354,0.6318107179649005,0.923374448566736,0.08058473777216874
3355,0.6318838659885864,0.9233528967132263,0.08059222097316439
3356,0.6319323408042349,0.9233521511605193,0.0805897140390053
3357,0.6320091925829947,0.9233562209559663,0.0805842630030064
3358,0.6320768886070499,0.9233724155905401,0.08057859912509317
3359,0.6320889403152411,0.9233472474220958,0.08058043733806872
3360,0.6320842289285108,0.9233524432327138,0.0805861915285012
3361,0.632097772287153,0.9233091012562724,0.08059438085851216
3362,0.6321290521167717,0.9233424013295003,0.08060645209346139
3363,0.6321746334863336,0.9233484541414257,0.08060147621216174
3364,0.6322172135911097,0.9233640146718931,0.08059611540421015
3365,0.6322511486430052,0.9233702634796332,0.08059477255714113
3366,0.6323394936532382,0.9233988481241421,0.08059381137574824
3367,0.6323459398916272,0.9234227019677111,0.08058940998666739
3368,0.6323102051288211,0.9234228057302013,0.080598943476938
3369,0.6323273144683722,0.923429085282383,0.08060107215860103
3370,0.6323614951165941,0.9234369520163584,0.08059655464658923
3371,0.6323677058804067,0.9234408757757082,0.08059830705547394
3372,0.6324269913375263,0.9234298193059244,0.08059995951133081
3373,0.6324357287663495,0.9234288816004579,0.08060144220611193
3374,0.6323452075168533,0.9234285510977115,0.0806164393460309
3375,0.6324005733240003,0.9234051891652069,0.08064856175277853
3376,0.6324605060157462,0.9234068570511597,0.08064332320353017
3377,0.6324079654309148,0.9234040516208704,0.08065113062591134
3378,0.6323712102139037,0.9234019571557914,0.08065269675630717
3379,0.632415850639537,0.9234297270725998,0.08064811065941031
3380,0.6325388289774391,0.9234728077212881,0.08063464311739002
3381,0.6325108044454245,0.9234615091390274,0.08063854016057959
3382,0.6325448011766096,0.9234768083417417,0.08063836396457057
3383,0.6325714208788044,0.923470790117313,0.08064426286851933
3384,0.6325772516858018,0.9234749521460847,0.08064653202972064
3385,0.6326678443054432,0.9234763740765052,0.08066640006035125
3386,0.6327403226660689,0.9234992902146076,0.08065883848524909
3387,0.63282031994657,0.9235192702585444,0.08065101851410666
3388,0.6328267812123973,0.9235092437275517,0.08064884373092215
3389,0.6328382196942337,0.9235137362590697,0.08064674429597439
3390,0.6328317996992802,0.9235119722967371,0.08064740338579753
3391,0.6328315062165694,0.9235108501246214,0.08065118487528958
3392,0.6328662543641876,0.9235152888533668,0.08065114581654624
3393,0.6328764642274207,0.923501250172755,0.08065597193379154
3394,0.6328685183842281,0.923495208889995,0.08065840772585749
3395,0.6328749248492221,0.9234933450082276,0.08066007465792749
3396,0.6326522830763643,0.923412183525654,0.08071427839935275
3397,0.6326550344828082,0.9234177175251287,0.08071690677808009
3398,0.6326678860091065,0.9234265334937363,0.08071558476369041
3399,0.6326861347984118,0.9234620817542508,0.08070884255790131
3400,0.6327011886848964,0.9234680615481276,0.0807058375948797
3401,0.6327591593131383,0.9234431124338293,0.08073375723030313
3402,0.6327590163903102,0.9234292582198665,0.08073769197079009
3403,0.6327690649555016,0.9234188204819684,0.08073965464212604
3404,0.6327901653522339,0.9234374400843677,0.0807365256588009
3405,0.6327936869356896,0.9234419979478239,0.08073697032714304
3406,0.6327974754609864,0.9234249808994393,0.0807422783070976
3407,0.6328473558972613,0.9234480430736389,0.08073698829760864
3408,0.6328594044417746,0.9234545032494146,0.08073897903999076
3409,0.6329087009872962,0.9234613246723782,0.08073565692974725
3410,0.632904032641333,0.9234699715465574,0.08073602793021797
3411,0.6329063443706477,0.9234729960309925,0.08074039953106252
3412,0.6329283051765239,0.9234774731902897,0.08073919134450093
3413,0.6329344714030777,0.9234786914387852,0.08073989899702595
3414,0.6330663360881372,0.9235068302888919,0.08072362372755768
3415,0.6331272887824587,0.9235098163427752,0.08071919503321413
3416,0.6331603774019655,0.9235176062156468,0.08072100294297331
3417,0.6331510984619243,0.9235119569245164,0.08072271909815192
3418,0.6331354940104016,0.9235083290804164,0.08072778059921076
3419,0.6331103562600763,0.923511003846829,0.08073696956968676
3420,0.6330685105256922,0.9235145202423286,0.08074192581906263
3421,0.6331044546200726,0.9235287433895896,0.08073886654779758
3422,0.6331033052913677,0.9235347385556871,0.08074355261802385
3423,0.6331097445535208,0.9235229519054171,0.08074909919865747
3424,0.6331192979601514,0.9235308032671719,0.08074698980542407
3425,0.6331523047973825,0.923553734777495,0.08074203628020356
3426,0.6331517702237536,0.9235509600916474,0.08074196819486416
3427,0.6332529160714706,0.9235711860911163,0.08072666374117493
3428,0.6332605605378046,0.9235808244735347,0.08073034098673054
3429,0.6332644708192634,0.9235647797181132,0.08073166688439923
3430,0.6332850192902231,0.9235678925928178,0.08073087918506766
3431,0.6332566959091169,0.9235833416746846,0.08073092754125254
3432,0.6332718957679178,0.9235858435036138,0.08073261901770824
3433,0.6332605165585653,0.923575190554625,0.08073920883403336
3434,0.6332364540324608,0.9235760513989878,0.0807409014955514
3435,0.6332678722984885,0.9235933413042909,0.08073730980476844
3436,0.633267342090104,0.9235911008031148,0.08074224957778367
3437,0.6334006848881467,0.923613225271848,0.08072615054496114
3438,0.6334066647590797,0.9236122376066639,0.08072296354842015
3439,0.6333949458332188,0.9236106504248701,0.08072961134079831
3440,0.6333977253631565,0.9235980029302373,0.08073594424504135
3441,0.6334152284908628,0.923597211260868,0.08073108567610834
3442,0.6334110933707878,0.9236081293806649,0.08073805019264449
3443,0.6334226790870908,0.9236124758760857,0.08072976338314773
3444,0.6334394812998573,0.9236169261339966,0.0807254172236939
3445,0.6334652686715241,0.9236206654266972,0.08072547549758059
3446,0.6334544840079582,0.923628274675975,0.08072951398836735
3447,0.633452450226537,0.9236307496035178,0.08073112865698825
3448,0.6334533275659507,0.9236350115517243,0.08073305557074169
3449,0.6335091790774819,0.9236424747649048,0.08072900316620733
3450,0.6334969552888101,0.9236458681826382,0.0807291256481048
3451,0.6334825748375624,0.9236482508768564,0.08073262529669017
3452,0.6334327504864504,0.9236329747324732,0.08074773282971492
3453,0.6334177026259333,0.9236516635098658,0.08074025315134851
3454,0.6334495280815203,0.9236453147826907,0.08073914779740422
3455,0.6334591074565713,0.9236349346906205,0.08074138362813837
3456,0.6335015742677366,0.923666313236253,0.08073686199408875
3457,0.6335137042616309,0.9236611251117455,0.08073794110015955
3458,0.6335057113388647,0.9236443194313964,0.08074433573962383
3459,0.6335370758608524,0.9236531507722247,0.08074097574184272
3460,0.6336278875296508,0.9236414947858311,0.08073802896076848
3461,0.6336191351930703,0.9236444155077761,0.0807403205154057
3462,0.6335537363155488,0.9236200543809219,0.08075782412481868
3463,0.6335222418133761,0.9236339662407124,0.08076682441796966
3464,0.6335293417884628,0.9236514213973889,0.08076313743379283
3465,0.6335309345945302,0.9236554642914495,0.0807653345891851
3466,0.6335683982093695,0.9236645031572581,0.08076324172700029
3467,0.6335833394666811,0.9236595456160621,0.08076316634787943
3468,0.6335154413467117,0.9236270756427554,0.08078136133272806
3469,0.6335597380533535,0.923644696050805,0.08077586268066367
3470,0.6335660497466471,0.9236261994261719,0.08078028750218184
3471,0.6335558132380417,0.9236235976778078,0.08078387436146972
3472,0.6335143408884959,0.9236244931096672,0.08079021739600395
3473,0.6335482844005855,0.9236370906445825,0.08078589310970276
3474,0.6335371120234531,0.9236302115757911,0.0807926079375569
3475,0.6334305113785506,0.9235878649506442,0.0808005811508046
3476,0.6334780281181351,0.9236087404264404,0.08079478901800909
3477,0.6334227107493379,0.9236060771891931,0.08080201370779752
3478,0.6335122539515786,0.9236328863422039,0.08078727740892853
3479,0.6335274089262648,0.9236336780115731,0.0807885288900966
3480,0.6334550136671379,0.9235981066927275,0.08081449361528784
3481,0.633470493962773,0.9235998053231218,0.08081666474330271
3482,0.6334560087913539,0.9235802710735872,0.080821609393733
3483,0.6334645837662664,0.9235805862041129,0.08082218114948372
3484,0.6334998858542324,0.9235978184635882,0.08081806240261355
3485,0.6335422892031165,0.9236104890165521,0.08081539697884696
3486,0.6336373250779828,0.923611515112288,0.08080199712551839
3487,0.6336734502633176,0.9235903706226285,0.08080222895410843
3488,0.6336750576056377,0.9236055237892457,0.08080295534056091
3489,0.6336559926701969,0.923605692883674,0.08080780169956404
3490,0.6336497487792819,0.9235955856485224,0.08081014346148849
3491,0.6337224857782031,0.9236124297594235,0.08080594473884652
3492,0.6337451368248745,0.9236117187942131,0.08080331741697962
3493,0.633781082837125,0.9236027644756187,0.08080234759107481
3494,0.6336892737395211,0.9236057197850603,0.08082056709826849
3495,0.633694795961401,0.9236127487330043,0.08082328835927223
3496,0.6337253580007329,0.9236087788569922,0.08082422631001179
3497,0.6337111900540399,0.9235762550809129,0.08083506105534656
3498,0.6337407785230617,0.9235949861319126,0.080832880017914
3499,0.6337890952858835,0.9235983219038182,0.08082863398030792
3500,0.6338450643382746,0.923620561664207,0.08082166981174274
3501,0.6338594261918812,0.9236365449307454,0.0808194698835836
3502,0.6339375656123102,0.9236503799294321,0.08081419371994514
3503,0.6339493471867648,0.9236524244347936,0.08081729521491698
3504,0.6340198161683558,0.9236700333136777,0.08082104788309083
3505,0.633965855456314,0.9236667282862135,0.08083285606045702
3506,0.6340504622856218,0.9236672701569955,0.0808268770332807
3507,0.6340496634248355,0.9236646491933554,0.08082817427328756
3508,0.634035306062122,0.923651667352921,0.0808307079273402
3509,0.6340543564463655,0.9236439043814357,0.0808332550938424
3510,0.6340861266178995,0.923627490692716,0.08083998945536036
3511,0.6341672565470351,0.9236548301873431,0.08082928912736559
3512,0.6341948317383476,0.9236585195203262,0.08083059917171145
3513,0.6341898415132171,0.9236600798007336,0.0808351880184936
3514,0.6341732144138583,0.9236445846022044,0.08084467685193485
3515,0.6342445961601209,0.9236885529966419,0.08082724796895764
3516,0.6342534216679518,0.923694136955834,0.08082560789329216
3517,0.6342762931297627,0.9237067191185285,0.08082430824883287
3518,0.6342526552294203,0.9236842948914905,0.0808331765137345
3519,0.6342729624293826,0.9237388124724265,0.08080917651944608
3520,0.6342788444298932,0.923740553376428,0.08081321361495374
3521,0.6341434408100386,0.9237348156950281,0.08083460074497183
3522,0.6341598899682884,0.9237364105629323,0.08083695987786362
3523,0.6341707027005203,0.9237315990578335,0.08083686723898274
3524,0.634152643965706,0.9237071572268203,0.0808459917789781
3525,0.6341481024108631,0.9237287090803301,0.08085083670097468
3526,0.6341158009914307,0.9237192551645608,0.08085938859351988
3527,0.6341702305985485,0.9237291587177874,0.08086018940172854
3528,0.634235707610014,0.9237391775626697,0.08085371765329673
3529,0.6342545866619139,0.9237695184834007,0.0808532653210507
3530,0.6342240529687964,0.9237457069134388,0.0808630462878085
3531,0.6342662066374275,0.9237310225995549,0.08086539276199278
3532,0.6342166423802353,0.92372407435577,0.08087544558419875
3533,0.6342017498874197,0.9237295122788649,0.08087815000810473
3534,0.6341342184610222,0.9237223603531549,0.08088852307794242
3535,0.6341408114840915,0.9237285015553498,0.08089530789957786
3536,0.6341282199929114,0.9237227023850669,0.08090019642154396
3537,0.6341370780077996,0.9237358686921504,0.08089794557866159
3538,0.6341271167792402,0.9237262802694495,0.08090376035871727
3539,0.6341544545681824,0.9237368102406722,0.08090195335947606
3540,0.6341482574055401,0.9237545920570398,0.08090370759614597
3541,0.6341759719194607,0.9237774543923696,0.08090316110637893
3542,0.6342037325183529,0.9237822697405236,0.0808984855098647
3543,0.6342711846267582,0.9237747565676256,0.08089567621097044
3544,0.6342579709149627,0.9237713055040644,0.08090063372646712
3545,0.6343027831443854,0.9237603720120466,0.08090243427768103
3546,0.6343022669238587,0.9237600184509691,0.0809055396266089
3547,0.6342942187265358,0.9237906937175018,0.08090632669419287
3548,0.6343194645400715,0.9237721740345375,0.08091097696535186
3549,0.6342935649610477,0.9237668360308775,0.08094028520978898
3550,0.6343599214357664,0.9237899327925739,0.08092945330514374
3551,0.6343243731961565,0.9238093709657288,0.08094065431129392
3552,0.6343156401526054,0.9238114654308077,0.08094411902692125
3553,0.6343507521915795,0.9238274755987325,0.08093704114243137
3554,0.6343370911736761,0.9238313301830887,0.08094154479480381
3555,0.6343825878338311,0.9238345814077802,0.08093484196152802
3556,0.6343960671672403,0.9238417948223732,0.08093129389054803
3557,0.6344216815304031,0.923849527049417,0.0809327902892573
3558,0.6344489974812798,0.9238643612424533,0.08093508815932209
3559,0.6345013176702252,0.9238602914470063,0.08093096516418154
3560,0.6344742778827605,0.923841548866841,0.08093637554496741
3561,0.6344729560776601,0.9238497422605076,0.08093624753112744
3562,0.6344987797626909,0.9238650991090499,0.08093919892369057
3563,0.63452426966544,0.9238730042735773,0.08094046420673937
3564,0.634520423226112,0.9238658523478673,0.08094066403552456
3565,0.6345107725983365,0.9238570133209285,0.08095338279129188
3566,0.6345282388760748,0.923852931996316,0.08095427130910064
3567,0.6345555932355237,0.9238447808762564,0.0809576993043903
3568,0.6345147348995209,0.9238408801752378,0.08096957023827023
3569,0.6345385007437666,0.9238472442746337,0.08096599092283031
3570,0.6344906926711941,0.9237886146246436,0.08099664259140503
3571,0.6344865502902388,0.923798333711221,0.08099831931625184
3572,0.6344890600927142,0.9238050782730807,0.08100142504140312
3573,0.6345065493864482,0.9238051589772397,0.08100289954941214
3574,0.6346486368934263,0.9238238093240805,0.08100621026132157
3575,0.634675899305238,0.9238099205226211,0.08100774507306602
3576,0.6346597166233738,0.9238141478833309,0.08101229522449997
3577,0.6346680029611295,0.9237977034501696,0.08101807317295794
3578,0.6347121372568879,0.923812779755683,0.08101646352919649
3579,0.6347010972229892,0.9237991522819766,0.08102745418116589
3580,0.6346622720501931,0.9237897982856423,0.08103372596675051
3581,0.6346693827009113,0.9237824926377247,0.08103485020340453
3582,0.6346601462264096,0.9237725314386702,0.08104801682109584
3583,0.6346192190995227,0.9237675047224807,0.0810570433882317
3584,0.6345819858219219,0.9237492425242143,0.08106708985164185
3585,0.6346660188220203,0.9237717436123561,0.08106114262812074
3586,0.6346775633482549,0.9237548956583999,0.0810673206262856
3587,0.6346502971532336,0.923716157662077,0.08107057425374033
3588,0.6346856654605515,0.9237364297782082,0.08106555969264671
3589,0.6347857937753217,0.9237603335814948,0.08106158536304787
3590,0.634777452650311,0.9237102393570833,0.08105872812558576
3591,0.6348685173342675,0.9237263340722222,0.08104735218921671
3592,0.6348912879059926,0.9237199546006055,0.0810527289682445
3593,0.6349653305945865,0.9237421520873873,0.0810436556389852
3594,0.6349030261890153,0.9237468944174927,0.08105428697478784
3595,0.634919543333214,0.9237469943369276,0.0810528963082095
3596,0.6349695437849491,0.9237631774423359,0.081047502829021
3597,0.63497755892488,0.9237578317525657,0.08104726739618963
3598,0.6349861758005115,0.9237706790860682,0.08104764805105834
3599,0.6349855463742895,0.9237819891974947,0.08105020332167562
3600,0.635017801464733,0.9237866738817722,0.08104455424067919
3601,0.6349716858601503,0.923771236329071,0.08105807782259586
3602,0.6349788401108276,0.923762816195148,0.08106189895917529
3603,0.6349906886295124,0.9237687306570865,0.08106105852650632
3604,0.6350235899545871,0.9237979570918122,0.08105123672315961
3605,0.6350156952202864,0.923784575573638,0.08105591170869533
3606,0.6350558009823736,0.923793057196444,0.0810514508960813
3607,0.6350287636744003,0.9237931071561615,0.08105647747866634
3608,0.6350987740698546,0.9238078145283766,0.08104999239558397
3609,0.635129094152218,0.923799986224953,0.0810505395503763
3610,0.6351694575861583,0.9238041597828901,0.08104480679315408
3611,0.6351713078107507,0.9237926421464835,0.08104560575024024
3612,0.6351185229102546,0.9238478668495745,0.0811131074830256
3613,0.6351451011093001,0.9239243551770362,0.08110544444447922
3614,0.6350979256180951,0.9239188711372789,0.08111710289915856
3615,0.6350961955541703,0.9239111734977319,0.08111765483198391
3616,0.6350908135127188,0.9239041945095054,0.08112426764969544
3617,0.6350908135127188,0.9239041945095054,0.08112420935409193
3618,0.6351133440372067,0.9239505263828852,0.08112274098395648
3619,0.635116925717602,0.9239547768019262,0.08112322686967144
3620,0.6351138748564044,0.923962931765041,0.0811243123688865
3621,0.6351706042651089,0.9239687463075446,0.08111826713548803
3622,0.6351662132839291,0.9239808519313955,0.08112236591221345
3623,0.6352003351788031,0.9239910321845957,0.0811210465230664
3624,0.6351859938619393,0.9239937492246155,0.08112175618481618
3625,0.6352055497173488,0.9239811440035899,0.08112440330213071
3626,0.6351931067471943,0.9239823929965268,0.0811279282232769
3627,0.6352068505199504,0.9239791533010011,0.0811319909758212
3628,0.6352519092826491,0.9239885226695561,0.08113475448634419
3629,0.6352444097232423,0.9239489968469192,0.08112965509063828
3630,0.6354348165053427,0.9239237326020953,0.08116508817565864
3631,0.6354438616948295,0.9239175260679622,0.08117164828420183
3632,0.6354945169741351,0.923944923208417,0.08116687477668848
3633,0.6354912654857036,0.9239820086910078,0.0811706889148398
3634,0.6354848614601459,0.9239873044210607,0.08117110267546598
3635,0.6354731859826576,0.9239913319429006,0.0811727281410641
3636,0.6354614727664695,0.9239669400716048,0.08118539597945405
3637,0.6354723965147853,0.923968815482538,0.08118451624774041
3638,0.6354758267879342,0.9239737691806789,0.08118731024313228
3639,0.6354778872161949,0.9239774738858827,0.0811898340438101
3640,0.635484372226664,0.9239874427710475,0.08118768983200117
3641,0.6355214535551409,0.9239935686010217,0.08118575217516812
3642,0.6355125766153391,0.9240001555976186,0.08119336263926491
3643,0.6355092517140357,0.9240016198016462,0.08119554322539015
3644,0.6355111780876848,0.9239974270284331,0.0811953206782056
3645,0.6355433488014526,0.9239938606732161,0.0811947481150461
3646,0.6355925061521824,0.9239993293407526,0.08119049928386353
3647,0.6355188951162183,0.9239836458325191,0.08120185785794616
3648,0.6355321297743974,0.9239802562578409,0.08120015338194608
3649,0.6355311327034637,0.9239739613334383,0.08120239283544713
3650,0.6355320857563435,0.9239726470085632,0.08120714578704784
3651,0.6355084471812154,0.9239344431969119,0.08121800402297778
3652,0.6355237822004836,0.9239530973868078,0.08121639335253582
3653,0.6355348911389127,0.9239295279293229,0.08122074545598995
3654,0.6355940030558787,0.9239389664728714,0.08121691867077376
3655,0.6355993941840467,0.9239392739172867,0.08122103622749337
3656,0.6355995105461781,0.9239444889431805,0.08122481934690398
3657,0.6356223881854637,0.9239379711215769,0.08122692673819407
3658,0.6356023559406738,0.9239165038152815,0.08123277224770795
3659,0.6355692824135579,0.9238967005518834,0.08124133160592033
3660,0.635536238638722,0.9238909667135389,0.08124830538914139
3661,0.6355753083471377,0.9239114501977056,0.08124723382252519
3662,0.6355336368244169,0.9238960433894459,0.08125985471462495
3663,0.6355828323474246,0.9238985106308784,0.08125697422136038
3664,0.6356194132392738,0.923894252525727,0.08125610816533865
3665,0.6356953273056851,0.9239010508903595,0.08126172770777793
3666,0.6356661757923037,0.9238903518247084,0.08126837729862221
3667,0.63562823491723,0.9238863627334204,0.0812746655326133
3668,0.63562823491723,0.9238863627334204,0.08127626034337886
3669,0.6356543094412542,0.9239085602202022,0.0812747183853828
3670,0.6356530004773208,0.9238949750201029,0.08128143219622631
3671,0.6356516696221001,0.9238896293303325,0.08128434950822246
3672,0.6357445086653837,0.9239230446952161,0.0812760490885953
3673,0.6357709984582894,0.9239320643457488,0.08127759965370367
3674,0.6357608582058231,0.9239186866706298,0.08128442663898783
3675,0.6357623307677739,0.9239203583996377,0.08130536930651253
3676,0.6357644936980452,0.9239312649902691,0.08130534894851088
3677,0.6358200854557131,0.9239605836583193,0.08129916562182417
3678,0.6357839466779317,0.9239485971691794,0.08130581063829262
3679,0.6358598629352631,0.9239696724838455,0.08129864656593169
3680,0.6358644635293953,0.9239423368322737,0.08130573270048753
3681,0.6358904093608794,0.9239330404817673,0.08130643820413831
3682,0.635876981294765,0.9239389126700988,0.08130780217568336
3683,0.6358286377912945,0.9239381440590606,0.08131842567204302
3684,0.6358134835050865,0.9239322026957356,0.08132005262925844
3685,0.6358001075240444,0.9239373485466361,0.08132484902559735
3686,0.6358812814503755,0.92395948838759,0.0813232665691787
3687,0.6359036415282098,0.923959446113983,0.08132255332393866
3688,0.635932703270683,0.9239882152251409,0.0813193614401401
3689,0.6359511360525665,0.9240138061296561,0.08131774238366528
3690,0.635947181340889,0.9240073728552668,0.08132329591686316
3691,0.6359214139802515,0.9240030417320668,0.08132874610708571
3692,0.6359370962856102,0.9239973501673293,0.08132264097201275
3693,0.6359539291089633,0.9239714902489508,0.08133086530361569
3694,0.6359222469000481,0.9239528014715581,0.08134402911071116
3695,0.6359200091187,0.9239575207433324,0.08134612365335622
3696,0.6359254598261541,0.9239417296295536,0.08135255095103677
3697,0.6359123336930083,0.9239510221370048,0.08135398246315344
3698,0.6359875275693099,0.923972420268307,0.08141217775330901
3699,0.6359754764066731,0.9239674435118349,0.08141354992836392
3700,0.6359848283707621,0.9239774969442138,0.08141640066446232
3701,0.6359869019532683,0.9239699222824329,0.08142145511386027
3702,0.6360141627716871,0.9239714864058955,0.08142198036722734
3703,0.6360137234958316,0.9239549689546857,0.0814283849149673
3704,0.6359886964066728,0.9239786844482678,0.08144179662229276
3705,0.6360047153032985,0.9239581048877213,0.081449672727752
3706,0.6360072587501938,0.9239571364378133,0.08144674114523258
3707,0.6359891642093817,0.9239812323938593,0.08145012895726889
3708,0.6359838277243208,0.9240213000872781,0.08144877502085385
3709,0.6360063567986131,0.924021257813671,0.08144749725647225
3710,0.6359659674969919,0.9240051477263114,0.0814533859061469
3711,0.6360227758040781,0.9240139867532501,0.08144728019661344
3712,0.6359287008502715,0.9240103127924877,0.08146188329542063
3713,0.6359287008502715,0.9240103127924877,0.08146380862215108
3714,0.635903038380212,0.9239898792680384,0.08147468342115219
3715,0.6359091639875769,0.9239964739507458,0.081477808218165
3716,0.6359270412725991,0.9239769935039839,0.08148536766060706
3717,0.6359468429711495,0.9239575245863876,0.08148981433649165
3718,0.6359691274324444,0.9239433052821817,0.0814921602712072
3719,0.6359354064518041,0.9239406727893761,0.0815027376677757
3720,0.6359442686402457,0.9239422445989491,0.08150343102279968
3721,0.635970394556132,0.9239487854788838,0.08150061025961253
3722,0.6359898439263034,0.9239429401919387,0.08149984767353241
3723,0.6359955293781542,0.9239537122756383,0.08149821149112478
3724,0.6359673314515422,0.9239506570467616,0.08150524258742362
3725,0.6359617588772689,0.9239544885727868,0.08150640288876845
3726,0.6359404685233688,0.9239644190273998,0.08151045245180773
3727,0.6359450616804103,0.9239665480799755,0.08151552078867837
3728,0.6360057029920413,0.9239886725487086,0.08151510055958415
3729,0.6360356279766085,0.9239827158131629,0.0815139633062424
3730,0.6360829214094395,0.9239992255782624,0.0815083526995544
3731,0.6360686305428195,0.9239967852382163,0.08151182858273401
3732,0.6360837389066949,0.9239887186653709,0.0815085159558742
3733,0.636111082093269,0.9239987951560811,0.0815087223422699
3734,0.6361984450596505,0.9239956207924934,0.08151205707114041
3735,0.636197862791738,0.9240025382918369,0.08151392125353248
3736,0.6362025603532123,0.9239842222907977,0.08152719148219442
3737,0.6362237710457037,0.9240071268997346,0.08152480851037604
3738,0.6362195295373247,0.9239820624937805,0.08153194819951051
3739,0.6362150140049002,0.9239901598110675,0.08153162970240964
3740,0.636211912936597,0.9239906747804629,0.08153425447653581
3741,0.63619182535427,0.923976974288708,0.08154525842390314
3742,0.636222879688992,0.9239662790661121,0.08154529118481374
3743,0.6362385450659876,0.9239720244336223,0.0815469296235
3744,0.6362385450659876,0.9239720244336223,0.08154419015084113
3745,0.6362366111698698,0.9239690691241805,0.0815502901707601
3746,0.6361579010160078,0.9239499076509995,0.081571285965176
3747,0.6361070672361246,0.9239429248197178,0.08158384341496021
3748,0.6361103997836887,0.9239540504644951,0.08158626777026035
3749,0.6361049584720907,0.9239629010205994,0.0815849200868615
3750,0.63610463872114,0.9239578743044099,0.08159014089409235
3751,0.6360879938712226,0.9239187058859057,0.08160642448629621
3752,0.6360382675549964,0.9239141326502287,0.08161539213670033
3753,0.6360333498827303,0.9239036949123306,0.08162141600660815
3754,0.6360101360296612,0.9238981647559111,0.08162968605242353
3755,0.6360485955982171,0.923911215771339,0.081626034411402
3756,0.636087708768389,0.9239247048950585,0.08162061589033477
3757,0.6360633937553383,0.9239225489410965,0.08162660757642899
3758,0.6360649159538598,0.923924835558935,0.0816287044040025
3759,0.6360568966045292,0.9239206581579427,0.08163180504107354
3760,0.6361469611767111,0.9239039831414699,0.08162797177476316
3761,0.636144827753771,0.9239243052173186,0.08162410463356777
3762,0.636327791580011,0.9239704756823803,0.08162313559585403
3763,0.6363746500784916,0.9239637003760791,0.08162442836637043
3764,0.6363801363103759,0.9239836881061262,0.08164115021016033
3765,0.6363674397994991,0.9239837111644573,0.08164457593618811
3766,0.6364090792554513,0.9239804484106003,0.08164253364735377
3767,0.6364224998548444,0.9239790034218487,0.0816436845970949
3768,0.6364523197753166,0.923974899038905,0.08164212152132
3769,0.6364658552411927,0.9239846834574206,0.08164550600584403
3770,0.6365575789193704,0.9239794569023612,0.08164717299564313
3771,0.6365940173129411,0.9239680584006654,0.08164862324504485
3772,0.6366050545579377,0.9239763863012638,0.08164400432734797
3773,0.6366133021139591,0.9239775930205937,0.0816451219509361
3774,0.6366234390221271,0.9239894181014155,0.08164884973516172
3775,0.6366359894906388,0.92407402296144,0.08168135470854497
3776,0.6366392249832612,0.9240564563561631,0.08169365387945572
3777,0.6366637304081947,0.9240679163467419,0.08169050946203697
3778,0.6366675890473192,0.9240720630032927,0.08169314014944248
3779,0.6366902543386785,0.9240594385669911,0.08169465870405045
3780,0.6367086519652829,0.9240861016839046,0.08168796482611568
3781,0.6367268815342021,0.924080529253878,0.08168766502911702
3782,0.6367388316899885,0.9240731505879117,0.08169229708982406
3783,0.636772141517623,0.924072431936591,0.0816940394504717
3784,0.6368299705832717,0.924117983669767,0.08171670310431842
3785,0.6368928163414144,0.9241321491712002,0.08171078383454869
3786,0.6368645889118751,0.9241164733490771,0.08172349857289511
3787,0.636857422315633,0.9241299432575207,0.08172261924973852
3788,0.6368617911934844,0.924137302708211,0.08172290846616904
3789,0.6368703834361457,0.9241564449661162,0.08172619426185221
3790,0.636874938228356,0.9241613025878772,0.0817267990545168
3791,0.6368954078668502,0.9241649573333637,0.08172489337376095
3792,0.6368805203847114,0.9241560914050386,0.08173670838239028
3793,0.6370019589164071,0.9241672670095333,0.08173784910675883
3794,0.6370458791266047,0.9242099787249233,0.08173189118037832
3795,0.637074489499258,0.9241995333009149,0.08173341634623407
3796,0.6371251119088144,0.9242245515902067,0.08172751392119781
3797,0.637114286925809,0.9241861325674647,0.08174527847464035
3798,0.6371057647563404,0.9241829082441596,0.08175102880725638
3799,0.6370901164628192,0.9241800643833185,0.08175371542676894
3800,0.6371063483880932,0.9241768439030686,0.08175376471781466
3801,0.6371296705253943,0.9241763981086665,0.08175817273745356
3802,0.6371139769405526,0.9241754949906967,0.08176022083116517
3803,0.6371273970795092,0.9241785502195733,0.08175945070132387
3804,0.6371263117985764,0.9241736195797636,0.0817632063158716
3805,0.6371175686508922,0.9241732314311893,0.08176711187022129
3806,0.6371175686508922,0.9241732314311893,0.08176367640660799
3807,0.6370871715372536,0.9241618444586591,0.08176861219437213
3808,0.6371311232898924,0.9241545388107415,0.08176448928438192
3809,0.6371410785916235,0.9241533935802947,0.08176845201071897
3810,0.6371386848823181,0.9241452347741247,0.0817741538166289
3811,0.6371465629074423,0.9241761828975759,0.08177710160544359
3812,0.6372333365389601,0.9242009744466114,0.08178212918130007
3813,0.6372214651877598,0.9242054285475775,0.0817895029780632
3814,0.6371724574210867,0.9242097366124463,0.08179669471967223
3815,0.6371480122489174,0.9241940915347647,0.08180284237151765
3816,0.6371704556500357,0.9241955403665717,0.08180185677807668
3817,0.6371746416813698,0.924201731528484,0.08179858875233988
3818,0.6371589158332625,0.924186762828516,0.08180591390311061
3819,0.6371789267060732,0.9242010397785496,0.08181134448903873
3820,0.63710517592052,0.9241692846135084,0.08183768148349402
3821,0.6371589484961603,0.9241673477136922,0.08183702467409841
3822,0.6371673790581287,0.9241673746150786,0.08183833332044631
3823,0.6371485408011173,0.9241568753882975,0.0818506910087264
3824,0.6371594662609111,0.9241679433872468,0.0818544401101349
3825,0.6371440992476513,0.9241518602012736,0.08186537951207118
3826,0.6371164475364421,0.9241693384162811,0.08186571830744838
3827,0.6370835005417916,0.9241587469561754,0.08187521386559896
3828,0.6370824818876575,0.9241352274584079,0.08188644094562554
3829,0.6370953720368894,0.9241373795693149,0.08188825735541944
3830,0.637114866934816,0.9241092138178217,0.08189621531918492
3831,0.6371055151639597,0.9241188714155162,0.08189862196630757
3832,0.6371294861656108,0.9241462993004126,0.08189417866016915
3833,0.6372014465069947,0.9241742190963733,0.08188291682498819
3834,0.6371852910464504,0.9241627206752426,0.08189022634523788
3835,0.6372093386788854,0.9241793956917153,0.08189270822237789
3836,0.6371676517825429,0.924179914504166,0.08190084626949876
3837,0.6371697763474075,0.9241712138272142,0.08190288144387897
3838,0.6371371866969138,0.92417364648115,0.08190752257570855
3839,0.6371684853521778,0.9241806446846523,0.0819082573809338
3840,0.637167312758671,0.9241882347186541,0.08190800160810251
3841,0.6371960186410653,0.9241941683958685,0.08190724926830896
3842,0.637190255968128,0.9241692884565637,0.08191366669770456
3843,0.6371486560665154,0.9241518640443287,0.08192144364998691
3844,0.6371585189020359,0.9241522906234549,0.08191612424405033
3845,0.6371963195005886,0.9241615946600718,0.08191462566225827
3846,0.637260860605781,0.9241774242044024,0.0819096784637327
3847,0.6372416962917018,0.9241749684921355,0.08191998738025004
3848,0.6372574064406501,0.9241836845413082,0.08191293496869557
3849,0.6372698252016095,0.924177616357162,0.08191653420931766
3850,0.6373213044638564,0.9242087950639246,0.08191681182280781
3851,0.6373815199859126,0.9242300663744054,0.0819094954747542
3852,0.6373424937846542,0.9242143060050682,0.08192708020558176
3853,0.6373451913798965,0.9241998061578334,0.08193240217913257
3854,0.6373344510029888,0.9241755487934694,0.08194456891264676
3855,0.6373568523473572,0.9241653762263794,0.08194597315180402
3856,0.6374137445748015,0.9241728586548358,0.08194694820951495
3857,0.6374764078277894,0.9241792265972869,0.08193955684625594
3858,0.6374737370787911,0.9241779545460188,0.08194885949628855
3859,0.6374603676059615,0.9241772435808084,0.0819475470599795
3860,0.6375028491775,0.9241698456995663,0.08194748856440717
3861,0.6375469114550348,0.9241747033213275,0.08194530878844859
3862,0.6375469348671705,0.924175541107359,0.08194860453343142
3863,0.6375307096681124,0.9241712522577661,0.08195531748253017
3864,0.637536372026262,0.9241729777895468,0.0819517574276862
3865,0.6375537010469624,0.924181424824856,0.08196601087417393
3866,0.6375052876625499,0.9241578630534815,0.08197434548642447
3867,0.637537403625172,0.9241631203529824,0.08197653966720382
3868,0.6375659670438305,0.9241403079773701,0.08198237438616528
3869,0.6375806774641645,0.9241361382624882,0.08198388205105968
3870,0.6376498469053976,0.9241629205141125,0.08198580721489619
3871,0.6375819278840307,0.9241512107249463,0.0819961766197121
3872,0.6375702794141381,0.9241651494861232,0.08200012824370327
3873,0.637541850122856,0.9241739923561171,0.0820038950297246
3874,0.6375267295977192,0.9241608260490336,0.08201139845707453
3875,0.6375749682606116,0.9241703875703482,0.08201449815585386
3876,0.6376024873894592,0.9241642309959326,0.08201306047527818
3877,0.6375365945380096,0.9241473023378173,0.08202324606825355
3878,0.6375113905673611,0.9241112045204106,0.08203398901948201
3879,0.6374843522367216,0.9241167077754437,0.08203581911797171
3880,0.63751593957947,0.9241072461735641,0.08203400629685832
3881,0.6374935668862166,0.9240779851513417,0.08204665766756887
3882,0.6375008670749674,0.9240815476635035,0.08204922917402914
3883,0.6375044346036315,0.9240713136075306,0.08205394184730491
3884,0.6375351016441994,0.9240713136075306,0.08205238510097956
3885,0.6375171838408943,0.9240635852235419,0.08205656640470503
3886,0.637523268875724,0.924064069448496,0.08204616046326939
3887,0.637527210083536,0.9240577245643761,0.08204989054416735
3888,0.637529096529959,0.9240729469059866,0.08204905103290203
3889,0.6375723183235014,0.9240621825083973,0.08205258275318657
3890,0.6375253779256087,0.9240521521343494,0.08206372832107846
3891,0.6374809519623157,0.9240598344016758,0.0820748557854678
3892,0.6374271553760326,0.9240589504989819,0.0820894913506944
3893,0.6374440162628481,0.9240602532946915,0.08209210307785599
3894,0.6374493907041007,0.9240437704309784,0.08209881968980429
3895,0.6374413209241048,0.9240370143399531,0.08210410178318707
3896,0.6373872666081759,0.9240327985084088,0.08211455353816186
3897,0.6374098706718911,0.9240292821129092,0.08211524464107765
3898,0.637393782705918,0.9240316263765757,0.08211799069867477
3899,0.6373587113023726,0.9239887801542539,0.08213718600766576
3900,0.6373547693905017,0.9239742418764673,0.08214288243828798
3901,0.6373921560544489,0.9239975154187026,0.0821415345624338
3902,0.6373809231260554,0.9239917508359163,0.08215190061821814
3903,0.6373748693009422,0.9239889569347927,0.082166269475509
3904,0.6373669201852133,0.9239709176337273,0.08217380753349451
3905,0.6373554422267288,0.9239702028254618,0.08217891300588319
3906,0.6374054406162769,0.9239971695437353,0.08217591480981387
3907,0.6373931507051952,0.9239998366240377,0.08218206210094131
3908,0.637396235030861,0.9240223607705107,0.0821857943863674
3909,0.6374198933124364,0.9240649956247969,0.08218395353402425
3910,0.6374370117223689,0.9240686734286145,0.0821873110631215
3911,0.63743610402321,0.924062416934764,0.08218720975703392
3912,0.6374347399536842,0.9240545886313404,0.08219009146484008
3913,0.6374441226586185,0.9240681930467156,0.08218926373228136
3914,0.637428136800255,0.924051076078896,0.08220057038444277
3915,0.6373967446723289,0.9240296164587108,0.0822104957025557
3916,0.6374045246961224,0.9240329368583957,0.0822139252110326
3917,0.6373882636170936,0.9240261884534807,0.08222189106604655
3918,0.637348708753927,0.9240043560569421,0.08223034087469025
3919,0.6373563124862701,0.9240139598518637,0.08223069736423609
3920,0.6373625532999839,0.924022868053796,0.08223314977099044
3921,0.6373589076708728,0.9240170573543475,0.08223671465126271
3922,0.6373569811968693,0.9239945370509297,0.08224701629222289
3923,0.6373186839086572,0.9239867740794444,0.08225652359105456
3924,0.6373527562727471,0.9239748375500219,0.0822600827844986
3925,0.6373619305904796,0.9239772932622887,0.08226125882621618
3926,0.6373754393974216,0.9239586775029448,0.08226736569079685
3927,0.6373591598912617,0.9239649416829057,0.08227528587961132
3928,0.6373435712623478,0.9239660446397454,0.08228041578842155
3929,0.637375262276825,0.9239722204294369,0.08227889514031476
3930,0.6373968306463217,0.9239747530028077,0.0822766929064389
3931,0.6374278555407699,0.9239713173114672,0.0822754080862037
3932,0.6374166980459078,0.9239611255291013,0.08228043224138996
3933,0.6374136207999412,0.9239411647004405,0.0822813006643107
3934,0.6374412986468367,0.923946352824948,0.08227750283717124
3935,0.6374325955487149,0.9239660254244695,0.08228503455459166
3936,0.637404015647682,0.923976955073432,0.08229277791488672
3937,0.6373844459722056,0.9239618787679187,0.08230041600116424
3938,0.6374293336082414,0.9239644728301725,0.08229908666805492
3939,0.6374170993811836,0.9239420370739688,0.08230481451580088
3940,0.6374183201358488,0.9239483050969849,0.08230917410951802
3941,0.6374437827938493,0.9239447848584302,0.08230283355115875
3942,0.6374971833740191,0.9239005051765223,0.08235732091374129
3943,0.637454222789616,0.9238592845665463,0.08237697813430489
3944,0.6374420505987894,0.9238390201365254,0.08238206858133179
3945,0.6374586900703878,0.9238405919460985,0.08238849966508083
3946,0.637527355813337,0.9238758904080255,0.08238746503063701
3947,0.6375477772613746,0.9238991139905433,0.08238625241290301
3948,0.6375598190399916,0.9238967043949387,0.08238906187087382
3949,0.6376127841821508,0.9239073535008723,0.08238618595794661
3950,0.637608145174224,0.9238805866214687,0.08239491524822641
3951,0.6376077726938562,0.9238874695333152,0.082396045886884
3952,0.6376059868514284,0.9238750295636629,0.08240535659319094
3953,0.6376613804774103,0.9238750372497732,0.08239831337325731
3954,0.6376347711729627,0.9238739112346023,0.08240450379643866
3955,0.6375940279027444,0.9238770241093068,0.08241234801215808
3956,0.6375757434866236,0.9238790724577235,0.08242053784653411
3957,0.6375505046631706,0.9238785229008312,0.08242881888576742
3958,0.6375647643391841,0.9238637886272298,0.08242726171079513
3959,0.6375757867444448,0.9238662597117175,0.082421512964005
3960,0.637667363320019,0.9238591000998971,0.0824226015560218
3961,0.6376588431015652,0.9238657101548252,0.0824250350088692
3962,0.6377035357280657,0.9238876885874612,0.08241927359548981
3963,0.6377047157192686,0.9238929497300173,0.08242300476633103
3964,0.637754512122939,0.9239332095761956,0.0824199275910623
3965,0.6378173782398405,0.9239570826350406,0.08241366466892325
3966,0.6378541149704416,0.9239859093920264,0.08241178379727725
3967,0.6378385108774567,0.9239762671665528,0.08241910466856243
3968,0.6378517799813163,0.9240126416839333,0.0824164564696726
3969,0.6378510427553609,0.9240089600370606,0.08242051063155913
3970,0.6378379406944114,0.9239942565079008,0.08242751994250731
3971,0.6378445268613423,0.9240135179005168,0.08243043725389639
3972,0.6377981838051267,0.9239789688343519,0.08245166977813954
3973,0.6377482715354208,0.9239694265283133,0.08246435464242312
3974,0.6377390902529334,0.9239930113580189,0.08246638826951759
3975,0.6376766606086987,0.923979391570423,0.08247565977693849
3976,0.6377211010891944,0.9239731350765724,0.0824681542812105
3977,0.6377470461752082,0.9239720782363949,0.08247009456950423
3978,0.6377971021210467,0.923999256322704,0.08247195101732997
3979,0.637792888186231,0.9240100629939003,0.08247707089728629
3980,0.6378210989382245,0.9240262076687566,0.08247584170506138
3981,0.6378485103310693,0.9240321682473576,0.0824709398893535
3982,0.6378564225128839,0.924040257878534,0.08247201086456164
3983,0.6378410798758499,0.9240267149520418,0.08247580816693886
3984,0.6378211633314795,0.9240159467113974,0.08248513344138268
3985,0.6378284849510604,0.9240013431016725,0.08248437728710842
3986,0.6378328908126163,0.9239963586590901,0.08248702448970444
3987,0.6378175318859481,0.9239576052905465,0.08250195886380496
3988,0.6378309828711911,0.9239580433988382,0.0825032154065631
3989,0.6378287183337614,0.9239591040820709,0.0825053469058527
3990,0.6378359291957992,0.9239685618408954,0.08250819253463858
3991,0.637788245994693,0.9239504994814989,0.0825204583505833
3992,0.6377868146788029,0.923950664732872,0.08252622274400366
3993,0.6378018111272656,0.9239479361636866,0.08252622671723837
3994,0.6377874339708477,0.9239523748924319,0.08252498107353531
3995,0.6378418203014357,0.92398809609043,0.08252365894263687
3996,0.6378785478316775,0.9239943026245631,0.08251737428802725
3997,0.6379787981825749,0.9240159313391766,0.0825221772928962
3998,0.6380031749205115,0.9240163233308061,0.08251863131876792
3999,0.6379774225168814,0.9240411494673383,0.08252612624406008
4000,0.6379526120779128,0.9240846451659873,0.08256740761979676
4001,0.6379852850136885,0.9240897141557839,0.08256669789037115
4002,0.6379684605137625,0.9241122575175329,0.08257274096821439
4003,0.6380358054791776,0.9241115427092673,0.08256634581046672
4004,0.6380317239349613,0.9241257773856939,0.08255883368061023
4005,0.6380492552569498,0.9241327602169755,0.08255594505177993
4006,0.638073087939732,0.9241120538356077,0.08256041441935441
4007,0.6380326955277328,0.9241088448845235,0.08256544853172201
4008,0.6380376114707409,0.9241002864006137,0.08256936963099606
4009,0.6380516412923795,0.9241209197639328,0.08256438911493802
4010,0.6380272608218326,0.9241120230911662,0.08256977807956527
4011,0.6380159265493639,0.9241109278204368,0.08257662160989662
4012,0.6380484885022097,0.9240942720192401,0.0825771567506441
4013,0.6380522519904559,0.9240827351675575,0.0825767107971624
4014,0.6380769235091545,0.9240945640914346,0.08257604698507787
4015,0.6380735013943618,0.9241095251052922,0.0825788595776774
4016,0.6381395609576077,0.9241255429593273,0.0825776896101866
4017,0.6381524971641244,0.9241215500249841,0.0825839784951436
4018,0.6381599310147339,0.9241279064382696,0.08258873581971014
4019,0.638142119896985,0.9241212003069618,0.08259912304348678
4020,0.6381986124586977,0.924139278038579,0.08259995610952241
4021,0.6381427217991894,0.9241148515797866,0.08261115204870163
4022,0.6381611189241078,0.924133836272429,0.08260795999950994
4023,0.6381796664876686,0.9241373949415356,0.08261142856201825
4024,0.6382164855563126,0.9241574787479624,0.08260735141692067
4025,0.6382870959704264,0.9242005786119267,0.08258829563013376
4026,0.6383309298205808,0.9242188715546348,0.08258367929219361
4027,0.6383497658889785,0.9242294630147404,0.0825828521045647
4028,0.6383596071037029,0.9242214233432814,0.08259143794647861
4029,0.6383644903650151,0.9242142522022955,0.08258859202742415
4030,0.6383751668610326,0.9242130570121311,0.0825860664000528
4031,0.6383893441909432,0.9242127072941088,0.08258895234013533
4032,0.6384679864882071,0.924197823141355,0.08265434358506304
4033,0.6384357983112012,0.9241955557387924,0.08266546487869306
4034,0.6384566100492959,0.9242035223922028,0.0826679477419245
4035,0.6384655469375633,0.9242196247934521,0.0826750980285968
4036,0.6384736379501617,0.9242451734243603,0.0826769317729038
4037,0.638528223140007,0.9242422219579738,0.08267882035049758
4038,0.6384881852643339,0.9242264846469677,0.08269057975426262
4039,0.6385088641163161,0.9242216462404824,0.08269156518236297
4040,0.6385162101422248,0.9242244785721581,0.08269158274641253
4041,0.638506407138629,0.9242271033788533,0.08268587275711166
4042,0.6384810701432548,0.924215170692486,0.0826916712268073
4043,0.6384912299841383,0.9242022426548243,0.08270951559401056
4044,0.6384733552456333,0.9242097212402255,0.08271434833895973
4045,0.6384566722200932,0.924197139077531,0.08271875412977901
4046,0.6385220169653116,0.9241969200233852,0.08271819129600173
4047,0.6385384424849997,0.924218494935226,0.08271299042979356
4048,0.6384884338764236,0.9241816016053948,0.0827187504729763
4049,0.6384952193073552,0.9241783926543106,0.08271966018450924
4050,0.638482394718505,0.9241758985114917,0.08272563763115207
4051,0.6384594908736627,0.9241817860720439,0.08273164938549503
4052,0.6384869942948034,0.9241777700793696,0.0827354249033574
4053,0.6384833605839888,0.9241756064392972,0.08273608795668633
4054,0.6384995478898169,0.9241804948054999,0.08274345249025826
4055,0.638542406764652,0.9241975656566572,0.08273479723340743
4056,0.6384999820296295,0.9242061702572293,0.0827445083225931
4057,0.6385537902355389,0.9242169961437017,0.08274229489052096
4058,0.638538098289344,0.9242456000034864,0.08274909490823179
4059,0.6385403250922774,0.9242442549341696,0.08274057731045747
4060,0.6385916180428027,0.924260480313185,0.0827367483501405
4061,0.638557975652264,0.9242626170518711,0.08274466617433451
4062,0.638574356463195,0.924289914272891,0.08274417383891225
4063,0.6386555987776789,0.9243116698083259,0.08273458195100096
4064,0.6386695051685904,0.9243104976764926,0.08273814442016383
4065,0.638650117328073,0.9242996410455788,0.08274113796250827
4066,0.6386623923441321,0.9242991183900728,0.08273499963591295
4067,0.6386331953658895,0.9242789730947629,0.08274569067862592
4068,0.6386248367218217,0.9242918012129897,0.08273795977969554
4069,0.638614106963347,0.9242879120411366,0.08274230350544125
4070,0.6386266371959958,0.9242895184382064,0.08274617380797698
4071,0.6385979563395862,0.9242844648206305,0.08275086245317821
4072,0.6386028648585576,0.9242805833348878,0.08275005803083547
4073,0.6386404550626957,0.9242711678496704,0.08275140862827132
4074,0.6386262430670725,0.9242750723937443,0.08275707971379505
4075,0.6386110758831239,0.9242703761803012,0.08276508330049831
4076,0.6385733562125603,0.9242588470147289,0.0827784398746985
4077,0.6385203832144782,0.924256491221897,0.08278834548771485
4078,0.6385483562659185,0.9242631666087634,0.08279254576219508
4079,0.6385934958343997,0.9242514683487627,0.0827916805373646
4080,0.6386646994593558,0.9242736389341581,0.08278882341347928
4081,0.6387343814078562,0.9242896145145861,0.08278579466569275
4082,0.6387494863459481,0.9242814557084161,0.0827893154358149
4083,0.6387954112830513,0.9242904715158936,0.08279004079981427
4084,0.6388052584201234,0.9242830121457684,0.08279130539872101
4085,0.6388052584201234,0.9242830121457684,0.08278639246538735
4086,0.6387842270951513,0.924264792221109,0.08279329395055039
4087,0.6387856409009162,0.9242498350503067,0.08280171642068249
4088,0.6387632385631463,0.9242309925507064,0.08281086860319486
4089,0.6387554272733752,0.9242469373866928,0.08282312665615729
4090,0.6387807549652903,0.9242470949519557,0.08282741607841686
4091,0.6387875623048613,0.9242146019203178,0.08284105077335818
4092,0.6387936290006837,0.9242199207087018,0.08284022114193476
4093,0.6388234968652894,0.9242229259778609,0.08284000846579895
4094,0.6388468178719765,0.9242062893919402,0.08284262405996083
4095,0.6388397007417993,0.9242129993663033,0.08284807951608855
4096,0.6388565564661361,0.9242145327453244,0.08285204796093906
4097,0.6388480694717087,0.9242178877325059,0.08285589587569184
4098,0.6388629345136526,0.9242220036446152,0.08285028744918305
4099,0.6388512450420358,0.9242048789906852,0.08285612995405398
4100,0.6388401820683859,0.9241947371680368,0.08286467869738806
4101,0.6388401290460848,0.924192362159929,0.08286823462691435
4102,0.6388549893624048,0.9241918702488645,0.08286799897077719
4103,0.638884847161861,0.9241937379736872,0.08286744813804346
4104,0.6388938762721091,0.9242018852506916,0.08287037036569969
4105,0.6389020763380376,0.9242326143199968,0.08286926002138564
4106,0.6389076356094462,0.9242773090518653,0.0828678538235398
4107,0.6388712382409723,0.9242703415928045,0.08287170715257804
4108,0.6388381406313606,0.9242647730058331,0.08288862934657765
4109,0.6388301640894115,0.9242559301358392,0.08290067647090038
4110,0.6388158593917458,0.924252682754203,0.08290432049591073
4111,0.6388244586588993,0.9242284484481701,0.08291467726928319
4112,0.6388237173645939,0.9242593581410693,0.08291597295070958
4113,0.6388267905937774,0.9242683432041053,0.0829215968838309
4114,0.6388558898380788,0.9242842496095398,0.08291764838062686
4115,0.6388526344415805,0.9242723630398348,0.08292767065147535
4116,0.6388125312794891,0.9242692463220751,0.08293145071167693
4117,0.6388560782766722,0.9242955174473592,0.08293405645670426
4118,0.6387961523522818,0.9242841304748289,0.08295819021012456
4119,0.6387993749000921,0.9242779239406959,0.08296229053538261
4120,0.6387995316210971,0.9243020544842386,0.08296404485772742
4121,0.6388040239172849,0.9243071388462559,0.08296426427854736
4122,0.6388316644882788,0.9243242904015723,0.08296659427287528
4123,0.6388255895849285,0.9243218231601398,0.08297020521132349
4124,0.6388389520030541,0.9243213581504618,0.08297693326594921
4125,0.6388930689983734,0.9243235064183134,0.08296962273919797
4126,0.6388908859449354,0.9243216194782147,0.08297579736276181
4127,0.6388687119484936,0.9242954674876417,0.08297985364081058
4128,0.6388206539215889,0.9243054632741928,0.0829954772033904
4129,0.6388366649217564,0.9243279797345554,0.0829870667694038
4130,0.6388101149878734,0.9243287521886487,0.08299580377622891
4131,0.6387931198935684,0.9243224380489703,0.08300361138754339
4132,0.6387862740461451,0.9243032881049548,0.08301257771653724
4133,0.6387862740461451,0.9243032881049548,0.08300847499413472
4134,0.6387869151506973,0.9242865554426543,0.08301611785930281
4135,0.6388006678306102,0.9243020122106315,0.08301296117232497
4136,0.6387894232880502,0.9243028768980495,0.08301984033538229
4137,0.6388278159328327,0.9242977886929769,0.08302829059132075
4138,0.6388096623893363,0.9243078382823007,0.08303504222580343
4139,0.6388553858349183,0.9243073502142914,0.0830343694764839
4140,0.6388619076340566,0.9242867860259657,0.08304565216702967
4141,0.6388649502557319,0.9242864209357226,0.08304907726750559
4142,0.6388877736163058,0.9242985496179046,0.08304879062213584
4143,0.6389002597009575,0.9242927004879042,0.0830540911255293
4144,0.6388822142166265,0.9243011475232136,0.08305807697956398
4145,0.6388837281124511,0.9243029614452636,0.08305866485185719
4146,0.6389130715445415,0.9243068429310063,0.08305811093678145
4147,0.638942232869604,0.9242814941389681,0.08306785464060905
4148,0.639014261121204,0.9243023350272676,0.0830646943128643
4149,0.6390696776151703,0.9243328296702061,0.08305464663766286
4150,0.6390465472695399,0.9243372683989515,0.08306369304298608
4151,0.6390745604364719,0.9243506576032361,0.08306586774043569
4152,0.6390340453412956,0.924341188315246,0.08307548201601973
4153,0.6390370437011005,0.9243400738292407,0.08307938880065109
4154,0.6390562850650217,0.9243355582393916,0.08308239472905175
4155,0.6390321075552784,0.9243384136293983,0.08309193369346929
4156,0.6390249496101057,0.9243305968551403,0.08309808399328035
4157,0.6390529323214087,0.9243469067813699,0.08310210699759205
4158,0.6390799324146534,0.924377612792344,0.08310336413873387
4159,0.6391031642687947,0.9243935768436063,0.08310546264444127
4160,0.6390635832329634,0.9243753300175607,0.08311768161920069
4161,0.6390657688494474,0.9243720826359245,0.0831228555239922
4162,0.6390798026622478,0.9243679590377049,0.0831295336253986
4163,0.639055751103451,0.9243794190282837,0.0831384637433653
4164,0.6391089667140561,0.9244017394928316,0.08313443419553
4165,0.63907876796037,0.9244150825804538,0.08314015642211323
4166,0.6390390071829627,0.9243864018595652,0.08314941284878652
4167,0.6390198056542042,0.9243663680128559,0.08315883693934406
4168,0.6390082178413009,0.9243236639835762,0.08316980871949857
4169,0.6389957354578248,0.92431890628125,0.08317429760259654
4170,0.6390222694531073,0.9243205933824787,0.08317003565682513
4171,0.6390049346967774,0.9243073386851258,0.08317484616733939
4172,0.6390237438070406,0.9242828315221744,0.08317744268619111
4173,0.6390143803735877,0.9242799915043884,0.08317331867528979
4174,0.6390298170300487,0.9242809522681862,0.08318129962814602
4175,0.63906424584162,0.9242887267688371,0.08318425436231956
4176,0.6390961757257592,0.924322610986454,0.08318517931727268
4177,0.6390923433562392,0.9243337404742864,0.08318457948056526
4178,0.6390923433562392,0.9243337404742864,0.08318724793841853
4179,0.6390911252585698,0.9243344130089447,0.08318400136314702
4180,0.6391356778383553,0.9243635587395114,0.08317875621980118
4181,0.6391230178759116,0.9243617794049581,0.08318548548288553
4182,0.6391432949019719,0.9243734046469101,0.08318404852956027
4183,0.6391323448406422,0.9243863518998477,0.08318836669685763
4184,0.6391389610089049,0.9243954253531531,0.08318541327081522
4185,0.6391991639936278,0.9244102979767413,0.08318425950415725
4186,0.6392163272958286,0.9244108321614128,0.0831787169690559
4187,0.6392518901668566,0.9244181570246064,0.08317899135629897
4188,0.6392713613896555,0.9244190447703555,0.08317125895974962
4189,0.6392954108119264,0.9244045602953416,0.08317740555811
4190,0.639312622710228,0.9244166467039164,0.08317462100264458
4191,0.6393178085956328,0.9244168426997312,0.08317929719309432
4192,0.6393724416206696,0.9244523448435834,0.08317099617778836
4193,0.6393656698167539,0.9244600078956338,0.08318057321886915
4194,0.6393597968284402,0.9244435596194174,0.08318898154776201
4195,0.6393496854727254,0.9244294479207569,0.08319529912146817
4196,0.6393595322433041,0.9244314194080697,0.08319471637800269
4197,0.6393679413985579,0.9244361156215128,0.08319636814078647
4198,0.6393883095514612,0.9244407887766248,0.08319704865464658
4199,0.6393593487773817,0.92445277910882,0.08320358041289533
4200,0.6393608644589379,0.9244653305270729,0.08320065967622342
4201,0.6393239170191893,0.9244683780698392,0.08321422320211921
4202,0.6393469947148007,0.924478185546686,0.08321525404770687
4203,0.639324016394525,0.9244775053259172,0.08322172215782422
4204,0.6392745927272615,0.9244754838788869,0.08323069274128726
4205,0.6392752441483589,0.9244746422498001,0.08322915212962295
4206,0.6392799056645955,0.9244750765150367,0.08322763806643259
4207,0.6393074869895476,0.9244963439824623,0.08324472054650614
4208,0.6393083502722391,0.924491886038441,0.08324687613292074
4209,0.6393328164576789,0.924505824799618,0.08324541843911035
4210,0.6393528267647297,0.9245117853782188,0.08324711008566568
4211,0.6393751254582376,0.9245201517093691,0.08324413071637451
4212,0.6393653091976462,0.9245156476486854,0.0832529624118274
4213,0.6393521898252066,0.9245185683706304,0.08325986409599961
4214,0.6393861611506988,0.9245450278056188,0.08325478032261345
4215,0.6393681970430203,0.9245309237930687,0.08325949898407096
4216,0.6393559787589652,0.9245322150596128,0.08325911669318906
4217,0.6393467913224337,0.9245496087274062,0.08325929354135833
4218,0.6393625009188116,0.9245447049889828,0.08326554320058312
4219,0.6393983832883998,0.9245524333729713,0.08326671327000829
4220,0.6394127762746958,0.9245720867572169,0.0832672138495069
4221,0.6394184743052809,0.9245735970779069,0.08326919240532656
4222,0.6394677679470928,0.9245902567221588,0.08327078050697939
4223,0.6394174700854396,0.9245600925819666,0.08328993472737808
4224,0.6393976149379149,0.9245786122649308,0.08330300542865299
4225,0.6394591792147358,0.9246111283548998,0.08330067401430712
4226,0.6394120210284204,0.9245706417684652,0.08332009355596184
4227,0.6393942727174974,0.924572390358577,0.08332283105851088
4228,0.6392840285962852,0.9245886464820339,0.08336370398770611
4229,0.6392797562559782,0.9245706302392996,0.08337115602129555
4230,0.6392647922828533,0.924563466784424,0.08337953051659813
4231,0.6392618298356482,0.9245548929282934,0.08336615412086383
4232,0.6392833617690824,0.924563143967788,0.08336100365765259
4233,0.6393058547790776,0.924544528208444,0.08336560291320635
4234,0.6392986732562984,0.9245361541911833,0.08337151497563658
4235,0.6393531877144522,0.9245749536763892,0.08337262797500575
4236,0.6393938354387739,0.924567575010423,0.08337060381206488
4237,0.6394233773803037,0.9245830625228417,0.08336694255573297
4238,0.639410808348324,0.9245757030721514,0.08337063439002061
4239,0.6394151894425787,0.9245686203214348,0.08336413584959963
4240,0.6393787838228455,0.9245631939275055,0.08336921932505754
4241,0.6394176547756996,0.9245691583491615,0.08336328836787305
4242,0.6393954233237397,0.9245736547237348,0.08336649718140725
4243,0.6393942644843866,0.9245976277020146,0.08340128556962635
4244,0.6393914959687341,0.924605048641588,0.08340471897916245
4245,0.6394003781951366,0.9246270001728376,0.08340638318507419
4246,0.6394017262686811,0.9246346862832191,0.08340606786536506
4247,0.6394074378574378,0.9246432101796321,0.08340617432603
4248,0.6394373112352976,0.9246661224746794,0.08340648983079539
4249,0.6394418802968699,0.9246828820383663,0.0834111664321692
4250,0.6394205307893422,0.9246686166174982,0.08342226762664612
4251,0.6394110159702392,0.9246667642648962,0.08342629300525395
4252,0.6394530838356558,0.9246739469350478,0.08342472933589443
4253,0.6395172610718762,0.9247080002470931,0.08341731182684697
4254,0.63955742222197,0.924681586928767,0.0834221613882259
4255,0.6395395272961969,0.9246855491186687,0.08343084279777242
4256,0.6395161377233269,0.9246875436643127,0.08343774039334036
4257,0.6395331571184568,0.9247040419002466,0.08343780438719377
4258,0.6395003844618605,0.9247127041466465,0.08344371921727381
4259,0.6395132688056597,0.9247276805327249,0.0834468455260471
4260,0.6396284599908162,0.9247650657736206,0.08344053859694847
4261,0.6396367850855329,0.9247637514487453,0.08344345830617289
4262,0.6396367850855329,0.9247637514487453,0.0834357146009837
4263,0.6397025199182876,0.9247714721466236,0.08343072772394101
4264,0.6397120855050215,0.9247738317825107,0.08343114351695403
4265,0.6397878209183016,0.9248046338698646,0.0834304706757734
4266,0.6397719336828191,0.924796563453964,0.08342221112494261
4267,0.6397719336828191,0.924796563453964,0.08342094280877174
4268,0.6397697062498715,0.9247909794947718,0.08342806589503154
4269,0.6398149799320046,0.9248116512886428,0.08342828796044667
4270,0.6398467547698017,0.9248129271829663,0.08342584050845755
4271,0.6398162059042696,0.9247831665635691,0.08344309761906583
4272,0.6398701569351537,0.9248016439729262,0.0834379639907494
4273,0.6398647077829802,0.9247943690694501,0.08344123743148904
4274,0.6398548745796347,0.9247936158306327,0.08344540258186776
4275,0.639948700499435,0.9246301899086459,0.08358440720960532
4276,0.6399155575600238,0.9246360236664255,0.08359283065925924
4277,0.6399196991704719,0.9246481946222146,0.08357491353009615
4278,0.6399395634728394,0.9246441863156506,0.08357898969001185
4279,0.6399606160046759,0.92465424743414,0.0835809750224387
4280,0.639985015197662,0.9246760913598443,0.08357845643611148
4281,0.6399654234575253,0.9246952105594183,0.08358531653806996
4282,0.6399452816514654,0.9246888695183535,0.08358725555278135
4283,0.6399441532206084,0.924692566537447,0.0835825853554229
4284,0.6399343176738335,0.9246852455173086,0.08359277658915376
4285,0.6399308309320632,0.9246894575057977,0.08359623346314811
4286,0.6400395140824097,0.9246946840608571,0.08360843586476882
4287,0.6400308495757636,0.9246782242554751,0.0836127112167116
4288,0.6401014732706823,0.9246994878798456,0.08360569133977773
4289,0.6401383562701856,0.9247058904097933,0.08360203380015797
4290,0.6401441837130569,0.9247169968392946,0.08360259493547573
4291,0.6401332019481549,0.9247364004249528,0.08360205584429822
4292,0.640101065335503,0.9247245330705237,0.08361818535091559
4293,0.6401363344911517,0.9247111477092943,0.08361982916711642
4294,0.6402100504135406,0.924708903365063,0.08362168170480422
4295,0.6402599937511163,0.924714648732573,0.0836165157173077
4296,0.6402779441789698,0.9247308279949261,0.08361760512019928
4297,0.6402570770843433,0.9247187300571856,0.08362362025851468
4298,0.6402206870908159,0.9246981235952528,0.08362654864149154
4299,0.6402290771458524,0.9246959676412908,0.08363756401413246
4300,0.6402386275166438,0.9246992995701412,0.08365308694086925
4301,0.6402711348258316,0.9246972550647797,0.0836486501766461
4302,0.6402491969766221,0.9247073008110483,0.08365612825605773
4303,0.6402546489313484,0.9246946917469675,0.0836602372861108
4304,0.6402880180435198,0.9247262201717524,0.08365910876035268
4305,0.6402964881919024,0.9247478219849796,0.08366104769911699
4306,0.6402718600837406,0.9247337756182574,0.08366847533616596
4307,0.6403210993617182,0.9247219735957667,0.08366831066322371
4308,0.6403032556982436,0.9247347594403863,0.08367325328696515
4309,0.6403172832194255,0.9247402780676403,0.08367744304759485
4310,0.6403220564966181,0.9247284568298735,0.08368139010751097
4311,0.6403145667027895,0.9247326803475281,0.0836857312253762
4312,0.6403126596840655,0.924731892521214,0.08368644354016896
4313,0.6403331655113733,0.9247287220006816,0.08368907663099004
4314,0.6403568573398679,0.9247528794456107,0.08369245576671216
4315,0.6403738848510374,0.924744363235308,0.08369375793140732
4316,0.6404343279984102,0.924722142690195,0.0836996213474035
4317,0.640391024845122,0.9247108325787686,0.08370395852946878
4318,0.6404142483632811,0.9247211665541766,0.0837077303408942
4319,0.6403852218012406,0.9247285721215291,0.08371520755442988
4320,0.6403623199661629,0.9247288411353926,0.08371528586083239
4321,0.6404075234443792,0.9247414924730805,0.08371313447835481
4322,0.6404243839332354,0.9247479103752491,0.0837181424578296
4323,0.640406863933767,0.9247316773101233,0.08372368099496041
4324,0.6403747296868274,0.9247290832478695,0.08373316025535811
4325,0.640429950806985,0.924723168785931,0.08372988584052092
4326,0.6404445720316927,0.9247186685683026,0.0837284359009341
4327,0.6404355095158591,0.9247183880252737,0.08373753876772251
4328,0.6404173228873371,0.9246960368162842,0.08374366723714223
4329,0.64039966824155,0.9246842540090694,0.08374895011016739
4330,0.6403722097972249,0.9247005985227957,0.08375401645694106
4331,0.6403478435266913,0.9247152444061276,0.08387769091479581
4332,0.64034332237019,0.92471992524735,0.08387913862851268
4333,0.6403534079699983,0.9246960867760018,0.08388990285161964
4334,0.6404247163114205,0.9247199559917915,0.0838813047248085
4335,0.6403641206904004,0.9246974356883737,0.08392248141200737
4336,0.6403618527726456,0.9247056444542612,0.08392247871305746
4337,0.6403940782240182,0.9247044262057657,0.0839271789310586
4338,0.640373678758164,0.9246983311202331,0.08393571550194297
4339,0.6404191702136449,0.9247145526561933,0.08393144252979685
4340,0.6403946789773424,0.9247248443579942,0.08393611342220345
4341,0.6403710923263074,0.9247088726206214,0.0839488508498554
4342,0.6403997707072299,0.9247133843674153,0.08394887475864123
4343,0.6403936217385598,0.9247120162397674,0.08397672137815133
4344,0.6403903806399053,0.9247334912321733,0.08398171606926379
4345,0.6404126364493072,0.9247418383480477,0.08398349114197733
4346,0.640402383802592,0.9247292484992428,0.08398760819500604
4347,0.6403634012070638,0.9247055944945437,0.08400031871959297
4348,0.6403634012070638,0.9247055944945437,0.0839966746516084
4349,0.6403500215446569,0.9247064899264031,0.08400090286531979
4350,0.6403327815516678,0.9247144412075928,0.08400818713454886
4351,0.6403251274847276,0.9247154173436112,0.08400398605177108
4352,0.6403236697333523,0.9247225500540452,0.08401588922391867
4353,0.640283377834357,0.9247278765285396,0.08402368505495567
4354,0.6402744783723539,0.924722100416588,0.08402861398463601
4355,0.640337800596821,0.9247221849638021,0.08402492854780143
4356,0.6403971268298853,0.9247406393148282,0.08403438315351025
4357,0.6403953006720412,0.9247307280754912,0.0840370781668528
4358,0.6403218221234004,0.924716723982376,0.0840654508237909
4359,0.6403371575416228,0.924712108473092,0.08406271559633739
4360,0.6404312699671735,0.9247204248445248,0.08407602345915548
4361,0.6404317280612406,0.9247246906357866,0.08407609506793119
4362,0.6404246539834118,0.9247290179159313,0.08407340670922216
4363,0.6404061504167397,0.9247296097464307,0.08407942755738707
4364,0.6403711697302654,0.9247252939954514,0.08408915625013991
4365,0.6403818538932451,0.9247220158693737,0.08408845675311417
4366,0.6403916233841338,0.9246974933342016,0.08409887212321251
4367,0.6404368287605127,0.9247146794770146,0.08409622635823209
4368,0.6404254504013392,0.9247002949214356,0.08410726423910253
4369,0.6403594358994343,0.9247171544045575,0.08411632273797118
4370,0.6403780989188192,0.9247033539933674,0.08411895991792873
4371,0.6403909828963201,0.9246902453321117,0.08412575929808276
4372,0.6404187606606427,0.9246698156507177,0.08412871060619741
4373,0.6404310642405361,0.9246709993117165,0.08413142360735493
4374,0.6404456459777712,0.9246672523329055,0.0841367126707941
4375,0.6404447271913528,0.9246705381450936,0.08413900210226756
4376,0.6404269817011013,0.9246571566269194,0.08414449127460918
4377,0.6404149215520498,0.9246525026870834,0.08414875059575988
4378,0.640396298940034,0.9246424953713667,0.08415664540104256
4379,0.6403412008944781,0.9246107056188287,0.08417395876436426
4380,0.6403557628327853,0.9246295519614842,0.08417232696755822
4381,0.640364203191455,0.9246306088016617,0.08416733989508642
4382,0.6403748882856086,0.9246138453949196,0.08417547920350804
4383,0.6404133559895208,0.9246473683653486,0.08417346921943064
4384,0.6404666584142634,0.9246347400859918,0.08417175908869119
4385,0.6405260675036415,0.924642702896347,0.08416378070413798
4386,0.6405009398944336,0.9246363925997237,0.08417002920857808
4387,0.6404939989285348,0.9246301822225355,0.08417736455322135
4388,0.6405386051692689,0.9246239756884025,0.0841812252832068
4389,0.6405109303792704,0.924609460468947,0.08419463427382175
4390,0.6405012715073906,0.924641999617247,0.08420903417771068
4391,0.6405052565548127,0.9246430218699279,0.08421301535923392
4392,0.6405601736233181,0.9246389828189223,0.08421964669982276
4393,0.6405938178274142,0.9246630710888579,0.08421537060263425
4394,0.6405844033860296,0.9246622140875504,0.08422680029346748
4395,0.6406013374138548,0.9246737855267299,0.08422309204673283
4396,0.6406516012794322,0.9246563726436605,0.08422120438890078
4397,0.6406488189894158,0.9246468341806771,0.08422440320567204
4398,0.6406428977845611,0.924647076293154,0.0842288510954474
4399,0.6406702767372815,0.9246616261001063,0.0842275208624363
4400,0.6407071605787075,0.9246560767284108,0.08423158499403742
4401,0.6407310416435773,0.9246662262371695,0.08422494649714882
4402,0.6407276577210766,0.924677536348596,0.0842269312748456
4403,0.640741151216213,0.9246896611877228,0.08422856318885864
4404,0.6407695383580468,0.9246799421011453,0.08423028284024967
4405,0.6407729946933649,0.9246890232405611,0.08423657517373861
4406,0.6407697727462869,0.9246904759154232,0.08423806142893503
4407,0.640801471690176,0.9246944496344904,0.08423434031159112
4408,0.6407698279294399,0.9246758684626432,0.08424680125870446
4409,0.64078461328287,0.9246719408602382,0.08424954683345591
4410,0.6408064738606123,0.9246914097778346,0.08426176772708084
4411,0.6407676328563757,0.9247074199457592,0.08427340558349086
4412,0.6407982005826303,0.9247063784778026,0.08427214011109217
4413,0.6408238167110837,0.9247210858500176,0.08427099930352824
4414,0.6408315494605842,0.9247120854147608,0.08427921199865061
4415,0.6408570334199679,0.9247241602941701,0.08427761083061514
4416,0.6409199627770805,0.9247438059923053,0.08427077131333784
4417,0.6409373785775431,0.9247489556862609,0.08427021056327422
4418,0.6408994305027601,0.9247408698981396,0.0842818449346827
4419,0.6408835870962032,0.9247312968476594,0.08429352759885701
4420,0.640894839419157,0.92473070501716,0.08429495623844703
4421,0.6408968369717546,0.9247277766091047,0.08429554127270929
4422,0.6409101108087253,0.9247342444709907,0.08430304440064326
4423,0.6409362825666399,0.9247436676423184,0.0843043137902636
4424,0.6409661880580829,0.9247497896292374,0.08430640022063345
4425,0.6409173068527605,0.9247409967189609,0.08431205738422741
4426,0.6409774902542313,0.9247500624861559,0.08430362660169811
4427,0.6409671156287882,0.9247399667801698,0.08430534229183816
4428,0.6409559994221881,0.9247441057506102,0.0843169841210882
4429,0.6409629659206133,0.924729252342298,0.08437433546955192
4430,0.641020887932795,0.9247295713158787,0.08437161920850918
4431,0.6410164486541386,0.9247379222748083,0.08436668717766334
4432,0.6410263491474923,0.924729917190846,0.08436909906353206
4433,0.6410757889111611,0.9247385755941907,0.08436721741070952
4434,0.6411517583838141,0.9246954334566193,0.08432640043537877
4435,0.6411525918950958,0.9246737970558954,0.08436282879891546
4436,0.6411591254157357,0.9246696042826823,0.08436622723651237
4437,0.6411262058184497,0.924657410268562,0.08437190470921396
4438,0.6410792946180714,0.9246715296533329,0.08436566179262031
4439,0.6411048522038878,0.9246713490297389,0.08436663926422719
4440,0.6411206957685809,0.9246639011887792,0.08436589952163465
4441,0.641059750407552,0.9246437482073588,0.08438734219173968
4442,0.6410689417415264,0.9246403355743494,0.08439503483595959
4443,0.6410115535051794,0.9246510231108349,0.08441523360385779
4444,0.6409924870842671,0.9246370689774374,0.08442252880105168
4445,0.6409550749390032,0.9246527601717812,0.08442505432988456
4446,0.640944248815785,0.924658720750382,0.08443122438442992
4447,0.6409461040023651,0.9246571989005266,0.08443529307207377
4448,0.6409339696119021,0.9246731821670648,0.08444020090981869
4449,0.6409421026718425,0.924678804556809,0.08444240582410231
4450,0.6409164455434656,0.9246671677856914,0.08445013487516963
4451,0.6409730908134937,0.9246880932212049,0.08446378095725753
4452,0.6410108471969922,0.9246883391767372,0.08446308590177867
4453,0.6410076748959643,0.9246716680033197,0.08446618016172484
4454,0.6410375557682917,0.9246754341974066,0.08446296461487987
4455,0.641046927879177,0.9246631133624651,0.08446937000489677
4456,0.641016960289079,0.9246472223292513,0.08447527271265276
4457,0.6409793273652892,0.9246388175675492,0.08448770973917767
4458,0.6409718674333154,0.9246277918422069,0.08449347830589281
4459,0.640955905790646,0.9246332874111296,0.08450761604976106
4460,0.6409614403875245,0.9246447128142118,0.08451151858140339
4461,0.6409253058112248,0.9246215199761355,0.08452905703895144
4462,0.6409288533327945,0.924633698618035,0.08452742656807054
4463,0.6409773851354457,0.924641634527004,0.08453156767280318
4464,0.6410307679804386,0.9246730553462436,0.08453072423843751
4465,0.6410345880273274,0.9246656190344494,0.08452021095618312
4466,0.6410314267987474,0.9246607421974123,0.0845255783102594
4467,0.6410358352295522,0.9246753342779717,0.08453078706860839
4468,0.641044543374705,0.9246733589476036,0.08452868723548007
4469,0.6410357997056979,0.9246621525986674,0.08453866161747449
4470,0.6410119810032433,0.9246721714435496,0.08454336176718631
4471,0.6410310261781302,0.924696897660647,0.08454353846566345
4472,0.6410382221891097,0.9247034270114161,0.08454687168284726
4473,0.6410407630990713,0.9247063707916922,0.08454934089015141
4474,0.6410390984947221,0.9246998337548127,0.0845585101240722
4475,0.6410600563116062,0.9246936656512316,0.08456354885863775
4476,0.6410579729516446,0.9246880778489842,0.0845695010795016
4477,0.6410898650525949,0.9246868096407712,0.084566570678994
4478,0.641079511748354,0.9246620296209013,0.08459981787966733
4479,0.6410644170327807,0.9246495051040347,0.08460640533096445
4480,0.6410737221868094,0.9246410503826149,0.08460927686235269
4481,0.64103804485478,0.9246360390386462,0.08461837759677182
4482,0.6410175661527583,0.9246367922774636,0.08462410100083105
4483,0.6410130080771286,0.9246322497862282,0.08463164421093121
4484,0.6410237744693436,0.9246442900781408,0.08462670188493245
4485,0.641020406217834,0.9246473491500726,0.08463029681148442
4486,0.6409868941544543,0.9246447051281014,0.08463984726091894
4487,0.6409795818510403,0.9246413462978647,0.08464379247228214
4488,0.6409753632579743,0.9246417805631012,0.08464915950870744
4489,0.6410078041504975,0.9246524335120899,0.08465411840291251
4490,0.6410083013493291,0.9246478295319714,0.08465442047884611
4491,0.6410646257418384,0.9246390635230813,0.08465503683050697
4492,0.6410527733641721,0.9246483944610845,0.08465993314135695
4493,0.6410541230224279,0.9246323343334424,0.08466183797910977
4494,0.6410578367442646,0.9246399013091129,0.08466562722112109
4495,0.6410797300839661,0.9246395746494217,0.08466772876574281
4496,0.6410763636346851,0.92463379853747,0.08467973693949454
4497,0.641039591570375,0.9246072776135986,0.08468800318497872
4498,0.6410602005714533,0.9245982656491764,0.08469109131620163
4499,0.6410717625128892,0.9246166661974297,0.08469605178695871
4500,0.6411185446193853,0.9246443976836861,0.08469343360618731
4501,0.6411737669761239,0.9246728209198769,0.08468279434572143
4502,0.6411712363855406,0.9246587937684306,0.0846922568551367
4503,0.6411984632196849,0.9246579060226816,0.08469080047149362
4504,0.641207409738296,0.9246525142162489,0.08469998465524829
4505,0.641193506588249,0.9246304550794541,0.0847076616415038
4506,0.6412009688542858,0.9246236951453736,0.084707976218662
4507,0.64123349621881,0.924612723222804,0.08470763389388314
4508,0.6412833080553308,0.924619133438862,0.08470474521805771
4509,0.6413244257860671,0.9246277380394342,0.08470447428039327
4510,0.6413370454470826,0.9246382987550984,0.08470873471735416
4511,0.6413484685962194,0.9246291484406892,0.08470853662775044
4512,0.6413448189503644,0.9246184224736518,0.08472568622458936
4513,0.6413584210073088,0.9246212701775481,0.08472068759199335
4514,0.641366767799304,0.9246201249471013,0.08472160133549067
4515,0.6413601621307901,0.9246213854692039,0.08472602554119302
4516,0.6413364588306522,0.9245985000755429,0.0847450893905983
4517,0.6413701937675939,0.9245961365966007,0.08474457775126097
4518,0.6413640336899444,0.9245958291521854,0.08474779101770966
4519,0.6413606689089982,0.9245881391987487,0.08475242153491327
4520,0.6413890090057616,0.9245944341231511,0.08475067824507346
4521,0.6413564982540378,0.9245892037250365,0.08475970119199651
4522,0.6413239445315737,0.9245867710711008,0.08476589713678655
4523,0.641335417667454,0.9245826397867707,0.08477243536390894
4524,0.6413525807868611,0.9245640432427027,0.08477491151614575
4525,0.6413932812880125,0.9245569451197653,0.08477660267826839
4526,0.641396459849232,0.9245646927190299,0.08477087638834083
4527,0.6414068647759199,0.9245687817297529,0.08477820895688587
4528,0.6414151739124384,0.9245713604197858,0.08478302307519249
4529,0.6414251232365222,0.924587966261265,0.08478432205444758
4530,0.641455870494098,0.9246065551192227,0.0847811249136236
4531,0.6413783632808466,0.9245968821493076,0.08483091828803742
4532,0.6413495746980081,0.9246122774284018,0.08484063056796028
4533,0.6414229257331929,0.9246312429057681,0.08483802303495422
4534,0.6413662572535183,0.9246302898280808,0.08485195514861125
4535,0.6413790951293395,0.9246361312719708,0.08485191453662658
4536,0.64137058377584,0.9246247020258335,0.08485660469268179
4537,0.6413692556796329,0.9246217428733366,0.08485793520771732
4538,0.6414411683687153,0.9246259932923776,0.08485798997373216
4539,0.641457468417097,0.9246259663909913,0.08486312291753313
4540,0.6414516036439228,0.9246295404323186,0.0848622467285493
4541,0.6414630174741215,0.9246487095916102,0.08485958600941004
4542,0.6414644926255769,0.9246649657150671,0.08485842425519648
4543,0.6414987747230281,0.9246635975874191,0.08486079741115103
4544,0.6414879657711756,0.9246779168110598,0.08487104200997062
4545,0.6414960542591728,0.9246744465322226,0.08487712565409075
4546,0.6414559642851891,0.9246643123956846,0.08488556635021885
4547,0.6414594563827691,0.9246690047660725,0.08489115309600224
4548,0.6414634445028705,0.9246670986106978,0.08489352284616154
4549,0.6414492715517935,0.9246647197595348,0.0849047079776797
4550,0.6414458509855929,0.924663878130448,0.08491528498649352
4551,0.6414624203693607,0.9246719062727415,0.08491658163987734
4552,0.641437955768059,0.924671514281112,0.08491494351622429
4553,0.6414316967262287,0.9246669026148832,0.08491731969881727
4554,0.6413999147650736,0.9246662646677215,0.08493001387744735
4555,0.6413871341258774,0.9247161244657663,0.08493459313546521
4556,0.6414217245117237,0.9247286067090259,0.08493621314497753
4557,0.6414169363001072,0.9247528717595003,0.08493023996335307
4558,0.641426077106514,0.9247351091584086,0.08493573797320839
4559,0.6414388162622477,0.924734451995971,0.08493868934477611
4560,0.6414157848611295,0.9247293253603466,0.08494798143506806
4561,0.6414016967283929,0.9247257743773503,0.08495080619344594
4562,0.641384202136536,0.9247237606164304,0.08495382350780344
4563,0.6413834014766465,0.9247246176177379,0.08496424498674426
4564,0.6413967059031919,0.9247334182141247,0.08496772701847166
4565,0.6414016466975789,0.9247355280514244,0.08497050302053373
4566,0.6414037243109066,0.924747748966931,0.08497354958724512
4567,0.6413711622585485,0.9247394249093879,0.08498101071929985
4568,0.6413549154491623,0.9247206131542292,0.08499121933884723
4569,0.6414469554046928,0.9247726827090087,0.08499595890880436
4570,0.6414415489425681,0.9247703461314527,0.08500562023013317
4571,0.641466912147392,0.9247767025447382,0.0850042190118963
4572,0.6414624682414635,0.924773555082537,0.08500872446937377
4573,0.6414592780642677,0.9247718718243634,0.08500944843448355
4574,0.6414900683982424,0.9247715336355066,0.0850084840769925
4575,0.6414805468926622,0.9247729056062097,0.08500582562466621
4576,0.6414820127158928,0.9247811335873731,0.08500777885926002
4577,0.6414868276938872,0.9247902723726167,0.08501075069981005
4578,0.6415248456086137,0.9247981583218682,0.08500355271947596
4579,0.641519652770002,0.9247994572745226,0.08500247975745426
4580,0.6415448949990954,0.9248032811144374,0.0849960194680921
4581,0.641544359175439,0.9248013211562901,0.0849960160498051
4582,0.6414980668316027,0.9248065976710671,0.08500874721056642
4583,0.6415121172429097,0.9247900802198572,0.0850104248515883
4584,0.6415217315359418,0.9247992574356527,0.08502898422200718
4585,0.6415069911126238,0.9248028622214216,0.0850341613484324
4586,0.6415130750143051,0.924793823355613,0.0850415201128498
4587,0.6415129581061821,0.9247914790919466,0.08504732211082089
4588,0.6414874398339586,0.9247909910239374,0.08505497599945688
4589,0.6415000674096341,0.9247724521256973,0.0850611226314212
4590,0.6414924945282655,0.9247704229925565,0.0850678811586865
4591,0.6414911961577192,0.9247491708973516,0.08507550243629554
4592,0.6414753787193637,0.924754720269047,0.08508477603421503
4593,0.6414819304787844,0.9247565841508146,0.08508072151911401
4594,0.6414444584904816,0.9247394633399397,0.08510023005051304
4595,0.6414587716889213,0.9247398630176796,0.08509833674920327
4596,0.6414453029197685,0.9247260664495448,0.08510486947420848
4597,0.6414374806824309,0.9247246791066209,0.08511213749836304
4598,0.6414095699316763,0.924738883038606,0.08511896154904727
4599,0.6414141877141735,0.9247349016334283,0.08511859003613262
4600,0.6414021831024677,0.9247246714205105,0.08513165883791247
4601,0.6413750028398292,0.9247202941806483,0.0851415926049027
4602,0.6414149452215476,0.9247245215413581,0.08513877988345474
4603,0.6414084100500902,0.9247285913368052,0.08514570815254083
4604,0.6414161790253213,0.9247333259808002,0.08514586279314094
4605,0.6413957611484766,0.9247394325954983,0.08514468567848693
4606,0.64138748008776,0.9247286989423504,0.08514934406440827
4607,0.6414103880622737,0.9247100831830065,0.08515130105226042
4608,0.641410478438598,0.9247066013750036,0.08515229482682778
4609,0.6414543441999044,0.9247223425290649,0.08514558775007157
4610,0.6415470524673188,0.9247303283977514,0.08513554276746987
4611,0.6415490761794045,0.9247379184317531,0.0851327468073728
4612,0.6415722682563779,0.9247424532368782,0.08514119327384984
4613,0.6415693130716478,0.9247436714853736,0.0851480446130039
4614,0.641562126731813,0.9247239681414107,0.0851599774340817
4615,0.6416024684027007,0.9247638359959596,0.0851505595083243
4616,0.641642667053952,0.9247849305259016,0.08514702843934378
4617,0.641729193230875,0.9247935466556393,0.085133354707186
4618,0.641729556532385,0.9248101832415601,0.08513618062605303
4619,0.6417560159170882,0.9248005948188591,0.08514792498054223
4620,0.6417403556286999,0.9247938118264474,0.08516246148609297
4621,0.6417471526258445,0.9247947226305276,0.08516265493399192
4622,0.6417709400648599,0.9248008984202192,0.08516669030605846
4623,0.6417629427751063,0.9248067744516059,0.08516973794100978
4624,0.6417478611614074,0.9247883892755733,0.08517694735637063
4625,0.6417267216204522,0.9247887927963683,0.08518265085332047
4626,0.6417157899223782,0.9247844847314994,0.0851764574114316
4627,0.6417009664999593,0.9247702269967417,0.08518803317669917
4628,0.641698761480033,0.9247610228795599,0.08517889778640288
4629,0.6416828338763604,0.9247754612379115,0.08518615790105732
4630,0.6416491827351258,0.9247958448026433,0.08519618918715056
4631,0.6416888291863294,0.9248045454795952,0.08519860421220025
4632,0.6416453641364976,0.9247844962606651,0.0852356301634226
4633,0.6416088746567371,0.92478278225805,0.08524223951798401
4634,0.6416136526544695,0.9247909449072751,0.08524765372857389
4635,0.6416257085359003,0.9248074200848778,0.0852512351538017
4636,0.6416228794666629,0.9248066015141222,0.08525483863290406
4637,0.6416155443679686,0.9247908257725642,0.0852606076761595
4638,0.6416074625923667,0.924774181500533,0.08526846530824879
4639,0.6416127390294215,0.9247591974283443,0.08527524629525668
4640,0.6416256580195429,0.9247811143720972,0.08527504746081031
4641,0.6415604274862997,0.9247545473315635,0.08531008988883829
4642,0.6415706531907464,0.9247659381471489,0.08530377186704902
4643,0.6416140917629871,0.9247587670061629,0.08530123841112103
4644,0.6416584156435589,0.9247683246844224,0.08530077259697756
4645,0.6416695713987782,0.9247627714696717,0.08531222549614298
4646,0.6416792591139463,0.9247575141701707,0.08531749218703825
4647,0.6416913745625464,0.9247754343365252,0.08532503880039749
4648,0.6416561728687911,0.9247473954058535,0.08533956561105534
4649,0.6416322683422852,0.924723410898408,0.08534796250639418
4650,0.6416522667967136,0.9247297749978038,0.08534372997545388
4651,0.6416688909641891,0.924736142940255,0.08534497735138617
4652,0.6416779731040965,0.9247383680692104,0.08534761417804504
4653,0.641671123303569,0.9247479488058009,0.08535683892931502
4654,0.6417032763607091,0.924756249805013,0.08535105651245055
4655,0.6417251412279694,0.9247362774471867,0.08536436992099629
4656,0.641719100740095,0.924721174240287,0.08536877320424911
4657,0.6417808447152148,0.9247343021168186,0.08535964797828423
4658,0.6417626801217459,0.9247392212274628,0.08536026978616233
4659,0.6419107982728574,0.9247268120022518,0.08542335819254616
4660,0.64188638742202,0.9247098948733021,0.08543342231994883
4661,0.6418096999245055,0.9247294252797815,0.08559101060140059
4662,0.6418231015581362,0.9247324843517134,0.0855957415332348
4663,0.6418154933982435,0.9247376225165034,0.08560542458277796
4664,0.6418140477491873,0.9247460464934816,0.08560815740371545
4665,0.6418506264244631,0.9247539862455056,0.08560173768723127
4666,0.6418615545881813,0.9247470456878312,0.08560470474239185
4667,0.6418648784267441,0.924745792851839,0.08561427038772046
4668,0.6418537202456712,0.9247566686980287,0.08561910783509197
4669,0.6418722860903857,0.9247541860843755,0.08562058582400182
4670,0.6418822013868911,0.9247555196245267,0.08562096941607558
4671,0.6418867013209121,0.9247630366404799,0.0856233431972908
4672,0.6418964847282307,0.9247632095779634,0.08561825210622735
4673,0.641885968974395,0.9247620412891855,0.08562207498971694
4674,0.6419217068204681,0.9247768677961113,0.08561811514826216
4675,0.6419508137644522,0.9248021858437081,0.08565851164609631
4676,0.6419056700268743,0.9247906144045287,0.08567267857599756
4677,0.6419202004899343,0.9248209437960941,0.08567149279982356
4678,0.6419362077529198,0.9248298366258055,0.08567532736892258
4679,0.6419379014114266,0.9248283378342811,0.08568083851836025
4680,0.6419745373732473,0.9248552046331197,0.08568257484080179
4681,0.641951986201019,0.9248472994685923,0.08568858153213545
4682,0.6419203589450364,0.9248608001214774,0.08569958417312991
4683,0.6419019843645826,0.9248500779974952,0.0857157986107151
4684,0.6418432708786865,0.9248419268774356,0.08573537954345667
4685,0.6418092631501854,0.9248401436998271,0.08574692404463813
4686,0.6418142256479031,0.9248292716966925,0.08574970444078135
4687,0.6418160014229649,0.9248442058091637,0.08576023850857427
4688,0.641792773513042,0.9248544283359712,0.08576806186954038
4689,0.641763681500675,0.9248561308094206,0.0857759691161832
4690,0.6417532690131927,0.9248760877950263,0.0857822636871538
4691,0.6417731726945656,0.9248783129239817,0.08578348298636027
4692,0.6417654523191293,0.9248893617076551,0.08577468440372935
4693,0.6418033034195867,0.9249034311327085,0.08576889499144744
4694,0.6418189145591141,0.9248960447806318,0.08577294696853631
4695,0.6418008180902044,0.9248948265321364,0.08577634181779115
4696,0.641790655821165,0.9248958795292587,0.08578467744320471
4697,0.6417801563124549,0.924900037714975,0.08578834439129557
4698,0.6417983749634474,0.9248927781837197,0.08579443953519715
4699,0.6418020997833236,0.9248988040942588,0.08579465850369535
4700,0.6417782603373012,0.9249006141732536,0.08579723237590044
4701,0.641779912020489,0.924897416751335,0.08580487055925619
4702,0.6418163021863152,0.9248866561968009,0.08580438164408444
4703,0.6418074396213893,0.9248879013466826,0.08580655532840985
4704,0.64184565597867,0.9249230806738988,0.08580272257162772
4705,0.6418823484842053,0.9249425303762192,0.08580562321380382
4706,0.6419017392996189,0.9249320887952659,0.08580775340832683
4707,0.6419048025888845,0.9249290912122171,0.08582173096777018
4708,0.6419220143756209,0.9249419769762717,0.0858199219010744
4709,0.6419143743738401,0.9249456778384204,0.08582281767277833
4710,0.6419046317167435,0.9249441483024545,0.08582947404809842
4711,0.6418989704585378,0.9249375190322504,0.08583681067934353
4712,0.6419144215206114,0.9249251174931499,0.08583940914049952
4713,0.6418868061780386,0.9249213282407318,0.08584685556920449
4714,0.6419156724601088,0.924923549526632,0.08584750769064307
4715,0.6418978093485724,0.9249327305854828,0.08586334328051592
4716,0.6419189099337169,0.9249386258321454,0.08586648852686656
4717,0.6419489110149175,0.9249408778624871,0.08587092297173603
4718,0.6419621393794894,0.9249463849605756,0.08587831534798065
4719,0.6419621393794894,0.9249463849605756,0.08587610287051724
4720,0.6419645625822896,0.9249502933477045,0.08588144746167463
4721,0.6419626045626474,0.9249386066168694,0.08590169846889545
4722,0.6419576630288341,0.9249296100246679,0.08591051571577442
4723,0.6419389896046186,0.9249312356370135,0.08591632485281883
4724,0.6419256281048982,0.9249290258802789,0.08592428990437119
4725,0.6419317734997728,0.9249438754455359,0.0859165245876677
4726,0.6419783957410728,0.9249439715219158,0.08590782698137983
4727,0.6419850994193188,0.9249583906649914,0.08590736363241556
4728,0.6419385388982095,0.9249429915428421,0.08591501267808607
4729,0.642010078363942,0.9249464502925138,0.08591030689520361
4730,0.6419759844040608,0.9249338527575984,0.08592169586403099
4731,0.6419759844040608,0.9249338527575984,0.08591981099481391
4732,0.6420180763174057,0.9249300904065667,0.08592153747824405
4733,0.6420372584181195,0.9249356666796485,0.08592615551101296
4734,0.6421010061748541,0.9249417425499051,0.0859250388329015
4735,0.6420970675453974,0.9249439254052534,0.08593212001402721
4736,0.6420702305273716,0.9249314508481042,0.08594791478309104
4737,0.6421249179818662,0.9249395942820534,0.08594252927919956
4738,0.6420926668253429,0.924929733002434,0.08595612228886951
4739,0.6420644326632711,0.9249301326801738,0.0859704202440415
4740,0.6421049469988747,0.9249145875219272,0.08597107375411557
4741,0.6420816547754172,0.924900218338569,0.08597534701811403
4742,0.6420312929801524,0.9249059906074655,0.08611494749858621
4743,0.6420121319028071,0.9249098029182148,0.08612266367586922
4744,0.6420016107878898,0.9249180308993782,0.08612908069702316
4745,0.6419868327095494,0.9249139111442136,0.08613641047615303
4746,0.6420233923736967,0.9249203290463822,0.08613405665247073
4747,0.6420384174325173,0.9249074740267691,0.08613384150220513
4748,0.6420368676133495,0.9249153676621309,0.08613853604332716
4749,0.6420190619413826,0.9249266470291158,0.08613785005350433
4750,0.642021319500035,0.9249282495831304,0.08614825992443144
4751,0.6420353395261176,0.924922581076724,0.08614140148016364
4752,0.6420712509887622,0.9249571685734408,0.08613838405002117
4753,0.642074500028316,0.9249502241727111,0.08614298716549808
4754,0.6420673926923676,0.9249544515334209,0.08615233583171544
4755,0.6420827276994651,0.9249728751400054,0.0861510759496062
4756,0.6420664474191641,0.9249627832770745,0.08615529157397148
4757,0.6420604795036119,0.9249650045629747,0.08616030460114948
4758,0.6420765164489202,0.9249626333979221,0.08615602468187125
4759,0.6421043858660298,0.9249718298289935,0.08615999101527351
4760,0.6420924057949725,0.9249678753252022,0.08616976404096752
4761,0.6421091372897715,0.9249774599048479,0.08617173947841245
4762,0.6421073375063779,0.9249889275815372,0.08616895461273956
4763,0.642113643632999,0.924989004442641,0.08617408925991094
4764,0.6421299089454287,0.9249803998420689,0.08618518431279394
4765,0.6420487740993926,0.9249407856291626,0.08620866715120196
4766,0.6420892235942078,0.9249502203296559,0.08619868106871714
4767,0.6421174468948532,0.9249484832687097,0.08620379715606163
4768,0.6420816482494128,0.9249318812702856,0.08621823556044265
4769,0.6420588445059995,0.9249250944348187,0.0862254088119836
4770,0.6421147667769749,0.9248478067518775,0.0863129291551293
4771,0.6420830886677019,0.9248408047053199,0.08631973434896999
4772,0.6420927018254166,0.9248329648727308,0.08632428707756844
4773,0.6420599437843468,0.9248272310343862,0.08633607453567763
4774,0.6420529548950692,0.9248281264662457,0.08633437397534573
4775,0.6420447603187492,0.9248095491374535,0.0863423182493816
4776,0.6420854755794624,0.9248182959310677,0.08634199755821187
4777,0.6420675883598416,0.9248308473493208,0.08635307950866736
4778,0.6420497977930305,0.9248301901868831,0.08635871681916078
4779,0.6420875582652528,0.9248331224379936,0.0863611031269521
4780,0.6420674415741322,0.924823964437474,0.08636701707422446
4781,0.6420757194197708,0.924825736085917,0.08636678698867627
4782,0.6421007716523406,0.9248303861826979,0.08636620803192517
4783,0.6421464002775468,0.9248194795920665,0.0863663014615757
4784,0.6421352605041554,0.9248096567429989,0.08637226667148441
4785,0.6421272286594817,0.9248188185865737,0.0863725738234395
4786,0.64211483982804,0.9248232842167053,0.08637996443918522
4787,0.6421011755981554,0.9248038191421641,0.08638778015545902
4788,0.6420947375320318,0.9248094415319082,0.08640053549211224
4789,0.6421024771718712,0.9247988692870784,0.08640836446841828
4790,0.64205591877801,0.9247916135988783,0.08642475200885691
4791,0.6420005789965364,0.9247614571447964,0.0864467191757296
4792,0.6420735186658465,0.9247740469936013,0.08643963599223162
4793,0.6420735186658465,0.9247740469936013,0.08643447667134953
4794,0.6420735186658465,0.9247740469936013,0.08643232831344015
4795,0.6420516815517004,0.924767832773358,0.08644313673915194
4796,0.6420325762176123,0.9247453624296575,0.08644805925454607
4797,0.6420373758491578,0.9247480179807944,0.08645515650975019
4798,0.642019581321237,0.9247083038484532,0.08650198384826747
4799,0.6420641538043904,0.924714464265924,0.08650029108130551
4800,0.6420654117183094,0.9247190144432698,0.08650917597961072
4801,0.6420849610568178,0.9247242602136052,0.0865110179075185
4802,0.6420568914431162,0.92471861476553,0.08651770813994948
4803,0.6420439261316657,0.9247083883956674,0.08652213019338079
4804,0.6420805915284313,0.924703465441968,0.08651836384356355
4805,0.6420788776605525,0.9247033539933674,0.08652277876511222
4806,0.6420667958351904,0.92470763515685,0.0865268830535607
4807,0.6420674122756861,0.9246983272771779,0.08653432995831746
4808,0.6420562302778744,0.9246916057736493,0.08652930974401374
4809,0.6420906664443163,0.9246865406269079,0.08652583431374823
4810,0.642093314922072,0.92469615210794,0.08652621653172943
4811,0.6421169616239135,0.9246835853174662,0.08653759642048607
4812,0.6421193657784872,0.9246842424799039,0.08653814516470465
4813,0.6421434635953172,0.9246947609219609,0.08653547162750194
4814,0.6421003810002004,0.9246706150061974,0.08655302877247739
4815,0.6420645338852903,0.9246627790166635,0.08659032995942187
4816,0.642093329246082,0.9246675597773207,0.08658883855223225
4817,0.6420902467091115,0.9246621026389499,0.08659444896007977
4818,0.6421157759505425,0.9246919554916717,0.08661343486929575
4819,0.6420877509614721,0.9246851379117633,0.08662022852109792
4820,0.6421196159944894,0.9246781435513162,0.0866203235517027
4821,0.6421157562368398,0.9246852147728671,0.08662643492693327
4822,0.6421196996113978,0.9246887157961459,0.08662276906225395
4823,0.6421258498462489,0.9246901684710079,0.08662050850351166
4824,0.6421013962449077,0.9246717909810858,0.08663025688323933
4825,0.6421308670898546,0.9246717525505339,0.08663599461819951
4826,0.642159646090546,0.9246771174555802,0.08663476697316742
4827,0.6421445162855924,0.9246877050726308,0.0866401724426703
4828,0.6421313938296419,0.9246804532274857,0.08662750144692316
4829,0.642108366163344,0.9246761182612306,0.08663600556829058
4830,0.6421013875381614,0.924660915134896,0.08664347709642743
4831,0.6421268747236497,0.9246601388377474,0.0866481735824721
4832,0.6421201890926038,0.9246510346400005,0.08664990810027712
4833,0.642169654075946,0.9246641702026426,0.08664427270876818
4834,0.642185560540225,0.9246685013258426,0.08665014631608475
4835,0.6421400023537943,0.9246583479740286,0.08666928053296508
4836,0.642166723622694,0.924659485518365,0.08667739823365733
4837,0.6421533630282737,0.9246705765756456,0.08669001027922553
4838,0.6421398208766863,0.9246746348419269,0.08669569158789314
4839,0.64213641754971,0.9246802341733399,0.0866975419982914
4840,0.642125189259792,0.9246774402722162,0.08670587410379868
4841,0.6420636382517578,0.9246863676894244,0.086722767545191
4842,0.6420491732351109,0.9246674098981683,0.08673317742731135
4843,0.6420568580052664,0.9246785278568352,0.08673504668640847
4844,0.6420761592452321,0.9246883776072891,0.08673566862949368
4845,0.6420529186146104,0.9246987384840833,0.08673903942836202
4846,0.6420614705267434,0.9246958523496351,0.08673980795943527
4847,0.6420240814011942,0.9246758723056984,0.08675876781122088
4848,0.64203231078403,0.9246675136606585,0.08676428483637194
4849,0.6420197638073816,0.9246569606311047,0.0867710748006448
4850,0.6420084717866263,0.9246501315220307,0.08678045852509123
4851,0.6419783497655396,0.9246493475387718,0.08678955407907275
4852,0.6420051770657623,0.9246329684375488,0.08678763158483764
4853,0.6420312036950062,0.9246389943480879,0.08678470148289005
4854,0.6420987056704699,0.9246515611385616,0.08677998178383195
4855,0.6421068352708107,0.924651830152425,0.08676960824567664
4856,0.642123911061673,0.9246340982957749,0.08677740704133771
4857,0.6421192446980909,0.9246343250360312,0.08678400895987046
4858,0.6420854428935626,0.9246212394331066,0.08680476183313386
4859,0.6420821022312491,0.9246232493509714,0.08680745077822723
4860,0.6420613625004172,0.9246281338741188,0.08680872557463522
4861,0.6420299873221802,0.9245976891908977,0.086817040430357
4862,0.6420457821507137,0.9245960558924416,0.08681554176456242
4863,0.6420650269105046,0.9246081384579613,0.08682503160362379
4864,0.6420949323119284,0.9246098832050179,0.08682367704659877
4865,0.6421134636609986,0.9246100407702807,0.08682661154477662
4866,0.6421517241041476,0.9246169697987897,0.08682278368635392
4867,0.6421915076193618,0.9246397975466227,0.08682235290520562
4868,0.6422304285249943,0.92468154465516,0.08682120428034651
4869,0.642233591203981,0.9246817214356987,0.08681773278693464
4870,0.6422657838262759,0.9246834584966449,0.08682119917172472
4871,0.6422978717701273,0.9246940345845299,0.086815180017866
4872,0.6423402965293178,0.9246846114132021,0.08683971065592079
4873,0.6423202173902596,0.9246793887011979,0.08684722316433771
4874,0.6423391905780161,0.9246838120577224,0.08684418645608456
4875,0.6423549272041159,0.9246871785740696,0.08683863441299321
4876,0.6423460830834613,0.9246920131374995,0.08683928880484618
4877,0.6423611583935607,0.9246890309266715,0.08683763929878262
4878,0.6423810985112292,0.924701751439353,0.08683238370013716
4879,0.6423324559765684,0.9246881393378673,0.08684492143395528
4880,0.6423666822186204,0.9247050833682033,0.08684512627249315
4881,0.642369334907755,0.9246758492473672,0.08685543189121508
4882,0.6423606706283217,0.9246644123151195,0.08685855886647782
4883,0.6423506670654116,0.9246551351798891,0.08686415324281134
4884,0.6424525692174325,0.924687770404569,0.08688843028858627
4885,0.6424877929771473,0.9246676020509279,0.086891413684939
4886,0.6424861123791439,0.9246541052410979,0.08689006015861295
4887,0.6424363349991516,0.924658640046223,0.08690458992462996
4888,0.6424334809282912,0.9246598006488906,0.08691254180223736
4889,0.6424437242203517,0.924662425455586,0.08691856028180896
4890,0.6424614693257128,0.92468184825652,0.0869296047196999
4891,0.642460587953778,0.9246863369449828,0.08692683735231149
4892,0.6424612672903307,0.9246879740864941,0.08692883971098439
4893,0.6424530486716966,0.9246676020509279,0.08693958261326441
4894,0.6424670499406482,0.9246638012693442,0.08693854030178755
4895,0.6424847709167285,0.9246581596643242,0.08693092325708827
4896,0.6424714257732775,0.9246513882010781,0.08693943563348326
4897,0.6424635450374528,0.9246587783962099,0.08695121503331293
4898,0.642474253387537,0.924652495000973,0.0869542260310998
4899,0.6424884425071014,0.9246371881121482,0.08696187006753849
4900,0.6424744505758379,0.924635228154001,0.08696744413059057
4901,0.6425043704975952,0.9246455198558018,0.08695854883982351
4902,0.6425203449965008,0.9246397552730157,0.08696465231003946
4903,0.6425547723547624,0.924654228218864,0.08696684272730283
4904,0.6425236960496741,0.9246459618071488,0.08697779820621813
4905,0.6425245093818247,0.9246444976031211,0.08696923281935752
4906,0.6425150981557148,0.9246557846562163,0.08697257931283875
4907,0.6425186729190904,0.9246673522523404,0.08697416498535757
4908,0.6425084481152387,0.9246591127420115,0.08697971613671468
4909,0.6425529695855154,0.9246792580373214,0.08697748319715741
4910,0.6425424614002198,0.9246820557815003,0.0869872446736704
4911,0.6425562757193207,0.9246834431244242,0.08698862144463909
4912,0.6425524235166751,0.9246785393860008,0.08699327759528899
4913,0.6425483552656912,0.9246663107843838,0.08700033589034525
4914,0.6425509069533811,0.9246668219107241,0.08700165186970016
4915,0.642542945288962,0.9246421302811235,0.08700959385937125
4916,0.6424953497579039,0.924621066495623,0.08702845902691025
4917,0.6425077780599056,0.9246140990365622,0.08703149018043123
4918,0.6425254003596614,0.9246320576334686,0.08703565247588593
4919,0.6425735739701912,0.9246249210799794,0.08702633501388711
4920,0.6426278091803679,0.924626243090965,0.0870257946288422
4921,0.6426515415486859,0.9246225383857611,0.08702774305273835
4922,0.642657761359334,0.9246230456690463,0.08703439350786565
4923,0.642674035007089,0.9246439903198359,0.0870324993442723
4924,0.6427019059708182,0.9246403701618462,0.08703634885673404
4925,0.6427545463661467,0.9246670678662564,0.08703265358815847
4926,0.6427381193263784,0.9246638243276754,0.0870346410111561
4927,0.6427375430699663,0.9246686665772157,0.08703613632141385
4928,0.6427281610420897,0.9246761797501136,0.08704190300521635
4929,0.6427329830906671,0.924670768728405,0.08704360473477611
4930,0.642754797420914,0.9246948569983408,0.08703889746557822
4931,0.6427422043596833,0.9246980966938665,0.08704382016879643
4932,0.642789245065469,0.9247304398463518,0.08704611989112665
4933,0.6427953027746405,0.9247148062978359,0.0870553861886857
4934,0.6428224015799243,0.9247374034623576,0.08704591718955923
4935,0.6428687484401272,0.9247509886624569,0.08704027716577806
4936,0.6429217067806855,0.9247644893153419,0.0870378098801226
4937,0.6429407996743393,0.9247594510699869,0.08704498647252643
4938,0.6429681103361842,0.9247698849648298,0.08704726618360017
4939,0.6429493473872891,0.9247758493864858,0.08705100453136999
4940,0.6429878415445753,0.9247962367942728,0.08705070814091034
4941,0.6429753300071988,0.9247667720901253,0.08707143637704484
4942,0.6429924327336304,0.9247747618018668,0.08706654843435087
4943,0.6430024412643293,0.9247757763684372,0.08706836114643973
4944,0.6430294611923815,0.9247797577736149,0.08706405454621229
4945,0.6429999597077231,0.9247712761508088,0.08707079806685379
4946,0.6430387576037564,0.9247692623898889,0.08707067097025797
4947,0.6430349751130445,0.9247868443673866,0.08707724499616257
4948,0.6430434737804924,0.9247821097233916,0.08707446012430704
4949,0.6430377826268391,0.9247830282135822,0.08707329298797345
4950,0.6430273707081858,0.9247884699797323,0.08707865428728732
4951,0.6430437456046288,0.9247818061220315,0.08707492808810781
4952,0.6430381859345353,0.9247923860529716,0.08707697349462239
4953,0.643034857382555,0.924795798685981,0.08708145064786818
4954,0.6430368685177258,0.9247939348042136,0.08708609680150652
4955,0.6430628860531301,0.9248063209710933,0.08708483897177954
4956,0.6430932751454036,0.9248133806634787,0.08708361058827029
4957,0.6431103041790616,0.9248476607157803,0.08708347067935811
4958,0.6431140788332539,0.9248649045044212,0.08708296327348514
4959,0.6431459884973032,0.9248674908805645,0.08707829777431296
4960,0.643125744055389,0.9248613919519768,0.08708608417630681
4961,0.6431486749989915,0.9248692202554004,0.08708907453216304
4962,0.6430959674421164,0.9248567072676993,0.08710602516011554
4963,0.6431196440082373,0.9248536520388226,0.08710886062734109
4964,0.64312433080078,0.9248563229621802,0.08711233971994123
4965,0.643111541327181,0.9248546973498345,0.0871317667010434
4966,0.6431176416742881,0.9248607078881529,0.08713527460077698
4967,0.6430961578085123,0.9248559271274955,0.08713896410866626
4968,0.643082236275657,0.9248566073482644,0.08714476867658398
4969,0.6430771105639481,0.9248502125044269,0.08714889211192366
4970,0.6431304804255639,0.9248319810506019,0.08715118639801918
4971,0.6431288879983483,0.9248249751609893,0.08716332376811246
4972,0.6431316887231951,0.9248316966645178,0.08716901233606836
4973,0.6431318502069825,0.9248444863521927,0.087177568029967
4974,0.6431373039415765,0.92483828750417,0.08718029358259136
4975,0.6431672332718237,0.9248408392928167,0.08718030813522208
4976,0.6431790256981252,0.9248463617631257,0.08716837421937271
4977,0.6432115283450167,0.9248593781910569,0.08716426867876245
4978,0.6432281173218422,0.9248541247346111,0.08716927142914417
4979,0.6432615237941113,0.9248355358766535,0.08717294224824088
4980,0.6432668661362457,0.9248399438609572,0.08718255299714973
4981,0.6432455606639362,0.9248254209553913,0.08719010340165761
4982,0.643224341774914,0.9248447861104976,0.08718622343594226
4983,0.6432270219095105,0.9248553083956098,0.08719169154390899
4984,0.6432172330904665,0.9248406855706091,0.08720191952141133
4985,0.6432000853452748,0.9248325805672117,0.08721542676551766
4986,0.6432073101648359,0.9248409776428035,0.08721981142024308
4987,0.6432113595970539,0.9248564805274431,0.08722858817563148
4988,0.6432298380975013,0.9248581022967335,0.08722994578240983
4989,0.643220427351589,0.9248357357155234,0.08723994253092049
4990,0.6432252589207249,0.9248303938688082,0.08725658745203807
4991,0.6432061574928624,0.924835889437731,0.0872572680616089
4992,0.6431665146391837,0.9248385603610886,0.0872738964299885
4993,0.6431196074923508,0.9248355051322119,0.087279257669987
4994,0.6431331689031357,0.9248720487440207,0.08729700989101952
4995,0.6431356313294435,0.9248657884071151,0.08730160488850966
4996,0.6431836611440654,0.9248708804552428,0.08731564677230945
4997,0.6431655144147032,0.9248687052860048,0.0873327345965572
4998,0.6431451605844558,0.9248684093707551,0.08733297973283836
4999,0.6431599367566939,0.9248686361110113,0.08735425328190734
5000,0.6432053926506438,0.9248930779420246,0.08734741023939495
5001,0.6432621589158336,0.9248921940393307,0.08735341419980669
5002,0.6432602359090213,0.9249002144955139,0.08735988119097965
5003,0.6432803673207272,0.9249014519592852,0.08736115977785376
5004,0.6433069805092827,0.9249210784421444,0.08735906820049068
5005,0.6433172909878717,0.9249253749778477,0.08735750873478655
5006,0.6432948926162526,0.9249195681214545,0.08737365737526151
5007,0.6433130163830834,0.9249312779106207,0.08737341744433395
5008,0.643320762720145,0.9249294793607914,0.08737257520471202
5009,0.6433426391022031,0.9249428531928552,0.08737413843990524
5010,0.6433060753311189,0.9249413121277237,0.08738664004938056
5011,0.6432867389005248,0.9249441252441234,0.0873923926822177
5012,0.6432666334455739,0.9249364314476315,0.08739628714798886
5013,0.643275396245718,0.9249416195721389,0.08740369902840746
5014,0.6432893332604817,0.9249345983103054,0.087406238154919
5015,0.6432531714531136,0.9249151831954818,0.08741896446628758
5016,0.643284463999896,0.9249156789496014,0.08742244887785104
5017,0.6433123966566198,0.9249167088883925,0.08742710822590521
5018,0.6433321310984176,0.9249358242449113,0.08742708010489032
5019,0.6433346268658378,0.9249220814795492,0.08742039146035242
5020,0.6433152999020701,0.9249102448695616,0.0874258138068477
5021,0.6433224832741499,0.924910390905659,0.08743443427616164
5022,0.6432862220185512,0.9249094685724132,0.08744681068179073
5023,0.6432479009951516,0.9248954491070772,0.08745383960005779
5024,0.6433287227183122,0.9249133769595421,0.08744905499511917
5025,0.643355282070928,0.92495332551825,0.08745133538538082
5026,0.643342423162423,0.924950081979669,0.08745746648106896
5027,0.6433646264683954,0.9249491634894784,0.08746216748797125
5028,0.6433512846814172,0.9249422767345766,0.08746844710106087
5029,0.6433206405312917,0.9249242758640631,0.08748071674074552
5030,0.6433251091453811,0.9249205135130314,0.0874875916708824
5031,0.6433217617092264,0.9249058945310857,0.08749636896808535
5032,0.6433288065009737,0.9248899151076025,0.08750567516590095
5033,0.6433911960802521,0.9248949764112888,0.08749759399085423
5034,0.6433647989906596,0.9248598278285142,0.08750508353084041
5035,0.6433253299767233,0.9248492325253532,0.08751685374985164
5036,0.6433437874742693,0.9248459543992755,0.08764460489228887
5037,0.6433829615465145,0.9248524722208791,0.08763674757842327
5038,0.6434094307837809,0.9248552776511684,0.08764006303773736
5039,0.6434379057185764,0.9248561999844142,0.08763939911759921
5040,0.6434334879467482,0.924862806196287,0.087666528695983
5041,0.6434151217624633,0.9248530064055506,0.08767714800333258
5042,0.6434109004222422,0.9248651274016222,0.08767039672794423
5043,0.6433992317703167,0.9248672449250324,0.08767793141639522
5044,0.6433774728354902,0.9248524030458857,0.08768711358560081
5045,0.6433884416276999,0.9248472648810956,0.08769622315908718
5046,0.6433778840204886,0.9248403204803659,0.08769986315647918
5047,0.643384505228728,0.9248339871254115,0.08769982123099583
5048,0.6434031383708373,0.9248283647356674,0.08770307726572571
5049,0.6433906903002719,0.9248129809857389,0.08771425685608149
5050,0.643364575348116,0.9248090418541683,0.08772123209153765
5051,0.6433690349433707,0.9248069051154824,0.08772480524437314
5052,0.6433965921229133,0.9248203865530915,0.08772336047664206
5053,0.6434169977230242,0.9248202443600494,0.08772368775800683
5054,0.6434478427518401,0.9248346904045115,0.08772172685039727
5055,0.6434399078962767,0.9247975818635895,0.08779984154759797
5056,0.6434182088147277,0.9247870442062565,0.08780582446980005
5057,0.6434180216281825,0.9247939424903239,0.08780807735381038
5058,0.6434021243126441,0.924796563453964,0.08780463434728975
5059,0.6434119447203984,0.9248181114644185,0.0878092981143311
5060,0.6434119225107297,0.9248337526990449,0.08781209733448761
5061,0.6434186719305306,0.9248333568643603,0.08783770245783587
5062,0.6434294850997093,0.9248284415967712,0.08784046475232189
5063,0.6434360461136182,0.9248251019818106,0.08782800006303507
5064,0.6434387444395135,0.9248308089187688,0.08782983373830557
5065,0.6434234244532298,0.9248225886237158,0.08783671876214943
5066,0.6434155598376292,0.9248277037301746,0.08784608104236716
5067,0.6434154175908983,0.9248247215193467,0.0878602447931395
5068,0.6433955157298323,0.9248025970506135,0.08787340528245302
5069,0.643397473989899,0.9247939693917102,0.08787903868541441
5070,0.6434095823398542,0.9247962367942728,0.08788531788153556
5071,0.6434143734076214,0.9247855953744496,0.0878878728207195
5072,0.6434274814538846,0.9247849228397912,0.08789135656385308
5073,0.6434427419683805,0.9247892578060464,0.08789261271991693
5074,0.643425328805556,0.9247856222758359,0.08790605616780967
5075,0.6434004483994895,0.9247575487576675,0.08791549103960514
5076,0.6433706589186434,0.9247537864066357,0.0879275827291569
5077,0.6433630726971935,0.9247433294534617,0.08793447036007863
5078,0.6433697439962176,0.9247423917479951,0.08793431027696061
5079,0.6433656373097429,0.9247437675617535,0.0879332149555021
5080,0.6433816465700827,0.9247605924573785,0.08794155436424682
5081,0.6434206551694793,0.9247582289784362,0.08793326087234705
5082,0.6434294288672332,0.9247791428847844,0.08792920387590078
5083,0.6434505080120341,0.9247580598840078,0.08795116534994428
5084,0.6434364913602465,0.9247546165065569,0.08795013979110433
5085,0.6433990513396276,0.9247176540017322,0.08797502162667853
5086,0.6434455505673501,0.924724479267751,0.08796999602200772
5087,0.6434293988160504,0.9246970360106339,0.08798219022306397
5088,0.6433912096761825,0.9246871977893455,0.08799272194064386
5089,0.6434063151977473,0.9246904567001473,0.08799074626488106
5090,0.6434197831316016,0.9247156248685915,0.08798941713402204
5091,0.6433747604450631,0.9247336372682706,0.08800408383430831
5092,0.6433776084783734,0.9247304705907934,0.08800923407805411
5093,0.6433400012551108,0.9247305974116147,0.08801740800051555
5094,0.6433172463878498,0.9247252401926788,0.08802645355339102
5095,0.6433347629170418,0.9247359892180473,0.08802018385566487
5096,0.6433546663728322,0.9247248635732701,0.08802240115258142
5097,0.6433650733643389,0.924731227672666,0.0880231532742627
5098,0.6433620575135575,0.9247297634686383,0.08802191170203723
5099,0.6433803316674657,0.9247377570234351,0.08802478858119796
5100,0.6433458983714972,0.9247268504328037,0.0880213572952372
5101,0.6433521105730144,0.9247063285180851,0.088029466940771
5102,0.6433629571668646,0.9247059557417316,0.0880338524471286
5103,0.6433684451581704,0.9247034615989128,0.08804123378179646
5104,0.6433793078796514,0.9247050526237618,0.08804536895404215
5105,0.6434056538486244,0.924717327342041,0.08804657215030669
5106,0.6434019435784472,0.9247454008602095,0.08805231054225442
5107,0.6433574029988801,0.9247374380498542,0.08806170721682216
5108,0.6433578356290687,0.9247196139598796,0.08806852346495735
5109,0.6433805921531252,0.9247346902653929,0.08806392447011134
5110,0.6433880158814737,0.9247617453739357,0.08806798923617976
5111,0.6433290341559702,0.9247216469360754,0.0880738079783308
5112,0.6433465294213555,0.9247308510532573,0.08807542284843019
5113,0.6433129275864453,0.924727964918809,0.08808306529384152
5114,0.6433238786134514,0.924729133207587,0.08808984873761974
5115,0.6433690204524981,0.9247488442376604,0.08808434528303792
5116,0.6433825015781724,0.9247436522700977,0.08808796382247906
5117,0.6434340003043895,0.924775914718424,0.08808963732412098
5118,0.6434206575471355,0.9247668028345668,0.08809415339802047
5119,0.6434420915346598,0.9247679326927929,0.08809798781447789
5120,0.6434162697062652,0.9247480064516288,0.08810523353333577
5121,0.6434142781154489,0.9247326034864243,0.08811420319400912
5122,0.6433882510668559,0.9247302553797028,0.08812160284530265
5123,0.6434301431781602,0.924754013146892,0.08812270749104388
5124,0.6434824730521089,0.9247727249826158,0.08811971201422833
5125,0.6434922798542971,0.9247657344652238,0.08812100342584508
5126,0.6434679845366097,0.9247706727911439,0.08812502801444715
5127,0.6434885018241673,0.9247696236370768,0.08812540112786331
5128,0.6434849677499888,0.9247663954707166,0.08813008530455457
5129,0.6435162098180166,0.9247833933038253,0.08812933404981396
5130,0.6435427993822144,0.9247806608915846,0.08813073608792502
5131,0.6435754748134516,0.9247814179734573,0.08813172928693015
5132,0.6435926471706029,0.9247880779881028,0.08813852416700697
5133,0.6435770904497176,0.9247835700843641,0.08814389334771372
5134,0.6435493706557545,0.9247964058887012,0.08813644681261917
5135,0.6435903566554806,0.9248034040922035,0.08814496514049645
5136,0.6435908913017864,0.9247978700927288,0.08815222861473657
5137,0.6436124529492259,0.9248209937558116,0.08814754615264932
5138,0.6436054761834628,0.9248150677647075,0.08815595752595161
5139,0.6436274182260079,0.9248139379064814,0.08815969628035471
5140,0.6436045724890017,0.9248172237186695,0.08816671481986035
5141,0.6435512750930718,0.924813991709254,0.08817899359120561
5142,0.6434999982272851,0.9247971629705738,0.08819008386250923
5143,0.6435242996544107,0.9247848767231289,0.08818646906075092
5144,0.6435313897857189,0.9247646161361632,0.08818592493841237
5145,0.6435455448940296,0.9247794926028067,0.08819432734148652
5146,0.6435411989434529,0.9247807569679645,0.08820175937813786
5147,0.6435376621162578,0.9247844732023339,0.08820913016484636
5148,0.6435338834787244,0.9247799383972088,0.08821131275561597
5149,0.6435471896687736,0.924772951722872,0.08821702305062697
5150,0.643518205785153,0.9247672217275826,0.08823025970914321
5151,0.6435199500713418,0.9247786509737199,0.08823128347816823
5152,0.6435117855809261,0.9247779515376752,0.08823196491790329
5153,0.643515760332228,0.9247674100372869,0.08823411340660586
5154,0.6435293085179644,0.9247580483548422,0.08823590535288958
5155,0.6435483460910753,0.9247502277375291,0.08823686479610844
5156,0.6435370233388368,0.9247631096585285,0.08825004007472206
5157,0.6435449684091301,0.9247700655884238,0.08825024214755436
5158,0.6435419421238298,0.9247681901774907,0.08826087111104118
5159,0.6435044258813721,0.9247423417882776,0.08827418735249729
5160,0.6435197902211823,0.9247401589329293,0.08828140160418149
5161,0.6435393054027195,0.9247380068220225,0.08827953180593631
5162,0.6435637658010359,0.9247464922878836,0.08827918976491274
5163,0.6436066101429624,0.9247490632918063,0.0882959040937605
5164,0.6435938533634428,0.9247633171835088,0.08829559873595576
5165,0.6435607525811798,0.9247516342957289,0.08831917028811943
5166,0.6435534708655365,0.9247515612776803,0.0883223127627456
5167,0.6435406612815189,0.9247526757636856,0.08833223823348699
5168,0.643580603284317,0.924754939323193,0.08833441491045689
5169,0.6435855298080922,0.9247611573864916,0.08833662708903044
5170,0.6435593996353799,0.9247384487733694,0.08834672209760962
5171,0.6435508341641974,0.9247482216627195,0.08834633564615672
5172,0.6435596482484275,0.924779215902833,0.08835083928094403
5173,0.6435561422290053,0.9247681094733317,0.08835912070439123
5174,0.6435758597109287,0.9247730516423069,0.08836219461563256
5175,0.6435487987161655,0.9247733821450533,0.08836598634531591
5176,0.6435437270369854,0.9247812834665255,0.08837463142997318
5177,0.6435375289090914,0.9247703346022871,0.08840085076681906
5178,0.6435375289090914,0.9247703346022871,0.08838977042677824
5179,0.6435683695223183,0.9247865561382472,0.0883993611870323
5180,0.6435691483903069,0.924790337704555,0.08840757827535291
5181,0.6436074743740459,0.9248205018447472,0.08840402007900156
5182,0.6436224329086575,0.9248105637040239,0.08840139988686754
5183,0.6436087899102279,0.9248181383658048,0.08840985189886794
5184,0.6436199001573377,0.924825313349846,0.08840520674135416
5185,0.6436361965597054,0.9248497705530799,0.08840958022160891
5186,0.6436169235705919,0.924845458645156,0.08841354128369562
5187,0.6436212100600759,0.9248388831777246,0.08841990538514284
5188,0.6435793818368252,0.9248419499357667,0.08842281168319761
5189,0.6435769946646871,0.9248323576700107,0.08843165255034048
5190,0.6435706972538559,0.9248353014502868,0.08843176738579932
5191,0.6435601315978126,0.9248404088706353,0.0884355121855176
5192,0.6435721664305306,0.9248415233566406,0.08844026517432761
5193,0.6435711441983581,0.9248367502820937,0.08843806214462721
5194,0.6435681902530226,0.9248373882292553,0.08844350269223067
5195,0.6435888539758979,0.9248336297212788,0.08843455155788098
5196,0.6435750988650918,0.92483113557846,0.08843578499200466
5197,0.6435827233121632,0.9248532177735861,0.08844141295742082
5198,0.6435965152878733,0.9248459005965028,0.0884483834447746
5199,0.6435702237874659,0.9248398362554119,0.0884594349548783
5200,0.6435998746181281,0.9248475377380141,0.08846055297460957
5201,0.6436455096749041,0.9248582790772722,0.08845969465016004
5202,0.6436269517677646,0.9248304207701945,0.08847026772177097
5203,0.6435895110944734,0.9248254516998329,0.08848613493590893
5204,0.6435941959342637,0.9248324921769423,0.08849545668494602
5205,0.6435984249995175,0.92482831477595,0.08849337822539226
5206,0.6435617078295164,0.924813284587099,0.08851045079953739
5207,0.6435539886654438,0.9248257745164689,0.0885137522116783
5208,0.6435756638083608,0.9248158363757456,0.08852693150700319
5209,0.6435955801620725,0.9248293370286308,0.0885264396075008
5210,0.6435789593978144,0.9248320732839266,0.08852871013219718
5211,0.6435932020456274,0.9248269504913573,0.08852915600281179
5212,0.6435847401728727,0.9248137073231699,0.08853843117048828
5213,0.6436107154775559,0.9248080926195362,0.08854134202459572
5214,0.643658643253342,0.9248245524249182,0.08854377585545145
5215,0.6436455463533902,0.9248134152509755,0.08855957112148417
5216,0.643649482297264,0.9248056561225453,0.08856388477877758
5217,0.643669427771969,0.9248011443757513,0.08854204270491509
5218,0.6436527137306058,0.924791890298852,0.08857148237628856
5219,0.6436412933214645,0.9247795502486346,0.08857962302090121
5220,0.6436641373566525,0.9247645085306179,0.0885891626807128
5221,0.6436730144835512,0.9247699195523265,0.08858689788402954
5222,0.6436730144835512,0.9247699195523265,0.0885822521159715
5223,0.6437037124606148,0.9247740277783254,0.08857634235202339
5224,0.6437240838249786,0.924759716240795,0.08858181701661533
5225,0.6437021762702154,0.9247494322251046,0.08858946858929612
5226,0.643712926832298,0.9247421150480214,0.08858910550914478
5227,0.6436889403648374,0.9247465806781531,0.08859641053297562
5228,0.6437200234697504,0.9247503315000192,0.0885948969066558
5229,0.6437085688934536,0.9247570837479894,0.08859526457925752
5230,0.6437421040586605,0.9247620297600199,0.08859917828578741
5231,0.6437359936582802,0.9247637591348558,0.08859791104918044
5232,0.6437462351435813,0.9247785318390089,0.08859729935817119
5233,0.6437514306115084,0.9247914829350018,0.08860127522909737
5234,0.6437567259545546,0.9247896920712829,0.08860777534026294
5235,0.6437945734916082,0.9248094876485705,0.08860381900145567
5236,0.643811992363333,0.9248342253948334,0.08861318585986236
5237,0.6438175571029959,0.9248360739043802,0.0886085501376043
5238,0.643820829268395,0.9248310241298595,0.08861257027115381
5239,0.6438241147668823,0.9248374535611936,0.08861495206511023
5240,0.6438410330978663,0.9248437215842097,0.08861807330965464
5241,0.6438525256067957,0.9248358202627376,0.08862526180558143
5242,0.643858342194275,0.9248341293184537,0.08863319813009064
5243,0.6438629573230145,0.9248427761926328,0.08863256451501285
5244,0.643852911155767,0.9248386756527442,0.08863295873694302
5245,0.6439147464550765,0.924849789768356,0.08863538593388745
5246,0.6439042846265595,0.9248441635355567,0.08864325055680404
5247,0.6438985243240785,0.9248562076705245,0.08865032374758096
5248,0.6439128026088822,0.9248643626336392,0.08864762198486936
5249,0.6439418525806019,0.9248529833472194,0.08863277975619074
5250,0.643943025252002,0.9248569224787899,0.08863882273740864
5251,0.6439521466325354,0.924859681792417,0.08864211714155655
5252,0.6439805101853048,0.9248773982768463,0.08865132348929941
5253,0.6439707192055912,0.9248783321392576,0.08865756220477529
5254,0.6439588671387779,0.9248709573163466,0.08866458599998131
5255,0.6439339331289402,0.9248587018133433,0.08867145451717902
5256,0.6439406611311791,0.9248549778928634,0.08867296187730932
5257,0.6439251723220042,0.9248717336134952,0.08868464393236611
5258,0.6439296205220508,0.9248499358044532,0.08868816776336486
5259,0.6439287140119035,0.9248250020623756,0.0886975886312324
5260,0.643924845092655,0.9248224003140114,0.08870512701258332
5261,0.6439379316190383,0.9248227807764753,0.08870629680267586
5262,0.6439432170246703,0.9248273309538212,0.08868689746730267
5263,0.6440137613798279,0.9248419653079876,0.08867720203361215
5264,0.6440202052391846,0.9248259781983941,0.08868324896944933
5265,0.644057824865699,0.9248405087900703,0.08868075365469608
5266,0.644072056969452,0.9248464040367329,0.08868683061145946
5267,0.6441062137743803,0.9248480065907474,0.08868669269916532
5268,0.6441093120609002,0.9248371922334406,0.08869203768047786
5269,0.644104391718757,0.9248274962051943,0.08869323616821174
5270,0.6441214107580141,0.9248288374314559,0.08871249006666548
5271,0.6441282569389045,0.9248279573718172,0.08870788512256544
5272,0.6441240246560651,0.9248372921528756,0.08871609133612937
5273,0.6440858045784232,0.9248395941429348,0.08872338004947845
5274,0.6441290380043952,0.9248245985415805,0.08872038462690357
5275,0.6441468536661383,0.9248238453027632,0.08872166009601194
5276,0.6441668169672534,0.9248229421847933,0.08871728955121534
5277,0.6441701785097141,0.9248375073639663,0.08872202287452265
5278,0.6442076152240683,0.9248374228167521,0.0887232229138805
5279,0.6441877143984884,0.9248466384630996,0.08873617403768497
5280,0.6442005747883556,0.9248533023208003,0.08873761748453914
5281,0.6442213112884554,0.9248572260801501,0.08873680872729951
5282,0.6442259341086446,0.9248579024578636,0.08874407552303984
5283,0.6442120254090007,0.9248408508219822,0.08876434697378656
5284,0.6442112444938826,0.9248295983563837,0.08876515036824051
5285,0.6442367703216497,0.9248427723495776,0.08877048036694503
5286,0.6442801912268035,0.9248396556318179,0.08876841261777003
5287,0.6443066070865267,0.9248482487032245,0.08876922210591413
5288,0.6443221589573783,0.9248461196506488,0.08876829495871577
5289,0.6442820803969667,0.9248354974461015,0.08877875753227447
5290,0.6442899863120991,0.924838006961141,0.08877912383578129
5291,0.6442614782322118,0.9248383336208323,0.08878107616410177
5292,0.644251621888006,0.9248361546085392,0.08878149755341627
5293,0.6443161244126566,0.9248579639467467,0.08879111242954817
5294,0.6443133474751965,0.9248577986953734,0.08879291657295144
5295,0.6443289578960683,0.924856542016326,0.08879133603647396
5296,0.644319008697777,0.9248539594832379,0.08880143958149017
5297,0.6443195597015681,0.9248514153807016,0.08881024314975283
5298,0.644330787638298,0.9248552930233891,0.0888018133264847
5299,0.6443432541531745,0.9248557580330672,0.08880269357160493
5300,0.6443782485496884,0.9248633403809585,0.08880608741671193
5301,0.6444072680896966,0.9248689128109852,0.0888057782085546
5302,0.6444143427057201,0.9248707344191456,0.08880372533023995
5303,0.6444378512862574,0.9248659959320953,0.08880137918068837
5304,0.6444630965441852,0.9248650390113529,0.088804829649315
5305,0.6444767898376441,0.9248544629234678,0.08880784256755735
5306,0.6444729040228846,0.9248514384390327,0.08881533447672478
5307,0.644456327535126,0.9248494976961614,0.08882130617586101
5308,0.6444487959403258,0.924848602264302,0.08882831301808414
5309,0.6444408122584802,0.9248480411782442,0.08883701129627022
5310,0.6444528929210863,0.9248518534889933,0.08883867258306713
5311,0.644460406160741,0.9248384642847087,0.08884355424748858
5312,0.6445025747459291,0.9248381914277902,0.0888456008413792
5313,0.6444996922228381,0.9248294638494521,0.0888451034782547
5314,0.6445265639475142,0.9248418653885526,0.08885003865036625
5315,0.6445025305215216,0.924836877102915,0.08885506112354505
5316,0.6445095698725578,0.9248554236872656,0.08885633285679924
5317,0.6445291491373236,0.9248534368277319,0.08885995803827351
5318,0.6445361137214181,0.924850093369716,0.0888675801108717
5319,0.6445147095483004,0.9248719180801442,0.0888783661756844
5320,0.6445208057382812,0.9248719449815306,0.08888261108662703
5321,0.6445058138257362,0.9248706268136002,0.08889420731800021
5322,0.6445421451776177,0.9248711302538302,0.0888930237522148
5323,0.6445527367007281,0.9248590938049728,0.08890086618796021
5324,0.6445380752434127,0.924849044215649,0.0889037837029025
5325,0.6445511674512658,0.9248251980581903,0.08891186721706652
5326,0.6445323879026796,0.9248219429904437,0.08892122426976373
5327,0.6445309468000839,0.9248137957134394,0.08892196087363989
5328,0.6445398612442502,0.9248096528999437,0.08891772625317099
5329,0.6445478216537948,0.924810848090108,0.08892039772994585
5330,0.6445881312340598,0.9248150946660938,0.08892078306353644
5331,0.6445817792564893,0.9248196563726052,0.08891564882400603
5332,0.6445829864443366,0.924816466636797,0.08891939831635431
5333,0.644605907461261,0.9248085153556073,0.08892546258070234
5334,0.644606460688651,0.924810021833242,0.08893187405532575
5335,0.6445964247360999,0.9248144913064289,0.08894532585455929
5336,0.6445820262462155,0.9248390215277115,0.08895514101812237
5337,0.6445243805944522,0.924834037085129,0.08897524690019495
5338,0.644532759924277,0.9248469113200181,0.08897634097308811
5339,0.6445374997680623,0.9248515767890196,0.08898471461823193
5340,0.6445161224305689,0.9248519995250906,0.08898951323300588
5341,0.6445146531503815,0.9248399746053988,0.08899482069364903
5342,0.6445158660120538,0.9248409161539205,0.08898785044105394
5343,0.6445333375829051,0.9248263778761339,0.08899270788683848
5344,0.6445406615110674,0.9248161092326642,0.0889999142145123
5345,0.6445200035770828,0.92481169356225,0.0890112847152425
5346,0.6445123458165897,0.9248032273116648,0.0890128389144597
5347,0.6445419359830095,0.9248161361340504,0.08901669636973257
5348,0.6445153214742876,0.9248097528193786,0.08902775911221426
5349,0.644498795218557,0.9247947380027484,0.08903968143054293
5350,0.6445044529179932,0.9247728556464923,0.08905210688418073
5351,0.6445133229554925,0.924776114557294,0.08905586547342091
5352,0.6445239859278566,0.9247665722512554,0.08906187466430841
5353,0.6444975372907722,0.924760803825414,0.08906399140606744
5354,0.6445124254588875,0.9247526527053544,0.08907405659262435
5355,0.644562037492919,0.9247649773833512,0.08907331993246626
5356,0.6445690697281525,0.9247714106577405,0.08907625419812101
5357,0.6445674435938308,0.9247689511024184,0.08907504430178738
5358,0.6445908609675622,0.9247838390982274,0.08907949253302458
5359,0.6445806855594676,0.9247739240158352,0.08908284340061688
5360,0.6446259789828789,0.9247699733550991,0.08908099108319092
5361,0.6446574470110182,0.9248020244353901,0.08908489981098795
5362,0.6446338868999869,0.9247998992258696,0.0890852675094996
5363,0.6446937155687399,0.9247858105855402,0.08908952701890471
5364,0.6447006441664161,0.9247932315251136,0.08909417114977909
5365,0.6446934854030516,0.9248038306713297,0.08909954070737378
5366,0.6447088277454068,0.9248033387602653,0.0891038011689962
5367,0.6447068324985702,0.9248008868910536,0.08910447452769327
5368,0.644700952929035,0.9248222888654108,0.08910969342010665
5369,0.6447262634315059,0.9248319464631053,0.08911276008589926
5370,0.6447013941812918,0.924833994811522,0.08912548714253557
5371,0.6447186317182321,0.9248534791013391,0.08913028364740938
5372,0.6447446646267497,0.9248511694251694,0.0891371151949168
5373,0.6447453898860003,0.9248762761047306,0.08913033360203196
5374,0.6447580484753925,0.9248690665331928,0.08913357024727378
5375,0.6447328152530026,0.9248542746137636,0.08914044039262102
5376,0.644719578737722,0.9248470957866672,0.0891490374185858
5377,0.6447534084772392,0.9248485138740326,0.08915453179408891
5378,0.6447859746106324,0.9248502086613717,0.08915798630819642
5379,0.6447875336035424,0.9248344213906481,0.08919429146335482
5380,0.6447881303119136,0.9248205825489062,0.08919848397570829
5381,0.6448034330409306,0.9248220467529339,0.08919826023523794
5382,0.644790779162881,0.9248250597082034,0.08920549158783718
5383,0.6447805959392222,0.9248089688361197,0.0892186164119473
5384,0.6447945295069047,0.924803857572716,0.08922055820974653
5385,0.644839612630122,0.924804560851816,0.0892151973674684
5386,0.6448323801743869,0.9247925090307377,0.08922314639478204
5387,0.6448796548800976,0.9248130540037875,0.08921813565201885
5388,0.6448796548800976,0.9248130540037875,0.08921176571319478
5389,0.6448796548800976,0.9248130540037875,0.08920391078033338
5390,0.6449391505940506,0.9248181306796945,0.08920698004642769
5391,0.6449532300132667,0.9248046453990302,0.08921272543476355
5392,0.6449533030715294,0.924803050531126,0.08920874331560527
5393,0.6449946054938508,0.924822431058453,0.089219420919745
5394,0.6450228213137673,0.9248202020864423,0.08921906886825282
5395,0.6450356119551579,0.9248367387529282,0.08922478149461296
5396,0.6449759186651765,0.9248193988879074,0.08924461566428785
5397,0.6449715052584581,0.9248172390908902,0.0892451716327121
5398,0.6449778541532194,0.9248069473890894,0.0892520237114516
5399,0.6450050242977964,0.9247936350459086,0.0892569016452156
5400,0.6450381073246736,0.9247822672886544,0.08926145577118996
5401,0.6450737816962527,0.9247870941659739,0.08925797940910998
5402,0.6451031714831038,0.9247944651458299,0.08925613557528199
5403,0.645091888968381,0.9247813026818015,0.0892624213769598
5404,0.6451272598740343,0.9247952990888062,0.08926615498949363
5405,0.6451312407889648,0.9247826708094494,0.08926883835815251
5406,0.6451266041481009,0.924775549628181,0.08926916567580497
5407,0.645143449606309,0.924769769673174,0.08926857515391934
5408,0.6451359075553363,0.9247618452933707,0.08928500042412808
5409,0.645160190839542,0.9247713760702438,0.08928206703403799
5410,0.6451529649022237,0.9247615878086729,0.0892904424619842
5411,0.6451764714094179,0.9247816908303758,0.08929276254701664
5412,0.6451424347704962,0.9247701693509139,0.08930229739836042
5413,0.6451525139782527,0.9247579907090144,0.0893034417149175
5414,0.6451589953812603,0.9247477758683174,0.08930545481051046
5415,0.6450936974070747,0.9247309778740785,0.0893245090113944
5416,0.6450929909977264,0.9247254707759902,0.08933314695112499
5417,0.6450956064897048,0.9247167777851487,0.08933955410416032
5418,0.6451251473538735,0.9247163742643537,0.08935778620586343
5419,0.6451136708078778,0.9247141568215087,0.08936249473140777
5420,0.6451301197639829,0.9247089648539459,0.08936715165833188
5421,0.64513513111727,0.924701713008801,0.08937081406550047
5422,0.6451331365896366,0.9246863715324796,0.08939060944927073
5423,0.6451348376287648,0.9246954680441161,0.08938949429779894
5424,0.6451421337453396,0.924679734576165,0.08939515561612975
5425,0.6451101514168838,0.9246635629999224,0.08940200223316865
5426,0.6450908689876056,0.9246546816993766,0.08939149882708859
5427,0.6450882176995777,0.9246525833912425,0.0893985264462946
5428,0.6451019875058167,0.9246483175999807,0.0894005947787712
5429,0.6450508679237866,0.9246304512363989,0.08941921266374836
5430,0.6450627989975795,0.9246302052808667,0.08942548966508874
5431,0.6450424047832488,0.9246238334953604,0.08943650332999738
5432,0.6450972225189971,0.9246490669957429,0.08943556562116477
5433,0.6451273805206392,0.924659566222524,0.08943283073896406
5434,0.6451260033500362,0.924654793147977,0.08943633926918976
5435,0.6451090539851425,0.9246446743836598,0.08943982109034948
5436,0.6451088481205093,0.9246529446384304,0.0894460307566226
5437,0.6451197916107831,0.924664581409548,0.08944519095746019
5438,0.6451428266628102,0.9246728900948703,0.08944496430494217
5439,0.6451643943852196,0.9246609881529446,0.08945012212088153
5440,0.6452206915455723,0.9246776746985829,0.08944692912840627
5441,0.6452053789709907,0.9246649734011774,0.08945435516582391
5442,0.6452033173674323,0.9246695889104615,0.08946383659618101
5443,0.6452090892061462,0.9246947493927954,0.08945810398843743
5444,0.6451896717441408,0.9247316273504058,0.08947317535978354
5445,0.6451823239278862,0.9247333413530209,0.08947412481815692
5446,0.6451823392490232,0.9247333989988488,0.08948345810953416
5447,0.6451777922805297,0.9247239450830795,0.0894876443733679
5448,0.6452118012595133,0.9247325227822653,0.08947331612096489
5449,0.6451951218234476,0.9247383027372722,0.08947767794331113
5450,0.6451941999145065,0.9247392289135732,0.08948225245768564
5451,0.645187770777919,0.9247329954780538,0.08948325848631042
5452,0.6451596214505216,0.9247255168926525,0.08949325233359294
5453,0.6451673329148281,0.9247575103271155,0.08949643646863148
5454,0.6451664259314537,0.9247680633566694,0.08950541701313662
5455,0.6451725115782865,0.9248008676757776,0.08950971741734147
5456,0.6451931925822426,0.9248019360451206,0.08950867447223457
5457,0.6452024035906315,0.9248039536490958,0.08951396026216002
5458,0.6452365160555623,0.9248223272959628,0.08952038354249726
5459,0.6452356639125997,0.9248122200608111,0.08952504756522459
5460,0.6452632167534882,0.9248223080806869,0.08952033625916644
5461,0.6452500990016214,0.9248218123265672,0.08953266375880822
5462,0.6452741894864376,0.92482247333206,0.08953149541791808
5463,0.6452560258632701,0.9248191529323753,0.0895425182249976
5464,0.6452522939563088,0.9248198523684199,0.08954999493293028
5465,0.6452713342738886,0.9248248214387816,0.089541159551964
5466,0.6453134198014336,0.9248264701094584,0.08953931891137624
5467,0.6453016054402715,0.924822995987566,0.08953826261445857
5468,0.6452994930002769,0.9248259935706148,0.08954618659645497
5469,0.6453124190177576,0.9248385180874814,0.08954227174108066
5470,0.6453535792647576,0.9248585135036389,0.08953920403838418
5471,0.645306311263754,0.9248336912101619,0.08957597905795028
5472,0.6453161280064361,0.9248354436433288,0.0895747185639258
5473,0.6453174381334427,0.9248379992750307,0.08957380058207903
5474,0.645331815074312,0.924825151941528,0.08958154359241864
5475,0.6453348835705527,0.9248107520137282,0.08958653408846724
5476,0.6455070854993867,0.9247628483307755,0.08968483173230614
5477,0.6454654753603098,0.9247524490234293,0.08969087734291316
5478,0.645450005755363,0.9247321692211877,0.08971503845214018
5479,0.6454790605089507,0.9247392289135732,0.08971161440541908
5480,0.6455063888676494,0.9247462271170755,0.08970979111222233
5481,0.6454951982104884,0.9247404471620686,0.08971182509974024
5482,0.6455169788842456,0.9247426453896377,0.08971550403652158
5483,0.6455018194300073,0.9247324305489407,0.08972450831212844
5484,0.6454646835782014,0.924728549063198,0.0897262056291204
5485,0.6454980638788821,0.9247446937380543,0.08972558847788857
5486,0.645476214821393,0.924756933868837,0.08973577504834288
5487,0.6454626223128994,0.9247503045986329,0.08975121924911086
5488,0.645532256816465,0.9246719523894038,0.08984689241918357
5489,0.6455437130891801,0.9246512575372016,0.08985584214195277
5490,0.6455322025331717,0.9246602080127408,0.08986549306671271
5491,0.64553978612604,0.9246562035492321,0.08987107223001102
5492,0.6455730112405953,0.9246546355827143,0.089877107775873
5493,0.6455564107867505,0.924654347353575,0.08988810053489404
5494,0.6455763568109214,0.9246312390627129,0.08989269691444891
5495,0.6455544267538667,0.9246309738919049,0.08989225209873573
5496,0.6455613221019167,0.9246328800472794,0.08989071102437318
5497,0.6455485721612504,0.9246228612023971,0.08989665694178832
5498,0.6455557384007616,0.9246147869434413,0.08990159202236804
5499,0.6455626948842166,0.9246198021304652,0.08989782127664257
5500,0.6455508985570311,0.9246094297245054,0.08990640259325024
5501,0.6455296901227174,0.9246097294828103,0.08991419679186576
5502,0.6454856138594638,0.924600940415589,0.08991742843680665
5503,0.6455038672781306,0.9246292791045657,0.08992262430971457
5504,0.6455130234565899,0.9246345364040667,0.08992597932602069
5505,0.6454946580902621,0.9246437251490277,0.089935081457781
5506,0.6454913792808272,0.9246440902392709,0.0899371180644519
5507,0.64551109322119,0.9246501930109138,0.0899327268504442
5508,0.6455072715755129,0.9246761182612306,0.08994488618942915
5509,0.6455037541326321,0.9246740237961516,0.08994889141215806
5510,0.6455400554179793,0.9246895189946808,0.08994954431483697
5511,0.6455541393984837,0.9247012556852333,0.0899490109141805
5512,0.6455669144417882,0.9246952528330253,0.0899542515074738
5513,0.6455632688155581,0.924680095823353,0.08996282115209873
5514,0.6455760916157337,0.9247011442366327,0.08996619976306675
5515,0.6456041382230906,0.9247007829894448,0.08996988097030177
5516,0.645603679565637,0.9246990074979468,0.08997881019744865
5517,0.6455977196100712,0.9246987154257522,0.08997983050972468
5518,0.645592651775788,0.9246980774785906,0.08998311791601574
5519,0.6455959736819595,0.924696313516258,0.08998889772856922
5520,0.6455987277615381,0.9246984195105026,0.08999349696221287
5521,0.6456166931372616,0.9246884659975585,0.089998911537246
5522,0.6455681373335169,0.9246855452756135,0.09001486252258895
5523,0.6455521563133236,0.9246859411102981,0.09002338269456887
5524,0.6455192491601635,0.9246796000692334,0.09002983342803597
5525,0.6455342524200712,0.9246855837061654,0.09001899415723147
5526,0.6455783714610707,0.9246764526070321,0.09001592333473393
5527,0.6456147477242903,0.924685414611737,0.09003796209454305
5528,0.6456310708669234,0.9247085651762061,0.09004228432126114
5529,0.6456354818699181,0.9247086958400826,0.09004950087502762
5530,0.6456316181063385,0.9246983311202331,0.09005327166543989
5531,0.6456402270530497,0.9247103329815939,0.09005212031289894
5532,0.6457002444864871,0.9247436484270425,0.09004407645435018
5533,0.6457100765601398,0.9247531215580878,0.09005215624012324
5534,0.6457088217736195,0.9247584403464717,0.09005695081067383
5535,0.6456888787663289,0.924744866675538,0.09007076497038033
5536,0.645685978137063,0.9247331261419303,0.09007421466579384
5537,0.645693800228097,0.9247447244824959,0.0900744406898797
5538,0.6456800679451541,0.9247314928434741,0.09008664397119995
5539,0.645692839905479,0.9247240911191767,0.09008721298628825
5540,0.6457166825011943,0.92471257348277,0.09008924638602217
5541,0.6457172133608221,0.9247169622517979,0.09009364429960942
5542,0.6457312981903851,0.9247123544286242,0.09009499291148189
5543,0.6457587146402428,0.9247016553629731,0.09012501708409353
5544,0.645753882991235,0.9247013978782753,0.09012330732299487
5545,0.645725604552338,0.9246894882502392,0.0901346527195805
5546,0.645723828395177,0.9247062555000365,0.09014807200117092
5547,0.6457174160482307,0.9247091570067055,0.09015008013085275
5548,0.6457158591913174,0.9247114743689855,0.09015876533592668
5549,0.6457030915050435,0.9247110439468041,0.09016255110468768
5550,0.6457240991733701,0.9247122929397411,0.09016119644259567
5551,0.6457321879793058,0.9247137686729344,0.09016715182339619
5552,0.6457372461347684,0.9247119124772772,0.09017389964005702
5553,0.64570815836477,0.9247010443171978,0.09018259372471532
5554,0.6457213944655977,0.9247251518024094,0.09017959790537271
5555,0.6457333946217467,0.924717507965635,0.0901800803379904
5556,0.6456998852399516,0.9246812026232479,0.09022371267800436
5557,0.6456693942477061,0.9246807683580114,0.09023597121843793
5558,0.6456314261130913,0.9246889579086229,0.09024702569687683
5559,0.6456129348519131,0.9246954411427297,0.0902562805913552
5560,0.6456158893210249,0.924702216449031,0.09025972443748588
5561,0.6456418102877902,0.9247166701796035,0.09026984167373607
5562,0.6456479832852743,0.9247196716057074,0.0902734090944499
5563,0.6456542749396579,0.9247181574419623,0.09028263130476223
5564,0.6456194874141259,0.9247027045170402,0.09029138711179611
5565,0.6456151587931728,0.9246988614618494,0.09028645249409938
5566,0.6456118667615313,0.9246892000210999,0.09029476171439313
5567,0.6456344300718798,0.924696797741212,0.09030030820881634
5568,0.6456449748452456,0.9247092223386437,0.09030052670181177
5569,0.6456399936080215,0.9247119778092155,0.09030956877508713
5570,0.6456390371209824,0.9247147102214561,0.09031794243857515
5571,0.6456390371209824,0.9247147102214561,0.0903061339396283
5572,0.6456151662750345,0.9247121315314232,0.09031251107532835
5573,0.6456153948116039,0.9247163973226848,0.09031509308895107
5574,0.645684363668496,0.9247193449460162,0.09032011738318092
5575,0.6456828409554317,0.924720205790379,0.09032500070276311
5576,0.6456567003508353,0.9247195101973894,0.09033445432463844
5577,0.6456512928715191,0.9247118932620013,0.09034408108187969
5578,0.6456625061900814,0.9246783357040756,0.09040460593702311
5579,0.6456556365175417,0.924677959084667,0.0904067598882895
5580,0.6456731529631272,0.9246713259714077,0.09041379409386988
5581,0.64569852305398,0.9246768945583791,0.09041137990910042
5582,0.6456816002643432,0.9246716180436022,0.09040089263202447
5583,0.6456315041086321,0.9246665029371434,0.09041034402401601
5584,0.6455812475397966,0.9246596507697382,0.09041307803151387
5585,0.6455610285976676,0.9246499124678849,0.09041714304384499
5586,0.6455685472826359,0.9246526871537326,0.09041728987752684
5587,0.6455872647304347,0.9246634284929908,0.0904149640008552
5588,0.6455580306343882,0.9246609650946135,0.09042117755406202
5589,0.6455444760419271,0.924651265223312,0.09043040688810242
5590,0.6455476307176025,0.9246520492065708,0.09043644923057392
5591,0.6455241135610635,0.9246561151589627,0.09044460697183114
5592,0.6455532459802027,0.9246613609292981,0.09046431727135705
5593,0.6455682643924617,0.9246735049837008,0.0904646951086172
5594,0.6455466487487864,0.9246615991987199,0.09047325967063802
5595,0.6454921632546196,0.9246672484898504,0.09048544867866666
5596,0.6455036951154403,0.9246622717333783,0.09048418722607321
5597,0.6455011024675394,0.924670242229844,0.09049477225855669
5598,0.6454780933718863,0.9246631095194099,0.0905039590299232
5599,0.6454814248022032,0.9246505696303224,0.09051043356530147
5600,0.6454792532316241,0.9246527870731676,0.0905150620055956
5601,0.645466177693772,0.9246585055392914,0.0905196448335276
5602,0.6454929952185818,0.9246648619525769,0.09051615543478232
5603,0.645534803676102,0.9246888964197398,0.09051231235235735
5604,0.6455267845260609,0.9246763757459283,0.09052063383008496
5605,0.645525243117555,0.9246680363161645,0.0905315984178679
5606,0.6455705225287587,0.9246772404333463,0.0905308031082447
5607,0.6455705225287587,0.9246772404333463,0.09052602616512113
5608,0.6456079713542686,0.9246907180279003,0.09052674219547704
5609,0.6456168403216176,0.9247135111882366,0.0905266910896995
5610,0.6455968142257034,0.9247024739337287,0.09053840869731294
5611,0.6456116250498478,0.9246977316036233,0.09054013178593448
5612,0.6456417807483598,0.9247138378479278,0.09054510206583101
5613,0.6456729242911864,0.9247160399185521,0.09054909644991792
5614,0.6456777058035849,0.924722484722107,0.0905479445173949
5615,0.6456742514000974,0.9247174464767519,0.09054909793818491
5616,0.6456780159199826,0.9247237414011544,0.09055087786769316
5617,0.6456976378944999,0.9247320654586976,0.09055739498835833
5618,0.6457082387937927,0.9247174387906416,0.09056298463077685
5619,0.6457168178685146,0.9247122276078029,0.09059866856729723
5620,0.6457309673996172,0.9247107518746096,0.09060410903919648
5621,0.6457280207066144,0.9247146141450764,0.09060864393582325
5622,0.6457728480900803,0.9247291831673045,0.09060816438632631
5623,0.6457833433441797,0.92473704990128,0.09061437421781109
5624,0.6457580724031627,0.9247546434079432,0.09073748639066548
5625,0.6457676450410957,0.9247495475167603,0.09072376040404967
5626,0.6458133757751888,0.9247432295340268,0.09073596370222842
5627,0.6458649056578039,0.9247498088445133,0.09073909904419247
5628,0.6458518684270987,0.9247567763035741,0.09074201882974867
5629,0.6458616742475823,0.9247334297432903,0.09075718219203728
5630,0.6458637974423106,0.9247237221858784,0.09076544649533719
5631,0.6458783471352539,0.9247523529470496,0.09076376531765483
5632,0.6458848684375128,0.9247457236768455,0.09077304271067921
5633,0.6459052645118122,0.9247597431421813,0.09077072447514124
5634,0.6458640546899804,0.9247498088445133,0.0907863562574307
5635,0.6458722188019589,0.9247574449951773,0.0907927150306244
5636,0.6459218461700575,0.9246581673504346,0.09089836083798633
5637,0.6459145816466192,0.9246520991662883,0.09090906121465482
5638,0.6459327348419079,0.924657490972721,0.09091777853951923
5639,0.6459807112577133,0.9246736202753566,0.09091563485867174
5640,0.645991047413819,0.9246817022204228,0.09091817515026372
5641,0.6459766412465412,0.9246760798306787,0.09092297027092555
5642,0.6459959410359377,0.9246806223219142,0.09092447771194154
5643,0.6459925484456553,0.9246835468869143,0.09093041437969995
5644,0.6460050064690469,0.9246832010119471,0.09093243334988563
5645,0.6460115445641564,0.9246839965243716,0.09092906172826244
5646,0.6460181940947192,0.9246889732808437,0.0909272299529017
5647,0.6460266000518106,0.9246918056125193,0.09093544683445429
5648,0.6460244837874504,0.9247004563297536,0.0909312755037206
5649,0.6460115598476469,0.9246971897328415,0.09093505332513867
5650,0.6460196993938625,0.9247030696072833,0.0909336851147022
5651,0.646026664227875,0.9246991458479336,0.0909341864130554
5652,0.6460490361555764,0.9247105943093469,0.09093244202792432
5653,0.6460828091314579,0.9247104175288081,0.09094297895824922
5654,0.646065035426772,0.9247072546943861,0.09095240369825731
5655,0.6460715311010086,0.92472657373283,0.09095349701784057
5656,0.6460559964293335,0.9247342175696044,0.0909493855988717
5657,0.6460790498215547,0.9247367732013062,0.09095259268935586
5658,0.6460523957956735,0.9247311239101759,0.09096330141314904
5659,0.6460349431977027,0.9247393749496704,0.0909683290535543
5660,0.6459957518153908,0.9247366809679817,0.0909801478371544
5661,0.6460276044887914,0.9247419805410897,0.09097851938729137
5662,0.6460572081416037,0.9247866868021237,0.09098130952828808
5663,0.6460778839386825,0.9247905490725905,0.09098702728459507
5664,0.6460642507039278,0.9247769139127737,0.09100767591205941
5665,0.646027704248866,0.9247647737014261,0.0910210079456811
5666,0.6460520777310593,0.9247623756349871,0.09102213174460015
5667,0.6460328930712943,0.9247485291071348,0.09103319438067993
5668,0.6460383656580744,0.9247508157249733,0.09103288282162816
5669,0.6460419499868205,0.9247516419818392,0.0910394635258726
5670,0.6460350906876355,0.9247416692536192,0.0910514993161421
5671,0.6459950932320242,0.9247206438986707,0.09107155788180117
5672,0.6460068555723254,0.9247351821764572,0.09107266529871619
5673,0.6459760134141957,0.924727622886897,0.09108293039458573
5674,0.6459889418732945,0.9247260933509311,0.09108437189405662
5675,0.6460127528616101,0.9247176770600634,0.09109803479103218
5676,0.6460336477757574,0.9247114436245439,0.09109535137565765
5677,0.6460017846409555,0.9247052063459694,0.09110747832557604
5678,0.6459985567955063,0.9247035692044582,0.09111115875134931
5679,0.64601455944743,0.9247019051615606,0.09111632965314517
5680,0.6459970906320862,0.9247001181408968,0.09112013712685878
5681,0.6460184898867174,0.9247211089083487,0.09112297009082927
5682,0.6460343403006268,0.9247052832070732,0.09112906742784446
5683,0.6460057985993874,0.9247018782601742,0.09113571402836865
5684,0.6459732651690292,0.9246717179630372,0.09112818230259669
5685,0.6460086122875645,0.9246845845118158,0.09113074384827194
5686,0.6459932005073156,0.9246891077877754,0.09113359191937762
5687,0.645999404224703,0.924685998756126,0.09113326520201996
5688,0.646001506586031,0.9246856528811589,0.09113099026510908
5689,0.6460094494178417,0.9246952797344117,0.09112530017345188
5690,0.6460174604814127,0.9247034769711335,0.09112825432233063
5691,0.6460050898180909,0.9247045568696421,0.09113241359763274
5692,0.6459784639248575,0.9247000451228482,0.09113922957230436
5693,0.6459628486404994,0.9246840541701995,0.09114903855459389
5694,0.6459785097175942,0.9246875167629264,0.09115161479718911
5695,0.6459884787678892,0.9246877857767897,0.09117468440745138
5696,0.6460111663951903,0.924691963177782,0.09117363112510515
5697,0.6460275574604846,0.9247022010768102,0.09116436371033622
5698,0.6460173095301093,0.9246996339159428,0.09116780315070384
5699,0.6460289278359209,0.9246811526635305,0.09116919434868985
5700,0.6460421609745732,0.9246897687932681,0.09117192958890556
5701,0.6460299070897525,0.924667221588464,0.09118067332562191
5702,0.6460046191247899,0.9246569990616565,0.09118820092109682
5703,0.645990781314799,0.9246462423501777,0.09120098830896153
5704,0.6459810154490474,0.924643609857372,0.09121611008859531
5705,0.6459822231948343,0.9246433869601709,0.09122584715609439
5706,0.6460035895006986,0.9246335948555449,0.09123248768476551
5707,0.6460058172306707,0.9246218466358268,0.0912389886055775
5708,0.6459961181306791,0.9246227804982381,0.09125819614028717
5709,0.6459959983177925,0.9246202094943154,0.09125817389509608
5710,0.6459708458735551,0.9246188183083365,0.09126760229849347
5711,0.6459967706586076,0.9246339215152362,0.09126382679497894
5712,0.6459673441498923,0.924603154015379,0.09128116010612677
5713,0.6459599690466715,0.9245955678244324,0.09128765586289106
5714,0.6459821880223626,0.9245989804574418,0.09129243904095824
5715,0.6459619038613028,0.9245897571249839,0.09130350464648046
5716,0.6459711411772087,0.9245937000996097,0.09129965730028614
5717,0.6459577404686909,0.9245803839133737,0.09131082459569417
5718,0.6459438531879014,0.9245661876674991,0.0913251896484728
5719,0.6459486145863617,0.9245694581074664,0.09132706493053737
5720,0.6459764382207233,0.924568724083925,0.09133132701977316
5721,0.6460144634294365,0.924578435484392,0.0913347959038326
5722,0.6460011800711793,0.9245673021535044,0.09133016243253046
5723,0.645998222255876,0.924561130206868,0.09134030425897467
5724,0.6460031598817346,0.9245604461430441,0.09134805963588946
5725,0.6459827280777944,0.9245602924208365,0.09135425110913487
5726,0.6459967756828733,0.9245677863784584,0.09135143209367104
5727,0.64601974795459,0.9245666757355083,0.09135743728366696
5728,0.6460516996642298,0.9245670292965859,0.09135815323415543
5729,0.6460388078375315,0.9245634014524858,0.09136352607895179
5730,0.6460788291554052,0.9245771980206205,0.09136028049455125
5731,0.6460829541118522,0.9245807759050032,0.0913647364265062
5732,0.6460845459346628,0.9245672983104493,0.09137524340316258
5733,0.6461056236595671,0.9245729207001933,0.09137659630095307
5734,0.6460873931395318,0.9245653767828538,0.09138558053389054
5735,0.6460908033811105,0.9245540551422619,0.09139473532582498
5736,0.6460924658996999,0.9245428526363808,0.09139921709708665
5737,0.6461101112292981,0.9245503120065061,0.09139712241011093
5738,0.6460943596471487,0.9245500391495876,0.09140487577733389
5739,0.6461241430393431,0.9245442130779183,0.09141182261884126
5740,0.6461118972133585,0.9245338176136274,0.09142066758229687
5741,0.6461138007554403,0.9245349244135223,0.09142418300489867
5742,0.6460955719637047,0.9245410464004412,0.09142725961106606
5743,0.6461155674451339,0.9245389596214726,0.09144862325925428
5744,0.6460949518536128,0.9245677287326306,0.09145389803522541
5745,0.6461998562749731,0.9245704842032023,0.09146507354528287
5746,0.6461906631988384,0.9245634129816513,0.09146988937686983
5747,0.6461939889482463,0.9245627788775449,0.09146846833901062
5748,0.6461702960142524,0.9245815714174277,0.09147636428773728
5749,0.6461867831550369,0.9246076042732898,0.09149107998063866
5750,0.6461839732219905,0.9246108439688157,0.09150719340347917
5751,0.646217589581268,0.9246089109120547,0.091505143753984
5752,0.646252473565914,0.9246207436789871,0.09150369068534103
5753,0.6462618757500609,0.9246199020499002,0.0915049740540477
5754,0.6463021237235693,0.9246260816826469,0.09150376180566346
5755,0.6463052060793433,0.9246286834310111,0.0915090403439919
5756,0.6462815735274725,0.9246354741095332,0.09151744151148701
5757,0.6463110376057047,0.9246381450328908,0.09151614332084707
5758,0.6463150309563346,0.9246263814409519,0.09151874288516344
5759,0.6463310093558388,0.9246404892965571,0.09151794919496731
5760,0.6463413777822831,0.9246225729732578,0.09154144162820994
5761,0.6463705461825752,0.9246383525578711,0.09153718100041468
5762,0.6463445561778001,0.9246403317312943,0.09154728267827678
5763,0.6463630240469942,0.9246470916653748,0.09154975816818603
5764,0.6463554479070875,0.9246504697108875,0.09155122681284339
5765,0.6463543196433424,0.9246707956297914,0.09155034802602106
5766,0.6463480165116174,0.9246648081498042,0.09155198357891953
5767,0.6463747234809969,0.9246714105186219,0.09154496337263925
5768,0.6463658412421224,0.9246772404333463,0.0915627196316058
5769,0.6463678124528418,0.9246783779776827,0.09157084183836613
5770,0.6463707005598244,0.9246678633786809,0.09158172211033537
5771,0.6463107528677672,0.9246684859536217,0.09158995251095836
5772,0.6463269956763615,0.9246604578113282,0.09158663597411196
5773,0.6463499465318776,0.9246673330370645,0.09158375133459663
5774,0.6463516557243528,0.9246602964030103,0.09158936235136061
5775,0.6463527653818628,0.9246601119363611,0.09159428431648702
5776,0.64638780240219,0.9246715719269399,0.09159068199409359
5777,0.6464152012877583,0.9246778015194042,0.09159482162633616
5778,0.6464246554819317,0.9246758569334776,0.09159438783589004
5779,0.6464082666761648,0.9246791773331624,0.09160120811398383
5780,0.6464437028159862,0.9246819174315134,0.0915956923116291
5781,0.6463877829197074,0.9246692699368807,0.0916241363647234
5782,0.6464239524923566,0.9246975125494775,0.09161816392684333
5783,0.6464241208345968,0.9247017322240769,0.09161460156138507
5784,0.6464260741736105,0.9246956448246548,0.09162773287360816
5785,0.6464278351798676,0.9247045376543662,0.09162747062574671
5786,0.6464347532104773,0.9246961790093263,0.09162884325789082
5787,0.6464385001944978,0.9246923013666388,0.09161809184022644
5788,0.6464428451287534,0.9246899993765796,0.09161798449764301
5789,0.6464400238345324,0.9246909486112117,0.09161051278702124
5790,0.646451174657684,0.924711120807908,0.09159834262101553
5791,0.6464808714473474,0.9247211896125077,0.09160061723847038
5792,0.6464883030097222,0.9247134842868503,0.09161054364245219
5793,0.6464966618715302,0.9247172427948268,0.09161185884367637
5794,0.6464951272150499,0.924720167359827,0.09161352331946113
5795,0.6465072031918704,0.9247233417234145,0.09161194279455473
5796,0.6464836974598297,0.9247236722261609,0.09161762228693575
5797,0.6464743540150989,0.9247183111641699,0.09162352164362286
5798,0.6464714852516887,0.9247281416993478,0.09162656501802265
5799,0.6464784206365903,0.9247183764961081,0.09163246495430274
5800,0.646462984238967,0.9246503890067285,0.0917145658939083
5801,0.6464692898750234,0.9246341367263268,0.09171824433022507
5802,0.6464813536624406,0.9246441017684364,0.09172215399478639
5803,0.6464950475407415,0.924649432085986,0.09171837312658541
5804,0.6465353522829914,0.9246482676402632,0.09171103599868807
5805,0.6465459964744356,0.9246441171406572,0.0917205268285025
5806,0.6465485903913977,0.9246392710480617,0.09172060547910778
5807,0.6465418903838723,0.9246342981346448,0.09172752136591523
5808,0.6465611756090682,0.9246627943888842,0.09173238600514666
5809,0.6465761027829242,0.9246638896596137,0.09174175659608479
5810,0.6466228580532718,0.9246774940749889,0.09174593478614904
5811,0.6466066514995046,0.9246782857443582,0.09174832339122821
5812,0.6465581129117928,0.9246336102277657,0.09183498867773002
5813,0.6465697008585594,0.9246406391757096,0.09183353468704203
5814,0.6465752484333073,0.9246330875722597,0.09184298640345852
5815,0.6465646537688953,0.9246403009868528,0.09184297356092473
5816,0.6465875261847157,0.9246476873389294,0.09183534323316067
5817,0.6466079762950873,0.9246496280818007,0.09183322745296416
5818,0.6466105298563795,0.9246668757134968,0.09183769023374261
5819,0.6466275761596725,0.9246620565222876,0.09183408605470257
5820,0.646618778197512,0.9246580097851718,0.0918379330690222
5821,0.64663661236997,0.9246600773488644,0.09183369384480815
5822,0.646614994830753,0.9246462999960056,0.09184059941706754
5823,0.6465770294249804,0.9245586053196078,0.09193080727961721
5824,0.6465464620448482,0.9245433291752245,0.09195528957165724
5825,0.646525480135277,0.924564131632972,0.09196982411739138
5826,0.6465604184393928,0.9245583977946275,0.09196877515492852
5827,0.6465758760481718,0.9245570488822554,0.09197434334025979
5828,0.6465893846148106,0.924555046650501,0.09197876525498504
5829,0.6465774606760716,0.9245553848393578,0.09198671311885215
5830,0.6465764147630056,0.924552164359108,0.09198713573661878
5831,0.6465685319895439,0.924557383228057,0.09198780524532567
5832,0.6465652703135172,0.9245762410998781,0.09200020501185104
5833,0.646591224994372,0.9245901375874479,0.09199867546892476
5834,0.6465937629307725,0.9245894612097343,0.09200679221141213
5835,0.6465937629307725,0.9245894612097343,0.092002150853307
5836,0.6466009818866771,0.9245898762596949,0.09199691510249708
5837,0.6465874088115321,0.9245863790794713,0.09200579987856376
5838,0.6465814978601944,0.924586010146173,0.0920189624056379
5839,0.6465696549984906,0.9245902067624413,0.09203209398861255
5840,0.6465684461228864,0.9245702920504428,0.09204128990672088
5841,0.6465776686132148,0.9245750920263761,0.09203673790581451
5842,0.6465928148974919,0.924578919709346,0.09203447301627571
5843,0.6465332271420758,0.9245669447493716,0.09205360751468679
5844,0.6465331150420993,0.9245634129816513,0.09205355370888729
5845,0.6465211319715847,0.9245554809157377,0.09206381428008047
5846,0.6464948723814575,0.9245424721739169,0.09205941463285541
5847,0.6464821822861881,0.9245597697653305,0.0920704544311734
5848,0.6464887372181263,0.9245594892223016,0.09207621523715724
5849,0.6464956680446718,0.9245685319311654,0.09207065357339597
5850,0.646483719946449,0.9245816713368626,0.09207565446670707
5851,0.6464886425304296,0.9245788044176904,0.09207781841489275
5852,0.6464938979296847,0.9245784124260609,0.09207798774491366
5853,0.6465023750000426,0.9245741466347991,0.09208776799810599
5854,0.6465070644483344,0.9245778436538926,0.09209129067658013
5855,0.6464471942163753,0.9245552580185366,0.0921020416010874
5856,0.6464504191390839,0.9245478486081288,0.09210909508916888
5857,0.6464585844597953,0.9245442976251326,0.09211312521552598
5858,0.6464778802353963,0.9245693812463626,0.09211509522454997
5859,0.6464673174575768,0.9245692736408172,0.09211533265818451
5860,0.6464515415802067,0.9245595507111847,0.09212596364554008
5861,0.6464698863543195,0.9245630248330771,0.0921384920995788
5862,0.6464635729754079,0.924571041446205,0.09213917768277405
5863,0.6464757910115113,0.9245765562304037,0.09214817367873526
5864,0.6464860048296356,0.9245926816899841,0.09214579701864245
5865,0.6464810895633705,0.9245762103554366,0.09215410556371084
5866,0.6464739328768014,0.9245713296753443,0.09215683715399665
5867,0.6464755060469399,0.924587824068223,0.09216517244448305
5868,0.6464696867592177,0.9245780780802593,0.0921813077496569
5869,0.6464497628325081,0.9245753072374667,0.09218155935888772
5870,0.6464608131442022,0.9245780819233145,0.09217481943115614
5871,0.6464509007916205,0.9245640970454753,0.0921868259827063
5872,0.6464494204319309,0.9245639048927158,0.09218107004802681
5873,0.6464344694398239,0.9245594354195289,0.09218911734953475
5874,0.6464545022841981,0.9245660301022363,0.09218963205815048
5875,0.6464716835493265,0.9245701075837937,0.09219065166899996
5876,0.6464893045299478,0.9245817251396353,0.09219043938965887
5877,0.6465141804455568,0.9245969205798595,0.09219851661707527
5878,0.646524171103446,0.9246003678003657,0.09220308873016603
5879,0.6465284394800891,0.9245969897548529,0.09220437317256765
5880,0.646556513864373,0.9246028504140189,0.09220641852923284
5881,0.646565427744158,0.9246070777747287,0.09220860709458062
5882,0.6465510631225553,0.9246139914310169,0.09221539510526194
5883,0.6465385591660553,0.9246008558683748,0.09222490026348547
5884,0.6465475722725699,0.9246108631840916,0.09222342356047146
5885,0.6465751444675638,0.9246226536774168,0.09222400784070167
5886,0.6465844282216803,0.9246259279604393,0.09222337262311583
5887,0.6466079673670647,0.9246292329879033,0.09222549286333319
5888,0.6466085468399769,0.9246257204354591,0.09223183780316599
5889,0.6466071309063571,0.9246154940655964,0.09223412614310113
5890,0.6465901952227631,0.9246082537496171,0.0922412912193741
5891,0.6465873408531032,0.9246149521948146,0.09224732772832352
5892,0.6465994759543633,0.924626100897923,0.09225027919145597
5893,0.646611479479202,0.9246231494315365,0.0922511321630855
5894,0.6466278640912835,0.9246155786128106,0.09225393100072586
5895,0.6466159346491986,0.9246126271464241,0.09226777094970849
5896,0.6465957744812123,0.9246001718045509,0.092275127091171
5897,0.6466277191799428,0.9246272192269834,0.09227542897773314
5898,0.6466197616452256,0.9246233761717927,0.09228093637774536
5899,0.6465986191563566,0.9246118892798275,0.09229272174768716
5900,0.6465972380953892,0.9246165355335532,0.09228966291579756
5901,0.6465734157570189,0.924605229265182,0.09230346244484844
5902,0.6465474641987938,0.9246041070930663,0.09230777973416705
5903,0.6465558169043566,0.9246399089952233,0.09231186477589698
5904,0.6465270586465239,0.9246262507770754,0.09232035744924835
5905,0.6465127102268916,0.9246226229329753,0.09231954021380857
5906,0.6465184987361794,0.9246344326415765,0.09232693362010173
5907,0.6465300391224018,0.9246469994320502,0.0923304465498304
5908,0.6465488442043946,0.9246564533478195,0.09232438363279842
5909,0.6465595962080904,0.9246591819170049,0.09232966307950716
5910,0.6465901244446364,0.9246556847367814,0.09233152379499832
5911,0.6465953107971267,0.9246613724584637,0.09233311804404026
5912,0.6465734575738012,0.9246612725390287,0.09233929519644409
5913,0.6465670564775762,0.9246534519217156,0.09234874933049297
5914,0.6465753296684742,0.9246376953954334,0.09235144023147653
5915,0.6465824681591196,0.9246400511882653,0.09235520350527852
5916,0.6465824681591196,0.9246400511882653,0.09234925132802767
5917,0.6465735313720371,0.9246461654890739,0.0923542239329078
5918,0.6465274616818165,0.9246408966604073,0.09237520784948043
5919,0.6465368899737028,0.9246500354456509,0.09237637353238043
5920,0.6465658381003225,0.9246611149737659,0.09237105990659744
5921,0.6465604012180199,0.9246601273085818,0.09237860376652533
5922,0.6465938913403648,0.9246766140153502,0.09238548531776514
5923,0.6465843557969958,0.9246743619850084,0.09239020244102926
5924,0.6465691197116039,0.9246641548304217,0.09239222856737635
5925,0.6465827200818238,0.9246622909486543,0.09238781690138828
5926,0.6465979475357403,0.9246721176407771,0.09238368136686119
5927,0.6466262765073182,0.9246784164082347,0.09238066676910234
5928,0.6466245791850915,0.9246711953075313,0.09239433590709656
5929,0.6466109751901193,0.9246483329722014,0.09240138061834112
5930,0.6465650156356325,0.9246371650538171,0.09241282661547859
5931,0.6465640441058157,0.9246311429863332,0.0924102011141193
5932,0.6465559523309097,0.9246261162701437,0.09240983261845831
5933,0.6465526884319698,0.9246243984244734,0.09241253061513768
5934,0.6465834707520405,0.9246294020823318,0.09240714476831907
5935,0.6466027122656255,0.924630232182253,0.09240664850541166
5936,0.6466029167169401,0.9246264890464972,0.09240685694190179
5937,0.646626668331727,0.9246387253342245,0.09241261271396685
5938,0.646614714780716,0.9246175501001235,0.0924221114610823
5939,0.6466121716740978,0.9246160051919368,0.09243421443834647
5940,0.6466121716740978,0.9246160051919368,0.09243084318251656
5941,0.6466121716740978,0.9246160051919368,0.09242393511316004
5942,0.6466096949624799,0.9246117240284544,0.09245796789987627
5943,0.6465872419180787,0.9245961173813246,0.09246843545826416
5944,0.6465849722340673,0.9245848687587813,0.09247716619603964
5945,0.6465885686754197,0.9245916210067515,0.09248038058673416
5946,0.646638815690241,0.9246197636999134,0.0924934542872498
5947,0.6466701325230693,0.9246270770339414,0.09249056440359277
5948,0.6466597954934867,0.9246130498824952,0.09249390824939928
5949,0.6467204350357928,0.9246298209753476,0.09251707655549467
5950,0.6467434990520377,0.924619010461096,0.09253047597682713
5951,0.6467627687827393,0.9246203055706953,0.09252699192208017
5952,0.6467529927205613,0.9246161627571996,0.09253149886782851
5953,0.6467362149511516,0.924609541173106,0.09254050879755987
5954,0.6467531200298403,0.9246146255351233,0.092545238808949
5955,0.646774924345741,0.9246077349371663,0.09254974818422497
5956,0.6467696328483541,0.9246044030083159,0.0925373992235345
5957,0.6468576610021397,0.9246414808047964,0.09252803045588082
5958,0.6469174018645618,0.9246444053697965,0.09253179764852175
5959,0.6469142807809132,0.9246618451542521,0.09253823344618803
5960,0.6469171849494812,0.9246631402638514,0.09254396121069153
5961,0.6469203105549789,0.924677959084667,0.09254894626434497
5962,0.6469397440640869,0.9247055176334399,0.09254572963882847
5963,0.6469409398218257,0.9247009098102661,0.09256046513752135
5964,0.6469465706691033,0.9246882431003575,0.0925522746266353
5965,0.6469655667638093,0.9246935080859687,0.09254824836080744
5966,0.6469679206044427,0.9246995224673423,0.09255069915456823
5967,0.6469726745296127,0.9247031426253319,0.09255371183356867
5968,0.6469514826124917,0.9246879817726045,0.09256357892945122
5969,0.6469416512861499,0.9246693006813221,0.09257617332419049
5970,0.6469555535816954,0.9246621103250603,0.09257826225015674
5971,0.6469745476180486,0.9246655344872352,0.09257856444642301
5972,0.6469826871228822,0.9246566724019654,0.09258496096973294
5973,0.6470103660052724,0.924688638935042,0.0925923771346952
5974,0.6469959741527628,0.9246846844312507,0.09260210285357419
5975,0.6469840737119474,0.9246710415853236,0.09262551412333424
5976,0.6469809998260845,0.9246848881131758,0.09263863470368841
5977,0.6469745894596772,0.9246923167388597,0.0926401768745195
5978,0.6469578262418051,0.924692789434648,0.09264224190567232
5979,0.6469638076849777,0.9246961098343329,0.0926484219938107
5980,0.6469686001691684,0.9247005677783542,0.09264969472494165
5981,0.6469880995830722,0.924707012581909,0.09265778733059243
5982,0.6469797799326569,0.9246881816114744,0.09266345370777297
5983,0.6470054849594942,0.924685556804779,0.09267168767597121
5984,0.6470033619512514,0.9246809297663294,0.09268287137203256
5985,0.647021223609489,0.9246887081100355,0.09269112803301498
5986,0.6470443679348695,0.9246991381618233,0.09268742877409562
5987,0.647041214399529,0.9246885505447727,0.0926922028227233
5988,0.647047538805733,0.9246735626295287,0.09270230043784629
5989,0.6470356796153116,0.9246739623072686,0.09270920701111979
5990,0.6470692125382085,0.9246973050244972,0.09270892929417476
5991,0.6470737877632728,0.9246908717501079,0.09271400797252016
5992,0.6470367173857408,0.9246771597291873,0.09273231191446416
5993,0.6470398747713455,0.924681948175955,0.09273470896742525
5994,0.6470588338481768,0.9246888003433601,0.09273566077263397
5995,0.6470317720140889,0.9246638858165585,0.0927595210734302
5996,0.6469958844842598,0.9246731283642922,0.09275478073031831
5997,0.6470115798977932,0.9246680440022748,0.09274589212424796
5998,0.6470417275050627,0.9246443976836861,0.09277375970552772
5999,0.6470827033239239,0.9246780859054883,0.09282247136481563
6000,0.647085053483701,0.9246767984819994,0.09282662601594115
6001,0.6470971447777495,0.9246756148210006,0.09283115482771967
6002,0.6470824527374385,0.9246748961696799,0.09284178837894694
6003,0.6470778163454493,0.9246735664725839,0.09285024384732006
6004,0.6471006007071426,0.924685737428373,0.09285762625216874
6005,0.6470960321467206,0.9246892384516519,0.09286613515406683
6006,0.6471216747269354,0.9246901415696216,0.09286705257945445
6007,0.6471345355173638,0.9247066205902796,0.09286821517997988
6008,0.6471899439687945,0.9247161052504904,0.09286480023578782
6009,0.6472193003715271,0.9247233494095249,0.09286444291370377
6010,0.6472313993959146,0.9247176040420148,0.09286278982130389
6011,0.6472304252246543,0.9247194832960031,0.09285775079763015
6012,0.6472183890892879,0.9247243716622057,0.09286394429095435
6013,0.6472344108724685,0.9247362928194074,0.09286663881112549
6014,0.6472510619015248,0.9247508579985804,0.09287155311241102
6015,0.6472138252892451,0.9247394671829949,0.09289224529579498
6016,0.6472218090194864,0.9247306589004978,0.09289757520307046
6017,0.6472109870822135,0.9247129731605099,0.0929045601621412
6018,0.6472033415717098,0.9247169929962394,0.09290494540515555
6019,0.6471881960473982,0.9247210627916864,0.09292134260209928
6020,0.6472403184585134,0.9247330377516608,0.09292029602119665
6021,0.647245617099677,0.9247283569104385,0.0929299745054945
6022,0.6472424011908674,0.924725908884282,0.09293009309979812
6023,0.6472230226656885,0.9247310432060168,0.09293699423083664
6024,0.6472386085633998,0.9247295021408853,0.09295027029823742
6025,0.647253455944326,0.9247379453331395,0.09295345125443182
6026,0.6472683476314012,0.9247528679164452,0.0929540034406358
6027,0.6472867485642879,0.9247622295988898,0.09295140604118447
6028,0.6472663196966049,0.9247651234194484,0.09296418383785991
6029,0.6472489231161244,0.9247634862779371,0.09296639948535264
6030,0.6472543059545749,0.9247931239195682,0.09297031900063435
6031,0.6472090270097256,0.9247719909590744,0.09299162311590384
6032,0.6472010704890122,0.9247683708010846,0.09299973664764812
6033,0.6472199133474056,0.9247682747247049,0.09300188199814888
6034,0.6472223820905627,0.9247735858269784,0.0929973341322747
6035,0.6472428977144832,0.9247849266828464,0.09300707605984027
6036,0.6472573678651785,0.9247953298332477,0.09299339712336877
6037,0.6472767837515964,0.9248104791568097,0.09298699549306684
6038,0.6472953083301881,0.9248151023522042,0.09298140242970312
6039,0.6473075552626795,0.9248184765546617,0.09297843361262693
6040,0.6473240596972435,0.9248280534481971,0.09297286807384905
6041,0.6473411846589389,0.9248196486864948,0.09297915726802913
6042,0.6473389599960726,0.9248224425876185,0.09298633946367177
6043,0.6472852641313985,0.9248248790846094,0.09300276379664932
6044,0.6472772068378616,0.9248205518044647,0.0930100307466445
6045,0.647267105411556,0.9248244563485385,0.09301438272120426
6046,0.6472793281227857,0.9248215894293662,0.09301382332613388
6047,0.6472872220448843,0.9248310164437491,0.09301793819848302
6048,0.6472975661924372,0.9248220352237683,0.09302165530269144
6049,0.6472816778970382,0.9248099603443589,0.0930279035570646
6050,0.6473040599409248,0.9247989961078997,0.09303079876801701
6051,0.6473521136954388,0.9247960062109614,0.09303419561193008
6052,0.6473812206748025,0.9248072317751735,0.09303618979459272
6053,0.6473769358736874,0.9248023357228605,0.09304343122667239
6054,0.6473914395550373,0.9247903684489965,0.09305406934835131
6055,0.6474164759409694,0.9248184381241098,0.09305448101255713
6056,0.647387376841178,0.9248301133257792,0.09306433889707488
6057,0.647398830923435,0.9248157595146418,0.09306766038342393
6058,0.6473971539055967,0.9248109864400949,0.09307420149677656
6059,0.6474599065848092,0.9247698734356642,0.09316134558860614
6060,0.6474051575663132,0.9247949032541216,0.09317691800157887
6061,0.6474202380835049,0.9248041073713035,0.09317132947136773
6062,0.647412624329709,0.9247984657662834,0.09317916087379272
6063,0.6474086139001076,0.9248003027466646,0.09317698327552555
6064,0.6473828042431523,0.9247980199718813,0.09318703958371266
6065,0.6473624739920532,0.9247912869391871,0.09319295180722066
6066,0.6473933755507834,0.9248067398641091,0.09319004920399002
6067,0.6473919440742191,0.9248215509988142,0.09319102623719645
6068,0.6474095334848642,0.9248194411615146,0.09317863772793201
6069,0.6473883767477762,0.9248189607796157,0.0931874633455295
6070,0.6473805560757989,0.9248160439007259,0.09319540705662938
6071,0.6473822906307194,0.9248190337976643,0.09319527420802823
6072,0.6474040981298195,0.9248016209145951,0.09318974993544757
6073,0.6474037049117852,0.9248250558651483,0.09319190383930727
6074,0.6474164608002994,0.9248242372943926,0.09319073969430473
6075,0.6474124899871813,0.924814875611948,0.0931969845107327
6076,0.6474174640773034,0.9248003872938788,0.0932067838885665
6077,0.6474287358395333,0.9248030812755675,0.0932131943946477
6078,0.6474321010801091,0.9248092878097006,0.09321769901341982
6079,0.6474368622435901,0.9248150139619348,0.09322034564301748
6080,0.6474283662647807,0.9248282609731773,0.09322704801489924
6081,0.6474542677057742,0.9248304207701945,0.0932317677350132
6082,0.647414685177335,0.9248220429098787,0.0932417522419154
6083,0.647407889942279,0.9248203289072636,0.09325157104170863
6084,0.6473745631553579,0.9248100448915731,0.09326765429348743
6085,0.6473729136860987,0.9248139225342606,0.09327884591303451
6086,0.6473448381362192,0.9248030466880708,0.09328972419595505
6087,0.6473989651587199,0.9248333760796362,0.09329355773493918
6088,0.6474255484896625,0.9248404473011872,0.09329842437183387
6089,0.6474136232973506,0.924846307960353,0.09330822050687154
6090,0.6474436531394043,0.9248594281507744,0.09331265431370714
6091,0.6474350747205969,0.9248544283359712,0.09331608724945052
6092,0.6474057921156644,0.9248372652514892,0.09332991356554768
6093,0.6474163233174695,0.924831074089577,0.09333554163948957
6094,0.6474099571134342,0.9248224810181704,0.0933387061415841
6095,0.6474171715846988,0.9248138226148257,0.09334047234201677
6096,0.6474003714393511,0.9248079504264942,0.09334375133556247
6097,0.6473886666025489,0.9248035116977489,0.09334224721889005
6098,0.6474104828667183,0.9248033349172101,0.093342293134691
6099,0.6474188114628442,0.9248100295193524,0.09333298881666365
6100,0.6474143935742086,0.9247933506598245,0.09333780686155754
6101,0.6474254134724593,0.9247918672405209,0.09334322563391828
6102,0.6474231253928824,0.9247691009815708,0.09335159648470681
6103,0.6474485931556626,0.9247591935852891,0.09335549469162634
6104,0.6474129272742811,0.9247557578939486,0.09336851638766214
6105,0.6473859819356567,0.9247518302915436,0.09337889526295245
6106,0.6473890267963783,0.9247412542036587,0.09338270744470582
6107,0.6473885196388948,0.9247398668607348,0.09339226088138099
6108,0.647368196657787,0.9247377070637176,0.09339588218584956
6109,0.6473701605916331,0.9247378684720357,0.09339361449700034
6110,0.6473773687157818,0.9247334604877319,0.09339391437339051
6111,0.6473915451627333,0.9247436292117666,0.09339721142868278
6112,0.6474114898167737,0.9247553620592639,0.09340314661172586
6113,0.6473996750010061,0.9247498472750652,0.09340160072887915
6114,0.647428893153752,0.9247665415068138,0.0934066975540395
6115,0.6474426150185053,0.9247707534953029,0.09340753576608174
6116,0.6474587017160379,0.9247808184568475,0.09341038636511204
6117,0.6474704186813963,0.9247733821450533,0.09341409409628011
6118,0.6474974467407468,0.9247749155240744,0.09341063188115863
6119,0.6475198719955025,0.9247834586357635,0.09341361266549915
6120,0.6475437368719957,0.924780364976335,0.09340971576634884
6121,0.6475791076665058,0.9248014441340563,0.09340745963491569
6122,0.647552843373852,0.9247827553566637,0.09342038827952376
6123,0.6475577286321484,0.9247827937872155,0.0934192381602969
6124,0.6475499949755905,0.9247797385583388,0.09342511846440203
6125,0.6475456016713631,0.9247890310657901,0.09342478984202617
6126,0.647558410518454,0.9248008215591154,0.09341224992163495
6127,0.6475646478943403,0.9247973743386092,0.09340885057535957
6128,0.6475675144386006,0.9248055024003377,0.09339564654852482
6129,0.6476796852704824,0.9247908104003434,0.09341273991428177
6130,0.6476655221920514,0.9247786548167751,0.0934202981230172
6131,0.6476635732643355,0.9247793542528198,0.09343059166843935
6132,0.6476504498399894,0.924777928479344,0.0934292220304646
6133,0.6476059271968632,0.9247711762313738,0.09344526172075127
6134,0.6476329316575503,0.9247667106012423,0.09344460960377834
6135,0.6476453767229756,0.9247628521738307,0.09343571765511857
6136,0.6476475961976474,0.9247641357542644,0.09343496616457253
6137,0.647693699927552,0.924775026972675,0.0934332960488198
6138,0.6476839593328,0.924777040733595,0.09343170288675182
6139,0.6477208539911846,0.9247778016585227,0.09343304347527266
6140,0.6477174211420492,0.9247772290432993,0.09343927697707913
6141,0.6476966174115646,0.9247642548889753,0.09344711614383971
6142,0.6477107359339375,0.924769243174613,0.09345167064474635
6143,0.647749108254487,0.9247765641947513,0.0934492494341168
6144,0.6477228963989663,0.9247783896459669,0.0934575097959603
6145,0.6477250816980141,0.9247647737014261,0.09345764363463183
6146,0.6476885911621758,0.9247618068628188,0.09346517450078663
6147,0.6476642449819255,0.924756391998055,0.09347664731386518
6148,0.647685070525143,0.9247604694796124,0.09347840475540097
6149,0.6477113641907163,0.9247684438191333,0.09348597962512616
6150,0.6476850599904813,0.924760500224054,0.0934967458937556
6151,0.6476765161813066,0.9247650235000134,0.09351482713085164
6152,0.6476939378318038,0.9247523990637119,0.09351210753292764
6153,0.6477234767912279,0.9247716988868798,0.09350969506492275
6154,0.6477479457372187,0.9247896267393447,0.09354354502752685
6155,0.6477401515299523,0.9247819521581288,0.09356035108934915
6156,0.647770457734169,0.9247879819117231,0.09355561708935332
6157,0.6477645391694777,0.9247835316538121,0.09355741077989768
6158,0.6477507431411957,0.9247672217275826,0.09356694971705752
6159,0.6477521851687698,0.9247585210506307,0.09357177932445132
6160,0.6477785806586825,0.9247129193577373,0.09361530328905823
6161,0.6477561528799313,0.9247163473629674,0.0936370594643052
6162,0.6477763613649743,0.9247186378238611,0.09363921806654697
6163,0.6477461823318833,0.9247306358421666,0.09365131489818623
6164,0.6477501044702771,0.9247299364061219,0.09366353032809704
6165,0.64774297349903,0.9247335911516084,0.0936652279539891
6166,0.6477452776849963,0.9247493284626145,0.09366447872385514
6167,0.6477373651443614,0.9247517957040469,0.09368687844500875
6168,0.6477447042983819,0.9247521684804004,0.09368425414366485
6169,0.647773106883768,0.924758909199205,0.09368576190670043
6170,0.6477610854599154,0.9247559154592114,0.0936918876683403
6171,0.6477681330200468,0.9247370076276729,0.09369907705199314
6172,0.6477940919859547,0.9247356049125283,0.0937157343210021
6173,0.6478126630511499,0.9247342060404389,0.09371108286184347
6174,0.647819842176233,0.924772448282642,0.09371391432628434
6175,0.6478322264440705,0.9247700425300927,0.0937077072432455
6176,0.6478124094874627,0.9247719294701913,0.09372325558585146
6177,0.6477625730479832,0.9247475375988955,0.0937481114418118
6178,0.6477663268872748,0.9247515804929562,0.0937525601668328
6179,0.6478240904020055,0.9247848344495219,0.09374919426093943
6180,0.6478061727249853,0.9247738279394555,0.09376091675659012
6181,0.6478373874669883,0.9247935889292463,0.09376079777069733
6182,0.6478409067064567,0.92480172083403,0.09376683563565459
6183,0.6478333637985324,0.9247997685619931,0.09376752138545441
6184,0.647855557115271,0.9248031043338987,0.0937727808452231
6185,0.6478182943372429,0.924801317313235,0.09377332906987569
6186,0.6478159966168402,0.9248047453184651,0.0937720837973446
6187,0.6478242764242882,0.9248099257568623,0.09377358490894297
6188,0.6478068972447469,0.9247942422486288,0.09377949876746602
6189,0.6477964981365822,0.9247974934733202,0.09378603672942415
6190,0.6477976864820709,0.9247838890579448,0.0937894539272258
6191,0.6478019994486237,0.9247751422643308,0.09380247496714104
6192,0.647788536577064,0.9247802381555137,0.09380736540712548
6193,0.6477821432412144,0.9247675945039361,0.09381664106122807
6194,0.6477462191535212,0.9247551161037317,0.09383445746974373
6195,0.6477140002342511,0.924738460302535,0.09384220734767934
6196,0.6477144321200932,0.9247482677793818,0.0938563106634741
6197,0.6476880771307127,0.9247349784945321,0.0938596159927722
6198,0.6476781483295657,0.9247133843674153,0.09386482107319076
6199,0.647660498450837,0.9247187838599583,0.09387015413586888
6200,0.6476874522893682,0.9247332606488619,0.09386180481122271
6201,0.6476809608698432,0.9247362467027451,0.09386511681878129
6202,0.6476484565461746,0.9247233647817457,0.09387656984434314
6203,0.6476713366513098,0.9247275498688484,0.09387902687390257
6204,0.6476546867016095,0.9247115166425927,0.09388627709460147
6205,0.6476767668141125,0.9247116165620276,0.09388748308523409
6206,0.6476638556185955,0.9247191451071463,0.09388604917405989
6207,0.6476828974492094,0.9247244485233095,0.0938891498226762
6208,0.6477286333260366,0.9247289602701034,0.093903947866719
6209,0.6477263614289556,0.9247268888633556,0.0939080769534098
6210,0.6477356462344097,0.9247303053394202,0.0939085758571608
6211,0.6477420981240262,0.9247291178353663,0.09391395554099564
6212,0.647751050175846,0.9247264661272846,0.09391459551229271
6213,0.6477766600835734,0.9247291601089733,0.09391407305035494
6214,0.647722386127177,0.9247104059996425,0.09392461582806817
6215,0.6477094815275983,0.924701570815759,0.093939360926906
6216,0.6476838886571675,0.9247063208319747,0.09394349109047105
6217,0.6477068190098896,0.9247132575465941,0.09394866912926761
6218,0.6477027491454572,0.9247035346169614,0.09395583020480443
6219,0.6476915925473231,0.9247036691238931,0.09396540258708137
6220,0.6476926705927394,0.9247235569345053,0.09396585000829694
6221,0.6476941978002627,0.9247188146043999,0.09397125746099991
6222,0.647706830855947,0.9247181958725141,0.09397258535923153
6223,0.6477060203368287,0.9247196024307139,0.0939666093622024
6224,0.6477234744393745,0.9247240642177904,0.0939688249323548
6225,0.6477239998098122,0.9247207668764368,0.09397233453424576
6226,0.6477707150877983,0.9247179076433748,0.09397037683955754
6227,0.6477754612798177,0.9247154365588872,0.09397637894136045
6228,0.6477820113657661,0.9247106557982299,0.09398828946172533
6229,0.6477994802630437,0.9246947916664024,0.09399676645557323
6230,0.6478114437369277,0.9246961482648848,0.09400631747838797
6231,0.6477796184056172,0.9246904874445888,0.09402360735264201
6232,0.647777473125729,0.9247041187613504,0.09402525009703026
6233,0.6477770096520039,0.9246988460896287,0.09403308370837907
6234,0.6477627052723538,0.9246975356078087,0.09404076889114482
6235,0.6477833499575381,0.9246911599792472,0.09403441728114575
6236,0.6477643312379814,0.9246732590281687,0.09404026841432002
6237,0.6477608092469276,0.9246735703156391,0.09403692071749777
6238,0.6477597127409285,0.9246740391683724,0.09403813016953216
6239,0.6477740899533586,0.9246877973059553,0.09404311353897542
6240,0.6477981661526427,0.9246904643862577,0.09403812209803109
6241,0.6477964222502186,0.9246818905301271,0.09403946998571357
6242,0.6478747671877031,0.9246736625489637,0.09408121192301037
6243,0.647858893559925,0.9246723366949229,0.09408247048335615
6244,0.6478515918764655,0.9246737816836746,0.09408242440869097
6245,0.6478635465454283,0.9246803148774989,0.0940853369728329
6246,0.6478815972321978,0.9246682976439174,0.0940957463585024
6247,0.64790537647901,0.9246716411019333,0.09409735984464998
6248,0.6479214132974276,0.924674857739128,0.09409598662437182
6249,0.6479559334090825,0.9246920976847137,0.0940971980543939
6250,0.6479816023261885,0.9247126734022051,0.09410629648269604
6251,0.6479896921203453,0.9247147793964495,0.09410583681460509
6252,0.6479884727497329,0.9247167662559832,0.09411212827439908
6253,0.6479877543833411,0.9246955564343854,0.09412400802561943
6254,0.6480012226620093,0.9247013863491098,0.09412751961330859
6255,0.6480087708683863,0.9246956947843723,0.09413201645245925
6256,0.6480318915515144,0.9246869979504756,0.0941377827770177
6257,0.6481081225049585,0.9247057597459168,0.09418634703840431
6258,0.6480833757713881,0.9246990997312713,0.0941991995300212
6259,0.6480601794162378,0.9247062093833742,0.09423395275198672
6260,0.6480553699425159,0.9247026853017642,0.09423404495394452
6261,0.6480487772064043,0.9247012134116263,0.0942397012140437
6262,0.6480100593287434,0.9247068473305359,0.09423594062810524
6263,0.6480202703019793,0.924714648732573,0.09423973668878907
6264,0.6480652487836431,0.9247217545416208,0.09425516173787614
6265,0.6480683544182464,0.9247158093352407,0.09426440205132887
6266,0.6480817098818055,0.924703707554445,0.0942697603307452
6267,0.648081955964685,0.9246889386933469,0.09427674226948048
6268,0.6481089247747144,0.9246859103658567,0.09427023691184315
6269,0.648115637892062,0.9246907218709555,0.09426733057109157
6270,0.6481401328969429,0.9246864752949696,0.09426436342721933
6271,0.6481896580168625,0.9246933927943131,0.09425958306763324
6272,0.6481544863829297,0.92470260075455,0.09426877976863952
6273,0.648152208775543,0.9247055330056606,0.09426648672424763
6274,0.648152208775543,0.9247055330056606,0.09426365849618577
6275,0.6481529399255438,0.9247225385248797,0.09428113735941392
6276,0.6481409899594237,0.9247218698332765,0.09429247413052934
6277,0.6481808034187565,0.924727742021608,0.0943053055733985
6278,0.6481759946916983,0.9247295866880996,0.0943072578380396
6279,0.6481868614514018,0.9247257820634607,0.0943102998560098
6280,0.6481968446048174,0.924718756958572,0.09431554197597668
6281,0.648175183766212,0.9247285336909773,0.09432827979831443
6282,0.6481744903326893,0.9247207399750504,0.09432267122199751
6283,0.6481899483409322,0.9247162512865876,0.09432337524502589
6284,0.6481899483409322,0.9247162512865876,0.09432346521542259
6285,0.6482006700790782,0.9247257705342952,0.09432475594204735
6286,0.648196342755832,0.9247232072164829,0.09432695063314381
6287,0.6482210874801637,0.9247377647095455,0.09433065629036738
6288,0.6482220379670109,0.9247365810485467,0.09433420033104169
6289,0.6482260332010841,0.9247298826033492,0.09433757753686939
6290,0.6482090136353038,0.9247260741356552,0.09434609615720467
6291,0.6482227589340149,0.9247279726049195,0.09434833547446154
6292,0.6481979655287736,0.9247183688099977,0.09435458102469367
6293,0.6482023779563902,0.924723653010885,0.0943612405858709
6294,0.6481917433566508,0.9247231841581517,0.09437197627990887
6295,0.6481710492614816,0.9247310316768512,0.09437405888257272
6296,0.6481598699568798,0.9247398745468451,0.09438454960245868
6297,0.6481831218557069,0.9247461271976405,0.0943893825985625
6298,0.6481951870070857,0.9247506965902623,0.09439319193769154
6299,0.6481779171050138,0.9247425723715891,0.09440543324197323
6300,0.6481910756007961,0.9247433678840136,0.09440820402070176
6301,0.6482134161078982,0.9247403472426337,0.09441232423687307
6302,0.6482373253975938,0.9247616838850528,0.0944155699756106
6303,0.6482288866852886,0.9247520531887446,0.09442262912226976
6304,0.6481992250299466,0.9247503660875159,0.09443220238261248
6305,0.648201784948573,0.9247534328455581,0.09442671937956358
6306,0.6482109345826075,0.9247643509653551,0.09442648349081216
6307,0.6482281988971625,0.9247748617213019,0.09443255802125398
6308,0.648227653979725,0.9247812757804151,0.09443670836629053
6309,0.6482194119545364,0.9247889503616311,0.09444463391370553
6310,0.6482194119545364,0.9247889503616311,0.09443713365835302
6311,0.6482392240358416,0.9247812411929185,0.09444472164890741
6312,0.6482656897095983,0.9247814679331747,0.09444652546977048
6313,0.6482752686382706,0.9247868443673866,0.09444446626919548
6314,0.6483052315147785,0.9247979623260534,0.09443755813648493
6315,0.6482911005126418,0.9247943729125052,0.09445216474390865
6316,0.6482645620979753,0.9247831896219002,0.09446933058335372
6317,0.6482870892967985,0.9247990306953965,0.09447199076310017
6318,0.6482782580840065,0.9247707996119652,0.09454744777093674
6319,0.6482818775108317,0.9247718756674186,0.09454655420251079
6320,0.64832676082444,0.9247834624788187,0.09454392957245794
6321,0.6483644009025551,0.9247919556307903,0.09454213320321037
6322,0.6483926258991001,0.9248121239844314,0.09453861142681025
6323,0.6483680858803957,0.9248013941743388,0.09454601366643844
6324,0.6483339341357117,0.9248058751766912,0.09455642100845771
6325,0.6483498835079202,0.9248026047367238,0.09455641445170936
6326,0.6483225791064878,0.9247902108837337,0.09456140053326578
6327,0.6483367546699172,0.924777282846072,0.09456799918150406
6328,0.6483326937949716,0.9247761837322874,0.09457470549254436
6329,0.6483406618066476,0.9247766641141862,0.0945778847689562
6330,0.648332332260684,0.9247650965180622,0.09458196852627881
6331,0.6483628694641459,0.9247938425708889,0.09458605619767403
6332,0.6484247604827376,0.9248114207053314,0.09462123618683228
6333,0.6484199554117065,0.9248078620362248,0.09462634847395472
6334,0.64840516278494,0.9247952990888062,0.09463984056372014
6335,0.6483940625479518,0.9248042649365663,0.09464820608395245
6336,0.6483524486100972,0.9247917519488652,0.09466756880948643
6337,0.6483405719865258,0.9247743774963477,0.09468140442165779
6338,0.6483953287099146,0.9247824325400276,0.09468437162574107
6339,0.6483875065271302,0.9247730362700862,0.09469545258295865
6340,0.6483794681106704,0.9247946034958167,0.09470286396208025
6341,0.6484075660987964,0.9248010867299236,0.09470015481722838
6342,0.648426375517238,0.9248036193032942,0.09469986271796864
6343,0.6484444418117481,0.9248231689250496,0.09470302949351385
6344,0.6484437733352382,0.9248121739441488,0.09470730230101641
6345,0.6484468989568265,0.9248181767963568,0.09471956331275115
6346,0.6484503820300647,0.9248044916768225,0.09473045174087953
6347,0.6484136648019603,0.9247901224934643,0.09474554932607575
6348,0.6484069984932981,0.924803192724168,0.09474885080399661
6349,0.648384439917838,0.9247922400168744,0.09475349603845448
6350,0.6484010835723473,0.9247904299378795,0.09475296344976876
6351,0.6483970527182557,0.9247915559530504,0.09475876816521457
6352,0.6484162706033136,0.9247808645735097,0.09475913147251365
6353,0.6484522961129203,0.9247915482669401,0.09476044441330679
6354,0.6483993059596268,0.9247713299535815,0.09477617318622852
6355,0.648430933868856,0.9247982313399168,0.09477405363064093
6356,0.6485169825019823,0.9247944267152779,0.0948078535326702
6357,0.6485096196751814,0.9247875399603761,0.09481213268630218
6358,0.6485262431017677,0.9247881317908755,0.09481348472387721
6359,0.6485614304524298,0.92479406546809,0.0948149200159838
6360,0.6485833523440833,0.9247939501764343,0.09481277768309182
6361,0.6485681140206434,0.9247964135748116,0.094814808680223
6362,0.6485899754201062,0.9247824133247516,0.09481868152621722
6363,0.6485701861905302,0.9247772521016304,0.09482519288239111
6364,0.6485667844836808,0.9247790199070182,0.09481903452492274
6365,0.6485774501058951,0.9247715297924515,0.09482901535093827
6366,0.6485598793900226,0.9247353935444927,0.09489344547403812
6367,0.6485478332943057,0.9247167355115417,0.0948926411396661
6368,0.648517512722281,0.9246998914006406,0.09490362480740377
6369,0.648521215142738,0.9246838850757712,0.0949224897638532
6370,0.6485098744170641,0.9246881854545296,0.09492984539450335
6371,0.6485201646850203,0.9246838466452192,0.09492833083306565
6372,0.6484986185942634,0.9246822786787013,0.09493980740756504
6373,0.6484807635905887,0.9246721137977219,0.09494812326519
6374,0.6484807635905887,0.9246721137977219,0.09494272832587186
6375,0.6484504698928479,0.9246741390878074,0.09494503194274811
6376,0.6484449557037212,0.9246722905782606,0.09494374853756538
6377,0.6484593769403154,0.9246715834561055,0.0949453328546773
6378,0.6484544586301816,0.9246733013017757,0.09495267590673662
6379,0.648454479074361,0.9246912445264613,0.09495599543331575
6380,0.6484596096118285,0.9247027045170402,0.09495427786815054
6381,0.6484612451003609,0.9247138186326519,0.09495002113142083
6382,0.64844555599961,0.9247055637501022,0.09496052446355215
6383,0.648457656647787,0.9247126580299843,0.09496273018164515
6384,0.6484769611677044,0.9247167201393209,0.09495787318887533
6385,0.648479207065826,0.9247149177464364,0.09496049549245672
6386,0.6484720114320613,0.9247176540017322,0.09496466362602175
6387,0.6484924598872174,0.9247094490789,0.0949705403493068
6388,0.6484725712320636,0.9247108325787686,0.09497787451366352
6389,0.6484560369948598,0.9247116011898068,0.09498481969444446
6390,0.6484601999145276,0.9247277689229944,0.09498739479160011
6391,0.648471824820047,0.9247339600849066,0.09498882100418549
6392,0.6484622073393157,0.9247501278180941,0.09498192454986847
6393,0.6484871270272244,0.9247614840461827,0.09498583024641165
6394,0.648530317544754,0.9247635785112618,0.09498311213327079
6395,0.6485111877051821,0.924768378487195,0.09498678020781084
6396,0.6485192998125667,0.924779035279239,0.09499203625617793
6397,0.6485313621749428,0.9247785664265057,0.09500382491564106
6398,0.6485536552702089,0.9247798269486083,0.09500889827330836
6399,0.6485321489684888,0.9247716719854935,0.09501561198574379
6400,0.6485288522415088,0.9247827591997188,0.09501890430398781
6401,0.6485072596332228,0.9247822057997713,0.09502251597484103
6402,0.6485528182552525,0.9248215125682624,0.09503251531480056
6403,0.648579994490494,0.9248263125441956,0.09503503725512408
6404,0.6485848900069531,0.924821927618223,0.09504292162516015
6405,0.6485861738032055,0.9248211052044122,0.09504252374739686
6406,0.6485606597359748,0.9248091648319344,0.09505809251819346
6407,0.6485556251887499,0.9248015517396015,0.09506350248853139
6408,0.648581746206428,0.924785341732807,0.09507655127278818
6409,0.6485832472771209,0.924783024370527,0.09505777780445708
6410,0.6485781733762691,0.9247936926917365,0.09506302882019738
6411,0.6485609271258275,0.9247798730652705,0.09507539341274611
6412,0.648555469518093,0.9247871249104155,0.09508244901083777
6413,0.6485530209940814,0.924784776803694,0.09506835272773291
6414,0.6486585886825524,0.9248276998871194,0.09508550500741042
6415,0.6486595451024059,0.924825574677599,0.09508715527025946
6416,0.6486597844462615,0.9248335374879543,0.09508790264885096
6417,0.6486726236341999,0.9248399515470676,0.09508675262912128
6418,0.6486692807762626,0.9248384258541569,0.0950985019129018
6419,0.6486764346332952,0.9248375381084079,0.0950970774766657
6420,0.6486974384307721,0.924841592531634,0.09509961526520223
6421,0.6486928915585267,0.9248614342255839,0.09510339977550444
6422,0.6486850791427586,0.9248479989046371,0.09514127856374668
6423,0.6486993428605922,0.9248389869402147,0.09514900223020163
6424,0.6487289888273288,0.9248549433053668,0.09515024867326954
6425,0.6487559259487764,0.9248413465761018,0.09515693312513493
6426,0.6487665189551461,0.924846023574269,0.09517887843154464
6427,0.6487661158425876,0.9248578409689806,0.09518089099244809
6428,0.6488010946520972,0.9248573759593025,0.09517889768417473
6429,0.6488034440640345,0.9248499780780602,0.09518194417366231
6430,0.6488051553682065,0.9248603927576272,0.09518158244394553
6431,0.6488043621642631,0.9248626947476865,0.09518095962798528
6432,0.6488435990176725,0.9248674293916815,0.0951716584243157
6433,0.6488261125720913,0.9248653772002097,0.095173746843594
6434,0.6488070261897153,0.9248663840806696,0.09516949671476391
6435,0.648812987000974,0.9248730556244807,0.095169880661761
6436,0.6487812634652363,0.9248831244290805,0.09518322250529064
6437,0.6487938591283028,0.9248909066158418,0.09518688304742605
6438,0.648784472245293,0.9248850843872278,0.09519095785452522
6439,0.6488121437837313,0.9249060367241277,0.09518948652332648
6440,0.6488319571118989,0.9249059214324721,0.09519228763163959
6441,0.6488592170597909,0.9249126583082214,0.09519214203631826
6442,0.6488857894756371,0.9249342370631175,0.09518295051516307
6443,0.6489010991468984,0.9249308359592737,0.09518446471628958
6444,0.6489330929246069,0.9249346021533607,0.0951787175686448
6445,0.6489493317113053,0.92493871806547,0.09517581037417328
6446,0.6489544615827083,0.9249431145206082,0.09517560050953586
6447,0.6489080307409927,0.9249323193785773,0.09519912017563952
6448,0.648911783877467,0.9249240260654757,0.09520937669473499
6449,0.6489414367721077,0.9249365467392872,0.09520809683531535
6450,0.6489533577950433,0.9249431375789393,0.09520633136107469
6451,0.6489796218478583,0.9249504739712985,0.09520703255866048
6452,0.6489796218478583,0.9249504739712985,0.09519892143054627
6453,0.648986983651072,0.924950685339334,0.09520995126156685
6454,0.6489943572828215,0.9249495477949975,0.09521515596819034
6455,0.6489962219358835,0.9249579717719757,0.09521720542178759
6456,0.6490374439419699,0.9249534600251818,0.095217863165295
6457,0.6490358874126579,0.9249583599205499,0.09522023585417413
6458,0.6490239215479218,0.9249525761224878,0.09522159242312755
6459,0.6490572881566546,0.9249688053445584,0.09522697407805497
6460,0.6490630235420569,0.9249568457568047,0.09523364584800405
6461,0.6490558238840225,0.9249550318347547,0.09523824950021437
6462,0.6490606276834471,0.9249644934366343,0.09523991587603615
6463,0.6490489310839991,0.9249551471264105,0.09524082335521897
6464,0.6490399420005764,0.9249531871682631,0.0952432598376952
6465,0.6490477250192331,0.9249592860968509,0.09523743062435266
6466,0.6490453857038644,0.9249917560701576,0.09524877596573574
6467,0.6490581141669549,0.9250143878221759,0.0952488546936092
6468,0.6490608027984488,0.9250307861386748,0.09525765333859003
6469,0.6490551753751761,0.9250377305394045,0.09526941351562249
6470,0.6490208595545782,0.9250233075532737,0.09528519274162991
6471,0.6489922426761995,0.9250286878305407,0.09532333989209639
6472,0.6490301856050186,0.925036712129779,0.09533001613234725
6473,0.6490362395617153,0.9250375652880314,0.09533501828661411
6474,0.6490083786556909,0.9250200678577478,0.09534936102337292
6475,0.649018710584755,0.9250303211289967,0.09534794567138782
6476,0.6490282343149862,0.9250280998430965,0.09535852376140119
6477,0.649011299045189,0.9250373961936029,0.09535977932235931
6478,0.649010966651967,0.9250432799111,0.09536116807737341
6479,0.6489915889926863,0.9250495402480057,0.09536979154610094
6480,0.6490437153328814,0.9250597704609235,0.0953657008469234
6481,0.6490292851893035,0.9250555354141033,0.09536982893717946
6482,0.6490208743436268,0.9250521381533147,0.09537316810655383
6483,0.6490295337629982,0.9250518114936235,0.09537896462806632
6484,0.6490155277561446,0.9250520728213765,0.09538454052246492
6485,0.6490411011747702,0.9250632906994782,0.09538192525506259
6486,0.6490400490284854,0.9250691628878097,0.09538375831222712
6487,0.6490542898465755,0.9250744701470281,0.09538315918059763
6488,0.6490568181917478,0.9250946385006692,0.09538758241477105
6489,0.6490630059441804,0.9251010640889482,0.09539322913014679
6490,0.6490622507670931,0.9251003415945723,0.09537810313568587
6491,0.6490243063109534,0.9250944463479097,0.09539071090736101
6492,0.6490521711145627,0.9250899461302813,0.09539107319151227
6493,0.649059156274774,0.9250860684875938,0.09538966047596135
6494,0.6490620464882709,0.9250821716296305,0.09540428537710685
6495,0.6490644528049895,0.9250893197122853,0.09541554630720515
6496,0.6490710465607447,0.9250918791870423,0.09542295706122396
6497,0.6490613477173706,0.9250852230154518,0.09543102184705518
6498,0.6490625860265696,0.9250883551054323,0.09542791657642874
6499,0.6490479239267408,0.9250685787434207,0.09543711149407082
6500,0.6490389305695046,0.9250710921015155,0.09544649280837077
6501,0.6490458202700699,0.9250704733696298,0.09544515899372061
6502,0.649063991583193,0.9250576106639063,0.09545013055479053
6503,0.6490297619711388,0.9250510620978613,0.09546008331578572
6504,0.6490273904970291,0.9250503396034854,0.09546262344688403
6505,0.6490330861761641,0.9250290644499494,0.09548088119997773
6506,0.6490771338543809,0.9250398672780906,0.09548424194831698
6507,0.649077685413307,0.9250391985864874,0.0954815171560395
6508,0.6490946333801195,0.9250327153523806,0.09548191086384274
6509,0.6490844220582517,0.9250301405054028,0.09548294797705034
6510,0.6490846123338598,0.9250294987151859,0.0954877822628461
6511,0.6491235317061934,0.9250353247868551,0.09553265257415418
6512,0.6490840162530439,0.9250328767606986,0.09554376469934726
6513,0.6490751441163076,0.9250538713712056,0.09555056159054683
6514,0.649098867291719,0.9250720182778165,0.09554670592869355
6515,0.6491726958923854,0.9250796006257078,0.09555319244802914
6516,0.6491830149811033,0.9250925747800318,0.0955518378192759
6517,0.6492172714156033,0.9251026397415764,0.0955452904058822
6518,0.6492261780161066,0.9250956376950188,0.09555432033454496
6519,0.6492246496148821,0.92510261284019,0.09555946361146432
6520,0.6492294199920855,0.9250975246351175,0.09556380234887468
6521,0.6492353812226346,0.9250877555888226,0.0955674271588116
6522,0.6492749763842173,0.925098562260019,0.09557345347637212
6523,0.6493045867720186,0.9250988312738824,0.095567599271671
6524,0.6492737861405741,0.9251015252555711,0.0956308450053707
6525,0.6492636241461877,0.9250924287439345,0.0956480648013489
6526,0.6492674843969556,0.9250729751985589,0.09565702431669033
6527,0.649263132803803,0.9250818641852152,0.0956679710805151
6528,0.6492671799233811,0.9250671529699449,0.09567523005522857
6529,0.6493064121271999,0.9250824560157145,0.09567451468542218
6530,0.649318398377869,0.9250890699136978,0.09567695026132553
6531,0.6493277747225672,0.9250829363976134,0.09568001631237248
6532,0.6493345494333889,0.9250918830300975,0.0956835588615751
6533,0.6493510174694229,0.9250860069987108,0.09566984412343306
6534,0.6493768799598354,0.9250969866073908,0.09567446966924781
6535,0.6493692753378909,0.9251053567815962,0.09567294602296975
6536,0.6493803162449024,0.9250979589003541,0.09567078966911846
6537,0.6494188159898701,0.9251019633638627,0.09566689524513951
6538,0.6494089173100828,0.9250804345686842,0.09567961437189146
6539,0.6493923265624871,0.9250751465247418,0.09568992822157145
6540,0.6494016462108908,0.9250651315229146,0.09569671102225663
6541,0.6494041295372281,0.9250844620905241,0.0956996715245317
6542,0.6493678921923711,0.9250726370097021,0.09571267973814253
6543,0.6493661233517167,0.9250492212744249,0.09573692352034917
6544,0.649368806259352,0.9250455780581041,0.0957500686629468
6545,0.6493623480325343,0.925045455080338,0.09574991571165781
6546,0.6493495380823593,0.9250436988041157,0.09575455428400656
6547,0.6493326954735924,0.9250368620089314,0.09576249051929207
6548,0.6493326954735924,0.9250368620089314,0.09575947775261757
6549,0.6493288290772368,0.9250188303939764,0.095763190121408
6550,0.6493466374181728,0.9250161902150603,0.09576662653064572
6551,0.6493323563175945,0.9250192070133851,0.09575445201211169
6552,0.6493278596073977,0.9250280191389375,0.09575276359740488
6553,0.6493364385051004,0.9250377843421772,0.09575324590829287
6554,0.6493324609079462,0.9250384415046148,0.09575434647555199
6555,0.6493196955032453,0.925046342826087,0.09576272913924895
6556,0.6493319692825429,0.9250465964677296,0.09577189737246143
6557,0.6493193046194589,0.9249925823270235,0.09581438570698758
6558,0.6493188061192905,0.9249901458300326,0.09582101911830423
6559,0.6493419535714336,0.9249834704431663,0.09581647235267964
6560,0.6493582046026013,0.9249797964824039,0.09582567385884705
6561,0.6493538555285626,0.9249749350175877,0.09584134242488243
6562,0.6493357417983261,0.9249686285640196,0.09584488758141696
6563,0.6493364001683382,0.9249648777421534,0.09585337711553121
6564,0.649378805248394,0.9249623374826723,0.09586000715993494
6565,0.6493698030642578,0.9249596396579284,0.09586721977858932
6566,0.6493387543947129,0.924954935758375,0.09588125833288322
6567,0.6493258117341036,0.9249588441455039,0.09588804392913142
6568,0.6493564967198137,0.9249658654073375,0.0958839871658651
6569,0.6493422427096807,0.9249635326728367,0.09588836737918992
6570,0.6493429450665014,0.9249606426953332,0.09589498512253711
6571,0.6493328996607749,0.9249559118943934,0.09589615171084205
6572,0.6493242304511535,0.9249594167607273,0.09589910657844039
6573,0.6493691043499763,0.924983343622345,0.09589473828727153
6574,0.6493858306858286,0.9250033544107232,0.09589903756111993
6575,0.6494017914337169,0.9249988388208741,0.09590868126723255
6576,0.6493923435807392,0.9249810608475617,0.09592374617067931
6577,0.6493705187460432,0.9249812799017075,0.09594559114768504
6578,0.6493632140856508,0.9249697161486385,0.09595378364838132
6579,0.6493803162001913,0.9249818025572135,0.09595143732555027
6580,0.6493632963378105,0.9249836164792635,0.09595857093384032
6581,0.649343138247716,0.9249951149003943,0.0959689355315918
6582,0.6493508574496231,0.9250006642720897,0.09597296363797639
6583,0.6493473349053916,0.9249982969500922,0.09598577201939941
6584,0.6493162682748452,0.9250046226189362,0.09599896080612925
6585,0.6493284925934533,0.9250087846477077,0.09599800956902738
6586,0.6493088961324762,0.9250123164154281,0.09599598174697352
6587,0.6493301578182766,0.9250199487230369,0.09599878011520556
6588,0.6493555420987284,0.9250220585603367,0.0959970606004087
6589,0.6493385836940145,0.9250261898446667,0.09599385535822162
6590,0.6493237355208328,0.9250313356955672,0.09599944244805372
6591,0.649324640670382,0.9250313433816775,0.09599127788464835
6592,0.6493045402312045,0.925027546443149,0.09599842962663503
6593,0.649331419150658,0.9250410470960342,0.09600377206000603
6594,0.649347123499868,0.9250646011812983,0.09601036157855712
6595,0.6493006873996224,0.9250585406832624,0.09602913624417894
6596,0.6492688512004477,0.9250447633304036,0.0960424420728451
6597,0.6492620248046111,0.9250308629997787,0.09605661297303142
6598,0.6492863048033862,0.9250322042260403,0.09605633319795506
6599,0.6492913424714197,0.9250256441308297,0.0960601245598733
6600,0.6492946039529127,0.9250231384588452,0.09606493394730427
6601,0.6492846802410563,0.9250342871619536,0.096057044654522
6602,0.6492624412493027,0.925018742003707,0.09606732015076223
6603,0.6492619012133706,0.925030728492847,0.09608899103197445
6604,0.6492555198779404,0.9250192761883785,0.09609766187375765
6605,0.6492584172145237,0.9250240338907046,0.09609467037537525
6606,0.6492689684970732,0.9250206251007504,0.09609372519573936
6607,0.6492564264472358,0.9250221238922749,0.09609836488426138
6608,0.6492675023083789,0.9250130773403559,0.09610785844234646
6609,0.6492798849097968,0.9250042805870242,0.09611048222758323
6610,0.6492899016162962,0.9250149796526753,0.09611100567631446
6611,0.6492911357392476,0.925014468526335,0.0961088509879722
6612,0.6493031455051608,0.9250307822956196,0.0961203804593738
6613,0.6493139072238453,0.9250319083107905,0.09612009245598907
6614,0.6493460920824379,0.9250376498352455,0.09611746553573355
6615,0.649360124946884,0.925030367245659,0.09611797713299056
6616,0.649387515791763,0.9250338605828274,0.0961173484266572
6617,0.6494061746343456,0.9250294218540821,0.09612289088290565
6618,0.6493518734463576,0.9249978011959726,0.09616078285825892
6619,0.6493442617701821,0.9249999763652106,0.09616585882915271
6620,0.6493555407127098,0.9250017134261568,0.09617569170542041
6621,0.6493607859772074,0.9249969749391066,0.09620073802592202
6622,0.6493601398273537,0.9250043036453554,0.09620594352714262
6623,0.6493746048368716,0.9250090997782334,0.09620153497941145
6624,0.6493518625770451,0.9250057601632726,0.09621332399288116
6625,0.6493560747766001,0.925015840497038,0.0962117145415976
6626,0.6494126574508203,0.9250321043066053,0.09620603831158134
6627,0.649412753985732,0.9250222891436481,0.09621210271324668
6628,0.6494095596439885,0.9250110443641599,0.09620981817387496
6629,0.6494091507686641,0.9250124086487527,0.09621382357253337
6630,0.649372401141542,0.9250019286372475,0.09622489189930455
6631,0.6493456605593405,0.9249949611781867,0.09623659065270591
6632,0.6493531038108848,0.9250007142318072,0.09624258672282271
6633,0.6493772192786058,0.9250034927607101,0.09623183927976427
6634,0.649360379720389,0.9249978127251381,0.09623558036498553
6635,0.6493497818342157,0.9249815143280742,0.09625164876396676
6636,0.6492948707598752,0.924962875510399,0.09627520287413889
6637,0.6493085459151253,0.9249603045064765,0.0962749349043504
6638,0.6493220785672628,0.924957091712337,0.09627924913076465
6639,0.6493130117552193,0.9249657731740129,0.09628221906232065
6640,0.6493346523189855,0.9249562193388087,0.09629506081525126
6641,0.6493292909557828,0.9249444672760353,0.09630334711625033
6642,0.6493419487092833,0.924952660669702,0.09630187734771625
6643,0.6493374334121803,0.9249237724238332,0.09633371714518571
6644,0.6493167276290766,0.9249306707079006,0.09633459458449979
6645,0.6493063458660895,0.924917000960587,0.09631130392825514
6646,0.6493238100123121,0.92490426891874,0.09631504466240817
6647,0.6493148370272863,0.9248958795292587,0.09631951948488406
6648,0.6493392857896452,0.9249065824379649,0.09632058280817628
6649,0.6493731170286203,0.9249079659378335,0.0963201793458176
6650,0.649385319881525,0.924900018499699,0.09633018492494219
6651,0.6493779336969827,0.9249185189673874,0.09633628108925311
6652,0.6493638335471967,0.9249189378604031,0.09633900465014616
6653,0.6493487709854736,0.9249134000178733,0.09634580268796446
6654,0.6493780117392683,0.9249133039414935,0.0963478836018671
6655,0.6493892023997253,0.9249231229475059,0.0963507968663166
6656,0.6494042276792114,0.9249164514036947,0.0963589439601416
6657,0.6494264306787262,0.9249226002919999,0.0963573772559722
6658,0.6494241540284733,0.9249247793042931,0.09635835550144203
6659,0.6494397140559596,0.9249216433712575,0.09636221524317934
6660,0.6494550992459468,0.9249167127314477,0.09636106523662763
6661,0.649447277429268,0.9248976319624256,0.09637510166055323
6662,0.6494270488425495,0.9248810145917808,0.0963940485714035
6663,0.6494371477335257,0.9249334492368034,0.09641925340043042
6664,0.6494320888634179,0.9249289643913958,0.09642382817709745
6665,0.6494220168787453,0.9249259014764089,0.09643488722787844
6666,0.649439845355961,0.9249495862255495,0.09643511563682809
6667,0.6494340102584057,0.9249375151891953,0.09644619243290471
6668,0.6493739402248795,0.9249297791190962,0.09645489927738947
6669,0.6493910515330055,0.9249390524112716,0.09645444112108889
6670,0.6494089857581808,0.924944701702402,0.09645538075273014
6671,0.6494161473459249,0.9249368003809297,0.09645836989665987
6672,0.6494235077882409,0.9249314623772699,0.09646181741577091
6673,0.6494224636593361,0.9249297714329859,0.09645733612914797
6674,0.6494002175278325,0.9249232574544376,0.09646019062133605
6675,0.6493972463142011,0.9249354360963371,0.09646959356737556
6676,0.6493738405064533,0.9249283187581238,0.09647747631145784
6677,0.6493619120049263,0.9249319197008375,0.09648616094623252
6678,0.6493477590271025,0.9249177887869011,0.09650076181814636
6679,0.6493272698013474,0.9249193260089774,0.0965088875480084
6680,0.6492954872702743,0.9249164629328603,0.09651101320039576
6681,0.6492878529344925,0.9249190838965005,0.09651047034462572
6682,0.6493153585262501,0.9249387257515803,0.09650813165974977
6683,0.6493243206229492,0.9249421729720865,0.0965081279227528
6684,0.6493097810439494,0.9249337720534395,0.09651311846380997
6685,0.6493186863260733,0.9249325269035577,0.09651362484517866
6686,0.6493233757873167,0.9249330572451739,0.09651432962751381
6687,0.6493624250304241,0.9249502510740975,0.09651301123312277
6688,0.6493746034292984,0.9249532755585326,0.09650869203362757
6689,0.6493759864726705,0.9249549319153197,0.09651057807201834
6690,0.649359953518024,0.9249524685169425,0.09651096902967919
6691,0.6493862915261925,0.9249719489637044,0.09650402772718304
6692,0.6493561395501753,0.924964689432449,0.09651277089454882
6693,0.6493512411762198,0.9249596242857077,0.0965167424165248
6694,0.6493547150020917,0.9249825365807549,0.09652402474137069
6695,0.6493520329964242,0.9249644012033098,0.09653539992091253
6696,0.6493619149139328,0.924962571909039,0.09654245931520668
6697,0.6493790494239936,0.9249668607586319,0.0965437560800934
6698,0.6493607426669464,0.9249656117656948,0.09654956098022927
6699,0.6493463240316684,0.9249608348480928,0.09656382968841043
6700,0.6493595711601713,0.9249629869589996,0.09656585560821349
6701,0.649362797761328,0.9249568495998599,0.09657110102316953
6702,0.649358480517565,0.9249518075114497,0.0965781272318459
6703,0.6493666358130977,0.9249514577934274,0.09657969014961612
6704,0.6493589263807229,0.9249545514528559,0.09658734904324638
6705,0.649352086802523,0.9249425880220471,0.09659583708499027
6706,0.6493936277789654,0.9249660690892626,0.09659500824010636
6707,0.6494235174127795,0.9249633904797946,0.09659282917567162
6708,0.6494097651048276,0.9249685517029158,0.09659553734485456
6709,0.6494155244167159,0.9249615381271926,0.09659501459592323
6710,0.6494020770097914,0.9249565267832239,0.09659878776485749
6711,0.6494123673201259,0.9249519958211541,0.09659778897443443
6712,0.6494525772342117,0.9249743393440331,0.09659388198056285
6713,0.6494603641386882,0.9249729212566676,0.09659269365569412
6714,0.649477246426322,0.9249649546032572,0.09659996861225936
6715,0.6494650856782064,0.9249420999540379,0.09661012406195292
6716,0.6494650856782064,0.9249420999540379,0.09660345535037958
6717,0.6494813866767583,0.9249656463531916,0.09661487275366071
6718,0.6494904604909486,0.9249699275166741,0.09661763400835886
6719,0.649482192278818,0.9249648969574293,0.0966188139485413
6720,0.6494950537176433,0.9249683211196044,0.09661779827714628
6721,0.6495047161497813,0.9249635557311678,0.09662401422145242
6722,0.6494568003340648,0.9249507276129411,0.0966425457999719
6723,0.6494711776933029,0.9249657385865162,0.09664642590891348
6724,0.6494945663828694,0.9249617917688352,0.09665308656417733
6725,0.6494842082581908,0.9249618109841112,0.09666221445149079
6726,0.6494852183110421,0.9249595896982109,0.09667056101932436
6727,0.6494818044468329,0.9249564460790649,0.09666580217539816
6728,0.6495069494505672,0.9249642205797158,0.09666929678577457
6729,0.6495054999123376,0.9249683480209907,0.09666728934631084
6730,0.6495132200644875,0.9249518459420015,0.09666719647656802
6731,0.6494875196314553,0.924932734428538,0.09667946623187013
6732,0.6494979592139913,0.9249420768957067,0.09668402114576619
6733,0.649486396483515,0.9249333416312581,0.09669861292919002
6734,0.6495212970245543,0.9249280036275982,0.09669802277863532
6735,0.6495268434071084,0.9249208593879985,0.09670625673232389
6736,0.6495268434071084,0.9249208593879985,0.09670724788935538
6737,0.6495052118132513,0.9249040959812564,0.09671843877838038
6738,0.6494607934066229,0.9248893617076551,0.09673300415073371
6739,0.6494778500947631,0.9248864832593172,0.09673374081099403
6740,0.6494647904467581,0.9248903224714528,0.09672992916625878
6741,0.6494628688570258,0.924886859878726,0.0967294960238763
6742,0.6494789778805076,0.9248735629077659,0.09673403192066667
6743,0.6494984561513358,0.9248930971573005,0.09672986712490612
6744,0.64949458543906,0.9248927090087262,0.09673757890280464
6745,0.6494808184908978,0.9248885585091202,0.09673949023854382
6746,0.6494531177323144,0.9248890581062951,0.09675119779492022
6747,0.6494205155204499,0.9248850228983447,0.09679297487238213
6748,0.6494196355476193,0.924886779174567,0.09679614104846455
6749,0.64942983356627,0.9248936851447447,0.09679908368564726
6750,0.6495001239887752,0.9249268622402065,0.09678997969924359
6751,0.6494586022351981,0.9249390716265475,0.09680445662336576
6752,0.6494725329426376,0.9249418655276712,0.09680373452925414
6753,0.6494909731356411,0.9249556082930334,0.09680272441714666
6754,0.6495093219615327,0.9249674910196831,0.09680769463423028
6755,0.6495246307738488,0.9249636287492164,0.09680808096653176
6756,0.6494986413690004,0.9249535791598926,0.09681849235086486
6757,0.6494738839094144,0.9249462619828094,0.09682609445867899
6758,0.6494892640213924,0.9249579602428101,0.09682463843022841
6759,0.6494918914035521,0.9249569187748534,0.09683130821936095
6760,0.6495151908708903,0.9249829631598812,0.09683259947780593
6761,0.6495285930304183,0.9249840161570034,0.09683349529722227
6762,0.6495076548246277,0.9249908875396844,0.09684392984744405
6763,0.6495033529722058,0.924992167277063,0.0968457939790372
6764,0.6494839960830575,0.9249753769689346,0.09685441400403155
6765,0.6494642480651436,0.92496531200739,0.09686341984836286
6766,0.6495028809440925,0.9249645126519103,0.0968634685591836
6767,0.6495044672779403,0.9249667454669761,0.09686784012913827
6768,0.6495120859335314,0.9249693779597818,0.09687160825367683
6769,0.6495176819963911,0.9249669376197357,0.09687451775235544
6770,0.6495052426832775,0.9249660152864899,0.09688599698823701
6771,0.6494819464244446,0.924954413102869,0.09689803403386117
6772,0.6495180264271264,0.9249183114424071,0.09695511729088757
6773,0.6495048114860585,0.9249127505415461,0.0969788989128688
6774,0.6495032762029326,0.9249054641089044,0.09698619269446071
6775,0.6495253744248767,0.9248989885609079,0.09698802819150498
6776,0.6495174559520109,0.924897478240218,0.09699121256615008
6777,0.6495339939675661,0.9249051605075443,0.09698875126510428
6778,0.6495411937064874,0.9249017363453693,0.0969912375034274
6779,0.6495407556497953,0.924902616405008,0.09698792806158062
6780,0.6495705655280279,0.924912650622111,0.09698751409112928
6781,0.6495783722679156,0.9249140763955869,0.09699338958103423
6782,0.6495973973223108,0.9249168933550417,0.09699452890224078
6783,0.6495807996081021,0.9249084655350084,0.09699908590865876
6784,0.6496221196625706,0.9249145798358168,0.09699545027929916
6785,0.6496127821096402,0.9249126852096078,0.09700085882539305
6786,0.6496070012049945,0.9249072050129058,0.097011382279893
6787,0.6496089437444628,0.9249007333079645,0.09701528347400276
6788,0.6495890216336278,0.9248965097903099,0.09702700319453263
6789,0.6495706603313509,0.9248816294806114,0.09704776776213722
6790,0.6495660934943389,0.9248699734942177,0.09705261072192085
6791,0.649537512483556,0.9248693201748354,0.0971692261639899
6792,0.6495343244844901,0.9248648929752555,0.09718568446454222
6793,0.6495501905226057,0.9248605272645589,0.09718879940407384
6794,0.6495212880649944,0.9248608808256364,0.09719480947006678
6795,0.6495261290207697,0.9248610114895129,0.09720165430768817
6796,0.6495196776496356,0.9248552853372787,0.09720511840200473
6797,0.6495561460940746,0.9248614649700254,0.09720553648623514
6798,0.649557141633035,0.9248651812043949,0.09721087428978818
6799,0.649556789293346,0.9248593397605049,0.0972125198221077
6800,0.6495692353549657,0.9248672410819772,0.09721680770498395
6801,0.6495929237642365,0.9248713608371416,0.09721704561703189
6802,0.6495799515699908,0.9248908028533517,0.09718490037467631
6803,0.6496009414420278,0.9248814988167349,0.09720169028076263
6804,0.64958908956803,0.9248748311159789,0.09720995317572953
6805,0.6495820958868214,0.9248788663239291,0.09720790307924679
6806,0.649593017770483,0.9248949072362954,0.09721058286681647
6807,0.6495797305761288,0.9248905530547642,0.09721944873567508
6808,0.64960069914722,0.9248830437249215,0.09722033026078813
6809,0.6496078158860813,0.9248806187570962,0.09722553727094922
6810,0.6495835296940458,0.9248724407356502,0.09724515102946922
6811,0.6495955605143993,0.9248757111756175,0.09724368152643387
6812,0.6496027586679629,0.9248796733655192,0.09724472543603913
6813,0.6495868899114887,0.9248644433377983,0.09726678462502412
6814,0.649572891720143,0.9248726136731338,0.0972709231684743
6815,0.6495615851662712,0.9248641820100453,0.09726873786196755
6816,0.6495868604934127,0.924873101741143,0.09727901156908554
6817,0.6495598516792869,0.9248567687565823,0.09728612149124177
6818,0.6495762043790778,0.92485672263992,0.09728153559614924
6819,0.6496010304447992,0.9248685938374043,0.09727938061912667
6820,0.6495811462112348,0.9248702617233571,0.09728590229018962
6821,0.6496010674476087,0.924891052651939,0.09729168067189713
6822,0.6495811798195158,0.9248890427340742,0.09730484371959304
6823,0.6495850371393501,0.9248985542956714,0.09730907815548397
6824,0.6495911951404523,0.9249018823814666,0.09730905180104557
6825,0.6495835284374014,0.9249056639477743,0.09731100869676003
6826,0.6495969207084061,0.9249090612085629,0.09730992235840497
6827,0.649584595815665,0.9249131924928929,0.09731709360260936
6828,0.6495714158295384,0.9249212782810143,0.09731884137360954
6829,0.6495640727822334,0.9249270390207452,0.09737650711530803
6830,0.6495356022142202,0.9249208324866122,0.09738168187963214
6831,0.6495227971403845,0.9249155944023872,0.0973884992598052
6832,0.6495363656271455,0.924927515559589,0.09738377922701663
6833,0.6495158428544296,0.9249299482135247,0.0973916706750109
6834,0.649532603777925,0.9249372192739456,0.09739127821748349
6835,0.6495162285779782,0.9249356897379797,0.09739482968230832
6836,0.6495191719081231,0.9249484871117648,0.09739573270361084
6837,0.6495141748795146,0.9249455241162128,0.0974073924221614
6838,0.6495175748662658,0.924967952186306,0.0974129452808573
6839,0.6495121029923429,0.9249689629098212,0.0974143425923122
6840,0.6495227323055514,0.9249743700884746,0.09741774766722448
6841,0.6495313027430216,0.9249846272027787,0.0974132368223081
6842,0.6495477788416619,0.9249840584306105,0.09741301340985402
6843,0.6495350849988801,0.9249882627329892,0.09741115112792681
6844,0.6495305988705737,0.9249738666482445,0.09741668426056262
6845,0.6495483485787612,0.9249743816176401,0.09741752164457178
6846,0.6495662759757747,0.9250031391996326,0.0974174331602623
6847,0.6495794710968512,0.9250062443882267,0.09741889960390032
6848,0.6496143322492695,0.9250151679623796,0.09742191764643708
6849,0.6496328344050626,0.9250233190824392,0.09742293021040861
6850,0.6496508004771533,0.925024906264233,0.0974246836842995
6851,0.6496242209802825,0.9250198603327675,0.09743694245969328
6852,0.6496321676866351,0.9250504356798652,0.09744530038340055
6853,0.6496457650205992,0.9250503011729335,0.0974542571160559
6854,0.6496623901649528,0.9250591632582034,0.09745121491096233
6855,0.649659817698639,0.9250749659011478,0.09745645068972217
6856,0.6496466819905162,0.925073178880484,0.09746116575021807
6857,0.649642871922924,0.9250745854386838,0.0974671458842427
6858,0.649654038598373,0.9250771295412201,0.09746374474215115
6859,0.6497136001273848,0.9250951726853407,0.09745528248138507
6860,0.6497235581615864,0.9250838664169695,0.0974646057707335
6861,0.6497120052482084,0.9250905917635533,0.09747233405721899
6862,0.6497108906942098,0.9250893273983956,0.09747831138067668
6863,0.6496985705321161,0.9250829671420548,0.09748984525984901
6864,0.6497030637700749,0.9250904265121801,0.09749517659997084
6865,0.6496982800577457,0.9250916024870686,0.09749143706342622
6866,0.6497212444599753,0.9250859993126004,0.09749150382686128
6867,0.6497443520777543,0.92508548818626,0.09749694997491573
6868,0.6497101145500763,0.9250758536468968,0.09752250380657151
6869,0.6497047351125271,0.9250832207836975,0.09752246120807473
6870,0.6496946018238734,0.925070438782133,0.09754063710110024
6871,0.6496858179702911,0.9250764185760099,0.0975406932038726
6872,0.6496571797407827,0.9250724909736049,0.09755142449942998
6873,0.6496718803737738,0.9250604814261338,0.09755878162755958
6874,0.6496845017766526,0.9250682136531776,0.09755638101368759
6875,0.6497068659363743,0.9250782017536183,0.09755301878427632
6876,0.6497008241738218,0.9250729828846693,0.09755724428911773
6877,0.6497047697525582,0.9250752848747286,0.09755832256047955
6878,0.6497046263573543,0.9250720605514235,0.09755516301941404
6879,0.649709107163326,0.9250694588030594,0.09755864464216431
6880,0.6497093968230158,0.9250683443170541,0.09755938719515586
6881,0.6497170127920752,0.9250617496343467,0.09756102167561816
6882,0.6497176294947498,0.9250767068051492,0.09756751053971115
6883,0.649722794167477,0.925069693229426,0.0975777653850033
6884,0.64972201191104,0.925072452543053,0.09757997324144817
6885,0.6497207574171018,0.9250740550970675,0.09758931548378823
6886,0.6497362636280776,0.9250778174480992,0.09759298419366179
6887,0.6497315422798468,0.9250962026241318,0.09760237612469796
6888,0.6497459108664766,0.9250968059837968,0.09760537919502582
6889,0.6497428309168537,0.9251181387831606,0.09760528730898851
6890,0.6497509694821025,0.9251255366644029,0.09760862864134641
6891,0.6497812220717064,0.9251409396296074,0.09761554923557947
6892,0.6497639122310077,0.9251311129374846,0.09762647701095181
6893,0.6497885171586306,0.9251297179084504,0.09763459803250367
6894,0.6497699685101554,0.9251085311451838,0.09764619700253302
6895,0.649810449958698,0.9251034429401113,0.09768692163622454
6896,0.6498194429588816,0.9251013215736459,0.09770104810909226
6897,0.6498340663380284,0.925101563686123,0.09770066340023902
6898,0.6498170806049148,0.9250951842145063,0.09771108687757986
6899,0.6498458037925197,0.9250972825226405,0.09771581194760977
6900,0.6498674255898422,0.9250890314831459,0.09771716074893583
6901,0.6498658949264853,0.9250866641611484,0.09771015583932142
6902,0.6498863328545893,0.9250823330379484,0.09771020018335919
6903,0.6498759237149752,0.9250722488611279,0.09771450403340748
6904,0.6498806585629884,0.9250678562490449,0.09771596456085424
6905,0.649907417468267,0.9250946461867796,0.09771524430800173
6906,0.649910987924222,0.9250951304117336,0.09772613648254949
6907,0.6499245417222583,0.9250928975966678,0.09772598668113573
6908,0.6499278349318313,0.9250988581752687,0.0977294238805742
6909,0.6499347794639211,0.9251136078210908,0.09772835988569475
6910,0.6499409515258799,0.9251309092555595,0.09773161231013007
6911,0.6499281369450403,0.9251275196808814,0.09773294994224897
6912,0.649936356647867,0.9251293758765384,0.09773540146708443
6913,0.6499264352574674,0.9251323926748631,0.0977406680056453
6914,0.6499171454421583,0.9251312858749683,0.09775720175351181
6915,0.6499063097536635,0.9251285419335621,0.09775480112500104
6916,0.6499227450354341,0.9251307171028,0.0977572940300668
6917,0.6499311538938928,0.9251246104881019,0.09776483225511849
6918,0.6499458202416194,0.9251236036076419,0.09776377171978642
6919,0.6499475336064507,0.9251143918043497,0.09776609983856578
6920,0.6499506257988917,0.9251048302830351,0.09777247509308909
6921,0.6499713658001254,0.9251089769395859,0.0977775822502208
6922,0.6499499193897621,0.9250489714758375,0.09785688802469351
6923,0.6499592856257471,0.9250520766644317,0.09785569222414331
6924,0.6499680823732062,0.925055470082165,0.09786043873266972
6925,0.6499700693587762,0.9250544708878154,0.0978761366626492
6926,0.6499481124668743,0.9250454281789516,0.09788505032806309
6927,0.6499502883911931,0.9250418387654035,0.09788576048511032
6928,0.6499492877781101,0.9250367082867238,0.09789070708262282
6929,0.6499581190846231,0.9250406973780118,0.09789648732975906
6930,0.6499691616304913,0.9250500244729598,0.09789963936973253
6931,0.6499732293208771,0.9250488984577888,0.09793471162382386
6932,0.6499699011124355,0.9250447787026244,0.09792734050085426
6933,0.6499816537163678,0.9250380994727029,0.09792875833856055
6934,0.6499732326781242,0.9250354400785108,0.09793196814100366
6935,0.6499895585238646,0.9250466272121711,0.09793477095354004
6936,0.6499864482228412,0.9250281690180899,0.09794186718622988
6937,0.6499861251726056,0.9250239301282145,0.0979515258319752
6938,0.6499904306945588,0.9250293603651991,0.09795527796264418
6939,0.6499810421380312,0.9250352479257513,0.09795855924945056
6940,0.6499692537513363,0.9250449439539976,0.09796323276997448
6941,0.6499711730690777,0.9250483873314485,0.09796508646722075
6942,0.649964011556197,0.9250417426890237,0.0979695685240811
6943,0.6499715971457835,0.925027062218195,0.0979772402411472
6944,0.6499341342791587,0.9250147913429709,0.09799378241739934
6945,0.6499400740451685,0.9250173585038384,0.09799835346061911
6946,0.6499604519565567,0.9250379226921641,0.09800206489650061
6947,0.6500052598449736,0.9250398711211458,0.09800876281870169
6948,0.6499797332350746,0.9250319352121769,0.09801643808410229
6949,0.6499788424769101,0.9250325155135107,0.09801998484513098
6950,0.6500248400130672,0.9250346560952519,0.09805258767852995
6951,0.6500354636398051,0.925031716158031,0.09805851778685919
6952,0.6499093919969159,0.9250116438807697,0.09808213422428236
6953,0.6499113411268376,0.9250147183249223,0.09809035606351554
6954,0.6499111299295957,0.925008346539416,0.09809622790606566
6955,0.6499052533570111,0.9250056102841202,0.09809618975810988
6956,0.6499118049046936,0.9250032314329572,0.09809878330249905
6957,0.6499231720876298,0.9249972785404666,0.09810905589503952
6958,0.6499335787200323,0.9250065979493043,0.0981127289903934
6959,0.6499414243006899,0.9250063327784961,0.09810757597607905
6960,0.6499324456998904,0.9249962793461171,0.09810854248903816
6961,0.6499549012112769,0.925002159220559,0.09810966639597293
6962,0.6499661819668263,0.9250030546524184,0.09811876032811885
6963,0.6499665133241185,0.9249982623625955,0.09812329503184332
6964,0.6499819401372042,0.9249885279037974,0.09812986279298375
6965,0.6499661434948901,0.9249906953869249,0.09814530280562739
6966,0.6499624448389154,0.9250021284761174,0.09814493759635248
6967,0.6499558683975726,0.9249965522030356,0.09814966906113685
6968,0.6499361024693486,0.9249881435982783,0.09815763032071892
6969,0.6499589971981286,0.9249952225059396,0.09815563944709299
6970,0.6499491625592895,0.9249979856626218,0.09816423594485446
6971,0.6499655303228616,0.9249925861700787,0.09816811959386132
6972,0.6499546775962687,0.9249838970222924,0.09819111064779137
6973,0.6499380734330231,0.9249869868386659,0.09819904479289002
6974,0.6499426994086848,0.924993012749205,0.09820459939645172
6975,0.6499523943228086,0.9249852228763332,0.09820999863036733
6976,0.6499354930889335,0.924973993469066,0.09821350199910012
6977,0.6499517361954258,0.9249872404803084,0.09825477363113175
6978,0.6499495545801016,0.9249967443557952,0.09826091470327113
6979,0.6499445822090767,0.9250023705885945,0.0982733390023
6980,0.6499581683021016,0.9250129082459274,0.09828004226223412
6981,0.6499573990319342,0.9250122587696002,0.0982845316785335
6982,0.6499545298998312,0.9249916868951641,0.0982927065211171
6983,0.6499795935109556,0.924995272465657,0.09828968251442137
6984,0.6499735566804782,0.9250011830845405,0.09829309791381746
6985,0.6499402912636697,0.9249995075124773,0.09830535607007866
6986,0.6499267418940528,0.9250038847523395,0.09830825291820247
6987,0.6499313422808297,0.9250024013330359,0.09831007725036707
6988,0.6499168814733565,0.9249881628135542,0.0983198238657494
6989,0.6499274755202752,0.9249918098729302,0.09833165448891364
6990,0.6499191181196822,0.9249771332451567,0.09833980228133185
6991,0.6499078058592984,0.9249775521381726,0.09835663773810058
6992,0.6499250832958654,0.9249747159634417,0.09836282549086314
6993,0.6499667625968107,0.9249806803850978,0.09835903846241967
6994,0.6499555036002792,0.924980845636471,0.09837062899325216
6995,0.6499669552122447,0.9249813260183698,0.09837260892173603
6996,0.6499564629170091,0.9249708959665821,0.0983786300770992
6997,0.6499955065333168,0.9249767258813065,0.09838051361509922
6998,0.650004980607172,0.9249844965389022,0.09839211796900191
6999,0.6499990250475277,0.9249944692671223,0.09839680979870151
7000,0.6500136601837416,0.9250028624996588,0.09839131458812639
7001,0.6500232959401865,0.9250098299587197,0.09837940073583924
7002,0.6500086124547564,0.9250090959351782,0.09838165189328238
7003,0.650009516703513,0.9250052682522082,0.09838922341176147
7004,0.6500323595326883,0.9250052106063804,0.0983865340617939
7005,0.6500312367356365,0.9249995920596915,0.09839804835187216
7006,0.6500373766572097,0.9250047071661504,0.09840254177554557
7007,0.6500550014929848,0.9250112134585884,0.09840296420015852
7008,0.6500617845280589,0.9250198257452709,0.09841233955741166
7009,0.6500741561604058,0.9250159327303625,0.0984055232609089
7010,0.6500589824615478,0.9250410470960342,0.09841779670329028
7011,0.6500744282747702,0.9250323771635238,0.09842910098773329
7012,0.6500550447352105,0.9250263281946536,0.09843184004606097
7013,0.650051647076905,0.9250361164562244,0.09844120916024679
7014,0.6500606207033434,0.9250334570620324,0.09844320886307403
7015,0.650076976395469,0.9250433144985967,0.09843972998900394
7016,0.6500866168265523,0.9250362048464938,0.098439681879127
7017,0.6500812665375496,0.9250362202187146,0.09844290473816952
7018,0.6500759105044692,0.9250335416092467,0.09845144660064682
7019,0.6500902914070463,0.9250263512529847,0.09845458483391756
7020,0.6500818271456941,0.9250189072550802,0.09846127706080722
7021,0.6500704202853833,0.9250073127575698,0.09846637006128549
7022,0.6500709290747286,0.925023699544903,0.09847749833232755
7023,0.6500941354469953,0.9250352248674202,0.09847810810879165
7024,0.6500917819611441,0.9250386029129328,0.09847454002299057
7025,0.6500802181040727,0.9250315278483267,0.09848113844649622
7026,0.6500183640360802,0.9250333340842664,0.09849081175631451
7027,0.6499786378201334,0.9250394483850748,0.0985078899260151
7028,0.6499813062170217,0.9250373731352718,0.09850678388092093
7029,0.6499636562412314,0.9250223160450344,0.09852115098867784
7030,0.649959478951096,0.9250240569490359,0.09852358898041806
7031,0.6499656085843294,0.9250256787183263,0.0985270541914374
7032,0.6499574305973194,0.9250302365817825,0.09855209375482141
7033,0.6499570142443738,0.9250234881768676,0.09855532694853984
7034,0.6499510767596263,0.9250245796045418,0.09855972560125197
7035,0.6499633329395902,0.9250296332221176,0.09856078175586085
7036,0.6499558836612301,0.9250253328433592,0.09857435392325424
7037,0.6499420989803631,0.9250143762930103,0.09858355811436216
7038,0.6499399874160493,0.925016766673339,0.09858369055840274
7039,0.6499584233135975,0.925010621628089,0.09857270904886149
7040,0.6499451249117232,0.9250087731185422,0.09857981245357848
7041,0.6499443867060681,0.9249964369113799,0.09859445008217753
7042,0.6499384495606603,0.9249965099294285,0.09859500269725296
7043,0.6499401069428863,0.9249972593251907,0.09859422311707346
7044,0.6499628101156754,0.9249923671159329,0.09859824761181679
7045,0.6499809037430153,0.9250060022757497,0.09859746115606345
7046,0.6499939410116172,0.925009272715717,0.09860118886617775
7047,0.6500094387733665,0.9250174968538252,0.09859775336790155
7048,0.6500317695146177,0.9250228348574852,0.09860033848115689
7049,0.6500245671907768,0.9250169549830434,0.09861681912776617
7050,0.6500155688656158,0.9250144416249486,0.09862407125600142
7051,0.6500140628464667,0.9250186228689962,0.09863570501303692
7052,0.650017813160808,0.9250333417703767,0.09864122946658377
7053,0.6500261284014501,0.9250299137651465,0.09864543353179811
7054,0.6500417635873474,0.9250248101878532,0.09865256541965718
7055,0.650064721140416,0.9250353516882415,0.0986474322845936
7056,0.6500889351853363,0.9250391063531628,0.09864659937767653
7057,0.6501073526722965,0.9250429071347465,0.09865219245353522
7058,0.6501174626258254,0.9250378266157843,0.09865015060333784
7059,0.6500929338944972,0.9250177658676886,0.09865914397941204
7060,0.650106326741222,0.9250257056197126,0.0986581016577891
7061,0.6501127313079853,0.9250227925838781,0.09866506892193205
7062,0.6501026624410866,0.9250185460078924,0.09866968030451934
7063,0.6501082410273351,0.9250100221114792,0.09867589240274195
7064,0.6501006385876749,0.9249969557238307,0.09868368481823793
7065,0.6500966768991585,0.9249872251080876,0.0986902608432251
7066,0.6501162367844108,0.9249843581889153,0.09868943971008472
7067,0.6501095157004725,0.9249843043861427,0.09869134828913977
7068,0.6501014598962246,0.924981249157266,0.09869771988075965
7069,0.6500955243916676,0.9249814028794736,0.09868463969762549
7070,0.6500945581856533,0.9249862528151244,0.09868641726886379
7071,0.6501012120316639,0.9249967481988504,0.09868611305360386
7072,0.6501229696641413,0.9249989579555851,0.09868784502636863
7073,0.6501063489863201,0.9249867370400784,0.09869501968325815
7074,0.6500888957623695,0.92499523019205,0.0986990531466263
7075,0.6500777664844366,0.9249896808203546,0.09870542009708265
7076,0.6500631761817853,0.924980764932312,0.09871196632024143
7077,0.6500846076216774,0.9249930703950328,0.0987125280419879
7078,0.6501014009573739,0.9249996996652369,0.09870870120734916
7079,0.6501257531767108,0.9250129620487001,0.09871599346794781
7080,0.6501381582740536,0.9250156752456649,0.0987122790046285
7081,0.6501482068651735,0.9250198872341538,0.09871817845828973
7082,0.650151827511426,0.9250227272519398,0.0987211077634355
7083,0.6501557492559302,0.9250162555469986,0.098724681046172
7084,0.6502044949766395,0.9250353516882415,0.09872426303482706
7085,0.6501949878798013,0.9250380533560406,0.0987370646020073
7086,0.6501540542895118,0.9250279845514408,0.09876095333550672
7087,0.6501602830787133,0.9250283650139046,0.09875585035648471
7088,0.6501764489869583,0.9250313164802911,0.09875555443984539
7089,0.6502196004121802,0.9250372809019473,0.09876044033981048
7090,0.6502177732594789,0.925042111622322,0.09875888452235965
7091,0.6502386146607515,0.9250759458802214,0.0987645604357836
7092,0.6501605220244742,0.9250654351242746,0.0988483681543017
7093,0.6501871201624602,0.9250949613173053,0.0988642133326511
7094,0.650195916517498,0.9250915871148477,0.0988667943369567
7095,0.6502114752270393,0.925098723668337,0.09886374036771886
7096,0.6501924362857575,0.9250948882992566,0.09887983465121707
7097,0.6501863847571473,0.925088712509565,0.0988792894163686
7098,0.650203781812711,0.9251077625341456,0.0988832854721782
7099,0.6501893696743756,0.9251031124373649,0.09888178241733828
7100,0.6501715641338306,0.925092801520288,0.09889289541380207
7101,0.650159995041437,0.925107347484185,0.09891200994253395
7102,0.650163323703794,0.9251108369782982,0.09891494229040154
7103,0.6501486064537119,0.9251069977661627,0.09891845852970114
7104,0.6501596648821139,0.925105291449658,0.0989454669579195
7105,0.6501649209052927,0.9251033199623452,0.0989515529644703
7106,0.6501496295544793,0.9250825405629287,0.09896453401944665
7107,0.6501422507456284,0.9251046957761034,0.09897183293812928
7108,0.6501200928145447,0.9250943541145851,0.09898125529470567
7109,0.650117323468564,0.9251025167638103,0.09900186882002433
7110,0.6501404258054394,0.9251178159665246,0.09900362022337778
7111,0.6501518575056788,0.925125156201939,0.09900165933551057
7112,0.6501518575056788,0.925125156201939,0.09898999118175301
7113,0.650155582122194,0.9251290722751784,0.09899001343767376
7114,0.6501329350154705,0.9251311283097055,0.09901513017322562
7115,0.6501126493501732,0.9251116901365506,0.09904167983002589
7116,0.6501174338177118,0.9251092382673389,0.09904810624773419
7117,0.6501359248273997,0.9251172241360253,0.09904918641320302
7118,0.6501430153949425,0.9251088501187646,0.09905259363067379
7119,0.6501664348016608,0.9251133195919514,0.09905145244472728
7120,0.650182329080091,0.9251145570557229,0.09905150179042957
7121,0.6502027860592907,0.9251100184075426,0.09906409423507145
7122,0.6501870035426207,0.925104346058081,0.09906769041249316
7123,0.6502062247745156,0.9251062445273452,0.09905177185322991
7124,0.6502168501168611,0.9251053260371547,0.09905168286960056
7125,0.6502066181408441,0.9251108254491327,0.09905728064694003
7126,0.650221193010371,0.9251196375746851,0.09905826374015217
7127,0.6502100598561111,0.9251238918367812,0.09906938080207435
7128,0.6501963290614005,0.9251192647983316,0.09907656592516273
7129,0.6502074141531916,0.9251324810651326,0.09907132751805003
7130,0.650215245333816,0.9251183194067546,0.09905993074999199
7131,0.6502099971636837,0.9251219434077995,0.09906578574105258
7132,0.6502163631284044,0.9251390603756191,0.09907088665012122
7133,0.6502105889572823,0.9251553395574071,0.09906944394460108
7134,0.650202186882204,0.9251534718325845,0.09907368842263087
7135,0.6501872483477152,0.9251409357865522,0.0990808011800767
7136,0.6501845923458935,0.9251590826931629,0.09921523164168926
7137,0.6501788632239628,0.9251551781490892,0.09922209600568378
7138,0.6501826036364499,0.9251669340549177,0.0992067788708876
7139,0.6501886022084863,0.9251699585393528,0.0992067816672257
7140,0.6501650874818605,0.9251715265058706,0.09921410119035386
7141,0.6501892154684085,0.925189665726371,0.09922624832288553
7142,0.6501820083772689,0.9251800042856214,0.0992364151049507
7143,0.6501770190433492,0.9251831632769882,0.09923593960632236
7144,0.6501776472882554,0.9251896311388743,0.09923867758317138
7145,0.6502024368600207,0.9251997921767986,0.09923859914468407
7146,0.6502700847697771,0.9252003993795187,0.09923179293547006
7147,0.6502783830980975,0.9251929745968902,0.09923661959156788
7148,0.65030173591769,0.9251944849175802,0.0992391693128226
7149,0.6502882997557684,0.9251983164436054,0.09924460301921005
7150,0.6502813883276383,0.9251989505477118,0.09925666437348665
7151,0.6502957173503408,0.9251854383656611,0.09926506195483768
7152,0.6503017957246228,0.9251925364885984,0.09927257079661415
7153,0.650294079267531,0.9251709385184265,0.09928824905185048
7154,0.6503077062776595,0.9251726525210415,0.0992861700636072
7155,0.6503113208799499,0.9251714304294909,0.0992844023072375
7156,0.6503265815608007,0.9251870947224484,0.09928764791358492
7157,0.6503090462114504,0.9251772526581048,0.09929782366242783
7158,0.6503136758365033,0.9251793163787423,0.0992997502440143
7159,0.6503265980362852,0.9251910838137364,0.09927889029131069
7160,0.650356426499311,0.9252109331937967,0.09927947337710967
7161,0.6503356862597219,0.925200825958645,0.09928737106197263
7162,0.6503442989254323,0.9252087349662275,0.09928504709587749
7163,0.6503689778704451,0.9252197837499009,0.09928672396996303
7164,0.6503649744820973,0.9252172281181991,0.09928252509060255
7165,0.6503566315508523,0.9252193187402228,0.09928927385991405
7166,0.6503798676174578,0.9252219435469181,0.09928530395830248
7167,0.650375009858586,0.9252266090159197,0.09928929921509165
7168,0.6503694953377076,0.9252545480271565,0.09929101040596126
7169,0.6503715251736074,0.9252573419282801,0.09929212821781237
7170,0.650410939125359,0.9252613502348441,0.09928685557366376
7171,0.6504058306274321,0.9252576301574195,0.09928885379522814
7172,0.6504113721624575,0.9252629873763554,0.09929522551296249
7173,0.65038173414922,0.9252558008631486,0.09930471608932914
7174,0.6503705847031059,0.925245309322478,0.09930420128065473
7175,0.6503524755508516,0.9252504090567161,0.09930959833434773
7176,0.6503656618557822,0.9252483184346922,0.09930897790265053
7177,0.6503558096238221,0.9252366240177468,0.0993198613729179
7178,0.6503484338960126,0.9252315089112879,0.09932539308043899
7179,0.6503664223084072,0.9252291108448488,0.09932820464613257
7180,0.6503800313632002,0.9252222971079956,0.09932936573088005
7181,0.6503698418248192,0.9252190650985802,0.09933473874554966
7182,0.6503656329483058,0.9252301369405848,0.09934054702673457
7183,0.6503566509807848,0.9252406669118075,0.09934608002280093
7184,0.6503600742654163,0.9252380459481674,0.09934914662814648
7185,0.6503676550979066,0.9252406438534764,0.09935475709792055
7186,0.6503754886064635,0.9252409320826156,0.09935263714196957
7187,0.6504238948889424,0.9252436222212491,0.0993468862614895
7188,0.650424546290153,0.9252467466251193,0.09934745622199473
7189,0.6504248578609902,0.9252509509274979,0.09935317392630802
7190,0.6504703982192774,0.9252587600156456,0.0993486302209635
7191,0.6504835934976623,0.9252720569866055,0.09935031525734637
7192,0.6504904413175286,0.9252847083242935,0.09935063052300266
7193,0.6505029816160735,0.9252880940559166,0.0993448452669756
7194,0.6505110768079454,0.9252974134647541,0.09935289008174973
7195,0.650510074398661,0.9252881593878548,0.09935998112892973
7196,0.6505201918333772,0.9252905074945763,0.09936017829432497
7197,0.6505049993862388,0.9252843931937679,0.09937276616810706
7198,0.6505171891719352,0.9252875714004106,0.0993772151580157
7199,0.6505295506935191,0.9252801696761133,0.09937984756728419
7200,0.6505241399326622,0.9252771567208437,0.09938621306282078
7201,0.6505241399326622,0.9252771567208437,0.0993816551565179
7202,0.6505002369623338,0.9252682024022493,0.09938744064073772
7203,0.6505038645246815,0.9252706504284057,0.09939419621549857
7204,0.6504945705492761,0.9252671955217893,0.09939732237253837
7205,0.6505035452787113,0.9252763881098055,0.09939890323970578
7206,0.6505250077843743,0.9252835208202396,0.09940778286956464
7207,0.650542325486252,0.9253029705225599,0.09940644417836053
7208,0.6505317251086209,0.9253080087679151,0.0994075457087399
7209,0.6505362161926286,0.925312681923027,0.09940895850141486
7210,0.6505322046504618,0.9253056337598071,0.09941863741326394
7211,0.65053740116369,0.9252961298843204,0.09942410648040761
7212,0.6505603023098127,0.9252955149954899,0.09942243943827052
7213,0.6505672861080535,0.9252986317132496,0.09941589088122318
7214,0.6505767136604163,0.9253061102986508,0.0994197752939543
7215,0.6505691224015653,0.9253182850974951,0.09942493647237369
7216,0.6505710171574595,0.9253176125628367,0.09942409372244027
7217,0.6505941199396684,0.9253091578414171,0.09943868249650628
7218,0.6505887559464292,0.9252970522175662,0.09943337129012268
7219,0.6505703552246257,0.9252839973590832,0.09943986491282941
7220,0.6505822776087463,0.9252815570190371,0.09944475127178429
7221,0.650576278472264,0.9252660925649495,0.09946939595931288
7222,0.6505740282249449,0.9252694398660206,0.09947720554397213
7223,0.6505573849953008,0.9252608967543317,0.09948647353391243
7224,0.6505538286575657,0.9252679641328274,0.09949034817732107
7225,0.6505519259335668,0.9252620996306063,0.09949212966955265
7226,0.6505789996729252,0.9252624531916839,0.099497741752292
7227,0.6506274536147458,0.9252943659219879,0.09949964864779601
7228,0.6506306663658662,0.9252970253161799,0.09950463742952413
7229,0.6506276696906441,0.9252969984147935,0.09951234088783201
7230,0.6506274072828299,0.9252969984147935,0.09951374605803186
7231,0.650622282151038,0.9252997346700893,0.09952272925877671
7232,0.6506371967659053,0.9252992581312457,0.0995237482200881
7233,0.6506432409891953,0.9253122207564041,0.09952677294153994
7234,0.6506645772211088,0.925317962280859,0.09951959388652373
7235,0.6506692432316221,0.9253188000668907,0.09952215319914398
7236,0.650673941586416,0.9253248336635401,0.09952345293567273
7237,0.6506726400467583,0.9253253524759909,0.09952336926557846
7238,0.65067648724707,0.925327227886924,0.09951908173411006
7239,0.6506813504858853,0.925322915979,0.0995245267491981
7240,0.6506499094205542,0.9253218360804913,0.0995254547515256
7241,0.6506790323568492,0.9253305905602159,0.09952780475997375
7242,0.6506527752204216,0.9253334036766155,0.09952865214307803
7243,0.6506629361478965,0.9253288458131593,0.09953449006422103
7244,0.6506707578515613,0.9253284884090266,0.09953208109726265
7245,0.6506889124836669,0.9253337418654723,0.09952709101158339
7246,0.6506789075960215,0.9253305828741055,0.09952815678733047
7247,0.650641621068811,0.925325898189828,0.09954363380502519
7248,0.650667072359938,0.9253328310613921,0.0995436567985291
7249,0.6506986186314363,0.9253497827778385,0.09954558531438636
7250,0.6507133998965886,0.9253481417932721,0.09955601984836461
7251,0.6507219163651748,0.9253404479967802,0.09955892034816553
7252,0.6507648343002255,0.9253399829871021,0.09955048827595661
7253,0.6507443871231323,0.9253445639088895,0.09955463927445937
7254,0.6507361282590224,0.9253352291278312,0.09955865087816682
7255,0.6507202564780352,0.9253424925021416,0.0995513440383871
7256,0.6507364055603756,0.9253467736656241,0.09954432597798299
7257,0.6507380703105056,0.9253445216352824,0.09954818740998884
7258,0.6507346433496095,0.9253268013077979,0.09955794542330011
7259,0.6507591589782467,0.9253237806664178,0.09956176352701293
7260,0.6507712884651209,0.9253143690242558,0.09956573774492614
7261,0.6507710181146217,0.9253069711430135,0.09957932255639862
7262,0.6507250639501245,0.9252920062861008,0.09960151982963845
7263,0.6507275111422441,0.925287014157408,0.0996066742548564
7264,0.6507256473860955,0.925297913061929,0.09960574470895503
7265,0.6507123874767899,0.9252980821563573,0.09961167775331783
7266,0.6506782485379572,0.9253205140695058,0.09962597725196562
7267,0.6506810362390727,0.9253259904231526,0.09962863433040213
7268,0.650680761263958,0.9253285614270752,0.09963198988027466
7269,0.6506853492986346,0.9253216054971799,0.09963776680860506
7270,0.6506463551231216,0.9253177355406028,0.09965257875842791
7271,0.6506417367506271,0.9253136426868247,0.0996496127856152
7272,0.650669539664077,0.9253273662369109,0.09964496698826905
7273,0.6506730723112021,0.9253126780799719,0.09965127843687284
7274,0.6506738771608247,0.9253130470132701,0.09965801257206404
7275,0.6506756150858654,0.9253084929928691,0.09966723665446722
7276,0.6506898022586184,0.9253152221825081,0.09966856561816723
7277,0.6506838873856925,0.9253083584859374,0.09967516625741449
7278,0.6506865129404829,0.9253069903582894,0.09968288061218045
7279,0.650691637983514,0.9252960261218303,0.09968373925427396
7280,0.6507229358330628,0.9252863185644185,0.0996658766678538
7281,0.6507107432462413,0.9252864799727365,0.09965968234461832
7282,0.6507136877998884,0.9252868796504763,0.09966055407335722
7283,0.6507080761785793,0.9252868027893725,0.09967704591471982
7284,0.6507122718531158,0.925286714399103,0.09967904509830253
7285,0.650732474744562,0.9252876636337352,0.09968210246495567
7286,0.6507515773846545,0.9252989237854441,0.09968508242953081
7287,0.6507159311603223,0.9252874791670861,0.09969180772153098
7288,0.6507241289139907,0.9253072094124354,0.09969472164572145
7289,0.6507394346928761,0.9253074707401884,0.09969295129947994
7290,0.6507652419490254,0.9253289265173184,0.0996936700018889
7291,0.6507786858352507,0.92533006790471,0.09969232243409433
7292,0.6507665364697566,0.925321063626398,0.09969873454233476
7293,0.650742934515068,0.9253105682426721,0.09970474704464209
7294,0.6507443855663114,0.9253145688631257,0.09971167286862813
7295,0.6506824365200459,0.9252453477530298,0.09981792401951628
7296,0.650677317629108,0.9252437106115186,0.09982835791221117
7297,0.6506957623880348,0.9252475536667093,0.09984067207848604
7298,0.6506634055526065,0.9252394102327601,0.09985066340726498
7299,0.6506502305222518,0.9252396754035682,0.09985858773266916
7300,0.6506291060136693,0.9252367316232921,0.09986362826768926
7301,0.6506409034028235,0.9252560237603498,0.09987322442298795
7302,0.6506354584995317,0.9252529262578659,0.09988028252281776
7303,0.6506217566293128,0.9252485874485556,0.09988933538764848
7304,0.6506075687504883,0.9252601627307901,0.09989826437249905
7305,0.6506053034152048,0.9252588407198046,0.09990699549744361
7306,0.6506154183620614,0.9252536141647452,0.09991183731097089
7307,0.6506128015081802,0.9252581182254287,0.09990997141393
7308,0.650618382104761,0.925243456969876,0.09991568993366698
7309,0.6506005654236442,0.9252438066878983,0.09992107386746454
7310,0.650609016409448,0.9252462662432204,0.09992487968218552
7311,0.6506254670639207,0.9252472231639629,0.09992521447363698
7312,0.6506372139170897,0.9252478188375175,0.09992551684822105
7313,0.6505929948053868,0.9252508202636215,0.09994104542273707
7314,0.6505953203563651,0.9252425999685684,0.09994505879967973
7315,0.6506043973942276,0.9252452785780364,0.09994756544938145
7316,0.6506206741326296,0.925246177852951,0.09994796149664598
7317,0.6506076783829796,0.9252400289646459,0.09995916767437257
7318,0.6506044451621172,0.9252395178383054,0.09995748383469993
7319,0.6505956320342865,0.925241039688161,0.09995760495769673
7320,0.6505834325979813,0.9252328924111566,0.09994614369112884
7321,0.6506267364812891,0.9252385724467285,0.09994206525767692
7322,0.650616647865617,0.9252367546816233,0.09994069422610782
7323,0.6506166271147172,0.925243456969876,0.09995534406400877
7324,0.6505943951304018,0.9252423232685947,0.09996729438022092
7325,0.6505765827965589,0.9252548554715717,0.0999820585077277
7326,0.6505825681558974,0.9252590597739504,0.09998569532479532
7327,0.6505846955667032,0.9252489064221364,0.09999505153195669
7328,0.6505751539704141,0.925246097148792,0.09999917988164635
7329,0.6505851268546129,0.9252446367878195,0.10000541792605759
7330,0.6506010210346247,0.925229979375322,0.10000799105313264
7331,0.6505927558413821,0.9252224931038104,0.10001046860164706
7332,0.650628557600835,0.9252384955856247,0.10000170129346302
7333,0.650645995307199,0.9252447328641993,0.09999625382699281
7334,0.6506191601082371,0.9252281616102167,0.10001266900936287
7335,0.6506093642656161,0.9252156294072397,0.10002335279566131
7336,0.6506019463107424,0.9252054722123706,0.10004206293900302
7337,0.6506145644797483,0.9252036044875478,0.10003996309932923
7338,0.6506383554276689,0.9252149876170228,0.10003850150053002
7339,0.6506362913789788,0.9252060294553732,0.10004193793358764
7340,0.6506538049705965,0.9252088541009384,0.10003745663116174
7341,0.6506795483174042,0.9252117901951041,0.10004094844643906
7342,0.6506678019325508,0.9252047228166084,0.10004439369755273
7343,0.6506460957280423,0.9251986354171862,0.10005089592781755
7344,0.6506527825172973,0.9251999920156685,0.10005003353092962
7345,0.650663793373327,0.925192728641358,0.10005328504658316
7346,0.6506783882486603,0.9251852692712328,0.10007075812361663
7347,0.6506809816688853,0.9251975939492295,0.10008664327209812
7348,0.6506623914985766,0.9251884666931515,0.10010011051909898
7349,0.6506845000199868,0.9251853499753918,0.1000969575983722
7350,0.6506978391565496,0.925186180075313,0.10009667234743212
7351,0.6507249966835648,0.9251859302767256,0.1001084181012663
7352,0.6507371803615063,0.9251884128903788,0.1001130142413673
7353,0.6507592851964357,0.9251728216154699,0.10010988678183884
7354,0.650742549634904,0.9251735748542873,0.10011406974279662
7355,0.650747078068667,0.9251852039392945,0.10012771721405467
7356,0.6507535067555165,0.9251969905895645,0.1001331363427465
7357,0.650762967849192,0.9251964179743412,0.10011539579495896
7358,0.6507689648774813,0.9251907302526589,0.10011930391537632
7359,0.6507773191360364,0.9251833169991959,0.1001297198764696
7360,0.6507736773057371,0.9251892045597481,0.10013200691052963
7361,0.6507524595270974,0.9251834053894652,0.10013963780487573
7362,0.6507590529453043,0.9251808574438738,0.10014055300848405
7363,0.6507414180740067,0.925169259103308,0.10016613406807083
7364,0.6507288502948284,0.9251666342966128,0.10017480010140582
7365,0.6507628963147212,0.9251763802845765,0.10016731496836367
7366,0.6507744841250084,0.9251684904922699,0.10016155496695743
7367,0.6507819806153063,0.9251639633732552,0.10016297637357181
7368,0.6507971899732357,0.92517211833637,0.10016791284990391
7369,0.6507791752893105,0.9251765954956672,0.10017551635172692
7370,0.6507867244175852,0.9251741897431178,0.10018286548193281
7371,0.6507956309593749,0.9251859149045049,0.10018565039297037
7372,0.6507944386365592,0.9251796084509368,0.10018974608309567
7373,0.6507983724386546,0.9251849656698727,0.1001917481156674
7374,0.6508482678074555,0.9251890585236509,0.10023041845189952
7375,0.65081967650433,0.9251853000156743,0.10025093308015712
7376,0.6508196961189391,0.9251854114642748,0.10024784451825602
7377,0.6508141460253107,0.925185738123966,0.100269517659981
7378,0.6508114620165643,0.925181971929879,0.10026139507723023
7379,0.6507953183375669,0.9251782480093993,0.10026483997416401
7380,0.650776328435363,0.9251842354893864,0.10028212255544744
7381,0.6507786516346575,0.9251883245001095,0.10029718625637976
7382,0.6507662328478996,0.9251785746690905,0.10030554896951577
7383,0.6507560771586104,0.925189342909735,0.10031222472631858
7384,0.6507066181741882,0.9251869102557992,0.10033251013759607
7385,0.6506970066757181,0.9251877980015483,0.10033879799751327
7386,0.650692584285392,0.9251694166685709,0.10034837051373825
7387,0.6506946879407787,0.9251684789631044,0.10035240617591179
7388,0.6506978044423744,0.92517161489614,0.10037704669523466
7389,0.6507087187548678,0.925181264807724,0.10037961048055266
7390,0.6506818279869,0.9251815953104704,0.10041234933889058
7391,0.6506865188810289,0.9251826790520342,0.10041039733489486
7392,0.6506724174432745,0.925177859860825,0.10041062990250346
7393,0.6506461429793783,0.9251779789955359,0.10042278119516083
7394,0.6506243141840752,0.9251785054940971,0.1004324510378472
7395,0.6506406060808998,0.9251951881966801,0.1004375194230478
7396,0.6506522756726645,0.9251874213821396,0.1004408947759616
7397,0.6506367374541959,0.9251877903154379,0.10044531096854897
7398,0.6506368348375781,0.9251861109003195,0.10044421434248386
7399,0.6506660514146259,0.9251875866335127,0.10044012000354223
7400,0.6506615829362383,0.9251868372377506,0.1004359940185907
7401,0.6506379076208316,0.9251928862066209,0.10044346134877384
7402,0.6506189674224085,0.9251820795354244,0.10045166513096472
7403,0.6506102949373038,0.9251875827904575,0.10047509659457897
7404,0.6505581420829082,0.9251814339021524,0.10051614291445284
7405,0.650605818796566,0.9251772718733808,0.10052310546912081
7406,0.6506128515068099,0.9251924749997155,0.1005234721212516
7407,0.6506084470324389,0.9251991696018577,0.10052165004136283
7408,0.6506049341807979,0.9251955340716472,0.10052388100319426
7409,0.6506049341807979,0.9251955340716472,0.10052070013360935
7410,0.6506378870978414,0.9251975247742361,0.10052034702276248
7411,0.6506333538703031,0.9251979013936448,0.10052629285818429
7412,0.6506329191989598,0.9252067481066939,0.100521565057419
7413,0.6506291477971472,0.9251982587977775,0.10052689544786708
7414,0.6506450288176863,0.9252065982275415,0.10052120575355035
7415,0.6506401532162001,0.925166053995279,0.10058557396940962
7416,0.6506573944082813,0.925172037632211,0.10059072427108956
7417,0.6506315427323112,0.9251513658383399,0.10057921454003141
7418,0.6506761380252027,0.9251294104640352,0.10061107182871201
7419,0.6506658331881463,0.9251236112937523,0.10061398323476044
7420,0.650656351745565,0.925120625239869,0.10059216132715379
7421,0.6506611519104482,0.9251153371959266,0.10059068377756454
7422,0.6506428063234618,0.9251089846256964,0.10059908957597882
7423,0.6506924092970672,0.9251063867203874,0.10059566781170073
7424,0.6506899511554463,0.9250988428030479,0.1006097251739028
7425,0.6506899511554463,0.9250988428030479,0.100603779059157
7426,0.6506946174240344,0.9251004607292832,0.10059929267143265
7427,0.6506393607651844,0.9250942580382053,0.10063772165410959
7428,0.6506440556762683,0.9250973440115235,0.10063754800151029
7429,0.6506405776933686,0.9250955108741975,0.10063665477155614
7430,0.6506385786002277,0.9251000264640467,0.1006417649049016
7431,0.6506531833728043,0.9250926939147427,0.10064096103095878
7432,0.6506491436962769,0.9250959681977652,0.10064503616542711
7433,0.6506542220938445,0.9250965638713198,0.10064629555222533
7434,0.6506399377290496,0.9250970942129361,0.100645169620376
7435,0.6506276177846418,0.9250915448412407,0.10065500936713083
7436,0.6506013617922257,0.925104910987194,0.10077491852218397
7437,0.65059320105676,0.9251103911838962,0.10077978128012766
7438,0.6505966408725781,0.9251184462275759,0.10078299821382822
7439,0.6505545415529229,0.9250950497075746,0.1008110963007002
7440,0.650559454937977,0.9250703657640844,0.1008172530172042
7441,0.6505555000152955,0.9250705656029543,0.10083669564611651
7442,0.6505655847748939,0.9250793047104581,0.10082628562477812
7443,0.6505659886778579,0.9250907647010369,0.1008295536912067
7444,0.6505669844856118,0.925093869889631,0.10082213785937759
7445,0.6505809673795931,0.9250948075950977,0.10083216088869604
7446,0.6505771825799597,0.9250928168925088,0.1008397896765621
7447,0.6505772009548041,0.9250723141930661,0.10085085488249353
7448,0.6506133789779324,0.9250760304274356,0.10084851027557667
7449,0.650607506607847,0.9250657963714626,0.10085847322270598
7450,0.6506258789371787,0.9250641592299513,0.10086344933668032
7451,0.6506180690094141,0.925068724779518,0.10086485203866669
7452,0.6506124252664734,0.9250739129040255,0.10086878044984067
7453,0.6506055933036781,0.9250572955333807,0.10083904841273786
7454,0.6505994947066026,0.9250531104462779,0.10084250127666977
7455,0.6506188328449446,0.925051580910312,0.10084642672546779
7456,0.6506377874560081,0.9250422076987017,0.10086027888647174
7457,0.6506389652962064,0.9250451361067571,0.10085868497331392
7458,0.6506376674934755,0.9250381340601995,0.10086170876390742
7459,0.6506278806540001,0.925039029492059,0.10087425560673262
7460,0.6506207496148854,0.9250379380643848,0.10087911553562762
7461,0.6507671014564557,0.9250812915699917,0.1009206803620581
7462,0.6507791609080376,0.9250842968391509,0.10092220287579608
7463,0.6507993951085419,0.9250708653612593,0.10093174257479075
7464,0.650795661505498,0.9250692935516862,0.10093700986862966
7465,0.6507997201961642,0.9250694818613906,0.10094553508513962
7466,0.6508052073754655,0.9250689822642157,0.10095056075551587
7467,0.6508001424916291,0.9250616420288014,0.1009585856883674
7468,0.6507535935489416,0.9250583984902204,0.10096356339913376
7469,0.6507795636292815,0.9250600010442349,0.1009699026179588
7470,0.6507760217403042,0.9250505778729072,0.1009754690541595
7471,0.6507536488366004,0.9250503396034854,0.1009857191517956
7472,0.6507738987049191,0.9250494057410741,0.10098625945545063
7473,0.6507833011099113,0.9250489791619478,0.10099421945233167
7474,0.6507872033243968,0.9250494518577363,0.10099425013436998
7475,0.6507636416046899,0.9250476840523486,0.10100109354693414
7476,0.650776234496904,0.9250417119445822,0.10100566625504759
7477,0.6508085980277748,0.9250696663280397,0.10100849302446356
7478,0.6508108386287004,0.9250743164248205,0.10101079826334551
7479,0.650815373686828,0.9250794814909968,0.10101170347727052
7480,0.650816370709895,0.9250794545896106,0.10101269975783607
7481,0.6507909918446186,0.9250779711703069,0.10102762380702582
7482,0.6507982081959216,0.9250731904096496,0.10103173495643673
7483,0.6508128383941731,0.925070842302928,0.10102959528462782
7484,0.6507451866527875,0.9250493135077494,0.10107182913355477
7485,0.650776463436623,0.9250709114779215,0.10107142653667199
7486,0.6507853550007505,0.9250960181574827,0.1010791535190137
7487,0.6508034143760495,0.925108354364645,0.101082467031263
7488,0.650815977776706,0.9251123434559331,0.10108593337440959
7489,0.6508423075899792,0.9251308746680629,0.10107960283838775
7490,0.6508307563179965,0.9251298024556646,0.10109329799607399
7491,0.6508342729741293,0.9251393678200344,0.1011002062025153
7492,0.6508116888528508,0.9251184385414656,0.10114635051791311
7493,0.6508116888528508,0.9251184385414656,0.10113614872070535
7494,0.6507869075496893,0.9251118092712615,0.10114599409642344
7495,0.6508012148207374,0.9251101221700327,0.10116422770799402
7496,0.6507876088622755,0.9251120513837385,0.10116353086154894
7497,0.6507666903250973,0.9251085887910117,0.10117087150718476
7498,0.6507558444038468,0.9251165516013669,0.10117070492434109
7499,0.6507828230257212,0.9251206675134762,0.10117439949700423
7500,0.6508178140715304,0.9251397636547191,0.10117175520980834
7501,0.6508172298920267,0.9251323234998697,0.10118462737053519
7502,0.6508359542303112,0.9251367430133391,0.10118900671502211
7503,0.650846908397631,0.9251387068145416,0.10119618948582032
7504,0.6508306914182495,0.9251414815003893,0.10119809411765394
7505,0.6508193193925186,0.9251333419094953,0.10120756997459612
7506,0.6508080358769845,0.9251297832403886,0.10121364136463191
7507,0.6508298758219043,0.9251405399518676,0.10121764305760657
7508,0.6508367636443187,0.9251433184807705,0.10121293403043968
7509,0.6508060378717301,0.9251264167240416,0.10123357322767265
7510,0.6508427788235434,0.9251581680460276,0.10123447129022056
7511,0.6508323410304049,0.925160473879142,0.10123449612422092
7512,0.6508000654597654,0.925159063477887,0.10124416009288133
7513,0.6507987233255178,0.9251449902097785,0.10124731187669628
7514,0.6507874807215083,0.9251498593607052,0.10125194999195829
7515,0.6507502499943367,0.9251380150646072,0.10127717154784684
7516,0.6507520002967822,0.9251365777619659,0.10128440616050066
7517,0.6507341590066203,0.9251364355689239,0.1012951369580827
7518,0.6507370012424359,0.9251349982662825,0.10129523591703422
7519,0.6507514591328949,0.9251397982422158,0.10129476102430111
7520,0.6507585122211518,0.9251347561538055,0.1012968396767631
7521,0.6507822979953916,0.9251345294135492,0.10129585726731954
7522,0.6508098721986707,0.9251363702369856,0.10129611502472063
7523,0.6508118518164251,0.9251226044132923,0.10130335094360517
7524,0.6508133875949093,0.9251227043327273,0.1013051578548664
7525,0.6508214152249904,0.9251278002239103,0.10130623335469652
7526,0.650843605883573,0.9251417428281423,0.10130283877552211
7527,0.6508516775474766,0.9251479801067168,0.10130745247072137
7528,0.6508603180902487,0.9251504934648116,0.10130663822506082
7529,0.6508885822099263,0.925167402907651,0.10130661998737123
7530,0.6508788609316557,0.9251574340224862,0.10131435396718896
7531,0.6508695306396057,0.9251589597153969,0.10131587797651205
7532,0.6509096688159426,0.9251799197384072,0.10133631210670131
7533,0.6508904012087635,0.9251807536813836,0.10134140646345643
7534,0.6508699677883426,0.9251805154119618,0.10134597808529835
7535,0.6509007173177656,0.9251693936102398,0.1013372938860739
7536,0.6509087405645475,0.9251654621647796,0.10133966991608549
7537,0.6509189785472058,0.9251711383572964,0.10133745143688602
7538,0.6509498346246351,0.925172963808512,0.10135718606978489
7539,0.6509478018263889,0.9251668994674209,0.10136700202413342
7540,0.6509577367040553,0.9251747431430652,0.10137071112491608
7541,0.6510265659861408,0.9251718454794514,0.10141999478332087
7542,0.6510148671300319,0.9251988275699458,0.10143502178379543
7543,0.6510124531060236,0.9252118247826009,0.10143656404065637
7544,0.6510244563174292,0.9252095535369831,0.10143789390932745
7545,0.6510099232460203,0.9251878556473762,0.10145920760084677
7546,0.651034943446303,0.9252056797373509,0.10145584306825588
7547,0.6510372464128454,0.9252049649290853,0.10146497027439724
7548,0.6510445320561832,0.9252184425236394,0.10147344865543009
7549,0.6510740813300133,0.9252269395186661,0.10147486200107743
7550,0.6510308590645404,0.9252188960041519,0.10148420665183333
7551,0.6510103231038445,0.9252104912424497,0.10148937215906342
7552,0.6510041264434466,0.9252095343217072,0.10149574001018671
7553,0.6509841684281176,0.9251977630436579,0.10150471567278867
7554,0.6509631272208645,0.9251963680146237,0.10149906505336698
7555,0.6509448162440549,0.9251884321056547,0.10151725933136714
7556,0.6509462097897503,0.9251912144776129,0.10151700714883657
7557,0.6509193537596126,0.9251765839665017,0.10153407795378593
7558,0.6509354552680705,0.9251876173779543,0.1015309720077712
7559,0.6509111386294827,0.9251848580643274,0.10153952261459841
7560,0.6509025108546371,0.9251678371728875,0.10156138017987197
7561,0.6509123998617962,0.9251650432717639,0.10156396831313216
7562,0.6509176408121193,0.9251694051394054,0.1015684147820441
7563,0.6509211089606148,0.9251694051394054,0.10158226802823855
7564,0.6509038736706084,0.9251691668699835,0.1015859499182508
7565,0.6508946717869691,0.9251605392110802,0.10159310591423075
7566,0.6508902332592313,0.9251547092963559,0.10159558764397296
7567,0.6508838995662625,0.9251676142756864,0.10161088669365277
7568,0.6508812958076567,0.9251511775286356,0.10161697199319598
7569,0.6508902993130897,0.9251620226303839,0.1016174381708144
7570,0.650885877705175,0.9251649510384392,0.10161986599505123
7571,0.6508917661421925,0.9251493905079718,0.10162593988603996
7572,0.6508784894293903,0.9251523073868617,0.10162131240776028
7573,0.6508555229060652,0.9251596898958832,0.10161494521794733
7574,0.6508680463664627,0.9251604700360868,0.10161822470616409
7575,0.6509056478450211,0.9251541597394636,0.1015957300741553
7576,0.6509025978421761,0.9251414853434445,0.10160551126349288
7577,0.6509266952761317,0.9251401479602381,0.10160421917637927
7578,0.6509257259061833,0.9251276887753097,0.10161066953274658
7579,0.6509215629114251,0.9251286341668866,0.10161580183430143
7580,0.6509403082273015,0.9251259363421427,0.1016111942573814
7581,0.650946261943832,0.925127112317031,0.10161041281774306
7582,0.6509547314844472,0.9251427919822094,0.10161446648324897
7583,0.6509539846945863,0.9251448710750676,0.10162289048130203
7584,0.6509543273851893,0.9251522458979786,0.10162488423837573
7585,0.6509427785927251,0.9251507048328471,0.10168921047234758
7586,0.6509559124139214,0.9251526724771048,0.10168561266005112
7587,0.6509790447294068,0.9251488140496933,0.10169340549766
7588,0.6509719251375692,0.9251508854564411,0.10169842685623973
7589,0.6509831150516998,0.9251498593607052,0.10169151675803542
7590,0.6509693945208973,0.9251443945362239,0.10170123053556825
7591,0.6509419768603237,0.9251355824106715,0.10171099690359109
7592,0.6509744783106468,0.9251422577975379,0.1017106555307389
7593,0.650984562072874,0.9251385069756717,0.10170911692758006
7594,0.6509938019930902,0.9251484143719534,0.10171681614096664
7595,0.650978312503879,0.9251462776332674,0.10171943431883934
7596,0.6510121382342723,0.9251451362458757,0.10171450122087249
7597,0.6510271597301927,0.9251392602144891,0.10171442838076393
7598,0.6510515482399261,0.9251534756756397,0.10171550565555382
7599,0.6510634261961407,0.9251599358514153,0.10172455755342373
7600,0.6510675496460814,0.92515862152654,0.10172218512836012
7601,0.6510748520820802,0.9251527416520983,0.10172564256524748
7602,0.6510712884472983,0.9251566730975583,0.10172040643124923
7603,0.6510856202211366,0.9251535717520194,0.1017128590192063
7604,0.6510770812496927,0.9251517463008038,0.10172325724796938
7605,0.6511084943788092,0.9251534295589774,0.10171697419172619
7606,0.6510986131464164,0.9251470424012503,0.10172816726275691
7607,0.6511049025489707,0.9251412470740227,0.10171455171271904
7608,0.6511284028116601,0.9251294219932007,0.10170943481024941
7609,0.6511792263785999,0.9251305441653165,0.10170639049724142
7610,0.6511938981973358,0.925129548814022,0.10171292469893096
7611,0.6512120425502254,0.9251315010860589,0.10171274006859088
7612,0.6512140875617057,0.9251381841590356,0.10171353573509898
7613,0.651212063303632,0.9251327577651063,0.10172160056398988
7614,0.651204244310351,0.9251428188835957,0.10172141279252854
7615,0.6512173319036922,0.9251495250149036,0.10172009085013832
7616,0.6512398373814917,0.9251644130107125,0.10171714721923868
7617,0.6512396501074748,0.9251611656290764,0.10172585560193564
7618,0.6512352338197019,0.9251664613591292,0.10172612776894571
7619,0.6512316745676927,0.9251734710917972,0.10173269302880482
7620,0.6512393630455319,0.9251851309212459,0.10172441699977174
7621,0.6512306190608138,0.9251872369154904,0.10173418905129515
7622,0.6512169582250346,0.9251842931352143,0.1017440999845596
7623,0.65120932317299,0.9251839126727505,0.10174123542441395
7624,0.6512101831917944,0.9251872369154904,0.10173976062511395
7625,0.6512006252969946,0.9251719530849968,0.1017478313953997
7626,0.6512053894429264,0.9251664959466259,0.10175372329468305
7627,0.6511978113634505,0.9251704735087484,0.10175105482543557
7628,0.6511944756455139,0.9251696664671583,0.10176392693742893
7629,0.6511838727264118,0.9251562388323218,0.10177196408778609
7630,0.6511779018465859,0.9251451862055932,0.10178285113389482
7631,0.6511882861862284,0.9251534334020326,0.10178704883510643
7632,0.6512087678715972,0.9251500399842991,0.10178401488451343
7633,0.6512124398949201,0.9251549360366121,0.10177026521317636
7634,0.6512063662780763,0.9251519346105082,0.10177241807664004
7635,0.651205098020192,0.9251625952456073,0.10178094232145643
7636,0.6512082059222505,0.9251757730818564,0.10179172192076506
7637,0.6512164462159014,0.925172664050207,0.10179397643346558
7638,0.6512022248325335,0.9251619111817834,0.10180241449894642
7639,0.651200376790899,0.9251514849730509,0.10181334338774234
7640,0.6511939106730117,0.9251493482343648,0.10182210582788592
7641,0.6511849517477991,0.9251493059607577,0.10182799318744835
7642,0.6511675880185963,0.9251405092074261,0.10183022485226563
7643,0.6511816560886808,0.925161058023531,0.10183412922588439
7644,0.651268558065078,0.9251467849165526,0.10185046990242501
7645,0.6512716896868432,0.9251544402824925,0.10185085793234243
7646,0.6512831007010073,0.9251776484927895,0.10184798030594651
7647,0.6512988937795172,0.9251761727595963,0.10184580552641723
7648,0.6512981624505023,0.9251750582735909,0.10183967482449738
7649,0.651305145518464,0.9251771527386699,0.10183918199901691
7650,0.6513050504667887,0.9251798467203586,0.1018472683736836
7651,0.6513163116948257,0.9251825099576058,0.10185031095210087
7652,0.651316881407858,0.9251841278838411,0.10185431473243695
7653,0.6513342966250425,0.9251812455924481,0.10185910370297827
7654,0.6513379160201332,0.925191418159538,0.10185480382015269
7655,0.6513081138592698,0.925217066709881,0.10187642184644158
7656,0.6513226791242779,0.9252430419199154,0.10187149860012142
7657,0.6513382100397811,0.925249259983214,0.1018671243959434
7658,0.6513519083823469,0.9252604970765917,0.10187607436697628
7659,0.651373653777342,0.9252624916222357,0.10186945717681635
7660,0.651378123185111,0.9252721376907646,0.10186927971039478
7661,0.6513945152438531,0.9252660387621768,0.10187049218161402
7662,0.6513923757414308,0.92525673472556,0.10187161846320707
7663,0.6513726675589486,0.9252640557456984,0.10186632374910817
7664,0.6513596853267739,0.9252705120784188,0.10188828658408171
7665,0.6513404911551794,0.9252607814626759,0.10189750830760648
7666,0.6513321792691038,0.925263706027676,0.10189839559758795
7667,0.6513228037228895,0.9252732713920458,0.10189011184314173
7668,0.6513395631772317,0.925278816920686,0.10188548786315772
7669,0.6513211388117509,0.9252648166706262,0.10190593906449713
7670,0.6513141530605765,0.9252622571958691,0.10191331422463847
7671,0.6513136049116759,0.9252575456102052,0.1019176906714384
7672,0.6513076383128431,0.925254436578556,0.10192884360159266
7673,0.651317971699364,0.9252579683462763,0.1019217847028208
7674,0.6513103724127385,0.9252536372230763,0.10192454930396797
7675,0.6513038315691677,0.925256876918602,0.10192925573305434
7676,0.6512970287518837,0.9252527725356583,0.10193577606927795
7677,0.6513076579790736,0.9252670840731887,0.10193987584246933
7678,0.6513194084844487,0.9252790590331631,0.10196707323053199
7679,0.6513207730955,0.9252794587109029,0.10197358841913777
7680,0.6513251283862972,0.9252766494375585,0.1019757422340157
7681,0.6513049946785667,0.9252755964404362,0.10198160377368343
7682,0.6513006976803297,0.9252744512099894,0.10198900451978957
7683,0.6512786088334847,0.9252642171540164,0.10199723024653833
7684,0.6512730979595183,0.925277967605489,0.1020008994074714
7685,0.6512811320760429,0.9252716496227553,0.10201101289436647
7686,0.6512871831774616,0.9252719301657842,0.10201236872727654
7687,0.6512725459271249,0.9252786785706992,0.10200681149349507
7688,0.6512720526458513,0.9252860341783343,0.10200769317362568
7689,0.6512670184064427,0.9252854807783868,0.10204331993678056
7690,0.6512397432386213,0.9252921676944188,0.10204584064484315
7691,0.6512419586082858,0.9252961875301483,0.10205086676890279
7692,0.6512190299389847,0.9253136004132176,0.10216858019353303
7693,0.6512346264629993,0.9253077743415484,0.10218166036977497
7694,0.6512346264629993,0.9253077743415484,0.10217534850375934
7695,0.6512291307987583,0.9253005224964035,0.10218090344015679
7696,0.6512680695869592,0.9253213595416477,0.10216964711144459
7697,0.651311047489267,0.9253326581239085,0.10217197328608574
7698,0.6512945121380411,0.9253216592999526,0.10216776239725951
7699,0.651275589834597,0.9253172205712072,0.10219660545685498
7700,0.6512642209757956,0.925321486362469,0.10220202129187261
7701,0.6512687561743158,0.9253257752120619,0.10220688133419388
7702,0.6512812435151157,0.9253388646580416,0.1022070257701009
7703,0.6512742746316227,0.9253336957488101,0.10221694287898354
7704,0.6512686749200841,0.9253341223279362,0.10222033011963388
7705,0.6512760405119163,0.9253352521861623,0.10222080159453528
7706,0.651281159732437,0.9253405171717737,0.10222674981331074
7707,0.6512630784292476,0.9253401828259721,0.10222966820164041
7708,0.6512703629434009,0.9253487720543234,0.10223349925199458
7709,0.6513011232896911,0.9253476037655454,0.1022389939099527
7710,0.6512787684697078,0.9253562813841661,0.10224776257640263
7711,0.6512707565207861,0.9253500248903156,0.10225544634387321
7712,0.6512718449423869,0.9253505206444351,0.10225673371319458
7713,0.651271008657219,0.9253322622892239,0.10228070058398833
7714,0.6512330879579665,0.9253156257033032,0.10234763415538699
7715,0.6512419192860401,0.9253126242771992,0.10235402508511729
7716,0.6512428105445798,0.9253155795866408,0.10235383319236664
7717,0.651254287376906,0.9253194841307146,0.10234662658344074
7718,0.6512731285585159,0.925314211458993,0.10235037155460103
7719,0.6513005626011545,0.9253116404550703,0.10234727792955546
7720,0.6513062784577742,0.9253179392225279,0.10235011691235732
7721,0.651285633777825,0.9253128971341177,0.10235280863666464
7722,0.6512885434885691,0.925318746264118,0.1023561092448682
7723,0.6513087261091134,0.925324829820485,0.10235537574940892
7724,0.6512774442772875,0.9253038505821987,0.1023698883079046
7725,0.6512664393234033,0.9252868565921452,0.10237849486879344
7726,0.6512548133937226,0.9252791666387085,0.10238495977368985
7727,0.6512572007875584,0.9252801504608372,0.10238535565298756
7728,0.6512637973443633,0.9252791435803773,0.10238943837027635
7729,0.6512558723975825,0.9252766609667241,0.10238954734833615
7730,0.6512482362038569,0.9252746279905282,0.10238591915581109
7731,0.651236876459907,0.9252722107088132,0.10240132907496442
7732,0.6512401808164494,0.9252667920009943,0.1024105562783215
7733,0.651256455537902,0.9252687903896935,0.10241212772669098
7734,0.6512536230504328,0.925265739003872,0.10241709513981252
7735,0.6511981715908691,0.9252588868364668,0.10242561380923101
7736,0.6511782021538394,0.9252525919120643,0.10243110807097404
7737,0.6511731231965655,0.9252583564948506,0.10243665069539822
7738,0.6511849597058939,0.9252661502107774,0.10242158567019366
7739,0.6511932455309404,0.9252600128516377,0.10242280121152594
7740,0.6512058537448274,0.9252651548594829,0.10242534733577323
7741,0.6511920502577212,0.925262637658333,0.10242628810179458
7742,0.6511758119426717,0.925253491186979,0.10243304592254485
7743,0.6511855808232577,0.9252584487281751,0.10243258608758424
7744,0.6511979936342941,0.9252597246224984,0.10243920909267626
7745,0.6511914685993884,0.9252521883912693,0.10244406265692467
7746,0.6511743486013225,0.9252480878513808,0.10244924437543881
7747,0.6512090613111423,0.9252451402280495,0.10244865427742395
7748,0.6511953293748164,0.9252525381092918,0.10245283487493753
7749,0.6512062603978,0.9252359361108676,0.10246070579378684
7750,0.6512132327774094,0.9252370236954867,0.10245988132846057
7751,0.6512353701658302,0.9252469503070444,0.10246581088207354
7752,0.6512380142027093,0.9252462700862756,0.102467501192116
7753,0.6512319253471588,0.9252474499042191,0.10247192792481476
7754,0.651236695395042,0.925252019296841,0.10247679993139239
7755,0.6512570309515422,0.9252573227130042,0.10247633372552976
7756,0.6512255958325472,0.9252467850556712,0.10248798190080333
7757,0.6512652685221358,0.9252595439989044,0.10248164451797422
7758,0.6512449978695365,0.9252568653894365,0.10248715318560958
7759,0.6512487276820996,0.9252617422264736,0.10248986869623411
7760,0.6512613509944398,0.9252733405670392,0.10249298046925115
7761,0.6512579521772596,0.9252736633836752,0.10250021843843544
7762,0.6512720471922867,0.9252745280710932,0.10250438081360631
7763,0.6513140188488752,0.925281153498242,0.10250000638414586
7764,0.6513317536326747,0.9252834554883014,0.10250063721009028
7765,0.6513370729897899,0.9252751813904756,0.10250683549884136
7766,0.6513413033690908,0.9252684829452782,0.10251096683545213
7767,0.6513394053395618,0.9252631641568941,0.10252281800702044
7768,0.6513275528708368,0.9252605162918677,0.1025210553079362
7769,0.6513371032990583,0.925255808549259,0.1025234603963926
7770,0.6513593454434132,0.9252572074213484,0.10252469419943104
7771,0.6513648341892271,0.9252599052460924,0.10252602788484887
7772,0.6513578593547974,0.9252664999287997,0.10253778100111692
7773,0.6513547580441295,0.9252647282803568,0.10253975594164214
7774,0.6513696684658248,0.9252532606036675,0.10254859053665141
7775,0.6513998188256087,0.925259655447505,0.10254517805092808
7776,0.6514116957865299,0.9252644784817694,0.10254839874134557
7777,0.6513823476595916,0.9252605508793644,0.10255517479709773
7778,0.6513763095144298,0.9252549592340619,0.10255600281259072
7779,0.6513943537905652,0.9252732483337147,0.10257617142914353
7780,0.6513978196839427,0.9252767224556071,0.10258361032432906
7781,0.6514263206936761,0.9252800466983471,0.10259582631790057
7782,0.651409608469874,0.925270996303373,0.10260327188037295
7783,0.651410228573817,0.9252674299481559,0.10258877653741044
7784,0.651428507697267,0.9252722837268618,0.1025962450271155
7785,0.6514546061145763,0.9252869795699112,0.1025975102510294
7786,0.6514600327175313,0.9252811688704629,0.1026002123860896
7787,0.6514721576523624,0.9252916565680784,0.10260457683953224
7788,0.6514590246476456,0.925294830931666,0.10259934415291008
7789,0.6514753707415142,0.9252922483985777,0.1026065144980432
7790,0.6514691038442888,0.9252799813664089,0.10260974816521098
7791,0.6514313694152585,0.9252611119654223,0.10255626376636372
7792,0.6514417975896473,0.925255324324305,0.10255906554989286
7793,0.65142775146102,0.9252589867559018,0.10256600194971627
7794,0.6513984637495642,0.9252508971247253,0.10256998075407084
7795,0.6514044679254599,0.9252613656070648,0.10256730841221899
7796,0.6513973438472828,0.9252660464482872,0.10257311170558985
7797,0.651406766683541,0.9252546517896466,0.10257602381503747
7798,0.651416844174764,0.9252642824859546,0.10257063820397404
7799,0.6514193809031515,0.925265135644207,0.1025711190638542
7800,0.6514088233693189,0.9252673646162176,0.10257318564519578
7801,0.6513852589726026,0.9252623455861385,0.10257723191938818
7802,0.6513986493830558,0.9252656275552714,0.10257926123209485
7803,0.6513797179548575,0.9252561159936743,0.10257698775632364
7804,0.651370908032204,0.9252576493726954,0.10257740926442584
7805,0.6513662141402264,0.9252580721087664,0.10258964206956644
7806,0.6513689816329749,0.9252571997352381,0.10260147873309779
7807,0.6513562210564818,0.925249198494331,0.10260867984283545
7808,0.6513460578684959,0.9252405938937589,0.10261463089120977
7809,0.6513338947129288,0.9252267012492442,0.10262697189829324
7810,0.6513791574018519,0.9252402979785092,0.10262373296556425
7811,0.6513892821966655,0.9252450595238905,0.10262825207471409
7812,0.6513960280993052,0.92526751449537,0.10262975169975977
7813,0.6514197957306712,0.9252674261051007,0.10262879397506973
7814,0.6514322593658116,0.9252737863614414,0.10262882592207767
7815,0.6514474724437219,0.9252744704252653,0.10263070140508847
7816,0.6514359003855058,0.9252685252188853,0.10268648906748448
7817,0.6514496733145771,0.9252632487041084,0.10269324383074711
7818,0.6514522664758813,0.9252778177263364,0.10270134879575248
7819,0.651426910078504,0.925265477676119,0.10271265405069337
7820,0.651426910078504,0.925265477676119,0.10270496654745305
7821,0.6514144163174721,0.9252541983091341,0.1027134418771821
7822,0.6513960270923808,0.9252470617556449,0.1027241305629174
7823,0.6513939962128069,0.9252358938372606,0.10273035816000756
7824,0.6513831196904796,0.9252370160093762,0.10275143605947049
7825,0.6513935785506811,0.9252383034328652,0.10275537456439128
7826,0.6513902541106102,0.9252393602730427,0.102757192067907
7827,0.6513485202306059,0.9252230465037579,0.10277310518893576
7828,0.6513218476340471,0.9252084582662538,0.10279136472332012
7829,0.6513070907847798,0.9252056797373509,0.10280271735713109
7830,0.6513289275716018,0.9252157908155577,0.10280245719563504
7831,0.6513308058538576,0.9252132428699662,0.10281370471805117
7832,0.6513216836081595,0.9252111753062736,0.10281626546355657
7833,0.6513251532700046,0.9252065021511616,0.10282748881693651
7834,0.6513227798790685,0.9251950805911348,0.10283935568399273
7835,0.6513164701296947,0.9251993310101757,0.10284279079491884
7836,0.6513319094910331,0.9252226083954661,0.10285038294420784
7837,0.6513619564431193,0.9252242071064255,0.10284611821652424
7838,0.6513719181985568,0.9252299332586597,0.10284548857285779
7839,0.6513788333917103,0.9252178545361952,0.1028508282980597
7840,0.6513969051246955,0.9252256559382324,0.1028541636864609
7841,0.6514035175360141,0.9252377039162554,0.10285575800813866
7842,0.6514042388639596,0.9252377461898625,0.10285813612782775
7843,0.6514020330785674,0.9252398637132726,0.10285888861868
7844,0.6514154602859163,0.9252433954809929,0.10285980322338728
7845,0.6514186637187999,0.9252338493318991,0.1028730620641332
7846,0.6514287610324296,0.9252333804791658,0.10287733754673975
7847,0.6514087330714669,0.9252361128914064,0.10288402384791216
7848,0.651394504670128,0.9252379844592843,0.10288865725902713
7849,0.6514061173301011,0.9252307479863602,0.10289742104070196
7850,0.6514114282387696,0.9252386608369979,0.10289999650010868
7851,0.6514327460833343,0.9252394332910913,0.10290832737996164
7852,0.6514329115532828,0.9252410627464921,0.10290907847268682
7853,0.6514340226212533,0.9252398444979967,0.10291219896258776
7854,0.651445061228571,0.9252455475918997,0.10291489939042393
7855,0.6514279713279935,0.9252190228249731,0.10296241729544578
7856,0.6514227977616601,0.9252184694250257,0.10296531945828646
7857,0.6513902927381751,0.9252087772398346,0.10296956042027407
7858,0.6514024632457994,0.9252145533517863,0.10297085103617964
7859,0.6513914698129454,0.9252130545602619,0.10297777876154202
7860,0.6514016823221525,0.9252139154046246,0.10296981688509811
7861,0.6514041037276787,0.9252050763776859,0.10297493007570256
7862,0.6513919706466413,0.9252110100549005,0.10298763247407319
7863,0.6513812402864709,0.9252084083065363,0.10299124123525528
7864,0.6513861047696645,0.9252095996536455,0.10299144165611948
7865,0.6513782158743913,0.9252056374637437,0.10299784834975181
7866,0.6513828484529267,0.9252129584838822,0.10304569077035698
7867,0.6514043275388368,0.9252137924268585,0.1030397485390939
7868,0.6513984255811779,0.9252030741459315,0.10304572359989315
7869,0.651411614920683,0.9251950959633555,0.10303800814452437
7870,0.6514185622684486,0.9252097764341842,0.10304760246413314
7871,0.6514353912507292,0.9252185232277983,0.10304067357765159
7872,0.651476785094643,0.9252172896070822,0.10303330906286465
7873,0.6514700910498488,0.9252036659764309,0.10304757580494801
7874,0.6514928297990764,0.925208058588514,0.10304946635168254
7875,0.6515054332660433,0.9251961297452018,0.10308616171636763
7876,0.6514947848713473,0.925183843497757,0.10309296333169087
7877,0.6515027397800781,0.9251856920073037,0.10309865743250723
7878,0.6515314110519215,0.9251808151702666,0.10310263574027242
7879,0.6515326924723426,0.9251751159194188,0.10309453876060277
7880,0.6515195843161103,0.9251679332492673,0.10310858448557608
7881,0.6515402760710041,0.9251715610933673,0.10311492559361703
7882,0.6515590240802711,0.9251722720585777,0.10311063780543042
7883,0.6515464818050932,0.9251759921360023,0.10311487442882576
7884,0.6515881398315253,0.925181749032678,0.10311401333423596
7885,0.6515845419736357,0.9251781519330194,0.1031226731079471
7886,0.6515756487352852,0.9251750198430391,0.10313109367455271
7887,0.651576886182113,0.9251782749107856,0.10313525993028212
7888,0.651574550546878,0.9251852193115153,0.10313473987651038
7889,0.6516165511640483,0.9252209405095133,0.10313823563734596
7890,0.6516107661292031,0.9252227774898946,0.10313979874908048
7891,0.6516038683886762,0.9252373503551778,0.10314684541295535
7892,0.651601017845125,0.925235863092819,0.10314939961424813
7893,0.6516038055659003,0.9252425692241268,0.10315955830228227
7894,0.651605990869515,0.9252288187726544,0.10316088036480793
7895,0.651578907641236,0.925224702860545,0.10316484636465685
7896,0.6516057850840254,0.9252328462944943,0.1031635377275663
7897,0.6516084527914039,0.9252314051487978,0.10317820041380504
7898,0.6515822871729455,0.9252239534647829,0.10318632390717887
7899,0.6515989163958088,0.9252301638419711,0.1031728554255694
7900,0.6515791082608022,0.9252223086371613,0.10317858593900281
7901,0.6515512604663967,0.9252235461009327,0.10319359895920893
7902,0.6515512933703782,0.9252200181762675,0.10319560840319816
7903,0.6515673539267592,0.9252187345958338,0.10318971881927484
7904,0.6515792897230384,0.9252128316630609,0.1031964540244937
7905,0.6515540461596309,0.9252200835082058,0.10320988811450355
7906,0.6515480461790095,0.9252276158963797,0.10320739943981554
7907,0.6515502272767539,0.9252315204404534,0.1032080875209808
7908,0.6515586139035298,0.9252278118921944,0.1032108873675353
7909,0.6515751625011761,0.9252361743802895,0.10321763275442794
7910,0.651559192894407,0.9252252946910444,0.10322917176958989
7911,0.651533837229609,0.9252053338623837,0.10323620791365291
7912,0.6515256648749456,0.9251946885995053,0.10324130570856194
7913,0.6515205506244872,0.9252010181114044,0.1032405351739945
7914,0.651499783100686,0.9251999497420614,0.10324482944462932
7915,0.6514798840886228,0.9251926978969165,0.10325404389240875
7916,0.6514969306977652,0.9251910376970741,0.10326242068511535
7917,0.651481521782276,0.9251807267799973,0.10327413837133964
7918,0.6514630904737284,0.9251673452618231,0.10328522056622381
7919,0.6514409385366583,0.9251657849814157,0.10329139864159269
7920,0.6514347784491046,0.9251596284070001,0.10329245778319797
7921,0.6514762412395012,0.9251575915877489,0.10329000890257323
7922,0.6514861605236041,0.9251459586596865,0.10329696185807591
7923,0.6514819103941646,0.9251472038095684,0.10331477677633859
7924,0.6515140918995476,0.9251285073460653,0.1033422249968359
7925,0.6515178652828157,0.9251232154590676,0.10334698905038087
7926,0.6515171995961504,0.925126728011512,0.10334875132757433
7927,0.6515468669113421,0.925135935971749,0.10334576051768324
7928,0.6515201779965791,0.9251345678441012,0.10335458803555032
7929,0.6515382092508597,0.9251301598597974,0.1033554829668725
7930,0.6515304895719789,0.9251263744504344,0.10335541302964962
7931,0.6515452638570202,0.9251318700193573,0.10334985889143604
7932,0.6515488411644664,0.9251193224441594,0.10336079447266854
7933,0.6515469807685077,0.9251174124457296,0.10336333407637255
7934,0.6515450213551277,0.9251206406120899,0.10340913969286929
7935,0.6515423766599951,0.9251228926424316,0.10341415850382628
7936,0.6515242274879975,0.9251163056458347,0.10342411606182075
7937,0.6514946679913639,0.9251121705184494,0.10344446285151812
7938,0.6514788572775673,0.9251048494983111,0.10345080239995039
7939,0.6514817536370154,0.9250946615590003,0.10344145085810336
7940,0.651489041305162,0.9251003454376275,0.1034452299465427
7941,0.6514744081023214,0.9250935355438294,0.10345594216568503
7942,0.6514633825845966,0.9250819295171534,0.1034695369816117
7943,0.6514911363831717,0.9251040885733833,0.10346936210666147
7944,0.6515075168855672,0.9251131120669712,0.1034747672338479
7945,0.6514938309185871,0.9250987428836129,0.10348362566702649
7946,0.6514931120764891,0.9251013177305908,0.10348661235930698
7947,0.6514647016882366,0.9251101106408672,0.10349374921404605
7948,0.6514647016882366,0.9251101106408672,0.10350066169008755
7949,0.6514862810985672,0.9251084811854663,0.10349961087497846
7950,0.6514756119007008,0.9251119476212484,0.10350836130106972
7951,0.6514616379671293,0.9251018480722071,0.10351424902779525
7952,0.6514616379671293,0.9251018480722071,0.10351032978250552
7953,0.6514590254584216,0.925097636083718,0.1035164312379048
7954,0.6514729347202006,0.9250977321600978,0.10351913594881204
7955,0.6514531104243514,0.9250820755532506,0.10352280941703589
7956,0.6514688033557464,0.9250838126141969,0.1035216637894427
7957,0.65146441676601,0.9250816874046763,0.10352396238479264
7958,0.6515044210710872,0.9250819910060365,0.10351805099539697
7959,0.6515094634309372,0.925080430725629,0.10352400029201742
7960,0.6515217704099887,0.9250794353743346,0.1035322476209438
7961,0.6515253676873379,0.9250775753356223,0.10353593648700178
7962,0.6515309903939354,0.9250695664086047,0.10353995491126898
7963,0.6515169585568833,0.9250633099147542,0.10354035267119081
7964,0.651516280793186,0.9250507815548323,0.10354883927110148
7965,0.6515202845881166,0.9250529221365736,0.10354067386193139
7966,0.6515431198923808,0.925049567149392,0.1035429671287032
7967,0.6515502226329074,0.9250643859702076,0.1035332961744706
7968,0.6515460849221834,0.9250523110907982,0.10354672516704923
7969,0.6515628164303925,0.9250515271075394,0.10354643236087588
7970,0.6515539707760217,0.9250465580371777,0.10353734283262682
7971,0.651579085972556,0.925055347104399,0.10353419513755459
7972,0.6515761326125894,0.9250509929228679,0.1035328893187132
7973,0.6515535995577509,0.9250413430112838,0.10354072480945334
7974,0.651588938138181,0.9250440831096348,0.10354310358835926
7975,0.6515756289607566,0.9250249485378401,0.10355721067493988
7976,0.6515272872180471,0.9250112096155332,0.10358244876324149
7977,0.6515106421335605,0.9249860606623649,0.10359837683273657
7978,0.6515052487779214,0.9249865910039812,0.10361059207193049
7979,0.6515395253863782,0.924983704869533,0.10361584159925183
7980,0.6515360072329748,0.9249731825844206,0.10362094100226334
7981,0.6515641866852508,0.9249744238912473,0.10362615412615647
7982,0.651584146738056,0.9249943731907424,0.10362709303772884
7983,0.6515712462000378,0.9250054066021951,0.10363054719677689
7984,0.6515753532957178,0.9250022245524971,0.10363189983573756
7985,0.6515870233230703,0.9250062482312819,0.10363420354159235
7986,0.6515723810323243,0.9249811991975485,0.1036234729658881
7987,0.6516102253494221,0.9249979664473458,0.1036176492418052
7988,0.6516066464646649,0.9249874480052888,0.10363769592171963
7989,0.6516134360539283,0.9249899075606108,0.10363157013546287
7990,0.6515855209702377,0.9249933086644546,0.10363751659845138
7991,0.6515715363195629,0.9249815835030676,0.10364063787510194
7992,0.6515750365686865,0.9249873173414123,0.10363890225994986
7993,0.6515759525555518,0.9249909913021745,0.10362920900828414
7994,0.6515551931535903,0.9249803690976274,0.10364047059298748
7995,0.6515752342392678,0.9249903264536266,0.1036329327102655
7996,0.6515989060440043,0.9249871636192046,0.10364296489643844
7997,0.6515880775745003,0.9249798425990662,0.10365190383057095
7998,0.6515389618793702,0.92496128448555,0.10367409886471214
7999,0.6515365556009407,0.9249534331237954,0.10368247909760642
8000,0.6515376420602137,0.9249563192582436,0.10368420473082066
8001,0.6515829655276396,0.924963720982541,0.10367916834596333
8002,0.6515658335776204,0.924957091712337,0.1036819555102504
8003,0.651574630598803,0.9249554814722121,0.10369898500285349
8004,0.651586027051236,0.9249591400607536,0.10369765359551589
8005,0.6515884512329315,0.924967145144716,0.10369876663401131
8006,0.6515744341350813,0.9249669606780668,0.10369757385379506
8007,0.6515627073523095,0.9249547589778362,0.10370611175326144
8008,0.6515647556588091,0.9249493517991828,0.1037103652675153
8009,0.6515729419840098,0.9249631483673176,0.10370688554134092
8010,0.6515279256853288,0.9249591016302017,0.10372316131242702
8011,0.6515180050968297,0.924968716954289,0.1037444274586088
8012,0.651521513750102,0.9249691550625807,0.10374027472940431
8013,0.6515092067378465,0.9249614804813648,0.10374410381709358
8014,0.6515227285077184,0.92497377441492,0.10374756211371733
8015,0.6515249923278793,0.924978951010262,0.1037517788120918
8016,0.6514971254128745,0.9249771716757087,0.1037647898544295
8017,0.6514989876028777,0.9249768334868519,0.10377054251432971
8018,0.6514983363628526,0.9249604582286841,0.10380904475432769
8019,0.6515103549314496,0.9249701042972128,0.10381404172754895
8020,0.6515270366659487,0.9249845618708404,0.10381836344441066
8021,0.6515533115231723,0.924983082294592,0.1038304131861782
8022,0.6515617368301501,0.9250068323756708,0.10383684073760226
8023,0.6515689308779213,0.9250026972482857,0.10384500320272103
8024,0.651582863836604,0.9249989656416954,0.10385219065604757
8025,0.6515797355397694,0.9250173854052247,0.10384721536792577
8026,0.65156886668342,0.9250225158839044,0.1038501093044533
8027,0.6515736552213991,0.925021762645087,0.10385213370491495
8028,0.651568330949335,0.925015317841532,0.1038566313319453
8029,0.6515753497649142,0.9250157751650998,0.10385685910488308
8030,0.6515722335847017,0.9250147682846398,0.10386413883613879
8031,0.6515623054267865,0.9250140188888776,0.10387158114697734
8032,0.6515412921528331,0.9250282381930833,0.10388201425442393
8033,0.6515440659272673,0.9250332034203899,0.10387852347583298
8034,0.6515535373553518,0.9250358551284714,0.10388363266544565
8035,0.6515559344324859,0.9250405705571905,0.10388459794880327
8036,0.6515645279228124,0.9250508507298257,0.10388020176810049
8037,0.6515636870340064,0.9250527530421452,0.10388535640499828
8038,0.6515717697086563,0.9250458855025193,0.10388997403970417
8039,0.6515678811365917,0.9250440754235245,0.10389052048882479
8040,0.6515783531099895,0.9250422269139777,0.10389318925590398
8041,0.6515548842294233,0.9250349750688328,0.10389886859804197
8042,0.6515501242512279,0.9250291797416051,0.1038961302363839
8043,0.6515336793978237,0.9250291797416051,0.10389828630737691
8044,0.6515586589367802,0.9250468539524274,0.1039032837055344
8045,0.6515622646870732,0.9250506662631767,0.10390418967334412
8046,0.6515670620543599,0.925049382682743,0.1039098146547645
8047,0.6515629351037238,0.925049002220279,0.10391723711752039
8048,0.6515437286367618,0.9250540404656341,0.10392289387684614
8049,0.6515326258480216,0.9250588058540706,0.10392226760229584
8050,0.6514905576379431,0.9250356552896015,0.1039387554951806
8051,0.651517828590434,0.9250390371781694,0.10392287054301418
8052,0.6515162664558766,0.9250489061438992,0.10392729250267072
8053,0.651546444311278,0.9250545784933608,0.10393177566331704
8054,0.6515732218889867,0.9250543248517182,0.10392966397039047
8055,0.6515724694810282,0.9250548321350034,0.10392656456184766
8056,0.651565696981595,0.925057099537566,0.1039324986745865
8057,0.6515811347224401,0.9250601509233874,0.10393913996707632
8058,0.651573685508775,0.9250518652963962,0.10395290589976078
8059,0.6515554359421281,0.9250370234172495,0.10396196569834393
8060,0.6515353082928806,0.9250325270426762,0.10397547824459663
8061,0.6515359202908019,0.9250577182694516,0.10398170636549611
8062,0.6514994141859826,0.925055208754412,0.10399222335963537
8063,0.6515105965726485,0.9250517077311333,0.10399725324145341
8064,0.651507436748195,0.9250640247230196,0.10400719408603878
8065,0.6514966666329924,0.9250575799194648,0.10401543266051357
8066,0.6515008265790492,0.9250645896521327,0.10401405348337849
8067,0.651505827747449,0.9250658617034009,0.10401583638415518
8068,0.6515100330751504,0.9250549358974935,0.10400882077046109
8069,0.6515136084861032,0.9250627449856411,0.10401233658167958
8070,0.6515148276327634,0.9250476110343,0.1040265059653788
8071,0.6515148276327634,0.9250476110343,0.10402545333406335
8072,0.6514908919888969,0.9250459085608504,0.10403261188847747
8073,0.6514541879585807,0.9250264857599164,0.10404805774676831
8074,0.6514423029993595,0.9250254135475182,0.10405228578128672
8075,0.6514385904774468,0.9250411623876899,0.10404897240883987
8076,0.6514397008846934,0.9250245988198177,0.1040550389336589
8077,0.651432334685408,0.9250181232718213,0.10405857842989348
8078,0.6514384791498439,0.9250128544431548,0.104081017910346
8079,0.6514554237780612,0.9250133348250537,0.10408101935412564
8080,0.6514636779992782,0.9250167474580631,0.10409006019536649
8081,0.6514559800833757,0.925006432697931,0.10414602957976063
8082,0.6514565522673924,0.9250093687920968,0.10414688216972892
8083,0.6514532723813605,0.9250083042658089,0.1041489458027292
8084,0.6514563939050024,0.9250019171080819,0.10414330025477254
8085,0.6514508714775579,0.9249915293299013,0.10414353893634053
8086,0.6514442696667283,0.9249917406979368,0.10415048714819564
8087,0.6514424140553404,0.924984369718081,0.10415331225538516
8088,0.651429173823688,0.9249865525734293,0.10416026798985557
8089,0.6514020817753656,0.9249687476987305,0.10416944189982448
