iteration,validation_average_precision,validation_auc,validation_binary_logloss
1,0.30106283506855386,0.8397487855542076,0.14013545229649896
2,0.3495018819390795,0.8549009183895026,0.13851866745114552
3,0.37133579737168765,0.8602695242979432,0.1387835752219372
4,0.3848704763918719,0.8642938909895412,0.1404278524535804
5,0.38530812557313937,0.8653984215603882,0.14265941410653113
6,0.39618065421927895,0.8682170143136666,0.14517078616480497
7,0.4002200000476434,0.8698971288680706,0.14829789411413294
8,0.4050680061094619,0.8723494765401426,0.15120400405410897
9,0.41032649518344416,0.8745124075688542,0.15425012891310286
10,0.41676188801486796,0.8763801689005847,0.1576313920721534
11,0.4179354537309535,0.8778448590747434,0.16081331881521485
12,0.41854450409486516,0.8786329832256252,0.16432606039862555
13,0.4207340809282215,0.8799952463713123,0.1676789886134322
14,0.4234348117221348,0.8816308179945279,0.1708230484935819
15,0.42373060140319113,0.8823299734962161,0.1739575561786565
16,0.42414513428907624,0.8830211623444939,0.17708601364849924
17,0.426545676861358,0.8843320130978393,0.18057639640280532
18,0.42751800799668416,0.8852310170770846,0.18368892421660798
19,0.4290029259004587,0.885740736859255,0.18737702696905367
20,0.4305869754938023,0.8859961789732016,0.19059433296247583
21,0.43270023080043446,0.8867462318978362,0.19371412604085203
22,0.43438757737869504,0.8875057425812951,0.19672548908351048
23,0.4350414693473749,0.888002476679976,0.19965891781690315
24,0.43605713751867203,0.8885615086248265,0.2029697044377157
25,0.43687591758060823,0.8890057389034913,0.20587991373043968
26,0.4365138969347606,0.8890642820847396,0.2087827592777728
27,0.4386707965202331,0.889459286669466,0.21195236189705
28,0.438291655687971,0.889789608792277,0.21479126917719976
29,0.4380292442002187,0.8900850532677042,0.21740493237397476
30,0.4378669062513148,0.8902501605263369,0.22029199268812402
31,0.4372040828348764,0.8903485043086682,0.22315007561020658
32,0.438397236340484,0.8908912762870067,0.2256461641360449
33,0.43953956538452366,0.8917565939659775,0.22802142873286685
34,0.44043309395137825,0.8922122073741173,0.23042083794963017
35,0.44095284838231924,0.8925977311416882,0.23289742309816605
36,0.4419774516943383,0.8929452317212017,0.235336231824896
37,0.44236098407044977,0.8932244143085891,0.23740124157593856
38,0.4434553131846033,0.8935640020374649,0.23956578087938396
39,0.4425710359248216,0.8937700724213758,0.2418749035100351
40,0.44321209693134633,0.8942119065551292,0.24381590035525225
41,0.4441254677814428,0.8945484621134595,0.24606811798623132
42,0.4444975444109536,0.8947355285894522,0.24877043054361447
43,0.44544509416501865,0.8950902387405035,0.250770878587853
44,0.4452926312585974,0.8952008130459795,0.2529789919290592
45,0.44588109202858917,0.8954874184944679,0.2550081612257955
46,0.4460041169362078,0.8955312965771084,0.25713910270162216
47,0.44629645690516745,0.895754526202446,0.258718686500101
48,0.4468091065216605,0.8961231616639811,0.26057317238975236
49,0.44710453367475883,0.8962650530262065,0.26233122037001
50,0.44987506808334843,0.8966237330532699,0.2639982777511033
51,0.44982552497507255,0.8968564050652114,0.265578167318921
52,0.4504210846198107,0.8969985001093618,0.26724437086189085
53,0.4506225885008774,0.897050694563435,0.268613788477607
54,0.4505440331620789,0.8971789411582056,0.2704547609968329
55,0.4513683991682878,0.8972281687736716,0.27212545662267595
56,0.4521074194404418,0.8973759188735353,0.27341481321730265
57,0.4505974112532161,0.897469825848649,0.27466334220457544
58,0.4517110168189142,0.8977308922738673,0.27566532522014214
59,0.4527685007593614,0.8980128918207095,0.2769654568056639
60,0.45335483702563373,0.8981797976291716,0.27798206589363234
61,0.4535362342153124,0.8986489635714415,0.2790993953114314
62,0.45393664093171815,0.8987691051628149,0.2804964408125324
63,0.4550058469773797,0.8990726219756703,0.2817304827334761
64,0.4557397326904083,0.8993974888816378,0.2824658298271391
65,0.4564566662149312,0.8994467799075144,0.2834667344864099
66,0.45711864098103133,0.8996766849197184,0.28448545911859974
67,0.45745142742792944,0.8998464730195735,0.2852453785391329
68,0.4581785533685578,0.899995919828304,0.28664126183384087
69,0.4587930965519858,0.9001801904816454,0.28725638318859215
70,0.4592057889952221,0.9002345351250979,0.288449989940722
71,0.46003342094842115,0.9004856326651514,0.28921625692218556
72,0.4604945317196648,0.9007532534209974,0.28990345763447556
73,0.4613700269021445,0.9009317556484976,0.2907108944608239
74,0.4616010606096951,0.9009712833926621,0.29196457968078493
75,0.46237718595200866,0.9010082727988731,0.2931370524176606
76,0.46273010927333047,0.901202466220717,0.2937244201401954
77,0.4637910653752668,0.9015277289613692,0.29419107928532545
78,0.46420656183010217,0.9016651796733217,0.2948255887131943
79,0.4648008425540107,0.9019081184072052,0.2951895105689805
80,0.4651103699665363,0.9021884750479534,0.29576205793163435
81,0.46482445226048047,0.9022144444934049,0.296203955027603
82,0.4645805172864864,0.9022987957117868,0.2966578261306497
83,0.46498183768670437,0.9025835661014217,0.29680755743805637
84,0.4654778620579285,0.9027277863550927,0.2973259353407224
85,0.4661581479819109,0.9028696412082937,0.2982040836467815
86,0.46671227026858214,0.9030984682435168,0.29853556835247774
87,0.46697438997756047,0.9032097170051787,0.2987864957239424
88,0.467652597808925,0.9031742456057681,0.29918719323364007
89,0.4683741655597596,0.9032667940608718,0.29941361483455925
90,0.46888819104968665,0.9034720401094444,0.29933465981337565
91,0.46917335948629996,0.9035593773817094,0.29969973243598197
92,0.47034028963604796,0.9035464147565511,0.3001905778075209
93,0.47041165851969147,0.9035278681722004,0.3007251671870186
94,0.4710286555686502,0.9038977852926416,0.3009951189279557
95,0.4714795161355171,0.903865296104059,0.30125723524180437
96,0.4717775734815898,0.9038745962976206,0.30179697294535324
97,0.47166675733790037,0.9039509962348128,0.30211657589644714
98,0.4719954408106881,0.904103630857824,0.3021952223637583
99,0.47225254159931246,0.9041675523948117,0.3022783132142012
100,0.47271903056983045,0.9042996766322698,0.3023277093859965
101,0.4730384864369243,0.9045467543365938,0.3023628456069552
102,0.47414915905629834,0.9046041599735056,0.30287930104764
103,0.4744965530561429,0.9047343549972581,0.30285997758555655
104,0.47477329277940866,0.9048689656914245,0.30337900391631395
105,0.4752921127697799,0.9049135105441406,0.30357360858919485
106,0.4760500526877627,0.9049889132085107,0.3035344699636835
107,0.47734572842140277,0.9051837695573751,0.3033594775122694
108,0.47818852722848926,0.9054013287547789,0.30365127987128065
109,0.47879331422642174,0.9055911103492639,0.30362788034486266
110,0.4789653776588431,0.905567934804936,0.30371742931123485
111,0.47970785522586573,0.9056748582079808,0.3037628225071075
112,0.4798823905143742,0.9056531103586563,0.30416459039302185
113,0.48072384122919753,0.9058025590889143,0.30389778523965977
114,0.48170067878638817,0.9061177203589976,0.3036166187793992
115,0.4814570311740044,0.9063004633979007,0.30358341278691214
116,0.48200532925555595,0.9065002868955991,0.30350548632254776
117,0.48258603912428216,0.90668444610034,0.3032881652308518
118,0.48282023476282615,0.9067862985920606,0.30332565764499775
119,0.483144242415342,0.9068984081980853,0.30353737868880826
120,0.48343960258759916,0.9069991846343524,0.30330307750122965
121,0.48309692294457585,0.9071626951035534,0.3031146605009329
122,0.4832973072827978,0.9072750621942758,0.30273681503227207
123,0.4841562123983353,0.9074987011049913,0.30228163588674545
124,0.4838492458817802,0.9075228854513068,0.30196779445761707
125,0.4849325247777515,0.9076708680560095,0.30195065747285005
126,0.48541297076899814,0.9077851105576651,0.30224056281215306
127,0.48579740074869027,0.9078665717985435,0.30196611195793877
128,0.4882205468492865,0.9080161166051812,0.3016483246690024
129,0.49180639672343107,0.9080919708285363,0.3014043587981876
130,0.49219449416669275,0.9082849152574433,0.3010742002197819
131,0.4928073904552537,0.9084667186693522,0.30078280977827304
132,0.4916199239017513,0.9085055738788584,0.3004917081351991
133,0.4931746293249482,0.9086432513310672,0.3002835356451718
134,0.493944544465037,0.9087929460168573,0.29989116831719564
135,0.4935804187930884,0.9090628706842904,0.2994792701291662
136,0.4959040478049341,0.9091293516960351,0.2997459117523771
137,0.4960714884440292,0.9092824859162212,0.29932990247293106
138,0.4959023173434329,0.9094323919700469,0.299269847122035
139,0.4964024098413925,0.909523679903048,0.29903474004724223
140,0.4971686858788905,0.9096854609974132,0.29859432320518103
141,0.4973337801124391,0.909701897744464,0.29846928721490257
142,0.4926935967316269,0.9097983257637828,0.29818020737894413
143,0.492690305804303,0.909823009707273,0.2978734164452496
144,0.49290436874924404,0.9099646839368801,0.297617834237004
145,0.4931015385546031,0.9101500998206684,0.29732194018601477
146,0.49307627700896334,0.910212184377275,0.2969887834838108
147,0.49343175890780383,0.9103788922683947,0.29684553563834626
148,0.4983659639396259,0.9104175918341656,0.29634525464749517
149,0.4999219686356441,0.9105246747240008,0.2961960810996682
150,0.5002404343395135,0.9107038418000489,0.2957027996233152
151,0.5006054491874252,0.9108228112595891,0.29546176454765327
152,0.500655920195384,0.911016752961318,0.295325714379357
153,0.5005854425325341,0.9110335970722191,0.29498655828815734
154,0.5017328362115645,0.9110172679307136,0.294799169768686
155,0.5018063123020194,0.9110003546448191,0.2949328243541479
156,0.5020630526968587,0.911091073805652,0.29517429815797935
157,0.5024204496843819,0.9111401227190516,0.2951646782513934
158,0.5025290235483477,0.9111314604726517,0.2950881466546289
159,0.5028506325090821,0.9111546264093415,0.2950045672328003
160,0.5029280377284548,0.9113026801105654,0.2947148209492215
161,0.5041625245972169,0.9114459299928006,0.29436794192893406
162,0.5039337361478787,0.9114476055648638,0.29420080970671647
163,0.5042340705150958,0.9116161811808062,0.2938178494727423
164,0.5059199803770422,0.9116827544258757,0.29367447051495627
165,0.5062422433703294,0.9117439781381196,0.2933253777167604
166,0.5060833137996239,0.9118325029144385,0.2929336323029948
167,0.5063013814798086,0.9118490664823107,0.2925683923237197
168,0.5064860032581713,0.9118570561940523,0.29226410354053595
169,0.5060202678159161,0.9118776357545988,0.29195810447050774
170,0.5068609192781787,0.9118716213732252,0.2917003150222302
171,0.5078681778892067,0.9120169080747117,0.2913845861341129
172,0.5081869066845673,0.91203319494261,0.2910479109229244
173,0.5084299390650798,0.9120532172601539,0.29079970596934457
174,0.5089749963603413,0.9121289600349085,0.28753549329653116
175,0.509169190156994,0.912257102867189,0.28719979401590656
176,0.5099170146454564,0.9122637897832209,0.28668435571759976
177,0.5100165172000684,0.912292401329116,0.2864860484100437
178,0.5101342672766835,0.9123255592093018,0.28624840878233165
179,0.5102639656532364,0.9123292523853401,0.2860318419303666
180,0.5107291623084864,0.9124378878694723,0.28560280867413146
181,0.5109812219814469,0.9123788124250801,0.28578518413715276
182,0.5113685153861077,0.9124202251878156,0.285404238378524
183,0.511306692418849,0.9125306246342805,0.28488988109644
184,0.511206616420979,0.9124781669309266,0.2846533649327337
185,0.51218612743901,0.9124961216847779,0.2842525821416672
186,0.5122970513761074,0.9125342678506013,0.28393724443923607
187,0.5130398396464425,0.9126311820164017,0.2836022346931061
188,0.5135303669805528,0.9126834091364441,0.28320038568435063
189,0.5141123492305519,0.9128051571248871,0.2828052766054456
190,0.5151219577958949,0.9129720379534904,0.2822907612364504
191,0.5150997780629816,0.9130364168140459,0.2820946542151031
192,0.5150592101951563,0.9131057570588527,0.28186229358748516
193,0.5154196819932957,0.9132513204603129,0.28154497927231203
194,0.5160468634415808,0.9133311637749559,0.28120818918116497
195,0.5163785751097892,0.9134208568400529,0.280881246243513
196,0.516342332719408,0.9134925490346365,0.28061929330005664
197,0.5163189436514145,0.9135023027087106,0.28028144778856146
198,0.5166297780143425,0.9134855585172444,0.2799171876255494
199,0.5170970404691805,0.9135222135776538,0.27975105382725013
200,0.517799947971876,0.9136646794766303,0.2757574304151601
201,0.5177334955065185,0.9138027066468614,0.27523270548144646
202,0.5178643959847037,0.913905608292649,0.2745609945137857
203,0.5186261706515378,0.9139157501152975,0.2740604619892129
204,0.5192902386804984,0.9139269065045161,0.2741001305793083
205,0.5196979695671373,0.9139632118469032,0.2741906308364514
206,0.5196406772385518,0.9139310032013496,0.27470593477069954
207,0.519883931755878,0.913885743540368,0.27439547748627807
208,0.5203268797168145,0.9139435546196025,0.2742170569230564
209,0.5207009928699424,0.9140196855429313,0.27133320057938554
210,0.522020839767963,0.9140918427471929,0.2709313862064466
211,0.52223741999135,0.9141154736935608,0.2707222008499927
212,0.5225298513231136,0.9140686575952272,0.270829145378233
213,0.5227225603000926,0.914110581484303,0.2705503114041123
214,0.5225225251175138,0.9141468829836349,0.27027036528194437
215,0.5230502770628701,0.9142049208031257,0.26995661151706674
216,0.5232294584377872,0.9141099934968588,0.269564939594442
217,0.523526120765739,0.9141051128167667,0.26941164527348355
218,0.5238651612860089,0.914211477055281,0.2690114549485249
219,0.5241621735039241,0.9142852752441092,0.26880644184074487
220,0.525011201827939,0.9144409958404385,0.2683171520644808
221,0.5253486742337484,0.9144655183756106,0.2680456930608346
222,0.5253841148610604,0.9144233254726714,0.2678870503193128
223,0.525524197572125,0.9144945180700801,0.26753319806747705
224,0.5260427825382975,0.9144758830954601,0.26726098004016363
225,0.5263371016539105,0.9145666522160105,0.26701778348640165
226,0.5268795695364388,0.9144821357462555,0.2667384684918533
227,0.5274062528035276,0.9146687352910425,0.26295913063102183
228,0.5277322803308243,0.9146822128855965,0.2628248805957295
229,0.5278160805828072,0.9147153092768993,0.2628151771602637
230,0.5284766972500866,0.9146703301589467,0.26257457796221073
231,0.5290665060470439,0.9147316307322944,0.26207644674089503
232,0.5290129812133336,0.9147128228201908,0.26151828584838754
233,0.5293089630668504,0.9148189718476146,0.26113940295433674
234,0.5295917868908819,0.9147960364942362,0.2609791150197416
235,0.5298052834572797,0.9147557151591749,0.2606938941328817
236,0.5300013109474134,0.9147611761406009,0.26053240723121374
237,0.530378438973318,0.9148233260291457,0.2602471854268372
238,0.5307670253809041,0.9148614529796932,0.260059276519671
239,0.5307298741213581,0.9148820671277365,0.25974574988411175
240,0.5307685306988114,0.9148076502070227,0.2599316554440271
241,0.5308803590179989,0.9149384716487712,0.25973522660220033
242,0.5315762272463285,0.9149205553254719,0.2595253572571836
243,0.5323904714677437,0.9150871363957702,0.2591916373328928
244,0.5327726849005191,0.9151750001665965,0.25796155561048456
245,0.5330742489467608,0.9152979548743694,0.2576829139060537
246,0.5331164475924955,0.9153416619410538,0.2574246127969456
247,0.5333969371448515,0.9153889507351761,0.2571798222906468
248,0.5334495412955982,0.9153800386901887,0.25690195081387235
249,0.5335467290638115,0.9153609540781115,0.25650276461699134
250,0.5337386861848501,0.9154788090516462,0.25617689117873005
251,0.5336976075034816,0.9154496633210796,0.2563660885110502
252,0.5338358559183006,0.9154968598818772,0.2561161607473631
253,0.5342679641973226,0.9155401557416563,0.2559333780852918
254,0.5345715678696545,0.9156672801643112,0.2557268430045491
255,0.5348686627086805,0.9156864185791611,0.2554926800749819
256,0.5351521390221474,0.9157415318336518,0.2551223811795412
257,0.5355063458500663,0.915737688778461,0.2548439619097028
258,0.5355880401599536,0.9157075784410414,0.2547202500749666
259,0.5359072217882751,0.9157906652942656,0.2546048922824582
260,0.5359428542627426,0.9158550210964899,0.2541242066361576
261,0.5361428051704468,0.9159379926580583,0.25329545218534844
262,0.5363396767361553,0.9159586855887328,0.25314042039044876
263,0.5362195270003828,0.9158728509510474,0.25298327975944834
264,0.5361565757606261,0.9158934843143666,0.252817771802828
265,0.5363275068957137,0.915881144264149,0.252717068808519
266,0.5370983054191332,0.9158942490823495,0.252401748576004
267,0.5372762364040735,0.9158810597169349,0.25219110205528894
268,0.537505742803589,0.9159225608699398,0.2518548415767544
269,0.5377145625582953,0.9159828737781035,0.2516089854867242
270,0.5378707008461667,0.9160654994647047,0.2511895223267796
271,0.5381304630501376,0.9162193408070457,0.2508594529957713
272,0.538156232194466,0.9162363962859823,0.2506971486555913
273,0.5383096686904076,0.9161745423126871,0.2506786193778256
274,0.5390056762677231,0.9165274423847436,0.24588919310998572
275,0.5394393002016589,0.9166276462057874,0.2455484851556015
276,0.5398284642852031,0.9165918250883544,0.24516185837003845
277,0.5399743254896324,0.9166301096041646,0.24488540226421915
278,0.540332288821018,0.9165917290119746,0.24464851084733283
279,0.5408490272965871,0.9166405780865042,0.24437768978138333
280,0.5409653329183889,0.916650485482786,0.24409936330486334
281,0.5412051708093092,0.9166530833880949,0.24383177673663073
282,0.5413866306316502,0.9167109943867644,0.24313016729110348
283,0.5416328594537688,0.9167593477071745,0.24293999233121774
284,0.5416261067188602,0.9167742895057561,0.24260972242646545
285,0.5416992888439595,0.9167989427048048,0.24232491211061255
286,0.5420193701143546,0.916849574956943,0.24210697361961236
287,0.5421378894680472,0.9168425921256614,0.24165426507535295
288,0.5421560743494017,0.9168516079331389,0.2413686623567052
289,0.5426139939818866,0.9169013793409143,0.24109488201989152
290,0.5426006949684284,0.9168861685284694,0.24082498435262825
291,0.5428900825453462,0.9169435530285777,0.240570463747683
292,0.5430067918103134,0.916934091426698,0.240405102605353
293,0.543343926954589,0.9170527495987677,0.24003286233122956
294,0.5433983504012843,0.9170355711420651,0.2398366355006348
295,0.5433572665670087,0.9170090694334696,0.23974371590756283
296,0.5434051902193816,0.9170182889228723,0.23942554916898343
297,0.543509301535152,0.9170660427266726,0.23926658359150335
298,0.5435147085405149,0.9170509779503248,0.23943805643487145
299,0.5435654700562799,0.917060873817441,0.23920421026849786
300,0.5437988707105142,0.917125948270986,0.23902499755916642
301,0.5440593063788807,0.9172937322175592,0.23866019026117932
302,0.5448787457636007,0.9173366168704328,0.23838627707282856
303,0.5448773222735489,0.9174427774270222,0.23805154554140376
304,0.5450159440597233,0.9174404485355765,0.23783829985217791
305,0.5454487829755288,0.9174764080029965,0.23746956159607463
306,0.5454913400704029,0.917460078861491,0.23750178883010226
307,0.5458625281496654,0.9176146273259871,0.23715435701143822
308,0.5460361940332329,0.9176806125836123,0.236879420862172
309,0.5460269839888036,0.9177110457376678,0.23671541602883323
310,0.5462902900825382,0.9176997394692967,0.2360216529169043
311,0.5463877972444772,0.9176562514567581,0.2357626703962827
312,0.5472026332591878,0.9176816386793483,0.2355357756730657
313,0.54728360329463,0.9176950816864055,0.23532199183009866
314,0.547250378094018,0.9176873456163065,0.23510447323574651
315,0.5475544632280411,0.9177415288514409,0.23256159734970136
316,0.5476648756005943,0.9177225211004675,0.23220369838854993
317,0.5476790754027993,0.917615714910606,0.23201854871584265
318,0.5476772891899635,0.917667430904308,0.23173094755361612
319,0.5476999211106408,0.9176872994996442,0.23149462484893166
320,0.5476299277676051,0.9176407716304498,0.23140373602398806
321,0.547881515855496,0.9176633380505299,0.23112453342739492
322,0.5480238735807058,0.9176756742576921,0.23093587443294242
323,0.5478994033915491,0.9177535268697464,0.230755269391133
324,0.5482992301415176,0.917846736330343,0.23058255330500488
325,0.5483683481664093,0.9178649216675057,0.23040023189437306
326,0.5485108649521451,0.9178726500514942,0.23019945122981286
327,0.548395704661799,0.9179262837297364,0.23000073371592233
328,0.548330459249101,0.9179280092615171,0.22980339146814194
329,0.5482222984274238,0.9178993823434012,0.22970281614112767
330,0.5481872997176486,0.9179487502303816,0.22950412365933953
331,0.548738676622201,0.9179532158605133,0.22932885524709784
332,0.5487580852184023,0.9179507832065774,0.2291081881042353
333,0.5488200471045094,0.9179208304344207,0.22877130891709252
334,0.5488779193022644,0.917937697603653,0.22865614729625736
335,0.5488858051073319,0.9178761395456074,0.22866634793374302
336,0.5490164923215884,0.9178889561346686,0.22844567998358564
337,0.5489655324931058,0.9179266795644211,0.22827020394173395
338,0.5492605777653813,0.9179478663276877,0.2279555026994227
339,0.5493040708785697,0.9179952857856863,0.22782648410698889
340,0.5496146922932612,0.9180339046472983,0.22769566238411773
341,0.5496301903982113,0.9180331629376465,0.22761549337394124
342,0.5498316694628609,0.9180568284715112,0.2274021178329763
343,0.5500418002411159,0.9180551798008343,0.22712033961550618
344,0.5500921204076613,0.9180392003773511,0.2270054517499669
345,0.5500969502870395,0.9179769928429784,0.22696895661960417
346,0.5502196327051166,0.9179881991919147,0.22703087282221648
347,0.5503510232918575,0.9179820464605543,0.22681240916852444
348,0.5504134381413477,0.918033920019519,0.2265756159435998
349,0.5502863384138278,0.9181753559797043,0.22295308518105958
350,0.5502678357899629,0.9181477551573244,0.2231031062217921
351,0.5502609248527053,0.9180994633257973,0.2230627273647317
352,0.5507818677890551,0.9181607715852554,0.2229049608377664
353,0.5508196782062676,0.9181622050448416,0.22274059069912444
354,0.5508976266893356,0.9182309419299834,0.2225028220210725
355,0.550884314873872,0.9183228140073736,0.22230768597057513
356,0.5509481530491065,0.918341379807,0.22213746458960182
357,0.5511802192903591,0.9183121956458815,0.22196282666221212
358,0.5512306857134848,0.9183117882820313,0.2217828632150392
359,0.5512735262637812,0.918341679565305,0.22178769762261613
360,0.551372610166085,0.9183992562181729,0.2216167456641277
361,0.5515593060391928,0.918391201174493,0.22132442769329777
362,0.5517552302985542,0.9184021192942899,0.22127582572979507
363,0.5518552091888441,0.9183897561857413,0.22107708119768943
364,0.5520057518409202,0.9184988105628893,0.22089879877140006
365,0.5519506123685031,0.918468423525496,0.2206796513901545
366,0.552092418168471,0.9185192325581729,0.22045125960101386
367,0.5521988821024205,0.9185309308181736,0.22032139864013808
368,0.5521952200184508,0.9184998750891772,0.22013863989013885
369,0.5524740079276678,0.9185373602495077,0.21993816289069676
370,0.5524865026488108,0.9185422716740416,0.21980996931435665
371,0.5527134095760433,0.9185884728835447,0.21957091589877273
372,0.5528809785027522,0.9188198709226905,0.21650153329452757
373,0.5530591794464427,0.9188771900908606,0.21625510368071046
374,0.553052233011439,0.9188526175959708,0.2162203230466851
375,0.5533122931318838,0.9189004559469853,0.21596665443522056
376,0.5533076486359055,0.918908145900422,0.21576027628104297
377,0.5535154921367449,0.9189519913170934,0.21557801560183731
378,0.553522177369617,0.9189335023785706,0.21545975928898273
379,0.5536963692235708,0.9189850108472923,0.2152772695537476
380,0.5538838932066921,0.9189449239385975,0.21497946576484747
381,0.5538399121132842,0.9189925278632454,0.21479749214580468
382,0.5538747305805485,0.9189951488268855,0.21467426376635973
383,0.5539432727470724,0.9190153018083058,0.21456607407291542
384,0.5541744750903137,0.9190422185668619,0.2143503424579578
385,0.5541660864933201,0.9190577906264947,0.21423922787709834
386,0.5541150137193629,0.9190566492391031,0.21413695857166223
387,0.5543942269063269,0.9191183648624114,0.21269945138289
388,0.5544082412379967,0.9191305742487524,0.21245349124760254
389,0.5541734645693778,0.9189428563749049,0.2122937345477863
390,0.5543807496965986,0.9189760526856426,0.2120629947979414
391,0.5544127857136145,0.918941568951416,0.21181694757553754
392,0.5546502068396477,0.9189013744371759,0.20932937003640745
393,0.5547053272109177,0.9189420839208116,0.2092399677894764
394,0.5547701923643876,0.9189992570528844,0.2090507990382326
395,0.5549768486776215,0.9190220233118345,0.20903730964605682
396,0.5549038060688967,0.9190043491010121,0.20897817047229542
397,0.5551218441444096,0.9189984769126807,0.2088404066859804
398,0.5551193764614409,0.9189712565527646,0.20868921993758582
399,0.5554059749018028,0.9188861943691724,0.20827210476026617
400,0.5556826556030809,0.9189428755901808,0.20806825797481615
401,0.5558081956446762,0.9190185760913283,0.20784506234116318
402,0.5558910299579042,0.9189671829142624,0.2076608813622057
403,0.556274582049174,0.9190546085767969,0.20744009624101978
404,0.5561950313620463,0.9189485479396424,0.20734957718989241
405,0.5563863268795836,0.9189651307227905,0.20727320927608683
406,0.5564083566095702,0.9189434136179075,0.20717517584721337
407,0.5565207120274767,0.9189815520976206,0.20704837723810257
408,0.5573315251541567,0.919192213010957,0.20409713240094365
409,0.5576000383964325,0.9192909833724145,0.20392889686610996
410,0.557620126242093,0.9192476260237524,0.20380907936538895
411,0.5577218408912628,0.919275803304411,0.2036554339436557
412,0.5580184408728497,0.9193060942654245,0.2032680792257884
413,0.5581400358929351,0.9193164551422188,0.2031533313056739
414,0.5582325717874976,0.9193566265981278,0.20303933572814561
415,0.5580252537015349,0.9193553699190804,0.2029222800682155
416,0.5582822501568474,0.9193816602596403,0.20273623233402324
417,0.5583345100550915,0.9194134384830127,0.20252701311498533
418,0.5583879549190638,0.9194299136606154,0.20242345729427838
419,0.5583817523746045,0.9194335876213778,0.20022336043381334
420,0.5582090894383637,0.9193824442428993,0.20018823462123164
421,0.5584452148466368,0.9194550433985078,0.19983724714663012
422,0.5586496770933144,0.9196701315114238,0.19629188094513905
423,0.5586726141627387,0.919621639841027,0.19612536689483445
424,0.5589452015696392,0.9196404170086889,0.19600483859908707
425,0.5594578973873658,0.9196739438221732,0.19568726641385967
426,0.5596119909084972,0.9197452786126239,0.1955664226862953
427,0.5598666119789668,0.9197685137243071,0.19539287384111204
428,0.5597792779644059,0.9197728102600105,0.19532052887622028
429,0.5599591662852625,0.9198081471524894,0.19516470937756647
430,0.5599697599757972,0.9198343029861177,0.1950647447986873
431,0.5600669958595732,0.9198641558388394,0.19490803180807711
432,0.5602723155369008,0.9199210714862145,0.1947439855244726
433,0.5603669466248957,0.9199404789149278,0.19465190910075714
434,0.5605408497490649,0.9200116484540054,0.1918720384368501
435,0.5606208148458125,0.9200395413485799,0.19178622454733316
436,0.5606250995127547,0.9199885363200881,0.19166803893360923
437,0.5608267417890054,0.9200753970535096,0.19147156205208168
438,0.5610717029861105,0.9200943241003241,0.1913548364963335
439,0.5612124701491523,0.9200061644142482,0.19115678553185986
440,0.5612295361822909,0.9200082857807135,0.19104293939402248
441,0.5615075499760791,0.920009826845845,0.19090003137275957
442,0.5617012603947896,0.9200567005900065,0.1907627547321179
443,0.5618466142716951,0.9200695248651781,0.190598120071633
444,0.5620674251159153,0.9200953732543912,0.1904738900384314
445,0.562067448007894,0.9200832868458162,0.19029488049557372
446,0.5621990308346443,0.9200673535389954,0.1902115392567144
447,0.5624296857244179,0.9201481422452154,0.19005634687755016
448,0.5624309384882173,0.9201238925669617,0.1899684670215322
449,0.5625911091936251,0.9201028057231301,0.18985406871708893
450,0.5626046019238168,0.9200573154788371,0.1900509033119424
451,0.5626796028705667,0.9200673381667746,0.18992455614607223
452,0.5627115975643472,0.9201023714578935,0.1896661342443085
453,0.5627276966429057,0.9200805044738581,0.1896719543904567
454,0.5627507675783467,0.9200450791911098,0.18955131566890854
455,0.5630231773355866,0.9200551710540407,0.18918282612953688
456,0.5629698443444537,0.9200937514851006,0.18906881398457004
457,0.5629211070422633,0.9200820532251,0.18891985641340825
458,0.5628657329465734,0.920069421102688,0.1890557946508504
459,0.5638502707892785,0.9201225359684794,0.18653737404963155
460,0.5638081285528893,0.9200598096216559,0.18640598787008822
461,0.5637056055995054,0.9199745860297458,0.1863027356851047
462,0.5638916606728561,0.9199699743635168,0.18616441866510414
463,0.5639804790358468,0.9199687791733525,0.18611161397657547
464,0.5640163797791506,0.919996894965128,0.18566466891459596
465,0.5640410063324334,0.9199869030216321,0.18558071584887642
466,0.564277049691126,0.9200567351775033,0.18550459867687127
467,0.5644896701097497,0.920019718869906,0.18528178977687618
468,0.5646239529732012,0.9200503249614451,0.18509450739170405
469,0.5648833714063967,0.9201201340589852,0.18495741632228951
470,0.5649397387656054,0.9201818112517416,0.18473213537827762
471,0.5650268558518511,0.9200974984639116,0.18416046363270522
472,0.5651371891192151,0.9200548674526806,0.18396217834781728
473,0.565220614140187,0.9201198612020666,0.18379269020103892
474,0.5651197337227963,0.9200655972627731,0.18371186772184614
475,0.5650824545656508,0.9199568157425437,0.18359883717951028
476,0.5651228045634887,0.9199981247427891,0.18351645529745145
477,0.565194358321175,0.9200036510561534,0.1832330446790996
478,0.5651393628580687,0.9199890551325389,0.18308007392283898
479,0.5650705851096868,0.9200522849195925,0.18293429417341361
480,0.5651736078660715,0.9200755430896068,0.1828552594548995
481,0.5650338494024558,0.9200933518073608,0.18031964310719756
482,0.5651581891907292,0.9201214637560812,0.18022313110856272
483,0.5650582904326048,0.9200671690723462,0.18005251226839372
484,0.5651732395911272,0.9201001886025452,0.18003864485467339
485,0.5652362189628071,0.9201120559569742,0.17984115162493589
486,0.5653873776375227,0.9201286041526255,0.1797425803019062
487,0.5654989617462711,0.9201278355415874,0.17960791726596112
488,0.5656569972223847,0.9202135856320587,0.1794587386811786
489,0.5658105495494649,0.9202362865590705,0.1793445137374731
490,0.5657468293453716,0.9202092237644172,0.17928632412763312
491,0.5657263581837735,0.9202716349807151,0.17918169702885428
492,0.5657620944648806,0.9203721769906156,0.1789834981726905
493,0.5660072916404444,0.9203413095713234,0.17853115051829185
494,0.5661081428885868,0.920391488342949,0.17845044605232988
495,0.5661673297114843,0.9204140855074707,0.17837034059491472
496,0.5662805527010148,0.9204526351940892,0.1782405800494821
497,0.566365310575863,0.9204323784501787,0.17807967831826907
498,0.5662283565265324,0.9204036862001246,0.17800961555842867
499,0.566299191206762,0.9204196002916695,0.17799800090634846
500,0.5663808628601811,0.9204031789168393,0.1777951661521521
501,0.5666200263958543,0.9205571240216706,0.17756297597782306
502,0.566804523055521,0.9205705939301142,0.17739986266929825
503,0.566865403404661,0.9206038594158453,0.17721543489813454
504,0.5670095530730468,0.9205749327394245,0.17708995834467153
505,0.5671609520881865,0.9206062959128363,0.17692082287252037
506,0.5672490501886109,0.9206139205343347,0.17684245012200778
507,0.567244371111907,0.9206232860598346,0.1767628156692016
508,0.5674110141741668,0.9207014345871385,0.17655514927629407
509,0.5672060264288836,0.9206132364705107,0.17595219252522032
510,0.5671056445424294,0.920672573242656,0.17587658126544892
511,0.5674828833905271,0.9208798945410316,0.17527322942349222
512,0.5677269001101313,0.9208943559577144,0.17509075005771285
513,0.5679025237562269,0.9208953013492913,0.1749830655243947
514,0.5679025511233912,0.9209255231353114,0.17488207459294944
515,0.5679089893370233,0.9209232326744177,0.1747225039768686
516,0.5680324234429379,0.9208954435423333,0.17461062026115867
517,0.5681572792959089,0.9209610982972122,0.1745051744067839
518,0.5682792948998235,0.9209113192033264,0.17430377309384798
519,0.5683823787955031,0.9209964659341326,0.17416624755999272
520,0.5682276155786948,0.9209534275590514,0.17413090463144856
521,0.5683570227746655,0.9209757480235994,0.1739971606558599
522,0.5684581906384636,0.9210638500638474,0.17393647814644358
523,0.5686233333621525,0.9210787726471531,0.17378949527385756
524,0.5687820663400494,0.9211129066633573,0.17377185836560097
525,0.5689897034824591,0.9210641690374282,0.17370726668407976
526,0.5695970618062631,0.9211081335888104,0.17086191562187464
527,0.5696669958711005,0.9211029339351373,0.17085107108835904
528,0.5699858338971788,0.9212054435892955,0.17065574602347225
529,0.5700063978697766,0.9212008511383425,0.1706384520618634
530,0.5701984515430427,0.9212354962808872,0.17057421088065877
531,0.5703831448704265,0.9213295012539082,0.17028913729526807
532,0.570513480433361,0.9213059048950369,0.1702973691748991
533,0.5705236460925642,0.9212932381851282,0.17021751976321195
534,0.5704583633506454,0.9212885458147403,0.17012646662339104
535,0.5706330828092883,0.9213399274626407,0.17002282533023932
536,0.5707061783469912,0.9213488625659593,0.16996951434722823
537,0.5707117266347809,0.921388123217788,0.16987880713825879
538,0.5707212863730289,0.9213425099957289,0.16974194963666467
539,0.5708029343299518,0.9213879963969667,0.16947221307829816
540,0.570869494438581,0.9214079764409034,0.16935132092761143
541,0.5709575641552259,0.9214011050582224,0.16926509261927825
542,0.571151624254592,0.9214970046574524,0.1690907192585049
543,0.5713594722420416,0.9215871704183378,0.16892010269338306
544,0.5717149717550745,0.9216779818124954,0.16871332543869166
545,0.5718727927697529,0.921698926463285,0.16858932198974685
546,0.5725656381535495,0.9218272729774906,0.1662566049354264
547,0.5727138218538173,0.9218286372620833,0.16601493366214015
548,0.5725440524914656,0.9217988382121342,0.16594126143223453
549,0.57266293620142,0.9218354548419917,0.1657644846990469
550,0.5727732679966273,0.9218328185061309,0.1657477650975184
551,0.5730195972072021,0.921860646068767,0.16548412406468652
552,0.572963110209206,0.9218071392113462,0.16537802241152008
553,0.5727610619140219,0.921842714373247,0.16469434673283928
554,0.5727736176075783,0.9218066127127851,0.164705493890326
555,0.5729416365103625,0.9218318000965052,0.164628235665449
556,0.5729219443940841,0.9218123273358537,0.16451276233292833
557,0.5729138375505872,0.9218097255874895,0.16441762829788162
558,0.5730643275477916,0.921862317797775,0.16423612911586635
559,0.5733226554346694,0.9219844846792339,0.16392863954391443
560,0.57337538502988,0.9220252325934215,0.1638616748319194
561,0.5733590209148671,0.9220279381042757,0.16386895122296663
562,0.5734201215723185,0.9220336873148411,0.163715816324061
563,0.5734469905015871,0.9220367117992763,0.16370191930098757
564,0.5735433144897704,0.9220505775424045,0.16369263147984123
565,0.5736563209081104,0.9220414502863264,0.16358510349311034
566,0.5737288214688858,0.9219567993096397,0.1634523373467725
567,0.5737135046003274,0.9219625293049292,0.16339515698904758
568,0.5739652987025018,0.9220569877584627,0.16325985460531348
569,0.5739367097683232,0.9220511693729039,0.16315455952009883
570,0.5740234803448417,0.9220749886289762,0.1627975695935606
571,0.574140214432953,0.9220754459525439,0.16272646138931685
572,0.5742670007238123,0.9220753460331089,0.1625820533079014
573,0.5743076938463103,0.9220973475240759,0.16239638785882154
574,0.5744521677673219,0.9220992037197331,0.16227489641034964
575,0.5745124666053072,0.922082701640744,0.162184863163237
576,0.5747365925661554,0.9220986810642271,0.16209003664269914
577,0.5748328943051146,0.9221444825959906,0.16199897598871463
578,0.5750512912678842,0.9221522071369239,0.16189773173814617
579,0.5750389653583273,0.922145620140327,0.16192119183178935
580,0.5749514419857881,0.9221654426190009,0.1617882968728147
581,0.5750790784230799,0.9221533485243156,0.16157736600971465
582,0.5751035116037192,0.9222146990573808,0.16138287016774447
583,0.5754237269103605,0.9221714531573193,0.16129273184551227
584,0.5753876318727085,0.9221592975737509,0.16124545654691996
585,0.5755203018726244,0.9221996035365915,0.16106912578349364
586,0.5755290338645056,0.9221979394936939,0.16108084855391702
587,0.5756233714033638,0.9222163438850024,0.16095609177557954
588,0.5758394608300315,0.9221947420717752,0.16040654432369378
589,0.5759030786056871,0.9221941848287726,0.16038200034398334
590,0.5761067320000156,0.9221765759498886,0.16028056008003372
591,0.5763836942295392,0.9222401054952468,0.16014876056472452
592,0.5763761512523855,0.9222473458112262,0.16010433754179845
593,0.5764208492584231,0.9222525108774027,0.15988893252929354
594,0.576388277480469,0.9222571840325146,0.1597593645792913
595,0.5763583176326318,0.9222323732682031,0.15971203013691998
596,0.5763927794960932,0.9222110942716119,0.1597727174575972
597,0.5765084543509702,0.9222572570505632,0.15963056784397348
598,0.5764469548708302,0.9222273119645169,0.15955845493953114
599,0.5765635651898133,0.9222396904452863,0.15947003037356977
600,0.5765638490747684,0.9222522918232567,0.15940708107328855
601,0.576701064970068,0.9222785322040992,0.15931864992351774
602,0.576768732239057,0.9223445174617244,0.15922753980605017
603,0.5767399074261341,0.9223386299011722,0.1591321472004531
604,0.576808129618842,0.9223089461428788,0.15906153771190076
605,0.5768614966717691,0.922278509145768,0.1589941961246863
606,0.5769395434381313,0.9223031085420441,0.15883888058340168
607,0.5769339205209241,0.9223008565117023,0.15894798041745725
608,0.5770280238197368,0.9223337530641351,0.15871141548609966
609,0.5771924260447885,0.9223468425101149,0.15868627347664405
610,0.5771380650703655,0.9223452630144314,0.15860782474235124
611,0.5772480973015108,0.9223333995030576,0.15845190900301057
612,0.5772676017269239,0.9222771256458994,0.15840518927941458
613,0.5774781611835536,0.922262349098691,0.15837031946738117
614,0.5775915519598053,0.9222647048915229,0.15822098021956807
615,0.5776204291976615,0.9222699429757479,0.15830039891528552
616,0.5777669857163827,0.9223403323746218,0.15813935888690617
617,0.5776764587883869,0.922325751823228,0.15739650868283012
618,0.577591238825922,0.9223253367732674,0.1573279992113328
619,0.5776655911648773,0.9223121819953495,0.15726084526765938
620,0.5777492009084833,0.9223314818185174,0.15717888948630573
621,0.5775152008682907,0.9223281614188326,0.1570214514362286
622,0.5775760209441592,0.9222892005253087,0.1569393989187475
623,0.5776949081370528,0.9223009833325236,0.15686571368667235
624,0.5777906068840936,0.9223505818028155,0.15683831185967956
625,0.5777020334072483,0.9223323465059353,0.15674616923500645
626,0.5777825672123992,0.9223256365315723,0.15670942148819567
627,0.5778712035239881,0.9223136077688252,0.15662621810097263
628,0.5779309703437511,0.9223525187026316,0.15653426984540145
629,0.5781088920728843,0.9224224430918274,0.15637083477966243
630,0.5781959480766291,0.9224386492555667,0.15630425493255903
631,0.5782057429533644,0.9224386146680701,0.15637596128669262
632,0.5783337561643873,0.9224385378069663,0.15554808797024347
633,0.578308457740183,0.9224565578927557,0.15541275315531455
634,0.5785220615041896,0.9224897157729415,0.15528112361335913
635,0.5786827364069647,0.9225699472361588,0.155100206311338
636,0.5787182293089882,0.9225596055746406,0.15498336313331884
637,0.5787284161658316,0.9225403019084174,0.1549017713639074
638,0.5787767164417383,0.9225843433209034,0.15453840504127703
639,0.5785942976097646,0.922559936077387,0.1545322345022876
640,0.5786464928866318,0.9225849812680651,0.15445078518512725
641,0.5785910267968338,0.9225474038744099,0.15439742198566442
642,0.5786688836390612,0.9225654739199168,0.15433121195810945
643,0.5788785943158551,0.9225883669996882,0.15417119849512437
644,0.5788998210451566,0.922585884386035,0.15412732105224938
645,0.5789043930797259,0.9225843932806209,0.15406438027462993
646,0.5788128368714355,0.9225495021825441,0.15411030913540202
647,0.5789076648655463,0.9225343490159269,0.1540034986230803
648,0.5790416034189934,0.9225523268281093,0.15383114537147308
649,0.5791569393304059,0.9226160139387304,0.15339425650857916
650,0.5790962730198748,0.9226169324289211,0.15316002769203702
651,0.5790623952655853,0.9226219975756624,0.15313026427750392
652,0.5792397269413846,0.9225902654689524,0.153006437917127
653,0.579346582308416,0.9226001113763511,0.1529633191164697
654,0.5794346101274018,0.9226305637456826,0.15288304596608018
655,0.5794594636807834,0.9226739403096207,0.15274149330749612
656,0.5795549191009666,0.92266939397533,0.15271268885690698
657,0.5796694175194995,0.9227050844288865,0.15254379602351836
658,0.5797007393964585,0.9226716460056718,0.1524344097940191
659,0.5797461738069253,0.9226952500506533,0.15239044187927714
660,0.5798125106226228,0.9227296607668314,0.15236621667413797
661,0.5797800626161421,0.9226708274349161,0.1523422597583437
662,0.5797782564014532,0.9226839322531166,0.15229559161887848
663,0.5796760914122507,0.9226621190718539,0.15224839673942334
664,0.5796792053755561,0.922669878200284,0.1521900298678316
665,0.5795774376836538,0.9226462933705784,0.15216301937551927
666,0.5796947641878953,0.9226286191597561,0.15210424505371023
667,0.5797057622191762,0.9226158871179091,0.1519708429702671
668,0.5795516003195594,0.9226000306721921,0.1518847007800721
669,0.5797235817287337,0.922589250902382,0.15135561683780088
670,0.5799327814643304,0.9226363898173519,0.15121957158319763
671,0.579994974112896,0.922638065389415,0.1511752190466475
672,0.5801849525274161,0.9226573844278589,0.15107555764237737
673,0.5800555604371852,0.9226468506135811,0.1509657258298061
674,0.5800289823239295,0.9226595672832072,0.15074092254838553
675,0.5801361553319567,0.922718289166522,0.15056044808835184
676,0.5801741172227011,0.9227462589222003,0.1504269532156638
677,0.5801932912605129,0.9227376812230145,0.1503527211830848
678,0.5801887138309705,0.9227249222797812,0.15031666285025333
679,0.5801729896256463,0.9226866915667435,0.1502402801526005
680,0.5802623677531719,0.9226178547621668,0.15016838986292833
681,0.5802703980461271,0.9226019791011738,0.15013995251703854
682,0.5802912727135136,0.9226002458832828,0.15007748228307055
683,0.5803296903895695,0.9225809768045563,0.15006837331646736
684,0.580533876462326,0.9226303446915367,0.15004791198672074
685,0.5804958173034835,0.9226130586292888,0.14999900616987838
686,0.5804671296128897,0.9226183428301761,0.14994312734359597
687,0.5804679280527154,0.9226041119968047,0.14987157388729505
688,0.5804330071283601,0.9226499980757823,0.1497629934280303
689,0.5809388630472628,0.9225853771027498,0.14892555063370913
690,0.5810385087857457,0.9225864224137617,0.14883749743153413
691,0.581037901602189,0.9226174473983166,0.14877036088151735
692,0.5809825398146101,0.9225915375202205,0.14867825394060477
693,0.5810050766068126,0.9225738978968949,0.14861116323718615
694,0.5809222641642793,0.922566280961507,0.14856118059468137
695,0.581001001578425,0.9225558355374984,0.14847254078493954
696,0.5810202258189796,0.9225538179335233,0.14835295646791
697,0.5811535464522491,0.9226289496625025,0.14823039372536198
698,0.5811749498623909,0.9226343260967144,0.148146296045512
699,0.5812792581392086,0.9226475308343498,0.1480029593816181
700,0.5813495409866516,0.9225955688851156,0.14786129907916284
701,0.5812014762431204,0.9227043235039588,0.14628657303026232
702,0.5812772799350513,0.9226803236242925,0.14624390913993596
703,0.5814938266100147,0.922756650543436,0.14611079486157255
704,0.5817439809836517,0.9227964261646604,0.14605837522096118
705,0.5816811136097568,0.9228189118805814,0.14603468668483702
706,0.5816489863110634,0.9228225935274542,0.14607755463351735
707,0.5817498231123259,0.9228494756985135,0.14603130326881514
708,0.5817500581433581,0.9228513049927843,0.14580375380368008
709,0.5818162281568788,0.9228700514160049,0.14561581791561393
710,0.5817620676474254,0.922865078502588,0.14560284729529724
711,0.5817435595379497,0.9228015528002849,0.1454800056077231
712,0.581904709290352,0.92277959742598,0.14543243754098098
713,0.581850310570407,0.9228036780098053,0.14539597923721098
714,0.5818695557737464,0.9227831753103627,0.14536239715091054
715,0.581960769264681,0.9227753162624975,0.14529296944065467
716,0.5819930363384772,0.9227974484173411,0.14519820819355597
717,0.5820013548574572,0.9227914763095747,0.14514555786269634
718,0.5819732258332159,0.9227967259229652,0.14511922691815396
719,0.5819188262335404,0.9227946506731622,0.14504958479553176
720,0.5819506566166855,0.9228159488850294,0.14501136718149335
721,0.5818373446474159,0.9228176321432029,0.1449640192969936
722,0.5820125840396393,0.9228221784774936,0.14474241721124592
723,0.5820284421249285,0.9228715309922533,0.14466501655886574
724,0.5820455215142124,0.9228527538245912,0.14458477457255517
725,0.5820502158027724,0.9228848663937652,0.1443712232560804
726,0.5821232872314982,0.9229142657659745,0.1442974046677225
727,0.582180443389414,0.9229401333704634,0.1442792096572966
728,0.5822150432424817,0.9229493336445901,0.14423391685899742
729,0.5823557201295768,0.9229309599977231,0.14424778198185975
730,0.5823521692082484,0.9228726301060378,0.14417686885816564
731,0.5823830365850574,0.9228702435687643,0.1441311720361022
732,0.5821989168668052,0.9228332810639397,0.1440568927426284
733,0.5821978103067567,0.9228201608735185,0.14399075774175785
734,0.582210045328024,0.9228484419166673,0.14398453670453806
735,0.582322322147599,0.9228829179647835,0.14394683830070795
736,0.5822579606646746,0.922879301649849,0.14391707497103887
737,0.5823907792766799,0.922899085697971,0.1438124281388146
738,0.5824160182505908,0.9228519698413323,0.14371969339542834
739,0.5825341629916773,0.9228680453411953,0.14370313295607165
740,0.5825510908775032,0.9228814153302038,0.14365059928988644
741,0.5826700820944543,0.9228503788164834,0.14353796813830066
742,0.5827564281126907,0.9228884173767614,0.14345701485267853
743,0.5828162232874962,0.922910065306651,0.14341411718076358
744,0.5829455229259695,0.9229197305904557,0.1433557536448298
745,0.5829788917153598,0.9229540682885851,0.14327647378942499
746,0.5830033767403913,0.9229861693285935,0.14321646509205
747,0.5830394880659754,0.9230057958114526,0.14314786134145788
748,0.5830450361772966,0.9229791403806495,0.142999827030872
749,0.5830315723829322,0.9229650440542099,0.14292876620520228
750,0.583021929629092,0.9229873798909786,0.14287995846686805
751,0.5830890548879736,0.9230101961096461,0.14271635118471682
752,0.5830687234502682,0.9229912536906107,0.14258200896130727
753,0.583233438287127,0.9229958115540671,0.1424180814353884
754,0.5833357451563178,0.9229805507819046,0.14234313019381473
755,0.5834787256314252,0.9229853507578378,0.14211181462341307
756,0.5834312805642357,0.9229521775054312,0.14198976994373344
757,0.583558448871268,0.9230108494290284,0.14191819273392578
758,0.583513360300304,0.9230325165741939,0.14180262806997138
759,0.5835611144147399,0.9230136356440417,0.14171422199360575
760,0.583742731142425,0.9230428159621051,0.14152595143421662
761,0.5835737339131246,0.9230098041180166,0.1415175436181122
762,0.5834788337053718,0.9229949276513731,0.14150813838979026
763,0.5837195782837014,0.9230444569466716,0.14131181367075846
764,0.5837576651858193,0.9230341614018156,0.14123155033273174
765,0.5837291016044718,0.9230283968190295,0.14119448587952388
766,0.5840581883614924,0.9230861502524361,0.14108697468313178
767,0.5841104400300123,0.9231603827065007,0.1410524360539988
768,0.5851961864822567,0.9233482735178318,0.13903251240083336
769,0.5856783712093214,0.9234610710307356,0.1377904862627041
770,0.5857794206704151,0.923466720321866,0.1377566839583149
771,0.5858814280976106,0.9235296080770075,0.1377110449396304
772,0.585928589920154,0.923494059816493,0.13765379195910066
773,0.5860642318968512,0.9235133058368883,0.1375959382387759
774,0.586166562190257,0.9235117570856465,0.13748763560304214
775,0.586173275100255,0.9234882721753758,0.13741126078799856
776,0.586228895843632,0.9234946670192131,0.13732217296917432
777,0.5862611578818104,0.9235525933901034,0.13724911050456076
778,0.5863383222018281,0.9235746371546776,0.137186181171162
779,0.5863719578026559,0.9235983795496461,0.1371374501072114
780,0.5863237914201035,0.923605854291992,0.13703021933536935
781,0.5863693384899412,0.9235967923678523,0.13673365787309125
782,0.5865290177659767,0.9236366410071252,0.1366595706420811
783,0.5865661064065828,0.923653519705523,0.13658032981227425
784,0.5864689206919322,0.9236517173126385,0.13652748594251624
785,0.5865407056918895,0.923685251812233,0.13646685326589272
786,0.5865720342274194,0.9236515213168238,0.136318413793488
787,0.586638612981303,0.9236935566545003,0.13621356615064556
788,0.5866445628219965,0.9237036600465968,0.13608862478725417
789,0.5866711158875882,0.9237288089997651,0.13602785672690018
790,0.5867625858671174,0.9237497152200027,0.13592570461786757
791,0.5868081203446784,0.9237901595328302,0.13589108813677203
792,0.5868448688054423,0.9237996941527584,0.13578684826870727
793,0.586813675406327,0.9238026533052554,0.13578636978358832
794,0.586799772945631,0.9237829653335131,0.13561858439372487
795,0.5868957440657502,0.923785459476332,0.13545038895320746
796,0.5870145104713216,0.9237472748799566,0.1353096862137501
797,0.5872083631494929,0.92377857272143,0.13521449350418846
798,0.5871548963686183,0.923770410072205,0.13512977746174568
799,0.5873647306645747,0.9238086484713529,0.13505872248329334
800,0.587406509825674,0.9238134522903414,0.13517500072590774
801,0.587299205032688,0.9238311610886604,0.13509292538465983
802,0.5874136345349958,0.9238452920025968,0.13496726193032232
803,0.5873460923363117,0.9238203928480159,0.13496446396722117
804,0.5875310565064392,0.923880048593742,0.13484639756902492
805,0.5875295953491315,0.9238756713538797,0.13480216969841205
806,0.5876712497496448,0.9238793299424213,0.13472224661530594
807,0.5877089503345976,0.9238685809170527,0.13465367520148527
808,0.5875718987351823,0.9238278983348034,0.1345902386806524
809,0.5875242246943424,0.9238193782814456,0.13447056540014007
810,0.5874660696768551,0.9237973422029817,0.13453425319800094
811,0.5876592045935044,0.9237937105158265,0.13437595132118402
812,0.5874984791217258,0.923727579222104,0.1342269362143342
813,0.587482938313969,0.923729231735836,0.13412511831516996
814,0.5873458906636276,0.923706626885204,0.13404686998782553
815,0.587247373266317,0.9236964274167277,0.13399499305428894
816,0.5874185051556926,0.9237423403970917,0.13387064762327894
817,0.5874998208684489,0.9237890796343217,0.13383354811402626
818,0.5874716137378666,0.9237377979058562,0.13378525527245966
819,0.5873096464281816,0.9237202466728001,0.1337359260842512
820,0.58729717004237,0.9237186787062822,0.13368078438858355
821,0.5873762263690127,0.9236992828067345,0.13381335787672727
822,0.5873965277627956,0.9237111847486602,0.13373481307294893
823,0.5873639489958227,0.9237173105786343,0.13364814242156864
824,0.5874581334917454,0.9237251158237267,0.13359881311639576
825,0.5874599777539301,0.9236492961878683,0.1334427292934782
826,0.5875934451078628,0.9236516980973626,0.13316469890367683
827,0.587580858122501,0.9236361298807848,0.1330645322961987
828,0.5878888281926319,0.923726311013891,0.1327801899845974
829,0.5879325034067236,0.923729170246953,0.13271091817655373
830,0.5881041423902584,0.9237693609181379,0.13262865225286818
831,0.588083183198469,0.9237673394711076,0.13261021384914431
832,0.5880130498913697,0.9237550724389386,0.13253355619986923
833,0.5881081827564876,0.9238072226978772,0.13240635712288032
834,0.5881250107670706,0.9238480282578926,0.13229798624877434
835,0.5881291355214933,0.92388383784616,0.13219464749037113
836,0.5881798231951048,0.9238853097362981,0.13216397908010333
837,0.588370748150037,0.9238840953308578,0.1321001710715542
838,0.5884342742557241,0.9238693303128149,0.1319872463626999
839,0.5885155846553519,0.923886939191699,0.13195049217945798
840,0.5884811864423075,0.9238459453219792,0.13200242711053561
841,0.5884753309412706,0.9238256924211239,0.1319427612477226
842,0.5885811001099377,0.9237921041187568,0.13007659656431342
843,0.5886257085933368,0.9237860513068313,0.1300458792590481
844,0.5887487357904755,0.9237851366596959,0.12993506049878098
845,0.5887512972008522,0.923800508880459,0.12982369697206905
846,0.5887856226964672,0.9237737996468832,0.12976717430365847
847,0.5890127318658067,0.9237970539738424,0.12973022456658495
848,0.5890641042687286,0.9237672241794518,0.1296522607724008
849,0.5891829360494419,0.9237825579696629,0.1296168529542
850,0.5892466735896355,0.9237751331870344,0.12951818260819656
851,0.589520329433162,0.9238025687580411,0.12928954522089842
852,0.5896405501541974,0.9238405496724914,0.12918457198405678
853,0.5898901731043804,0.9238976920601227,0.12906459003544438
854,0.5899141696366915,0.9238929497300173,0.1290622525783849
855,0.5901684711481188,0.9239338667386332,0.12893309418187865
856,0.5900574852108899,0.9238801485131769,0.12887037268571888
857,0.5900574852108899,0.9238801485131769,0.1289051317342522
858,0.5901828698154283,0.9238947252215154,0.12879106681571495
859,0.5901278313005139,0.9238949942353788,0.12869383224208947
860,0.5901869574242331,0.9239396697519713,0.12863835268297544
861,0.5902292149584943,0.9239467717179638,0.12856287752585138
862,0.5902062479508362,0.9239326792345793,0.1285760243958569
863,0.5901395015726473,0.9239470407318272,0.12852252286584542
864,0.5901777856894026,0.923934124223331,0.12845090127355274
865,0.590225349416212,0.9239402615824707,0.1284250930388659
866,0.5903029453720241,0.9239500921176487,0.1283640872466306
867,0.5904658733582739,0.9239441814987652,0.12829628386214129
868,0.5904345022997091,0.9239636888469135,0.1282321458966795
869,0.5906805662151149,0.9239639194302249,0.1281346220798848
870,0.590796877422532,0.9239687693658757,0.1279494284103882
871,0.590852481486562,0.9239701605518548,0.127916570817888
872,0.5907961181598526,0.9239564600600997,0.12789923663057595
873,0.5907206947866598,0.9239558836018211,0.12786397698150692
874,0.5907854765429905,0.9239674050812829,0.12779734924192715
875,0.5908934087706282,0.9239486163844554,0.1276928498674736
876,0.5909481291893264,0.9239502842704082,0.12765006403670545
877,0.5910517271044531,0.9239724586988588,0.12754824675928828
878,0.5911912173422103,0.9239979727422702,0.12736160178913822
879,0.5911334414654056,0.9239402769546914,0.1273352384249403
880,0.5910600319886978,0.9239366836980881,0.12731182668886198
881,0.5911063391932602,0.9239436972738112,0.12723968410160527
882,0.5911943929167158,0.9240102743619358,0.1271798506661161
883,0.5911481982077882,0.9239820163771182,0.12710943752547355
884,0.5911463774736869,0.9239920160067245,0.1270417104218804
885,0.591208319558231,0.9239665096494235,0.12700934318363483
886,0.5910984468429598,0.9239962356813239,0.12685919887567748
887,0.5913401037062899,0.9239955785188864,0.126408734667501
888,0.5915621529693955,0.924024643545294,0.12632143598845944
889,0.5915540583869409,0.9239956207924934,0.1263562216328954
890,0.591425764463917,0.9239907208971253,0.126303163706632
891,0.5915021522864483,0.9240656681594553,0.12623061927755985
892,0.5913586834873686,0.9240341282055048,0.12613686650058697
893,0.5913596991242009,0.9240395622855445,0.12603795824206068
894,0.5914820279788489,0.924132952369735,0.12543998071793844
895,0.5914073831077927,0.924135511844492,0.12534669756721242
896,0.5915060142193166,0.9241783849682002,0.12527865777054106
897,0.5915570952124639,0.9241564872397232,0.12527175868060128
898,0.5915497976053449,0.9241278180480003,0.12524187966001382
899,0.5915271810379288,0.9241375256054121,0.12518250320622026
900,0.591548674779251,0.9241022694170921,0.1250819232041348
901,0.5915006060553204,0.9240935072512572,0.1251250252288224
902,0.591632000355961,0.9241224262415676,0.12504044406776624
903,0.5916859245328142,0.9241253623357333,0.12497816082089819
904,0.5915896296659636,0.9241164810351875,0.12494040946180164
905,0.5915087425640415,0.9240844606993381,0.1249080796253358
906,0.5913650662982683,0.9240580973407295,0.12488514929641839
907,0.5914163744570632,0.9240683390828129,0.12485829667144889
908,0.5914648141760717,0.9240671631079246,0.1248440192984063
909,0.5914838364840722,0.9240497271665241,0.12482382260154924
910,0.5916197659773973,0.9240730199240352,0.12471174131487615
911,0.5914794367597144,0.9240278601824887,0.12468957552590172
912,0.5913951647216585,0.9240029187543007,0.12464905105904536
913,0.5914514221656748,0.9240156200517061,0.12455345215944405
914,0.5914609513432662,0.924041184054835,0.1244914505072362
915,0.5912429529353248,0.9240029994584598,0.12445205094886494
916,0.5912050514513852,0.9239877886460147,0.1244277867857095
917,0.5912058545926455,0.9240155816211543,0.12441842922448165
918,0.5911831125328558,0.9240005245309169,0.12435420665952777
919,0.5911989162854141,0.9239848756101802,0.12435357629267163
920,0.5912010907242027,0.9239865204378017,0.12430511069385049
921,0.591260611109319,0.9240016928196949,0.12426067117450496
922,0.5916809168936151,0.9242284292328942,0.12278906394079724
923,0.5916860052198427,0.9241507534013786,0.12244470159760944
924,0.5917401292423882,0.9241563104591844,0.12241073228237641
925,0.5917106998517851,0.9241359691680598,0.12239574935227669
926,0.5917241675325966,0.9241393548996828,0.12236974658646577
927,0.5917647861084653,0.9241499732611749,0.12229781649678037
928,0.5916724244124213,0.924090440493215,0.12232748991909735
929,0.5916964838456537,0.9241189559627303,0.12226315712093552
930,0.5917510307166505,0.924135388866726,0.12215430581406235
931,0.591714525459969,0.92410545146679,0.12205306542878885
932,0.5918137371197264,0.9240770090153233,0.12197203950549426
933,0.5918914699180519,0.9240777391958095,0.12181475936401062
934,0.5919644042758875,0.9241079725109952,0.12178006977466078
935,0.5919464160962853,0.9240927962860469,0.12175163340937552
936,0.5919093920631393,0.924098138132762,0.1216917269055473
937,0.5919679909876846,0.9241279563979871,0.12155588562844599
938,0.5920261716896406,0.9241106626496287,0.1215083584281976
939,0.5920582540794398,0.924063162487471,0.12118849787797166
940,0.5921223790129132,0.924113571842408,0.12111006321404456
941,0.5921159568477,0.924067535884278,0.12109736485790594
942,0.5922275792860274,0.9240733927003888,0.12106073100110969
943,0.5922522515338693,0.9240782080485428,0.1210736349250519
944,0.5923077370761033,0.9240908401709548,0.12107182363946428
945,0.5923279361841638,0.9240672169106973,0.1210229813636737
946,0.592473020803968,0.9241098094913763,0.12102542589283773
947,0.5925685684817895,0.9241268534411473,0.12093898494426301
948,0.5927035228002955,0.9241432248562599,0.1208831200859213
949,0.5927652663835923,0.9241588046020033,0.12081694435057025
950,0.5926974151523582,0.9241581282242897,0.12079043134914956
951,0.5927582245053536,0.9241650610958538,0.12061401033164446
952,0.5927844056811019,0.9241608298920888,0.12053388600407794
953,0.5929546201655302,0.9242201320767373,0.12042987411343853
954,0.592957758102393,0.9242359116613506,0.12037031166093148
955,0.5929504460901367,0.9242372452015017,0.12037239534088039
956,0.5931086365640688,0.9242689619359911,0.119180060658599
957,0.5931421208709223,0.9242596578993741,0.11909447829329331
958,0.5931950815562987,0.9242639198475807,0.11905290805753245
959,0.5930712211351914,0.9242448313924483,0.11896296991710731
960,0.5930124706446631,0.9242424410121196,0.11895607466938767
961,0.593025345664389,0.9242183066255217,0.11878135371351682
962,0.5930411240597165,0.9242398200484795,0.11874046143035022
963,0.5930273859068919,0.9243023811439298,0.11835264436192858
964,0.5930781434430838,0.9243219346087403,0.11831691347475941
965,0.5928525961625413,0.9242920625407426,0.1183389533270127
966,0.5929176912330615,0.9242772398768719,0.11822845441854661
967,0.5930335712964525,0.9243012589718141,0.11816795675063595
968,0.5930744746754704,0.9243229299600347,0.11813505458472999
969,0.5930753052311686,0.9242895722409791,0.11794362536350413
970,0.5931681289569577,0.9243448968635051,0.1178793377201012
971,0.5931310919405552,0.924316688838405,0.11786381582884489
972,0.5930694201166039,0.9243163160620514,0.1178425324741746
973,0.5931702220748841,0.9243311041384255,0.11778595936041675
974,0.5932449089684245,0.924342698635936,0.11772534369738999
975,0.5931961412824381,0.9243135029456518,0.11769362718159511
976,0.593265108273609,0.924332141763327,0.11761472241367843
977,0.5933423002756879,0.924363612542284,0.11757586054816477
978,0.5933370731177192,0.9243633050978688,0.11762635394625251
979,0.5932811372264944,0.9243490665783871,0.11757634509030492
980,0.5933316713246967,0.9243507882671126,0.11754340871576044
981,0.5934328327809486,0.9243465416911267,0.11742529512456099
982,0.5935026822486771,0.9243709719929744,0.11736305671383239
983,0.5934810773206233,0.9243689005862266,0.11732417144217147
984,0.5935975919513016,0.9243799647421207,0.11730059184680094
985,0.5939396835203391,0.9244035726301575,0.11693388789911512
986,0.5938717523600758,0.9243974852307354,0.1168838904875964
987,0.593939045144204,0.9243824973154915,0.11671158216018229
988,0.5940112248889726,0.9243876777538885,0.11666418710179707
989,0.5940854249537199,0.924384361197259,0.1166107969817606
990,0.5940854487525178,0.9243712755943344,0.1165881115079305
991,0.5942647963607594,0.9243761678035922,0.1165293059702991
992,0.5942322436967954,0.924350011969964,0.11643779594196889
993,0.5942643979487684,0.9243080957669985,0.11639788012622464
994,0.5942207800028237,0.924299525753923,0.1163618588271655
995,0.5941871887043504,0.924282762347181,0.11635316399214414
996,0.5941309923684077,0.9242920548546323,0.1163434772995057
997,0.5941124354915545,0.9242695422373248,0.11633398015772221
998,0.5939058278652601,0.9242163120798776,0.1163084964952981
999,0.5939404013706846,0.9242000751716968,0.11624479070096728
1000,0.5938222000326584,0.924164200251491,0.1162033602940658
1001,0.593878944461475,0.9241589736964316,0.11618609992535552
1002,0.593897707511662,0.9241461955379224,0.11577690420083707
1003,0.5939132518600149,0.9241147324450757,0.11573547126687826
1004,0.593945946072569,0.9241127302133213,0.11569460364346298
1005,0.5939601600201744,0.9240964356593125,0.11573300546364014
1006,0.5940474003689553,0.9241409074939799,0.11568055339483427
1007,0.5940404312092983,0.9241419797063781,0.11574942231901203
1008,0.5940144664564374,0.9241386746789141,0.11571695886261679
1009,0.5940641393307019,0.9241410420009116,0.11568807165071893
1010,0.5942347650447041,0.92414121109534,0.11567397421512841
1011,0.594357301622274,0.9241756717712355,0.1156237614869541
1012,0.594368077549881,0.924191093951716,0.11557534293201495
1013,0.5943515831624974,0.9241618406156039,0.1155553174881419
1014,0.5944669038834879,0.9242064085266511,0.1154978243825675
1015,0.5944750012459125,0.9242125612580115,0.11548428826632877
1016,0.5944804750883546,0.9242033532977745,0.11544621888329144
1017,0.594588088492278,0.9242640889420092,0.11535243720613524
1018,0.5945394026364167,0.9242292747050361,0.11535437438395581
1019,0.5945619952750116,0.9242629859851694,0.11527837297823888
1020,0.5946561816166426,0.924269303967903,0.11522342549905154
1021,0.5946733525781859,0.9242600268326725,0.11518213508934307
1022,0.5947748740586825,0.9243026770591795,0.11511235326251672
1023,0.5947563355089945,0.9243150709121697,0.11507622358917222
1024,0.594785280908426,0.9243270035985369,0.11502246713025281
1025,0.5947305404035683,0.9242874777759,0.11497975421416713
1026,0.5947619663202912,0.9242920586976875,0.11498865694327248
1027,0.5949203043696966,0.924287577695335,0.1149062591517946
1028,0.5949410574475655,0.9242449966438214,0.11486137855591089
1029,0.595003178682671,0.9242751031381858,0.11479007327917551
1030,0.5948886789489396,0.924211081681763,0.1147346816419249
1031,0.5949581047998544,0.9241915628044493,0.114720656522006
1032,0.5949857006052255,0.9242145404314347,0.11467960563033747
1033,0.5950002939325713,0.9241797454097377,0.11468959603219017
1034,0.5950312253723512,0.9241923583168737,0.11465033405198007
1035,0.5950949526776079,0.9241846184037196,0.11458995714034076
1036,0.5951274049363501,0.9241831503566367,0.11455054522888203
1037,0.5951234514379177,0.9241453385366148,0.11452213166758211
1038,0.5950108921147518,0.9240658603122148,0.1145452111109579
1039,0.5951838139903253,0.9241039027155481,0.11450243694328165
1040,0.5951770347543568,0.9240926925235567,0.11443881196721575
1041,0.5952151046171607,0.9240664905732662,0.1144197218881299
1042,0.5952619684413395,0.9240971235661917,0.11434736581999047
1043,0.5952569087138051,0.9241126033925,0.11428188263381997
1044,0.5952783339358296,0.9240789228568083,0.11424165496243073
1045,0.5953593427615241,0.9240922428860994,0.11420450631473374
1046,0.5954415351969223,0.9241004324367109,0.11412248958924125
1047,0.5954518647727407,0.924091285965357,0.11404306831074795
1048,0.5955737896687014,0.9241347547626195,0.11397575705107846
1049,0.59555637620366,0.9241085105387219,0.11390575650387134
1050,0.5954435858251779,0.9240951405497132,0.11384403312636422
1051,0.5954870136229234,0.92408751977127,0.11383021535555594
1052,0.5955112568606781,0.924094994513616,0.11363324911531839
1053,0.5955715696604996,0.9241444623200313,0.11356160942416235
1054,0.5955834975910353,0.9241444815353073,0.11356951367601374
1055,0.59562521838154,0.9241507879888753,0.11354414718825812
1056,0.595799111895779,0.9242157586799302,0.11348389300781624
1057,0.5957482740416528,0.9241781082682264,0.1134626451751591
1058,0.5957174448969667,0.924174092275552,0.11341689846497201
1059,0.5956872655811262,0.9241867359271296,0.11338621418671148
1060,0.5956774352080925,0.9241576555285013,0.11337169090803839
1061,0.5957137970095893,0.924182289512274,0.1133582151215409
1062,0.5957876488290815,0.9242247360568558,0.11330686614921835
1063,0.595798932857912,0.9242421181954836,0.1132720429653551
1064,0.5958003009632798,0.9242321685255948,0.1132536246056194
1065,0.5958660623724054,0.9242299818271912,0.1132430932515029
1066,0.5958587512876437,0.924214102323143,0.11320091616287005
1067,0.5957596968065391,0.9242225608876179,0.11313066638904559
1068,0.5958551407332426,0.9242445085758122,0.11306503508708145
1069,0.5957696177773142,0.9242164119993126,0.11303542475555776
1070,0.5957511333343171,0.9241972120955796,0.1130690639462414
1071,0.595786688334783,0.9242055015656261,0.11299145951941898
1072,0.5957720626809246,0.9241769630377795,0.1129478886687666
1073,0.5957857755721591,0.9241878273548039,0.11293785824255842
1074,0.5958395199709765,0.9242132453218355,0.11285048060988322
1075,0.5958361121614353,0.9242066929127353,0.11283325741251223
1076,0.5958650661927533,0.9241923967474256,0.11280170346921206
1077,0.5959406125102089,0.9241888995672021,0.1127497228546018
1078,0.5958833214618884,0.9241651956027854,0.11287486954500475
1079,0.5959300628282765,0.9241691001468593,0.11282453308401026
1080,0.595952842143366,0.9242133413982152,0.11277269383421103
1081,0.5961727464774327,0.924174576500506,0.11273269362350312
1082,0.5961066491669913,0.9241701108703745,0.11272213148875587
1083,0.5961602182436692,0.9241707795619777,0.11269819776713529
1084,0.596174147155385,0.9241828044816696,0.1126550100088979
1085,0.5961351224998064,0.9241160198685646,0.11251503667899172
1086,0.5961893734162829,0.9241341437168442,0.11245942548801544
1087,0.5962396831450079,0.9241658527652231,0.11239129886800822
1088,0.5962905705425633,0.9242026115881227,0.11235523526574462
1089,0.5962906927979109,0.9241920085988513,0.11234204418568716
1090,0.596293587184636,0.9241815285873461,0.11232511612172587
1091,0.5963663041590013,0.924169215438515,0.1122837022226916
1092,0.5963604973849539,0.924152371327614,0.1122300113691801
1093,0.5964633875384628,0.9242254201206798,0.1121608441598926
1094,0.5965455175564844,0.9242833810790667,0.1120842706942851
1095,0.5965155124531489,0.9242984343262489,0.11207244213876619
1096,0.596557744296554,0.9242982229582134,0.11205299787237818
1097,0.5965779382581812,0.9243032957910652,0.11206614352673358
1098,0.5967647747516462,0.9243371838517372,0.11196594745057908
1099,0.5966405865529433,0.9242945028807887,0.11198025598299169
1100,0.5966424737500369,0.9242772744643686,0.1119837228560772
1101,0.5966738111803486,0.9242862364690735,0.111933715878324
1102,0.5966138947463907,0.9242567756079811,0.11192542672995624
1103,0.5965217474384272,0.9242284753495564,0.11191323467901824
1104,0.5967017680987313,0.9242295052883476,0.11184131057694215
1105,0.5969069741443083,0.9243029576022084,0.1116284258875902
1106,0.5969895157358478,0.9243066968949091,0.11157344772031895
1107,0.5971522143885614,0.9243492472019811,0.11146177379526287
1108,0.5974135980897443,0.9243909943105182,0.1114065777736411
1109,0.5973992976412044,0.9243685047515419,0.11136593792232508
1110,0.5974542324749267,0.9243735237816211,0.11126418753295819
1111,0.597529643539989,0.9243853872929949,0.11123104871111114
1112,0.5975285524360792,0.9243697691166997,0.11121196444783203
1113,0.597594139330412,0.9243721095373109,0.11114469371254082
1114,0.597594139330412,0.9243721095373109,0.11119036607923154
1115,0.5976244686155722,0.9243416264235378,0.11117166996268732
1116,0.5975823226742154,0.9243292979024859,0.11112474370632683
1117,0.5975663393212408,0.9242991798789559,0.11106992122612129
1118,0.597659333946474,0.9243288943816909,0.11090552878951448
1119,0.5977363870524125,0.9243351508755414,0.1108634604620472
1120,0.5977693599513866,0.9243313231925714,0.11083476516742403
1121,0.5980142483048095,0.9243596349801616,0.1107661523001825
1122,0.5980100424711844,0.9243265232166381,0.11072943787195891
1123,0.5981620362832462,0.9243023888300402,0.11065320835598029
1124,0.5982174304302934,0.9243116198486083,0.11062218636944536
1125,0.5981820722537409,0.9243272572401795,0.11056757311627778
1126,0.5982117361859224,0.9243303393704425,0.11055475268223901
1127,0.5982023634709893,0.9243135375331486,0.11053579819556411
1128,0.5981725267091966,0.9243030190910915,0.1105270189700703
1129,0.5982085230317783,0.9242697997220226,0.11046029243693584
1130,0.5982794590663951,0.9242720286940332,0.11042030304933816
1131,0.598392684328131,0.9242953790973722,0.110381507242679
1132,0.5983934225089708,0.9242825970958078,0.11033171916990885
1133,0.598396093834866,0.9242863748190603,0.11028315854604441
1134,0.5984222432468667,0.9243642735477768,0.11024548146433694
1135,0.5985315758095855,0.9244172462205262,0.11018433541803357
1136,0.5985341923742954,0.9244183799218075,0.11015405784842304
1137,0.5985189058880851,0.9244138720180688,0.11014468009182495
1138,0.5986746135584181,0.924472605430549,0.11004845900416124
1139,0.5986979633821882,0.924467044529688,0.11000875291671476
1140,0.5986985859841369,0.9244845189016404,0.10996462511004264
1141,0.5988352425529246,0.9245088646562738,0.10994386539191107
1142,0.5990622624761269,0.9245685934200485,0.10986685920148706
1143,0.5991467677335683,0.9245440670418211,0.10982940872790857
1144,0.5992382042381138,0.9245610571888194,0.10979588413124326
1145,0.5993479641585386,0.9245815906327036,0.10974438198440742
1146,0.5993943024392132,0.9245284411794155,0.10966807825196608
1147,0.5994128139857127,0.9245219387300327,0.10963416124515815
1148,0.5994215916885548,0.92452238836749,0.10962785528228994
1149,0.5993291030124058,0.924531957574915,0.10957636254580316
1150,0.59937605945718,0.9245310659861108,0.10959724355746418
1151,0.5994708063897024,0.9245448125945281,0.109561173037425
1152,0.5993198923418108,0.9245343056816366,0.109558964924329
1153,0.5993543950639567,0.9245284027488636,0.10949532517020297
1154,0.599348087499926,0.9245105440713921,0.1094704665738786
1155,0.5993679630394388,0.9244764484857398,0.10943416382412541
1156,0.5994353179827221,0.9244672520546683,0.10939621263340524
1157,0.5994345124817997,0.9244241521907041,0.10937206948098521
1158,0.5993789588797604,0.9244263081446661,0.10931626628735226
1159,0.5994962765723253,0.9244607803497271,0.10924564240021942
1160,0.5995472730775427,0.9244223267394884,0.10917751644012487
1161,0.5996165423251028,0.924449155107775,0.10906136350272264
1162,0.5995562453949097,0.92442346812688,0.10904997973757526
1163,0.5996400220003941,0.9244463035608235,0.10898457509721651
1164,0.5995805848920399,0.9244467800996672,0.1089685815049924
1165,0.5995713632528626,0.924414540709672,0.10894244116362317
1166,0.5996221441087178,0.9243947067018324,0.10887138646983721
1167,0.5996317916021116,0.9244142063638704,0.10880217497351834
1168,0.5996218223891234,0.9243879928844142,0.10876028809645283
1169,0.5995687018595266,0.9243612874938937,0.10873911749355361
1170,0.5995676615903548,0.9243371531072957,0.10869995174124747
1171,0.5997435688808639,0.924382608764092,0.10864657476797368
1172,0.5997788052823122,0.9243998909832848,0.10861978219036475
1173,0.5999154452209234,0.9243954484114842,0.10857065159117259
1174,0.6000106185090008,0.9244078192061433,0.10848298190524967
1175,0.6000149950971797,0.924410855219744,0.10842945954230702
1176,0.6001196274982039,0.9244177804051977,0.10838750363819388
1177,0.6002056036678928,0.92444260654173,0.10838538244834461
1178,0.600143266977825,0.9244277761917489,0.10837186486970142
1179,0.6003237015823896,0.9244266309613021,0.10832142013263753
1180,0.6003733675557067,0.9244651345312582,0.10830115293973318
1181,0.600440734130322,0.9244850223418704,0.10826238897728296
1182,0.6004369412356834,0.9244604767483671,0.10824268173355756
1183,0.6004125691639317,0.9244563954237545,0.10824122168825266
1184,0.6003657565676943,0.9244154322984762,0.10820586479255384
1185,0.600343385123321,0.9244195827980822,0.10819199864786153
1186,0.6005051310950467,0.9244444512082216,0.1081415251284976
1187,0.6005030439476693,0.9244624136481832,0.10809099918982651
1188,0.6005566088100924,0.9244703418710417,0.10804244101967812
1189,0.6005206067216398,0.9244544200933864,0.10800048576441698
1190,0.6005044113646765,0.9244163392595012,0.10794690182844
1191,0.6005423756221245,0.9243706145888416,0.1079305099587107
1192,0.6005153145119904,0.9243609224036505,0.10789369665492672
1193,0.6005608856918239,0.9243265078444174,0.10787856128667166
1194,0.600379519364943,0.924253528226345,0.10782831333570499
1195,0.6003848768037403,0.924254173859617,0.10780553133543869
1196,0.6003848768037403,0.924254173859617,0.10779508792469027
1197,0.6004553586952768,0.9242740040244013,0.10775168353640847
1198,0.6004904824477633,0.9242771322713266,0.10771726093320343
1199,0.6004953775776956,0.9242748341243224,0.10771025220111362
1200,0.6006758456833461,0.9243100249807042,0.10766686557280146
1201,0.6006060270976592,0.9243397394834392,0.10754668007948871
1202,0.6005798723309943,0.9243182260604813,0.10748712198726107
1203,0.6006306353412415,0.9243140063858818,0.10747403994398184
1204,0.6007078835142909,0.9243037531146329,0.10745404492378276
1205,0.6007235758075852,0.9242837922859721,0.10744195888948152
1206,0.6006494639635078,0.924274119316057,0.10739962933650903
1207,0.6006774885342253,0.9242767056922003,0.1073522687951901
1208,0.6007014382899744,0.9242590161091574,0.10726145119876324
1209,0.6007176846591296,0.9242667368070355,0.10723953057707303
1210,0.6007354848220146,0.9242512185501753,0.10723907574117175
1211,0.6008371587652098,0.9242374565695373,0.10718929372949047
1212,0.6010559717634119,0.9242773782268587,0.10713056451500017
1213,0.600995325945247,0.9242715329399136,0.10714040606841606
1214,0.6010311033374686,0.9242321838978155,0.10713221503127922
1215,0.601085150020553,0.9242578324481586,0.10712801449027974
1216,0.6011920459394897,0.9242381444764164,0.10707088256632752
1217,0.6013286398692724,0.9242807370570955,0.10700279472305566
1218,0.6012984244877022,0.9242659681959974,0.10693802886389979
1219,0.6012681645080186,0.9242279680662713,0.10693455887643644
1220,0.6013294922196406,0.9242264808039125,0.1069016476041131
1221,0.601363943557,0.924210032527696,0.10692023499924244
1222,0.6014083078748482,0.9242019928562369,0.10689601884831058
1223,0.6015076690917254,0.924184245627366,0.10683368337132201
1224,0.6015076690917254,0.924184245627366,0.10684064406128349
1225,0.6015202511362183,0.9242103630304424,0.10682544511059565
1226,0.6016283126695866,0.9242340055059759,0.10677744862289436
1227,0.6017306192363047,0.924262052122758,0.10674760972379979
1228,0.6016851016018223,0.9242447276299581,0.10673970439073445
1229,0.6016925288307862,0.9242435247536834,0.1067004267789174
1230,0.6017124366411525,0.924246679901995,0.10670332894390855
1231,0.6018449929555317,0.9242769285894015,0.10664531848491822
1232,0.6019009192091519,0.9242826278402493,0.10657248305957372
1233,0.6019662209695751,0.9242914207505257,0.10653921208741747
1234,0.6020460104659944,0.9242956673265116,0.10653391954631154
1235,0.6020616024491349,0.9243010168593371,0.10646065039249585
1236,0.6022319114959265,0.9242650766071931,0.10639366850967218
1237,0.6022985679951589,0.924278108407345,0.10637013711938276
1238,0.6022982190510724,0.9242586548619695,0.10635479148852865
1239,0.6022616025553391,0.9242696959595325,0.10632277560761046
1240,0.6022894522788117,0.924255484341437,0.10629605862545362
1241,0.6023336452810979,0.9242669443320158,0.10627655598198059
1242,0.6023323473330163,0.9242664370487307,0.10617532592027347
1243,0.6023551886150501,0.9242713676885405,0.10610389014768672
1244,0.6023857418438519,0.9242386556027568,0.10608353557952559
1245,0.6023704168348168,0.9242263270817048,0.10600710140895372
1246,0.6023207128860111,0.9242365111779602,0.10603754683128624
1247,0.6028322167713651,0.9243301587468485,0.10500430506528252
1248,0.6029074481234687,0.924351783618407,0.10490215943663507
1249,0.6029472538175114,0.9243424987970661,0.10484070406190753
1250,0.6029078289839711,0.9243555229111076,0.10481352866600219
1251,0.6028032561289028,0.9243340171742601,0.10423867305199727
1252,0.60280733290479,0.9243070427698762,0.1041967249675805
1253,0.60280718062067,0.9242651688405177,0.1041771576423789
1254,0.6028382491021733,0.924277020822726,0.10415308409755009
1255,0.6028161971557315,0.9242683701054917,0.10413891346804587
1256,0.602871889411258,0.924276113861701,0.10411422159408129
1257,0.6029086302718558,0.9243071657476423,0.10407818842989994
1258,0.6028367230127107,0.9242953598820963,0.10403666299443658
1259,0.6028088921571083,0.9243020198967419,0.1040020643953258
1260,0.6028412969636033,0.9243336213395754,0.10398575052780717
1261,0.6028500400574742,0.924332364660528,0.10390408054344653
1262,0.6029356949579359,0.9243580785428094,0.10388697844333782
1263,0.6029501621599602,0.9243427908692605,0.10386101826379818
1264,0.6029176181545564,0.924329843616323,0.10385738074318399
1265,0.6029179920577955,0.9242933576503419,0.10382336104384035
1266,0.6029140193136808,0.9243248860751269,0.10378843706479239
1267,0.602989255022434,0.9243160701065193,0.10372984971117423
1268,0.6029289124307164,0.9242932039281343,0.1037210202568388
1269,0.6029382573096647,0.9242935728614325,0.10366587614569316
1270,0.6028894140255896,0.9243097290654545,0.10361597292478163
1271,0.6028921732142384,0.9242968279291791,0.10357504829593299
1272,0.6028816724779636,0.9243039913840547,0.10355358784991935
1273,0.6029398933989362,0.9243001790733055,0.1035128801431958
1274,0.6029389999812992,0.9243041451062624,0.10349742168454427
1275,0.6028979146816826,0.9242723130801174,0.10346711238359535
1276,0.6030230942172498,0.9242947449932658,0.10340993971475484
1277,0.6029967133801826,0.924294003283614,0.1033675673604136
1278,0.6028860084372812,0.9242733045883565,0.10334621742490464
1279,0.602959368139684,0.9242354235933413,0.10332166029384983
1280,0.6029826132243267,0.9242227338251015,0.10332342866720058
1281,0.6030671370122028,0.924229574463341,0.10326973994357182
1282,0.6031121210179178,0.9241832080024646,0.10325188030133714
1283,0.6032350976481453,0.9242003095980634,0.1032109950224919
1284,0.6033675939014894,0.924211562063662,0.10318337834165917
1285,0.6033667536543943,0.924215712563268,0.10322158207950148
1286,0.6033596504408609,0.9242527480861412,0.10317202548557937
1287,0.6034408412872833,0.9242909787991789,0.10309207338195212
1288,0.603428047995136,0.924300490360776,0.10303968034255438
1289,0.6035086206108091,0.9243406349152986,0.10303538107191412
1290,0.6035610491864185,0.9243190753756785,0.10300736848488429
1291,0.6035829873411289,0.9243423028012514,0.10294107632638376
1292,0.6035703739351391,0.9243633934881382,0.102910521323481
1293,0.6036328897167712,0.92438528737356,0.10289290892845046
1294,0.6035993900804091,0.9243760179244398,0.10288218017873516
1295,0.6036547630574403,0.9243600077565152,0.10284501463690268
1296,0.6036466511015708,0.924316950166158,0.10282050281741566
1297,0.6036175288632787,0.9242823895708275,0.1028144890609998
1298,0.6036584850685986,0.9242947065627138,0.10278496299295245
1299,0.6035905371768093,0.924259169831365,0.10280384754553289
1300,0.6035803529304079,0.9242618061672259,0.10274204047939288
1301,0.6035911261274549,0.9242164350576438,0.10272491364160542
1302,0.6035952778484068,0.9242315305784331,0.10265365196508569
1303,0.6036438184982837,0.9242689081332184,0.10259678945654492
1304,0.6037042629199719,0.9243560494096686,0.10249384751667746
1305,0.6038069133783079,0.9243729088927906,0.10250214532927306
1306,0.6038433548451883,0.924377532088185,0.1024435734054115
1307,0.6038484060356388,0.924380514299013,0.10243697304649309
1308,0.6037508789461481,0.9243338980395491,0.10244752619357787
1309,0.6037214657042762,0.9243097444376753,0.10242223010576453
1310,0.603708165386139,0.9243409769472105,0.1023928591565442
1311,0.6036355610367419,0.9243268575624397,0.10241583942889014
1312,0.6037433570616371,0.9243463764397536,0.1023940333661456
1313,0.6037141460307134,0.9243670520766798,0.10236316502444912
1314,0.6038335197922997,0.9244107053405916,0.10231780777418314
1315,0.6038498201592345,0.9244170617538771,0.10229463529679045
1316,0.6038435432994932,0.9244113932474707,0.10227325417047162
1317,0.6038820729475064,0.9244495086688526,0.10224213464829411
1318,0.6038887379088667,0.9244734201582495,0.10220611971709162
1319,0.6040791783484466,0.9245224229549868,0.10222697172114019
1320,0.6040662814166857,0.9245175076873978,0.1022123059125064
1321,0.6041253293475325,0.9245094103701109,0.10219214676447862
1322,0.6041411594688619,0.9245132073086394,0.10216446222347128
1323,0.6041125115916733,0.9244871936680531,0.10213598758454726
1324,0.6042710953417695,0.9245187682095004,0.10209401949850548
1325,0.604173915367185,0.9244655649534396,0.10214769276930681
1326,0.6041949615702316,0.9244766905982168,0.10204763787915236
1327,0.6041736898554827,0.924471840662566,0.10201649352203991
1328,0.6041903990147842,0.924472201909754,0.10199440406588363
1329,0.6042154226885235,0.9244760641802208,0.10191321250896189
1330,0.6042233902124143,0.9244579172736099,0.10186067461006745
1331,0.6043395631865123,0.9244607265469544,0.10177965844364172
1332,0.6043352723111551,0.9244521719060999,0.10175540347564672
1333,0.6043762563473716,0.9244478292537343,0.10172896448285286
1334,0.6043879111788062,0.9244538397920526,0.10168497336337216
1335,0.6043694449856118,0.9244634435869743,0.10164877224985332
1336,0.6050626927733821,0.9245144793599075,0.10100536758230101
1337,0.6050978239796404,0.9244757298344192,0.10092806859993196
1338,0.6052086464175221,0.9244977505406622,0.1009003333537316
1339,0.6056422860537564,0.9244724401791758,0.1002825016503405
1340,0.6058248662482304,0.9245601156402977,0.09962996642399323
1341,0.6058942664391754,0.9245867979724871,0.09960793658448072
1342,0.6059008798089747,0.9245918285317318,0.09957122249142868
1343,0.6059787085461208,0.9245882967640114,0.09952664427866979
1344,0.605983798285799,0.9245595891417365,0.09952099769779736
1345,0.6059102982709287,0.9245618642304095,0.0994832861202165
1346,0.6060054280081233,0.9245417804239826,0.09936433655088284
1347,0.6060326466450936,0.9245269462309463,0.09935503818005836
1348,0.6060069242872718,0.9244950219714767,0.09934396241793983
1349,0.6059399674217034,0.9244846572516272,0.09933523184813993
1350,0.6059867260565791,0.9244783238966728,0.09931611130176285
1351,0.605997888990842,0.9244794037951815,0.09932964717137088
1352,0.6059599815653886,0.9244801147603918,0.09929096743397542
1353,0.6060095300006242,0.924501778062502,0.09927923557577177
1354,0.605980790656183,0.9244892112720283,0.09924928551976639
1355,0.6060382373795071,0.9244957982686253,0.09920751382072616
1356,0.6060619089077797,0.9244973662351431,0.09919826351282869
1357,0.6061158364198069,0.924509936868672,0.09916820068898696
1358,0.6061744004529969,0.9245582556015853,0.09911381251486309
1359,0.606194422115807,0.9245463382874388,0.09909124863836069
1360,0.6061938809286977,0.9245186567608998,0.0990774638929844
1361,0.60617650355442,0.9245224652285938,0.09907267625480859
1362,0.6060741556608791,0.9244959174033361,0.09904035959875511
1363,0.6060404749659998,0.9244779280619883,0.0989962526272737
1364,0.6061250977078416,0.924483100814275,0.09896267905815814
1365,0.6061387486673944,0.9244713525945568,0.09892954839811867
1366,0.6061217639068102,0.9244274264737266,0.09891024192059195
1367,0.6062507653370114,0.9244290597721826,0.09885141562905356
1368,0.6062717264900013,0.9244551771752589,0.09881006670239562
1369,0.606292808255741,0.9244497623104952,0.098774990783764
1370,0.6064287080234214,0.9244274687473336,0.09863740738223123
1371,0.6063793881542299,0.9244282604167029,0.09863752054591032
1372,0.6064003129792157,0.9244490667175057,0.09859715024993236
1373,0.6064433416016374,0.9244642660007851,0.09852868644074388
1374,0.6064969399637544,0.9244721673222573,0.0984881933549338
1375,0.6064042280969807,0.9244380486782738,0.09850685873619662
1376,0.6064909255597848,0.9244694963988997,0.09843473193852223
1377,0.6065318938689489,0.924482839486522,0.09841554538038355
1378,0.606550652896675,0.9245050177580278,0.09837454160206938
1379,0.6065908567546461,0.9245071391244931,0.09837347944176197
1380,0.6066851669643262,0.9245495549246335,0.09816839962847823
1381,0.6067622101821926,0.9245213622717541,0.09815244056725743
1382,0.606792169303266,0.9245321920012817,0.09813107768443956
1383,0.6067914516453518,0.9245435251710392,0.09814560222050939
1384,0.6068142988243049,0.9245270346212157,0.09812924242828142
1385,0.6068749220901658,0.9245401817130232,0.09810480224998636
1386,0.6069129394649047,0.924549343556598,0.09808338593484306
1387,0.6068501281703422,0.9245598619986551,0.09804741853950888
1388,0.6067445885131406,0.9245226842827398,0.09803905316073529
1389,0.6067364703979208,0.9245034690067859,0.09806234081098457
1390,0.6066900532500412,0.9244420300834514,0.0980779874179955
1391,0.6065912029612381,0.9244288983638645,0.09803605921692457
1392,0.6065320112562549,0.9244354277146337,0.09801867503426723
1393,0.6065731234128882,0.9244403583544434,0.09802033633892412
1394,0.6066044387544158,0.9244538551642734,0.09800485145435876
1395,0.606628611342582,0.9244574330486559,0.09798094070125091
1396,0.6067072046897125,0.9244843267488808,0.09793212975078805
1397,0.6066599795866927,0.9244950027562008,0.09792602029253732
1398,0.6065884770129569,0.9244764292704638,0.09790026154164426
1399,0.6065781357229927,0.9245396859589037,0.0978167033094259
1400,0.6066883787833983,0.9245505541189831,0.0977861197657973
1401,0.6066562356846502,0.9245436635210261,0.09773937466883602
1402,0.6066343137150847,0.9245283796905325,0.09772111498271566
1403,0.6066119900630482,0.9245254858699739,0.09774075103160113
1404,0.6065873634611115,0.9245140143502294,0.09770978584525987
1405,0.6066572764747697,0.9245321458846194,0.09767085443650567
1406,0.6067090412926859,0.9245400241477604,0.0976454086632436
1407,0.6067538371062292,0.9245524756465785,0.09762913679305033
1408,0.6067632615092188,0.9245621524595488,0.09760061818603034
1409,0.6067186215723448,0.9245517185647059,0.09757598835673502
1410,0.6067422722803686,0.9245319345165839,0.0975088447264223
1411,0.6067385112953606,0.9244999218668449,0.09745863571341767
1412,0.6067183994167964,0.9244925662592098,0.09743651591150711
1413,0.6067927675908724,0.9244956676047488,0.09741533611375136
1414,0.6069300159349643,0.9245273190072998,0.09738190158443302
1415,0.6069998326212039,0.9245521182424458,0.09736340463919943
1416,0.6070422738886412,0.924559900429207,0.09734496629134654
1417,0.6071322628806243,0.9245968514048661,0.09731024569866324
1418,0.6071935941118638,0.9246430526143693,0.097249794415839
1419,0.6072058462132338,0.9246379451940209,0.09723182424849695
1420,0.6072133781064301,0.9246251631924564,0.0972030940549276
1421,0.6073117748432829,0.9246295750198154,0.09715996550417626
1422,0.6073479037833598,0.9246435598976546,0.0971575009901894
1423,0.6074331575136087,0.9246649964595085,0.0971362807866372
1424,0.6076152654446582,0.9247119316925532,0.0970770143325413
1425,0.607568951901587,0.9246922783083077,0.0970607882974167
1426,0.6075948050782786,0.9246742851239046,0.09703345148777928
1427,0.6076421496567602,0.9246618528403625,0.09702155841257677
1428,0.6076788051661512,0.9246936272206796,0.09696045039482828
1429,0.6076870261692703,0.9247098910302469,0.0969560185181265
1430,0.6077647174501837,0.9246895574252326,0.09693841650171134
1431,0.6078237505076698,0.9246945572400358,0.09691123923621656
1432,0.6076973937032988,0.9246712875408558,0.09690742898847521
1433,0.6076459559751947,0.9246692353493839,0.09688989213486798
1434,0.6076646399491802,0.9246560921006316,0.0968802478131247
1435,0.6076867701025359,0.9246974664328153,0.0968463226143686
1436,0.6076691012801273,0.92469897291045,0.09685267610415112
1437,0.6075661806002873,0.9246858834644703,0.09684166501591406
1438,0.6075362350950478,0.9247023509559626,0.09680673527818955
1439,0.6075081543635523,0.924692747161041,0.09679182780858771
1440,0.6076538997353985,0.9247160706629937,0.09675556863994206
1441,0.6076526270026505,0.9247157401602473,0.0967034945209879
1442,0.6078170441969986,0.9247307511338223,0.096645338189329
1443,0.6076638098627234,0.9247260203328825,0.09662891865757935
1444,0.6076334731422114,0.9246660878871827,0.0966172214953552
1445,0.6076088477037249,0.9246711415047586,0.09658051183184556
1446,0.6075830566384058,0.9246641855748633,0.09654951593540352
1447,0.6075286945537262,0.9246121313923046,0.09650346285091581
1448,0.6075041206663853,0.9246066780969888,0.09649058093445878
1449,0.6074709374851704,0.9246340329638366,0.09647531572793462
1450,0.6075047125040879,0.9246317386598878,0.09645984150752392
1451,0.6075660291933564,0.9246448050475363,0.09644406678379218
1452,0.6075678997051108,0.9246574563852243,0.09640097117982338
1453,0.6076716542862107,0.9246967055078874,0.09629076074434365
1454,0.6077301218798409,0.9247073699860417,0.09625650265709325
1455,0.6077716065106108,0.9246546009952176,0.09623313014818123
1456,0.6077518722022028,0.9246825861231166,0.09621300505719693
1457,0.6077409063640912,0.92468648298108,0.09620101141987876
1458,0.6077964669959781,0.9247335335057805,0.0961577220670133
1459,0.6078350749777041,0.9247368346901893,0.09610820446353638
1460,0.6076832650721258,0.9247108133634927,0.09609657920408164
1461,0.6075436568274163,0.9246863907477555,0.09607876865499101
1462,0.6075456774328266,0.9246900301210211,0.09604397370774051
1463,0.6075450519270377,0.9246493129512751,0.09602533664999206
1464,0.6074865713970826,0.9245923473441825,0.09603531344694646
1465,0.6075250479335139,0.9245858218364686,0.09600717975015599
1466,0.6076185322438948,0.92462946741427,0.09580692329507523
1467,0.607609911532261,0.924564535153767,0.09577685561432964
1468,0.6076159569938199,0.9245701806018423,0.09576271378761186
1469,0.6076235866719183,0.9245877049335121,0.09573735193988163
1470,0.6077325511035792,0.9246091261231454,0.0956961282942185
1471,0.6077494701757464,0.924592112917816,0.09566377257721603
1472,0.6077084009849716,0.9245958445244061,0.09565788530303115
1473,0.6077917443116203,0.9246135571657803,0.09563530043894597
1474,0.6078359900707063,0.9246143219337633,0.09561037821088031
1475,0.6077980482032016,0.9245965939201684,0.09560615272729726
1476,0.6078354086737511,0.9246194062957807,0.09559003417698464
1477,0.6078398770847919,0.9246187952500053,0.09557357384857643
1478,0.6078687034358227,0.92463581229839,0.09558775268971291
1479,0.6079552559198037,0.9246813525024004,0.09553649114537661
1480,0.6080746990155305,0.9247099794205164,0.09549612399945012
1481,0.608060554525774,0.924677878380508,0.0954707344714618
1482,0.6080643184218333,0.9246964672384657,0.09544201520867111
1483,0.6080168075272917,0.9246588475712033,0.09542389871063013
1484,0.6081046441655318,0.9246533481592254,0.09540465594815914
1485,0.6081649043776614,0.9246720676810596,0.09537727105248701
1486,0.6082221370846886,0.9246959176815733,0.09534145761831482
1487,0.6082477136858532,0.9247153058950107,0.09528731291618703
1488,0.6082311053497954,0.9247004448005881,0.09527688536769202
1489,0.6081835145077854,0.9246958830940766,0.0952428474642857
1490,0.6081417661310383,0.9246942228942342,0.09521308824292044
1491,0.6081231686844163,0.9246817406509746,0.09520189708196351
1492,0.6081767516349015,0.9247208283653198,0.09516612718514361
1493,0.6082021506256683,0.9247285452201428,0.0951323180958631
1494,0.6081793747732924,0.9247102522774349,0.09514750470176359
1495,0.6081499604605918,0.9246895766405087,0.09515374053573204
1496,0.6081379909509963,0.9246849957187212,0.09513951916089061
1497,0.6081544581713938,0.9246935811040173,0.09513065887378179
1498,0.608352590700778,0.9246701384673538,0.09503019607915254
1499,0.6085538942051099,0.9246879164406662,0.09496993655996676
1500,0.6084655665301846,0.9246637320943508,0.09496009325086395
1501,0.6084727056521584,0.9246749653446733,0.09495874429572179
1502,0.6085279207516576,0.9246869210893718,0.0949303892179641
1503,0.6085657406503675,0.9246866520755085,0.09491790578603153
1504,0.6085957054313057,0.9246917594958569,0.09490118218751416
1505,0.6086812734087667,0.9246902607043326,0.09487127502787587
1506,0.6087820535564001,0.9246996838756603,0.09485532772706393
1507,0.6088128573117767,0.9247176424725667,0.09482727262486663
1508,0.6088979226854035,0.9247240680608456,0.09481494138740455
1509,0.6088672450564707,0.9247039611960876,0.09479449055748433
1510,0.6089111476723672,0.9246985847618757,0.0947605222633546
1511,0.6088286849372025,0.924680015119194,0.09476591204780381
1512,0.6089858764969571,0.9246854453561786,0.09464635945899559
1513,0.6089935685635004,0.924708461413716,0.09463019984493527
1514,0.609068945737597,0.9247190029141042,0.09459518404674316
1515,0.6091475560079526,0.9247054138709497,0.09456870130338192
1516,0.6091200839590102,0.9247377454942695,0.09453096069237912
1517,0.6090916831033628,0.9247157363171921,0.09452606670728919
1518,0.609138495355807,0.9247016668921387,0.09449306703277245
1519,0.6090016407455955,0.9246981504966392,0.094511073583882
1520,0.6090004485898012,0.9247263047189667,0.0944725206061275
1521,0.6089950733890215,0.924674615626651,0.09434306340226678
1522,0.6090537821282579,0.9246699309423735,0.09430682363424545
1523,0.6090937649849224,0.9246998798714751,0.09429602481855892
1524,0.6090742938442448,0.924686360003314,0.0942976970940049
1525,0.609119062039254,0.9247044569502072,0.09428019286941347
1526,0.609159119271073,0.9247254592468247,0.09425025979147297
1527,0.609205087085965,0.9247230957678824,0.09423012023270981
1528,0.609183863986739,0.9247175041225798,0.09421882720083578
1529,0.6092223537745454,0.9246874706462641,0.09420610590244158
1530,0.6093003431411433,0.9247069011333086,0.09416375238715359
1531,0.6091309477989107,0.9247742084019194,0.09342703753584337
1532,0.6091073004888208,0.9247703038578455,0.09341515176402213
1533,0.6091477334279863,0.9247423341021672,0.09337968401008787
1534,0.6092504505409283,0.9247508195680284,0.09331097750594106
1535,0.6093068177896557,0.9247479987655184,0.09330179008675184
1536,0.6092501505958006,0.924702539265667,0.09339447470339733
1537,0.609354965959028,0.9247187146849649,0.09335739744267964
1538,0.6094546205298812,0.924725182546851,0.09331981745022516
1539,0.6094767618230867,0.9247347978709382,0.09330954199341034
1540,0.6094521140447187,0.924731246887942,0.09331107377890314
1541,0.6094626878898979,0.9247345288570749,0.09327845075353232
1542,0.6093902023055304,0.92474933999178,0.09327204400757347
1543,0.6093881318139508,0.9247347171667792,0.0932712442242296
1544,0.6093632187582936,0.9247479334335802,0.09325930280320235
1545,0.6093559931740555,0.9247495897903674,0.09323556698513172
1546,0.6093920349820582,0.9247527910553414,0.09322172982638502
1547,0.6094981257898671,0.9247728633326027,0.09317744538748482
1548,0.6095070623894254,0.9247731169742452,0.09316242918452605
1549,0.6096807444968361,0.9248192797531966,0.09307068806867087
1550,0.6095965001554835,0.9247964981220258,0.09307651775203461
1551,0.6095866528283576,0.9247478373572005,0.09304919643302013
1552,0.6095338459579487,0.9247082692609564,0.09305253530813584
1553,0.6095049498822032,0.9246795846970126,0.09305531261514326
1554,0.6094896657069866,0.9246918978458438,0.09303273437787425
1555,0.6095367206205528,0.92467318601012,0.09299188567682937
1556,0.6095468016664686,0.9246741390878074,0.09298905266358316
1557,0.6095746245583427,0.9246529523245407,0.09296597273866412
1558,0.6096617726027991,0.9246795078359088,0.0929238125647646
1559,0.6096137607586896,0.9246692545646599,0.09291326024842389
1560,0.6097033807694536,0.9246794463470258,0.09286535399809516
1561,0.6097062151666104,0.9246634092777147,0.09285594734327376
1562,0.6097037703607222,0.9246588744725897,0.09283787764074629
1563,0.6097051169411624,0.924647779572254,0.09282134416220343
1564,0.6096871744301232,0.9246524066107036,0.09280696697240165
1565,0.6096247756425699,0.9246275881602818,0.09283227651025396
1566,0.6097201258227773,0.9246678518495153,0.09280483225992406
1567,0.6097398838392751,0.9246597391600075,0.09280320910119959
1568,0.6097775861756746,0.9246901338835113,0.09274799268844099
1569,0.6098263743381606,0.924694561083091,0.09272927000243687
1570,0.6097692167789421,0.924692143801376,0.09272175485217649
1571,0.6097252746865084,0.9246713644019596,0.09269226850218928
1572,0.6097992227146747,0.9247205631945117,0.09264470806317926
1573,0.6097769442379998,0.9247363812096768,0.09261602227498902
1574,0.6097858008145225,0.9247220312415945,0.09259290335133862
1575,0.6098294787093629,0.9247164588115679,0.09257488622815678
1576,0.6098444861571002,0.9247171966781645,0.09253280288087959
1577,0.6098441644562761,0.9247473223878049,0.09250441343067424
1578,0.609811559973223,0.92466935832715,0.09250722409912908
1579,0.609878407594485,0.9246874744893193,0.09248520247093685
1580,0.6098049105579603,0.9246699540007046,0.09246824084131944
1581,0.6099651100570006,0.9247202173195445,0.09231588071471253
1582,0.6100564080297549,0.9247540976941062,0.09215496774014109
1583,0.610208747583826,0.9247803496041141,0.09211164605904379
1584,0.6101893522377916,0.924783185778845,0.09210214805057498
1585,0.6104259991416681,0.9247860257966309,0.0919773638528574
1586,0.6104736882768015,0.9247977163705212,0.0919399151901436
1587,0.6103393994071232,0.9247529908942113,0.09193680312329228
1588,0.6103504700415245,0.92474118118561,0.09193504236483191
1589,0.6103484347254747,0.9247538478955187,0.09192960716282612
1590,0.6103422629950862,0.9247568224202364,0.09192481171049599
1591,0.6103693977778687,0.9247532983386265,0.09189918758533784
1592,0.6104280956126279,0.9247586132839553,0.09188023634295518
1593,0.6104447128421199,0.9247672217275826,0.09186077426897735
1594,0.6104305479521006,0.9247518725651507,0.09184841060908595
1595,0.6104685742331223,0.9247462617045722,0.0918235950173725
1596,0.6104024632051748,0.9247248136135526,0.09181641095263911
1597,0.6104742813110654,0.9246891270030513,0.09181664181491273
1598,0.6104930776220392,0.9246829319980838,0.09179720254115808
1599,0.6105099719018457,0.9246863292588724,0.09176993881423219
1600,0.6104746251528048,0.9246785009554489,0.09177368555845868
1601,0.6105651091626239,0.9246895497391223,0.09175107301344426
1602,0.6105995164524566,0.9246976124689125,0.09172596678600504
1603,0.6105992913820466,0.9247008137338864,0.09170849392767398
1604,0.6105240868445772,0.9246742236350215,0.09171009003301059
1605,0.6105462221454927,0.9246435445254337,0.09169454751061512
1606,0.6106161749011518,0.9246233262120752,0.09168672060813102
1607,0.610612659890392,0.9246211241414509,0.091670411574907
1608,0.610677491341431,0.9246025890862659,0.09165300629787375
1609,0.6105925773582073,0.9245820133687747,0.09166044489202009
1610,0.610656335051259,0.924573620136238,0.09163930397271523
1611,0.6106253738034736,0.9245564070920386,0.09161232158133972
1612,0.6106393847238315,0.9245455427750143,0.09159135463078426
1613,0.6106064612834623,0.9245589665667957,0.09157310287455099
1614,0.6106012781628614,0.9245563263878797,0.09157699416148495
1615,0.6107275206187813,0.9245765485442934,0.09153634414323612
1616,0.6107141272481312,0.9245531212798506,0.09151789395623676
1617,0.6106969747939781,0.9245558767504223,0.09151759668780948
1618,0.610695112380995,0.9245551042963289,0.09150210225977741
1619,0.6106916032615349,0.9245573486405604,0.09147887297518154
1620,0.6107337635170228,0.9245772172358966,0.09145465939251919
1621,0.6108177968607247,0.9245789120232356,0.09143064744040813
1622,0.6108360554101662,0.9245946570203522,0.09142391380926237
1623,0.6107704583100119,0.924584661233801,0.09141642529055083
1624,0.6107868692721453,0.924561652862374,0.09141737654719855
1625,0.6107938357410565,0.9245628941692006,0.09142180473672126
1626,0.6107691565275005,0.9245409387948959,0.09140733713778995
1627,0.6107593918171028,0.9245408734629575,0.09140699855037274
1628,0.6107421672143167,0.9245320344360188,0.09140041048946074
1629,0.6106865787046863,0.9245297439751252,0.09137583164002339
1630,0.610676290203242,0.9245235989298751,0.0913653028491686
1631,0.6107234862105014,0.9244712718903978,0.091368874387671
1632,0.6106922474436624,0.9244718675639524,0.09136110905186018
1633,0.6106812523672054,0.9245051561080148,0.09133723570860479
1634,0.6107759378266785,0.9244965822518841,0.09131251722160869
1635,0.6108751233163653,0.9245489323496926,0.09127737305980216
1636,0.6108552852870287,0.9245403123768997,0.09125863872790493
1637,0.6108367327561727,0.9245272959489687,0.09123640867272892
1638,0.6108245433207228,0.9245413500018013,0.09121443635091254
1639,0.6108632277461351,0.9245448587111904,0.09119553728046033
1640,0.6108187954213882,0.9245409887546133,0.09118655328945192
1641,0.6108196992438457,0.9245578789821767,0.09116595380170504
1642,0.6107950335891132,0.9244880621985263,0.09115360790502262
1643,0.6109274591150253,0.924511266565768,0.09111478434257188
1644,0.6109457702135336,0.9245193139233374,0.0911087033568394
1645,0.610958269408889,0.9245035958276073,0.09105696618656654
1646,0.6109128572010001,0.9245126884961886,0.0910325150419478
1647,0.6108585916657339,0.9245403546505069,0.09101811988115241
1648,0.6109128601855747,0.9245299130695536,0.09101201881650912
1649,0.6110159116309017,0.9245758683235246,0.09097120813069452
1650,0.611078311641293,0.9246132381921994,0.09094851305179222
1651,0.6111183762419116,0.9246409812076215,0.09091520162425307
1652,0.6111638456103439,0.9246265428492698,0.09088515856070918
1653,0.6111949928031595,0.9246204631359581,0.09085559724470957
1654,0.6111772991203792,0.9246189220708266,0.09084258773989998
1655,0.6112241990204902,0.9246231686468124,0.09073609997674241
1656,0.611101077609905,0.9246160013488817,0.09074167816659773
1657,0.6111249005888013,0.9246166623543745,0.09072662221762005
1658,0.6111369114490094,0.9246572642324647,0.09069462747132524
1659,0.6111964690394325,0.9246505158275498,0.09066832295044869
1660,0.6111573428743753,0.9246166354529881,0.09065910629020035
1661,0.6112344377844907,0.9246200288707216,0.09064885790980277
1662,0.6112933612683528,0.924616512475222,0.09061974524939535
1663,0.6112938966243097,0.9245883351945634,0.09061385434229581
1664,0.6113458536834496,0.9246014207974879,0.0905860574913237
1665,0.6113078184983106,0.9246075197260757,0.0905767371627043
1666,0.6113435070128684,0.9246239833745128,0.09056038940437106
1667,0.6112685473949069,0.9245997336962591,0.09054573844698133
1668,0.6113436008490752,0.9245740351861986,0.09051218456626184
1669,0.6113614110018705,0.9245857949350823,0.09049618628657141
1670,0.6113869337866282,0.9245885042889918,0.09047484011709152
1671,0.6113971644663526,0.924612019943704,0.09045615121542794
1672,0.6114680730185253,0.924653905402228,0.09043573579321319
1673,0.6114680730185253,0.924653905402228,0.09045246763232889
1674,0.611486496191265,0.9246440556517741,0.09042859600319306
1675,0.6115272941155118,0.9246422302005585,0.0903903820539865
1676,0.611509402788416,0.9246210626525678,0.09037712580950673
1677,0.6115133391150367,0.9246035267917324,0.09035160662837881
1678,0.6115975769292251,0.9245928354121917,0.09032232206275116
1679,0.6115421474641235,0.9245689085505742,0.09033287790596746
1680,0.6115955176103893,0.9245599657611453,0.09031746266022798
1681,0.6116028567695534,0.9245566299892397,0.0903111225347539
1682,0.6115666062130554,0.924537114954981,0.09030257384901681
1683,0.6115576684489111,0.9245880777098656,0.09027071652269095
1684,0.6116101245473916,0.9246158245683429,0.09024473835555588
1685,0.6115652959599801,0.9246036420833882,0.090242718183474
1686,0.6116358880974964,0.924593988328749,0.09024263858568504
1687,0.6116418112931212,0.9245891345500431,0.09022724202443987
1688,0.6116802726077128,0.9246141912698868,0.09019117351041275
1689,0.6116614452486431,0.9246259471757153,0.09015454069828595
1690,0.6115315126120243,0.9245880777098656,0.09017805566174743
1691,0.611530182642439,0.9245978621283812,0.09015123078549628
1692,0.6115165198675717,0.9246078079552149,0.09014145893621775
1693,0.6115464845392976,0.9245977084061736,0.0901376372282006
1694,0.6115019995172609,0.9245982618061211,0.0901328262117228
1695,0.6115586235962533,0.9246166585113192,0.09009816539092393
1696,0.6115456742826374,0.9245947838411734,0.09009531869917217
1697,0.6115629614199477,0.9245751804166454,0.09008687920489214
1698,0.6116383201494192,0.9245911175665215,0.09005955415483814
1699,0.6116378947503833,0.9246141835837764,0.09004760872034323
1700,0.6116583204699468,0.9246562842533911,0.08999423054363036
1701,0.6115899310694706,0.9246112667048866,0.09000776258039965
1702,0.6116224167405375,0.9246423916088765,0.08997659304574022
1703,0.61168144755601,0.9246605269863217,0.08995682012193996
1704,0.6116374229384308,0.9246434522921092,0.08995471119499218
1705,0.6116408077964847,0.9246488709999281,0.08994661948657828
1706,0.611668616706795,0.924645343075263,0.08992217817458897
1707,0.6116758285376018,0.9246566185991927,0.08990415799184297
1708,0.6117292439225167,0.9246671255120842,0.08988156813798422
1709,0.611853900398247,0.924695083738597,0.08985601641702873
1710,0.6118380207627456,0.9246943766164418,0.08985563811793756
1711,0.6118597633785251,0.924708542117875,0.08984836712179771
1712,0.611866260147942,0.9246917172222499,0.08983827186132458
1713,0.6120346663095747,0.9247154250297216,0.08981073664626787
1714,0.6119919175534657,0.9247023855434594,0.08980213981833074
1715,0.6120661493935847,0.9247179191725404,0.08978704785590969
1716,0.6121507581287102,0.9247384141858727,0.08976154120701435
1717,0.6121559480250834,0.9247662993943369,0.0897263799089659
1718,0.6121132014492068,0.9247748425060258,0.08971373527741791
1719,0.6121620676763851,0.9247802381555137,0.08968228989890081
1720,0.6121663252810048,0.9247756457045607,0.08967455668035702
1721,0.612181698586409,0.9247894653310267,0.08966770857130762
1722,0.612228576012485,0.9247877513284116,0.08965697316632565
1723,0.6121352238654435,0.9247496205348089,0.08968176649096703
1724,0.6122086792952741,0.924787013461815,0.08966970263788764
1725,0.6122809195476315,0.9247924975015722,0.08963691813415318
1726,0.6123480260123991,0.9247847652745284,0.0896077988711137
1727,0.6121990870943125,0.9247570722188239,0.08960544789375251
1728,0.6122321615942834,0.9247711070563804,0.08957749571603889
1729,0.6121955117843705,0.9247447091102752,0.08955168428217053
1730,0.612228717899433,0.9247534328455581,0.08955564960576576
1731,0.6121955730243265,0.9247368231610237,0.08954306158853946
1732,0.6122251941954892,0.9247441749256037,0.08953250316739754
1733,0.612259143507478,0.9247323575308921,0.08952671840036262
1734,0.6123183620827989,0.9247644470417349,0.08948406881164112
1735,0.6123638810457002,0.9247841234843115,0.08945304438798152
1736,0.6123858938919068,0.9247858374869266,0.0894347449612459
1737,0.6124296624193117,0.9248302939493732,0.08940367906835651
1738,0.6124829159660727,0.9248472302935988,0.08938435423952501
1739,0.6124916642625178,0.9248340024976324,0.08937662747976528
1740,0.61247830242608,0.9248780861837255,0.08933374813111683
1741,0.6124997059760021,0.9248497782391903,0.08932363341017636
1742,0.6126513555514046,0.9248135074843,0.08916812856339978
1743,0.6127583303328025,0.9248305399049055,0.08912765149607868
1744,0.6127060976498451,0.9248104829998649,0.08912212780414278
1745,0.6127994668561746,0.9248642588711491,0.08909162918732079
1746,0.6128207026804008,0.9248426954884738,0.0890773673972573
1747,0.6127689660089917,0.9248275615371326,0.08907487498758358
1748,0.6128524562149013,0.9248427761926328,0.08904419230094687
1749,0.6128766970859318,0.9248545244123509,0.0890166084242346
1750,0.6128920931608919,0.9248233533916987,0.08901159638580733
1751,0.6129534624984908,0.9248474493477448,0.0889666913747772
1752,0.6132419567319143,0.9249121394957707,0.08874947447886566
1753,0.6132981725143948,0.9248907183061374,0.08873569122893876
1754,0.6133101237610332,0.9248876323328192,0.08872175041728375
1755,0.6131125180539982,0.9248483947393217,0.08873880851491352
1756,0.6130816654975667,0.9248393212860163,0.08872739722684476
1757,0.6130978217363402,0.924854386062364,0.0887055684952327
1758,0.613092122337367,0.9248442826702675,0.08865573306489802
1759,0.6130866540549201,0.92486276392268,0.0886152252630192
1760,0.6131363073110033,0.9248658844834948,0.08859761553949812
1761,0.6131469275799395,0.9248742623438106,0.08860212331520839
1762,0.6131483434232968,0.9248710726080023,0.08859214507234761
1763,0.6131910959218905,0.9248899612242649,0.08857417746337651
1764,0.6131417551592093,0.9248597279090792,0.08856947700033785
1765,0.6131757193493806,0.9248599239048939,0.08856783206309678
1766,0.6132977309443888,0.9248778594434692,0.08855441986677225
1767,0.6134669005503902,0.9248291448758712,0.08809987339076118
1768,0.6134724034992971,0.9248272809941037,0.08810517340461212
1769,0.6135683337249908,0.9248422881246235,0.08808381954876601
1770,0.6136039099032892,0.9248676830333241,0.08806202956212975
1771,0.6136121189632536,0.924878762561439,0.08805109293000993
1772,0.6136207803828341,0.9248822751138833,0.08799540935269444
1773,0.6137117945221426,0.9249001530066308,0.08796551325150248
1774,0.613782283197421,0.9249034695632604,0.08795287072017186
1775,0.6138343430720421,0.924899149969226,0.08797451814288472
1776,0.6138654980382767,0.9249100988334644,0.08798067803572722
1777,0.6139439390438993,0.9249223274350814,0.0879605905481063
1778,0.6140311027021914,0.9249601584703792,0.0879355282124613
1779,0.6140131769143303,0.9249382799571783,0.08793446784245969
1780,0.614000828378206,0.9249354822129994,0.08793372603307359
1781,0.6139861516232883,0.9249212398504624,0.08792623336455165
1782,0.6140563862702105,0.9249368388114817,0.0878984648371865
1783,0.6140161722741041,0.9249221813989842,0.08789541891763764
1784,0.6139110373966215,0.9249093379085367,0.08789337777165324
1785,0.6139414452169036,0.9249393406404108,0.08786825144887762
1786,0.6140146034123564,0.9249534638682368,0.08784278045700009
1787,0.6140327377975371,0.924950746828217,0.08783080202508435
1788,0.6140395678509645,0.9249834166403936,0.08781125868801559
1789,0.6140364347664073,0.9249928436547765,0.08779932880124777
1790,0.6140780330914328,0.9249853727554858,0.08773726735426222
1791,0.6141823891049787,0.92501880349259,0.08770990463800823
1792,0.6142235272414283,0.9250308053539508,0.08767377683836215
1793,0.6141983967733837,0.9250179503343378,0.08766969805115067
1794,0.6142045264426361,0.9250074434214463,0.08764133892242051
1795,0.6142096709689301,0.9250168166330565,0.08763397851653486
1796,0.6141960644978169,0.9250294026388062,0.08760440235584369
1797,0.6141749450744339,0.9250365238200746,0.08759591397484831
1798,0.6142898844544985,0.925039048707335,0.08757097167701385
1799,0.6142842574813461,0.9250364200575845,0.08756330288773423
1800,0.6142790559474038,0.9250272851153961,0.08755506358120212
1801,0.6143333261592703,0.9250698776960752,0.08752895941852205
1802,0.6143401186916587,0.9250608657316529,0.08751456447992072
1803,0.6143401186916587,0.9250608657316529,0.08752917988251162
1804,0.614405694563467,0.9250637095924941,0.08751142674091984
1805,0.6144186307860676,0.9250917677384417,0.08749919403853364
1806,0.6145130821404962,0.9251004684153936,0.08748621278608534
1807,0.6145654545164482,0.925084842552988,0.08747749999118071
1808,0.6145104330800732,0.9250446403526376,0.08747990638865674
1809,0.6145306824170343,0.9250579757541494,0.08747167833568659
1810,0.6146014166415256,0.9250693742558452,0.08745272117038694
1811,0.6145590397285509,0.9250631561925465,0.0874477963503634
1812,0.614582060439799,0.9250685710573103,0.0874356606037254
1813,0.6147228130337095,0.9250926170536389,0.08737538929994677
1814,0.6146769881981717,0.925083593560051,0.08737365830313282
1815,0.614676644580523,0.9250781479508456,0.08736588156651166
1816,0.6146978341717407,0.9250594591734531,0.08734953556000483
1817,0.6147557342682566,0.9250805344881191,0.08732741641373715
1818,0.6147379461331512,0.9250551626377498,0.08732956355896355
1819,0.6147896248933115,0.9250619840607134,0.08732041152381784
1820,0.6148194520072973,0.925041669670975,0.08730286159606991
1821,0.6148524851569956,0.9250833668197948,0.08727790093819048
1822,0.6148358090095077,0.9250765146523896,0.0872439362143159
1823,0.6149050663947608,0.9250662114214232,0.08721666399226531
1824,0.6147774863269578,0.9250093073032137,0.0872113223359279
1825,0.6147900367846754,0.9249665110406095,0.0871965737301573
1826,0.6148322117633515,0.9249466040147214,0.08718896129956107
1827,0.6149210682809749,0.924938879473788,0.08717590798106438
1828,0.6149689093450533,0.9249539749945772,0.0871616854202785
1829,0.6150371458470509,0.9249583868219362,0.08715624430171356
1830,0.6150497351153081,0.9249625488507078,0.08713417685247855
1831,0.6151346861479436,0.9249665917447685,0.08710206094588215
1832,0.6152191847551288,0.924964466535248,0.08708219338949381
1833,0.6152154979889135,0.924972402444217,0.08706030568103983
1834,0.6152074636728534,0.9249868715470101,0.0870613376932607
1835,0.6152469526001603,0.9249893426314978,0.08704920074539638
1836,0.6151940039677306,0.9249868254303478,0.08705478763793661
1837,0.6152392426759483,0.9249844888527918,0.08705320318208713
1838,0.6153032169677138,0.9249677869349329,0.08702435675170428
1839,0.6153060695950168,0.9249722756233957,0.08702439542648509
1840,0.6151936033410942,0.9249360010254501,0.08702949230052233
1841,0.6152515142450908,0.9248954913806844,0.0870127872645967
1842,0.6153784106417977,0.9249042612326297,0.08696227831427676
1843,0.6154078330258709,0.9249140956108628,0.08694524442820394
1844,0.6153992435640706,0.9249130464567957,0.0869313429367789
1845,0.6154059716161796,0.9249050106283919,0.08692420385112569
1846,0.6154889233332101,0.9249369387309166,0.08689846435329372
1847,0.6155331382807244,0.9249464233911274,0.08688533451384008
1848,0.6155309300452596,0.9249610270008523,0.08686661409971468
1849,0.6155491839192805,0.9249476762271196,0.08686412296977004
1850,0.6155889947829055,0.9249631176228761,0.08683534154584897
1851,0.6155833595324645,0.9249535484154511,0.08682754637930105
1852,0.6156720450106135,0.9249414812221521,0.08681256120788639
1853,0.6156487565118741,0.9249288375705745,0.0868093169894414
1854,0.6157704465492748,0.9249535330432304,0.0867682702258196
1855,0.615763564134344,0.9249580294178035,0.08676685789397214
1856,0.6157654018790489,0.9249525761224878,0.0867525524921997
1857,0.6157408276008056,0.924940612691679,0.08673983905350183
1858,0.615669919492475,0.9249167780633859,0.08671546169328959
1859,0.6156235591981982,0.9248533138499658,0.08672492418134427
1860,0.6156350896395248,0.9248360047293867,0.08672203908605722
1861,0.6156810914948653,0.9248411006205697,0.08669906664839774
1862,0.6157075098389605,0.924818161424136,0.08669877355950775
1863,0.6157872203905668,0.9248374996778559,0.08666080763736983
1864,0.6157569780302993,0.9248364966404511,0.08666874129550403
1865,0.615762952145189,0.9248323000241828,0.08665461056687442
1866,0.6157800647638932,0.9247927473001596,0.08663240422017424
1867,0.6157835627661394,0.9248189108198982,0.08661603411409782
1868,0.6157887649588303,0.9248720987037382,0.0865986013577227
1869,0.6158070830240675,0.9248040305101997,0.08658215614799254
1870,0.615833735476186,0.9247697543009533,0.08649612767132878
1871,0.6159193547860448,0.9247785318390089,0.08647483305036066
1872,0.6159102054950621,0.9247796463250143,0.08646500556258456
1873,0.6159424754344429,0.9247483984432583,0.08645429683609124
1874,0.6159207500682543,0.9246972051050623,0.08637957632435009
1875,0.6159213980637157,0.9247111246509632,0.0863643384249049
1876,0.6159089058192709,0.9247059326834004,0.08636363329476954
1877,0.6160342895893515,0.9247157171019161,0.08632140739026735
1878,0.6160656501314551,0.9247423033577258,0.08629591316739849
1879,0.6160517259701022,0.9247406700592696,0.08628720976604863
1880,0.6160350874692143,0.9247360468638752,0.08628620679524704
1881,0.6160624351358946,0.9247636784306967,0.08626695231433855
1882,0.615846396277515,0.9246954949455024,0.08626988331993726
1883,0.6158915202532597,0.9247108979107069,0.08625079235114749
1884,0.6158681604166486,0.9246932352290502,0.08623577957862122
1885,0.6159203569342966,0.924720670800057,0.08623530400381876
1886,0.6159531507181911,0.9247473685044671,0.08621348467307721
1887,0.616042516154826,0.9247617799614325,0.08618994446948779
1888,0.6160685570980857,0.9247566994424703,0.08617720635104914
1889,0.616022937343205,0.9247626523349608,0.08617985106776324
1890,0.6160890411938724,0.9247632941251777,0.08615874553468869
1891,0.6160859625956311,0.9247843310092918,0.08614388376752248
1892,0.6160077924414533,0.9247505505541651,0.08614804599105398
1893,0.6160193845522265,0.9247682286080425,0.0861123025339742
1894,0.6159271860182439,0.9247412772619898,0.08611280228116977
1895,0.6160482290537682,0.9247400897579359,0.0860961342807655
1896,0.6160682388643027,0.9247278150396566,0.08609125588300248
1897,0.6160803198425157,0.9247177616072776,0.08607495260543839
1898,0.6160420312625741,0.9247111323370736,0.0860674086740775
1899,0.6160475960268758,0.9247576333048817,0.0860407641638659
1900,0.6160746627217268,0.9247521146776277,0.08601555835531087
1901,0.6161173900930471,0.9247509079582978,0.0860109580238915
1902,0.6160757463495419,0.9247375456553996,0.08600218617209866
1903,0.6160689971241091,0.9247446898949992,0.08601345500027278
1904,0.6160702155718821,0.9247539170705122,0.08599905997808316
1905,0.6161343486165977,0.9247730055256447,0.08598351209615272
1906,0.6161426868126347,0.9247690049051911,0.08597382117040069
1907,0.6162334682330166,0.9247988577579128,0.085940355882212
1908,0.6162636141555062,0.9248085537861591,0.08592596264027581
1909,0.6163082388806146,0.9248254171123361,0.08591707045649005
1910,0.6163793113024131,0.9248360393168834,0.08589955413841112
1911,0.61639403764726,0.9248402051887102,0.08589455063229642
1912,0.6164185668097747,0.9248489404531588,0.08592210281764004
1913,0.6163871281968246,0.9248276960440643,0.08591555325360216
1914,0.6165117142651068,0.9248465961894924,0.08587918205847776
1915,0.6164723894977744,0.9248420613843673,0.085883659410544
1916,0.6165067606477448,0.9248491979378566,0.08586206588503768
1917,0.6165067606477448,0.9248491979378566,0.08587841951825535
1918,0.6164333596440155,0.9248562576302419,0.08586999135908277
1919,0.6164489682662209,0.924838548831923,0.08586354912272122
1920,0.6165780745170555,0.9248617877866615,0.08569963407901379
1921,0.616617644723282,0.9248691856679037,0.08569041588673491
1922,0.6166615433147741,0.9248824826388636,0.08567466719420536
1923,0.6166877722580223,0.924891594522721,0.08564524507007354
1924,0.616692514349177,0.9248784935475757,0.08564141954103321
1925,0.6167391131978903,0.924847433975524,0.08563472444567632
1926,0.6167160031226209,0.924832545979715,0.08564572702878523
1927,0.6167485445822198,0.9248347211489529,0.08562823255482988
1928,0.6167353223119955,0.9248349824767059,0.08561946395295807
1929,0.6167487720488011,0.9248166126728942,0.08563136433272711
1930,0.6167424713861379,0.9247972167733465,0.08563308980794282
1931,0.616854716781689,0.9248293254994652,0.08560709899374101
1932,0.6169316844907146,0.9248571300037702,0.08558293172758544
1933,0.6168979439634563,0.9248369347487428,0.08558572595777184
1934,0.6168574998687857,0.9247804110929972,0.08559407940172606
1935,0.616829838500291,0.9247779976543374,0.08559778179422468
1936,0.6166689353502289,0.9247282685201691,0.08562049143408032
1937,0.6166810675328016,0.9247248443579942,0.08559893572271904
1938,0.6167279577265009,0.9247475837155579,0.08558095027547932
1939,0.6167821108595228,0.9247582481937122,0.08556615796533358
1940,0.6167185460474603,0.9247415770202947,0.08556797761773512
1941,0.6167911699573514,0.9247509425457946,0.08551619133963394
1942,0.6169138217289423,0.924770653575868,0.08548154358587041
1943,0.6169550594433117,0.9248004872133138,0.08547026038419712
1944,0.6169901262559916,0.9247982620843583,0.08546292464233063
1945,0.617035458645192,0.9248064208905282,0.08543971761549614
1946,0.6169694736397635,0.9247563650966687,0.08545191814545762
1947,0.6169263297729328,0.9247611881309331,0.0854474700512063
1948,0.6169798762201034,0.9247645969208873,0.08544016741642457
1949,0.6169891907427597,0.9247627253530094,0.08543180872168812
1950,0.6168944911815831,0.9247466844406432,0.08544229382317442
1951,0.6169727261361581,0.9247282646771139,0.0854304832680586
1952,0.6169836089342835,0.9247261317814831,0.08541483993715027
1953,0.6168652672534216,0.9247276421021731,0.08541491899881098
1954,0.6168402363296689,0.9247222656679611,0.085411117588799
1955,0.6169116043161914,0.9247380029789672,0.08539508194442026
1956,0.6169794079387434,0.9247255591662596,0.08538691552983373
1957,0.6169635519657164,0.9247316196642954,0.08537922742023675
1958,0.6169888954354571,0.9247222157082436,0.08536922078439332
1959,0.6169278125640308,0.924689484407184,0.08537007974342668
1960,0.6169574162812593,0.9247023278976315,0.08536132703357457
1961,0.6170290282542047,0.9247191720085326,0.08533960331006962
1962,0.6170242777655892,0.9246934235387545,0.08533479478691094
1963,0.6171020776046909,0.9246901992154495,0.08531369056753911
1964,0.617171091232931,0.9247134804437951,0.08529332297223309
1965,0.617149858817343,0.9247078695832166,0.08528675949118023
1966,0.6170739677256152,0.9246828743522559,0.08529371450671973
1967,0.6170991006912325,0.9246550275743437,0.08528284263517928
1968,0.617113231082311,0.9246605500446529,0.08527368555495267
1969,0.6171580113679916,0.924643629072648,0.08526025639887613
1970,0.6173101779958408,0.9246501046206443,0.08522631226574437
1971,0.6174506982695062,0.9246758338751465,0.0851364400634963
1972,0.6174613296443775,0.9246254398924301,0.0851153378692444
1973,0.6174963853718247,0.924623360799572,0.08509942881109783
1974,0.6175086487227541,0.9246169236821274,0.08508243216858048
1975,0.6174748129407308,0.9246120852756422,0.0850788211797454
1976,0.6175002910804915,0.9246246213216744,0.08506783229231464
1977,0.6175423809233032,0.9246529561675959,0.08504475995199814
1978,0.6175367159421719,0.9246479832541791,0.08502556274357263
1979,0.6175329877933949,0.9246351051762348,0.08499421630277244
1980,0.6175652765468146,0.9246539361466696,0.08497010630052895
1981,0.6176427095899228,0.9246613032834702,0.08495401148320623
1982,0.617701207062873,0.9246725788074,0.08494432847337813
1983,0.6177010153929725,0.9246720599949492,0.08492599991717117
1984,0.6177528183154384,0.9246649272845151,0.0849238461353287
1985,0.6178019550379371,0.9246601234655266,0.08489061567468562
1986,0.6178061329224941,0.9246333066264056,0.08488122690962056
1987,0.6179239442001112,0.9246271961686523,0.0848510708499911
1988,0.617985056581841,0.9246363849136133,0.08483274938201218
1989,0.6179934636429752,0.9246195715471538,0.08481619139512295
1990,0.6180194336143998,0.9246060939525999,0.08480891075540939
1991,0.618037201009518,0.9245992071976981,0.0848001728549737
1992,0.6179879375720677,0.9246053560860032,0.08479835801017396
1993,0.6179962270637827,0.9246113819965424,0.08479139036892241
1994,0.6179271264552395,0.9245999796517914,0.08479389114427983
1995,0.61796490722315,0.9245941651092877,0.08478487090269374
1996,0.618000378716567,0.9246184493750381,0.08478506251272121
1997,0.6180008975464865,0.9245926855330393,0.08477368214206381
1998,0.6179510465696151,0.924575172730535,0.08475917061200963
1999,0.6179429206506113,0.9245529368132014,0.08475827629156847
2000,0.6179214398167928,0.9245337561247443,0.08475564825905227
2001,0.6179278989402452,0.9245406582518669,0.08475147201191628
2002,0.617922337924553,0.9245500045620908,0.08474877626148168
2003,0.617916481489739,0.9245581556821504,0.08474229182851281
2004,0.6179817202836859,0.9245172271443689,0.08474868040955957
2005,0.6179740826544794,0.9245199441843888,0.08474433954220749
2006,0.6180119001276576,0.9245244098145204,0.08473088510576418
2007,0.6180227392394055,0.9245489976816308,0.08471126097129365
2008,0.6180194685256637,0.9245394400033714,0.08470417248845889
2009,0.6180767605063177,0.9245350512343435,0.08467022189684634
2010,0.618124538943283,0.9245556538532212,0.0846481142972036
2011,0.6181164453577241,0.9245712720295165,0.08464191359642254
2012,0.6181039058305653,0.9245656342675516,0.08462819086680438
2013,0.6181447270190525,0.9245469185887727,0.084617239570453
2014,0.6182391592858985,0.9245587359834843,0.08459382465174631
2015,0.6182422853957062,0.9245757876193655,0.08459010131141126
2016,0.6181891166913397,0.9245572871516773,0.08459344932435009
2017,0.6181492369066369,0.9245383716340284,0.08459559406080144
2018,0.6181597806296717,0.9245173193776934,0.08458720594596653
2019,0.6182066543610375,0.924512757671182,0.08455481001584554
2020,0.6181833258577928,0.9245115509518521,0.0845733378174393
2021,0.6183429641595232,0.9245746808194707,0.08446810897617697
2022,0.6183713565603878,0.9245921436622574,0.08445146268712948
2023,0.618310949411323,0.9245301859264721,0.08445878117089906
2024,0.6185401148072879,0.9244572408958964,0.08434085176636832
2025,0.61842209831023,0.9244165390983712,0.08432823200986633
2026,0.6183513110607998,0.9243813520850446,0.08433535927926446
2027,0.6184041378952276,0.9244317652830369,0.0843112749088883
2028,0.6183359898643402,0.924442787165324,0.08431254715972801
2029,0.6183532802116019,0.924448590178662,0.08430526178041639
2030,0.6185423736697544,0.9244438670638326,0.08420316775148855
2031,0.6185138787078353,0.9244440130999299,0.0841998092284905
2032,0.6184810684093736,0.9244072427478647,0.08422348530667863
2033,0.6184568914807147,0.9244058246604994,0.08422902597364927
2034,0.618494266716144,0.9244360541326297,0.08421497241528321
2035,0.6185334166472538,0.9244401277711319,0.08421235496420498
2036,0.6185660872432086,0.9244477716079064,0.08420040374179573
2037,0.618569061439742,0.9244479138009485,0.08419024391402004
2038,0.6185817209513336,0.9244515147436622,0.08417667100416781
2039,0.6186896113610445,0.924479937979853,0.08415764904361332
2040,0.6187496589993724,0.9244888308095645,0.08414001496150139
2041,0.618745240583992,0.9244716677250825,0.08413610338652322
2042,0.6187986407912044,0.9244675441268628,0.0841249103616869
2043,0.6188404760557109,0.9244510305187081,0.08413928420224619
2044,0.618865411101992,0.9244366075325773,0.08413011163120047
2045,0.6188548889594485,0.9244164122775499,0.08412621454000088
2046,0.618834629295379,0.9244161586359072,0.08413507604064221
2047,0.6188508135521854,0.9244032805579631,0.08413124686046575
2048,0.618884384903276,0.9244107014975363,0.08412523925313457
2049,0.6189449884711226,0.9244217003214923,0.08409420487504671
2050,0.618989509103312,0.9244191177884041,0.08408709711667467
2051,0.6189079137934774,0.9244152862623789,0.0840816085684737
2052,0.6190567878636332,0.9244658147520269,0.08404700979324332
2053,0.6190794386140044,0.9245047410580541,0.08402938711664767
2054,0.6190189484417019,0.9244935731396698,0.08402514656831736
2055,0.6191314912639428,0.9245261853060185,0.08399263837238191
2056,0.6191361445441773,0.9245492397941079,0.08398331929867485
2057,0.6191399095015925,0.9245492705385494,0.08397435982881378
2058,0.6191915526797888,0.9245670984715793,0.08396410664591193
2059,0.6192050085599478,0.9245646504454228,0.08396128438988364
2060,0.619272049416663,0.9245617681540297,0.08395397479183979
2061,0.6191864269812287,0.9245353279343174,0.08396077832139497
2062,0.6191767236064672,0.9245296286834694,0.08396698244328257
2063,0.6191876811146523,0.9245342057622016,0.08396723933805733
2064,0.6192561645506338,0.9245635359594174,0.08394081511792369
2065,0.6192125153790324,0.9245463997763219,0.0839353257000022
2066,0.6191939657601295,0.9245190794969709,0.08393158276129759
2067,0.619166851516321,0.924515616904244,0.08391946486141662
2068,0.6191648630459615,0.9244826050601553,0.08392033219305627
2069,0.6192050490951075,0.9245050254441383,0.08390131091551212
2070,0.6192843990509527,0.9245733780237609,0.08386848812559554
2071,0.6192843990509527,0.9245733780237609,0.08388079609147035
2072,0.6192750139986937,0.9245568797878271,0.0838764531639549
2073,0.6194490489419735,0.9245414153337395,0.08378231234061653
2074,0.6194614690544736,0.9245512535550278,0.08377314585377862
2075,0.6194426582952063,0.9245355277731873,0.0837674582150057
2076,0.6194560314413666,0.9245423415100404,0.0837648062471774
2077,0.6195371837980592,0.9245398089366698,0.08374976068243711
2078,0.6194980362363864,0.9245287908974379,0.08374910571087738
2079,0.6194224394405121,0.9244697807849839,0.08370339956853778
2080,0.619357613418487,0.9244377566060793,0.0836927107709854
2081,0.6193765844320637,0.9244472451093453,0.08364787184126868
2082,0.6194059262417274,0.9244689545281178,0.08363033545059995
2083,0.6193712238229809,0.9244588050193591,0.08363448585572163
2084,0.6193635767403538,0.924467909217106,0.08362636688002363
2085,0.6193282745101277,0.9244523179421971,0.08363178984818362
2086,0.6193384384020635,0.9244534823879198,0.08362336712943357
2087,0.6193429550320976,0.924453908967046,0.08361419465330677
2088,0.6193454632486437,0.9244509536576043,0.08361461003297119
2089,0.6193645287180646,0.9244362424423341,0.08360619694005653
2090,0.6194254125019049,0.9244229531574845,0.08359098495052485
2091,0.6194150200333475,0.9244167005066891,0.0835991006188575
2092,0.6193912746735823,0.9243992030764057,0.08359326439395903
2093,0.619410745629843,0.9243996258124766,0.08359040151189377
2094,0.6194740222450201,0.9244118390418729,0.08357361263448695
2095,0.6194663589857909,0.9244153131637652,0.08357853137239257
2096,0.6195111274939111,0.9244253742822547,0.08356171656248784
2097,0.6195105418390144,0.9244346552605404,0.08355023218018569
2098,0.6194850791646065,0.9244026502969117,0.08354960498609401
2099,0.619505420168649,0.9243869322011816,0.08354198362604418
2100,0.6195109027183942,0.9243986612056238,0.08351534062352681
2101,0.6195305336445979,0.9244138335875168,0.08350595558077238
2102,0.6195133739604668,0.9244404160002713,0.08349743707922994
2103,0.6195725540682503,0.9244209816701716,0.083478292532106
2104,0.6195528938609909,0.9244111357627729,0.08347083510819994
2105,0.6195906490876532,0.9244403545113883,0.08345860764340488
2106,0.6196291175478371,0.9244371916769663,0.08344245643217219
2107,0.6196629692789569,0.9244325953829581,0.08342997510814382
2108,0.619685650934992,0.9244333447787203,0.0834255679319177
2109,0.6196158401164857,0.9244318190858096,0.08342456694581088
2110,0.6196705080716315,0.9244502503785045,0.08340653114785616
2111,0.6195925810753845,0.924436300088162,0.08339265203105659
2112,0.619691629126943,0.9245074388827981,0.08336377595001834
2113,0.6197333840243905,0.9245163086541783,0.08334693338202925
2114,0.619720797697511,0.9245270922670435,0.08334307536601418
2115,0.6197370207317031,0.9245235835576544,0.08333319952963093
2116,0.6197478028410476,0.9245396436852965,0.08333129151647974
2117,0.6198328405579983,0.9245678824548382,0.08331288206968679
2118,0.6198134844270965,0.9245196943858014,0.08327459972217234
2119,0.619798929046665,0.9244955830575345,0.08326547161081793
2120,0.6199059747156799,0.9244878469874356,0.08324304017166831
2121,0.6199698204818194,0.9244952871422849,0.0832295149159622
2122,0.6199742969434949,0.9245265503962616,0.0832074766880816
2123,0.6199400248424974,0.9245232069382457,0.08320746314252517
2124,0.6199343077263448,0.9245204898982259,0.08321370037103538
2125,0.6199302106271424,0.9245150097015238,0.08320211437081936
2126,0.6200260467980858,0.9245324110554275,0.08318885519521114
2127,0.6199992770812376,0.9245289676779767,0.08318861799690123
2128,0.6199925936581883,0.924529056068246,0.08317196909178606
2129,0.6200266551750887,0.92453538173709,0.08315560150825561
2130,0.6200608925723233,0.9245314618207955,0.0831575314305254
2131,0.6200493310666254,0.9245340943136011,0.08316267150746931
2132,0.6200490712157926,0.9245075311161226,0.08315513980918647
2133,0.6200360477511764,0.924500467580682,0.08315405376114719
2134,0.6200687310911274,0.9244921281509181,0.0831260203831526
2135,0.6199940172193247,0.9244547698114087,0.08311619683184858
2136,0.6200121648902072,0.9244691966405948,0.08309796930576488
2137,0.6199500607514691,0.9244209816701716,0.08310232246920607
2138,0.6200209294348887,0.9244434596999823,0.08309068658781088
2139,0.6200792954498106,0.9244475832982021,0.08307375630455296
2140,0.6201235261124345,0.9244714525139918,0.08306361049093987
2141,0.6201275699450455,0.9244631668870006,0.08305974632992259
2142,0.6201087960068989,0.9244641929827365,0.08306305794068947
2143,0.6201357508718391,0.9244827856837493,0.08305424836875264
2144,0.6201038422200792,0.9244668715922044,0.08305815593409471
2145,0.6200454481595431,0.924449274242486,0.0830637395029283
2146,0.6200581462161431,0.9244455464789509,0.08306138368729203
2147,0.6201647485539078,0.9244961057130405,0.08303537907681244
2148,0.6202082764349395,0.9244939420729681,0.08302739649098857
2149,0.620215175520346,0.9245005405987307,0.0830194045755371
2150,0.6202425536541845,0.9245333641331148,0.08299988707873593
2151,0.6202499439055601,0.924520693580151,0.08298064386064359
2152,0.6202383736137518,0.9245285218835745,0.08296490975773971
2153,0.6202740900463741,0.9245855220781638,0.08293887441440406
2154,0.6203666420609141,0.9245848802879469,0.08292632206631542
2155,0.6203756445511899,0.9245905718526845,0.08292717026233427
2156,0.6203513908917232,0.9245803339536562,0.08292783784694635
2157,0.6203523342060488,0.9245728246238135,0.08292240953382402
2158,0.6203431726252544,0.9245631132233465,0.08292379353470365
2159,0.620340480756494,0.9245698654713166,0.0829235014578833
2160,0.62016342932248,0.9245894650527895,0.08288243404568894
2161,0.6201759099156449,0.9245979658908714,0.0828641710363871
2162,0.6201866755263188,0.9245901337443927,0.08285943652445175
2163,0.6202280760854635,0.9245788351621318,0.08285285262034556
2164,0.6202348761585667,0.924588669540365,0.08285787288041255
2165,0.6201825462736787,0.9245891422361534,0.08285990680276917
2166,0.6201785592666615,0.9246066242942161,0.08284855066160149
2167,0.6201915067487093,0.9246096987383688,0.08283825232878088
2168,0.620182699101035,0.9246370382329958,0.08283229644667547
2169,0.6202701233852947,0.9246451240211172,0.08280794902476295
2170,0.6202463101820855,0.9246336717166487,0.08281830353511614
2171,0.620206788818318,0.9246245367744603,0.08281794102279906
2172,0.6201735122195742,0.9246174232793022,0.08280684229113487
2173,0.620135701519121,0.9245819288215604,0.08279940854923928
2174,0.6201640011651519,0.924588631109813,0.0827972875407482
2175,0.6201969175110505,0.9245779704747139,0.08279150323363497
2176,0.620198799682787,0.9245934964176846,0.08278392998167666
2177,0.6201453372261863,0.9245499084857111,0.08279899386818365
2178,0.6200972117990655,0.9245288639154865,0.0828011672409419
2179,0.6201292717180054,0.9245247749047635,0.08279009634754414
2180,0.6200941725725445,0.9244993530946767,0.08279731631904845
2181,0.6200958331993698,0.9245133648739021,0.08279644179139604
2182,0.6201370956518909,0.924533648519199,0.08278239966388579
2183,0.6201249713030882,0.9245429333405398,0.08277433397099329
2184,0.620103645077508,0.9245302781597967,0.08277688975609884
2185,0.6201044451488688,0.9245159781514319,0.08277427458823412
2186,0.6201325409606344,0.9245334717386602,0.08276500203004077
2187,0.6201016616356485,0.9245071006939413,0.08276471196853094
2188,0.6200892627544298,0.9245059324051632,0.0827627002228659
2189,0.6201278413622829,0.9245061130287572,0.08275562615851788
2190,0.6201348092202054,0.9244991225113652,0.08275320754365766
2191,0.6201449337804226,0.9245103096450256,0.08274963930208769
2192,0.6200879727763637,0.9244957060353006,0.08277524089247504
2193,0.6201709589739326,0.9245148098626539,0.08273172155399715
2194,0.6199848557226109,0.9245574524030505,0.08272924814912379
2195,0.6200606880117798,0.9245513227300213,0.08272180159965557
2196,0.6200529851848516,0.9245440785709866,0.08271182652692836
2197,0.6200886927349825,0.9245284757669122,0.08269058266375928
2198,0.620203400655686,0.9245615414137734,0.0826588940798506
2199,0.620144979698407,0.9245464996957569,0.08266718175455408
2200,0.6201517502561786,0.9245539436936613,0.08265334238445383
2201,0.6201430252284561,0.924561752781809,0.08264766260516537
2202,0.6202024461071631,0.9245490053677412,0.08263762437442958
2203,0.6202107436968058,0.9245281606363865,0.0826425080078973
2204,0.6202022618312489,0.9245300283612092,0.08264302240080679
2205,0.6202259429064219,0.9245217312050524,0.08263701285364558
2206,0.6201433269738333,0.9245177228984884,0.08263880124157538
2207,0.6200203745235731,0.9245341365872082,0.0826611694913452
2208,0.620022477106814,0.9245182609262151,0.08265964709261606
2209,0.6199097530693785,0.9244464803413623,0.08264556002869446
2210,0.619924253132148,0.9244343362869595,0.0826461598208372
2211,0.6198579222161629,0.9243892764648479,0.08264894297745409
2212,0.619866988256898,0.9243898875106232,0.08264537420549038
2213,0.619948854775744,0.9243882349968913,0.08262404988634892
2214,0.6200059596264049,0.9243921318548547,0.08260957494626256
2215,0.6200559424628264,0.9243891496440266,0.08259593307811207
2216,0.6200703522714125,0.9244022352469512,0.08258798005385509
2217,0.6200398627880506,0.924412023508522,0.0825829673595059
2218,0.6200566188021949,0.924398123177897,0.08257755375247784
2219,0.620079825645233,0.9243886154593551,0.08257558548413405
2220,0.6200698149902139,0.9243894032856692,0.08257213302558648
2221,0.6200327031981304,0.9243699997000111,0.08257249702679297
2222,0.620076402897179,0.9243801069351628,0.08255561812021224
2223,0.6200479160887921,0.9243540318056935,0.08255613104284741
2224,0.6200643189913236,0.9243544506987094,0.08255126995155612
2225,0.6201039595800394,0.9243698113903067,0.082534893174125
2226,0.6201609410178347,0.9243630629853918,0.08252370947842651
2227,0.6201979437159394,0.9243673057183224,0.08251777835665942
2228,0.6202878681510108,0.924388430992706,0.08249689922763749
2229,0.6202726184212252,0.924395221671228,0.08249528290621501
2230,0.620265253833276,0.9243928966228376,0.08248694580001316
2231,0.6202387022896236,0.9243930541881005,0.08248217433017273
2232,0.6202561620862329,0.924351180258742,0.082476211916237
2233,0.6202715254305241,0.9243397817570462,0.08246298460828967
2234,0.6202845379457721,0.9243615834091433,0.08245664687492747
2235,0.6203851176127084,0.9243943838851965,0.08241335623330218
2236,0.6204612323231266,0.9244153977109795,0.08239409282848015
2237,0.6204612323231266,0.9244153977109795,0.08239261594612694
2238,0.6204625434701111,0.9244189179495342,0.08238818190423944
2239,0.6205505220197927,0.9244226995158419,0.082370008900851
2240,0.6205159798805017,0.9244099328864982,0.08236927013683047
2241,0.6204963948511794,0.9243948565809849,0.08236617628475637
2242,0.620407683266628,0.9243664333447941,0.08236987767964982
2243,0.6204950473441568,0.9243580977580853,0.08236149905528659
2244,0.6204817870280517,0.9243417532443591,0.08236346425469018
2245,0.620422352304107,0.924315862581539,0.08237206207748292
2246,0.6204833933236834,0.9243597502718174,0.08236190723926974
2247,0.6205251059857781,0.9243610223230855,0.08234917379478765
2248,0.6205436018067734,0.9243669713725208,0.08233502606778074
2249,0.6205665293179625,0.9243490204617247,0.08233175206246632
2250,0.6205770858806801,0.9243642812338873,0.08232285608644382
2251,0.6206006130082579,0.9243565336346227,0.08231989794839706
2252,0.6206453740521222,0.9243528481446948,0.0823088822804749
2253,0.620647482474971,0.9243464686730781,0.08230689219445056
2254,0.6206889677762234,0.9243329603340826,0.08230004992270906
2255,0.6207227546093288,0.924350676818512,0.08229348484573297
2256,0.6207075581490308,0.9243474832396484,0.0822899742085383
2257,0.6207088084682396,0.9243449160787811,0.08228442160907054
2258,0.6207457292284657,0.9243435825386299,0.08228284577602851
2259,0.6207554275757633,0.9243400353986888,0.08227654674937612
2260,0.6207562174297543,0.9243346666505873,0.08227384951895456
2261,0.6207137643248034,0.9242933730225626,0.08228035490572704
2262,0.6207819900934921,0.9243061358088511,0.08226232471873854
2263,0.6208391584900823,0.924297550423555,0.08225291267467619
2264,0.6208800050232685,0.9242963629195011,0.0822380295095357
2265,0.6208791289849404,0.9242960516320307,0.08224481596470573
2266,0.6209139190670749,0.9243116813374914,0.08223730761675577
2267,0.6209665940750961,0.9243209892171634,0.08222633742635568
2268,0.6209297558240171,0.9243030805799746,0.0822291545336613
2269,0.6209714802356846,0.924314309987242,0.08221716439012533
2270,0.6209264968030629,0.9243084339558553,0.08222340385516697
2271,0.6209419858701601,0.9243289328122427,0.0822129136319847
2272,0.6210060058457595,0.9243684624779348,0.08219631364219922
2273,0.6209988755849895,0.9243701880097155,0.08220160172018348
2274,0.6209984019655264,0.9243607533092222,0.08219557593527614
2275,0.6209622632429546,0.9243613912563838,0.08219809559923205
2276,0.6209478388553614,0.9243405926416914,0.08221341092527802
2277,0.6209769749220668,0.9243521986683675,0.08219525930077366
2278,0.6209994424494687,0.9243680128404775,0.08218405962538076
2279,0.6210198691339056,0.9243784851658723,0.08217824340817775
2280,0.6210333657895872,0.9243985420709129,0.08217405413114617
2281,0.6210562803281555,0.9243846148389016,0.08216066214101451
2282,0.6209958076436973,0.9243656839490318,0.08215358808098817
2283,0.6210668878060842,0.9243770632354518,0.08213012476965041
2284,0.6210399907117045,0.9243803797920813,0.08212661258436504
2285,0.6210167350750113,0.9243724169817261,0.08212595688217725
2286,0.6210004830228996,0.9243389478140698,0.0821315405639422
2287,0.6210322292813141,0.92432454788627,0.08213161321046271
2288,0.6210091445713851,0.9243373683183864,0.082124410516577
2289,0.6210541342388904,0.9243246670209809,0.0821252651662408
2290,0.6209936103793143,0.9243063663921626,0.08213031061831702
2291,0.6210234221695489,0.9243320072563953,0.08212025740413861
2292,0.6210234221695489,0.9243320072563953,0.08212240843489386
2293,0.621046362403414,0.9243334560882023,0.08211999434051064
2294,0.6210819331163426,0.9243360078768489,0.08211041337847422
2295,0.6211014275990403,0.9243269728540955,0.0821075397180881
2296,0.6210784460488114,0.9242871933898159,0.08211162610274945
2297,0.6211217441781715,0.9242841765914912,0.0821049401908453
2298,0.6210907898846535,0.9242837000526476,0.08210667201435932
2299,0.6210612336662251,0.924268800527673,0.08210343215719708
2300,0.6210982962942979,0.9242734506244538,0.08209621994152276
2301,0.6211287823971127,0.9242818784444872,0.08209369124789108
2302,0.6211509391596809,0.9242920048949148,0.08208967373629843
2303,0.6211219800477602,0.9242691963623576,0.0820940739664919
2304,0.6211408651867908,0.924293219300355,0.08207614399655133
2305,0.6212228381324691,0.924298638008174,0.08206430176738688
2306,0.6212108561885875,0.9243214157962896,0.08205195412973813
2307,0.6211723541801633,0.9242907443728122,0.08205649192506956
2308,0.6211317589646955,0.9242799722891125,0.08205875090150894
2309,0.6211251043732642,0.9242607608562139,0.08205056904364175
2310,0.6211377614171258,0.9242674593014114,0.08204328245303648
2311,0.6211769282567741,0.9242579938564766,0.08204068203994676
2312,0.6210882027845172,0.9242351315211468,0.08204429826634556
2313,0.6211181952832748,0.9242493200809111,0.08203461613501783
2314,0.6211514868432102,0.9242454923979411,0.08203474556728081
2315,0.6211478278263213,0.9242615333103072,0.08203059829482368
2316,0.6211409678281106,0.9242627823032443,0.08203360614851805
2317,0.6210894631007695,0.92424063477618,0.08204957548415291
2318,0.6212297536356864,0.9242374296681509,0.08202205617678973
2319,0.6212438795163489,0.9242374258250957,0.08202075736544145
2320,0.6212966742412395,0.9242515452098665,0.08200354312398556
2321,0.621414705047646,0.9242787770989482,0.08197220468784659
2322,0.6214322668734681,0.924278773255893,0.08194489510012475
2323,0.6214642362135047,0.9242617946380602,0.0819393670002728
2324,0.6213852492113778,0.9242102246804555,0.08195022442643349
2325,0.621421904844433,0.9242169308117634,0.08193453840491517
2326,0.6214367255320837,0.9242261003414486,0.08193034585359342
2327,0.6213639133761999,0.9241996870231225,0.08193614186930005
2328,0.6213832310989627,0.9242026039020123,0.08192976775959247
2329,0.6213781391479264,0.9242011589132606,0.08192417446013442
2330,0.6213655142334678,0.9241909671308947,0.08192851784469389
2331,0.6213476257814354,0.9241908595253493,0.08193361561389292
2332,0.6213200524251685,0.9241770821724905,0.08194319122401367
2333,0.6213020085284914,0.924177839254363,0.08195220753649671
2334,0.6212880535090743,0.9241700801259329,0.08195062378927788
2335,0.6213789134427585,0.9241870779590416,0.08193867291187408
2336,0.6213733876687614,0.9241889841144162,0.08193453923838526
2337,0.6213695397883512,0.9241969507678267,0.08192751743871522
2338,0.6213838934708684,0.9241885690644557,0.08191976569669666
2339,0.6213702780623297,0.9241919932266306,0.08192054317681946
2340,0.6213860685724939,0.9241917664863744,0.0819137129708291
2341,0.6213282125143038,0.9241715020563535,0.08191185756508437
2342,0.621311550622693,0.9241672708525884,0.08191466193839714
2343,0.6212414418805542,0.9241568062133041,0.08192831681567145
2344,0.6212138091521422,0.9241629358863334,0.08192713653991536
2345,0.621246927992411,0.9241677204900458,0.08191707381249431
2346,0.6212176502235438,0.92416327407519,0.08189945109412768
2347,0.6212075367359432,0.9241699840495532,0.08190475164031708
2348,0.6212426517691471,0.9241812903179244,0.08188716387019628
2349,0.6212651819588524,0.9241969353956059,0.08187882173555514
2350,0.6212449929643078,0.9241986378690554,0.08187162757698638
2351,0.6211982176488781,0.9241976771052577,0.0818699321633746
2352,0.6211941808641381,0.9241979691774522,0.08186627106222522
2353,0.6212471866583479,0.924198749317656,0.08185326846290022
2354,0.6212507910271817,0.9242009821327217,0.08184985025693488
2355,0.621161638018053,0.9241582512020557,0.08185028927593774
2356,0.6211762861308844,0.9241442317367199,0.08184500355601114
2357,0.6212725359156268,0.9241719055771486,0.08182649529298469
2358,0.6212783680159342,0.924190329183733,0.08182021646752657
2359,0.6212815144612691,0.9241876236728788,0.08181518689819132
2360,0.6212238556981329,0.9241622133919575,0.08180585357339457
2361,0.6212459455304689,0.9241333328321989,0.0818027672917002
2362,0.6212663580343746,0.9241003671047726,0.0817935503981964
2363,0.6213027931089737,0.9240817359732079,0.0817924701040058
2364,0.6213352011809014,0.9241224838873955,0.08177697816236515
2365,0.6213272918632577,0.9241036221725192,0.08177423558466974
2366,0.6213144854887831,0.9240908247987341,0.0817628505905949
2367,0.621312533405862,0.9241043907835573,0.08175590392398832
2368,0.6212768134473615,0.9240728239282205,0.0817613723267389
2369,0.6212400601040045,0.9240635083624381,0.08176295920834148
2370,0.6212505188455875,0.9240425483394278,0.08175030445209869
2371,0.6212312765256375,0.9240537316300329,0.08174934460982644
2372,0.6212289411179871,0.9240374870357415,0.08174794099981064
2373,0.6212471380785433,0.92403513892902,0.08174582221563097
2374,0.6212872225686246,0.9240415606742437,0.08173483221535366
2375,0.6212582382244665,0.9240499923373322,0.0817334770274743
2376,0.6213686438792959,0.9240639733721162,0.08171597183654597
2377,0.6213208693513489,0.9240608335960254,0.08171628201580686
2378,0.6213077196957576,0.9240719400255266,0.08170323945039558
2379,0.6213610142155777,0.9240784040443575,0.0816934668344685
2380,0.6213364064016895,0.9240625206972541,0.08169116744935574
2381,0.6213270854663736,0.9240543234605323,0.08170829783218837
2382,0.6213345310262406,0.9240502152345333,0.08170509535291473
2383,0.6213034360385072,0.9240313996363194,0.08170879161400658
2384,0.6213624954476683,0.9240034644681377,0.081698126700018
2385,0.6213826591646116,0.9240051746276977,0.08169118573110598
2386,0.621405475102443,0.9240141481615681,0.08168854255197794
2387,0.6213762069961337,0.9240328292528504,0.0816753673757967
2388,0.6213657862857752,0.9240282406449526,0.08167269717707039
2389,0.621429416766673,0.9240427059046906,0.0816619644720141
2390,0.6214225024128642,0.9240309384696965,0.08165973053740494
2391,0.6214562218998667,0.9240461339099207,0.08165579796277843
2392,0.6214610031533295,0.9240694535688182,0.08164469234318135
2393,0.6214642312487045,0.9240593501767217,0.08164427673957109
2394,0.6214828905274107,0.9240514988149671,0.08163847896266602
2395,0.6215592583444913,0.924083592168865,0.08162589932564325
2396,0.6215831526728051,0.9240823892925903,0.08161652783784114
2397,0.6215659879037657,0.9240752950127081,0.08161798570743042
2398,0.6216039652697078,0.924086474460258,0.08160636655073657
2399,0.6216481120933227,0.9240767784320119,0.08159278958991525
2400,0.6216601168778723,0.9240748146308093,0.08159121518739929
2401,0.6217301632836627,0.9241017275463101,0.0815753685381061
2402,0.6217607194800047,0.9241029073642537,0.08156326936794156
2403,0.6217726971535722,0.9241090869970005,0.08156455792403663
2404,0.6217501541192352,0.9241011626171971,0.08156719625579731
2405,0.6217092999157845,0.9240983879313495,0.08156680728556243
2406,0.621638931058471,0.9240640387040545,0.08155685074232155
2407,0.6217202742613814,0.9240506610289354,0.08154611221710668
2408,0.622015731607871,0.9240404961479559,0.08134663878845617
2409,0.621996747980268,0.9240391702939151,0.08134619660515313
2410,0.6219980246211213,0.9240100629939003,0.08134768406248362
2411,0.6218997474642667,0.9240332596750317,0.08136407908890382
2412,0.621839090021879,0.9240342588693813,0.081368642477311
2413,0.6218150326805437,0.9240299239031261,0.08136734018364095
2414,0.6218325747098797,0.9240268071853664,0.08136753660539489
2415,0.6219128112247513,0.9240409995881859,0.08135508113620697
2416,0.6219018159325874,0.9240619519250859,0.08134385398603519
2417,0.6218399595833958,0.9240472829834228,0.08133564820464628
2418,0.6217840801570143,0.9240259617132245,0.08133953261749392
2419,0.6218667057668718,0.9240573786894088,0.08132554500504595
2420,0.621875078991781,0.92404944278044,0.08131778119999476
2421,0.6219123551802735,0.9240530783106504,0.08130758570324943
2422,0.6219549338194005,0.9240565716478188,0.08130143968002689
2423,0.6220596828193717,0.9240582164754405,0.08128504871900642
2424,0.6220978153331101,0.9240555417090277,0.0812786183138434
2425,0.6220592769966177,0.9240666904121361,0.08128317983019027
2426,0.6220054855773831,0.924069449725763,0.08128358692180176
2427,0.6220849005815083,0.9240661024246919,0.08127245764003556
2428,0.6220445062370921,0.9240865897519138,0.08126121073761491
2429,0.6220169053938626,0.9240757023765584,0.0812570638451888
2430,0.6220036146559612,0.9240749990974585,0.08125783349455687
2431,0.6220100173307879,0.924070679503424,0.08125457580211239
2432,0.6220507408322661,0.9240642116415381,0.08124802643738083
2433,0.6221108364478476,0.9240893990252582,0.08123086513336168
2434,0.6222340326846586,0.924091005422328,0.08121650325261416
2435,0.6222583658163735,0.9241087103775918,0.0812062517338693
2436,0.6222435428312101,0.9241181104905883,0.08120227805168352
2437,0.6222400542613014,0.924098157348038,0.08120020078411297
2438,0.6221796800274632,0.9240892760474921,0.08120230199682063
2439,0.6222227921043801,0.9240956747343847,0.08119660192764669
2440,0.6222321954372223,0.9241141752020731,0.08119312289223006
2441,0.6220748136146583,0.9240836575008032,0.08119942122594843
2442,0.6221125639542646,0.9240754833224125,0.08119918399793148
2443,0.6221100694453056,0.9240790419915191,0.0811975015280295
2444,0.6220630078988689,0.9240859364325313,0.08120224568318805
2445,0.6220410021291402,0.9240814246857374,0.08118669430473771
2446,0.6220156849393956,0.9240530629384297,0.08118479828716622
2447,0.6220673318616277,0.9241102514427233,0.08116427797314785
2448,0.6219571247484379,0.924041022646517,0.08118440466989478
2449,0.6219685192040174,0.9240397044785866,0.08118322080235206
2450,0.6219528887880948,0.9240390434730938,0.08118427995411415
2451,0.6220177854669383,0.9240484474291456,0.08117015627065251
2452,0.6220009951698412,0.9240680316383977,0.08116332956932036
2453,0.6219785645141744,0.9240537008855914,0.08116102928873158
2454,0.622012358614048,0.9240652800108811,0.08115195406060186
2455,0.6220427213360308,0.9240665712774252,0.08114386460773543
2456,0.6220944384556785,0.9240596537780819,0.08113577813442199
2457,0.6221244271320019,0.9240603378419058,0.08113109557021114
2458,0.6221210774373055,0.9240554610048687,0.0811284803153131
2459,0.6221090623659149,0.9240587007003945,0.0811252524274728
2460,0.6220928249537385,0.9240441355212216,0.08112866073029452
2461,0.6221139077603458,0.9240203470095908,0.0811272605680861
2462,0.6221084485720909,0.9240097209619883,0.08112904032775851
2463,0.6221338851777459,0.9240087102384732,0.08112018179032025
2464,0.6221254934194094,0.9240302505628174,0.0811149122125386
2465,0.622052464523099,0.9240449848364187,0.08111869947355653
2466,0.6220899430219953,0.9240612986057034,0.08110826804923243
2467,0.6220447766471309,0.9240636198110387,0.08110719740315264
2468,0.6220647479640405,0.9240534895175558,0.08110761677395632
2469,0.6220274512605838,0.9240432938921348,0.0811118420295591
2470,0.6220313699231977,0.9240330982667136,0.08110594145293665
2471,0.6220417908881641,0.9240206237095645,0.08110600594593415
2472,0.6220160931312108,0.9240063121720341,0.0811067475236392
2473,0.621972221066413,0.9240016736044189,0.0811058505649519
2474,0.6219953611647834,0.9240261653951496,0.08109717558956407
2475,0.6219755707685608,0.9240358306789543,0.08109456622422719
2476,0.6219687096741985,0.9240388935939413,0.08109124066733425
2477,0.6220099634770989,0.924036691523317,0.08108549217459941
2478,0.6220314985105695,0.9240257003854715,0.08108197208985791
2479,0.6220163041477027,0.9240202624623766,0.08108047602736489
2480,0.6220173506180928,0.9240090907009371,0.08107557411043888
2481,0.6219460083360139,0.9240263998215162,0.08107550325132136
2482,0.6220523911391374,0.9240588736378781,0.08105599711499537
2483,0.6220200809227464,0.9240460570488169,0.08105882169827072
2484,0.6219968803813927,0.9240745763613875,0.08105681430192167
2485,0.6219476273752318,0.9240502651942508,0.08106404369558648
2486,0.6219154056883658,0.9240339437388557,0.08106564539832957
2487,0.6219056167546492,0.9240374908787967,0.08106315887613064
2488,0.6219148413672576,0.9240405230493423,0.08106721907312259
2489,0.621968738309671,0.9240184831278233,0.0810647788249331
2490,0.6219448291503734,0.9239961434479994,0.08106725694803935
2491,0.6218989000854844,0.9239850101171118,0.08107275946104597
2492,0.6218929277963119,0.9239945985398127,0.08106580471218747
2493,0.6218834517678864,0.9240128415228033,0.08106307765340166
2494,0.6219060622828798,0.9240334979444536,0.08105511030396413
2495,0.6219482240032017,0.9240422293658469,0.08105266974588593
2496,0.6218621200499158,0.9240679970509009,0.08105199145756531
2497,0.6218384287854638,0.9240749222363547,0.08105145515468731
2498,0.6220014498098544,0.9241346779015157,0.0810329879846784
2499,0.6219520415701035,0.9241239788358646,0.08103950715482416
2500,0.6219682741120962,0.9241460994615426,0.08101235195446817
2501,0.6220101046233958,0.9241551882870688,0.08100186836602938
2502,0.6220560215715477,0.9241635161876671,0.08099141663930849
2503,0.6220435097211564,0.924184103434324,0.08098794626770989
2504,0.6220097685422852,0.9241840611607168,0.0809947308573587
2505,0.6220124873067592,0.9241822664539427,0.08099634819196735
2506,0.62208359432796,0.9241902138920772,0.08098657457948166
2507,0.62208359432796,0.9241902138920772,0.08099048866036902
2508,0.6220820038056044,0.9242205355975324,0.08098492825150003
2509,0.6221992458284143,0.9242216846710344,0.08096980277710197
2510,0.622241342651344,0.9242201743503444,0.0809626234569602
2511,0.6222407542690178,0.9242383251000104,0.08096005622677396
2512,0.6223402104148197,0.9242652072710696,0.0809390780792061
2513,0.6223533651721591,0.9242579362106488,0.08093437539606618
2514,0.6223174106060125,0.9242503807641437,0.08093965710450558
2515,0.622313950439813,0.9242676937277781,0.08093725642515412
2516,0.6223442050120648,0.9243244325946144,0.08092256110531826
2517,0.6224250637586171,0.9243198555158821,0.08091919051843058
2518,0.6223977142343836,0.9243030152480363,0.08091652289857433
2519,0.6223725344869856,0.9242789615655973,0.08091754306307065
2520,0.6224117131503919,0.9243197017936745,0.08090642225920745
2521,0.6224164398142035,0.9243517259725791,0.08089551063673464
2522,0.6224941887149016,0.9243632359228754,0.08087392375414904
2523,0.6225445289709172,0.9243712179485066,0.0808659053064421
2524,0.6226324839804931,0.9243689274876129,0.08085406748789939
2525,0.6226858925205176,0.9243816672155702,0.08084149600363293
2526,0.6226319866312514,0.9243811253447883,0.0808433199979698
2527,0.622616375033387,0.924367901391877,0.08084500607784009
2528,0.6226340581812257,0.9243545314028683,0.08085127472435723
2529,0.6226348351726952,0.9243144790816703,0.08085079222535249
2530,0.6226114825750944,0.9243083763100274,0.08085181845498271
2531,0.6225968543278796,0.9242933768656179,0.08085097832105463
2532,0.6225814955312862,0.924266121918205,0.08085325410287177
2533,0.6225714375188078,0.9242913707908083,0.08084912060844078
2534,0.6225253667217667,0.9242829199124438,0.08085284266697053
2535,0.6224848881247502,0.9242778086490401,0.0808596565040397
2536,0.6224672188503249,0.9242704684136258,0.08086422054498796
2537,0.6225572806863833,0.9242934844711632,0.08084981632509815
2538,0.6225528158935238,0.9242787886281137,0.08085569324563188
2539,0.6225727405974304,0.9242569254871336,0.08085610894430884
2540,0.6225672993699994,0.9242422104288082,0.08085514601881982
2541,0.6224882265894899,0.9242271187510741,0.08086765295653155
2542,0.6225726093055546,0.9242548963539928,0.08085108651292565
2543,0.6224953670074606,0.9242291401981044,0.08085880745420931
2544,0.6224662515991973,0.9242205125392012,0.08086021014041242
2545,0.622429634908414,0.9242158739715859,0.08086445526395122
2546,0.6223226665516097,0.9241860364910849,0.08087766289758848
2547,0.6223343666078358,0.9241779430168532,0.0808733516960419
2548,0.6223630773266848,0.9241711638674968,0.08087099241901163
2549,0.6223516425372494,0.9241647651806041,0.08086775420084688
2550,0.6223495875154459,0.9241717441688305,0.0808644475479882
2551,0.622316154079743,0.9241506880694403,0.08086959991955885
2552,0.6223192116273689,0.9241393356844069,0.08087043123642093
2553,0.6222926173815968,0.9241617752836657,0.08086802451732295
2554,0.6222234521222213,0.9241552689912278,0.08087667319360693
2555,0.622252211204025,0.9241485090571472,0.08086780186183587
2556,0.6222390394425874,0.924133132993329,0.08086867818060334
2557,0.6222500190617992,0.9241173457226054,0.08086725941448607
2558,0.622255011735794,0.9241148169922899,0.08086563541705137
2559,0.6222603629447756,0.9241057396959294,0.08086577009722466
2560,0.6222185013991276,0.9241227759595899,0.08086391757027113
2561,0.6221652750903368,0.9241168922420929,0.08087289099561255
2562,0.6221679677075282,0.924106439131974,0.08087189186691611
2563,0.6221566984373349,0.9241191250571588,0.08087236899109877
2564,0.622179994252766,0.9241073883666061,0.08086996051137307
2565,0.6222222935266263,0.9241097672177693,0.0808640437588971
2566,0.6221889537184037,0.9241031456336756,0.08086481157449214
2567,0.6222513500309217,0.9241075075013171,0.08085981245814382
2568,0.6223335441976233,0.9241076881249111,0.08085385063460183
2569,0.6223586947506161,0.9241173803101022,0.08085094013380012
2570,0.6223890953382245,0.9241064814055812,0.08085085079477583
2571,0.6223912915870158,0.9241060548264549,0.08085163556831783
2572,0.6224581076063275,0.9241248127788411,0.08084025516974656
2573,0.6224822450856061,0.924099971270088,0.08083916521568954
2574,0.6224498077051687,0.9241045329765994,0.0808401006442169
2575,0.6224403456733878,0.92410444458633,0.08084092401133318
2576,0.6224475610603896,0.9241014124157846,0.08084040022997246
2577,0.6226248211828507,0.9241016545282615,0.08080091124511615
2578,0.6225928247749223,0.9241031417906204,0.08080970863512059
2579,0.622597011401742,0.9241097710608245,0.08080320435145039
2580,0.6225757125116812,0.9241117848217444,0.08080328908736437
2581,0.6225968441042656,0.924104183258577,0.080802172371956
2582,0.6225559083275057,0.9240909785209417,0.08081025227067938
2583,0.6225922165197518,0.9240923005319273,0.08080531238701746
2584,0.6225931007445991,0.9240892837336026,0.08080555193200166
2585,0.6225987982678746,0.9240872507574066,0.08080547734063756
2586,0.6226300779644413,0.9240900715599166,0.08080163345054966
2587,0.6225323701541909,0.9240739691586674,0.08080710619935655
2588,0.6225653692003761,0.9240895642766315,0.08079724307313603
2589,0.6225131574727076,0.9240797875442261,0.08080060190122008
2590,0.6224977734052561,0.9240326832167531,0.08080693442412419
2591,0.6225574291592443,0.9240338784069174,0.0807951859809361
2592,0.6225643468197016,0.9240125456075535,0.08079545383494052
2593,0.6225793976449028,0.9239836612047398,0.08079303798800855
2594,0.6225932503815127,0.92396130230964,0.0807937061565779
2595,0.6225283551202955,0.9239488815552636,0.08079912477892795
2596,0.622534849530737,0.9239298776473452,0.08079644978257931
2597,0.6225743436956911,0.9239443659654144,0.08078693970505976
2598,0.622623553901205,0.9239321258346318,0.08077896320476842
2599,0.6225852920614322,0.9239166229499923,0.0807881116464451
2600,0.6225136222825778,0.9238752294025327,0.08080010989371458
2601,0.6224932639653863,0.9238656678812182,0.08080034457349164
2602,0.6225382077744989,0.923890102026121,0.08079263585304847
2603,0.6223918022124649,0.9238904632733089,0.08080944794786386
2604,0.6224886566718802,0.923922014756425,0.08079151987610417
2605,0.6224802670513234,0.9239063081898604,0.08079223785043214
2606,0.6225618668041627,0.9239052206052414,0.08077378700918822
2607,0.6226476214158762,0.923930315755637,0.08075817710425176
2608,0.6226478146909545,0.9239313187930418,0.0807575749445828
2609,0.6226575784350863,0.9239341011649999,0.08075211666188799
2610,0.6226636588469571,0.923929812315407,0.08073982958536675
2611,0.6227403876642885,0.9239392892895074,0.08072847211292536
2612,0.6227567594535345,0.9239517062008288,0.08072882232746832
2613,0.6227317746841642,0.9239699760852056,0.08072414686831215
2614,0.6226958469763743,0.9239748529222427,0.0807226336376709
2615,0.6227823213408545,0.9239810171827686,0.0807126314249577
2616,0.622795598924465,0.9239944717189914,0.0807086668749139
2617,0.6228086556924171,0.9239927269719348,0.08070275234176
2618,0.6228021750984837,0.9239950443342149,0.08070094102531732
2619,0.6228509242501957,0.9239895564514025,0.08069438457022805
2620,0.6229424729826873,0.9239905172152002,0.08067985290172663
2621,0.6229334246467368,0.9239893988861396,0.0806781595733205
2622,0.6228882730112716,0.9239526554354609,0.08068998167393134
2623,0.6228922182900205,0.9239504956384437,0.08068982539685433
2624,0.6228709106064608,0.9239129259308988,0.08068253813141782
2625,0.622911850945575,0.9239178411984879,0.080677245052172
2626,0.6229384297555997,0.9239058354940719,0.08066989225476415
2627,0.6229716427252554,0.9238954554020017,0.08066637837147062
2628,0.6229669376897107,0.923905958471838,0.0806618189556716
2629,0.6229590098049891,0.9238952440339662,0.08066612811080455
2630,0.6230388302602635,0.9239259346727196,0.08064335274552745
2631,0.623040707965756,0.9239149012612669,0.08064554051179962
2632,0.6230703917923638,0.9239116615657411,0.08064311416750881
2633,0.6230991379315223,0.9239353232565506,0.08062940572351196
2634,0.6231935621242205,0.9239558989740418,0.08061501774772847
2635,0.6231896829895248,0.9239609141610657,0.08061145409378215
2636,0.6231536910473958,0.9239749989583399,0.08061506234002709
2637,0.6231446832843885,0.9239576629363744,0.08061868644784038
2638,0.6231306462370046,0.9239410263504536,0.08062300920121876
2639,0.6231524903818898,0.9239431707752501,0.08061911255164356
2640,0.6231725470139144,0.9239241630242766,0.08061749714431844
2641,0.6231383408769201,0.923889275769255,0.08062710767776483
2642,0.6231761256200448,0.9238892181234271,0.08062654011685892
2643,0.623190181570366,0.9238853904404571,0.0806235281654961
2644,0.623233818086476,0.9239095171409446,0.08061242506419627
2645,0.6232055005853538,0.9238955168908847,0.08062446170608933
2646,0.6231860632682789,0.9239119574809908,0.08061953570715753
2647,0.6231559042013027,0.9239110620491313,0.08062325531278798
2648,0.6231307606299962,0.9239320066999209,0.0806223977895961
2649,0.6231604160436371,0.9239417181003879,0.08062010344781659
2650,0.6232158549310803,0.9239564485309342,0.08060894698169008
2651,0.6232372423708937,0.9239666864299623,0.08060459533141327
2652,0.623251059754188,0.923967870090961,0.08060782111275619
2653,0.6232293445839634,0.9239549727977409,0.08061354361388137
2654,0.6232139343882532,0.9239204929065694,0.08062119312119868
2655,0.6232504945053065,0.9239058354940719,0.08062285911011899
2656,0.623303580781612,0.9239130950253273,0.08061382163647685
2657,0.6233505420709151,0.9239277293794936,0.08060795378479851
2658,0.6233704161136321,0.9239393085047833,0.08060509198829727
2659,0.623377777823528,0.9239426135322474,0.08060084034272715
2660,0.6232815155047964,0.9238767320371123,0.08062047531925387
2661,0.6233183803473703,0.923895543792271,0.08061078715675564
2662,0.6232605305013893,0.9239003668265354,0.08061429205212871
2663,0.6232344575369778,0.9239020231833227,0.08061545575655352
2664,0.6232236321863996,0.923877973343939,0.08062372669577507
2665,0.6232801850133345,0.9238680851629332,0.08061642288149064
2666,0.623276857630617,0.923884602614143,0.08061516385249391
2667,0.6232603808436509,0.9238579241250088,0.08062109259168787
2668,0.6232958997316419,0.9238610754302652,0.08061468101678036
2669,0.6232676690381359,0.9238683657059621,0.08061765897866639
2670,0.6232447251800914,0.9238340356939431,0.08061662954702552
2671,0.6232439135438815,0.9238315146497379,0.0806134151996174
2672,0.6232596676025873,0.9238185597106899,0.08061330994644793
2673,0.6232339160751779,0.9238013197651042,0.08061518512664034
2674,0.6232664119544273,0.9238220338325823,0.08060886028617631
2675,0.6232751235197377,0.9237996365069306,0.08060550162583197
2676,0.6232441778247941,0.9238164959900524,0.0806118324921472
2677,0.623255579524135,0.9238125107418197,0.08061299558527314
2678,0.6232181008309435,0.9237703639555427,0.0806189726812152
2679,0.6232007166155071,0.923752259322539,0.08062251108922543
2680,0.6232188031197329,0.9237664863128552,0.0806209686926268
2681,0.6232117373679074,0.9237634349270337,0.08062358595474427
2682,0.6233002912442701,0.923794286974105,0.08061021564606613
2683,0.6232707399210127,0.9237835187334605,0.08061015531216933
2684,0.6232375233204787,0.9237821083322056,0.08060853739813713
2685,0.6232756124909862,0.9237963161072458,0.08060204884323402
2686,0.6233028228874428,0.9237881073413583,0.08059818069861215
2687,0.6233472454709582,0.9238274948140084,0.08058355288478153
2688,0.6233148050511182,0.9238139442014058,0.08058447552130629
2689,0.6233612128637689,0.9237823235432963,0.08058544203571989
2690,0.6234195036791254,0.9237682003154702,0.08057913912841334
2691,0.6234746163179882,0.9237773506298794,0.08056867952054708
2692,0.6234485254332012,0.9237984951195389,0.08055474873656829
2693,0.6235063846042969,0.9237908628119301,0.08054938699696308
2694,0.6236965364122825,0.9238178064718725,0.08051438122830862
2695,0.6236900446338343,0.9238053780313856,0.08051518769952683
2696,0.6236917850637121,0.9238102510253675,0.08051421011321215
2697,0.6236607700760851,0.9237934299727976,0.0805216626547898
2698,0.6235712558427645,0.9237424403165266,0.08052192358237448
2699,0.6235477096367751,0.9237347349908692,0.08052595432912309
2700,0.6238313575478057,0.9238175989468922,0.08046342795733313
2701,0.6237860112789323,0.9238177718843757,0.08046799508915123
2702,0.6237746850281638,0.9238523324797062,0.0804639370571483
2703,0.6238381595750911,0.9238641998341353,0.08045593581139582
2704,0.6238189159385653,0.9238650568354428,0.08045589355656747
2705,0.6238702587437283,0.9238663481019869,0.08044656673730367
2706,0.6238095969087627,0.923863488868925,0.08044900766497996
2707,0.6238580860396417,0.9238746260428677,0.08044021053649694
2708,0.6238634958927888,0.9238740034679269,0.0804401709945345
2709,0.6238634958927888,0.9238740034679269,0.08044457395349776
2710,0.6238983269141698,0.9238761440496681,0.080444927567007
2711,0.6237295107653976,0.923873623005463,0.08045688000332074
2712,0.6237246362698053,0.923867962185167,0.08045828986623538
2713,0.6236490677925766,0.9238442966513024,0.08047036012918746
2714,0.6236143425946272,0.9238733693638204,0.0804723112466403
2715,0.6236277409327258,0.9238562792973871,0.0804733575908422
2716,0.6236938869932087,0.9238857901181969,0.08046199154309598
2717,0.6236778416857701,0.9238756213941622,0.08046339891801435
2718,0.6237015956992354,0.9238922541370278,0.08045580531036481
2719,0.6237620390123008,0.9238861897959367,0.08044711717483558
2720,0.6238061743977735,0.923888391866561,0.0804397892855387
2721,0.6238192296663927,0.9238997980543672,0.08043798027163117
2722,0.6237922826373918,0.9238827733198722,0.08044355551086561
2723,0.6238557696547895,0.923863992309155,0.08044354394820326
2724,0.623881026591711,0.9238603836803309,0.0804401800154572
2725,0.6238518872464084,0.9238426825681223,0.08044837378771744
2726,0.6239073836130092,0.9238637617258435,0.0804388134064884
2727,0.6238916582918627,0.9238627394731628,0.0804405756246506
2728,0.623857790692592,0.9238613828746804,0.08044406279005929
2729,0.6240101428312224,0.9239022383944133,0.08042114157087774
2730,0.6240797281337488,0.9238900674386242,0.08041216331846918
2731,0.6241228807980842,0.9238794913507393,0.08040874269173272
2732,0.624186471804464,0.9238848908432823,0.08039940237289568
2733,0.624167849056335,0.9238903095511013,0.08039780104390871
2734,0.6241647857605569,0.9239329905220498,0.08039024415309469
2735,0.6242007375848175,0.9239594807014796,0.08038093795139063
2736,0.6242092085029217,0.9239544040255726,0.0803782502060925
2737,0.6242203523426204,0.9239431400308086,0.08038026657291679
2738,0.6242698759246054,0.9239542656755858,0.08037387036573304
2739,0.6242563992872271,0.9239838879449961,0.08037006037280442
2740,0.624189349613725,0.9239580741432798,0.08037673629032625
2741,0.6242030928048786,0.9239568328364532,0.08037464120438192
2742,0.6242452457632067,0.9239603223305664,0.08037171445977044
2743,0.6242870431281611,0.92394901221914,0.08036320175004023
2744,0.6243313660901052,0.923938393857648,0.08036136047229178
2745,0.6242218663787443,0.9239064042662402,0.08037807827530308
2746,0.6242224695366656,0.923906381207909,0.08037724536009175
2747,0.6243053146300587,0.9239157352042433,0.08036471253087517
2748,0.6242649933728599,0.9239321796374045,0.0803678585295555
2749,0.6243359139154226,0.9239244205089744,0.08036134115252212
2750,0.6243568166784104,0.9239217803300583,0.08035823696938357
2751,0.6244538722290585,0.9239147475390592,0.08034833834970667
2752,0.6244423416706553,0.9239149973376467,0.08034575323821966
2753,0.624385662291603,0.9238673011796742,0.08036053304141272
2754,0.6243087730997915,0.9238250314156311,0.08036427724122022
2755,0.6242194198048894,0.923805485636931,0.08037246579433754
2756,0.6241961014344395,0.9237964237127911,0.08037442667573899
2757,0.6241307213457856,0.9237883878843873,0.08038352295450753
2758,0.6241914096394948,0.9238016733261817,0.08036965600924094
2759,0.6241654357237701,0.9237932647214243,0.0803745748050025
2760,0.6242042880841074,0.9238002975124234,0.08036828576393479
2761,0.6242327268489458,0.9237983836709385,0.0803668075747336
2762,0.6245486944822598,0.9238448308359739,0.08029577948261807
2763,0.6245968871547714,0.9238366758728591,0.08029022120984089
2764,0.62461542101798,0.9238517906089243,0.0802875088178309
2765,0.624640433877816,0.9238743800873356,0.0802855395967399
2766,0.6246387990362107,0.9238719589625654,0.08028555858320384
2767,0.6246626927079957,0.9238833459350956,0.08028416382082514
2768,0.6246809405789556,0.9238851214265937,0.08028440357051597
2769,0.6247029430595238,0.9238817779685777,0.08027851345611597
2770,0.62472375569559,0.9238943293868308,0.0802720862712057
2771,0.62470235447442,0.923909301929854,0.0802714347000208
2772,0.6247179778008952,0.9239117230546241,0.08027150068611512
2773,0.6246632626585653,0.9239012084556222,0.08027689463846853
2774,0.6246869560525453,0.9239038447914831,0.08027329378921902
2775,0.62471169963398,0.9239111273810696,0.08026808193052064
2776,0.6246952066112856,0.923936964241117,0.08026493674016114
2777,0.624673544478226,0.9239125877420421,0.08027188881058242
2778,0.6246561687557816,0.9239045134830863,0.08027725019766033
2779,0.6247055779699505,0.9239146745210106,0.0802693288246077
2780,0.6247042669712699,0.9239144131932576,0.08027056730072941
2781,0.6247139266539786,0.9239150588265297,0.08026870422902388
2782,0.6246916779361263,0.9239184214998216,0.0802687747163303
2783,0.6247018008700662,0.9239305924556107,0.08026367748055854
2784,0.624641225822013,0.9239114463546504,0.08028425810277219
2785,0.6246577224598574,0.923919374577509,0.0802828498618648
2786,0.624681919523699,0.9239165191875022,0.08028240198039795
2787,0.6247245887988544,0.9239200048385602,0.08027806646221868
2788,0.6247529064037249,0.9239388819256572,0.08027417406285296
2789,0.6247195093225062,0.9239388857687124,0.08027806653090654
2790,0.6247204393528077,0.9239478477734172,0.0802791219983039
2791,0.6246712913702317,0.9238924731911736,0.0802960041402398
2792,0.6245849977712801,0.9238890259706676,0.08030311111274749
2793,0.6245634573988168,0.9238946137729149,0.08030334068468561
2794,0.624560045487974,0.9239138828516413,0.0802990550884739
2795,0.624525386398255,0.9238787073674803,0.08030596709581785
2796,0.6244923796827293,0.9238717514375852,0.08030744877943466
2797,0.6245056930023929,0.9238822814088078,0.08030405632036035
2798,0.6244900564437585,0.9238730234888533,0.08030827272843434
2799,0.6245016001501572,0.9238727890624866,0.08030801288848954
2800,0.6245063466084028,0.9238721972319872,0.08030659326769193
2801,0.6245049340878375,0.9238718667292408,0.08031034179803281
2802,0.6245022096619737,0.9238746644734197,0.08030781726988905
2803,0.6244850796053619,0.9238868315861536,0.08030332540446096
2804,0.6245237542947619,0.9238883111624021,0.08029822446826389
2805,0.6245632692622426,0.9238908860093799,0.08029427470550778
2806,0.6246108847659442,0.9239039600831388,0.08028602140350956
2807,0.62464560328499,0.9239236365257155,0.08027831698823289
2808,0.6246523525387266,0.9239215151592501,0.08027918249825623
2809,0.6246337462618627,0.9239237671895919,0.0802816847456662
2810,0.6246281327393217,0.923887846152724,0.08028728778810923
2811,0.6246621959674135,0.9239186674553538,0.0802787420520024
2812,0.6246521706458911,0.923912687661477,0.08028025174421788
2813,0.6247439593790866,0.9239119267365492,0.080267705676511
2814,0.6247333091230207,0.9238927114605955,0.08027160340003943
2815,0.6247436040844998,0.9239081643855175,0.08026773403882355
2816,0.6247016533422093,0.9238844066183283,0.08027703226376992
2817,0.6247777458520523,0.9238908206774417,0.08026747908439667
2818,0.6247739674998921,0.9238959588422316,0.08026717964421336
2819,0.6248005173750066,0.9239566983295215,0.0802567848988215
2820,0.6247996938784627,0.9239638118246796,0.08025483533017189
2821,0.6248109326941743,0.9239651453648308,0.08025548007555737
2822,0.6247964860351775,0.9239646611398767,0.08025710511640807
2823,0.624803600459095,0.923961986373464,0.08025507398474332
2824,0.6248656580839451,0.9239686656033855,0.08024801019259156
2825,0.6248921734841153,0.9239710828851005,0.08024541967833582
2826,0.6249283574463697,0.9239769243289905,0.08024031183249462
2827,0.6249928779191309,0.9239896909583342,0.08023170715877617
2828,0.6249051146559048,0.9239755907888393,0.08024251100327795
2829,0.6249256670889121,0.9239369680841721,0.08024681587076693
2830,0.6248630838157139,0.923911822974059,0.080257776737588
2831,0.6248658835653552,0.9239091097770944,0.08025856360176506
2832,0.6248172655893546,0.9238686769934326,0.08027314906290196
2833,0.6248529474433293,0.923872131900049,0.08026452791369712
2834,0.6248066038654483,0.9238366874020246,0.08027408840311208
2835,0.6248299857693195,0.9238252466267218,0.08027186736488037
2836,0.6248039253819389,0.9238172915024769,0.08027778961461053
2837,0.6248409062422309,0.9238353077452112,0.08027336128680745
2838,0.624827549270084,0.9238291357985748,0.08027449581753336
2839,0.6248531649038098,0.9238182906968265,0.08027328247575266
2840,0.6248274483532019,0.9238024380941646,0.08027803593204588
2841,0.624842249286316,0.9238484125634117,0.08027338203427002
2842,0.624818587550714,0.9238084832199798,0.08028075004377049
2843,0.6248587530607282,0.9238255079544748,0.08027566031666812
2844,0.6248940914381285,0.9238565483112505,0.08026510237425283
2845,0.6249438396550298,0.9238562716112767,0.08025992678415306
2846,0.6250404378725523,0.9238778465231177,0.0802493587083753
2847,0.6250783273246363,0.923878419138341,0.08024519373903513
2848,0.6250900100327964,0.9238673280810605,0.0802412679153705
2849,0.6251273734710964,0.9238624474009683,0.08023789330514225
2850,0.6251883417699421,0.9238708867501672,0.0802324706594508
2851,0.6251920262091838,0.9238803752534331,0.08023003697803659
2852,0.625238486890386,0.9238803829395436,0.08022291743507222
2853,0.6252687531752333,0.9238819739643925,0.08022147537082958
2854,0.6252697566755098,0.9238896293303325,0.08021948524155971
2855,0.6252570357541939,0.9238653719659684,0.08022727286266573
2856,0.6252318336455085,0.9238505377729321,0.08023164858608677
2857,0.6252124984869379,0.9238323370635487,0.08023364820835416
2858,0.6252048750938182,0.9238411146016045,0.08023362152208477
2859,0.6252696315385153,0.9238579010666776,0.08022208572053845
2860,0.6252467290052397,0.9238662827700487,0.08022115138926374
2861,0.6252802247875761,0.9238703179779989,0.08021700869766955
2862,0.6253718240644557,0.9238883073193469,0.0802039826274208
2863,0.6254286852905407,0.923889517881732,0.08019086899645482
2864,0.6254277522653058,0.9238684387240107,0.08019177626792717
2865,0.6254112307533138,0.9238676316824206,0.08019022751383081
2866,0.6254366931923088,0.9238624089704164,0.0801891731242621
2867,0.6254373449469283,0.9238654449840171,0.08018803677939254
2868,0.6254015070215126,0.9238590731985108,0.08019417114054403
2869,0.6253680715060165,0.9238473941537861,0.08020044428253523
2870,0.625427386369562,0.9238551302238851,0.08019316580179023
2871,0.6253589484585275,0.9238605912053112,0.08019900118151765
2872,0.6253643691987427,0.9238528781935433,0.0801987268765365
2873,0.6253513693159951,0.9238526591393974,0.08019768504795484
2874,0.6254385703078911,0.9238814013491691,0.0801854301751759
2875,0.625468668788947,0.9239036142081717,0.08017910753828088
2876,0.6254716966079097,0.9239063965801297,0.08017977645905171
2877,0.625486376710577,0.9239102588505964,0.08017862492946476
2878,0.6254897865405964,0.9239259231435539,0.08017762967005873
2879,0.6255089211244111,0.9239315609055188,0.08017306074425258
2880,0.6255235502834552,0.9239339858733442,0.08017142638132208
2881,0.6255484434913888,0.9239451076750662,0.08016660113902115
2882,0.6255394208694611,0.923943512807162,0.08016630352816248
2883,0.6255732370739797,0.9239568866392258,0.08015968922901479
2884,0.6255812807740585,0.9239732618973937,0.08015488486188138
2885,0.6255769925611027,0.9239708177142923,0.08015723029381726
2886,0.6256420049276767,0.9239518637660915,0.08015231960216476
2887,0.625748569591455,0.9239962702688207,0.08013349000629152
2888,0.6258276950530592,0.9240282521741182,0.08012117075350271
2889,0.6258017883675351,0.9240191172319298,0.08012619787833862
2890,0.6258252249668196,0.924035096655413,0.08011947860489947
2891,0.6259874053769496,0.9240462338293557,0.0800933120235028
2892,0.6259584339343265,0.9240627090069584,0.08009474522875043
2893,0.6259913054169268,0.9240458610530022,0.08009894058240753
2894,0.6260301455027516,0.92403513892902,0.08009832303668593
2895,0.6261139625706978,0.9240488125193886,0.08008704339265287
2896,0.6261452661957383,0.9240562411450725,0.08008187043609215
2897,0.6261150845077548,0.9240503074678579,0.08008456040287126
2898,0.62604075439563,0.9240026497404373,0.0801031476561088
2899,0.6260418596627823,0.923995770671646,0.08010362496971282
2900,0.6260533281417913,0.9240014507072178,0.08010265484903915
2901,0.6260569528967486,0.9240052553318567,0.08010177803294788
2902,0.6260764358130494,0.9239944986203777,0.08010088522409149
2903,0.6260672916459077,0.9239850831351605,0.08010358834903368
2904,0.6261829870863559,0.924001373846114,0.08008542441918663
2905,0.6262236685405811,0.9240191556624816,0.08008076788167237
2906,0.6262216150323071,0.9240206698262268,0.08007906202264888
2907,0.6263273849880175,0.9240171649598928,0.08007091366775501
2908,0.6263317835603788,0.9240131412811081,0.08007093084050755
2909,0.6263782039309205,0.9240253929410562,0.08006542752348429
2910,0.6263778732606204,0.9240349506193156,0.08006359097026852
2911,0.6263776622965288,0.9240406844576603,0.08006222691519242
2912,0.6263758683693553,0.9239948329661793,0.08007222960198636
2913,0.6263825551700989,0.9240042791958383,0.080070286240009
2914,0.626424806031873,0.9240181679972976,0.08006361926370124
2915,0.62643261060055,0.9240316455918516,0.08006075754161544
2916,0.6264081668370292,0.9240249164022126,0.08006478663413043
2917,0.6264389207395535,0.9240172226057207,0.08006173742306645
2918,0.6264852765438563,0.9240172879376589,0.08005631974096568
2919,0.6265410457308004,0.924034535569355,0.08004854911158613
2920,0.6266550463881692,0.9240669171523923,0.08003190798273366
2921,0.6266864987893878,0.9240803371011185,0.08002580679103122
2922,0.6266680854260079,0.9240813785690751,0.0800265444113726
2923,0.6266267644301374,0.9240634199721688,0.08003582800227847
2924,0.6266811438276427,0.9240782195777083,0.08002772912474915
2925,0.6266934734364444,0.9240713750964136,0.0800294982141723
2926,0.6267840366285117,0.9240834538188781,0.08001681733126026
2927,0.6268081118164291,0.9240569521102827,0.08001780755263857
2928,0.6267755213604226,0.9240823585481488,0.08001843793997125
2929,0.6267778194263535,0.9240833615855536,0.08001813310151869
2930,0.6267194988623564,0.9240580781254536,0.08002600427298591
2931,0.6266640321405883,0.9240348161123839,0.08003584263891798
2932,0.6267097787960089,0.9240398582007943,0.0800302187963454
2933,0.6267438528339722,0.9240492314124045,0.08002628089182613
2934,0.6267941655284607,0.9240743073475242,0.08001916260245838
2935,0.6267894780329288,0.9240684044147511,0.0800217599116865
2936,0.6266872169217618,0.924071605679725,0.08003174542440596
2937,0.6267225855557121,0.92410615474589,0.08002401282181507
2938,0.6267557203788555,0.9241145326062058,0.08001969575218751
2939,0.6267688914213686,0.9241234369650827,0.08001968636384323
2940,0.6267729584959902,0.924137102869341,0.08001750461593117
2941,0.6267355140462207,0.9240617905167678,0.0800285736964002
2942,0.6267399130681407,0.9240834115452711,0.08002932321548173
2943,0.626705167060842,0.9240576131157755,0.08003589292690304
2944,0.626705167060842,0.9240576131157755,0.08003657134849092
2945,0.626649104567042,0.9240615330320701,0.08004211804885399
2946,0.6266895752231526,0.9240926156624529,0.08003510569876764
2947,0.6266824879081128,0.9240898294474396,0.08004059176821597
2948,0.6266376668311501,0.9240824930550805,0.08005176064177427
2949,0.626646586123287,0.9240767131000736,0.08005139920342352
2950,0.6266175981353767,0.9240736924586936,0.08005602725739898
2951,0.6265908053399305,0.9240757062196135,0.08006037099436202
2952,0.626554455623478,0.9240711714144885,0.08006601364649467
2953,0.62670014047274,0.9241078610623946,0.08004284348623278
2954,0.6266950754372062,0.9240984571063429,0.08004450368541786
2955,0.6266861209172441,0.9241156663074871,0.08004519813521181
2956,0.6267556327292123,0.9241295435797808,0.08003955763283449
2957,0.6267754947498795,0.9241465183545584,0.08003488608343447
2958,0.6267250365553904,0.9241079456096088,0.0800474874533054
2959,0.6267140025994352,0.9240780812277215,0.08005464101462756
2960,0.6267434692448954,0.9240872469143514,0.080052043459367
2961,0.6267943517480523,0.924077105091703,0.08004282864714161
2962,0.6268248088931262,0.9240844145826759,0.08003508112413862
2963,0.6268402068016543,0.9240909746778865,0.08003298886238197
2964,0.6268345630162236,0.9240887918225381,0.08003475452500194
2965,0.6268259372588678,0.9240982611105282,0.08003346422412458
2966,0.626829526518361,0.9241005400422563,0.08003439995699477
2967,0.6269151452944477,0.9241154395672307,0.08002385775739666
2968,0.6269333173672624,0.9241292515075864,0.08002016020777804
2969,0.6269471181888914,0.9241397622635331,0.08001753683495914
2970,0.6269508785995063,0.9241261463189923,0.08001927567944386
2971,0.6269634231099871,0.9241184102488932,0.0800213708969656
2972,0.627075720517728,0.924145000347758,0.08000505197911231
2973,0.6271014495943508,0.9241584856284224,0.0800036342133396
2974,0.627085545892562,0.9241661678957487,0.08000390873083477
2975,0.6270608480216977,0.9241681585983376,0.08000725951447556
2976,0.6270580567419541,0.9241475290780736,0.0800093273124711
2977,0.6270304684655988,0.924146368475406,0.08001224205557982
2978,0.627024055419241,0.9241239519344783,0.08001808967444567
2979,0.6270244996270884,0.9241225569054441,0.08001870494887403
2980,0.6270012370790228,0.9241260041259501,0.08002085098758042
2981,0.6269954854163997,0.9241203855792612,0.08002390743970553
2982,0.6270310563010124,0.9241283061160094,0.08001785642570947
2983,0.6270191824198282,0.9241319224309439,0.0800184903962878
2984,0.6270795961166012,0.924131580399032,0.0800158720000995
2985,0.6271064786234948,0.9241313036990583,0.0800140171126078
2986,0.6270843453679465,0.9241315458115352,0.08001672441686161
2987,0.6270840018026493,0.9241131913799442,0.0800208044123348
2988,0.6271051779054012,0.9241212003069618,0.08001886473737412
2989,0.6269335536889543,0.9240811518288189,0.0800509034529776
2990,0.6269934498994164,0.9240863975991542,0.08004044511111903
2991,0.6270299533528984,0.9241138792868233,0.08003444874540176
2992,0.6270668081977524,0.9241076458513039,0.08003276425072585
2993,0.627077372973641,0.9241035875850225,0.08003342878167782
2994,0.6270735555025259,0.9241033685308766,0.08003662637084027
2995,0.6271985478883879,0.9241335787877312,0.08002100405712657
2996,0.6272098128894418,0.9241292784089727,0.08002128792530239
2997,0.6272303823899845,0.9241151974547538,0.0800196948061565
2998,0.6272297511289555,0.9241048173626836,0.08002120122770537
2999,0.6273070232796297,0.924144070328402,0.08000834761390888
3000,0.6273069260186017,0.9241500731806098,0.08000950347089242
3001,0.6273079939266132,0.9241314189907139,0.08001142902344444
3002,0.6273353424902811,0.9241469564628502,0.08000738055181464
3003,0.6273353424902811,0.9241469564628502,0.08000822219014661
3004,0.6273124595928415,0.9241311499768506,0.08001346765908288
3005,0.6273509098970494,0.924134662529295,0.08000978059595332
3006,0.6274231262727255,0.9241297203603196,0.08000390441778354
3007,0.6274161173724162,0.9241300009033485,0.08000384362765212
3008,0.6274448226498025,0.9241168307532098,0.080004407457124
3009,0.62745011822096,0.9241193325821391,0.08000325799009633
3010,0.6274523532397142,0.9241090754678349,0.08000142409184732
3011,0.6274746635971801,0.9240805407830436,0.08000621642039535
3012,0.6275126841880874,0.9240789805026361,0.08000156075208995
3013,0.627505317177403,0.9240588736378781,0.08000851667555478
3014,0.6274678745664315,0.9240472253375949,0.08001779705360171
3015,0.6274936080782808,0.9240337054694339,0.08001555612553171
3016,0.6274811255272161,0.9240319107626598,0.08001784109524726
3017,0.6274887545425657,0.9240294665795584,0.08002064017725545
3018,0.6274658518000769,0.9240269954950708,0.08002494414164918
3019,0.6274515879858419,0.9240258579507343,0.08002727976544685
3020,0.6274846443553943,0.924028167626904,0.08002536935546714
3021,0.6274615882435827,0.9240298701003534,0.08002746621197679
3022,0.6274994522488998,0.9240373871163066,0.08002167310471138
3023,0.627537746532087,0.924044688921169,0.08001836024365394
3024,0.6275032536197189,0.9240212616567262,0.08003142672974532
3025,0.6275366587913478,0.9240108661924352,0.08003233477859094
3026,0.627589289018867,0.9240330867375481,0.0800244678811824
3027,0.6276132373930114,0.924027080042285,0.0800232662871782
3028,0.6276407755249884,0.9240277833213849,0.08002044676275506
3029,0.6276506885607651,0.924027160746444,0.08002024303647234
3030,0.6276552875356987,0.9240271453742233,0.08002291863111524
3031,0.6277012421426782,0.9240474213334097,0.08001494805732803
3032,0.6277529659525641,0.9240576246449411,0.08000904565172749
3033,0.6277857257144045,0.9240473060417539,0.08000636639743576
3034,0.6278256440560994,0.9240442777142636,0.08000338847463921
3035,0.6278332931130666,0.9240824584675837,0.08000105438401893
3036,0.627828371250311,0.9241095712219545,0.0799991759564532
3037,0.6278489955211014,0.924084137882702,0.08000014264085344
3038,0.6278792224740596,0.9241001211492404,0.07999558744732672
3039,0.6278428885480686,0.9240930268693583,0.0800038192691799
3040,0.6278916126556636,0.924120178054281,0.07999475078872699
3041,0.6278679974571323,0.924120339462599,0.07999613956668826
3042,0.6278584942556524,0.9241049172821185,0.08000131724879372
3043,0.6278948571861053,0.9240957708107645,0.07999856217481162
3044,0.6278758981641136,0.9240906787626367,0.08000257263786494
3045,0.6277656187178156,0.9241114889064946,0.08001601123654856
3046,0.6277550305947329,0.9240966009106857,0.08001940472556027
3047,0.6277295494739304,0.9241009205047201,0.08002096148460151
3048,0.6277742155835199,0.9240856328311713,0.08001704560031463
3049,0.6278118217816583,0.9240818166773669,0.0800147279717902
3050,0.6278032874631694,0.9240857096922751,0.08001540014895471
3051,0.6278524355918077,0.9240933112554425,0.08001107990910637
3052,0.6278615048391696,0.9240982149938658,0.0800068904748426
3053,0.627849676620126,0.9241123651230781,0.08000684390506776
3054,0.6278536000665526,0.9241122690466984,0.08000760284858828
3055,0.627837015660665,0.9241382173553464,0.08000620819131526
3056,0.6278410570885915,0.9241260579287228,0.08000658391071042
3057,0.6278637550651863,0.9241305927338479,0.08000873414215057
3058,0.6278414466955274,0.9241238404858778,0.08001221481512606
3059,0.6279277751633785,0.9241242247913969,0.08000408988549997
3060,0.6278855172959047,0.9241311653490714,0.08000655944038558
3061,0.6279384542659538,0.9241261463189923,0.08000276033700209
3062,0.6279302801365788,0.9241173841531574,0.08000478290746943
3063,0.6279297210484701,0.9241179606114359,0.08000485803463409
3064,0.6278956759641452,0.9241090985261661,0.08000886355416549
3065,0.6278962734864426,0.924114517233985,0.08000751487955458
3066,0.6279113084609,0.9240957900260405,0.08000667591854792
3067,0.6279837436450673,0.9240941720998052,0.08000166764736531
3068,0.627988520312159,0.9240745917336083,0.08000564016564372
3069,0.6280158065772229,0.924073680929528,0.08000241381538027
3070,0.6280484103357722,0.9240852792700938,0.07999804371710005
3071,0.6280274956531599,0.924082058789844,0.08000097134237827
3072,0.6280948464213203,0.9240842378021371,0.07999494553859487
3073,0.6280994086521173,0.9240829964953104,0.07999609982907117
3074,0.6280983062631551,0.9240972734453441,0.07999723081989407
3075,0.6280628799669892,0.9240858557283723,0.08000553299479199
3076,0.6279832584322177,0.9240894489849757,0.0800135428100587
3077,0.6280158786222894,0.9241158930477433,0.08000714306989155
3078,0.6280313416303606,0.9241289517492814,0.08000520550714862
3079,0.6280447273601963,0.9241557724314577,0.08000249199753862
3080,0.6280548077448878,0.9241449427019301,0.08000525973066878
3081,0.6280329944880363,0.9241391550608129,0.08000971690411801
3082,0.6280640475687076,0.9241438858617528,0.08000830844436564
3083,0.6280429691873775,0.9241292284492552,0.08001223782066377
3084,0.6280059377744959,0.9241231141484467,0.08001779388744959
3085,0.6280547889601495,0.924115866146357,0.08001341318625249
3086,0.6280712676222724,0.9241248127788411,0.08001243640344291
3087,0.6280935371142119,0.9241292899381383,0.0800100371784052
3088,0.6281528978901988,0.9241367877388155,0.08000633880715215
3089,0.6281571086502806,0.9241358654055697,0.08000808730384411
3090,0.6281469610069976,0.9241405808342887,0.08000904012686615
3091,0.6281207610218577,0.9241327064142029,0.08001394950310271
3092,0.6281471528249037,0.9241180144142086,0.08001485802737736
3093,0.6281906257915232,0.9241276182091303,0.08001084869183028
3094,0.62814412439876,0.9241216960610813,0.08001943846669281
3095,0.6281267305906096,0.9241024000809686,0.08002416606129381
3096,0.6281355828765856,0.9241086450456535,0.08002255070089202
3097,0.6281032231998556,0.9241056436195496,0.08002840859404671
3098,0.6281012794508678,0.9241077765151804,0.08002885764868371
3099,0.6280696787255258,0.9240838419674524,0.08003777068185904
3100,0.6281483381964994,0.9240835037785956,0.08003084906127333
3101,0.6281700426769892,0.9240613485654209,0.08003326733084974
3102,0.6281200036164336,0.924035500176208,0.08004414535748375
3103,0.6281395288738024,0.9240468295029103,0.08004004296255476
3104,0.6281680758008527,0.9240401848604854,0.08004030332714449
3105,0.6281908543972018,0.924031249757167,0.08003990104773386
3106,0.6281961442935978,0.9240118000548465,0.08004350216139053
3107,0.6281431603779163,0.9240116578618045,0.08005045192982001
3108,0.6281790100158241,0.9240106894118965,0.08004589250059291
3109,0.6281417780058408,0.9240088524315152,0.08005428594309548
3110,0.628086740789093,0.9240019541474478,0.08006399790013669
3111,0.6281206725011705,0.9239961472910546,0.0800616701694835
3112,0.6280317676866866,0.9239644920454484,0.08007806415131162
3113,0.6280314099003358,0.9239439240140674,0.08008550031505404
3114,0.6280432339049867,0.9239690652811253,0.08008260788312999
3115,0.6280297060185773,0.9239667440757902,0.0800861349192079
3116,0.6280823449808437,0.9240154278989466,0.0800717060177348
3117,0.6280213651580212,0.9240115925298662,0.08008116283096417
3118,0.6279723636946514,0.9240086910231973,0.08008879253561074
3119,0.6279441413110277,0.9240016736044189,0.08009643529787061
3120,0.6278834723041973,0.9240115733145903,0.08010550393066261
3121,0.627891359309804,0.9239998788976448,0.08010500058726729
3122,0.6278724911062039,0.9239991333449378,0.080107333275588
3123,0.6279156734696036,0.9240098093522577,0.0801027579896823
3124,0.6279625293186989,0.9240023615112981,0.08010130982998571
3125,0.628055077835646,0.923988338202907,0.08009325862323122
3126,0.6280226216090921,0.923983926375548,0.08009520712764037
3127,0.6280189584604853,0.923987431241882,0.08009415997082556
3128,0.6279889123865339,0.9239854674406796,0.08009861486700366
3129,0.6278784496717701,0.9239756023180048,0.08011907110278882
3130,0.6278744794088782,0.9239697570310597,0.0801240986871865
3131,0.6278857588243764,0.9239576898377607,0.08012853121562862
3132,0.6278852072974479,0.9239799026967633,0.0801273440401693
3133,0.6278736226795093,0.9239612177624259,0.08013433164876217
3134,0.6278655302335269,0.9239412185032132,0.0801395043296571
3135,0.6278731920146383,0.9239610256096663,0.08013575754642263
3136,0.6278987187922619,0.9239436280988178,0.08013937534354844
3137,0.627890066043864,0.9239446234501122,0.08013951730093727
3138,0.6278928558709145,0.9239321642651838,0.08014291535349144
3139,0.6279276509978187,0.923933620783101,0.08013946093764392
3140,0.6279215397117403,0.9239116231351892,0.08014635936082272
3141,0.6279527046203169,0.9239140557891249,0.0801432089244828
3142,0.627963961317347,0.9239268339476342,0.08014257424986346
3143,0.6278946943067361,0.9239053781705042,0.08015587740373535
3144,0.6279105194246034,0.9239250200255842,0.0801532262114969
3145,0.6279685966290565,0.9239099360339604,0.08014987680364656
3146,0.6279218081839403,0.9239042828997749,0.08015575931358936
3147,0.6279152963447939,0.9238874003583218,0.08016428864048848
3148,0.6281195180026491,0.9239228294841254,0.08014105765042001
3149,0.6281506338632052,0.9239188442358925,0.08014158885272267
3150,0.6281629665345835,0.9239112234574494,0.08014336730344378
3151,0.628188257862982,0.9239054934621599,0.08014259820287446
3152,0.6282731310010095,0.9239410801532263,0.08012978873311107
3153,0.6283138875629561,0.9239371141202695,0.0801290020532425
3154,0.6283375775265234,0.9239258155380087,0.08012554028224711
3155,0.6283513804994666,0.9238866624917252,0.08013296484167003
3156,0.6283748266269442,0.9238729081971975,0.08013421982043423
3157,0.6284038902206379,0.923855249358596,0.08013493793921568
3158,0.6284790091021482,0.9238611561344242,0.0801273936901581
3159,0.6284822947813532,0.9238636041605807,0.08012808425144687
3160,0.6284786156605118,0.9238470828663157,0.08013027917176498
3161,0.6284896454638962,0.9238496961438454,0.08012830468462648
3162,0.6284290986660895,0.9238308267428588,0.08014257847359081
3163,0.628383771334176,0.9237935375783429,0.08015804084986122
3164,0.6283706723093706,0.9237995289013853,0.08015948295743965
3165,0.6283649962257419,0.923831898955257,0.08015838046462541
3166,0.6283165643030103,0.9238234327046717,0.08017941356888837
3167,0.6283307775429012,0.9238371408825372,0.08017679294408156
3168,0.628331759935849,0.923841610355724,0.08017741000371055
3169,0.628307717240787,0.9238308498011899,0.08018336557583713
3170,0.628331337214682,0.9238232482380226,0.08018468041817756
3171,0.6283129032643567,0.9238276024195538,0.08018644721000022
3172,0.6282580314998006,0.9238010315359648,0.08019967730792683
3173,0.6282468625547425,0.9237872234386645,0.08020460015388758
3174,0.6282403227710763,0.9237884839607671,0.08020602431924152
3175,0.6282658273727999,0.923795032526812,0.08020399097227147
3176,0.6282070853640327,0.9238034257593487,0.08020935862373912
3177,0.6282172374404419,0.9238210461673984,0.08020517258609397
3178,0.6282421245637834,0.9238327444273989,0.08019967939562529
3179,0.6282581653265988,0.9238115615071876,0.08020254338123495
3180,0.6282686375181822,0.9238190746800854,0.0802010000056563
3181,0.6283041298055696,0.923818521280138,0.08019727127423633
3182,0.6283085059671638,0.9238220761061894,0.08019890893205373
3183,0.6283041248000991,0.9238133293125753,0.0802039122982734
3184,0.6283023844299734,0.923789571545386,0.08021145818334455
3185,0.628259488128396,0.9237941063505111,0.08021586210324796
3186,0.6282500763611577,0.9237881111844135,0.08021759152505027
3187,0.6282710848112063,0.9238123262751705,0.08021529542547072
3188,0.6282980023995343,0.9237945329296373,0.08021870538078094
3189,0.628313530864546,0.9237912778618907,0.08021768865851843
3190,0.62829846134881,0.9237918043604518,0.08021886531282667
3191,0.6283186389713185,0.9238077299811623,0.08021947534063473
3192,0.6283806035544581,0.9237869390525804,0.08022072507491494
3193,0.6283936045125554,0.9237931186853271,0.0802190582596987
3194,0.6284484795736428,0.9237798678310294,0.08021813632653672
3195,0.6284387112484503,0.9237808170656615,0.08022284314665454
3196,0.6284547813343244,0.923796258461418,0.0802203505856602
3197,0.6285302234913794,0.9238162923081273,0.08021322906215636
3198,0.6285809139785188,0.9238387050059998,0.08020796370174393
3199,0.6285497512120334,0.92382732571958,0.08021242013020013
3200,0.6285612004899458,0.9238070228590073,0.0802176258773899
3201,0.6284902203666545,0.9237891449662599,0.08022906774469227
3202,0.6284228740102449,0.9237656024101613,0.08024046060664498
3203,0.6284731120195132,0.9237616171619285,0.08023899558086586
3204,0.6285256992112648,0.9238121341224109,0.08023001642220319
3205,0.6285289629694605,0.9237725199095047,0.08024322388860276
3206,0.628557325681865,0.9237620322118891,0.08024396778958778
3207,0.6285832638980619,0.9237782460617389,0.08023941893389044
3208,0.6286066252377573,0.923796177757259,0.08023704680711367
3209,0.6285998527409937,0.9237966081794403,0.08024114255803257
3210,0.6286106498874886,0.9237923885048408,0.08024556851824388
3211,0.628636269766882,0.9237814281114368,0.08024801006635386
3212,0.6286956360553972,0.9237734422427505,0.08024590052166215
3213,0.6286956360553972,0.9237734422427505,0.08024508985448489
3214,0.6286367809763577,0.9237479243562838,0.08025531952038754
3215,0.6287351095402118,0.9237571400026313,0.08024782297378563
3216,0.6287454813481841,0.9237302155579649,0.08025524430124684
3217,0.6287909313449274,0.9237232865294559,0.08024972490609182
3218,0.628742437576677,0.9237009314774113,0.08025804025635015
3219,0.6287454125488436,0.9236814010709319,0.08025747473528318
3220,0.62876392628953,0.9236781267879094,0.08025866826729336
3221,0.6287523031740989,0.9237068344101843,0.08025733575858145
3222,0.6287742795016342,0.923694256090545,0.08025737438618542
3223,0.6287883490432271,0.923679429583619,0.08025961019918722
3224,0.6287847839959335,0.9236578546717782,0.08026377067007215
3225,0.6288156523292024,0.923658434973112,0.08026331439831974
3226,0.6288180264632123,0.9236660557515552,0.08026598378133842
3227,0.6288201637242739,0.9236754866089933,0.08026927390575968
3228,0.6288544507668964,0.923669960295629,0.08026847812665217
3229,0.6288783433433508,0.9236733075967002,0.08026493137028463
3230,0.6288229159744159,0.9236535158624678,0.0802760717412379
3231,0.6288261047972434,0.9236630735407272,0.08027508070142893
3232,0.6287912794112638,0.9236466367936763,0.08028349172268526
3233,0.6288495959108565,0.92364993413503,0.08027610711678031
3234,0.6287985913342153,0.9236451572174279,0.08028223898688915
3235,0.6287828047509212,0.9236478627282821,0.08028558178913023
3236,0.6287693719190569,0.9236628352713053,0.0802854827149867
3237,0.6287903056908674,0.9236564711719095,0.0802868758059885
3238,0.6288518371475287,0.9236346503045364,0.08028900303326601
3239,0.6288047733454969,0.9236274176746674,0.08029259461320476
3240,0.6288143699001059,0.9236034331672219,0.08029781143586577
3241,0.6288028837961007,0.9236004624855594,0.08030089242819556
3242,0.6288101299187865,0.9236144127759018,0.08029953997157388
3243,0.6288191487124142,0.9236214686252321,0.08029729004887201
3244,0.628835655155224,0.9236182788894237,0.08029398235370495
3245,0.6288294454491484,0.9236121914900016,0.0802987198037357
3246,0.6288418701591352,0.9236196700754028,0.08029553110274684
3247,0.6288257510335221,0.9236086827806125,0.08030383745136419
3248,0.6288633252475038,0.9236009543966238,0.08030261596393885
3249,0.628860160627006,0.9236161306215721,0.08030414899992158
3250,0.6288615101182082,0.9236120992566771,0.08030635321495612
3251,0.6288538138781093,0.9236174487895026,0.08030470463248869
3252,0.628845189214469,0.9236316142909357,0.08030388158191333
3253,0.6288782691603877,0.9236515904918172,0.08029883577331551
3254,0.6289529917330832,0.9236376325153643,0.08029406795672003
3255,0.6289376362535373,0.9236302807507845,0.08029653803725599
3256,0.6289564206197127,0.9236207192294699,0.0802989687126989
3257,0.6289281660676977,0.923619835326776,0.08030206346422371
3258,0.6288878976137535,0.9236042286796464,0.08031016079634158
3259,0.6288803844955732,0.9236301654591288,0.08030870180913961
3260,0.6288964402164335,0.9236261379372889,0.08030792610667183
3261,0.6288839063179579,0.9236123644274852,0.08031443064300668
3262,0.6288534709814604,0.9236084176098043,0.08031973937375035
3263,0.6288347195111771,0.923591023942011,0.08032630613311402
3264,0.6288513102677626,0.9235848481523194,0.0803271480464345
3265,0.6288109331092221,0.923578895259829,0.08033562338482211
3266,0.6288626129416773,0.9235824308706044,0.0803299969642744
3267,0.6288661422238762,0.9235923843835485,0.08032955459523552
3268,0.6288710640781165,0.9235964311206644,0.08033093900211379
3269,0.6289134795009155,0.9236203233947853,0.08033233857568763
3270,0.6289332886256388,0.9236133866801659,0.08033250436634537
3271,0.6289416281303973,0.9236171605603632,0.08033198956740138
3272,0.6289430658044913,0.9236648259738942,0.08032710094323084
3273,0.6290314696940248,0.9236761053408791,0.08032166261580535
3274,0.629052140906089,0.9236847714303342,0.08031910678752141
3275,0.6290876845594483,0.9236856514899728,0.08031435356389854
3276,0.6290790241009896,0.9236943752252559,0.0803169701127573
3277,0.6291390923398805,0.9237034909521683,0.08031084721253458
3278,0.6292423480485302,0.9237489081784127,0.08029505554544845
3279,0.6291877161716044,0.9237320563814012,0.08030375389066613
3280,0.6291599933995593,0.92370281841751,0.08031805615018407
3281,0.6291938178869448,0.9237041750159923,0.08031490283061767
3282,0.6292199601796351,0.9237087636238901,0.08031371679938765
3283,0.6292500183045404,0.9237124875443699,0.08031106629956769
3284,0.629378317125712,0.92371430146642,0.08031073529863075
3285,0.6294382570129672,0.9237118150097116,0.08030379565282057
3286,0.6294570419926858,0.9237077798017612,0.08030260396061528
3287,0.6293582669926824,0.9237188593298762,0.08031666231083777
3288,0.6293092223922256,0.9237037100063142,0.08032705051137021
3289,0.6293859126511476,0.9237197470756252,0.08031501103484437
3290,0.6294184571146957,0.9237329825577022,0.08031163657250218
3291,0.6294262549091537,0.9237173951258485,0.08031696668431088
3292,0.6294527338023559,0.923721999105967,0.08031717455881976
3293,0.6294450666750462,0.9237405649055935,0.08031807410309098
3294,0.6294415686785593,0.9237467022647332,0.08031773622708076
3295,0.6294670437167825,0.9237509180962774,0.0803185270440858
3296,0.629430896055042,0.9237466676772365,0.08032515659208325
3297,0.6295448900195219,0.923785240422186,0.08030721026293247
3298,0.6295630820065087,0.9237561254360609,0.08032238586332256
3299,0.6295559249317159,0.9237605372634199,0.08032282739599259
3300,0.6295628293723394,0.9237581353539257,0.08032273048300807
3301,0.6296040679840479,0.923760963842546,0.08032077227076784
3302,0.629651387283836,0.9237730002914035,0.08031170039425511
3303,0.6297040310979096,0.923778753345024,0.08030777366690339
3304,0.6296853803740184,0.9237646147449773,0.08031338759213831
3305,0.6296744083687263,0.9237981185001303,0.08031458265392066
3306,0.6297177470109903,0.9238024419372198,0.08031114995259078
3307,0.6297318551898118,0.9238170762913862,0.08030779900203087
3308,0.6297651007350373,0.9238204235924574,0.08030211510612176
3309,0.6297552140764255,0.9238202083813667,0.0803054871981183
3310,0.6297027024477696,0.9238014119984287,0.08031503828248054
3311,0.6296956057102864,0.9238055048522069,0.08031731129020465
3312,0.629662841777247,0.9237743684190514,0.0803327701697438
3313,0.62967576674929,0.9237698451430919,0.08033528481444804
3314,0.6296879296824771,0.9238041405676142,0.08033096587441803
3315,0.6296512745031865,0.9237881150274687,0.08034014293057813
3316,0.6296345786327816,0.9237769048354774,0.08034383351487674
3317,0.6296573635164215,0.9237876308025147,0.08034216651613817
3318,0.6296591348848343,0.9238055701841451,0.0803410854545402
3319,0.62958437696015,0.9238037024593224,0.08035252071780222
3320,0.6296400748694113,0.9238134984070037,0.08034650066607851
3321,0.6296165366952682,0.9238132293931403,0.08034950921522627
3322,0.6296723789098422,0.9238232482380226,0.08034492557389351
3323,0.6296234920066246,0.9238060428799336,0.080354531669812
3324,0.6296371453686674,0.9238099551101178,0.0803540335081525
3325,0.6296847513939979,0.9238061082118718,0.08034873782202022
3326,0.629684471124842,0.9238045056578573,0.080355357713421
3327,0.6296814281388543,0.9238011468276206,0.08035693178454077
3328,0.6297331049842024,0.9238234327046717,0.08035080325448382
3329,0.629742273451885,0.9238273334056903,0.08035007263050267
3330,0.6297190633376505,0.923823640229652,0.0803537472716632
3331,0.6297051043943447,0.923822913892221,0.08035554789389943
3332,0.6297410993406756,0.9238377519283125,0.08034926191918651
3333,0.6297095043517323,0.9238413989876886,0.08035549829392015
3334,0.6297234709934688,0.9238342201605922,0.08035688138359755
3335,0.6297201536052702,0.9238450460470645,0.08035916934937905
3336,0.6297266558582896,0.9238465409955338,0.08036157910115442
3337,0.6296057915556597,0.9238759096233015,0.08038625110402732
3338,0.6295768965330367,0.9238672320046808,0.08039276038521613
3339,0.6296458496897523,0.9238604182678276,0.08038362495196515
3340,0.6296736140203684,0.9238608025733467,0.08038281767859669
3341,0.6296348692179878,0.9238529512115919,0.08038948892636145
3342,0.6295887276194639,0.9238158426706701,0.08040616069388885
3343,0.6295593140313149,0.9237996826235929,0.08041606870943652
3344,0.6296260132251673,0.9238312494789298,0.08043786532686538
3345,0.6296700204208843,0.9238308498011899,0.08043498923297793
3346,0.6296757109870775,0.9238398310211707,0.080434213948607
3347,0.6296109952601668,0.923819831761958,0.08044513450664305
3348,0.6296238139138615,0.9238242704907034,0.0804465349186172
3349,0.6295949148320906,0.9238185981412418,0.08045203419698889
3350,0.6295823293000058,0.9238086254130218,0.08045727885963232
3351,0.6295687456761563,0.9237997979152486,0.08045814328794015
3352,0.6296053918677936,0.9237781845728559,0.08046266404662525
3353,0.629556509599432,0.9237849483499916,0.08047536469383479
3354,0.6295578413740138,0.9237720702720473,0.0804780293196728
3355,0.6295743909217173,0.9237806518142883,0.0804780183295967
3356,0.6295836672249241,0.9237916237368579,0.08047850021923886
3357,0.629565474435785,0.9237891142218183,0.08048266973727547
3358,0.6295785948296461,0.9237766319785587,0.08048410659098319
3359,0.6295626667255421,0.9237841451514567,0.08048389011916494
3360,0.6295463110592967,0.9237809976892555,0.08048797735443701
3361,0.6295026802700728,0.9237586541663764,0.08049835117571982
3362,0.6295179868127017,0.9237576857164683,0.08049922369498703
3363,0.6295130912647167,0.9237451611996017,0.08050493105596378
3364,0.6295496006191206,0.9237366526754094,0.0805050584976808
3365,0.6295552817796732,0.9237310533439964,0.08050559461010669
3366,0.6295476368882217,0.9237224487434244,0.08051183994435998
3367,0.6295612012373639,0.9237090518530293,0.08051386931180639
3368,0.6295838566207587,0.9237093785127206,0.08051589298799575
3369,0.629552191492994,0.9237111347889427,0.08052182371193542
3370,0.62958019288142,0.923713014042931,0.08052167884976497
3371,0.6295784625243271,0.9237087751530556,0.08052759831803528
3372,0.6296096714925412,0.9236960200528775,0.08053488988192917
3373,0.6295618169793862,0.9236918503379955,0.08054143504130601
3374,0.629605911215238,0.9237314453356259,0.08053397839844273
3375,0.6295933714741052,0.9237289588789175,0.08053636196128262
3376,0.629623881397468,0.9237288743317033,0.0805338254485053
3377,0.6296365445607218,0.9237267606513484,0.08053314902326049
3378,0.6296239636148139,0.9237222834920511,0.08053467379681332
3379,0.6296580552871608,0.9237474209160539,0.08053262937716195
3380,0.6296628740836462,0.9237553145514157,0.08053088226231281
3381,0.6296370196447113,0.9237401267973018,0.08054150309820986
3382,0.6296235842782616,0.9237425248637409,0.0805476129552704
3383,0.6296365360810761,0.9237565020554696,0.08054786593726265
3384,0.6296327053018884,0.9237583928386235,0.0805510570288161
3385,0.6296184141254083,0.9237394581056986,0.08055623746166875
3386,0.6296339774705059,0.9237315337258952,0.08055609156089753
3387,0.6296741161645806,0.923760256720391,0.08055179705111895
3388,0.6296596320812851,0.9237405610625383,0.08055929914750848
3389,0.6296366389105961,0.9237335859173671,0.08056476081020761
3390,0.6296213393068691,0.9237218876573665,0.08056907981175197
3391,0.6296366796349688,0.9237172375605857,0.0805695482003851
3392,0.6296459940557237,0.923722783089226,0.08056976376691453
3393,0.6296590324737118,0.92371692243006,0.08057258916964273
3394,0.6296772683192177,0.9237359378671439,0.08056626619395253
3395,0.6296662031970203,0.9237172029730889,0.08057071440964372
3396,0.6296392259280842,0.9237112385514329,0.08057925665139704
3397,0.6295560750235357,0.9236885606827523,0.08059604619163842
3398,0.6295956366531643,0.9236995864080946,0.08059260164135958
3399,0.6295885321648369,0.9237400460931428,0.08059152319261774
3400,0.6296009998462683,0.9237462103536688,0.0805947105945239
3401,0.6296100429458716,0.9237515176128872,0.08059399277798542
3402,0.6296229810748349,0.9237604527162057,0.08059558551678034
3403,0.6295855652899226,0.9237664056086962,0.08059920102330806
3404,0.6296174028870865,0.9237766550368899,0.0806012752277917
3405,0.6296323163877364,0.9237938258074821,0.0805930910283473
3406,0.6295784115528487,0.9237950133115361,0.08060061603080003
3407,0.6295900976109947,0.9237796257185523,0.08060185167799225
3408,0.6295636432250271,0.9237974843960238,0.08060689216873786
3409,0.6295668481949709,0.9238030414538296,0.08060699339649673
3410,0.6295771140119044,0.9238005703693419,0.08060778930707634
3411,0.6296069748539097,0.923791988827101,0.0806085709468808
3412,0.6296441764491117,0.9238000054402289,0.08060672016677722
3413,0.629641686372468,0.9237954975364902,0.08060944889284166
3414,0.6296901153730434,0.9237862626748667,0.08060733903800482
3415,0.629697983358173,0.9237969732696835,0.08060464167045776
3416,0.6297351265011173,0.9237788878519557,0.08060893505258597
3417,0.6297351265011173,0.9237788878519557,0.08060832866343852
3418,0.6296685099804246,0.9237918735354453,0.08061943028559383
3419,0.6297292863466971,0.9238158003970629,0.08061206655526902
3420,0.6296616812448695,0.9238273603070767,0.08062085073765819
3421,0.6296257048992234,0.9238209424049082,0.08062902308223978
3422,0.6296981304014777,0.9238384782657436,0.08062186089043503
3423,0.6297526233073245,0.923817998624632,0.08062166378095827
3424,0.6297939673304932,0.923826157430802,0.08061817537351924
3425,0.629830333910805,0.9238302694998561,0.08061746892844941
3426,0.6297449623669171,0.9238149126513139,0.08062965559046392
3427,0.6297670886782653,0.9238256501475168,0.08062983470295998
3428,0.6298392291432598,0.923835323117432,0.08062160630485159
3429,0.6298307600255437,0.9238522287172161,0.0806220208876208
3430,0.6298476911472627,0.9238606603803046,0.08061874015208967
3431,0.6298285884891932,0.9238729312555287,0.08061940491149343
3432,0.6298193148660275,0.9238860706612259,0.08062246398929435
3433,0.629799551250947,0.9238677585032419,0.08063120264017669
3434,0.6298096369427373,0.9238612483677487,0.08063178540778046
3435,0.6298520640100156,0.9238801446701217,0.08062539075240537
3436,0.6298237468336464,0.9238526207088456,0.08063504049140927
3437,0.6298444669290881,0.9238617287496477,0.08063123772117882
3438,0.6298764740220509,0.9238516906894894,0.08063291540006955
3439,0.629930520544893,0.9238553569641413,0.08062919255699828
3440,0.629929759377372,0.9238579433402847,0.08063362799615471
3441,0.6299114932924255,0.923849626968852,0.08063719507332955
3442,0.6299385985981591,0.9238713825042868,0.08063253287882546
3443,0.6299385985981591,0.9238713825042868,0.0806319778071915
3444,0.6299551921379906,0.9238557566418812,0.08063420465077242
3445,0.6299702086819584,0.9238905555066335,0.08062997625355284
3446,0.629955046962389,0.9238942102521198,0.08063128709380273
3447,0.629893950194474,0.9238909321260421,0.08064163391529482
3448,0.6298556094490603,0.9238857939612521,0.08064704062494463
3449,0.629840287811421,0.9238701104530187,0.08065119265200049
3450,0.6298140135703276,0.9238681581809818,0.08065425622646515
3451,0.6298096207484278,0.9238590424540692,0.08065689332081455
3452,0.6298275257852205,0.9238572439042401,0.08065613445415877
3453,0.6298649888691289,0.9238402652864073,0.08065889986171988
3454,0.6298500479174812,0.9238467523635693,0.08066095684644584
3455,0.6299238759196214,0.923849327210547,0.08065486571470461
3456,0.6300004977685448,0.9238413490279711,0.08065945154636416
3457,0.6300523437411574,0.9238506722798638,0.0806536050900783
3458,0.630048559963095,0.9238335668412098,0.08065928983637771
3459,0.6300954593742686,0.9238434857666571,0.08065308986463188
3460,0.6300882227599046,0.9238330403426487,0.08065728675784374
3461,0.6301273431711604,0.9238260613544222,0.08066242469979237
3462,0.6301735159958043,0.9238160809400918,0.08066013669965717
3463,0.6301876319298559,0.9238261535877468,0.08066397927542894
3464,0.6302148529070304,0.9238173222469185,0.08067617416979456
3465,0.6301729806322754,0.9238026187177586,0.08069250616549424
3466,0.6302453336963098,0.9238158734151115,0.08068476474659078
3467,0.6302407876533875,0.9237955628684285,0.0806875364465082
3468,0.6302522972027031,0.9238417948223732,0.08068260089204721
3469,0.630311686554617,0.9238512564242528,0.08067680787757868
3470,0.6303010556188221,0.9238492503494432,0.08068316149907816
3471,0.6302582533703207,0.9238463565288846,0.08069029320883751
3472,0.6301714201540916,0.9237984605320423,0.08072467107500927
3473,0.6302365821661594,0.9238052204661228,0.08071910640486459
3474,0.6302161321468235,0.9237991753403078,0.08072411604763169
3475,0.6302460195965922,0.9238271450959861,0.08072194451138015
3476,0.6302475971272588,0.9238016041511883,0.08072639234142094
3477,0.6302495482429625,0.9238003590013065,0.0807290185492826
3478,0.6302695781451392,0.9237973537321473,0.08072531569033818
3479,0.6302545290541887,0.923796300735025,0.08072665280356987
3480,0.6302528440374309,0.9237718396887359,0.08073336326551774
3481,0.6302759819423995,0.9237724046178489,0.08073212424113345
3482,0.6302783880012286,0.9237753522411802,0.08073136827731099
3483,0.6303077217117609,0.9237947827282247,0.08072889949946987
3484,0.6303094850250277,0.9237889681857211,0.08073119667658003
3485,0.6303334760578384,0.9238231713769188,0.08072959643742725
3486,0.6303980211634085,0.92381604250954,0.08072535572982334
3487,0.6303730430690399,0.9237864125540193,0.080735229966754
3488,0.6304516972806873,0.923808671529684,0.08073029439161718
3489,0.6304462859284026,0.9238091019518655,0.08072975474035758
3490,0.6304289223111632,0.923796258461418,0.08073347281525409
3491,0.6303884306459364,0.9237756020397676,0.0807449893354566
3492,0.6303612226785901,0.9237728619414166,0.08075240248863977
3493,0.6303675344793302,0.9237980108945849,0.08075114483902585
3494,0.6303606521337374,0.9237878498566606,0.08075187675210432
3495,0.6303851243133936,0.9237979455626467,0.08075141563633328
3496,0.6303997065552898,0.9238050552147495,0.08075253816225124
3497,0.6304614727204945,0.923824927653141,0.08074687359425603
3498,0.6304624136406682,0.923828090487563,0.08074789230899705
3499,0.6304504511303058,0.923815277741557,0.0807523235318143
3500,0.6304689552350469,0.9238218685812091,0.08074642090080314
3501,0.6304629202091407,0.923830127306814,0.08075348893718379
3502,0.6304170669841096,0.9238475363468281,0.0807600025887807
3503,0.6304252999908774,0.9238452727873208,0.08076406166910516
3504,0.6304164062768713,0.9238057738660702,0.08078051535182186
3505,0.6304160402072904,0.9237911933146765,0.08078498697678564
3506,0.6304443455084826,0.9237940756060696,0.08077982621380542
3507,0.6304164241046268,0.9237743684190514,0.08079033750021529
3508,0.6304253804524746,0.9237712440151813,0.08079105419931516
3509,0.6304269640390987,0.9237867392137105,0.08079096944319926
3510,0.6304539822543174,0.9237983490834417,0.08078972277306139
3511,0.6305690900573921,0.923821384356255,0.0807756865184564
3512,0.6305231581194091,0.9237990638917072,0.08078674401520038
3513,0.630549391019355,0.9237984259445455,0.08078531578464812
3514,0.6305481920358772,0.9238026071885931,0.0807866807821794
3515,0.6305558519342033,0.9238199701119449,0.0807853286665629
3516,0.6305475319399633,0.9237968656641381,0.08079214961081228
3517,0.6305433515972623,0.9238085716102491,0.08079468526658255
3518,0.6305507116963452,0.9237989562861618,0.08080065721004771
3519,0.6305454416759747,0.9238086138838563,0.08080555822923131
3520,0.6305464289560744,0.9238155544415307,0.08080942765929341
3521,0.630512319758622,0.9237938757671996,0.08081880295176876
3522,0.6304839335155232,0.9237857438624161,0.08082558631755354
3523,0.6304861057445749,0.9237854248888352,0.08082694120103494
3524,0.6304589340595403,0.9237814165822713,0.08083395321159736
3525,0.6304824587240786,0.9237927190075873,0.08083061529065137
3526,0.6304658905293611,0.9237773890604314,0.08083929852636279
3527,0.6304933628179181,0.923786266517922,0.08083889378753643
3528,0.6304954217181139,0.9237819699822187,0.0808428173358698
3529,0.6305413530432382,0.9238138365958605,0.08083883618661035
3530,0.6305478104826883,0.9238291780721819,0.08084053484072427
3531,0.6305243464249323,0.923816446030335,0.08084858124082155
3532,0.6305478588086509,0.9238088982699403,0.08085364615458465
3533,0.6305890373377729,0.92381322170703,0.08085064249648853
3534,0.6305761804399849,0.9238015734067467,0.08085654911621874
3535,0.6305929022232272,0.9237851904624685,0.08086120795316978
3536,0.6305598131843789,0.9237676353863572,0.080871389954352
3537,0.6305414431053668,0.9237632812048261,0.08089369501692628
3538,0.6305252827783296,0.9237628238812584,0.08089309460795732
3539,0.6305754910861523,0.9237761900272118,0.08088784589016
3540,0.6306134878288994,0.9237675585252534,0.08088519818622394
3541,0.6306228751216241,0.9237861243248799,0.08088641295158654
3542,0.6306434469757736,0.9237812513308981,0.08089032774577115
3543,0.6307438234319198,0.9237907283049984,0.08088487861245108
3544,0.6307083513496691,0.9237748564870606,0.08089396667597028
3545,0.6307588052996289,0.9237985297070357,0.0808869953292676
3546,0.6307705650151766,0.9237989409139411,0.08089100772899202
3547,0.6307622822231443,0.9237865547470613,0.08089463185396215
3548,0.6308125622821492,0.9237888682662861,0.08089223284265343
3549,0.6308298110265856,0.9237934415019631,0.08089114931774122
3550,0.6308486410154446,0.9238016656400714,0.08089511520925105
3551,0.6308781003448988,0.9237982683792827,0.08089506105641221
3552,0.6308442786131077,0.9237915622479749,0.08089963922532181
3553,0.6308875781672747,0.923802184452522,0.0808993271982241
3554,0.6308638626330788,0.9237928381422982,0.08090700949932861
3555,0.6309253905962728,0.9238020730039216,0.08089959961026805
3556,0.6309311533566324,0.9237999900680082,0.08090045884095418
3557,0.6310129917417341,0.9238261881752435,0.08089247697651214
3558,0.6309695656819904,0.9238362377645674,0.08089981703764493
3559,0.630935476176302,0.9237961623850381,0.08091581137092331
3560,0.6309741748572931,0.9237870620303464,0.08091221818357988
3561,0.6309691626499275,0.9238321256955132,0.08091555464209092
3562,0.630977926680989,0.9238337167203622,0.08091529474531058
3563,0.6309848940818967,0.9238365759534242,0.08091397091672749
3564,0.6310229538675436,0.9238591615887802,0.08090793581947767
3565,0.6309877642038458,0.9238575590347656,0.08091421873070678
3566,0.6309757044635764,0.9238639269772168,0.0809220005674932
3567,0.6310113964356708,0.9238656102353903,0.08092016815169155
3568,0.6309981010625088,0.9238502956604552,0.08092558383091072
3569,0.6309806261887344,0.9238377903588644,0.08093458213834469
3570,0.6310708520056653,0.9238564445487604,0.08093204791601998
3571,0.6311194456190733,0.9238633966356004,0.08092576158237098
3572,0.6312918669745987,0.923890467116364,0.08098001291129237
3573,0.631345546512341,0.9239131949447622,0.08097729967681916
3574,0.6313496509499518,0.9239131219267136,0.080977618186323
3575,0.6313730814203453,0.9238975306518047,0.08097860398214664
3576,0.6313775159078888,0.9239024382332832,0.08097992121754247
3577,0.6313430992291762,0.9238893103567517,0.08098830474592615
3578,0.6313379421502656,0.9238925961689397,0.0809902134712842
3579,0.6314383899131102,0.9239212615176076,0.08097709539322902
3580,0.6314484086881004,0.9239329828359394,0.08097363526470658
3581,0.6313819237698696,0.9239048747302742,0.08099243226438949
3582,0.6314761524290076,0.9239431400308086,0.0809806116481546
3583,0.6315115330984532,0.9239646611398767,0.08097513400923192
3584,0.6314771071935565,0.9239651530509412,0.08098098659762494
3585,0.6315819470913576,0.9239740766250941,0.08097417044970477
3586,0.631583575980729,0.9239844951477162,0.08097626929117224
3587,0.6316930877707947,0.9239958859633016,0.08098826735458098
3588,0.6317612670931392,0.9240019733627238,0.08098386148131892
3589,0.6317711027976957,0.9240043522138869,0.08098851156119075
3590,0.6317876198700604,0.9240144671351489,0.08099316701391862
3591,0.6318291205915141,0.9240229718162861,0.08099011275702202
3592,0.6318243553395659,0.9240142288657271,0.08099078720157024
3593,0.6318332610293497,0.9240055858346031,0.08099091178867746
3594,0.6318404264786839,0.923996035842454,0.08099631534451086
3595,0.631845127117103,0.9239872045016257,0.08099719616324004
3596,0.6318129369483181,0.9239627741997781,0.08100581147245588
3597,0.6318106844651848,0.9239669323854945,0.08100196901857638
3598,0.6318453666081819,0.9239791456148907,0.08100154466531964
3599,0.6318933258319708,0.9239752525999825,0.08101827254117246
3600,0.6318663114706019,0.9239709137906721,0.08102403920939806
3601,0.6318567181994327,0.9239585391529579,0.08102696582191052
3602,0.631888898482001,0.9239700260449231,0.0810281604392484
3603,0.6319366433823986,0.9239771395400811,0.08102556857029365
3604,0.6318987974012666,0.9239621593109476,0.08103525265624058
3605,0.632029816576612,0.9239643767537926,0.08102285409676538
3606,0.6319857052417511,0.9239607258513615,0.08102762321698441
3607,0.6319991115902552,0.9239589388306977,0.08103128215648739
3608,0.6320805117322121,0.9239710290823279,0.08102537210714514
3609,0.6320603328104059,0.9239787728385372,0.08102807637426956
3610,0.6320773951760732,0.9239755907888393,0.08103079193830959
3611,0.6320192447146807,0.9239711213156524,0.08103621615137471
3612,0.631986824913469,0.9239711904906458,0.08104059533206359
3613,0.6320726855216625,0.9240070807830723,0.08103145645686365
3614,0.6320882713511392,0.9239992025199313,0.08103246178272097
3615,0.6320941070789255,0.9240044636624875,0.08103144244189163
3616,0.6320915070395737,0.92402133851783,0.08103512775381272
3617,0.6320428072132003,0.9239962087799377,0.08104791674719569
3618,0.6320767346116536,0.9240112159104575,0.08104798672920102
3619,0.6320971628094669,0.9240193055416341,0.081044914394698
3620,0.6321266917574414,0.9240163233308061,0.08104952236504384
3621,0.6321870042716896,0.9240187329264107,0.08104489734501397
3622,0.6321544047586545,0.924011385004886,0.08105220646469787
3623,0.6322070352958681,0.9240202739915422,0.08104879860585908
3624,0.6322085164563792,0.9240067080067188,0.08105362682982219
3625,0.6322376788776383,0.9240101667563905,0.08105135289948058
3626,0.6322305683178814,0.9240073805413772,0.08105488613721089
3627,0.6322311451638098,0.9240044367611011,0.08105750586881677
3628,0.6322195201102289,0.9239943064676183,0.08106395385664654
3629,0.6322104711318512,0.923965533513405,0.08107716314490529
3630,0.6321889379421954,0.9239811555327555,0.08108262682394826
3631,0.6321374420445434,0.9240129337561278,0.0810927294654661
3632,0.6321486963478904,0.9240048671832825,0.081093844464226
3633,0.6321454561445097,0.9239965046951873,0.08109976708412159
3634,0.6321276657699458,0.9239891759889386,0.08110856267193532
3635,0.6321389731131738,0.9240058394762457,0.08110483311032876
3636,0.6321504352666955,0.9239984339088931,0.08110952879057313
3637,0.6321120217831009,0.9239771472261915,0.08111982242775936
3638,0.6320894543115313,0.9239770665220325,0.08112664706246205
3639,0.6319536877019052,0.9239352540815571,0.08117418559364419
3640,0.6319749290589481,0.9239361264550854,0.0811752186650245
3641,0.6320124429564369,0.923926607207378,0.08117733879144044
3642,0.6320581291355444,0.9239378635160317,0.08117406898583786
3643,0.6321787149280907,0.9238894832942353,0.08119963509642344
3644,0.632159633791241,0.9238923156259108,0.08121228497944791
3645,0.6321767734437677,0.9238846487308052,0.08121388392223014
3646,0.6321843799358666,0.9238824735615673,0.08121351734300497
3647,0.632183907681313,0.9238894756081248,0.08121420579492877
3648,0.6321964986826066,0.9238752524608639,0.08121356687172751
3649,0.6322302612095667,0.9238809632408773,0.08120887248763682
3650,0.6322948521560392,0.9238970272115747,0.08120506809977172
3651,0.6322727634197767,0.9239015620166998,0.08120821418863763
3652,0.6322639504224296,0.9238946483604116,0.08121331704011515
3653,0.6322627895905807,0.9238670398519212,0.08122042647972436
3654,0.632238744653468,0.9238645726104888,0.08122540445188557
3655,0.6322514970594949,0.9238664749228082,0.0812264968568655
3656,0.6323218126373843,0.9238946406743013,0.08121885445534684
3657,0.6323330144020557,0.9239088138618448,0.08121739419472877
3658,0.6323372279022828,0.9239097899978632,0.08121785995892988
3659,0.632412058140888,0.9239151280015231,0.08121371853362691
3660,0.6323914442498927,0.9239188288636718,0.08121729647180606
3661,0.6324282597634119,0.9239200086816154,0.08121736181495623
3662,0.632405135954724,0.9239076340439012,0.08122616827668142
3663,0.6324322597114989,0.9238987296850242,0.0812281995370707
3664,0.632386702676994,0.9238903172372116,0.08123793459805592
3665,0.6323797732582663,0.9239209463870819,0.08125534157407159
3666,0.6324186294134788,0.9239169188652421,0.0812500437688222
3667,0.6323473479538524,0.9239130220072787,0.0812621651232789
3668,0.632351531281626,0.9239151318445783,0.0812623186143194
3669,0.6324012798172836,0.9239528860187723,0.08125680397304083
3670,0.6324022223718527,0.923915669872305,0.08129284804768655
3671,0.6324123652997072,0.9239376636771617,0.08129066947437903
3672,0.6324122545288829,0.9239225105105445,0.0812967587869321
3673,0.6324341368409736,0.9239146668349002,0.08129995161598522
3674,0.6324191372251444,0.9239132333753141,0.08130003578529095
3675,0.6324191372251444,0.9239132333753141,0.08128989126911904
3676,0.6324684641507397,0.9239352271801707,0.08128620364846456
3677,0.6324665394629123,0.9239337783483639,0.0812921595448601
3678,0.6324844935960117,0.9239341165372207,0.08128216992769968
3679,0.6324850542640292,0.9239153163112275,0.08127519205645534
3680,0.6325586283220587,0.9239110658921865,0.08127371175771697
3681,0.6325801596050586,0.9239104932769631,0.08127211520070765
3682,0.6327078458700335,0.9239342126136004,0.08125525339559256
3683,0.6326740860271052,0.9239340781066687,0.08126332019314828
3684,0.6326875932410119,0.9239294318529431,0.08126249598264206
3685,0.6326946932558757,0.9239441046376614,0.08126240221941525
3686,0.6326701190839686,0.9239323948484952,0.0812768071616268
3687,0.63268938605129,0.9239193937927849,0.08128277774500368
3688,0.6327218480901807,0.923915708302857,0.08128782667213436
3689,0.6327042284598418,0.923918832706727,0.08128778723701897
3690,0.6327176246294435,0.9239235635076668,0.08129148367214233
3691,0.6327288473385416,0.923912968204506,0.08129419846467549
3692,0.6327144104540816,0.923906865432863,0.08130562193965654
3693,0.6327640503395578,0.923924674150617,0.08129881334721506
3694,0.6328124840526762,0.9239358651273325,0.08129413366997612
3695,0.6328457715088319,0.9239595460334179,0.0812860464826122
3696,0.6328499268057467,0.9239560757545806,0.08128678942115203
3697,0.6328468673079445,0.9239588389112627,0.08128625783834692
3698,0.6328650702369216,0.9239679623242856,0.0812866930044767
3699,0.6328434587061511,0.9239576821516503,0.08129222537824977
3700,0.6328978144059991,0.9239735731848642,0.08128895344855601
3701,0.6329215498661008,0.9239715671100546,0.08128973404469514
3702,0.6329279478682789,0.9239823046062575,0.0812952422020889
3703,0.6329604276108092,0.9239976845131309,0.08129438425313885
3704,0.6329854121519285,0.9240101360119489,0.08129403050093875
3705,0.6329864851987489,0.9240068771011472,0.08129792430226974
3706,0.632850130560652,0.923983503639477,0.08134337691343357
3707,0.6328724840449248,0.924001031814202,0.08134444064264187
3708,0.6328995975127539,0.9240110006993669,0.08134129195841851
3709,0.6328616391316212,0.924012633997823,0.08134654430369871
3710,0.6328606360743585,0.9239966737896157,0.0813492951171116
3711,0.632897674683218,0.9239958513758049,0.08134401218999295
3712,0.6329290228764766,0.9240033107459301,0.08134354407264316
3713,0.6329654907833263,0.924026234570143,0.08134087684056512
3714,0.6329779771192695,0.9240162503127575,0.08134105104393963
3715,0.6329433716532771,0.924001654389143,0.08135089177766103
3716,0.633013821429993,0.9240081683676913,0.08134495905874298
3717,0.6331012707840532,0.9240094058314627,0.08133720585576633
3718,0.6330982280722799,0.9239969735479207,0.08134201455304174
3719,0.6331586798785999,0.9240043983305491,0.08134117697664815
3720,0.6331829963427874,0.9240121036562066,0.08133928887672942
3721,0.6331776945796217,0.9240161696085984,0.08134432334927288
3722,0.6332309549745073,0.9240149821045445,0.08133840675256625
3723,0.6332480888739592,0.9240109392104838,0.08134044161234151
3724,0.633249835456522,0.9240059163373495,0.08134330325687042
3725,0.633274722472314,0.9240102359313839,0.0813427118003852
3726,0.6332551758702297,0.9240111390493537,0.08134676687419379
3727,0.633285780609009,0.9240187406125211,0.08134628262114849
3728,0.6332715379834372,0.9240060047276188,0.08136161508107065
3729,0.6332556598859308,0.923988176794589,0.08137348638448745
3730,0.633223731479162,0.923949292762169,0.08138778729412526
3731,0.633217575066892,0.9239553109865977,0.08138848563964071
3732,0.6332362584602577,0.9239472213554212,0.08139032696413369
3733,0.6332498597755354,0.9239367797744679,0.08139690056580996
3734,0.6332772515001418,0.9239490429635815,0.08139365646237215
3735,0.6332585529429877,0.9239375752868924,0.08139700275689798
3736,0.6332667406587255,0.9239407342782592,0.08139649468817627
3737,0.6332471909357268,0.923948185962274,0.081400104401892
3738,0.6332654922149917,0.9239302043070364,0.08140358223256859
3739,0.6332759084391483,0.9239449347375827,0.0814072382110407
3740,0.6332982367337499,0.9239324678665438,0.08140768245779938
3741,0.633256409059382,0.9239161387250383,0.08142096702374725
3742,0.6332632365700681,0.9239457379361175,0.08142158783883797
3743,0.6332659809275674,0.923946733287412,0.08142498945768897
3744,0.6332659809275674,0.923946733287412,0.08142240133075965
3745,0.6331689815176033,0.923918671298409,0.08143966446723296
3746,0.6331485567103283,0.9239058047496304,0.08145189285176586
3747,0.6331832849392413,0.9239124186476136,0.08144959481248634
3748,0.6332940793375269,0.9239564831184308,0.08143471179138147
3749,0.6332633369217497,0.9239604030347254,0.08144095033004164
3750,0.6332366847357362,0.9239470522609927,0.08144592520449458
3751,0.6332349904215279,0.9239447579570439,0.0814501175942618
3752,0.6332867376807901,0.9239543540658551,0.08144546760313635
3753,0.6332789591868492,0.9239454074333711,0.08145453232769946
3754,0.6332758805202715,0.9239497116551847,0.08145802347838281
3755,0.6332917773300275,0.9239577013669263,0.08145754887806315
3756,0.6332722300396354,0.92396764719376,0.08146000557021847
3757,0.633255711726355,0.9239799219120393,0.08145892528598027
3758,0.6332378019362909,0.9239797720328868,0.08146352079391087
3759,0.6332237834256574,0.9239667901924524,0.08147396569171088
3760,0.633225235732095,0.9239533087548433,0.08147642449063852
3761,0.6332397972430388,0.9239496847537984,0.0814834340685833
3762,0.6332152050133945,0.9239410455657295,0.08149176047557187
3763,0.6332197917024064,0.9239372025105388,0.0814936566072811
3764,0.6332381241734765,0.9239395736755915,0.08149603044786667
3765,0.6332533923254953,0.9239242052978837,0.08150115698313058
3766,0.6332194084717182,0.923917564498514,0.08150906309928825
3767,0.6332392665339414,0.923926687911537,0.08150862175233026
3768,0.6332042639412336,0.9239056241260364,0.08151541882658914
3769,0.6332512290959661,0.9239105048061287,0.08151193378452894
3770,0.6332348297582945,0.9239277908683766,0.08151555416882422
3771,0.6332828129780157,0.9239249546936459,0.08151505255780103
3772,0.6332776900662819,0.9239494464843766,0.08151188499481392
3773,0.6332148953593417,0.9239273758184161,0.08152488834744055
3774,0.6332195079256682,0.923900639683454,0.08153172611250971
3775,0.6332022935024041,0.9238646340993718,0.0815425432998549
3776,0.6332425995129073,0.9238675471352065,0.08154006911197749
3777,0.6332949261545575,0.9238871966763967,0.0815337738219618
3778,0.6333323113161631,0.9238950941548137,0.08152936823174084
3779,0.633325207414033,0.9239101243436648,0.08153404022554865
3780,0.6333652866484933,0.9239444889431805,0.08152628861615781
3781,0.6333592987347848,0.9239322872429498,0.08152696482584552
3782,0.6333351313527068,0.923918006449861,0.08153565403588357
3783,0.633342768864444,0.9239494311121558,0.08153627911389125
3784,0.6333375370720348,0.9239588004807109,0.0815362816470089
3785,0.6333696247321988,0.923983200038117,0.0815336957180563
3786,0.6333643030358681,0.9239755831027289,0.08153757216655179
3787,0.6333536252062841,0.9239779081511192,0.08154321654394409
3788,0.6333486044548359,0.9239871199544115,0.08154555024786553
3789,0.63334880521806,0.9240012777697343,0.08154272926282151
3790,0.6333462957824151,0.9239800717911917,0.08155343267618007
3791,0.6334067772886316,0.923966540393865,0.08155429893563187
3792,0.6334216395467787,0.9239690844964014,0.08155726935983555
3793,0.6333846484241422,0.9239629010205994,0.08156388950528205
3794,0.6333455195603045,0.9239579588516241,0.08157048595393894
3795,0.6333505152633212,0.923948950730257,0.08157544609010436
3796,0.6332903810932351,0.9239439855029505,0.08158894266964861
3797,0.6332714405925222,0.923904970806654,0.08160453651843728
3798,0.6333031129484243,0.9239036910692755,0.08160394416894376
3799,0.6333138664069653,0.9238943793465483,0.08160344532717302
3800,0.6333194999879577,0.9238875732958054,0.0816075199433059
3801,0.633293471721407,0.9238928997702999,0.08162889848211825
3802,0.6333120455007784,0.9239083257938355,0.0816246105581919
3803,0.6333537450971859,0.923927133705939,0.08162113358673873
3804,0.633308254433733,0.9239372601563667,0.08163614574196794
3805,0.6332851683962768,0.9239376521479962,0.08164070525668152
3806,0.6332851683962768,0.9239376521479962,0.08163846684689198
3807,0.6332637826608906,0.9239198319010766,0.08164358728921896
3808,0.6332620984529301,0.923923567350722,0.08164660821619919
3809,0.6332651646698164,0.9239274257781336,0.0816474260230262
3810,0.6333303780763672,0.9239507915536933,0.08166047497567491
3811,0.6333131245762983,0.9239585506821235,0.08166333202062798
3812,0.633342000413699,0.9239456610750136,0.08167135562133515
3813,0.6334109257644938,0.9239412031309924,0.08166806009027235
3814,0.633450794976398,0.9239373754480225,0.08166580020960529
3815,0.6334477981648591,0.9239355077231997,0.08166433262194175
3816,0.6334680416717912,0.9239339166983508,0.08166012198357946
3817,0.6334718987402763,0.923945768680559,0.08166337519492392
3818,0.6335522973785365,0.9239871660710738,0.0816525305094813
3819,0.6335587499517179,0.9239980534464293,0.08165525689376882
3820,0.633606750561679,0.9239700721615853,0.08165506895804027
3821,0.6336450994984494,0.924000628293407,0.08164644396822733
3822,0.6336734225872507,0.9240130913213906,0.08164505909834172
3823,0.6336717297085918,0.9240122612214694,0.0816473143395032
3824,0.6336554820212574,0.9240120690687099,0.08165089204724985
3825,0.633636582579755,0.9240021424571522,0.08165872216084157
3826,0.633639760000956,0.9240175531084671,0.08165774948481845
3827,0.6336488580198042,0.924020051094341,0.08165545823826491
3828,0.633665976637589,0.9240113965340515,0.08165879943862024
3829,0.6336597746323368,0.9239884304362316,0.08166722703770939
3830,0.6336670008194909,0.924005120824925,0.08167141107068014
3831,0.6336848545689061,0.92399837242001,0.08167375605888214
3832,0.6336646251638274,0.923987212187736,0.0816816817632054
3833,0.6336923078293006,0.9239774008678341,0.08168269739475528
3834,0.6337026635162918,0.9239743110514608,0.08168465114450223
3835,0.633780299546527,0.924028974668494,0.08167484383522473
3836,0.6337823415881169,0.9240290284712667,0.08167406687745624
3837,0.6337813909394219,0.9240203854401426,0.08167874154482337
3838,0.6337771429042299,0.9240205237901296,0.08168341799160304
3839,0.6338290017845774,0.9240326947459186,0.08167873106542035
3840,0.6338182539444832,0.9240344894526927,0.08168274524437905
3841,0.6338737740297599,0.9240455881960836,0.0816784159435356
3842,0.6338198538927442,0.9240325371806558,0.08169208904124825
3843,0.6338105398154419,0.9240257196007474,0.08169673360293561
3844,0.633803299655734,0.9240372180218782,0.08170248367977896
3845,0.6338357825657043,0.9240418027867208,0.08170141745413645
3846,0.6338263446296807,0.9240521098607424,0.08170700090703709
3847,0.6337973068771248,0.9240485896221876,0.08172243967614813
3848,0.6338086906858743,0.9240574401782919,0.08171801544698039
3849,0.6338248165618406,0.9240597152669648,0.08171521517214865
3850,0.6338427116332129,0.9240668518204541,0.08171701107495943
3851,0.6338517392879931,0.9241018082504692,0.08171784017567868
3852,0.6338330462625027,0.9241009935227688,0.08171388003779947
3853,0.6338430971720984,0.9241053477042999,0.08171616865019803
3854,0.6338561061772161,0.9240925464874594,0.08171878461906518
3855,0.6338292986166268,0.9240810173218872,0.08172757482995122
3856,0.6338485535897328,0.9240846221076562,0.08172571023228833
3857,0.6338468196718818,0.9240868664518875,0.08172670323357849
3858,0.6338118502961618,0.9240840687077087,0.08173238266353514
3859,0.6337871020973798,0.9240893990252582,0.08173007880616712
3860,0.6338401838098278,0.924112199871705,0.08172292676629052
3861,0.6338534311423225,0.9241131529493923,0.08171623220180467
3862,0.6339016087933342,0.9241041794155219,0.08171434194247186
3863,0.6338903023414174,0.9241005246700355,0.08172049666310272
3864,0.6338857384060544,0.9240963472690431,0.0817220154307242
3865,0.6339017316303217,0.9240906864487471,0.0817248989906716
3866,0.6339238287033654,0.9241194248154636,0.08172515724333153
3867,0.6339332398001778,0.924159042871425,0.08172430030557232
3868,0.633930011885257,0.9241561644230872,0.081730003080728
3869,0.6338817931936839,0.9241491931209712,0.08174101372195003
3870,0.6339475630460242,0.9241558723508927,0.08174632201001225
3871,0.6339529079549119,0.9241621096294673,0.08174952299606594
3872,0.6339120360441216,0.9241409728259181,0.08176013360976433
3873,0.6339348309898052,0.9241113082829008,0.08176921826123415
3874,0.6339352157415388,0.9241001211492404,0.08177296778468375
3875,0.6339311177224788,0.9240831463744629,0.08178075829759951
3876,0.6339055407572006,0.9240743611502968,0.08178799833568606
3877,0.6339093662905044,0.9240759252737595,0.08178581405451016
3878,0.6338956038775656,0.9240614677001319,0.08179142360696658
3879,0.6339129578527187,0.9240695996049155,0.08179195329691326
3880,0.6338426335851242,0.9240436013365501,0.08181238951162083
3881,0.6338744093512417,0.9240372756677061,0.0818144531816552
3882,0.6338771402566762,0.9240624015625432,0.08181623326139645
3883,0.6338727209085299,0.9241014124157846,0.08181985567752668
3884,0.6338425958801386,0.9240999289964809,0.08182556106073564
3885,0.6338695796808697,0.9241143942562189,0.08182621530619895
3886,0.6339023407009385,0.9241117925078548,0.08182264478899663
3887,0.6338793259302299,0.9240938223817828,0.08182848177431058
3888,0.6339238566030991,0.9241133527882622,0.08182876205911621
3889,0.6339664754856386,0.9241172189017841,0.08182569501842464
3890,0.6340075222245065,0.9241273261369358,0.08182621327776449
3891,0.6340270643085164,0.9241249319135519,0.08183064669050058
3892,0.6340122884363683,0.9241296665575469,0.0818361303080244
3893,0.6340164206562201,0.9241353196917326,0.0818392602559201
3894,0.6339868407928227,0.9241310615865812,0.08184526667134195
3895,0.6339847391086623,0.9241180297864293,0.08185169123526852
3896,0.6340142345862673,0.9241340783849059,0.0818505766931835
3897,0.6340247794310166,0.9241292591936967,0.08185156028062666
3898,0.6340599621281378,0.9241091484858835,0.08185392635595569
3899,0.6341023927478308,0.9241161044157787,0.08185093555916284
3900,0.6341109646947418,0.924095578658005,0.08185576156740491
3901,0.6340252963768513,0.9240750259988448,0.08187559470910044
3902,0.6340702668666932,0.924081659112104,0.08187694503264412
3903,0.6340606351851784,0.9240920968500022,0.08188311925714746
3904,0.6341108496205174,0.9241216115138672,0.08187974072114024
3905,0.6341609947750243,0.9241166001698984,0.08187983862276037
3906,0.634194689911292,0.9240999213103706,0.08188235656749404
3907,0.6342136559359652,0.9240713174505858,0.08190542201635956
3908,0.6341267676360198,0.9241139523048719,0.08193176012555599
3909,0.6341769695847903,0.9241281178063051,0.08192762943954679
3910,0.6341952784313293,0.9241213924597212,0.08193101538805801
3911,0.6341724640171559,0.9241169422018104,0.08193735409646032
3912,0.6341755895730237,0.9241391435316474,0.08193901729173793
3913,0.6341911338321697,0.9241524366595522,0.0819372340958694
3914,0.6341920554025461,0.9241441510325609,0.08193916333696827
3915,0.63417123369791,0.9241379329692623,0.08194668328844834
3916,0.6341442069904102,0.9241463262017989,0.08195178197672455
3917,0.6341819896756122,0.9241438359020353,0.08195334772561567
3918,0.6341758999493773,0.9241448543116608,0.0819574019671869
3919,0.6341907920527771,0.9241409420814767,0.08196294401735149
3920,0.6341762113896968,0.9241359960694461,0.08197325152090232
3921,0.6342242719555624,0.9241419451188814,0.08197474785172978
3922,0.6342515990313796,0.9241580321479099,0.08197360140702777
3923,0.6342115374409523,0.9241562643425222,0.08197828868253708
3924,0.6341524473745548,0.9241508763791447,0.08198949953086193
3925,0.6341407473011853,0.9241320415656549,0.08199646198730987
3926,0.6341849593344908,0.9241322759920215,0.08199907993000076
3927,0.6342085034701331,0.9241323297947942,0.08201296055857615
3928,0.6342462630718874,0.9241299278852999,0.08201058654346384
3929,0.6342928549647415,0.9241340245821332,0.08200509191658709
3930,0.634296918337565,0.9241221879721457,0.08199800119944425
3931,0.6343303880231037,0.9241332598141503,0.08199617197330901
3932,0.6343438193534249,0.9241217421777437,0.0819959734778042
3933,0.6343223976633082,0.924110186110785,0.08200193784732236
3934,0.6343022864953519,0.9240791342248438,0.08200454104723068
3935,0.6343023867218401,0.9241148746381177,0.08200962443781369
3936,0.6343087361008459,0.9241036644461263,0.08201590387870233
3937,0.6343785890961405,0.9241371143985067,0.0820124628265612
3938,0.634373002567927,0.9241425753799327,0.0820165449190418
3939,0.6343633827762801,0.9241428789812928,0.08202223593952063
3940,0.6343610797935068,0.9241470179517333,0.08202580122987332
3941,0.6344017313666772,0.9241522829373445,0.08202201194867419
3942,0.6343855959994882,0.924169495981544,0.08202937244576253
3943,0.6345612556579564,0.9242039950879913,0.08210299223823239
3944,0.6345540706131654,0.9242588739161153,0.08211002317952208
3945,0.6345731070975043,0.9242458344298531,0.08211766336310482
3946,0.634591505074645,0.9242384480777764,0.08211772546077585
3947,0.6346030660151312,0.9242514645057075,0.08212499838378398
3948,0.6346455796893491,0.9242598231507474,0.08212457658555726
3949,0.6346817268065637,0.9242885269299671,0.08212451416940336
3950,0.6346857199456347,0.9242940340280554,0.0821245044512109
3951,0.6346852049710947,0.9243104823042719,0.08212939199565908
3952,0.6346823181109358,0.9243025041216959,0.08213163668377249
3953,0.6346612732337722,0.9242989262373134,0.08213854339147965
3954,0.6346783169717074,0.9243163314342723,0.0821430783145091
3955,0.6346813949480717,0.9243218308462502,0.08214559180176101
3956,0.6346943338577457,0.924322088330948,0.08214873862234683
3957,0.634689013072251,0.9243098174557239,0.08215661019772763
3958,0.6347013366235736,0.9243046523895475,0.08215737188259328
3959,0.6346998542742952,0.9243017162953818,0.08215840339000859
3960,0.6346683621267502,0.9242964589958809,0.08216629992713759
3961,0.6346703917846703,0.9242798762127328,0.08217659439519596
3962,0.6346712465963058,0.9242740347688428,0.08218397549264152
3963,0.6346636770610309,0.9242746150701766,0.08219107040910573
3964,0.6347024422541664,0.9242906213950461,0.0821940817379881
3965,0.6346952960579463,0.9243126920610066,0.08219066358132475
3966,0.6346894413523129,0.9243039529535029,0.08219625426642754
3967,0.6347250476981293,0.9242972237638638,0.08219737558177254
3968,0.634712401600405,0.9242900564659331,0.08218617569324492
3969,0.6346840682412852,0.9242737311674827,0.08220202231754219
3970,0.6346608430011639,0.9242655300877056,0.08221183829775665
3971,0.6346893324076637,0.9242510571418573,0.08222135781851193
3972,0.6346701995878746,0.9242565872982768,0.0822303494898093
3973,0.6346974202570606,0.9242447353160685,0.08223781265829798
3974,0.6347173423416582,0.9242535974013384,0.08223623881206037
3975,0.6347075274503622,0.9242590199522125,0.08223760016087073
3976,0.6347147650364515,0.9242698842692368,0.08223805462989248
3977,0.6347084397315745,0.9242744728771346,0.08224446224187802
3978,0.6347395498896805,0.9242881387813928,0.08226231061097064
3979,0.6346663013523168,0.9242665830848279,0.08230426909103505
3980,0.6346486720733818,0.9242728472647889,0.08230615303255667
3981,0.6346282125506154,0.9242528095750243,0.08230436443254574
3982,0.634634763520318,0.9242560377413845,0.08230530953088643
3983,0.6346098159077936,0.9242514990932043,0.08231443058743182
3984,0.6346407007399406,0.9242473831810949,0.0823144388495003
3985,0.6346181551896743,0.9242324452255685,0.08232365356343861
3986,0.6346409820055796,0.9242438860008714,0.08232303776120545
3987,0.6346217529876491,0.9242387785805228,0.08233246878626156
3988,0.6346053236059023,0.9242435862425664,0.0823370590691135
3989,0.6345938302195823,0.924261567897804,0.08234080532061659
3990,0.6346027641659979,0.9242605110576265,0.08234704821509042
3991,0.6346127973472643,0.9242892340521223,0.08234510394362882
3992,0.6346781547290463,0.9243133607526098,0.08233724812406037
3993,0.6346842731433583,0.9243042949854148,0.0823393670110858
3994,0.6347179513688423,0.9243216348504355,0.08233550720857202
3995,0.6346822206781814,0.924310705201473,0.0823443732189767
3996,0.6346839718238101,0.9243121732485559,0.08234983597905667
3997,0.6346815323756617,0.9242909941713996,0.0823588242870464
3998,0.6346641782459569,0.9242837538554203,0.08236320894318214
3999,0.6346908526625533,0.924324144365475,0.0823641464014732
4000,0.6347029056246961,0.9243240290738193,0.08236436731653418
4001,0.6347056983599718,0.9243234872030375,0.08236548407295559
4002,0.6347195142745663,0.9243295515441284,0.08236829732637338
4003,0.6347347489209749,0.9243319303952915,0.0823658466299902
4004,0.6347545966236467,0.9243307006176305,0.0823701547429789
4005,0.6347397525047682,0.9243218154740295,0.08237374293879349
4006,0.6347497450346872,0.9243171961216902,0.08237465226071497
4007,0.6347972657508126,0.9243117889430368,0.08237421253219361
4008,0.6348129737868012,0.924305567036683,0.08237509913911786
4009,0.6348471789111393,0.9242982690748757,0.08237953995726177
4010,0.6348146410601063,0.9242868475148488,0.08238728465310202
4011,0.6348569036094558,0.9243024003592057,0.08238250354161239
4012,0.6348634984976196,0.924354001061252,0.08238022265735725
4013,0.6348611707163113,0.924356921783197,0.08238018055267213
4014,0.6348897406437893,0.924366087469827,0.0823816983458045
4015,0.6348930210948925,0.9243662527212001,0.08238366279916898
4016,0.6349088416930587,0.9243580247400367,0.08238707939651502
4017,0.6348215097683569,0.9243508228546092,0.08240157027199684
4018,0.6348504530903032,0.9243520487892151,0.08240263867920217
4019,0.6348735027802067,0.9243460344078416,0.08240394147163622
4020,0.6349502415081609,0.9243757450675213,0.08239666817350397
4021,0.6349673812732505,0.9243781546631259,0.08239667833233583
4022,0.6349549277758323,0.9243618063063445,0.0824024323284495
4023,0.6349836951307415,0.9243790270366542,0.08240380695726258
4024,0.6349164887457295,0.9243651958810226,0.08241354064397083
4025,0.6348651358763141,0.9243617448174614,0.082423446621926
4026,0.6348718039953141,0.9243858638318385,0.08242439661598339
4027,0.6349013796819493,0.9244055594896912,0.08242485023241607
4028,0.6349039980507832,0.9243898798245129,0.08242951555699836
4029,0.6349367611063115,0.9244004635985082,0.0824283683946563
4030,0.6349099504290312,0.9243856409346375,0.08244150299564124
4031,0.6349234268216843,0.9243795612213257,0.08244425546345092
4032,0.6349258700107956,0.9243930580311557,0.08244949378193066
4033,0.6349753123076689,0.9244076808561564,0.08244435800859126
4034,0.635012096453115,0.9244116353599477,0.08244554620033709
4035,0.635041538930023,0.9243823743377253,0.08244902981214092
4036,0.6350492221637083,0.9243728627761282,0.08245369846282226
4037,0.6350321772935642,0.9243813866725413,0.08245793307884494
4038,0.6350766841231876,0.9243946490560047,0.08245162023321936
4039,0.6350599908377986,0.9243810561697949,0.08245586298860863
4040,0.6350266949529058,0.9243729626955631,0.082470716314205
4041,0.6349821634077855,0.9243560801541102,0.08248485680710674
4042,0.6349917405451042,0.9243663026809176,0.08248340643601787
4043,0.6350841691595714,0.9243975659348944,0.08250142025446056
4044,0.6350530466018381,0.9243939035032976,0.08250513131962174
4045,0.635063314876312,0.9243962093364121,0.0825099919346386
4046,0.6350115172100127,0.9243712333207273,0.0825348730213926
4047,0.63500878445268,0.9243599193662457,0.08253713516392557
4048,0.6349967020192245,0.9243580554844782,0.08254209844237588
4049,0.6350072627910864,0.9243675747321858,0.08254422522909008
4050,0.6350160528321067,0.9243645425616402,0.08255154674912522
4051,0.6350215468446184,0.9243528788891363,0.08255840896530987
4052,0.6350139038524193,0.9243543930528815,0.08256264562384018
4053,0.6350131368836252,0.9243557650235845,0.08255524066187485
4054,0.6350459235946312,0.924363347371476,0.08255798980299946
4055,0.6350541198624445,0.924357406008151,0.08256043897654954
4056,0.6350700608129878,0.9243494047672438,0.08256080947898137
4057,0.635075089483085,0.9243576327484073,0.08255896925601844
4058,0.6350573524069939,0.9243596887829343,0.08256282095527827
4059,0.6350516719225751,0.9243608762869883,0.0825661153145926
4060,0.6351066849658891,0.9243677322974486,0.08256515921370561
4061,0.6350962309187391,0.9243999025124504,0.08255448098165125
4062,0.6350871892884026,0.9243838961875809,0.0825624448754471
4063,0.635043855490197,0.9243814443183692,0.08256991327754623
4064,0.6350932428344704,0.9243874702289083,0.08256576873802521
4065,0.6351022096441014,0.9243879198663656,0.0825673173693288
4066,0.635106048730828,0.9243825165307674,0.082572420185327
4067,0.6350548779337187,0.9243639046144786,0.0825865244333027
4068,0.635089129199347,0.9243721787123043,0.08258845337138496
4069,0.6350887554538817,0.924362302060464,0.08260456954588005
4070,0.6351173171743675,0.9243533823293663,0.08261467011331831
4071,0.6351642308262975,0.9243706491763384,0.08261130380210062
4072,0.6351773631168421,0.9243581669330788,0.08261902689230026
4073,0.6351734603557173,0.9243360732087872,0.08262570045079326
4074,0.63519091574403,0.9243352123644244,0.08262333765773042
4075,0.6351896414423253,0.9243127035901721,0.08262782796600027
4076,0.6352725737460546,0.9243707183513318,0.08262094383761197
4077,0.6352775871976204,0.924372978067784,0.08262073792234968
4078,0.6352667607361169,0.9243853181180015,0.08262648569057397
4079,0.635238131412781,0.924378500538093,0.08263158296111815
4080,0.6351810746644254,0.9243629323215153,0.08264667341761865
4081,0.6352388817792596,0.9243699497402936,0.08264558590441272
4082,0.6351833953682586,0.9243599347384666,0.08265310852747232
4083,0.6352064948782178,0.9243554076194518,0.08265433935609316
4084,0.6352307060762512,0.9243626633076519,0.08265312294196146
4085,0.6352547033698908,0.9243803797920813,0.08265769707551304
4086,0.6352134335981015,0.9243540971376317,0.08266696587810077
4087,0.6352339877329091,0.9243601768509435,0.08266740744991126
4088,0.6352343825637904,0.9243601230481708,0.08267016041613143
4089,0.6352918055702146,0.9243712602221137,0.08267091924059866
4090,0.6353058429911903,0.9243489128561795,0.08267832246114531
4091,0.635361694289157,0.9243430521970135,0.08270843330287064
4092,0.6354030885062738,0.9243437132025064,0.0827061333075472
4093,0.6354236861467863,0.924360426649531,0.08270867985526778
4094,0.6354450122833367,0.9243657031643079,0.08270752046362896
4095,0.6354707065092822,0.9243670789780661,0.08270845725537102
4096,0.6354477809928727,0.9243604497078621,0.08271324364285619
4097,0.6354788374196575,0.9243515261337092,0.08271453673355049
4098,0.6354574786201015,0.9243607840536637,0.08271808321174609
4099,0.635403248783455,0.9243571831109499,0.0827285471550924
4100,0.6354363062662103,0.9243482633798522,0.08273052816531769
4101,0.6354506178774868,0.9243442127996812,0.08273162806085928
4102,0.6354498594819608,0.9243323954049696,0.0827366381953041
4103,0.6354498771860297,0.924330147217683,0.08273996986907832
4104,0.6354708142749891,0.9243417878318558,0.08273923659784138
4105,0.6354948304479076,0.9243365266892997,0.08273885085012629
4106,0.6354861198053503,0.9243472065396747,0.082742339141282
4107,0.6355162468357893,0.9243477637826775,0.08274404655259181
4108,0.6355218796520716,0.9243364690434718,0.08275280124588907
4109,0.6355426284996548,0.9243380715974864,0.08275405118258373
4110,0.635518617419655,0.9243430983136758,0.0827599203431177
4111,0.635508558693156,0.9243333984423744,0.0827667902420606
4112,0.6354860159856623,0.9243359617601866,0.0827699766557304
4113,0.6354901825409057,0.9243326797910537,0.08277183774904184
4114,0.6354715537280724,0.9243284793317302,0.08277521650231391
4115,0.6354799200713817,0.9243284524303439,0.08277653168808623
4116,0.6354782384261453,0.9243320649022232,0.08277806966702346
4117,0.6354785336493045,0.9243388824821316,0.08278080807835439
4118,0.6354651032273507,0.9243399969681368,0.08278213711751561
4119,0.6353964506842102,0.9243100172945938,0.08281643580094461
4120,0.6353883651293823,0.9243103708556714,0.08282052100050068
4121,0.6353687373481121,0.924289168720184,0.0828326932504201
4122,0.63539285949844,0.9242837922859721,0.08283549889899954
4123,0.6353652822893601,0.924296159237576,0.08284159160274575
4124,0.6353961322237486,0.9243134183984376,0.0828376662964025
4125,0.6353989184720745,0.9243126497873995,0.08284129152725168
4126,0.6353725138249475,0.9243010053301716,0.08284932325424002
4127,0.6354104907932987,0.924305205789495,0.08285085827388212
4128,0.635413938203406,0.924321081450488,0.08285491112160395
4129,0.6354257985469817,0.924338325239129,0.0828537451712316
4130,0.635476426974589,0.9243558265124676,0.08284786971173226
4131,0.6354773767781662,0.9243499927546881,0.08284873791531797
4132,0.6355512008421964,0.9243547427709038,0.08286086670495187
4133,0.6355425030143181,0.9243578940761602,0.08285906029194694
4134,0.635522197520833,0.9243496353505553,0.08286591003728254
4135,0.635522197520833,0.9243496353505553,0.0828658436359612
4136,0.6355115914207455,0.9243414381138334,0.0828763641094525
4137,0.6355146300993235,0.9243451120745958,0.08288157817043888
4138,0.6355446879926097,0.9243475793160283,0.08287697857068854
4139,0.6356008110168003,0.9243532132349379,0.08287659861438443
4140,0.635618879558725,0.9243603497884272,0.08287405970698301
4141,0.6356210092018166,0.924367801472442,0.08287877449081356
4142,0.635650734368648,0.924374350038487,0.08287783962092385
4143,0.6356168667005,0.9243592237732562,0.08288567391891091
4144,0.635629403211296,0.9243577710983941,0.08288710382094665
4145,0.6356481329959045,0.9244141371888769,0.08291357827440927
4146,0.6356430377360034,0.9243972930779758,0.0829184931803494
4147,0.6356442685180198,0.9243942071046577,0.08292343568574656
4148,0.6356599438014584,0.9244093141546125,0.0829236800596885
4149,0.635693948804565,0.924387262703928,0.08292682216538845
4150,0.6357133706215993,0.9244238716476751,0.0829246358282229
4151,0.6357404987599753,0.9244308775372878,0.08292539591039175
4152,0.6357787292114626,0.9244462805024923,0.08292460126943811
4153,0.6357696957095467,0.9244471913065726,0.08292903628260309
4154,0.6357951414409625,0.9244728552291365,0.08292688377903347
4155,0.6357774071665934,0.9244563531501473,0.08294134634109035
4156,0.6357547053452263,0.9244460153316842,0.08294765682481968
4157,0.6357253800607149,0.924456991097309,0.08295061077712436
4158,0.6357423630359078,0.9244690083308905,0.08295242878999819
4159,0.635777346178006,0.9244788657674547,0.08295611740837501
4160,0.6357246690293022,0.9244553923863497,0.08297176803260767
4161,0.6357570035329813,0.9244550887849896,0.08297252253527847
4162,0.6357574110148658,0.92445922775543,0.08297431057099307
4163,0.6357335083707467,0.9244529674185243,0.0829858438152702
4164,0.6357316251489095,0.9244579249597203,0.08298603962740372
4165,0.6357011821578927,0.9244399625197588,0.08299500618002116
4166,0.6357176811223083,0.9244390939892857,0.08300005840266855
4167,0.6357301863708898,0.9244331603120711,0.08300370679428404
4168,0.6357322401717023,0.9244275148639959,0.08300413480366847
4169,0.6357703180093077,0.9244305624067622,0.08300363955971034
4170,0.6357722385070135,0.9244354315576889,0.08300453207435846
4171,0.6357567434529138,0.9244290905166241,0.08300983612688888
4172,0.6357568978736379,0.9244368573311647,0.08300657793661202
4173,0.6357495518559506,0.9244290713013482,0.08301375408926663
4174,0.6357806947013224,0.9244399740489243,0.08301457390013099
4175,0.6357825181344688,0.9244432444888917,0.0830156778362886
4176,0.635780638631991,0.92444774470652,0.08301278308619517
4177,0.6358357539200807,0.9244800455853983,0.08300862656897855
4178,0.6358081381447176,0.9244717830167383,0.08301743514383028
4179,0.6358329936304706,0.9244830354823368,0.08302106228866209
4180,0.6358218936871648,0.9244814752019292,0.08302828084087915
4181,0.6358336238591036,0.9244537783031695,0.08303861580057219
4182,0.6357856640793361,0.9244423567431426,0.08305204381587837
4183,0.6357714175002618,0.9244287484847121,0.08306094313500254
4184,0.6357585076196685,0.9244271190293113,0.08306590812748732
4185,0.6357532549975745,0.9244189448509206,0.0830706456629951
4186,0.6357619385954996,0.9244218117700929,0.08307091456717122
4187,0.6358055765326004,0.9244211046479377,0.08307978680608116
4188,0.6358237938137604,0.9244137644125234,0.08307859074300064
4189,0.6358550689586351,0.9244306546400868,0.08308616765517528
4190,0.6358568588707503,0.9244368112145024,0.08308945021361086
4191,0.6358687989202966,0.9244461498386158,0.08308775013545766
4192,0.6359056114845942,0.9244754915649973,0.08308544935452812
4193,0.6359083839613413,0.9244585436916061,0.08309536377005394
4194,0.6358827041154738,0.9244463688927618,0.0830987851869071
4195,0.6358819526775773,0.924432249507991,0.08310756694789027
4196,0.6358885658650042,0.9244377681352448,0.08310588219316173
4197,0.6358692455060783,0.924436884232551,0.08310772632106722
4198,0.6358630158804472,0.9244338443758952,0.0831095890071146
4199,0.6358304552123416,0.9244326799301723,0.08311567210484189
4200,0.635835305855294,0.9244444934818287,0.0831149063977217
4201,0.6358510115791691,0.9244407426599625,0.08311744124702874
4202,0.6359223492708179,0.9244766252662786,0.08311167508395308
4203,0.6359282538360457,0.9244769058093075,0.0831090484238375
4204,0.6359193285213105,0.9244742733165018,0.08311062339095295
4205,0.6360016269432278,0.9244829317198466,0.0831055540237761
4206,0.636014974326796,0.924485176064078,0.08310274455190941
4207,0.6359769299490436,0.9244712565181771,0.08310821322735136
4208,0.6360512328545701,0.9245166122555384,0.08310434881023254
4209,0.6361067372328831,0.9245353317773726,0.08309774364188492
4210,0.6361885987808882,0.9245485365150079,0.08308480887263715
4211,0.6361648689039553,0.9245353971093108,0.08309537260304882
4212,0.6361408595318866,0.9245357775717746,0.08310134451346791
4213,0.6361079419327443,0.9245430063585884,0.08311051908933076
4214,0.6361057211447936,0.9245308661472409,0.08311097108632358
4215,0.6360740718266752,0.9245509999133852,0.0831145708054085
4216,0.6361240232688575,0.9245624214734122,0.0831044868208406
4217,0.6361251967913986,0.9245614799248905,0.08310470166522053
4218,0.6361463690414029,0.9245871323182887,0.08310539564248576
4219,0.6361113656231945,0.9245628057789312,0.08311992361180912
4220,0.6361349676950439,0.9245628173080968,0.08312326132019655
4221,0.6361690954327804,0.9245898493583086,0.08311717814364913
4222,0.6361519227499947,0.9245892037250365,0.0831182186679672
4223,0.636166577382306,0.9245967976020935,0.08311593230737699
4224,0.6362012249310004,0.9245872053363373,0.08311633911898607
4225,0.6362089562284902,0.9245791733509886,0.08312196717494152
4226,0.6362257362847528,0.9245936347676714,0.08311932203762745
4227,0.6362458065446039,0.9245996875795969,0.08312347559891331
4228,0.6362673632714263,0.9246047335110623,0.08311735486325686
4229,0.6362544596963311,0.924587520466863,0.08312468947396587
4230,0.6362610895220464,0.9245895880305556,0.08312550690200993
4231,0.6362488940056427,0.9245852953379075,0.08312977064942502
4232,0.6362420360995068,0.9245971204187294,0.08313850100102503
4233,0.6362506744402247,0.9246177845264901,0.08314145157973023
4234,0.6362854275480517,0.9246148138448277,0.08314134484510093
4235,0.6362355572981889,0.9246103136271994,0.08315317351934434
4236,0.6362541326125308,0.9246028965306812,0.08315419325187995
4237,0.6362544538490191,0.9245973817464824,0.08315579295822007
4238,0.636236499463348,0.9245836043936235,0.08316471913584542
4239,0.6362699383134832,0.9245848649157261,0.08316315721959021
4240,0.6362673666094906,0.9245769520650884,0.08316142132544267
4241,0.6362174109523222,0.9245555462476759,0.08318040937945478
4242,0.636210363536415,0.9245586130057181,0.08318576436426005
4243,0.6363619431423476,0.9245928161969158,0.08322162887325822
4244,0.6363652429269605,0.9245913020331706,0.08322342649007504
4245,0.636351556871871,0.9245991380227045,0.08322986262839153
4246,0.6363683641115759,0.9246133381116345,0.08323287953605515
4247,0.636350584025366,0.9246080692829679,0.08323933668988734
4248,0.6363583070410852,0.9245980965547479,0.08324903292642899
4249,0.6363495585952706,0.9245894650527895,0.08325611623091181
4250,0.6363289498658177,0.9245714334378344,0.0832663798251418
4251,0.6363409523663546,0.9245842692421716,0.083266957712725
4252,0.6362907922630685,0.9245671561174071,0.08328327965953432
4253,0.6362751350372988,0.9245655381911718,0.0832884180865153
4254,0.6363192500639616,0.9246019588252146,0.08330008043145083
4255,0.6363267615857727,0.9245982464339003,0.08330407936866997
4256,0.6362686423139171,0.9245838272908247,0.0833193977225752
4257,0.6362629975095785,0.9245766907373354,0.08332603735555737
4258,0.6362593551450803,0.924583369967257,0.08332878015463568
4259,0.6362421363126114,0.924592216680306,0.08333570590887006
4260,0.6362449488129915,0.9245933734399184,0.08333994736229684
4261,0.6362314981120528,0.9245993839782368,0.08334648836599493
4262,0.6362777010417668,0.9246044683402542,0.08334828377912612
4263,0.6363629499827937,0.9245938000190447,0.0833747711052248
4264,0.6363727717052092,0.9245947300384008,0.08337558413558119
4265,0.6363476173098651,0.9245947031370144,0.08338603913724632
4266,0.6363507214880065,0.9245799650203579,0.08338661790132038
4267,0.6363507214880065,0.9245799650203579,0.08338555963163437
4268,0.6363509096428634,0.9245690007838987,0.08339182291206727
4269,0.6363470124104494,0.9245629402858629,0.08339170259382676
4270,0.6362593225828252,0.9245825513965014,0.08340879862117856
4271,0.6362576956909347,0.9246081615162924,0.08341017503582024
4272,0.6362381494885267,0.9245835429047405,0.08342160742428621
4273,0.6362172403324396,0.9245743118861723,0.08342550403600718
4274,0.6362409488337424,0.9245591740917759,0.08343247749940266
4275,0.636343479525914,0.9245793578176378,0.08343105556032464
4276,0.636372108791948,0.9245727900363168,0.08344466178653129
4277,0.6363965715410835,0.9245802570925524,0.08344652632656678
4278,0.6363693704958129,0.9245604730444305,0.08346632504052803
4279,0.6363491667110972,0.9245652960786949,0.08347092895596356
4280,0.6363798140517783,0.9245714449670001,0.08346919881954142
4281,0.6364073513216396,0.9245849110323884,0.08346177398919453
4282,0.6363729960355439,0.9245628288372624,0.08347274246020389
4283,0.6363733078562375,0.9245621063428865,0.08347489617955343
4284,0.6363250969041819,0.9245370188786013,0.08348962081575972
4285,0.636333890100214,0.9245418034823137,0.08349326562011149
4286,0.6363593852937824,0.9245165699819312,0.08349790243472459
4287,0.6363452931272862,0.9245085418396378,0.08350580559152694
4288,0.6363691237325818,0.9245165161791586,0.0835029756957487
4289,0.6363783261748319,0.9245105363852818,0.08350469984316886
4290,0.6363903022624976,0.9244994145835598,0.08351277371070098
4291,0.6363945063659243,0.9244816788838545,0.0835095871369045
4292,0.63644711732184,0.924485095359919,0.08352517560811301
4293,0.6364560795207466,0.9244969204407409,0.08352874629561415
4294,0.6364333458805542,0.9244850723015878,0.08353734484223936
4295,0.6364402230426635,0.9244790194896624,0.0835439701000502
4296,0.6364611326343066,0.9244750726719815,0.08355247859035217
4297,0.6364370775651318,0.9244758835566268,0.08355639381602896
4298,0.6364530733836591,0.9244780971564166,0.08355573865632052
4299,0.6365008511843141,0.9244912673065553,0.0835609755566746
4300,0.636539675913752,0.9245100752186589,0.08356711131837835
4301,0.6365603750425088,0.9245000602168317,0.0835681843979694
4302,0.6365495450076544,0.9245031923068122,0.08357937435085364
4303,0.6365777676234768,0.9245104672102883,0.08357603817832704
4304,0.6365767366348523,0.9245369497036078,0.08357941472173616
4305,0.63658139331195,0.9245366192008614,0.08358616245724884
4306,0.6365940685772941,0.9245231877229697,0.08358681125311954
4307,0.6366379074555116,0.9245401086949746,0.08358520458595801
4308,0.6366320362639453,0.9245584669696209,0.08359049342326157
4309,0.6366265975291492,0.9245665335424662,0.08359841761939112
4310,0.6365884223600995,0.9245632669455541,0.08360677342910557
4311,0.6366086832381311,0.9245632362011126,0.08360874157495568
4312,0.6366582986923203,0.9245603923402714,0.08361189279308558
4313,0.6366746797278305,0.92456681024244,0.08361192509827964
4314,0.6366818607910578,0.9245707378448449,0.08361314267064537
4315,0.6366630833796746,0.9245675327368158,0.08361686019929286
4316,0.6366628775774443,0.9245662837438788,0.0836217545729222
4317,0.6366573192304457,0.9245545047797192,0.08362609536227691
4318,0.6366497962981582,0.9245435367002047,0.08363510134786767
4319,0.6366443417620888,0.9245458963360919,0.0836418982826596
4320,0.6366190170153726,0.9245392555367222,0.08364735008023276
4321,0.6366287204030409,0.9245311928069321,0.08365016976468813
4322,0.6366352515351599,0.9245349205704672,0.08365168027297755
4323,0.6366427057492301,0.9245283412599805,0.08365639629793797
4324,0.6366806432345782,0.9245574985197128,0.08365953373941763
4325,0.6367122815159282,0.924562056383169,0.08366257720382819
4326,0.6368551490106341,0.9245503043203956,0.0837033025965471
4327,0.6368607330876037,0.9245352702884895,0.0837072284075809
4328,0.6368181187672841,0.9245335755011503,0.08371785462468308
4329,0.6367667313147221,0.924526254481012,0.0837319301717684
4330,0.636813178246611,0.9245225574619185,0.08373088923675814
4331,0.6368617242814018,0.9245436635210261,0.08373259231468899
4332,0.636810505733722,0.9245560266295747,0.08376314486943282
4333,0.6368188260847975,0.9245538207158952,0.08376894996151
4334,0.6368433008163278,0.92458161753409,0.0837705601250066
4335,0.636865012438449,0.9245888732222901,0.0837820943136929
4336,0.6368930125276325,0.9245826974325986,0.08378864180313421
4337,0.636865857920585,0.924554239608911,0.08380540166488866
4338,0.6368781898319008,0.9245802340342213,0.08380372662994419
4339,0.6369002648465971,0.9245829741325723,0.08380210421176006
4340,0.6369253770081287,0.9245885657778748,0.08380337496126851
4341,0.636912796509848,0.9245811102508048,0.08381146865710057
4342,0.6369042526858872,0.9246119853562073,0.08380637677514097
4343,0.6368465705875394,0.9245981042408583,0.08383079850753072
4344,0.6368465705875394,0.9245981042408583,0.08381757062941492
4345,0.6368621878399883,0.9246098332453004,0.08382170962093313
4346,0.6368267165982076,0.9245812985605091,0.08383358166239709
4347,0.6368281926789731,0.9245716140614284,0.08383964379382709
4348,0.6368147135615682,0.9245451008236674,0.08384751532089459
4349,0.6368320762708269,0.9245231147049211,0.08385868319948418
4350,0.6368929589618441,0.9245273612809068,0.08385601678637673
4351,0.6368929589618441,0.9245273612809068,0.0838489702303863
4352,0.6369167481475352,0.9245240716256636,0.08385200156144271
4353,0.6369151995063872,0.924520351548239,0.08385035259019674
4354,0.6369167197286114,0.9245212316078777,0.08384711233442049
4355,0.6369087593709098,0.9245258394310514,0.08385251459515877
4356,0.6369254483126141,0.9245236066159855,0.08385306950162773
4357,0.6369182613331765,0.9245097485589677,0.08385785209161938
4358,0.6369218166804484,0.9245071929272658,0.08385436604743218
4359,0.6369035768061618,0.9245061168718124,0.08385824397429123
4360,0.6370096824903653,0.9244757336774743,0.08387847980654138
4361,0.6369872102442365,0.9244830815989991,0.08388484682013442
4362,0.6369872102442365,0.9244830815989991,0.08388265021182467
4363,0.6369751895342411,0.9244836196267258,0.08388578124931452
4364,0.6369991906649105,0.924484188398894,0.08388848770949278
4365,0.6369740281698956,0.9244618333468494,0.08390115151023501
4366,0.6369503581327781,0.9244428909278142,0.08391278269445063
4367,0.6369594266856793,0.9244505693520852,0.08391455336721489
4368,0.636979534168381,0.9244689276267315,0.08391596582425256
4369,0.6369514513958218,0.9244625020384526,0.0839262982915453
4370,0.6369488248382158,0.9244684203434463,0.08392804642855232
4371,0.636980292733306,0.9244749765956017,0.08393008959763035
4372,0.6369473262950233,0.9244759104580131,0.08394087489542597
4373,0.6369492002245173,0.9244660914520008,0.08394652980076338
4374,0.6369099759832353,0.924482274557409,0.08395156660468088
4375,0.6369183683567543,0.9244815520630331,0.0839513656195305
4376,0.6369068411744307,0.9244659300436827,0.08395950733398516
4377,0.6369494707731088,0.9244689737433938,0.08395695832253164
4378,0.6369728974121953,0.924467424992152,0.0839570956191452
4379,0.6369575007318454,0.9244601462456207,0.08396533112114965
4380,0.6369876483746729,0.9244742925317778,0.08397067551255176
4381,0.6370785675296669,0.9244512342006332,0.08402640026265523
4382,0.6371067388569127,0.9244751649053061,0.08402763071914938
4383,0.6370927189259717,0.9244996144224297,0.08403072334007919
4384,0.6371285645470731,0.9245183262581534,0.08402684753818984
4385,0.6371351744379138,0.9245162855958472,0.08402573820134311
4386,0.6371576762639647,0.9245179688540207,0.08402440009222571
4387,0.6372041280412581,0.9245238833159592,0.08401804716408179
4388,0.6372189459308892,0.9245288216418793,0.08402184773702064
4389,0.6372231895946507,0.9245262890685086,0.08402331372007181
4390,0.6372651663004211,0.9245392055770048,0.08404227513000967
4391,0.6372665093915947,0.924543924848779,0.08404467080288089
4392,0.6372985536891831,0.9245461538207896,0.0840530741429488
4393,0.637336007029711,0.9245458425333193,0.08405277169104143
4394,0.637343883045706,0.9245419418323007,0.08405309889196559
4395,0.6373555294209274,0.9245354355398626,0.08405633033197209
4396,0.6371868087300874,0.9245255550449673,0.08407727306835726
4397,0.6372093376223217,0.9245334217789427,0.08407561769454977
4398,0.6372445189907617,0.9245477602178594,0.08407075493334874
4399,0.6372527010894407,0.924539812779725,0.08407142668174805
4400,0.6372693287510255,0.9245386214326158,0.08407612863886767
4401,0.637268195936123,0.9245262852254534,0.0840803988166422
4402,0.6373175663091676,0.9245350473912884,0.08407708454218878
4403,0.637314546481673,0.9245335101692121,0.08408492313761882
4404,0.6373102357764316,0.9245230685882588,0.08409303433315564
4405,0.6373455176332841,0.9245210663565044,0.08411915479338125
4406,0.6373413298434323,0.9245249516853022,0.08411684585439418
4407,0.637334724253236,0.9245179726970759,0.08411935750631926
4408,0.6373392793430397,0.9245017012013982,0.08412519548201719
4409,0.6373403443077391,0.9244867132861543,0.08413382826086517
4410,0.6372295954909113,0.9244646733646353,0.08415682977220247
4411,0.6372266258641102,0.9244722672416923,0.08415795780049581
4412,0.6372594318158452,0.924454151079523,0.08416928789790523
4413,0.6371978908771612,0.9244475756120917,0.08418005079327417
4414,0.6371790758620914,0.9244463150899891,0.08418849435409613
4415,0.6371923028182654,0.9244485632772756,0.08418455622352532
4416,0.6371964932949264,0.9244549120044508,0.08418371757016194
4417,0.6371887225595172,0.9244461728969471,0.08419207156060854
4418,0.6372181980001543,0.9244269691501589,0.08419814892146761
4419,0.637222518697053,0.9244192215508943,0.0842035528644939
4420,0.6372187400257203,0.9244140257402764,0.08419837958062046
4421,0.637266950674083,0.9244299321457109,0.08419950220907974
4422,0.6372713977127124,0.9244268769168342,0.08420181487273753
4423,0.6372927534008959,0.9244427833222688,0.08420325378897932
4424,0.6373099068964793,0.924442867869483,0.08420993539674512
4425,0.6373661831445125,0.924451349492289,0.08420480124459005
4426,0.6373328361611793,0.9244304202137201,0.08421188129077982
4427,0.6373453471124014,0.9244131764250793,0.08421789661403359
4428,0.6373258772805556,0.9244102441739687,0.08422337062201345
4429,0.6373688830888757,0.9244147866652042,0.08424708007504982
4430,0.63737549701999,0.9244115469696783,0.08425295415219639
4431,0.6373877681644092,0.9244123732265443,0.08425152482344209
4432,0.637380173892378,0.9244119543335285,0.08425436755018094
4433,0.6374123900598647,0.924405194399448,0.08425553434165177
4434,0.6374226797826538,0.924359865563473,0.08422752901824965
4435,0.6374305142643044,0.9243635356811802,0.08423650087813683
4436,0.6373917775557957,0.9243656378323696,0.08424404302801407
4437,0.6373700424428033,0.9243541855279012,0.08425310874354164
4438,0.637380645501224,0.924352367762796,0.08425812817725012
4439,0.637348090964432,0.9243567565318238,0.08426871265219361
4440,0.6373588443008337,0.9243563030513112,0.0842683127840016
4441,0.6373486799884882,0.9243570524470734,0.08426926795585227
4442,0.6373826020882485,0.9243946144685079,0.08435592738459376
4443,0.6374059084049544,0.9243929734839414,0.08435139841073991
4444,0.6373682891924273,0.9243813328697686,0.08435858531854065
4445,0.6373552024040298,0.9243742578051625,0.0843609728639885
4446,0.6373588983428783,0.9243742731773832,0.0843593984952272
4447,0.6373901180944189,0.9243796303963191,0.08435684323598547
4448,0.6374094665540755,0.9243992876236199,0.08435720458800047
4449,0.6374154116636422,0.9243982692139943,0.08436361986619832
4450,0.6374354988490628,0.924399149273633,0.08436610875964397
4451,0.6374404826897397,0.9244019278025359,0.08436931505356414
4452,0.6374263937722957,0.9244142294222015,0.08437878816200475
4453,0.6374406707114497,0.9244204128980034,0.08437675647958277
4454,0.6374251227915165,0.9243998794541192,0.08438470709390912
4455,0.6374399432443472,0.9243915899840728,0.08439056405254959
4456,0.6374399432443472,0.9243915899840728,0.08438611514652243
4457,0.6374556898041919,0.9243946990157221,0.08438950729458791
4458,0.6374421873276878,0.9244004635985082,0.08439774077932607
4459,0.6374473096846154,0.9243878929649793,0.0844072000120116
4460,0.6374322673495825,0.9243949718726406,0.08441118511082246
4461,0.6374404826468155,0.924401043899842,0.08441619732693739
4462,0.6374224936319399,0.9244100673934299,0.08442177429490627
4463,0.6374281485596501,0.9244019009011496,0.0844277966632818
4464,0.6374848174271233,0.9244028117052298,0.08442681240646335
4465,0.6375022322111705,0.9244612568885707,0.08445076815302141
4466,0.6375189419738486,0.9244668523769285,0.08445623498477405
4467,0.6375278436669687,0.9244706608446225,0.08446145419590893
4468,0.6375236862334375,0.9244771556078949,0.08445920768493059
4469,0.6375560304691628,0.9244868132055892,0.08446053998609528
4470,0.6375735328087759,0.9244878431443804,0.08446280498380562
4471,0.6376205407158714,0.9245217388911628,0.08446031067376485
4472,0.6375984602751147,0.9245250016450198,0.08446751301816517
4473,0.63761087788886,0.9245582825029717,0.08447088204491261
4474,0.6376143068094029,0.9245542357658558,0.08448029594485029
4475,0.6376233439742514,0.9245594123611978,0.08448020890828302
4476,0.6376043295934624,0.9245523296104812,0.08448971772198295
4477,0.6376065851060548,0.9245447395764795,0.08449063343590628
4478,0.6376381173323885,0.9245351242523923,0.0845148016419936
4479,0.6376313079474578,0.9245047833316612,0.08452317016437047
4480,0.6376260683916355,0.9245173731804661,0.08452003985266
4481,0.6376122568132198,0.9245245058909002,0.08452844237889291
4482,0.6375960964771376,0.9245343402691333,0.08453089618493934
4483,0.6376035022614738,0.9245374416146722,0.08453565786531936
4484,0.637635681795907,0.9245494626913089,0.08453238516671534
4485,0.637631116069759,0.9245464305207635,0.08453567331911414
4486,0.6376146915154631,0.9245463690318804,0.08454270438834195
4487,0.6375940713035728,0.9245372840494094,0.08455914815844023
4488,0.6376501828501255,0.9245706878851274,0.0845518809617953
4489,0.6376362373476925,0.9245612993012965,0.08455917317059033
4490,0.6376382177415878,0.9245610956193714,0.08455777684528533
4491,0.6376856503149346,0.9245839464255355,0.08455542020509864
4492,0.637681990690801,0.924582989504793,0.08456625644898351
4493,0.6377363136987914,0.9245985423491501,0.08455847490225787
4494,0.6377862609697196,0.9246099792813978,0.08455694813232371
4495,0.6377510229980425,0.9245886157375923,0.08457110703570646
4496,0.6377497460056452,0.9245907409471128,0.0845765271037376
4497,0.6377831062814547,0.9245956523716465,0.08457433201773754
4498,0.637805551806884,0.9245903950721457,0.08457866516474839
4499,0.6378154360066439,0.92459058338185,0.08457758342802907
4500,0.6378494522018331,0.9245917708859039,0.08458157636039061
4501,0.6378296324212597,0.9245844767671518,0.08458634764773473
4502,0.6378264442841318,0.9245840309727498,0.08459484964068766
4503,0.6378530516200083,0.9245883159792875,0.0845931243435127
4504,0.6377987833466896,0.9245595468681295,0.08461140719842938
4505,0.6378123630687729,0.9245700038213035,0.0846052144126609
4506,0.6378000055918644,0.9245816790229731,0.08460140508486504
4507,0.6378028948026472,0.924580064939793,0.08460760519499905
4508,0.6377924537890247,0.9245648464412375,0.08460878305959532
4509,0.6378095093826539,0.9245747922680712,0.0846083655486592
4510,0.6378104399339508,0.9245717447253049,0.08461154578603507
4511,0.6378015191226368,0.9245685473033862,0.08461786389988875
4512,0.6378636528126672,0.9245784085830057,0.08462590635815484
4513,0.6378514207689121,0.9245466956915716,0.08464185224012913
4514,0.6378519989945542,0.924550711684246,0.08464758005161682
4515,0.6378551005162341,0.9245455043444625,0.08465377696614228
4516,0.6378710271796715,0.9245436250904742,0.08465681925285329
4517,0.6378878873665024,0.924539874268608,0.08465760570343638
4518,0.6379186612583128,0.9245216697161693,0.08466115581390875
4519,0.6379285880342346,0.9245095295048218,0.08466397532874805
4520,0.6379345337986251,0.9244942687326593,0.08467410135073669
4521,0.6379383863525389,0.9245075810758401,0.08467608542621913
4522,0.6379767599966826,0.9245045950219569,0.08467326481749621
4523,0.6379609987525972,0.924499864221017,0.0846800591266861
4524,0.6379687569031995,0.9244987766363981,0.08467745204319288
4525,0.637946819094172,0.924479334620188,0.08468800443533768
4526,0.637946819094172,0.924479334620188,0.08468338697863263
4527,0.6379553209403171,0.9245115471087969,0.08470529379155387
4528,0.6379446244547669,0.9245068432092435,0.08471494326745256
4529,0.6379693078225886,0.9245077886008204,0.08471747322360494
4530,0.638011076641992,0.9245093949978901,0.08471484046465894
4531,0.638011076641992,0.9245093949978901,0.08470211637551979
4532,0.6380079879630078,0.9245091644145786,0.08469894703345189
4533,0.6380741190325037,0.9245153478903806,0.08468868340710581
4534,0.6380442901336996,0.9245057325662933,0.08469451096285052
4535,0.6380430687583366,0.9245015782236321,0.08470120149492025
4536,0.6380728834702868,0.9245097985186852,0.0846965168335987
4537,0.6381175358959599,0.9245219579453087,0.08469303568924967
4538,0.6381351217928354,0.9245204514676739,0.08469455075373782
4539,0.6381436181284167,0.9245249978019646,0.08469802562803064
4540,0.6381345561041636,0.9245252130130552,0.08470509015983088
4541,0.638152099050784,0.9245292943376678,0.08470833442053909
4542,0.638164710929716,0.9245257010810645,0.08471222821443308
4543,0.6381681023769608,0.9245405929199286,0.08471727736905085
4544,0.638203716723966,0.9245593585584251,0.0847156850635483
4545,0.6382389772822736,0.9245546585019269,0.08472151758158157
4546,0.6382140089046654,0.9245304933708873,0.0847333976789517
4547,0.6381862199154593,0.9245214737203546,0.08474653548441607
4548,0.6381999272543188,0.9245282029099937,0.08474594891268776
4549,0.6381461663602126,0.9244922626578498,0.0848056388823736
4550,0.6381218479685686,0.9244986421294664,0.08481601919225712
4551,0.6381294559734196,0.9245000563737766,0.08481898790046041
4552,0.6381204225480431,0.9244987497350118,0.08482546375351413
4553,0.6380908457765322,0.9244989995335992,0.08483810710167662
4554,0.6380913940249017,0.9244964977046699,0.08484448252102209
4555,0.6380079768419217,0.9244914940468116,0.08486712477829426
4556,0.6380363563473664,0.924466498815851,0.08487291152840938
4557,0.6380214410608405,0.9244540665323089,0.0848779737093636
4558,0.638016153732675,0.9244538128906663,0.08488183815784277
4559,0.6380255121859512,0.9244558996696348,0.08488654492933345
4560,0.6380342865901156,0.9244418456168022,0.08489029711601546
4561,0.6380752354169414,0.9244651499034789,0.08488451625881069
4562,0.6380926117511238,0.9244702726960482,0.0848855290101919
4563,0.6380958334448674,0.9244670406866329,0.08488934978340519
4564,0.6380794933519776,0.924466137568663,0.0849017853109134
4565,0.6381138387380759,0.924483927071141,0.08490189853518111
4566,0.6381141165576604,0.9244710912668039,0.0849077927096117
4567,0.6380917876800852,0.9244638970674868,0.0849217371628978
4568,0.6380922909730276,0.9244297937957241,0.08490737493682063
4569,0.6380730515308631,0.9244127767473393,0.08491659132150994
4570,0.6380679904223192,0.92443263381351,0.08491983147805891
4571,0.6380740107157621,0.9244260583460786,0.08492096612123598
4572,0.6380575229108585,0.9244369457214341,0.08492804679188183
4573,0.6380729448740319,0.9244249899767356,0.08493372609913255
4574,0.6380729448740319,0.9244249899767356,0.08492179623432389
4575,0.6381134612332431,0.9244277262320314,0.08491812619958744
4576,0.6381123095171034,0.9244307276581354,0.08492034930911911
4577,0.6381378354512248,0.9244500082660274,0.08492090401164334
4578,0.6381533584552652,0.9244458116497591,0.08492196031910411
4579,0.6381015014025925,0.9244493626327553,0.08493010876090856
4580,0.6380705315898145,0.9244180647912819,0.08495019224903182
4581,0.6380838943254584,0.9244228263366632,0.08495082689359033
4582,0.6381120670705583,0.9244437325569009,0.08495585185078569
4583,0.638058465617381,0.9244407657182937,0.08497283828864378
4584,0.6380671208615323,0.9244445703429325,0.08497746414331883
4585,0.638095634539051,0.924455722889096,0.08498405479388346
4586,0.6380700124344574,0.9244444473651664,0.08499803259520616
4587,0.6380711526271935,0.9244437671443976,0.08499902388893411
4588,0.6381017866335872,0.9244549734933338,0.0849907222477182
4589,0.63811118889783,0.9244613644941161,0.08499175631387235
4590,0.6380883488281991,0.9244629632050755,0.0850008560360513
4591,0.6381028523693861,0.9244688738239588,0.0849949764598837
4592,0.6381001594208608,0.924454835143347,0.0849991820914967
4593,0.6381001594208608,0.924454835143347,0.08499521877462102
4594,0.638140273879819,0.9244250053489563,0.08503341152145093
4595,0.6381861697555912,0.9244456425553307,0.08504132147174653
4596,0.6381891088481695,0.9244505501368093,0.08504655292917124
4597,0.6381861628849347,0.9244517914436359,0.0850501624911298
4598,0.6381669523148795,0.9244235257727079,0.08505407503310264
4599,0.6381821181017713,0.924433921236999,0.08505409516842379
4600,0.6381442536064018,0.9244254511433585,0.08506894120980958
4601,0.6381581639890873,0.9244231337810784,0.08507707989486536
4602,0.6381502988210294,0.9244222037617223,0.08508027224987388
4603,0.6380970056606899,0.9244159664831477,0.08509698214032038
4604,0.6380848758383633,0.9244067777381866,0.08510086612738714
4605,0.6380626014673297,0.9243484901201084,0.08513191467572719
4606,0.6380593676238575,0.9243376373322498,0.08513518484189679
4607,0.6380705956492404,0.9243270727735304,0.08514200413011191
4608,0.6380784430186525,0.9243176841896994,0.08514206238346672
4609,0.6380973868313186,0.9243298897329852,0.08514141140029009
4610,0.6380713074517756,0.9242782659726079,0.08520057371072884
4611,0.6380804897469321,0.9242770899977194,0.08520082273473702
4612,0.6380904759149014,0.924263381819854,0.08520929709664932
4613,0.6380819792139408,0.9242578977800968,0.0852144255496062
4614,0.6381346898200746,0.9242664677931722,0.08520951287074818
4615,0.6381466101113172,0.9242782390712215,0.08521115760687988
4616,0.6381720773478443,0.9242773052088101,0.08520998966714
4617,0.6381720773478443,0.9242773052088101,0.08520358300284096
4618,0.6382284853579987,0.9243050213228459,0.08520082952362962
4619,0.6382281696197966,0.9243137604303496,0.08519898112844503
4620,0.6382020175328164,0.924291063346393,0.08521794432670657
4621,0.6382114315998062,0.9243021889911702,0.08521986057096104
4622,0.6381956130015097,0.9243041105187656,0.08522643538743539
4623,0.6382147343691018,0.9243232412475052,0.08522408528316723
4624,0.6382450019987894,0.9243236447683002,0.08522283115421868
4625,0.6382454143147984,0.9243226186725643,0.08522502535552658
4626,0.638246568968828,0.9243226609461714,0.08521733043763971
4627,0.6382499183354298,0.9243033226924515,0.08522478954722505
4628,0.6382210209023995,0.9242988071026024,0.08521725143773445
4629,0.6382465309958151,0.9243106398695348,0.08521759936833836
4630,0.6382493396772598,0.9243148018983063,0.08522340629916975
4631,0.6382688304070583,0.9243186103660004,0.08522462530321948
4632,0.6382821529686098,0.9243262119291676,0.08522602997756759
4633,0.6383046820440834,0.924331254017578,0.08522415743503807
4634,0.6382962501759099,0.9243173959605601,0.08523366372643829
4635,0.6382759835371046,0.9243066469351915,0.085241353705267
4636,0.6382857103455648,0.9243085415614006,0.08524846340814984
4637,0.6382916445375157,0.9242953867834827,0.08525294848265344
4638,0.638250055446862,0.9243037377424121,0.085265556222688
4639,0.6382583221457693,0.9243118004722023,0.08526364742559847
4640,0.6382649906645101,0.924306293374114,0.08526870113824109
4641,0.6382633068910771,0.924294103203049,0.0852729253268181
4642,0.6382667565364434,0.9242780392323515,0.0852820390934278
4643,0.6382683093947854,0.9242762906422398,0.08528755986848804
4644,0.6382773819427884,0.9242684200652092,0.08529159358459233
4645,0.6383076606463937,0.9242832350429695,0.08528899056035172
4646,0.6382982054022994,0.9242909749561237,0.08529470134292565
4647,0.6382705717691459,0.9243294055080312,0.08530864438438682
4648,0.638295867334389,0.9243214695990623,0.08530474234092877
4649,0.6382941987640847,0.9243235563780309,0.0853599379706774
4650,0.6382873712349686,0.9243192713714932,0.08536691776524433
4651,0.6383018679049685,0.924339697209832,0.08537127348046071
4652,0.6383431898003377,0.9243544583848197,0.08537090324525469
4653,0.6383612877394969,0.9243525214850036,0.08537457634831906
4654,0.6384041433696602,0.9243748381064962,0.08536797499170495
4655,0.6384412098604163,0.9243759525925016,0.08536170900989538
4656,0.6384531504685703,0.9243784890089275,0.0853607325735035
4657,0.6384582017726654,0.9243693079500768,0.085367373618031
4658,0.6385051978680147,0.924374430742646,0.08536871497348161
4659,0.6385390376384475,0.9243673825794262,0.08537012729143713
4660,0.6385539483404528,0.924368808352902,0.08537001774222287
4661,0.6384463808073004,0.9243471834813436,0.0854503877387537
4662,0.6384206664534984,0.9243528097141429,0.08545685902359579
4663,0.6384210911403821,0.9243565528498987,0.08545822894347097
4664,0.6384336191810066,0.9243551193903126,0.08546162190306882
4665,0.6384422615090154,0.924355814983302,0.08546206403535023
4666,0.6384557466177438,0.9243616794855232,0.08546688657008963
4667,0.6384406884676412,0.924349043520056,0.08547209702159235
4668,0.6384477020844068,0.9243507882671126,0.0854756908538622
4669,0.638434009126217,0.9243533861724215,0.08548168020553516
4670,0.6384183366851159,0.9243442320149571,0.08548613234680451
4671,0.6384186189623292,0.9243379947363826,0.08549742133939633
4672,0.6384047473901993,0.9243353007546938,0.08550003534594487
4673,0.6384147324479731,0.9243510572809759,0.08550377111071286
4674,0.6384143232455028,0.9243502848268825,0.08551741688679426
4675,0.6384116013436864,0.9243560609388343,0.08551506456229845
4676,0.6383883558583971,0.9243582284219618,0.0855194900441362
4677,0.6384069654337838,0.9243579747803192,0.08552147375100755
4678,0.6384630933154187,0.9243572868734401,0.08551956076110034
4679,0.6384782142254188,0.9243669214128033,0.08551749564992857
4680,0.6384400407500187,0.9243598886218043,0.08552302172526255
4681,0.6384369077482676,0.9243612106327899,0.08552073766869184
4682,0.6384390808235886,0.9243524061933478,0.085528076404704
4683,0.6385500801385235,0.9243936613908206,0.08554872457843357
4684,0.6385130327697037,0.9244170348524907,0.08555800997517675
4685,0.6384828172606714,0.9244147443915971,0.08556677957420859
4686,0.6384838335728817,0.9244278338375768,0.08557504831370168
4687,0.6385091927551116,0.9244498122702127,0.08557569743132633
4688,0.6385266339093342,0.9244708760557132,0.0855769574394577
4689,0.6385493464092632,0.9244650000243265,0.08557778368415411
4690,0.6385814474804504,0.9244811792866796,0.08557997116377211
4691,0.6385947298359347,0.9245024429110501,0.08557444770107978
4692,0.6385917870670353,0.9245001601362668,0.0855719453205882
4693,0.6386219590185744,0.9245069239134025,0.08556814428778979
4694,0.6386139429986102,0.9245037610789805,0.08557842995700422
4695,0.6386315063767476,0.9244957636811285,0.08560703360775135
4696,0.6386165728539679,0.9244709375445963,0.08561951887478118
4697,0.6386155332053709,0.924464242942454,0.08561422725761375
4698,0.6385938148100351,0.9244708683696028,0.08562023536860007
4699,0.6385893629862806,0.9244645772882556,0.08562032452947348
4700,0.6386316505178294,0.9244734393735254,0.08561696863249935
4701,0.6386191928419713,0.924480664317284,0.085621235613033
4702,0.6386333511009352,0.9244708491543269,0.0856237778589714
4703,0.6386766318595447,0.9244782009189068,0.0856200433386943
4704,0.6387254148748551,0.9244709337015411,0.08562048112608886
4705,0.6387652187837435,0.9244762448038147,0.08561975913453478
4706,0.6387573344332543,0.9244671290769022,0.08562646633571001
4707,0.6387249209343306,0.9244587742749175,0.08563963405240038
4708,0.6387351827047455,0.924454915847506,0.08564028828579454
4709,0.6387415381888621,0.9244715409042612,0.0856472499030299
4710,0.6387485662311443,0.9244740850067975,0.08564660502132139
4711,0.6387604005764058,0.9244692927169746,0.08564600248661731
4712,0.6387314097749168,0.924467609458801,0.08565331477476527
4713,0.6387058685148641,0.9244537245003969,0.08566460476225274
4714,0.6387092188636408,0.9244457194164345,0.08566367772857839
4715,0.6387383141269601,0.9244609110136036,0.08567065700827145
4716,0.6387537267172516,0.9244411577099231,0.08567883783474016
4717,0.6387788679266178,0.9244397972683855,0.0856861997655003
4718,0.638799348899286,0.9243952293573384,0.08574741931882869
4719,0.6388134332820592,0.9243970279071677,0.08575194449312269
4720,0.6388282013827434,0.9244014282053611,0.08575325509689369
4721,0.638836304329008,0.9244100328059331,0.08576498143465414
4722,0.6388652995844593,0.924394414629638,0.08577773709187198
4723,0.6388525186496629,0.9243727128969758,0.08578603981820214
4724,0.6388654641748093,0.9243827740154652,0.08579012712125879
4725,0.638861148402355,0.924395221671228,0.08579615353780161
4726,0.6388715389417583,0.9243888421996114,0.08579576081062588
4727,0.6388790897514579,0.9243772284868249,0.08580296291610734
4728,0.6389067194068765,0.92439123257994,0.08580024113254484
4729,0.6388490343231766,0.9243810484836845,0.08584755582399779
4730,0.6388368673530018,0.9243809216628632,0.0858505316357705
4731,0.6388368673530018,0.9243809216628632,0.08584831481050624
4732,0.6388823897699607,0.9244032459704663,0.08584396679701133
4733,0.6388587687113539,0.9244211622937656,0.0858500290308971
4734,0.6388726270738755,0.9244194867217025,0.08585380678393097
4735,0.6388976484985419,0.9244269191904414,0.0858592159464092
4736,0.6388557439160694,0.924418087849613,0.08587349608459949
4737,0.638807445125153,0.9244173999427339,0.08588469125894833
4738,0.6388394043561478,0.9244008786484689,0.08588793772517601
4739,0.6388046773566278,0.9243978887515304,0.08589370260489611
4740,0.638789459895152,0.9243956136628575,0.08590052701841246
4741,0.6387943822905319,0.9243967627363595,0.08589844828007165
4742,0.6387784300257093,0.9244027233149604,0.08590348722129129
4743,0.6387442325568599,0.9243975774640599,0.08591163172314249
4744,0.6387675242772467,0.9244045180217345,0.08591136551910188
4745,0.6388010390043203,0.9244212929576421,0.08591028771926094
4746,0.6388197080104078,0.9244246517878788,0.08591049946702128
4747,0.6388162069382253,0.924413714452806,0.08591894683443392
4748,0.638844656755262,0.9244206742257564,0.08592429139449359
4749,0.6388146863310425,0.9244327683204417,0.08593242658750493
4750,0.6387943025122161,0.9244107822016954,0.0859278436107216
4751,0.6388168503694333,0.9244007249262612,0.08592839078196524
4752,0.638813214389063,0.9243971124543818,0.08592900034723855
4753,0.6388325791064391,0.9243977926751507,0.08592642347514508
4754,0.6388349338833861,0.9244006711234886,0.08592908844095706
4755,0.6388480726514277,0.9244137874708546,0.08593829426327078
4756,0.6388441018209312,0.9244054941577529,0.085950666031779
4757,0.6388294803658315,0.9243952332003936,0.085957320104935
4758,0.6388001479216957,0.9243982154112216,0.08596278250788539
4759,0.6387639709128335,0.9243876162650055,0.08597182973288899
4760,0.6387724812836555,0.9243910673285668,0.08597145408242492
4761,0.6387690707367918,0.9244006134776607,0.08597718790763552
4762,0.6387619811971701,0.9243987111653412,0.08598291152152926
4763,0.6387236124492203,0.9243832659265296,0.0859951960945148
4764,0.638714049879446,0.9243933232019638,0.08600559078044587
4765,0.6387047403665135,0.9243767481049261,0.08600939515981353
4766,0.6386926042444295,0.9243723900803398,0.08601618858408863
4767,0.6387140463889194,0.9243766289702151,0.08602076421092672
4768,0.6386986992763409,0.9243575981609106,0.08603297423251619
4769,0.6386965709405886,0.9243561916027108,0.08603646294733316
4770,0.6386984918677556,0.9243625057423891,0.08603757533883652
4771,0.6386928797494364,0.9243398086584326,0.08604642986607798
4772,0.6387139052676846,0.924341691755476,0.08604410959925171
4773,0.6387384802760819,0.9243250628556656,0.08605429141917677
4774,0.6387368011540805,0.9243151554593839,0.08605881192412539
4775,0.6387704824555371,0.9243443549927232,0.08606383483667547
4776,0.6387564484617357,0.9243402544528346,0.08607472010761918
4777,0.6388147667544695,0.9243600577162326,0.08607153953371509
4778,0.6388285242284506,0.9243662719364761,0.08607268941873586
4779,0.6388487101919844,0.9243805988462273,0.08607318911455536
4780,0.6388983032635487,0.9243902218564248,0.08607049222506821
4781,0.6389010923726215,0.9243894839898282,0.0860702443776398
4782,0.6388805902452473,0.9243890727829228,0.08607471761692817
4783,0.6389023042554858,0.9243931733228113,0.08608696881141312
4784,0.6389188051787834,0.9243961939641913,0.0860911129039166
4785,0.6389261431414939,0.9244079114394679,0.08609308923530946
4786,0.6389160237828826,0.9244041145009394,0.08609843708642721
4787,0.6389069042672589,0.9243992222916816,0.08610313288292977
4788,0.6388969204358009,0.9244437171846801,0.08611380092922646
4789,0.6388905510388766,0.9244388710920846,0.08611802520251423
4790,0.6388752958208702,0.924414944230467,0.08612925608127385
4791,0.6388883163366126,0.9244189602231413,0.08613262159276713
4792,0.6388899002499034,0.9244198249105592,0.08613616199543368
4793,0.6388899002499034,0.9244198249105592,0.08613214152948541
4794,0.6388661027743702,0.9244148212527009,0.08613737957704994
4795,0.6389100065438696,0.9244067354645795,0.08616815581894298
4796,0.638903717485385,0.9244090681990803,0.08617370735499036
4797,0.6389164022789583,0.9244109320808478,0.08617298430758884
4798,0.6388462826957665,0.9243602344967714,0.08620486833012121
4799,0.6388312206199367,0.9243574982414756,0.08621474891648927
4800,0.6388750387599109,0.9243584321038869,0.0862067349151692
4801,0.6389143790364258,0.9243670059600175,0.0862071848346529
4802,0.6388692124152681,0.9243557880819157,0.08621346527443861
4803,0.6388632903894526,0.924349408610299,0.08622893339885106
4804,0.6388036551040371,0.9243399623806402,0.08624408625896084
4805,0.6388038440084116,0.9243456116717705,0.08624536540726638
4806,0.6388154758712251,0.9243417417151935,0.08624770409869224
4807,0.638816846140145,0.9243173575300082,0.08625417006487311
4808,0.6388356737950548,0.924308971983582,0.0862609839780012
4809,0.6388481868135097,0.9242928849545534,0.08626764591131962
4810,0.6388429780004041,0.9242924430032066,0.0862704844594452
4811,0.6388787887162286,0.9242702455164247,0.08627767120336642
4812,0.63886571094181,0.9242626324240918,0.08628510778938785
4813,0.6388911150797697,0.9242659758821078,0.08628394705969886
4814,0.6389178958913874,0.9242714483926995,0.08629004169754609
4815,0.6389190995800131,0.9242561799344265,0.08632577187947486
4816,0.6389118932496108,0.924245288716016,0.08633396120836191
4817,0.6389428549641267,0.9242418952982825,0.0863335397427432
4818,0.6389193333766098,0.9242422450163049,0.08633901502465013
4819,0.6389166371631314,0.9242435055384075,0.08634062108538283
4820,0.6389224300332681,0.924248332415727,0.08634214416129257
4821,0.6389264674639608,0.9242500963780595,0.08634180537329414
4822,0.6389453453484292,0.9242500810058388,0.08634068357818662
4823,0.6389500271256884,0.9242513030973895,0.08633772349756035
4824,0.6389571373510665,0.9242526097361543,0.08634137212237039
4825,0.6389550508585624,0.9242560300552741,0.08634496570188868
4826,0.6389395917976511,0.9242515836404184,0.08634939318092648
4827,0.6389467077446531,0.9242841958067671,0.08635120834623781
4828,0.6389438645526635,0.9243125306526886,0.08635831684126925
4829,0.6389143306475512,0.9242967779694616,0.08637481699824467
4830,0.6389078900225272,0.9242827047013531,0.08638193317584265
4831,0.638928245280363,0.924275449013153,0.08638483980630673
4832,0.6388887492704389,0.9242739617507941,0.08639274412781572
4833,0.6388988856870763,0.9242729894578309,0.08639858547479277
4834,0.6388962589801407,0.9242813557889812,0.08638906493149255
4835,0.638910726058955,0.9242837154248683,0.0863873308342527
4836,0.6388959379786007,0.9242722977078965,0.08639198633652101
4837,0.6388770129025115,0.924257075366286,0.08640662078989803
4838,0.6388528948417362,0.9242400583179013,0.08641612858206894
4839,0.6389241073415355,0.9242456960798662,0.08641320147542708
4840,0.6389383526446483,0.9242384634499972,0.08641676187401391
4841,0.63889042934814,0.9242363151821456,0.08643474310463987
4842,0.6389210571311539,0.9242406001886833,0.08643690878964212
4843,0.6388828489775682,0.9242378562472771,0.08644258105332378
4844,0.6389035152497978,0.9242327411408181,0.08644256480688979
4845,0.6388543761921984,0.9242098826485435,0.08643855452777614
4846,0.6388403734008108,0.92420104746466,0.08644779656323344
4847,0.6388366418527526,0.9241919509530235,0.08645772984659437
4848,0.6388470553329118,0.924200444104995,0.08646156051916065
4849,0.6388044390539054,0.9241811096943304,0.08647688578903344
4850,0.6388014666206575,0.9241995871036875,0.08648739888370034
4851,0.6387525723429179,0.9241984649315719,0.08650225116415308
4852,0.638756031362122,0.9241853255258746,0.08651028021505625
4853,0.6387597481607343,0.9241852640369916,0.08651061584102351
4854,0.6387655144872872,0.9241791612653487,0.08651519692726707
4855,0.6387606301172074,0.9241733736242314,0.08651608976970547
4856,0.6387939135922637,0.9241760368614786,0.08652122889311441
4857,0.6388137404520089,0.9241764634406048,0.08652884044395466
4858,0.6387859116578462,0.9241898680171101,0.08653991796286216
4859,0.6387875913659862,0.9242038298366181,0.08654392903616218
4860,0.6387852614145517,0.9241998292161645,0.08655796926942619
4861,0.6387438446672896,0.9241792611847837,0.08656867708187549
4862,0.6387685755034898,0.9241718978910382,0.08656626987724846
4863,0.6387476730060477,0.9241569906799532,0.08657539446005913
4864,0.6387440152805186,0.924174534226899,0.0865815904657808
4865,0.638747295814544,0.924166375420729,0.08658934088061755
4866,0.6387366426121076,0.9241634316404529,0.08659326648976988
4867,0.6387386213787793,0.9241554457717666,0.08659987156652525
4868,0.6387430906478168,0.9241565910022134,0.08660670419001311
4869,0.638722229161082,0.924145603707423,0.08661030139162587
4870,0.6387598343138223,0.9241623901724962,0.08660510442710613
4871,0.6387830498622743,0.9241694037482193,0.0866046637039489
4872,0.6387939730084927,0.9241897373532336,0.08661059976264192
4873,0.6387900137442515,0.9241818552470374,0.08661275834284421
4874,0.6387498586721368,0.9241649112167014,0.08662989558715917
4875,0.6387217156151327,0.9241594271769441,0.08664526223848512
4876,0.6386673897829108,0.9241447428630603,0.08665580167750138
4877,0.6387172341827868,0.9241474137864178,0.0866515518730091
4878,0.6387149300144149,0.9241643078570364,0.08665818173846654
4879,0.6387134875318243,0.9241684468274769,0.08665884975642342
4880,0.6387084565373724,0.9241675398664518,0.08664186706772097
4881,0.6387063569610696,0.9241536933385995,0.08664062547833547
4882,0.638733816905288,0.9241556955703539,0.08664492698798851
4883,0.6388322903684973,0.9241280255729805,0.08664394022484974
4884,0.638881360375448,0.9241538086302553,0.08665721779317333
4885,0.6389025647134481,0.9241503114500317,0.08665959775579465
4886,0.6389060082702743,0.9241489164209974,0.08665763694213643
4887,0.6389086817485299,0.924160672326826,0.08665805528672603
4888,0.6389010901608846,0.9241667712554137,0.08666783294492326
4889,0.6389380897727908,0.9241835654065973,0.086665182223771
4890,0.6389232015464436,0.9241846376189955,0.08666944404470311
4891,0.6389354653267634,0.9241704298439553,0.08667555866261042
4892,0.6389819566573048,0.9242145788619867,0.08667285173949822
4893,0.6390309049851683,0.9242059166155867,0.08667101474019269
4894,0.6390542753202686,0.9242222765015338,0.0866654055437244
4895,0.6390246472172011,0.9242211812308043,0.08665945806649893
4896,0.6390246472172011,0.9242211812308043,0.08665802620115423
4897,0.6390481634946783,0.924233644258788,0.08665825191359168
4898,0.6390326093736886,0.9242381636916923,0.08667014504487235
4899,0.6390350187137125,0.924239224374925,0.08666925777211101
4900,0.6390358578775207,0.9242415571094258,0.08667464998950924
4901,0.6389940299796067,0.9242209698627689,0.08668505966478605
4902,0.6389874498211836,0.924214505843938,0.0866896028193219
4903,0.6389959131282875,0.9242343821253846,0.08669105385951036
4904,0.6389810778765488,0.9242372029278946,0.08669874970027276
4905,0.6389732543317039,0.9242409960233678,0.08670575031371132
4906,0.6389648265093388,0.9242408461442154,0.08671781277487306
4907,0.6389748200060482,0.9242498350503067,0.0867185630589257
4908,0.6389917977036363,0.9242482786129543,0.08671899838379514
4909,0.6390105021189517,0.924260561017344,0.08671888784637626
4910,0.6389656938570801,0.9242336596310088,0.08673581425378775
4911,0.6390097842506781,0.9242432595828752,0.08673257291351848
4912,0.6390044036578794,0.9242339709184793,0.08673968789457855
4913,0.639029645623348,0.9242432595828752,0.08674015876168602
4914,0.6390571530279168,0.9242240481499767,0.08674149805659842
4915,0.6391071191224449,0.9242314959909363,0.08675439254661932
4916,0.63913219534258,0.9242328718046946,0.08675730719547638
4917,0.6391323680977866,0.9242309502770992,0.08676488625098776
4918,0.6391480800666833,0.9242255776859426,0.08676653447431533
4919,0.6391734933519045,0.9242195056587412,0.08677494526249539
4920,0.6391834611616936,0.924228306255128,0.0867830508949502
4921,0.6391909328574453,0.9242318572381243,0.08678292951331193
4922,0.6391606967179932,0.924220508696146,0.08679226818534708
4923,0.6391581961793441,0.9242117580594766,0.0867970479129977
4924,0.6391787140074642,0.9242249781693328,0.08678522712582486
4925,0.6391912058105355,0.9242213580113432,0.08676901541317211
4926,0.6392152136651068,0.9242219267835113,0.08676491169814855
4927,0.6392355519992603,0.9242393089221391,0.08676270928173346
4928,0.6391965706494782,0.9242207354364023,0.08677320967187363
4929,0.6392196586941539,0.9242347818031245,0.08676816599011704
4930,0.639234025895685,0.9242386248583152,0.08676475606590094
4931,0.6392478416547718,0.9242392973929736,0.08677232862770147
4932,0.6392626434635035,0.9242467375478228,0.08677842775731297
4933,0.63926783732192,0.9242747611062738,0.08678797309552272
4934,0.6392740628436249,0.9242959209681542,0.08678832336485226
4935,0.6392987920999307,0.924307442447616,0.0867896608658992
4936,0.6393178712639573,0.9243027154897314,0.08679084516406341
4937,0.6393478965590574,0.9243173767452841,0.08679507615593386
4938,0.6393671596826084,0.9243148672302446,0.08679329319981129
4939,0.6393559946658341,0.9242994719511504,0.08680099216871352
4940,0.6393574692974502,0.9242873586411892,0.08680366926121239
4941,0.6393583556454671,0.9242825586652559,0.08681269268772848
4942,0.6393679715976924,0.9242805026307288,0.0868165274019269
4943,0.6393435721772209,0.9242721708870753,0.08683096273528507
4944,0.6393822036907372,0.924290217874251,0.0868346015921381
4945,0.6393815536459023,0.9242949602043564,0.0868364712147321
4946,0.6393885039471153,0.9243004019705066,0.08683749537536795
4947,0.6393847118067275,0.9242909480547373,0.08684619470282787
4948,0.6394114296353252,0.9242790730141979,0.08684950601340459
4949,0.6393915490415448,0.9243042796131941,0.08685495792962776
4950,0.6393777424618698,0.9243029499160981,0.08685282373475982
4951,0.6394422597974672,0.9243066046615844,0.08685085992226421
4952,0.6394332524493684,0.9243272610832347,0.08685422072160964
4953,0.6394401535703443,0.9243164736273143,0.08685523376789407
4954,0.6394473720063116,0.9243031997146854,0.0868682099521849
4955,0.6394378470513533,0.9243105591653757,0.08687298735982561
4956,0.6394453089125754,0.9243060704769129,0.08687579128826038
4957,0.6394360868542296,0.9243278144831822,0.0868798899119093
4958,0.6394573070855083,0.9243227301211648,0.08688662317264287
4959,0.6394536534248312,0.9243359617601866,0.08690035130695717
4960,0.6394349773576318,0.9243412959207914,0.08689684727183847
4961,0.6393978489394851,0.9243284524303439,0.08690770766516621
4962,0.6393879785427218,0.9243314538564479,0.08691521262575444
4963,0.639397647175016,0.9243200707269729,0.08691943895914914
4964,0.6394349116073431,0.9243176188577611,0.08692793396805489
4965,0.6394302429200415,0.9243224418920255,0.08692469076567154
4966,0.6393958464376341,0.9243107782195216,0.08693705929808856
4967,0.6394266380128588,0.9243025002786407,0.08694113254495925
4968,0.6394018193354853,0.9242966050319781,0.08694294874435228
4969,0.6393211567041205,0.9242744344465826,0.08699222321359415
4970,0.6393446531750816,0.924275106981241,0.08699145498374435
4971,0.639317037441693,0.9242707566427651,0.08700510831665881
4972,0.6393123667069406,0.9242725167620425,0.08700449465261582
4973,0.639317445836782,0.9242670788389475,0.08700715414248349
4974,0.6393332198503373,0.9242674631444666,0.08700927302288672
4975,0.6393286544132616,0.9242715214107481,0.08701267404029496
4976,0.6393695630147687,0.9242837000526476,0.08700859416037239
4977,0.6393581175176614,0.9242858982802167,0.08701510542163604
4978,0.6393583286423719,0.9242739079480216,0.08702344735623531
4979,0.6393747739910275,0.9242859482399342,0.08702368322866359
4980,0.6393804298697855,0.9242974620332857,0.08702537411486344
4981,0.6394123678342641,0.9242965512292054,0.08702614470126906
4982,0.6394187664822031,0.9243023427133779,0.08703133193167566
4983,0.6394584726496605,0.9243031382258023,0.08702965970961456
4984,0.6394740323231073,0.9243169847536546,0.08702892379406663
4985,0.6394894060748113,0.9243324107771903,0.08704610558615399
4986,0.6394941397853237,0.9243183144507506,0.08705236378763395
4987,0.6394931950461581,0.9243351393463758,0.08705707778014699
4988,0.6394699517052005,0.9243298551454885,0.08706258559145386
4989,0.6394789959453461,0.9243343438339513,0.0870640544278238
4990,0.6394789959453461,0.9243343438339513,0.08706508517571022
4991,0.6394949477028515,0.9243317036550353,0.08706707415545246
4992,0.6394833392886587,0.9243374221211591,0.08706760301620982
4993,0.6394888148210793,0.9243401852778412,0.08707547918490786
4994,0.6394781213090952,0.9243486054117642,0.08707972129684324
4995,0.6394902790261342,0.9243639161436441,0.08708582602895985
4996,0.6395565319979079,0.9243739426746368,0.08709341379646661
4997,0.6395903105102883,0.9243816595294598,0.08709399861075409
4998,0.639584481939055,0.9243772438590456,0.08710124915153794
4999,0.6395855050978974,0.9243998487096777,0.08711564707017228
5000,0.6396142425099991,0.9244139219777863,0.08711838044556247
5001,0.6396241153867739,0.9244254088697514,0.08712521995213797
5002,0.6396701220744807,0.9244350818396665,0.08712490433847432
5003,0.6396094213683903,0.9244325031496335,0.08713978794196503
5004,0.63961356224377,0.9244239369796133,0.08714543511447027
5005,0.6396171916065577,0.9244091758046257,0.08715396804514723
5006,0.6396360098209627,0.924423325933838,0.08715630955345625
5007,0.6396593182644683,0.9244305086039896,0.08716213135396549
5008,0.6396621425206321,0.9244294940374191,0.08716306270559826
5009,0.6396729471611582,0.9244183683926419,0.0871677861105747
5010,0.6396851240777421,0.9244171463010913,0.08717499904902506
5011,0.6396782480626672,0.924428544802787,0.08717574761929932
5012,0.639705351144133,0.9244428909278142,0.08715806540213691
5013,0.6397221182746118,0.9244433059777747,0.08715961585481881
5014,0.6397204629721966,0.9244231991130167,0.08716614194220676
5015,0.6397342093702497,0.924414240951367,0.08716276878360915
5016,0.6397064237940229,0.9244243789309603,0.08716885123066695
5017,0.6397134190161436,0.9244301819442983,0.08717317978716298
5018,0.6397388313783097,0.9244472182079589,0.0871775968129103
5019,0.6397537216846324,0.9244386750962699,0.087169748061485
5020,0.6397160921860775,0.9244342671119661,0.08717822340154986
5021,0.6397473664105235,0.9244280106181155,0.08717772462197253
5022,0.6397387913401145,0.9244210969618274,0.08718743452617403
5023,0.6397506956341886,0.9244216042451125,0.0871861187467228
5024,0.6397514548347266,0.9244072734923062,0.08719672539989785
5025,0.6397014009508912,0.9243938996602424,0.08720649601364638
5026,0.6397341299080851,0.9243938881310768,0.08720960908400323
5027,0.6397515297218536,0.9243816556864046,0.08722048575049934
5028,0.6397302689899531,0.9243718674248338,0.08723456341344357
5029,0.6397103081735285,0.9243719827164896,0.08724291549025716
5030,0.6396990038441488,0.924367198112777,0.08725039466430314
5031,0.6397147277700889,0.9243617755619029,0.08725081432029198
5032,0.6397230997458941,0.9243627286395902,0.08724824726844058
5033,0.6397882283954083,0.9243782814839472,0.08723159969051257
5034,0.6397961942331576,0.9243555613416594,0.08723679667692925
5035,0.6397821946846107,0.9243527828127566,0.08724356551621001
5036,0.6397769959715597,0.9243453695592936,0.08725628628807314
5037,0.639760349817162,0.9243348434311262,0.08726015000688805
5038,0.639766899571534,0.9243330602535176,0.08726544281156123
5039,0.6397712674750861,0.9243304930926501,0.08725883872531312
5040,0.6397583675518559,0.924345880685634,0.08726351724876823
5041,0.6397208746861024,0.9243421875095956,0.08728055905418831
5042,0.639662730620298,0.9243307236759616,0.08730344537566599
5043,0.6396745356971141,0.9243378333280645,0.08730010605427
5044,0.639718582780242,0.9243548426903387,0.08730717269856687
5045,0.6397022900216387,0.9243451697204237,0.08731968552054045
5046,0.6396921143419877,0.9242673632250317,0.08738056285444414
5047,0.6397202596860234,0.9242514760348731,0.08738608403675656
5048,0.6396983037436814,0.9242247168415799,0.08740646237533234
5049,0.6397173628872138,0.9242294092119677,0.08740917318491707
5050,0.6397152719606968,0.924228586798157,0.08741613960592884
5051,0.6397159304802464,0.9242304045632622,0.08742241124953759
5052,0.6397014817421444,0.924244220346673,0.08741395625879296
5053,0.639733028500764,0.9242479711685391,0.08741363184978018
5054,0.6397244229788724,0.9242461649325995,0.0874148689321552
5055,0.6396663034777447,0.9242258928164683,0.08743228086817245
5056,0.6396883186125317,0.9242327065533215,0.08742744601717091
5057,0.6397263831641846,0.9242304891104763,0.08742979748671796
5058,0.6397263831641846,0.9242304891104763,0.08742442537839676
5059,0.6397293544886782,0.9242294707008508,0.08742383299564592
5060,0.6397487949381474,0.9242251856943131,0.08742875204529331
5061,0.6397139248110646,0.9242047252684775,0.08743965498052204
5062,0.6396989245959788,0.9241962205873404,0.08744612367745887
5063,0.639726630501199,0.9241964819150934,0.08745051720551532
5064,0.6397166794963506,0.9241832080024646,0.08746184452484518
5065,0.6397284527828314,0.9241678780553086,0.08747200292935109
5066,0.6397405433207026,0.9241687043121747,0.08747341469620726
5067,0.63975247594918,0.9241695920579237,0.08747763765103263
5068,0.6397744452389139,0.9241636430084884,0.08747991542847952
5069,0.6397709852639726,0.9241546617885076,0.08748436492773662
5070,0.6397528254812636,0.9241336018460623,0.0875000092542075
5071,0.6396797700541362,0.9241320185073237,0.0875138415660715
5072,0.6396655093896327,0.9241357039972516,0.08752181538794268
5073,0.6396434592760789,0.9241359845402806,0.0875291749998318
5074,0.6396605656949345,0.9241398468107472,0.08753280107345944
5075,0.6396523176588903,0.924135992226391,0.08753307986638299
5076,0.6396243734282074,0.924123682920615,0.08754646008801968
5077,0.6396382521307814,0.9241348662112201,0.08754494616539839
5078,0.6396828038516321,0.9241407230273307,0.08754271917807331
5079,0.6397005605287056,0.9241505381902879,0.08753810832984088
5080,0.6396955858881507,0.9241405731481783,0.0875452926942461
5081,0.6397114372064665,0.9241427790618578,0.08754237112514127
5082,0.6397188483942572,0.9241421718591377,0.08754477579595524
5083,0.6397677746943976,0.9241295205214497,0.08755214128514906
5084,0.639737532863312,0.9241220765235452,0.0875637384823293
5085,0.6397378757480633,0.9241309078643736,0.08756696120220932
5086,0.6397295120560269,0.9241226260804375,0.08757417870057609
5087,0.6397617999132734,0.924117580148972,0.08757737843573148
5088,0.6397768266617306,0.9241151974547538,0.0875809734375684
5089,0.6397970866672167,0.9241264460772971,0.08757652699124184
5090,0.6398009990545702,0.924121388616666,0.0875710996829768
5091,0.6397827956496959,0.9241416261453006,0.08757547858373516
5092,0.6397987521573862,0.9241674399470169,0.08757672183902249
5093,0.6397959803182699,0.9241777816085351,0.08758179569024681
5094,0.6398245440837816,0.924178461829304,0.08758124308972626
5095,0.6398164909034574,0.9241632202724174,0.08759031281003565
5096,0.6398165715272364,0.9241624631905448,0.0875794815287382
5097,0.6398127951844037,0.9241619482211493,0.08758021337376758
5098,0.6397811452308085,0.9241531553108728,0.08759148076518677
5099,0.6397929896921818,0.9241576632146116,0.08759131639795753
5100,0.639821210208467,0.9241502345889279,0.087589234115993
5101,0.639788917763661,0.9241404347981914,0.08759949787950148
5102,0.6397775044661261,0.924131361344886,0.08761001490940978
5103,0.6398310552220918,0.9241364995096761,0.0876061320560538
5104,0.6398387071199652,0.9241308579046561,0.08760886358564539
5105,0.6398423162286707,0.9241128109174803,0.08761857897154303
5106,0.6398514932658252,0.9241291246867651,0.08762044566978726
5107,0.6398950937305741,0.9241317533365155,0.08761744946049513
5108,0.6399122811649106,0.9241394163885659,0.08762439635099621
5109,0.6399365570244647,0.9241450157199789,0.08762483981967695
5110,0.6399154939466489,0.9241386669928037,0.08763621915113623
5111,0.6399012639810197,0.9241330791905563,0.0876436586526836
5112,0.6399086630633893,0.9241116118842608,0.08765220889677643
5113,0.6398850849077481,0.924108714220647,0.0876621914545318
5114,0.6399226473811571,0.9241312883268374,0.08765785131885327
5115,0.6399204098986724,0.9241325104183881,0.08766531745091949
5116,0.6399290396245851,0.9241332252266536,0.08766619103792737
5117,0.639929373987393,0.9241282945868439,0.08767641666664083
5118,0.6399396093218783,0.9241213117555622,0.08767741971735639
5119,0.6399120518827243,0.92411894827662,0.08768864262256013
5120,0.639908688433809,0.9241275567202473,0.0876951812655211
5121,0.6399066882841233,0.9241254507260027,0.08770010180318577
5122,0.639894174222732,0.9241248166218963,0.08769476321527155
5123,0.6398958956938581,0.9241233332025925,0.08769556220629819
5124,0.6398729150778987,0.9241091638581043,0.08770570079231392
5125,0.6398837643144325,0.9241224723582299,0.08770250740020924
5126,0.6398940923752777,0.9241343858293212,0.08770319193462306
5127,0.6399211275245963,0.9241520830984746,0.08769624905472888
5128,0.6398895341422736,0.9241498925570159,0.08770049179391629
5129,0.6398645207690602,0.9241564564952817,0.08771396996837569
5130,0.6398497378379147,0.9241544581065825,0.08772470892915935
5131,0.6399082536568826,0.9241891339935687,0.08771285046410969
5132,0.6399439329819087,0.9241983381107506,0.08771014133020313
5133,0.6399813820656884,0.9242050903587207,0.0877074903742645
5134,0.6399887797561866,0.9241962244303956,0.0877160023977149
5135,0.6399616062560963,0.9241969315525507,0.08772545151781642
5136,0.639964324527074,0.9241882308755989,0.08772952373279537
5137,0.6399823608132666,0.9241735119742183,0.08771463642188031
5138,0.6399526437749697,0.9241552382467862,0.08772682112192859
5139,0.6399829373674129,0.924171090849448,0.08772659006258986
5140,0.6399804431520318,0.9241665791026541,0.0877307099336259
5141,0.6399686796364717,0.9241697649954073,0.08773233629317241
5142,0.6399724022523242,0.9241681701275031,0.08773858357171177
5143,0.6399790445356888,0.9241601342990993,0.08774074525463851
5144,0.6399913865228296,0.9241580552062411,0.08774093392840461
5145,0.640030171850205,0.924175621811518,0.08772971419622583
5146,0.6400138336087787,0.9241755449504142,0.08773276748916094
5147,0.6400088849721624,0.9241757678476152,0.08774246634629748
5148,0.6400048989968227,0.9241848374578654,0.0877526608443901
5149,0.6400046302477346,0.924191697311381,0.08775702026218023
5150,0.6400093954213152,0.9241964550137071,0.08775055198219056
5151,0.6400239167662695,0.924191920208582,0.08775657388390036
5152,0.6399996987623483,0.924173162256196,0.08777613537668227
5153,0.6400223152222745,0.9241763788933905,0.087779482090695
5154,0.6400356283522183,0.9241737233422538,0.08778673869070483
5155,0.6400425194600935,0.9241875544978853,0.08778887176780004
5156,0.640026310621988,0.9241695997440341,0.08780265761978555
5157,0.6399905632052713,0.9241755218920831,0.08781389319208956
5158,0.6399839981462435,0.9241819359511964,0.08781438134160958
5159,0.6399861644345843,0.9241865629896461,0.08781774778894602
5160,0.6399541395542591,0.9241725896409725,0.08782647489312488
5161,0.6399624623901438,0.9241641349195528,0.08782651110956723
5162,0.6400196215685698,0.9241746495185548,0.08782053891519957
5163,0.6400745626892153,0.924172278353502,0.0878201910630435
5164,0.6400828015096547,0.9241842302551453,0.0878286882055377
5165,0.6400908314899493,0.9241893761060457,0.08783163693868748
5166,0.6400866694101273,0.9241931730445742,0.08782468497990299
5167,0.6400805406166906,0.9241902331073533,0.08782967027057949
5168,0.6400734203220233,0.9241910439919985,0.08783752427470327
5169,0.6400469811277943,0.9241759945878715,0.08784986306772843
5170,0.6400557449890898,0.9241734697006112,0.08785594955298946
5171,0.6400216499447148,0.924170203103699,0.08786433636831509
5172,0.6400507997776023,0.9241846222467748,0.08786448738959635
5173,0.6401194911770649,0.9242101824068484,0.08787005479357834
5174,0.6401227788383066,0.9241994487537006,0.08787905053723782
5175,0.6401239466963083,0.9241966779109081,0.08787809622092785
5176,0.6401091606482023,0.9241883154228131,0.08788706712495252
5177,0.6401215501636288,0.9241942106694757,0.0878917743931025
5178,0.6401686817466596,0.924205962732249,0.08789246468858641
5179,0.6402053934686202,0.9241767555127992,0.08792644869104599
5180,0.6402173197700911,0.9241829428316564,0.08792984307570503
5181,0.6402252999664126,0.9241896066893571,0.08793471156538331
5182,0.640253137632017,0.9241969699831026,0.08794091641958823
5183,0.6402579272941309,0.9241791612653487,0.08794744353356011
5184,0.640290403375653,0.9241721323174048,0.08795536180554012
5185,0.6402811504520446,0.9242047406406984,0.08796976250241673
5186,0.640307255768783,0.9242078650445684,0.08796422200503143
5187,0.6403047470670664,0.9242142445161851,0.08796608250968829
5188,0.640308319201597,0.9241973466025113,0.08797591638361694
5189,0.6403138633679866,0.9242065315044172,0.08797755288884924
5190,0.6403456877477735,0.9241913053197515,0.08798645181563085
5191,0.640341070369277,0.9241912323017029,0.08798185724322549
5192,0.6403569947609785,0.9241952944110394,0.0879818554633842
5193,0.6403664191136843,0.924203645369969,0.08798922698189993
5194,0.6403802386183554,0.924210697376244,0.08799312890989976
5195,0.6403708714613549,0.9242075191696012,0.08799474275454412
5196,0.6404249512942506,0.9242231335028412,0.08799411021624327
5197,0.6404484098822403,0.9242296935980518,0.08799228431384903
5198,0.6404227087574869,0.9241960053762498,0.08800669609630135
5199,0.640425581467963,0.9242006746883065,0.08801014935346985
5200,0.6404147962962036,0.9242038605810596,0.08801312121670996
5201,0.6404154770583151,0.9242082339778668,0.08801786086759807
5202,0.6404162373283386,0.9242023156728729,0.08802010453468072
5203,0.6403523260058446,0.9242219498418425,0.08804872251017931
5204,0.6403078480237863,0.9242129609357513,0.088066862039193
5205,0.6403160188915218,0.9242066429530178,0.08807056765049381
5206,0.6403379627572126,0.9242019813270713,0.08808018123326532
5207,0.6403187484816015,0.9241868243173991,0.08808693321048869
5208,0.6403024148912958,0.924170906382799,0.08810509964899049
5209,0.6403008141345454,0.9241611219642832,0.08810509254063603
5210,0.6403084690960849,0.9241605224476735,0.0881042347505201
5211,0.6403084690960849,0.9241605224476735,0.08810293470699081
5212,0.6403313994945877,0.9241627783210705,0.08809812240933934
5213,0.6403369756619449,0.9241695843718133,0.08810449232668197
5214,0.6403491875001178,0.9241668942331798,0.088109254350262
5215,0.6403175428488915,0.9241738194186335,0.0881229112050222
5216,0.6403463152320293,0.924192927089042,0.0881185176379794
5217,0.6403441677206174,0.9241946487777674,0.088124073270126
5218,0.6403053515364133,0.9241972658983523,0.08813655632841723
5219,0.6402593194304315,0.9241687658010577,0.08818780663127102
5220,0.6403029121814547,0.9241702107898094,0.08819253492097338
5221,0.640298167183962,0.9241706796425426,0.08819415652544065
5222,0.6403034722990532,0.9241721707479567,0.08819243631259725
5223,0.6403314346355403,0.924166536829047,0.08818273473902596
5224,0.6403322446369563,0.9241648996875358,0.08819113000679463
5225,0.6403853593955666,0.9241844493092911,0.08818736242898445
5226,0.640376752190655,0.9241889610560851,0.08819472738238736
5227,0.6403853818378236,0.9241796954500202,0.08820364348531008
5228,0.6404035994241145,0.9241668634887382,0.0881984716101653
5229,0.6404146077437326,0.9241464261212339,0.08820759360731852
5230,0.6404241609503983,0.9241410919606291,0.08821192548462073
5231,0.6404064568208434,0.9241491277890329,0.0882128831445224
5232,0.6404121994166795,0.9241316726323565,0.0882056517317211
5233,0.6404000060243911,0.924135288947291,0.08820544676057994
5234,0.640403419607815,0.9241369222457471,0.08820864050439382
5235,0.6403861902142088,0.9241301661547218,0.0882168671262856
5236,0.6403727823895851,0.9241254507260027,0.08822341518393399
5237,0.6403647465192859,0.9241253892371196,0.08822472961868613
5238,0.6403735329939768,0.9241166847171126,0.08822965325652443
5239,0.6403623436880891,0.9241242709080592,0.08823206603646007
5240,0.6403502170129864,0.9241206469070142,0.08823634457703138
5241,0.6403958701440314,0.9241288595159569,0.08823618583520829
5242,0.6403880182354346,0.9241344972779217,0.08824366567926539
5243,0.6403998435852121,0.9241642578973189,0.08825086780755562
5244,0.6403926437120646,0.9241755142059727,0.08824669341098426
5245,0.6404137983289633,0.9241855368939101,0.08824293570663659
5246,0.6403452078472492,0.9241694806093231,0.0882692257007061
5247,0.6403475862478895,0.9241824432344816,0.08829408267531523
5248,0.640345912683441,0.9241808253082463,0.08829319108641281
5249,0.6403761471484873,0.9241851487453359,0.08829336104153317
5250,0.6403482333799201,0.924149189277916,0.08831872070475312
5251,0.6403255414012557,0.9241432479145911,0.08832770395441608
5252,0.6403785898669758,0.9241806216263212,0.08833617151061257
5253,0.6404050064527872,0.9241951868054941,0.08832917565943006
5254,0.6404231629549182,0.9242005978272027,0.08833724613466913
5255,0.6403835188766951,0.9241964896012038,0.08834820698292421
5256,0.640342506578393,0.924187811982583,0.08835995097249928
5257,0.6403473845154258,0.9242265346066851,0.0883670850237622
5258,0.640337942756756,0.9242284715065012,0.08836707206644437
5259,0.6403406856060209,0.9242414187594389,0.08836977271663665
5260,0.6403306772621322,0.9242421489399251,0.08839527483069848
5261,0.6403179868514998,0.9242424371690644,0.088401320830374
5262,0.6403086038963705,0.9242328333741427,0.08840867032061737
5263,0.6403108634431491,0.92421968243928,0.08840574973204045
5264,0.640305634207021,0.9242277720704565,0.08841150517183605
5265,0.6403178100013097,0.9242324106380717,0.0884134346130908
5266,0.6403472145486696,0.9242303008007721,0.08841137497918905
5267,0.6403356666255093,0.9242299433966393,0.0884130015672232
5268,0.6403296455394544,0.9242252471831962,0.08841273160565162
5269,0.6403418959987796,0.9242251280484852,0.08841122160321592
5270,0.640371325456894,0.9242449851146559,0.08841269582072478
5271,0.6403625143537894,0.9242544659318115,0.08842014740084558
5272,0.6403549297111755,0.924239789304038,0.08843453045536133
5273,0.6403353567068095,0.9242381098889196,0.08844292993505282
5274,0.6403806672412169,0.9242492201614761,0.08844193986233502
5275,0.6403965094334383,0.9242615333103072,0.08843809200621053
5276,0.6403952855287199,0.9242460957576061,0.08844621134579829
5277,0.6403813374540086,0.9242441934452866,0.08845517062824802
5278,0.640400352078598,0.9242506420918967,0.08845947747494219
5279,0.6403922485657156,0.9242474984727507,0.08846545851507821
5280,0.6403811902234453,0.9242427177120933,0.08847154840938964
5281,0.640412184595015,0.9242630321018317,0.08847266176131822
5282,0.6403950213576588,0.9242741808049401,0.08848108146447646
5283,0.6403605436562799,0.9242607262687172,0.08849328652507205
5284,0.6403632424775747,0.9242706106066678,0.0885007587194676
5285,0.6403408099874627,0.9242724937037113,0.08850369845200129
5286,0.6403216693043478,0.9242656031057543,0.08850936293177211
5287,0.6403231533384867,0.9242652533877319,0.08849789872257613
5288,0.6403255427409684,0.924269565295656,0.08850169635266608
5289,0.6402954196443501,0.9242711102038427,0.08851477085922599
5290,0.6403001679652396,0.9242822665930615,0.0885230737798106
5291,0.6402846187586199,0.9242789923100388,0.08852505776426846
5292,0.640289343040723,0.9242722554342895,0.08852790887576571
5293,0.6403012788593898,0.9242810752459523,0.08853383396897707
5294,0.6402868206893295,0.9242722093176272,0.08853917254303949
5295,0.6402868027969988,0.9242799838182781,0.08854608355311375
5296,0.6403123883787936,0.9242762714269638,0.0885537151668458
5297,0.6403184571110089,0.9242765827144342,0.08856035292322909
5298,0.6403030017744887,0.9242749993756957,0.0885657108076768
5299,0.6403049458844776,0.9242674862027978,0.08857048539218258
5300,0.6402694077640856,0.9242580515023044,0.0885755115216017
5301,0.64027416622369,0.9242583627897749,0.08857163865286043
5302,0.6402621883318568,0.9242582667133952,0.0885786860298625
5303,0.6402354781112556,0.9242476099213511,0.08859378561307933
5304,0.6402587995141837,0.9242625248185465,0.08859391610727878
5305,0.64026347391254,0.924257336694039,0.08860184495698688
5306,0.6402473059194026,0.9242437553369949,0.08860292596879961
5307,0.6402897779903273,0.9242452425993537,0.08859912522068131
5308,0.6402259496896233,0.9242599192271271,0.0886122624518729
5309,0.6402673368346171,0.9242490203226061,0.08861614983174784
5310,0.640277975358255,0.9242487628379084,0.0886147795421241
5311,0.6402539082004791,0.9242432787981512,0.08862987984461906
5312,0.640299220925667,0.9242569523885199,0.08862796983743416
5313,0.6403015738160757,0.9242448890382762,0.08863607681688601
5314,0.6402757320660083,0.9242426639093206,0.08864156330197312
5315,0.6402788186658537,0.9242435285967386,0.08864492151849375
5316,0.640333753535967,0.9242724053134419,0.08865450079364633
5317,0.6403358353215393,0.9242675246333497,0.08865465564626428
5318,0.6403355617324702,0.9242681318360698,0.08865635026526343
5319,0.6403356392552472,0.9242562068358129,0.08865730431392362
5320,0.6403356816049037,0.9242538471999258,0.08865944550631595
5321,0.6403515159438723,0.9242583128300574,0.0886634425212721
5322,0.6403591044108251,0.9242549232553792,0.08866620633931269
5323,0.6403748872352276,0.9242579400537039,0.08866965307542966
5324,0.6403182716546286,0.9242744997785209,0.08867388546679791
5325,0.6403216683025792,0.9242644732475283,0.08866816844406301
5326,0.6403295231394135,0.9242734928980609,0.08866427937042212
5327,0.6403100997893805,0.9242663294431853,0.08866805850524173
5328,0.640310497193825,0.9242670404083956,0.08867899974224931
5329,0.6402919349806887,0.9242654340113259,0.08868681328176385
5330,0.6402919667444521,0.9242530709027772,0.08869319514068356
5331,0.6402973660474142,0.9242537895540979,0.08868566088308957
5332,0.6403319830741004,0.9242535435985657,0.08868896702884382
5333,0.6403186180322451,0.924245108092422,0.08869754347066863
5334,0.6403077769208824,0.924244120427238,0.08870636137521871
5335,0.6403123743011121,0.9242444317147084,0.0887017857315812
5336,0.6403061282482064,0.9242413764858318,0.08870636859259905
5337,0.6403360153559791,0.9242485399407073,0.08870540736889436
5338,0.640340004472465,0.9242518949278888,0.08870980648680378
5339,0.6403651248435391,0.9242640889420092,0.08870930615573829
5340,0.6403868489208647,0.9242770976838298,0.08870959847626525
5341,0.6403849771130905,0.9242673555389213,0.08871551553259555
5342,0.6403723579334442,0.9242475830199649,0.08872923334854792
5343,0.6403403687932653,0.9242269458135906,0.08874906594255864
5344,0.6403591147388089,0.9242206470461328,0.08875695226763777
5345,0.6403510110494113,0.9242145558036555,0.088776668552941
5346,0.6403288130897526,0.9241994103231488,0.08878222462925672
5347,0.6403102828584436,0.9241956210707307,0.08878706678731607
5348,0.6403292017902862,0.9241892070116173,0.08879215322480026
5349,0.6403296334554118,0.9241787000987258,0.08879842993010635
5350,0.6403684691483025,0.9241995678884116,0.08879938579578406
5351,0.6403860816071828,0.9241955557387924,0.08880425110738817
5352,0.6403828027149213,0.9241866475368603,0.0888097677292347
5353,0.6404028499078024,0.9241829774191531,0.0888158319977407
5354,0.6404113131993533,0.9241841111204344,0.0888182020454913
5355,0.64040959579352,0.9241810136179506,0.08880741934448406
5356,0.6404026359701356,0.9241749684921355,0.08881243750782139
5357,0.6403939918738051,0.9241638889640206,0.0888189243803696
5358,0.6403714583358798,0.9241515027971409,0.08881676734831875
5359,0.640363138370188,0.924155918467555,0.08881993134287845
5360,0.6403764272433378,0.9241548347259912,0.08882616857715517
5361,0.6403455673478372,0.924155937682831,0.08883492912860357
5362,0.6403447878068843,0.9241512952721606,0.08883739262498229
5363,0.6403864739061708,0.9241618137142176,0.08882945458056833
5364,0.6404031012166057,0.9241618444586591,0.08883069970685276
5365,0.6404046282056898,0.9241730777089817,0.08894794840542238
5366,0.6404180262613774,0.9241719939674179,0.08895610123760833
5367,0.6404339150533072,0.9241747801824313,0.08894454815470305
5368,0.6404227667997388,0.9241647344361625,0.08895378704095123
5369,0.6404579803507354,0.9241648689430942,0.08895310131560133
5370,0.6404407586219224,0.9241672862248093,0.08895888830144953
5371,0.6404195913085113,0.9241959054568147,0.08896653789996227
5372,0.6403764953966127,0.9241588891492174,0.08901024223349309
5373,0.6404185700642449,0.9241762905031212,0.0890040416958401
5374,0.6403987297256917,0.9241743228588635,0.08901845565201462
5375,0.6404143251179015,0.9241895490435292,0.0890250176565107
5376,0.6403553802103298,0.92415964623109,0.08904384297515208
5377,0.6403856838358758,0.9241739769838964,0.08903738412477535
5378,0.6404095888688646,0.9241787193140018,0.08903996854800887
5379,0.6405557366617968,0.924229170942546,0.08904257508592153
5380,0.6405677285008857,0.9242214694599437,0.0890441963255119
5381,0.6405739176175602,0.9242184296032878,0.08904733598906432
5382,0.6405471611438045,0.9242116581400417,0.08905833838892396
5383,0.6405981856117935,0.9241991336231751,0.08906561227608631
5384,0.6405911246099807,0.924194137651427,0.08907087878981547
5385,0.6406222988666945,0.9242051518476038,0.08907153321309251
5386,0.640639813324907,0.9242049673809546,0.08907791431413177
5387,0.6406545579891756,0.9242141791842469,0.08907972633380469
5388,0.6406628163484767,0.9242140946370326,0.08907177742230117
5389,0.6406628163484767,0.9242140946370326,0.08906480540702054
5390,0.6406761052287645,0.924218794693531,0.08907079387013765
5391,0.6406873337298635,0.9242156626035505,0.08907242695381105
5392,0.6407026960072099,0.9242141907134124,0.08907268908123257
5393,0.6407205633469845,0.9242145596467107,0.08907649915716995
5394,0.640759779400344,0.9242267997774932,0.08907426185735325
5395,0.6407652440042393,0.9242213849127294,0.08906964631622126
5396,0.6407652440042393,0.9242213849127294,0.08906853923267578
5397,0.6407767018702007,0.924223994347204,0.08907111099880613
5398,0.6407760467418682,0.9242214310293918,0.08907267727697975
5399,0.6407494338149333,0.924216500389582,0.08908479454622355
5400,0.6408252758636654,0.924282320395834,0.08924493583926617
5401,0.6408274719013554,0.9242841919637119,0.08925084709100696
5402,0.64083024229531,0.924276940118567,0.08925425732788338
5403,0.6408304328738139,0.9242750339631924,0.08925591061786152
5404,0.6408323312166275,0.9242629091240656,0.08926424261849693
5405,0.6408369273250415,0.9242604879992954,0.08927827006404465
5406,0.6408325775964466,0.9242689311915495,0.08928820227971446
5407,0.6408338696672299,0.9242661872501433,0.08929115330101646
5408,0.6408766409268797,0.9241836230524252,0.08940965891098018
5409,0.6408565568189001,0.9241929539904283,0.0894195015838768
5410,0.6408411793818058,0.9241876390450995,0.08942667924392506
5411,0.6408288411040227,0.9241916473516635,0.08942508781990305
5412,0.6408133040645885,0.9241979307469003,0.0894268476797877
5413,0.6407977477006845,0.924188576750566,0.08944557732921639
5414,0.640788651355326,0.9241752067615574,0.08945377191813339
5415,0.6408024879562195,0.9241739001227925,0.0894617155748015
5416,0.6407992516886889,0.9241783004209859,0.08946501844319574
5417,0.6408261568497564,0.9241879887631218,0.08946005281098089
5418,0.6408414939738211,0.9241792534986732,0.08947644579281525
5419,0.6408119392288075,0.9241609374976342,0.08948434103975692
5420,0.6407996667845253,0.924159242710295,0.08949678071028712
5421,0.6408226439344694,0.924167482220624,0.08949474492399959
5422,0.6408217377792064,0.9241703606689619,0.08949556697578531
5423,0.6408295722373596,0.9241755180490279,0.08949542860447063
5424,0.6408264979666779,0.9241809751873987,0.0894956111123113
5425,0.6408527466051755,0.92417959168753,0.08949218153926532
5426,0.6408650547904449,0.9241866436938051,0.0894964727440447
5427,0.6408893562232961,0.9241904137309472,0.08950972190861088
5428,0.6408787372764932,0.9241916242933322,0.08951745632866355
5429,0.6408687705519484,0.924181063577668,0.0895292481183974
5430,0.6408908961632072,0.9241697150356898,0.0895425150050641
5431,0.6409054043947261,0.9241648458847631,0.08954505294263505
5432,0.6408908138778304,0.9241711215938896,0.08954379555091865
5433,0.6409422879796302,0.9241602419046446,0.08954796882748955
5434,0.6409287824439095,0.9241531553108728,0.08955369599782521
5435,0.640932078433556,0.9241546963760043,0.08955409641484191
5436,0.6409953819150929,0.9241880771533912,0.0895984447827376
5437,0.6410151867263008,0.9242057283058823,0.0895958615378793
5438,0.6410077237304189,0.9241951061013352,0.08960534636200733
5439,0.6410450460347843,0.9242111162692598,0.08960755928459505
5440,0.641046566989084,0.9242074077210007,0.08960948673584515
5441,0.6410632259882412,0.9242009629174458,0.08961123885117721
5442,0.6410054532708483,0.9241883845978065,0.08962802718158197
5443,0.6410210172779113,0.9241943836069593,0.0896292522805934
5444,0.6410274270457134,0.9241709947730683,0.08966526712819346
5445,0.6410477955674532,0.9241687581149473,0.08966465750414998
5446,0.6410089125361484,0.9241692077524046,0.08967945091877498
5447,0.6410062616474127,0.9241793111445011,0.08968347110392423
5448,0.6409706250403616,0.9241575786673975,0.08970685685031718
5449,0.6409734494970456,0.9241552267176206,0.08971316260015783
5450,0.6409634141914118,0.9241390781997091,0.08972191339351132
5451,0.6409706767799389,0.9241338900752016,0.08972068748237325
5452,0.6409547408768451,0.9241251663399186,0.08972716176975136
5453,0.6409611740796731,0.9241265344675665,0.08972724773861447
5454,0.6410208669423667,0.9241245130205361,0.08973377850827322
5455,0.6410343032927667,0.924138513270596,0.08973861174787073
5456,0.6410364593884115,0.924125416138506,0.08974784826820159
5457,0.6410293829202606,0.9241260156551158,0.08974805152695889
5458,0.6410822744649608,0.9241267150911605,0.08973912914299491
5459,0.6411211627207472,0.9241226222373823,0.08973612670600539
5460,0.6411332771274081,0.9241321837586969,0.08973621800297113
5461,0.6411319501200233,0.9241397661065882,0.08974538247503776
5462,0.6411417090487603,0.9241491393181985,0.08975460933552287
5463,0.6411372371377972,0.9241519601207085,0.08976072045486708
5464,0.6411413576569341,0.9241467643100906,0.08976566835060441
5465,0.6411342562657961,0.9241529708442237,0.08976375288583227
5466,0.6411086446993968,0.9241320492517652,0.08977600961065356
5467,0.6411175627904937,0.9241341821473961,0.08977548358004205
5468,0.6411134730806082,0.9241141290854108,0.08978327580823647
5469,0.641135101932786,0.9241156547783215,0.08978628601379224
5470,0.6411389994443649,0.9241133643174277,0.08979270975124569
5471,0.6411583949883333,0.9241249549718831,0.08981072508951099
5472,0.6411145569573411,0.9241065467375194,0.08981858959062379
5473,0.6410931768891455,0.9240867473171767,0.0898257365116196
5474,0.6410559104393381,0.9240787729776558,0.08983618223699409
5475,0.6410666136386022,0.9240685312355724,0.08983893027848906
5476,0.6410628704669152,0.9240863361102712,0.08984974539318685
5477,0.6410475738910986,0.9240832731952842,0.08985190202203468
5478,0.6410384664055534,0.9240939146151074,0.08985928327825868
5479,0.6410192645247825,0.9240821279648374,0.08987143901847093
5480,0.6410407802219769,0.9240878195295749,0.08986859046097573
5481,0.6410323552862112,0.924078031268004,0.08987389522068857
5482,0.641045717024098,0.9240747185544296,0.0898769215515745
5483,0.6410303501092671,0.9240746493794362,0.08988477877405919
5484,0.6410294447205311,0.924076359538996,0.0898827378720519
5485,0.6410375250546757,0.9240737770059079,0.08989601224893283
5486,0.6410584442166448,0.9240822586287138,0.08989707594188699
5487,0.6410528299379027,0.924074768514147,0.0899123392775194
5488,0.6410705597639025,0.9240837843216245,0.0899206276603413
5489,0.641125856184691,0.9240865244199755,0.08992434755106431
5490,0.6411162113211647,0.9240882768531425,0.08993222971623775
5491,0.6411364631755399,0.9240998675075979,0.08992481177456242
5492,0.6411522510069778,0.9240955825010602,0.08992771704358714
5493,0.6411525790224044,0.9240932343943387,0.08993312008464034
5494,0.6411611125680289,0.9240969198842666,0.0899277877071882
5495,0.6412225330443897,0.9241457997032377,0.08992191093849776
5496,0.6412066746380615,0.9241640465292834,0.08993190536439008
5497,0.6412114211957209,0.9241593656880611,0.08994124179077512
5498,0.6412491276981391,0.9241436821798277,0.08995470532750648
5499,0.641244654776556,0.924137625524847,0.08994399348782227
5500,0.6412640925844192,0.9241238520150433,0.08994260545549738
5501,0.641266045270171,0.9241253584926781,0.08994669563351386
5502,0.6412728606527579,0.9241299970602934,0.08994929175555544
5503,0.6412817999432355,0.9241323144225734,0.08995203951882647
5504,0.6412889613365157,0.9241255083718306,0.08995971517139228
5505,0.641269201910103,0.9241156624644319,0.08996764301719377
5506,0.6412684687794418,0.9241087180637022,0.08997072010065336
5507,0.6412500902034621,0.9240934688207052,0.08998124407102795
5508,0.6412409682843405,0.9241018389949107,0.08998523030565647
5509,0.6412748161939845,0.9240973541495031,0.08998698526447768
5510,0.6412410080113708,0.9240809827343905,0.08999995939348857
5511,0.6412220042031889,0.9240675627856644,0.09000292375091604
5512,0.6412265465789523,0.9240825737592394,0.08999839544060097
5513,0.6412287250995902,0.9240820434176231,0.09000705978964832
5514,0.6412773144076657,0.9241186984780325,0.09000403155522345
5515,0.6413032559995521,0.9241268688133681,0.09000314083507324
5516,0.641340239030928,0.9241537087108204,0.09000692039433672
5517,0.6413239626144169,0.92414403189785,0.09000199349457437
5518,0.6413089613367552,0.9241384171942163,0.09001558076714496
5519,0.64130340468338,0.924126745835602,0.09002236389958722
5520,0.641305011087994,0.924133717137718,0.09002737415126368
5521,0.6413119858933303,0.9241293552700766,0.09002941532003289
5522,0.6412853242398705,0.9241236713914494,0.09003126559146075
5523,0.6412721923014025,0.9241187753391363,0.09003697670975669
5524,0.6412776723145422,0.9241309693532567,0.09003561090324472
5525,0.6412770652062476,0.9241285482284864,0.09003456332176345
5526,0.6412549141595348,0.9241148861672833,0.09004990999453233
5527,0.6412759235289432,0.9241037835808372,0.09005052824976903
5528,0.6412952258908817,0.9241148208353451,0.0900517095801197
5529,0.641286473261618,0.9241062508222697,0.09005774033431188
5530,0.6412763426212077,0.924098964389628,0.09005784328664426
5531,0.6412379972974551,0.9240885650822819,0.0900701908262912
5532,0.6412438935288269,0.924080590742761,0.09008457625152864
5533,0.6412329010401129,0.9240750951738382,0.0900960403603292
5534,0.6412485664592414,0.9240690961646855,0.09010142402870552
5535,0.6412662680211627,0.924072270528273,0.09010557274915026
5536,0.6412712235685313,0.9240693344341073,0.09010832831546894
5537,0.6412570049697912,0.924054661649389,0.09013633401509344
5538,0.6412394070428653,0.9240566561950331,0.09014751534853159
5539,0.6412437842090734,0.9240507071455978,0.09015243325067528
5540,0.6412680469725814,0.9240461915557486,0.0901600291012772
5541,0.641282005563516,0.9240483052361035,0.09015766644818975
5542,0.6412480207814263,0.9240453499266619,0.09016995373810847
5543,0.6412437313360958,0.9240564986297702,0.09017339946126124
5544,0.6412399861843243,0.9240563833381145,0.0901726889758206
5545,0.6412242740359225,0.9240608950849084,0.09018005913159305
5546,0.641211194029944,0.9240761020542982,0.09018698384854562
5547,0.641208313652657,0.9240798067595021,0.09019100777539149
5548,0.6412276115656282,0.9240786999596072,0.09019372635662809
5549,0.6412116734370494,0.9240949253386226,0.09020084690068626
5550,0.6412231753745263,0.9241074921290963,0.09020280401104931
5551,0.6411880198030049,0.924114901539504,0.09020236391083382
5552,0.6411911207554684,0.9241087065345366,0.09020758912953743
5553,0.6411804754018209,0.9240973579925583,0.09021624130943111
5554,0.6412019109744643,0.9240951828233204,0.09021747167437862
5555,0.6412131098388287,0.9240939991623216,0.09021887918367352
5556,0.6411818600335042,0.9240938608123347,0.09022816033907735
5557,0.6411781415411304,0.924098964389628,0.09024799155555475
5558,0.6411557786390844,0.9241006015311393,0.09025235844269063
5559,0.6411857371301533,0.9240987069049302,0.09025016645720113
5560,0.6412102347361812,0.9241087295928677,0.09025099518644857
5561,0.6412373263530203,0.9241176608531311,0.0902645913134943
5562,0.6412369657220056,0.9241299009839136,0.09026566814001732
5563,0.6412540678107032,0.9241278257341106,0.09026868982643253
5564,0.6412820483709973,0.9241292399784208,0.09027247241390347
5565,0.6412844908833518,0.9241268611272577,0.09027190688504672
5566,0.641279156488673,0.9241286020312591,0.09027532438758397
5567,0.6413289647175276,0.924143770570097,0.09027349516675036
5568,0.6413394104048727,0.9241247551330132,0.09027657468757698
5569,0.6412894715685096,0.9241119769745039,0.09028877051984846
5570,0.6412937908735317,0.9241085720276049,0.0902952005562209
5571,0.6413029382343913,0.9241101630524539,0.09028383242835328
5572,0.6412566653245513,0.9241336056891175,0.09032175156081362
5573,0.6412594385913392,0.9241364034332964,0.09032414012572675
5574,0.6412613071394023,0.9241409420814767,0.09033004218330783
5575,0.6412299714486617,0.9241360883027707,0.09033513383654115
5576,0.6411879265664172,0.9241104935552003,0.09033914895111812
5577,0.6411803962802286,0.9240917163875383,0.09035755773664274
5578,0.6411998181517691,0.9240815630357243,0.09038751344582444
5579,0.6412125441786382,0.9240842723896338,0.09039342267305572
5580,0.6412046296054781,0.9240798528761645,0.09039970932968144
5581,0.641197509779854,0.9240714750158485,0.09040328242974727
5582,0.6411651939339689,0.9240635698513212,0.09041015924762591
5583,0.6411937244984599,0.9240775124555533,0.09041629792871757
5584,0.641192249642432,0.9240738730822876,0.09042148554648505
5585,0.6411917813295198,0.9240725087976949,0.0904263707943685
5586,0.6412159279605639,0.9240696418785226,0.09042998357103489
5587,0.6412024140587392,0.9240652915400467,0.09043219811048937
5588,0.6412057947826764,0.9240634699318863,0.09043022669619427
5589,0.6412308639450043,0.9240653030692122,0.09042634562950766
5590,0.6412180086668897,0.9240672899287459,0.09043477600469445
5591,0.6412273702901513,0.9240943988400614,0.09044056192503516
5592,0.6412125209511386,0.9240906826056919,0.0904433748466966
5593,0.6412071502679845,0.9241303390922053,0.0904702801985107
5594,0.6411509781641439,0.924117457171206,0.09048517946266212
5595,0.6411655568040879,0.9241273799397085,0.0904893595180588
5596,0.6412077121762092,0.9241524481887178,0.09047998582004477
5597,0.641266954151985,0.9241548539412672,0.09047875495155852
5598,0.6412486985469928,0.9241653339527723,0.09048341645684564
5599,0.6412553145995785,0.9241707603467016,0.09048729832051171
5600,0.6412453481397208,0.9241666521207028,0.09048841552946535
5601,0.6412642246006386,0.9241781505418335,0.09048745179547915
5602,0.6412639363296101,0.924170606624494,0.09049142201653108
5603,0.6412152815529891,0.9241672631664781,0.09050366653436158
5604,0.6412340599718793,0.9241596231727589,0.09050753342297714
5605,0.6412350801688399,0.9241575018062936,0.09051474948634812
5606,0.6412119806385899,0.9241538854913591,0.09052072860029202
5607,0.6412373757128791,0.9241566332758204,0.09052004532646495
5608,0.6412682845671437,0.9241760868211961,0.09052071064545573
5609,0.6412989238714368,0.9241893338324386,0.09052028239765153
5610,0.641294337831753,0.9241858443383254,0.09052892351871225
5611,0.6413242753848941,0.9242093100333202,0.09052531721056296
5612,0.6413803956870113,0.9242208007683405,0.09052593749251996
5613,0.6414028366729486,0.9242431404481644,0.09052470407846515
5614,0.641412860816456,0.9242436016147872,0.09056885931741367
5615,0.6414568580959065,0.9242606301923375,0.09056272351412899
5616,0.6414506056632564,0.924257678725951,0.09057137060692957
5617,0.6414007608712643,0.9242613795880996,0.09058866769064575
5618,0.641418225881015,0.9242612873547751,0.09059037816599273
5619,0.6414035366316231,0.9242607762284347,0.09062805797101779
5620,0.6414102623192037,0.9242687159804588,0.09062700425406724
5621,0.6414117650725302,0.9242704453552947,0.09063013762897891
5622,0.6414389921267578,0.9242913016158149,0.09062740095834365
5623,0.6414612253779325,0.9242908058616952,0.0906262950673568
5624,0.6414692148270065,0.9242903485381275,0.09063209550741154
5625,0.6414813306901573,0.9242906252381012,0.09063553844786515
5626,0.6414515354169251,0.9242832811596318,0.09064400680446759
5627,0.6414507114286676,0.9242746381285077,0.09065701009207679
5628,0.6414387517109984,0.9242600229896173,0.09066900485827935
5629,0.6414085681055453,0.924252298448684,0.09067435226062524
5630,0.6414488404079727,0.9242631550795978,0.09067382209834776
5631,0.6414451427374604,0.9242659336085007,0.09067474989549475
5632,0.6414753402675467,0.924252682754203,0.09067784153881855
5633,0.6414761980075704,0.9242511993348993,0.09067757509382204
5634,0.641498637991358,0.9242594234730076,0.09068820775358762
5635,0.6414831370889874,0.9242563374996894,0.09069717107823155
5636,0.6414681117399845,0.9242413226830591,0.09069965206927923
5637,0.6414334820059977,0.9242231335028412,0.09072152556045043
5638,0.6414324906005812,0.9241995717314667,0.09074596052862942
5639,0.6414670746624287,0.9242088565528076,0.09074527841103329
5640,0.6414642353984563,0.924208018766776,0.09075304058200022
5641,0.641469172411689,0.92421333755516,0.09076433595086356
5642,0.64145425313306,0.9241975541274916,0.09077912334605975
5643,0.6414629677324658,0.9242040834782607,0.09077999744703034
5644,0.6414843614572276,0.9242066698544041,0.0907865209869815
5645,0.6414818697986994,0.9241991912690029,0.09079239061180693
5646,0.641484815339455,0.924202073560396,0.09079064161425726
5647,0.6414553176777793,0.9241911131669919,0.0908052517162007
5648,0.6414588574995604,0.9241847106370441,0.09081037054488621
5649,0.6414493805151968,0.9241824893511439,0.09081426192872427
5650,0.6413954719576757,0.9241728548117807,0.09083833495663958
5651,0.6414172070081225,0.9241722668243365,0.0908347411936934
5652,0.641404262856267,0.9241773012266363,0.0908328093463943
5653,0.6414105455448748,0.9241751414296191,0.09085593280476907
5654,0.6414290527482882,0.9241748570435351,0.09085317450894624
5655,0.6414483147589313,0.9241746187741132,0.09084332450838739
5656,0.6414548946116141,0.9241759369420436,0.0908186919669154
5657,0.6414947402238662,0.9241867935729575,0.09081828623165647
5658,0.6415012850894384,0.9241918702488645,0.0908210622707582
5659,0.6414735456416905,0.9242012934201922,0.09083473560947494
5660,0.6414700679691738,0.9242017661159807,0.09083743838473612
5661,0.6414998012111728,0.9242224878695692,0.0908345020975399
5662,0.6415552685653565,0.924248997264275,0.09083728898396065
5663,0.6415655182839546,0.924247183342225,0.09084129406256816
5664,0.6415497410205703,0.9242426216357136,0.09084871132654608
5665,0.6415249056340346,0.9242355888447145,0.09085197308129067
5666,0.6414952769649443,0.9242261541442212,0.09086134222324817
5667,0.6415331948497571,0.9242218537654627,0.09085676994666302
5668,0.6415424021759243,0.9242152898271969,0.09084997056742525
5669,0.6415907088361614,0.9242175610728147,0.09085585893000697
5670,0.6415691886667109,0.9242128225857645,0.09086386626750514
5671,0.6415748283937607,0.9241989184120843,0.09086298984988089
5672,0.6415566291841251,0.9241985571648964,0.09086387445624912
5673,0.6415840017701581,0.9242058166961518,0.09086419851102759
5674,0.6416310046081973,0.924216500389582,0.09086111253400381
5675,0.6416280345251723,0.9242164927034716,0.09086804272596567
5676,0.641638378746421,0.9242186601865993,0.09087108132636393
5677,0.6416447955506295,0.924221354168288,0.09087649575349334
5678,0.6416482735245078,0.924220508696146,0.09087845514389319
5679,0.6416569505387038,0.9242092985041546,0.09088482128655424
5680,0.6416526166686018,0.9242110855248182,0.09088394012958585
5681,0.6416515437628268,0.9242157663660406,0.09088637301428738
5682,0.6416480904575103,0.9242205163822563,0.09089730397176397
5683,0.6416586809346123,0.9242292093730978,0.0908963694096407
5684,0.641714680509718,0.9242324260102925,0.09087645371426287
5685,0.6417166869934077,0.9242230758570135,0.09088430287407799
5686,0.6416839991271523,0.9242109471748314,0.09088506331872895
5687,0.6416947511329605,0.9242117311580903,0.09089176436087097
5688,0.6416704571943027,0.9241910439919985,0.09090639146576447
5689,0.6416074713628165,0.9241735388756046,0.09091990839416599
5690,0.6415837995136244,0.9241628667113398,0.09092629977792994
5691,0.641575983173148,0.9241608298920888,0.09093614858469604
5692,0.6415508182693627,0.9241514413082578,0.09094365176404441
5693,0.6415637783475993,0.9241681701275031,0.09095147465117119
5694,0.6415740860044653,0.9241810174610058,0.09095534951975669
5695,0.6415859342502624,0.9241899602504347,0.09095340759743004
5696,0.641590806557885,0.9241845376995605,0.09096108102062002
5697,0.6415938224148177,0.9241884191853031,0.09097597947996042
5698,0.6416249063953248,0.9241954558193575,0.090973333744056
5699,0.6416420689004836,0.9241927310932272,0.09097667819619783
5700,0.6415954593542473,0.924189180110231,0.09098766275115984
5701,0.6416413786198512,0.9241951599041078,0.0909841473335304
5702,0.6416457243436821,0.9241890033296922,0.0909879674066598
5703,0.6416416932428562,0.9241837729315776,0.09099170455541682
5704,0.641648604661375,0.9241928233265518,0.09100370894482387
5705,0.6416808847744574,0.9241950292402313,0.09100643475100992
5706,0.6416784370524,0.9241812634165381,0.09101223156020637
5707,0.641659939301715,0.9241740961186072,0.09102201579696607
5708,0.6416467548144894,0.9241655491638631,0.09102948140491461
5709,0.6416392292277919,0.9241561990105839,0.09103244956565525
5710,0.6416074422158544,0.9241589890686525,0.09105227504465496
5711,0.6416291593519038,0.9241637083404266,0.09105263643242979
5712,0.641639457691954,0.9241742190963733,0.09104779565906827
5713,0.6416180276770669,0.9241647152208866,0.09105342179812555
5714,0.641627589879344,0.9241632433307486,0.0910578883657248
5715,0.6416405812005999,0.92418674361324,0.0910580592592477
5716,0.6416396132416452,0.9241857982216631,0.0910622971129964
5717,0.6416396132416452,0.9241857982216631,0.09106878595779759
5718,0.6416434141551364,0.9241759138837125,0.09107149150773818
5719,0.6416349035956944,0.9241666905512547,0.0910785060321297
5720,0.6417141017538701,0.9241880540950601,0.09107730214898863
5721,0.6416900915740698,0.9241833348232859,0.09109150320546625
5722,0.6417177119664814,0.9241871778784766,0.091094579690959
5723,0.6417369177843608,0.9241923736890945,0.09109581985520473
5724,0.6417190502038452,0.9241912937905858,0.09110732632754012
5725,0.6417323192927521,0.9241999329786547,0.09110871962070252
5726,0.6417682368484835,0.9242043217476825,0.09110465014373573
5727,0.641754029396046,0.9241963550942721,0.09111195194615004
5728,0.6417155775581894,0.9241898526448894,0.0911210667985561
5729,0.641704021661229,0.9241791420500727,0.09112265959112249
5730,0.64170955317133,0.9241781466987783,0.09112521927253558
5731,0.6417140782512522,0.9241597730519113,0.09113112919034039
5732,0.6417357205597763,0.9241606953851571,0.09113168848620766
5733,0.6417700008099415,0.9241628474960639,0.09112792225835707
5734,0.6417702213893381,0.9241477558183299,0.09113785336052892
5735,0.641772398379563,0.9241448427824952,0.09113327754602604
5736,0.6417965250302429,0.9241518102415561,0.09113763640171439
5737,0.6417833763987597,0.9241519870220949,0.09114128805584897
5738,0.6417799231145058,0.9241507687735994,0.09114719608324676
5739,0.6417862483542588,0.924160410999073,0.09115213063809642
5740,0.6417791050277184,0.9241675590817278,0.09115437818101699
5741,0.6417897155932338,0.9241673707720235,0.09116421687255016
5742,0.6417800983964855,0.9241706104675492,0.0911682244840287
5743,0.6417896776691328,0.924183319451065,0.09118503923673121
5744,0.6417864674226007,0.924177919958522,0.09118871110283655
5745,0.6418709095230585,0.924177051428049,0.09121003509803341
5746,0.641879456781259,0.9241769476655588,0.0912126196146989
5747,0.6418965210506895,0.9241692231246253,0.09122037549104985
5748,0.6418947294585231,0.9241831234552503,0.09122698031943033
5749,0.641896726193166,0.9241862709174515,0.09122632655903519
5750,0.6419388284543408,0.9242139601301009,0.0912239502834296
5751,0.6419651060402072,0.9242189253574074,0.09122683652990739
5752,0.6419569810944236,0.924210797295679,0.0912286468245803
5753,0.6420237000332153,0.9242356541766528,0.09122039067673884
5754,0.6420252457569878,0.9242478020741107,0.09122324308673824
5755,0.6419922557306718,0.9242424102676781,0.09122840954293825
5756,0.6420187657121604,0.9242569062718576,0.09123183808025807
5757,0.6420422545836818,0.9242572521468247,0.09123339889973342
5758,0.6420262838952582,0.9242518334390059,0.09123737693526729
5759,0.6420609952328148,0.9242530094138942,0.0912437652415848
5760,0.642074710802826,0.9242619637324887,0.09124505545099054
5761,0.6420918516215096,0.9242659566668319,0.09124957943844252
5762,0.6420928247511594,0.9242599153840719,0.09125680601185111
5763,0.6420864245058319,0.9242530785888876,0.09126433891502904
5764,0.6421063289927664,0.9242660873307084,0.09126936820393641
5765,0.6420885558016823,0.9242590775980404,0.09127857252970704
5766,0.6421476653293183,0.9242618791852745,0.09127386881561851
5767,0.6421537268877587,0.924259634841043,0.09128339912349552
5768,0.6421629798795937,0.9242598000924163,0.09129053105123264
5769,0.6422120590035287,0.9242877698480946,0.09129193619008368
5770,0.6422191564273878,0.9242863825051707,0.09129499823262499
5771,0.6422639288788448,0.9243064509393768,0.09129676324830467
5772,0.6422659669258631,0.9243187218146008,0.0913022476069285
5773,0.6422777018079937,0.9243256047264475,0.09131657234817447
5774,0.6422776869958825,0.924317234552242,0.0913212925885251
5775,0.6422770723639779,0.9243233027363883,0.09132292362159433
5776,0.6422820553902405,0.9243259198569732,0.09132533783763568
5777,0.64225640970777,0.9243262695749955,0.09133760448364056
5778,0.6422349660823418,0.9243162545731685,0.09134728134043998
5779,0.6422311849178642,0.9243229261169795,0.09135381747710168
5780,0.6422602284862223,0.9243311617842533,0.09135063204615952
5781,0.6422684169488113,0.9243318919647396,0.09135504914511926
5782,0.6422895756891585,0.9243524753683413,0.09134438327112347
5783,0.6423033222056597,0.9243464533008574,0.09134645343569629
5784,0.6422970999779957,0.9243371031475782,0.09135462685514126
5785,0.6423458226599625,0.9243447469843526,0.09134404518892864
5786,0.6423268112633796,0.9243321609786029,0.09135310679317281
5787,0.6423119644619656,0.9243326144591154,0.09135854249397196
5788,0.6423389052999215,0.9243425679720595,0.09135709898128395
5789,0.6423272847509471,0.924342076060995,0.09136868140733376
5790,0.6423309522431375,0.924331818946691,0.09137319166435362
5791,0.6423410266488527,0.9243392821598714,0.09136817534261764
5792,0.6423497095464992,0.9243319957272298,0.09137616895935284
5793,0.6423624000299211,0.9243345013992141,0.0913731136066259
5794,0.6423720057840226,0.9243349702519474,0.0913731376777624
5795,0.6424074562952719,0.924357163895674,0.09136857743609134
5796,0.6424063175989645,0.92436745944053,0.09137380494537795
5797,0.6424036156947849,0.9243641044533485,0.09137751893394765
5798,0.6424081908428573,0.9243564836749052,0.09138760361384432
5799,0.6424027477309978,0.9243582668525138,0.09139199579585203
5800,0.6424090292768871,0.9243519527128353,0.09139661877582525
5801,0.6424187269220789,0.9243336636131826,0.0914054607502616
5802,0.6424176639356024,0.9243245978459875,0.09141467802366672
5803,0.6424428083755593,0.9243353968310736,0.09141521891268134
5804,0.6424425893849955,0.924345438734287,0.09141955897616501
5805,0.6424456051695734,0.924350234867165,0.09142131666338953
5806,0.6424340746485098,0.9243321532924925,0.09142662171724307
5807,0.6424578659076737,0.924335285382473,0.09143172716887142
5808,0.6424824783706157,0.9243445240871516,0.09142866148841747
5809,0.6424658462395596,0.924344954509333,0.09143474655216459
5810,0.6424764194851057,0.9243743308232111,0.09143854892463639
5811,0.6424534283778848,0.9243584974358252,0.09145155866173538
5812,0.642435998836474,0.9243485131784396,0.09146069800802176
5813,0.6424351879461246,0.9243667023586575,0.09148179986144618
5814,0.64242794455798,0.9243528635169156,0.09148236950367616
5815,0.6424393322841804,0.9243443280913369,0.09148511428857996
5816,0.64243813104659,0.9243394281959687,0.09148958109281553
5817,0.6424139064965088,0.9243333023659946,0.09149219026485063
5818,0.6424189041935672,0.9243233872836024,0.09150551180244168
5819,0.642431157879614,0.9243302855676698,0.09150890589542997
5820,0.642398028182559,0.924330408545436,0.09150512703522422
5821,0.6424008228240422,0.9243371223628543,0.09150533976235559
5822,0.6424118965010027,0.9243328565715925,0.09151401285352576
5823,0.6424475456359574,0.924231830336738,0.09158905678187537
5824,0.642455841115125,0.9242383020416792,0.09159572817045199
5825,0.6424819021964945,0.9242507919710491,0.09160240367714355
5826,0.6424806282760892,0.9242472755755496,0.09161023310997625
5827,0.6425225831525893,0.9242425025010027,0.09160382662927724
5828,0.6425192171494157,0.924243213466213,0.0916037842321393
5829,0.6425211505514392,0.9242454616534995,0.091610721760378
5830,0.6425309414027014,0.9242659989404389,0.09161141934093124
5831,0.6425273536448883,0.9242632280976464,0.09161386203320171
5832,0.642535915514351,0.9242912170686006,0.09161967578756287
5833,0.6425150945140534,0.9242780238601308,0.0916334362010068
5834,0.6424963212934286,0.9242817324083898,0.09164638995175914
5835,0.6425017667234161,0.9242729433411686,0.09165169235947959
5836,0.6425106746835664,0.9242622404324624,0.09165404940614846
5837,0.6425250278011962,0.9242558571177906,0.091661474092611
5838,0.6425465350143154,0.9242591928896962,0.09166378108475688
5839,0.6425273773960163,0.9242559301358392,0.09166808061008583
5840,0.6425101142679364,0.92424677982143,0.09167705535224802
5841,0.6425119557808484,0.9242452041688017,0.09168043063167274
5842,0.6425153114260924,0.9242486821337494,0.09170059230111362
5843,0.6425228564250046,0.9242391321416004,0.09171155636578615
5844,0.6424967627912578,0.9242250742457127,0.0917330711800963
5845,0.6424544320745721,0.9241936495834178,0.09175622199129514
5846,0.6424426684450749,0.9241874392062296,0.09174784823284785
5847,0.642426007087979,0.9241802949666299,0.09176235858757617
5848,0.6424352929328233,0.924178604022346,0.09176057399281819
5849,0.642446092181541,0.9241800182666562,0.0917619260800466
5850,0.6424472186414437,0.9241872086229181,0.0917733821141708
5851,0.6424374610190012,0.9241687658010577,0.09177888217084561
5852,0.6424595074903614,0.9241752106046126,0.09177645497260709
5853,0.642473368771412,0.9241847144800993,0.091776185043273
5854,0.6424569793653929,0.9241889533699748,0.0917825612274167
5855,0.642437484491667,0.9241904752198302,0.0917874736322968
5856,0.6424674511022163,0.9241989606856914,0.0917946739501415
5857,0.6424729267272967,0.9242046407212634,0.0918047821611595
5858,0.6425448333719632,0.9242111585428668,0.09180571401977056
5859,0.6424756985800656,0.9242126381191154,0.09186788937733197
5860,0.6424928745071341,0.924212630433005,0.09186635797892717
5861,0.6425143257845224,0.9242254547081765,0.09186584718197727
5862,0.6425207088897894,0.9242279911246024,0.0918773753827501
5863,0.6425200271269974,0.9242275645454762,0.09187755634374475
5864,0.6425332188168629,0.9242320186464423,0.09187595857087445
5865,0.6425622872454395,0.9242260196372896,0.09187824894425878
5866,0.6425784024209751,0.9242236600014024,0.0918831403076679
5867,0.6425927102524224,0.9242211389571973,0.09189204219709989
5868,0.6426097684707769,0.9242134028870983,0.0919047774870917
5869,0.642611902759186,0.9242264193150294,0.09190507457784404
5870,0.642577298605444,0.9242178416158436,0.09190523418668863
5871,0.6426090007258757,0.9242030958130767,0.09191383950366483
5872,0.6426276094172159,0.9241988415509805,0.09193885301039159
5873,0.6426433575219763,0.9242027499381095,0.09194182252260882
5874,0.6426428246532405,0.9241991374662302,0.0919410449108555
5875,0.6426239722095887,0.9241918894641404,0.09198948448835566
5876,0.6426273110347733,0.9241840842190481,0.09199178645178288
5877,0.6426834706227985,0.9242005286522093,0.09199030424940897
5878,0.6426593518165714,0.9241880271936738,0.0920074167651742
5879,0.6426447203049854,0.9241787116278913,0.09201545955786727
5880,0.6426515157069643,0.9241810904790544,0.09201550328557109
5881,0.6426257200488358,0.9241699763634428,0.09202481758682611
5882,0.6426434775523694,0.9241823779025433,0.09202645836054789
5883,0.6426735536248673,0.9241830312219258,0.09202768508342245
5884,0.6426995231680407,0.9241697419370761,0.09202941009318456
5885,0.642732423214799,0.9241761098795273,0.0920312897984796
5886,0.6427363216542816,0.9241675321803414,0.09203176054788899
5887,0.6427286297337164,0.9241600535949402,0.09203813054805521
5888,0.6427104942682167,0.9241635623043294,0.09204627519478717
5889,0.6426758931802461,0.9241233024581511,0.09204291649772914
5890,0.6426989899249762,0.924126242395372,0.0920420909744572
5891,0.6426764971765861,0.9241210119972574,0.09204953722266063
5892,0.6427001559665003,0.9241478557377648,0.09205037876367851
5893,0.6427314953127161,0.9241485052140921,0.09205136577352747
5894,0.6426704578543739,0.9241022847893129,0.09211136870252185
5895,0.6426733666539207,0.9241004324367109,0.09211038430497798
5896,0.6426797895021318,0.9240843761521239,0.09211555315908034
5897,0.6426893105024034,0.9241051786098715,0.09211631870824123
5898,0.6426823327048489,0.9241029919114679,0.09212331764595043
5899,0.6426761520607439,0.9241136563896223,0.09214412442839716
5900,0.6426857568919718,0.9241115042787155,0.09215243288990817
5901,0.6426563858652189,0.9240955248552323,0.09216410207123758
5902,0.6426746415215131,0.9241005477283666,0.09216263162235976
5903,0.6426778445380015,0.9240994793590236,0.09216138110034833
5904,0.6426618584523822,0.9241076151068625,0.0921651676036631
5905,0.642666154744421,0.9241173226642743,0.09216839248041876
5906,0.6426622748743549,0.924112380495299,0.0921796328592318
5907,0.6426573121733289,0.9241221303263178,0.09218410185660066
5908,0.6426595919685661,0.9241164733490771,0.09218594619062614
5909,0.642666100072248,0.9241103590482687,0.09218943309665674
5910,0.6426857629508133,0.9241274952313642,0.0921948886985652
5911,0.6426791586835465,0.9241308502185457,0.09219954587717334
5912,0.6426962468337919,0.9241224262415676,0.0922001806804346
5913,0.6427396478788608,0.9241354388264434,0.09219520918125526
5914,0.6427276245240445,0.9241282138826848,0.09219757626519218
5915,0.6427521460431176,0.9241283099590646,0.09219921148406886
5916,0.6427609024196781,0.924126684346719,0.09220430601802798
5917,0.6427828469856639,0.9241183410738998,0.09220988115793785
5918,0.6427701218964561,0.924138109749801,0.09222338131390319
5919,0.6427706610116918,0.9241308079449386,0.09222922043179814
5920,0.6427551018908189,0.9241345933543015,0.09224025484868761
5921,0.6427655793290717,0.9241405001301297,0.09224753916550313
5922,0.6427770122714042,0.9241384556247683,0.09224824274210623
5923,0.6427778770005133,0.9241316649462461,0.09225951147823713
5924,0.6427575121690884,0.9241217882944059,0.09227073205466987
5925,0.6427844738716535,0.9241217959805162,0.09226825508025381
5926,0.642757907197414,0.9241412379967263,0.09228612410524051
5927,0.6427575542959253,0.9241360921458259,0.09228380988807539
5928,0.6427565692753804,0.9241401465690522,0.09227923263773626
5929,0.6427701793364602,0.9241455960213126,0.09227665896298273
5930,0.642769427092701,0.9241546464162869,0.09227912699943475
5931,0.6427983728634524,0.9241527825345194,0.09228072882733235
5932,0.6428309531395926,0.9241516834207348,0.09227958462805137
5933,0.642828202919364,0.9241509032805311,0.09228490129886437
5934,0.6428231513228916,0.9241392050205304,0.09229841818783459
5935,0.6428495204547482,0.9241351044806418,0.09229972748881832
5936,0.6428381320823956,0.9241369260888023,0.09230020568421322
5937,0.6428388810610559,0.9241384978983753,0.09230628506927849
5938,0.6428725046476383,0.9241424716174426,0.09230987084518932
5939,0.6428818230183656,0.9241393894871796,0.09231353274129558
5940,0.6428683931213859,0.924138513270596,0.09231744553951796
5941,0.6428708122483031,0.9241340245821332,0.09231979934967388
5942,0.6428567675146134,0.9241330215447285,0.09232175665476901
5943,0.6428761917728926,0.9241405500898472,0.09232738757419325
5944,0.6428587318779204,0.9241466221170486,0.09233149214292932
5945,0.6428618262951262,0.9241451655991313,0.09233422845764819
5946,0.6428703572742783,0.924148766541845,0.09234152777254966
5947,0.6428739702709528,0.924155253619007,0.09233566043969281
5948,0.6428835405807201,0.9241657682180089,0.09232659480446208
5949,0.6428844768264531,0.9241537087108204,0.09233669720806759
5950,0.6428864815485238,0.9241473446114244,0.09235106613325204
5951,0.6428988237956202,0.9241448965852679,0.0923479026733188
5952,0.6428619658294782,0.924141856728612,0.09235961997169986
5953,0.642886240814677,0.9241388168719561,0.09236410036072219
5954,0.6428891264901734,0.9241409997273045,0.09236597399303323
5955,0.6428803493925689,0.924139035926102,0.09237662904762159
5956,0.6428754295852841,0.9241355848625408,0.09237409020000124
5957,0.642870933120486,0.9241393395274621,0.09237775788486968
5958,0.6428836495348704,0.9241462032240327,0.09238282166902136
5959,0.6428457403347279,0.9241387861275147,0.09239176735224093
5960,0.6428479808065649,0.92414866662241,0.09239122711366739
5961,0.642823994303557,0.9241442086783888,0.09240212498472163
5962,0.6428149374016758,0.9241371489860034,0.09240803139600942
5963,0.6428162924298878,0.9241390781997091,0.09241181255952183
5964,0.6428089848598284,0.9241529708442237,0.09241900650566857
5965,0.6427762579462055,0.9241719209493693,0.09243004596751789
5966,0.6427869947330345,0.9241733928395074,0.09243504158287784
5967,0.6427805020399946,0.9241989453134707,0.09243852239130892
5968,0.6427851726933069,0.9242001289744695,0.0924355878193423
5969,0.6428032100584479,0.9242160776535111,0.09243526306753166
5970,0.6428129561987282,0.92421051675265,0.09242189831569594
5971,0.6428189640341682,0.9242089218847459,0.0924210061953646
5972,0.6428452334925997,0.9242155204105084,0.0924217286154566
5973,0.6428639958813211,0.9242217615321382,0.09242387847646202
5974,0.6428783916430062,0.9242446161813576,0.09242818384709199
5975,0.6428581173645119,0.92425010406417,0.09245277772047478
5976,0.6428377721422731,0.9242846723456108,0.0924649018974586
5977,0.6428115753460969,0.9242785887892438,0.09246857603891591
5978,0.6428317216346138,0.924279941544671,0.0924739434656215
5979,0.64285910613197,0.9242862710565701,0.09247221875155831
5980,0.6428612580486069,0.9242811175195593,0.09247653722884867
5981,0.6428000568598963,0.9242422719176913,0.092469527415911
5982,0.6427803438635229,0.9242242979485641,0.09247117579344553
5983,0.6427877732068221,0.9242287943231372,0.09247606353962176
5984,0.6428017398827608,0.9242264462164157,0.0924806730569438
5985,0.6427775060028069,0.9242550846636972,0.09249318954520812
5986,0.6427824365574113,0.9242572828912663,0.09248949230416657
5987,0.6427833710966139,0.9242552960317327,0.09249423170789328
5988,0.6427678329228308,0.9242393012360288,0.09250433200502281
5989,0.6427787478903526,0.9242373681792678,0.09250675458266296
5990,0.6427898146389035,0.9242319494714488,0.09250606885656384
5991,0.6427795174359662,0.9242384519208316,0.0925137906961342
5992,0.6427947772896597,0.9242408307719947,0.09251553366713111
5993,0.6427877124056222,0.9242408692025466,0.09252060815136903
5994,0.6427839654573596,0.9242355888447145,0.09252540617087296
5995,0.6427513667559984,0.9242157317785439,0.092552482356786
5996,0.6427595983694133,0.9242159008729722,0.09255373080788679
5997,0.6427783047880637,0.9242185295227228,0.0925527486951087
5998,0.6427915455802039,0.9242155473118947,0.09255462885286653
5999,0.6428136563374611,0.9242294630147404,0.0925504280133421
6000,0.6428315183100443,0.924229493759182,0.09254874547526623
6001,0.6428173716211395,0.9242205355975324,0.0925558360608608
6002,0.6428097124277866,0.924217184453406,0.09256455345860948
6003,0.6428115651718171,0.9242076306182018,0.09256725502791054
6004,0.6428212043438322,0.9242221189362709,0.09257419512675721
6005,0.6428350786309448,0.9242178992616714,0.09258258982504455
6006,0.6428067286905508,0.9242052594531491,0.09259451761088737
6007,0.6427982094498642,0.9241949754374587,0.09260192114665894
6008,0.6428233464357674,0.9241995179286941,0.09260286366106527
6009,0.6428303895534742,0.9242004172036087,0.09260424312509616
6010,0.6428388524595792,0.924203887482446,0.09261134710036834
6011,0.6428340223084243,0.9242000252119793,0.0926198603295968
6012,0.642849184770352,0.9241893645768802,0.09262383818920768
6013,0.6428496129074778,0.9241895452004741,0.09262397479166834
6014,0.6428385982691804,0.9241845107981742,0.09262974938107933
6015,0.6428518774491323,0.9241831887871886,0.09263398321161122
6016,0.6428359455574618,0.9241836922274186,0.09263275333813062
6017,0.6428765330117606,0.9241965895206388,0.0926293549388049
6018,0.6428266777367546,0.9241675590817278,0.09261950761795078
6019,0.6428816811431882,0.9241824278622608,0.09261762425375765
6020,0.6429218947777566,0.9241774126752369,0.09260948430744477
6021,0.6429435682354536,0.9241798760736142,0.09261987674660115
6022,0.64294148286396,0.9241801566166431,0.0926167323742374
6023,0.6429264617877611,0.9241727241479042,0.09262733234958206
6024,0.6429167492040772,0.9241638889640206,0.09263516395131399
6025,0.6429334187609936,0.9241473907280867,0.09264530413494065
6026,0.6429489733669072,0.9241500693375546,0.09264204632456803
6027,0.6429492730205671,0.9241640080987316,0.09264193991976473
6028,0.6429440283678141,0.9241494083320618,0.09265483314713828
6029,0.6429123612418117,0.9241452309310695,0.0926421306219324
6030,0.6429071349740901,0.9241513490749332,0.09264556369602418
6031,0.6429268835194027,0.9241385017414305,0.09265123755038486
6032,0.6429691633780684,0.9241331176211083,0.09265332545438627
6033,0.6429637328752296,0.9241305812046824,0.09265580921826479
6034,0.6429493979403557,0.9241227413720933,0.09266406609973324
6035,0.6429406577775765,0.924115443410286,0.09266884721160039
6036,0.64294533526878,0.9241432901881982,0.09266937064156419
6037,0.6428949753398775,0.9241318686281712,0.09268631789376877
6038,0.6429154447978438,0.924138955221943,0.09269298126550175
6039,0.6429352868934137,0.9241417568091771,0.09268928223802587
6040,0.6429415062451939,0.9241416568897421,0.09269282842442243
6041,0.6429614405079926,0.9241427406313059,0.09269594424620345
6042,0.6429415717142084,0.9241434977131785,0.09270607358124489
6043,0.6429084469487081,0.9241350353056484,0.0927089960859171
6044,0.6428885913191797,0.9241254007662852,0.09271441216408548
6045,0.6429081516963824,0.9241267074050501,0.09271295443950382
6046,0.6428570746218317,0.9241117809786892,0.09272801291688323
6047,0.6428479048657734,0.9241166693448918,0.09272410327005025
6048,0.6428488269106494,0.9241119154856209,0.09273751237800242
6049,0.6428318675475561,0.9240972427009025,0.09274388887021996
6050,0.6428365494587174,0.9240872469143514,0.09275062831163042
6051,0.6428277732726962,0.9240876965518088,0.0927579706033474
6052,0.6428327880747919,0.9240927732277158,0.09276415268993002
6053,0.6428388150627482,0.9240838957702251,0.09276782001818568
6054,0.6428226321939764,0.9240792879470514,0.09277435169785331
6055,0.6427651074736808,0.9240229871885068,0.09281713889818312
6056,0.6427916372682972,0.9240336362944405,0.09281855039877147
6057,0.642769902695271,0.9240244975091968,0.0928268306383055
6058,0.6427430476247475,0.9240180258042555,0.09283201591721554
6059,0.6427500806858863,0.9240183178764501,0.09282897408542362
6060,0.6426791228544445,0.924018840531956,0.09285166777492843
6061,0.6426832600188573,0.9240142788254446,0.09285201451196193
6062,0.6426980251093198,0.9240128645811344,0.0928514851445871
6063,0.6427239212751529,0.9240017466224676,0.09285564850211475
6064,0.6427978259657101,0.9240048633402272,0.09290614354249627
6065,0.642819875911472,0.924011707821522,0.0929092175630471
6066,0.6428142176891878,0.9240169728071334,0.09291303137138171
6067,0.6428093488864767,0.9240159313391766,0.0929129295115801
6068,0.6428059210077707,0.9240172226057207,0.09291396254683428
6069,0.642787517847551,0.9240176837723436,0.09292457604741691
6070,0.642796573270432,0.9240141520046233,0.09293211981490697
6071,0.6427681930854959,0.9240141097310162,0.09294149877675852
6072,0.6427354035239612,0.9239739805487144,0.092963739705378
6073,0.6427188796703007,0.9239628049442197,0.09297333352052936
6074,0.642729226689137,0.9239661945188978,0.09297771800443974
6075,0.6427320389299772,0.9239462260041267,0.09298578010923725
6076,0.642726666197918,0.9239303003834163,0.09300083461462154
6077,0.6427356046822341,0.9239250661422465,0.09300619367211992
6078,0.6427711406512686,0.9239293626779497,0.09301241523639384
6079,0.6427751529957755,0.9239287785335607,0.09301124964618479
6080,0.6428029645983232,0.9239441469112685,0.09300713070232947
6081,0.6427941690305634,0.9239482051775499,0.09302294716014278
6082,0.6428180132364628,0.923943351398844,0.09302254187530747
6083,0.6428005934405158,0.9239127645225809,0.09302640052413232
6084,0.6428408132014152,0.9239472828443042,0.09302815627432466
6085,0.6428753413739504,0.9239505455981611,0.09303166389695612
6086,0.642890029661921,0.9239609141610657,0.09303740693889223
6087,0.6429198496506907,0.9239662291063946,0.09303928174713597
6088,0.6429421592934347,0.9239609756499488,0.09304631271710653
6089,0.6429328192783621,0.9239500114134896,0.09305751316555808
6090,0.6429424997787311,0.9239600225722615,0.0930579287848166
6091,0.6429086844123642,0.923944658037609,0.09307523619346945
6092,0.6428633553071339,0.9239246203478443,0.0930892850505362
6093,0.6428633729675218,0.9239276947919969,0.0930873306333785
6094,0.6428685685884086,0.9239201585607678,0.09308833509835417
6095,0.6428777063536952,0.923911196556063,0.09308974482315693
6096,0.6428964363629802,0.9239068385314767,0.0930945242489424
6097,0.6428932453286268,0.9238973615573763,0.09310093480077532
6098,0.6428875834622448,0.9238820200810548,0.09310533331071068
6099,0.6429223635851097,0.923885248247415,0.09310589536676275
6100,0.6429101355620532,0.9239001324001688,0.09311200466577828
6101,0.642956067560305,0.9239045019539207,0.09311742682849093
6102,0.6429274158812281,0.9238936568521724,0.09312264747453826
6103,0.6429815042662888,0.9239027034040914,0.09312130593866934
6104,0.64293676083828,0.9238874157305427,0.09313630671249028
6105,0.6429233966870008,0.9238961855824879,0.09315159148823451
6106,0.6429327986383868,0.9238911550232433,0.09315247429762576
6107,0.6429406550144107,0.9238953324242356,0.09315486972804496
6108,0.642944838571693,0.9238991562641504,0.09315743871928547
6109,0.6429323598180425,0.9238962778158125,0.09316287359049855
6110,0.6429396708157902,0.923891089691305,0.09316394181905517
6111,0.6429654186692965,0.9238923963300698,0.09316294094853503
6112,0.642957007121669,0.9238864933972968,0.09317098593561636
6113,0.6429628808281526,0.9238783307480717,0.09317375390433551
6114,0.6429584851538105,0.9238526591393974,0.09319002255663147
6115,0.643027852643331,0.9238850099779932,0.09317770519940032
6116,0.6430555551533825,0.9238923079398005,0.09317815777969687
6117,0.6430560626198909,0.9239329367192771,0.09331351775663115
6118,0.6430413813868893,0.92392574251996,0.09332145272527692
6119,0.643026795663386,0.9239048362997223,0.09333358318116479
6120,0.6430273636196449,0.9239033221359771,0.09333411758699521
6121,0.6430492194993317,0.9239049362191573,0.09334139021093839
6122,0.6430448770940366,0.9239048362997223,0.09334203241564908
6123,0.643042573053465,0.9239000670682306,0.09334495584866322
6124,0.6430598400314159,0.9239123763740066,0.09334487635585288
6125,0.6430563943735544,0.9238998249557535,0.09334981160214875
6126,0.643082219315998,0.9239079914480339,0.0933493730564055
6127,0.6430856304336778,0.9238974883781976,0.09335366829502302
6128,0.6430692386541645,0.923905032295537,0.09335926751096062
6129,0.6430676701733151,0.923913936654414,0.09336805499629826
6130,0.6430929821486071,0.9239101550881063,0.09336920845314176
6131,0.6430853320090074,0.9238955591644918,0.09337826578880934
6132,0.6430777414038168,0.92389431401461,0.09336851359854506
6133,0.6430818921373341,0.9238973884587626,0.09337196106354255
6134,0.6430700925855711,0.9238929112994654,0.09337947152767363
6135,0.6430679151309661,0.9238939950410292,0.09337616792915204
6136,0.6430418549707164,0.9238858016473624,0.0933837639242596
6137,0.6430811343099126,0.9238932494883222,0.09338115800272369
6138,0.6430900465493029,0.9238840107836436,0.0933806565385512
6139,0.6431003761903863,0.923871647675095,0.0933779910307161
6140,0.6431024242676402,0.9238664557075322,0.09338576046704146
6141,0.6430918836231673,0.923860449012269,0.09339191166875044
6142,0.6430939399090881,0.923845941478924,0.0934033554079476
6143,0.6431119892839726,0.9238405189280499,0.09341392389483301
6144,0.6431414642543664,0.9238644265743915,0.09339709039908892
6145,0.6431545129812349,0.9238686116614943,0.0934034828828045
6146,0.6431659426697249,0.923863711766126,0.09340942544711922
6147,0.6431322986307795,0.923850918235396,0.09342235797827239
6148,0.6431424703932312,0.9238657524284324,0.0934237514507496
6149,0.6431354856667835,0.9238509874103895,0.09343636709349029
6150,0.6431192465556588,0.9238516561019926,0.09344610492778208
6151,0.6430922361122279,0.9238436125874784,0.09345286092982653
6152,0.643079249986678,0.9238440968124324,0.09345561127939585
6153,0.6430640921249018,0.9238422021862234,0.0934608198273223
6154,0.643064787779568,0.9238395658503625,0.09347095107711911
6155,0.643063427296401,0.9238315108066827,0.09347654134134632
6156,0.6430817484430598,0.923848923689752,0.09346945553631061
6157,0.6430877635271426,0.9238487891828203,0.09347850611069694
6158,0.6430803041102917,0.9238310688553358,0.09348752034013945
6159,0.6430933040338584,0.9238319489149744,0.09349038557048331
6160,0.6431558839063746,0.9238429900125376,0.09348512415070158
6161,0.643095242997465,0.9238676624268621,0.09350902308397
6162,0.643106437692632,0.9238624128134716,0.09351348650834661
6163,0.6431167453367277,0.9238705716196416,0.0935212062723679
6164,0.6431255706347957,0.9238752639900295,0.09351545570224797
6165,0.6431298729292438,0.9238763400454829,0.09351307696680683
6166,0.6431189527981604,0.9238718398278545,0.09351445553375437
6167,0.6431212675434572,0.92384928493694,0.093533696585684
6168,0.6431250071838025,0.9238489083175313,0.09353698999870642
6169,0.6431194114193829,0.9238705562474208,0.09354404195061794
6170,0.6431060871406798,0.9238679967726637,0.09355482981509766
6171,0.6431138558204884,0.9238558104446538,0.09355994287504656
6172,0.6431204916159345,0.9238460183400278,0.09357116043138086
6173,0.6431154813406862,0.9238469983191014,0.09357177397146947
6174,0.6431102662306999,0.9238666209589055,0.0935790078150804
6175,0.6431121322589556,0.9238568096390034,0.09357913071920174
6176,0.6431045973489876,0.9238484240925773,0.09358710175347071
6177,0.643100284814854,0.9238444080999029,0.0935990609131073
6178,0.6431046432378951,0.9238357535396133,0.09360288998600615
6179,0.6430920604854214,0.9238365106214859,0.09359344498414836
6180,0.6430795513193177,0.9238348965383057,0.09359216209119452
6181,0.6430637655495081,0.923824485701794,0.0936006230876853
6182,0.6430708678952195,0.9238355729160194,0.0936022880782512
6183,0.6430572632297761,0.923831134187274,0.09360831010716261
6184,0.6430215071423895,0.9238277215542646,0.09362372401962264
6185,0.6430218190510463,0.9238314608469652,0.09362249179567671
6186,0.6430181729784903,0.9238201353633181,0.09361973929540215
6187,0.6430423029250839,0.9238042750745459,0.09362795362163653
6188,0.6430742146328741,0.92380304913994,0.093627231847336
6189,0.6430329830474634,0.92378793824693,0.09363972368569361
6190,0.6430305312126458,0.9237855248082701,0.09364638173316533
6191,0.6430192426035983,0.9237706406555164,0.09365632978447799
6192,0.6430150293506838,0.9237790684755497,0.09365865974559433
6193,0.6430231054254187,0.923772950331686,0.09366648281517857
6194,0.6430199440327581,0.9237597801815474,0.09366952401205848
6195,0.6430147249181737,0.9237608523939456,0.09367315136976076
6196,0.6430176964058218,0.9237507028851868,0.09367832596817795
6197,0.6430556852427876,0.9237392813251598,0.09368594920594689
6198,0.6430718283009432,0.923751433065673,0.09368389712685524
6199,0.6430625825049339,0.9237524860627953,0.09369163953758006
6200,0.6430562203290631,0.9237561023777298,0.09368886496938758
6201,0.6430504849011409,0.9237535313738071,0.09368608840694058
6202,0.6430377845535676,0.9237440851441483,0.09370373391080161
6203,0.6430380097961412,0.923755160829208,0.09370376821606961
6204,0.64305108804409,0.9237496921616716,0.09371130661413243
6205,0.6430636143011375,0.9237589500816261,0.09371461578420828
6206,0.643059743493076,0.9237591960371583,0.09371154758549521
6207,0.6430729583411501,0.9237597763384922,0.0937128243824867
6208,0.6430934282436739,0.9237524476322434,0.09373894798817102
6209,0.64307226207487,0.9237522785378149,0.09374388197879374
6210,0.6431495840365555,0.9237542884556798,0.09373826297031528
6211,0.643113559268164,0.9237404457708827,0.09376430120970329
6212,0.6431262673246252,0.9237431512817369,0.09376580344952883
6213,0.6431221424899528,0.9237371445864738,0.09377206911385827
6214,0.6431411424657179,0.9237514445948386,0.09377149576123713
6215,0.6431078872130233,0.92374533029403,0.09378795680054139
6216,0.6431058548924897,0.9237560101444052,0.09378810040825365
6217,0.6431007507338591,0.9237471634313561,0.09379748585218706
6218,0.6431131176788393,0.9237480511771051,0.09379831869760688
6219,0.6431247239312982,0.923745591621783,0.09381495784528193
6220,0.6431105677111748,0.923748692967322,0.09382101198587667
6221,0.643084891287155,0.9237279596845679,0.09384021740914228
6222,0.6430650473171536,0.9237274370290619,0.09384104375591043
6223,0.6430576665316993,0.9237253771514797,0.0938445835868146
6224,0.6430825750285021,0.9237338472451201,0.09384601330151444
6225,0.6431056929407029,0.9237215533115649,0.09386175736487784
6226,0.6430959221808559,0.9237188093701587,0.0938646405034579
6227,0.6430634372003156,0.9237089058169321,0.09387556033694308
6228,0.6430492993292053,0.92371259130686,0.09389103726314718
6229,0.6430578015630556,0.9237009814371288,0.09389507368851369
6230,0.6430798392771363,0.9237098742668401,0.09389282063711075
6231,0.6431047352055655,0.9237303961815588,0.09389718026316092
6232,0.6431259870507057,0.9237146165969455,0.09392364923706799
6233,0.6431280635078257,0.923732878795212,0.0939200049569241
6234,0.6431355103999565,0.9237359032796472,0.09392617964206468
6235,0.6431044060504861,0.9236724890259446,0.09390826598414251
6236,0.6430938573539223,0.9236632042046037,0.09392294010202677
6237,0.6430760177365434,0.9236670933764567,0.0939243603764255
6238,0.6430657211382382,0.9236661364557143,0.09393214712651862
6239,0.6430598892790679,0.9236650988308127,0.09393492458028554
6240,0.643084524264708,0.9236717011996304,0.09392988685029345
6241,0.6431279227168687,0.9236648682475013,0.09392903934511992
6242,0.6431283640302813,0.923669414581792,0.09393764500440639
6243,0.6431235040151895,0.9236652525530203,0.09393959195358179
6244,0.6430966634627453,0.9236607907659439,0.09393684979315702
6245,0.6431123720720701,0.9236447536966329,0.09394086809861144
6246,0.6431205271425362,0.9236387546874801,0.09394362090327286
6247,0.6431057118873388,0.9236376671028611,0.09395189993499323
6248,0.6431151079931103,0.9236390390735643,0.09394936594577051
6249,0.6431421790058691,0.9236397730971057,0.09395535083436518
6250,0.6431546553146512,0.9236447729119088,0.09396036481157938
6251,0.6431401621447657,0.923645583796554,0.09396892838072006
6252,0.6431420327924782,0.9236330631227426,0.0939753803798055
6253,0.6431161482470403,0.9236253962276371,0.0939809070793781
6254,0.6431381483807526,0.9236337049129595,0.09398135313031034
6255,0.6431438267378657,0.9236313875506794,0.09398000768683927
6256,0.6431497098551238,0.9236077220168147,0.09399306420896794
6257,0.6431376572169651,0.923605189443444,0.09399630628945553
6258,0.6431500222677047,0.9236193780032084,0.09398940197041292
6259,0.6431823814376533,0.9236381936014223,0.093994065991096
6260,0.6431880113882503,0.9236488619226317,0.09399030968721568
6261,0.6432014930080368,0.9236422710829797,0.09399489316604648
6262,0.6432331512005909,0.9236473247005554,0.0939931532929425
6263,0.6432123043474542,0.923632790265824,0.09400361489540532
6264,0.6432132209561895,0.9236411412247536,0.09402317474162948
6265,0.6432065747910213,0.9236389967999571,0.09402824056311553
6266,0.6432189287296627,0.923642317199642,0.0940344131357371
6267,0.6432155936231962,0.9236437045425658,0.09404201113020363
6268,0.6432451143125091,0.9236508026655031,0.09403988857524677
6269,0.6432502354245572,0.9236569131232564,0.094037359505421
6270,0.6432760120372547,0.9236553759011801,0.09403030190456584
6271,0.6432585953274179,0.923657408877376,0.09403360777315276
6272,0.6432137849315069,0.9236386278666588,0.09404927735133836
6273,0.6432100629590161,0.9236402457928942,0.09404984632119881
6274,0.6432100629590161,0.9236402457928942,0.09404632103012696
6275,0.6433049367661761,0.9236519824834467,0.09408324663583129
6276,0.6432888365301787,0.9236448689882886,0.09409133188569409
6277,0.6432872459375378,0.9236459988465147,0.09409426503881894
6278,0.6432780653729309,0.9236332860199437,0.09410199755649477
6279,0.6432574657867267,0.9236264645969801,0.09411160189841644
6280,0.6432853187530622,0.9236391851096615,0.09411025571673842
6281,0.6432699449000994,0.9236484737740576,0.09412360640827906
6282,0.6432778058033621,0.9236506451002403,0.09412290468550692
6283,0.6432619859439664,0.9236601336035063,0.09412636098173884
6284,0.6432619859439664,0.9236601336035063,0.09411699535575731
6285,0.6432689602812379,0.9236501570322311,0.094128063404836
6286,0.6432775431107964,0.9236539385985387,0.09413161874148464
6287,0.6432878860889455,0.9236666014653923,0.09413596473408185
6288,0.6432644289955091,0.9236564365844128,0.09414266511239909
6289,0.643257537155178,0.9236726927078697,0.0941542429784126
6290,0.6432642509085927,0.9236571168051815,0.09416478380595529
6291,0.6432964638578029,0.9236719663704386,0.09416038705705021
6292,0.6432827529011625,0.9236747141549,0.09416533551092279
6293,0.6433228438208819,0.9236825463013787,0.09416405952603167
6294,0.643362482730293,0.9236262570719997,0.0942234318808791
6295,0.6433544628679586,0.9236216876793779,0.09422768712736375
6296,0.6433354237260634,0.9236170375825972,0.09423846758143374
6297,0.643320215866984,0.9236121069427874,0.0942452261886216
6298,0.6433180433978801,0.923600032063378,0.0942627385150881
6299,0.6433333596639818,0.9235995747398104,0.09425792311363457
6300,0.6433529793218633,0.9236020150798565,0.09425837250002511
6301,0.6433678492034745,0.9235980144594029,0.09426321358046713
6302,0.6433600957442726,0.9235955280026945,0.09427484232112468
6303,0.6433517157451168,0.923582019663699,0.09428733985896721
6304,0.6433681670529695,0.9235762204934161,0.09428829017637293
6305,0.6433986422390702,0.9235908510045273,0.09428555433034792
6306,0.6434394265852179,0.9236093322569396,0.09429530488874611
6307,0.6434457418269922,0.9236030642339236,0.09430077700122266
6308,0.643445806802073,0.9235987830704411,0.09430049998046833
6309,0.6434413411249398,0.9235986639357302,0.09430386554586373
6310,0.6434362387670561,0.9235993095690022,0.09429637945329546
6311,0.6434399612365238,0.9236067305085756,0.0943012325200367
6312,0.6434523799182376,0.923611615031723,0.09429931934593114
6313,0.6434758639313574,0.9236153889119203,0.09429384948686569
6314,0.6434834946084561,0.9236135327162632,0.09429080665889181
6315,0.6435138508074886,0.9236120031802972,0.09429234018888606
6316,0.643501484245987,0.9236083753361972,0.0942980256129973
6317,0.6435082518176141,0.9236052586184375,0.09430147708854975
6318,0.6434907323183437,0.9236147202203171,0.09431215118400961
6319,0.643475496762806,0.9236092323375047,0.09432665545480451
6320,0.6434745166181696,0.9235950591499612,0.09433101022072463
6321,0.6434716732752654,0.9235961736359666,0.09433734390941599
6322,0.6434655224400118,0.9235955049443634,0.09434033957747845
6323,0.6434888844823282,0.9235987600121099,0.09434145604080364
6324,0.6434824958164148,0.923588426036702,0.0943482382778589
6325,0.6434964848429727,0.9235752866310049,0.09435590812961211
6326,0.6434910982676006,0.9235846367842839,0.09436523998237548
6327,0.643498165820243,0.923573376632575,0.09437893567769658
6328,0.6435158660863001,0.9235755748601441,0.09437763293632138
6329,0.6435074746496819,0.923582119583134,0.09438309056107562
6330,0.6435138923936502,0.9235849749731407,0.09440120995911407
6331,0.6435407727710036,0.923588022515907,0.09439362119809855
6332,0.6435154493157121,0.9235776923835542,0.09447898208415877
6333,0.6435075119695658,0.9235850403050789,0.09448121395241234
6334,0.643509942753681,0.9235781381779563,0.09448487862042297
6335,0.6434817081109487,0.9235628850919042,0.09450139639730672
6336,0.6435047317799368,0.9235789221612153,0.09450332338623496
6337,0.643509015963904,0.9235696142815433,0.09450592210549807
6338,0.643512156609523,0.9235616207267465,0.09451121227909946
6339,0.6435047195774162,0.923565075633363,0.09451733617984538
6340,0.6434363141887837,0.9235408297981645,0.09454270946477568
6341,0.6434501356330902,0.9235472669156091,0.0945376289008689
6342,0.6434540307632447,0.9235511676166276,0.09453998836310437
6343,0.643456295868683,0.9235326210322771,0.0945472026870582
6344,0.6434824669406591,0.9235354572070078,0.09454218931241393
6345,0.6436269029428948,0.9235064152389313,0.09457545839798685
6346,0.6436146978379222,0.923501031118609,0.09458279959809152
6347,0.6435989780706163,0.9234850747534571,0.09458853638448651
6348,0.6436138757485582,0.9234714088491988,0.09460441165609361
6349,0.6436442159576623,0.9234690799577532,0.09460403452051697
6350,0.6436589279582179,0.9234764240362227,0.09460598538500588
6351,0.6436565222388033,0.9234704634576218,0.09460998707335058
6352,0.6436868065187321,0.9234740989878323,0.09461001748381882
6353,0.6436771205724215,0.9234834721994425,0.0946117050317031
6354,0.6436906631716545,0.923494544041447,0.0946141062182651
6355,0.6437063298418941,0.9234845482548959,0.09461634696884462
6356,0.6437041120511313,0.9234780957652307,0.09461714038348902
6357,0.6436885974056478,0.923480117212261,0.0946205357610866
6358,0.6436988679762008,0.923474414118358,0.09462865058481283
6359,0.6437109760067998,0.9234787567707234,0.0946248428854731
6360,0.643765424524898,0.9234904511876689,0.09462120089807045
6361,0.6437353604522215,0.923483080207813,0.09462833740736229
6362,0.64373224952608,0.9234911237223273,0.09467018655868414
6363,0.6437239834832029,0.9234851323992849,0.09468216007936392
6364,0.6437358262604194,0.9234673467398621,0.09469093666649607
6365,0.6437006715953772,0.9234634306666227,0.09470488789577075
6366,0.6437059983837963,0.9234693259132853,0.09470409349506459
6367,0.6437233202202559,0.9234709399964655,0.09469709621893649
6368,0.6437206226148169,0.9234691914063536,0.09471529772227068
6369,0.6437481859829196,0.9234640071249014,0.09470960905584365
6370,0.6437803591021923,0.9234876572865452,0.09470860824899231
6371,0.643772831575466,0.9234812931871493,0.09471106050385687
6372,0.643752641240185,0.9234917962569856,0.09472215994623576
6373,0.6437496560746249,0.9234875612101655,0.09472811354812324
6374,0.6437496560746249,0.9234875612101655,0.09472358669564421
6375,0.6437457086115411,0.9234777960069258,0.0947319885921344
6376,0.6437216231190573,0.9234649371442575,0.09474030082385351
6377,0.6437200634141942,0.9234559559242768,0.0947464556984132
6378,0.6437423372754401,0.9234545647382977,0.09474492520973603
6379,0.6437381163338772,0.923458338618495,0.09474682779149458
6380,0.6437439358095465,0.9234525548204329,0.09475658142578147
6381,0.6437426028859152,0.9234497532331989,0.09476149880536724
6382,0.6437169587736641,0.9234362525803137,0.09476551446551963
6383,0.6437156918516177,0.9234309491641505,0.09476741373401885
6384,0.6437252849126913,0.9234265181215155,0.09477340814044236
6385,0.6437221690752075,0.9234196044652274,0.09478239658770155
6386,0.6437259770382574,0.9234299538128561,0.09478555156974917
6387,0.6437182697703994,0.9234274058672646,0.0948024546220976
6388,0.6437426704574313,0.9234261261298861,0.09480432507692496
6389,0.6437314767417137,0.9234355185567723,0.09481173167184004
6390,0.6437265695895805,0.9234358298442428,0.0948224649871846
6391,0.6437208932168613,0.9234335739708458,0.09482574971229926
6392,0.6437274284087036,0.9234369866038552,0.09482811328718
6393,0.6437394598682867,0.9234424168408397,0.09482827869555406
6394,0.6437536147034998,0.9234459217071737,0.09482797617818878
6395,0.6437672434021529,0.9234511098316812,0.09483043919534588
6396,0.6437519090066132,0.9234371095816213,0.0948402429356776
6397,0.6437567710557495,0.9234341196846828,0.09484267978057467
6398,0.6437770322182369,0.9234340735680205,0.09484644502773673
6399,0.6437446460625259,0.9234120490187223,0.09486056527235771
6400,0.643817736485355,0.923424331423112,0.09486142455017776
6401,0.6438243518649701,0.9234153002434138,0.0948671529221523
6402,0.6438505195692165,0.9234453759933365,0.09487276458489986
6403,0.6438414979010093,0.9234440616684614,0.09487837175258264
6404,0.6438573383294937,0.9234568667283569,0.09488258725764441
6405,0.6438394455847729,0.9234795445970375,0.09489314924412684
6406,0.6438670231166175,0.9234862776297318,0.0948936259388547
6407,0.6438448198532293,0.9234840025410589,0.09490037382490264
6408,0.6438807191500094,0.9234631462805386,0.09491926105155163
6409,0.6438788113560372,0.9234692836396783,0.09492741766129695
6410,0.6438557127929194,0.9234601333252691,0.09493899827098737
6411,0.6438418107278446,0.9234571588005515,0.0949548266030636
6412,0.6438755788574395,0.9234726347838046,0.09495497145723869
6413,0.643883340371464,0.9234668471426873,0.09499813948662704
6414,0.6438856721336336,0.9234747753655458,0.0950000341365375
6415,0.6438909810039796,0.9234676426551118,0.09500781688876796
6416,0.6438826458726701,0.9234666011871551,0.09501550132655243
6417,0.6439018749479298,0.9234726386268598,0.09501386872784391
6418,0.6438973280434971,0.9234712628131014,0.09502332571446487
6419,0.6439147053871283,0.9234722735366167,0.09502055919927781
6420,0.6439169098283376,0.9234752365321687,0.09502647735896669
6421,0.6439392149038528,0.9234810626038379,0.0950357957974021
6422,0.6439664085114869,0.9234763932917811,0.09503888516576586
6423,0.6439577148123963,0.9234634537249539,0.09504129520612473
6424,0.6439228296980563,0.9234676195967807,0.09504910985368922
6425,0.6439299109172187,0.9234659632399934,0.09505451737605002
6426,0.6439066723706911,0.9234546223841256,0.09506404787620155
6427,0.643923421529792,0.9234627735041852,0.0950677714926252
6428,0.6439482424832454,0.9234620164223125,0.09506691222398687
6429,0.6439610436457708,0.9234650754942444,0.09507211855405844
6430,0.6439635534049718,0.9234584500670955,0.09507966475034929
6431,0.6439323247430188,0.923454288038324,0.09508684179626879
6432,0.6439411309296438,0.9234539421633567,0.09508798503868872
6433,0.6439393983082119,0.9234542803522136,0.09509393528018065
6434,0.6439668529027629,0.9234608097029826,0.0950854875037561
6435,0.6439920399992122,0.9234885296600736,0.09508497326483598
6436,0.6440230054470913,0.9234930260346468,0.0950856015836313
6437,0.6440322596752333,0.9234973648439571,0.09508623856657485
6438,0.6440287973355016,0.9234843637882467,0.09509394613238493
6439,0.6440142770413849,0.92346972174797,0.09510584200629306
6440,0.6439983875687582,0.9234668163982458,0.09511747757076532
6441,0.6440004936195985,0.9234632461999736,0.09512765276569511
6442,0.6439731391738845,0.9234388427995123,0.09517845549877671
6443,0.6439755223039234,0.9234455566169305,0.09518068894020199
6444,0.6439684663356855,0.9234530352023318,0.0951813606626336
6445,0.6439774329607386,0.9234401148507805,0.09521446474388888
6446,0.6439985714709278,0.9234457756710764,0.09521555765158012
6447,0.6439863730494616,0.9234341888596763,0.09522303764915735
6448,0.6440078293312016,0.923445687280807,0.09522298050636724
6449,0.6439885340166144,0.923434869080445,0.09522725598918097
6450,0.6440076463086298,0.923437566905189,0.09522950676957329
6451,0.6440054508501918,0.9234276710380728,0.0952360638096042
6452,0.6439984199634924,0.9234289469323961,0.09523120348851384
6453,0.6440029266718545,0.9234293235518048,0.09523494958927338
6454,0.6440028520763857,0.923445103136418,0.09523327531623275
6455,0.6440055328590198,0.9234313911154974,0.0952406156524268
6456,0.6440002589168543,0.9234328706917458,0.09524601348075
6457,0.6440209273973805,0.9234397151730406,0.09524899923541863
6458,0.6440407465104927,0.9234327246556486,0.09524923025047699
6459,0.6440548238869791,0.9234372556177185,0.09525138352803295
6460,0.6440383280316322,0.923435311031792,0.09525812646732154
6461,0.644017719034595,0.9234433660754718,0.09526431962690318
6462,0.6440274561917089,0.9234509753247495,0.09527240739559152
6463,0.6440459070206955,0.9234568705714121,0.09527216837791934
6464,0.644045719383943,0.923447216816773,0.09529108418479945
6465,0.6440389526916173,0.9234577160435541,0.09529647820240444
6466,0.6440620951138221,0.9234537538536525,0.09529815129922566
6467,0.6440550350364168,0.9234504757275747,0.09529723720876207
6468,0.6440558588290223,0.9234366330427776,0.09531124803527588
6469,0.6440679884206628,0.9234411909062339,0.09531423463241602
6470,0.6440853732023961,0.9234522243176865,0.09531423809830802
6471,0.6441030463059375,0.9234630156166621,0.09531362722968949
6472,0.6441159064403522,0.9234558944353937,0.09531607613168912
6473,0.6441094143421452,0.9234472475612144,0.09532715073895465
6474,0.644120472849153,0.9234436235601696,0.09533981847603987
6475,0.6441176011705537,0.9234331281764436,0.09535430230593338
6476,0.6441352493466176,0.9234474358709188,0.09535048852717347
6477,0.6441394289482901,0.923458822843449,0.09535965098705236
6478,0.6441156169647055,0.9234473859112013,0.09536715660111676
6479,0.6441072199404991,0.9234449571003208,0.09537014171602223
6480,0.6440977006884757,0.9234512404955577,0.09537664914716663
6481,0.6440966233935179,0.9234497186457021,0.09538378795980366
6482,0.6440840005589815,0.9234452914461224,0.09537954586145339
6483,0.6440808056233618,0.9234467172195981,0.09539218547616439
6484,0.6440697976184607,0.9234403684924231,0.09540382360197229
6485,0.6441045084877814,0.9234459639807807,0.095393786351082
6486,0.6441118214131356,0.9234616551751246,0.09539381446006585
6487,0.6441078809067086,0.9234552526451768,0.09539753425205792
6488,0.6440997650667198,0.9234523127079559,0.09539848489640328
6489,0.6440993232984508,0.9234641646901641,0.09539126865639402
6490,0.64405212787653,0.9234286971338087,0.09540472739395915
6491,0.6440093122755467,0.9234223829941303,0.09541831955669713
6492,0.6440554850480642,0.9234421093964245,0.0954154603601097
6493,0.6440516876066872,0.9234264451034669,0.09542223252907718
6494,0.6440542822894925,0.9234404491965821,0.09542728441687254
6495,0.6441356277202265,0.9234486848638558,0.09545909288111638
6496,0.6441352527383037,0.9234529621842831,0.09546093872575903
6497,0.6441516536734325,0.9234582502282256,0.09546270159005305
6498,0.644148671184057,0.9234567937103083,0.09546567729385738
6499,0.6441563161716815,0.9234673621120829,0.09546923200215732
6500,0.644166567365967,0.9234607597432651,0.09548675035461185
6501,0.6441809655386249,0.9234631309083179,0.09548946394999101
6502,0.6441965590539567,0.9234604369266292,0.0954921970193529
6503,0.6441907560889344,0.9234659632399934,0.09550123745418637
6504,0.6442291640374019,0.9234680231175757,0.09549942027074816
6505,0.6442094325315,0.9234653867817149,0.09550479497683448
6506,0.6442528879813438,0.923481931134311,0.09550032728342363
6507,0.6442517720104202,0.9234812624427078,0.09550184523452744
6508,0.6442581064723183,0.9234812432274319,0.09550211613706025
6509,0.6442809879398326,0.9234808819802439,0.09551183179661943
6510,0.6442803997526552,0.9234783148193765,0.09552211732090567
6511,0.6442877845447996,0.9234888909072615,0.09552172844133842
6512,0.6442952594647956,0.923481304716315,0.095529057004194
6513,0.6443009264707614,0.9234919499791933,0.09553737035793565
6514,0.6443010011849584,0.9234903205237924,0.09553889735689722
6515,0.6443148714048141,0.9234879647309605,0.09555301572678773
6516,0.6443011384634666,0.9234787606137786,0.0955612345871826
6517,0.6443343589344726,0.923472219733844,0.0955597526673827
6518,0.6443251346452364,0.9234533503328574,0.0955719664465009
6519,0.6442948858828793,0.923449353555459,0.09558371632317884
6520,0.6442868486887663,0.9234444767184219,0.09558045658673314
6521,0.6442816242070097,0.9234441462156755,0.09558858981146229
6522,0.6442767018289711,0.9234486771777455,0.09559126957899501
6523,0.6442891263961855,0.9234438272420947,0.09558877940798952
6524,0.6443047298207184,0.9234557138117997,0.09559185221346077
6525,0.644307723395526,0.9234599603877854,0.09559134575339545
6526,0.6442969099258083,0.9234743295711437,0.09559757897027762
6527,0.6442910569703454,0.9234682959744942,0.09560673294555419
6528,0.6442919184419459,0.9234725156490937,0.09560967567059997
6529,0.6442737290972576,0.9234605637474504,0.09561385528439399
6530,0.6442801484208979,0.9234785223443568,0.09561714334974775
6531,0.6442890304359824,0.9234836336077605,0.09562185674689375
6532,0.644273002727705,0.9234769313195078,0.09562651459953814
6533,0.644281239227914,0.9234806936705396,0.09561308364365219
6534,0.6442847407564154,0.9234830648355923,0.09562430407530609
6535,0.6442562956164506,0.9234760397307036,0.09562841801080911
6536,0.644259905468174,0.9234691875632984,0.09563706855111957
6537,0.6442315965146461,0.9234859586561509,0.09565652105921499
6538,0.6442196474568491,0.9234730613629307,0.09566852481330708
6539,0.6442266417774197,0.9234879839462364,0.09567113752044085
6540,0.6442356908252171,0.9235028873142662,0.09567564883260318
6541,0.6442547458565959,0.9235099931233139,0.09568025782774416
6542,0.6442652261763476,0.9234989443396405,0.09568998055830306
6543,0.6442536539619599,0.9234888640058752,0.09570525713950352
6544,0.6442615016016702,0.9234855858797975,0.09570393006656437
6545,0.6442704953081322,0.9234868694602312,0.09571045554274284
6546,0.6442758623817072,0.9234916579069988,0.09570843602726951
6547,0.6443056100921649,0.9234911967403759,0.09571304938471623
6548,0.6442967668391961,0.9234894827377609,0.09571709358181224
6549,0.6442967668391961,0.9234894827377609,0.09571168451073789
6550,0.6443120307158995,0.9234845674701718,0.09571947354723705
6551,0.6443225884354857,0.9234833876522284,0.09572342944810648
6552,0.6443543175575281,0.9234920614277938,0.09572130397822615
6553,0.6443352474778701,0.9234911506237137,0.09572588912397376
6554,0.6443359218090147,0.9234846251159997,0.09572968184895893
6555,0.6443403866598879,0.9234827228036803,0.09573925619636539
6556,0.6443488470116534,0.9234804092844555,0.0957484387696897
6557,0.6443547218906135,0.9234690299980357,0.09575687527810528
6558,0.6443540272956221,0.9234738376600793,0.09576692020363321
6559,0.6443698107448155,0.9234684035800396,0.09577201956535127
6560,0.6443569181272598,0.9234751750432857,0.0957793867142047
6561,0.6443507340903625,0.9234717854686074,0.09577839907782812
6562,0.6443453130228992,0.9234801210553162,0.09578567105726542
6563,0.6443233219041553,0.9234635843888304,0.09580309533157377
6564,0.6443536223379083,0.9234653906247701,0.09580667124889172
6565,0.6443536263497588,0.9234636228193823,0.0958104736457724
6566,0.6443673656589273,0.9234592532656304,0.09581509361164126
6567,0.6443467116813111,0.9234589304489944,0.0958143371882305
6568,0.6443574999288912,0.9234738184448034,0.09582105227630151
6569,0.6443368849624505,0.923470486515953,0.09583506865035639
6570,0.6443311935548169,0.9234792832692846,0.09583785614316141
6571,0.6443119500198745,0.9234738837767416,0.09584480993724227
6572,0.6442753798836791,0.923465813360841,0.09584628033710542
6573,0.6442749811075401,0.9234761934529112,0.09584409314851403
6574,0.6442590053388517,0.9234686226341854,0.09585233829594524
6575,0.6442758945797762,0.9234651369831274,0.09585984279201573
6576,0.6442554041226335,0.9234760743182003,0.09587424130798847
6577,0.6442474848988613,0.9234772003333712,0.09587257319642266
6578,0.6442345593307692,0.9234742796114263,0.09588004310242933
6579,0.6442271552066975,0.9234788835915447,0.09588538435823384
6580,0.6442303941558867,0.9234762434126287,0.09588984332226964
6581,0.6442044761090899,0.9234672814079239,0.09590527166886464
6582,0.6442151407990517,0.9234729499143303,0.09591011325814612
6583,0.6442092798124984,0.9234773463694684,0.0959177063357677
6584,0.6442238467795438,0.9234720890699675,0.09591505332933245
6585,0.644233272947422,0.9234701098965442,0.0959200354822474
6586,0.6442414292395666,0.923467304466255,0.09592856594320746
6587,0.6442645767465366,0.9234688416883313,0.09592778465947774
6588,0.6442786342911268,0.9234639879096254,0.09592840223338062
6589,0.6442936327634857,0.9234627619750195,0.09592901036881636
6590,0.644279979038513,0.923455879063173,0.09593235402495748
6591,0.6442804618867197,0.9234510829302949,0.09593769419406628
6592,0.6442776861044077,0.9234538922036393,0.09593771698037162
6593,0.6442841605841693,0.9234572395047105,0.09594615612490658
6594,0.6443090449341069,0.9234586575920758,0.09593984749262503
6595,0.6443091469054184,0.9234598066655778,0.0959356241982105
6596,0.6443090045281873,0.9234582117976737,0.09593569813019394
6597,0.6443018256184243,0.9234519591468784,0.09594370463041076
6598,0.6442943328161638,0.9234546300702359,0.09594203766303792
6599,0.6442752348587587,0.9234520283218718,0.09594924012207875
6600,0.6442851947583138,0.9234553525646118,0.09595253725804295
6601,0.6443169894018096,0.9234759090668271,0.09595165940807916
6602,0.6443337223700283,0.9234699369590607,0.09594722416905842
6603,0.6443338299616886,0.9234659978274902,0.09595758443162238
6604,0.6443136572796173,0.9234509484233632,0.09596497185582502
6605,0.6442939906084276,0.9234379166232113,0.09597163239954284
6606,0.6443139201561636,0.9234425513477714,0.09597168048967049
6607,0.6443165413115303,0.9234552833896184,0.0959775915974225
6608,0.6442771132883629,0.9234415483103666,0.09601139175638708
6609,0.6442870860900309,0.9234397305452614,0.09601346442537406
6610,0.6443098102807074,0.9234417673645124,0.09601850895837165
6611,0.644305649305631,0.9234359720372848,0.09601928548475114
6612,0.6443051432018905,0.9234367022177711,0.09602196759176089
6613,0.6443033296273445,0.9234241200550766,0.096032244826286
6614,0.6442684995237281,0.9234135439671916,0.09604129181334786
6615,0.6442912132377386,0.9234138360393861,0.09604233028946367
6616,0.6443138512784582,0.923436683002495,0.09604222221645944
6617,0.6443245492284587,0.9234486579624694,0.09604878471490641
6618,0.6443231720931196,0.9234491498735339,0.09604690678578677
6619,0.6443520192341873,0.9234558329465106,0.09604438977039563
6620,0.6443597205136115,0.9234687609841723,0.09604016392169656
6621,0.6443565664487158,0.9234660439441524,0.09605002977329213
6622,0.6443411962723649,0.9234563517589613,0.09606178066150452
6623,0.6443204979791011,0.9234443037809383,0.09607015935239843
6624,0.6443703139931258,0.923457170329717,0.09607309581634922
6625,0.644402417107345,0.9234606060210575,0.09608047904023648
6626,0.644402417107345,0.9234606060210575,0.0960620843558381
6627,0.644410651301975,0.9234635997610511,0.09606323902589071
6628,0.6444037760587707,0.923462227790348,0.09606219606919549
6629,0.6444193573296108,0.923464925615092,0.09606634014778395
6630,0.6444285251390915,0.9234908393362432,0.09607113054666304
6631,0.6444601511550874,0.92348886016282,0.0960702416225356
6632,0.6444731360772354,0.923500988845002,0.09606992312569333
6633,0.6444827026955869,0.9235001741173016,0.09606980774716271
6634,0.6444844510715211,0.9235020994879521,0.09607477156345695
6635,0.6444855283005655,0.923514105192368,0.09608415187270741
6636,0.644471439597052,0.9235126371452851,0.0960815044824521
6637,0.6445019170816907,0.9235161573838399,0.09608279805660642
6638,0.6445009842781724,0.9235272253827892,0.096084319133541
6639,0.6445009842781724,0.9235272253827892,0.09608742178502788
6640,0.6445022745276031,0.9235099815941483,0.09609556480622047
6641,0.6445113559626747,0.9235061846556198,0.09609700771197408
6642,0.6445368556138094,0.9235135940660276,0.09609281350071168
6643,0.6445404614147452,0.9235197583265536,0.09609696241920813
6644,0.6445277885543429,0.9235390005038937,0.09610274619259525
6645,0.6445139285484239,0.9235326479336634,0.09610554083671717
6646,0.644528042141152,0.9235439849464762,0.09610573399629257
6647,0.6445034548958375,0.9235472592294987,0.09611415128572254
6648,0.6445333308813832,0.9235717894507812,0.09611626638833497
6649,0.644551835699214,0.9235580966451366,0.09612320823322114
6650,0.6445357014259634,0.9235388237233549,0.09613847249565229
6651,0.6445372397078845,0.9235496534528824,0.09613526828055977
6652,0.6445325019674883,0.9235404877662525,0.0961395490756166
6653,0.644527405840564,0.9235336778724546,0.09614308305173448
6654,0.6445358803297455,0.9235285550798853,0.09614659658592074
6655,0.6445201860968186,0.9235157961366519,0.09615025833354308
6656,0.6445088077294372,0.9235048011557512,0.09615729398262914
6657,0.6445276929142737,0.9234962196135102,0.09616544729123357
6658,0.6445874352140701,0.9235146854937019,0.0961669088837779
6659,0.6445917013718264,0.9235183786697402,0.09617679268799856
6660,0.6446242165705864,0.9235174294351081,0.0961817794590015
6661,0.6446232416299603,0.9235151043867176,0.09618396003447485
6662,0.644599870386224,0.9235115803051077,0.09619536434228033
6663,0.6446049856647388,0.923508363667913,0.09619809561934675
6664,0.6446151062255029,0.9235074490207776,0.0961997495366914
6665,0.6446041454620866,0.9235066381361324,0.09619792237532995
6666,0.6446008843191793,0.9235072261235766,0.09619863726706483
6667,0.6445894966217329,0.9235085097040102,0.09620534337670812
6668,0.6446190691364261,0.9235102775093981,0.09622962359810841
6669,0.6446254848236491,0.9234967038384643,0.0962349053554546
6670,0.6446346920533985,0.9234976377008757,0.09623463143939785
6671,0.6446189432262085,0.9234890331003035,0.09624758629524353
6672,0.6446230271914531,0.9234876496004348,0.09624906921919425
6673,0.6446375837468197,0.9234953626122027,0.09624886996213743
6674,0.644656380476587,0.9235154464186296,0.09625117495531017
6675,0.6446568073776671,0.9235203578431633,0.0962633462891429
6676,0.6446627865742204,0.9235207613639584,0.09626516549886394
6677,0.6446463225862527,0.9235076603888132,0.09627034502442683
6678,0.6446135486192682,0.9234846942909932,0.09626333957988309
6679,0.6446129833726718,0.9234825191217552,0.09626118923879477
6680,0.6446030250626188,0.9234710283867349,0.09627321255168793
6681,0.6445944930958368,0.9234734994712225,0.09627490418719693
6682,0.6445995228773087,0.9234741297322738,0.09628817073109677
6683,0.6445970873944837,0.9234602678322007,0.09629053144949164
6684,0.644610668851583,0.923463173181925,0.09629013825754783
6685,0.6445900871604868,0.923465248431728,0.09629418852435732
6686,0.6445827398159858,0.9234595453378249,0.09629649519234436
6687,0.6446003109900376,0.9234547799493883,0.0962979048014906
6688,0.6446144112570922,0.9234492651651897,0.09629722622791688
6689,0.6446195963278902,0.9234508216025419,0.09630192053477796
6690,0.6446438457166148,0.9234592494225752,0.09630124610438541
6691,0.644651489932243,0.9234613438876541,0.0963123678390248
6692,0.6446612341275658,0.923459991132227,0.09631168683066839
6693,0.6446559733433743,0.9234411140451301,0.09632373696430924
6694,0.644645875358892,0.9234425321324954,0.09632664408044185
6695,0.6446416230887391,0.9234392078897554,0.096335953193279
6696,0.6446630052236004,0.9234378205468315,0.09633825547350944
6697,0.6446557467625563,0.9234225213441172,0.09635426757840927
6698,0.6446705872259693,0.923424150799518,0.09635851648713178
6699,0.6446607103056246,0.923418409275063,0.0963650967355242
6700,0.6446631971236823,0.9234127830422638,0.09637068562169238
6701,0.6446630370748971,0.9234085941121059,0.09637840757131623
6702,0.6446563937678035,0.9234115455784924,0.09638626455697683
6703,0.6446582411512709,0.9234079062052267,0.09638993030587376
6704,0.6446640603274679,0.9234191701999909,0.09638339951147039
6705,0.6446587023820627,0.9234137207477303,0.09640214136652125
6706,0.644670342625692,0.9234283282005104,0.09640967849825363
6707,0.6446356153638887,0.92341452010321,0.09641686378342779
6708,0.6445967950184488,0.9234228249454772,0.09644132273211214
6709,0.6445913224214015,0.9234170027168632,0.09644942165896751
6710,0.6445787071319565,0.9234287125060294,0.09645747458203005
6711,0.6445870625230038,0.9234181633195309,0.09646170329992045
6712,0.6445942037551763,0.9234148044892941,0.0964687709290703
6713,0.6445911801941984,0.9234181441042549,0.09646851877856788
6714,0.6445800201222983,0.9234131212311206,0.0964740032128905
6715,0.6445652138235641,0.9234131212311206,0.09647867129255458
6716,0.6445652138235641,0.9234131212311206,0.0964724259019181
6717,0.6445608245030392,0.9234221178233222,0.09647958898246609
6718,0.6445571149709248,0.9234116301257066,0.0964875555575356
6719,0.6445548317130212,0.9234197697166006,0.09648370514236514
6720,0.6445775602889575,0.9234210110234272,0.09648485487569232
6721,0.6445803976262232,0.9234168643668764,0.09646776945668152
6722,0.6445798298784745,0.9234120528617775,0.09646572164371561
6723,0.6445585206541118,0.9233933563982746,0.09648012904004814
6724,0.6445346221341977,0.9233907815512967,0.0964883506600829
6725,0.6445909020789599,0.9234084403898982,0.0964852437116983
6726,0.6445838479583611,0.9234164800613573,0.09648927394855128
6727,0.6445883604045382,0.9234229671385192,0.0964921061646659
6728,0.6445722320485413,0.9234316332279744,0.09649874537639515
6729,0.6445958393319459,0.9234408565604323,0.09650143353021615
6730,0.6446059837812393,0.9234412908256688,0.09650612531510953
6731,0.6446044761419694,0.9234503181623119,0.09651255641225213
6732,0.6445720828545558,0.9234424283700052,0.0965221443805095
6733,0.6445601217861368,0.9234353417762335,0.0965307948859191
6734,0.6445762169630114,0.9234366330427776,0.09652777217765345
6735,0.644556262964948,0.9234341350569036,0.09653495245344386
6736,0.6445512982123943,0.9234337430652741,0.09653834082830226
6737,0.6445617488777483,0.9234312642946761,0.09653615002509006
6738,0.644567607177775,0.923424934782777,0.09653697942654614
6739,0.6445883084724319,0.9234045742763763,0.09655087714521682
6740,0.6445606300098934,0.9233997397129464,0.09656478948521033
6741,0.6445325327482025,0.9234042745180715,0.09657455464225434
6742,0.6445803486404935,0.9234224444830134,0.09658329333012333
6743,0.6445911663035407,0.9234304226655894,0.09659430286295388
6744,0.6445992918018372,0.9234208688303851,0.09659171636652952
6745,0.6446125049672585,0.9234137053755096,0.09659431209433182
6746,0.6446122030316747,0.9234237664939989,0.09659530163240296
6747,0.6446458748576712,0.9234235589690186,0.09660062923868368
6748,0.644632578044368,0.9234270638353527,0.09661027379026664
6749,0.6446524106758449,0.9234378128607211,0.09661038495909766
6750,0.6446438741472229,0.9234346577124095,0.09661336508117113
6751,0.6446673157898958,0.9234326055209376,0.09661171980717992
6752,0.6446929115856566,0.9234272137145051,0.0966146024408759
6753,0.6446861977397541,0.9234306109752937,0.09661362023482237
6754,0.6446611233458408,0.9234286279588153,0.09662002710697694
6755,0.6446288918557171,0.9234267064312199,0.09663166698625336
6756,0.6446258904098464,0.923426325968756,0.09663198898077435
6757,0.6446090847390156,0.923420964906765,0.09663880764159
6758,0.6446333083386656,0.9234272137145051,0.09663352348747783
6759,0.644635541526022,0.9234216566566993,0.09663230646772497
6760,0.6446304424035458,0.9234242660911738,0.09663453834358912
6761,0.644629463072509,0.9234213069386769,0.0966368378464176
6762,0.6446392151262593,0.9234340774110757,0.09663322481163107
6763,0.644627617365285,0.9234225482455035,0.09664288802176872
6764,0.6446349717017278,0.9234295541351163,0.09664728294967458
6765,0.6446329214260644,0.9234334855805764,0.09664915713385441
6766,0.6446011343480559,0.9234174139237686,0.09666329369796346
6767,0.644594601110383,0.9234191586708252,0.096666543721716
6768,0.64459351154227,0.9234394461591773,0.09666889133594854
6769,0.6446024133963011,0.9234369520163584,0.09668175892649802
6770,0.6446042348415705,0.9234309453210953,0.09669127579397023
6771,0.6446053052985732,0.9234255496716075,0.0967003329697623
6772,0.644650723673522,0.9234139398018762,0.09674552273195494
6773,0.6446456470671457,0.9234164070433086,0.09675108782413652
6774,0.6446454755289821,0.9234152964003586,0.09675926882975658
6775,0.6446642363301543,0.9234216950872511,0.09675549379751952
6776,0.6446554641426812,0.9234159919933481,0.09675258759504776
6777,0.6446567609597227,0.9234271099520149,0.09675581771093342
6778,0.6446814200076018,0.9234286394879808,0.09675383927262925
6779,0.6446812175186337,0.9234250347022119,0.09676367813290561
6780,0.6446681859128677,0.9234459332363393,0.09677661158389758
6781,0.6446538201300868,0.9234299038531386,0.09678890276714787
6782,0.6446565215353803,0.9234280361283159,0.09679514181698828
6783,0.6446474903928711,0.9234170219321391,0.09679837046864992
6784,0.6446728479165176,0.9234194776444061,0.09679686476986912
6785,0.6446702909206874,0.9234260492687822,0.09679617086631842
6786,0.6446748109036924,0.9234325786195514,0.0967981594947175
6787,0.6446841497153636,0.9234287624657469,0.09680043436312263
6788,0.6446543907706763,0.9234297270725998,0.09681043803410534
6789,0.6446484562451215,0.9234216374414232,0.09681566432156936
6790,0.6446494263549163,0.9234154116920142,0.09681862696559183
6791,0.6446218468633257,0.9234214222303326,0.09682171927666679
6792,0.6446053824578748,0.9234425705630473,0.096829360835688
6793,0.6446175823975067,0.9234445612656361,0.09683023599356831
6794,0.6446370029803261,0.9234433045865887,0.09682988024897005
6795,0.6446393314791955,0.9234401148507805,0.09681914692848731
6796,0.6446253376391103,0.923436944330248,0.0968244763708157
6797,0.6446640942844034,0.9234621163417475,0.09683094183145269
6798,0.644690504625934,0.9234627197014125,0.0968311237122814
6799,0.6446713436511634,0.923459729804474,0.09684092028115439
6800,0.6446839711009499,0.9234573240519246,0.09684386210827654
6801,0.6446719184703669,0.9234510483427981,0.09685139520572712
6802,0.6446895749926795,0.9234296194670545,0.09686915589817822
6803,0.644684347240698,0.9234194738013509,0.09687261367284906
6804,0.644679358664326,0.9234148121754046,0.09688236380691587
6805,0.6446978364101156,0.9234199426540841,0.0968762027630006
6806,0.6446967159890987,0.9234348575512795,0.09687703833869807
6807,0.6446846746770274,0.923421994845556,0.09688590186835572
6808,0.6446992805888123,0.9234240124495312,0.09689563380498767
6809,0.6447088192117281,0.9234265834534537,0.09689587349117572
6810,0.6447217778729244,0.9234194046263574,0.09690704482634173
6811,0.6447147220787557,0.9234133979310943,0.09691001525702038
6812,0.6447448685571893,0.9234101582355685,0.09691220284907354
6813,0.6447360652799023,0.9234067263872832,0.096921802484685
6814,0.6447239278522252,0.9234045320027693,0.0969321547150778
6815,0.6447153119893881,0.9234016343391555,0.09693668944633368
6816,0.6447308641309404,0.9234109191604962,0.09693451166139953
6817,0.6447239340007677,0.9234059808345761,0.09694520389745452
6818,0.6447137048431798,0.9234183170417385,0.09694995133409376
6819,0.6447488703598171,0.9234235282245772,0.09695285183300618
6820,0.6447394247972609,0.9234273520644919,0.09695978331145762
6821,0.6447318257739449,0.9234233552870935,0.09697576746844729
6822,0.6447511871825474,0.9234315333085394,0.09698239841462376
6823,0.6447778601552927,0.9234414445478765,0.096983630920529
6824,0.6447824744344007,0.923436137288658,0.09698722980929893
6825,0.6447892171386707,0.9234386391175872,0.09698966979269019
6826,0.6447610540572062,0.9234490806985405,0.09700003837660175
6827,0.6447526313586628,0.9234396152536056,0.09700605472074195
6828,0.6447371180401357,0.9234373939677054,0.09701243951539769
6829,0.6447460270874902,0.9234079638510546,0.09706852475807362
6830,0.6447294717373757,0.9233963117077162,0.09707867378379376
6831,0.6447272343976944,0.9233951357328278,0.0970829632962454
6832,0.6447059745327887,0.9234004314628808,0.09709583954404893
6833,0.6447004857393118,0.9234014152850095,0.09710118414053825
6834,0.644736323916486,0.9234031177584591,0.09709990801158129
6835,0.6447104965977036,0.9233710474628922,0.09711161815070303
6836,0.644723420951486,0.9233809394869532,0.09710399943386692
6837,0.6446783464919454,0.9233705286504414,0.09711614460748473
6838,0.644681189855358,0.9233748175000344,0.09711051101262551
6839,0.6446754014864319,0.9233644912107368,0.0971230506610534
6840,0.6446712619310772,0.9233564400101122,0.09713098848569568
6841,0.6446774215942196,0.92335347701456,0.09713667352502763
6842,0.6446695888304728,0.9233449915486989,0.09714029194435818
6843,0.6446546835856373,0.9233396650742045,0.09715081810857999
6844,0.6446462006931059,0.9233466786499276,0.09715587300640416
6845,0.6446606271166109,0.9233462482277462,0.0971509070451827
6846,0.644681144337535,0.9233757552055009,0.09714586082787846
6847,0.6447098265454854,0.9233797519828992,0.09714497041718875
6848,0.6447019147339434,0.9233821116187864,0.09714317699740588
6849,0.6447543352820084,0.9233940250898778,0.0971349391880545
6850,0.6447636064797451,0.9234015152044445,0.09713891819163005
6851,0.6447700730993663,0.9233887677903768,0.09714485519316761
6852,0.6447602471019429,0.9233827111353962,0.09716347342662157
6853,0.6447743561538996,0.9233921150914479,0.09717088660470832
6854,0.6447964262630598,0.9233893596208762,0.09716996152812576
6855,0.6448287397772977,0.9233988135366454,0.09716828753086822
6856,0.6448334234431292,0.9233929682497003,0.09716820776527968
6857,0.6448219044759577,0.923387603344654,0.09718547898293196
6858,0.6447962508279741,0.9233814698285695,0.0971846017678091
6859,0.6448233676809286,0.9233744447236808,0.09719268619895291
6860,0.6448272712801638,0.923372211908615,0.0971989721312678
6861,0.644819974281156,0.9233716123920053,0.09720404131156025
6862,0.644821044049472,0.923391995956737,0.09720692356050575
6863,0.6448275024258686,0.9233983331547465,0.09721393756946806
6864,0.6448427702095263,0.9234047472138599,0.09721353735773144
6865,0.6448307331445154,0.9233963655104889,0.09722301390796483
6866,0.6447798279602709,0.9233895517736357,0.09723556899563413
6867,0.6447807550000108,0.9234138783129932,0.09724940841286779
6868,0.6447647092993593,0.9234017919044183,0.09726015638430212
6869,0.644792589546755,0.9233992016852197,0.09726269286069592
6870,0.6447864116035034,0.923391392597072,0.0972710953010402
6871,0.6448260148568348,0.9234006697323025,0.09726609270685588
6872,0.6448230178195736,0.9233951933786557,0.09726942113819532
6873,0.6448333344002671,0.9234055388832292,0.09727600435857228
6874,0.644820602890451,0.9234117953770797,0.09728282544318703
6875,0.6448328738895012,0.9234305110558587,0.0972771633209978
6876,0.6448097751326778,0.9234235743412395,0.09728607746369689
6877,0.6448132948826478,0.9234146853545833,0.09729851269366435
6878,0.6448004672890343,0.9233969342826571,0.09730217462912157
6879,0.644793757328844,0.9233959965771906,0.09730988267956305
6880,0.6447957407291728,0.9234046127069282,0.09731305054563077
6881,0.6448116500011919,0.9234198619499252,0.09731758827917046
6882,0.6448183829036515,0.9234288124254644,0.09731652555814473
6883,0.6448202529172737,0.9234309645363713,0.09732164704898917
6884,0.644789957682947,0.9234230862732302,0.09732748189130384
6885,0.6447763535476432,0.923412022117336,0.09734457121758125
6886,0.6447871545463739,0.9234107769674542,0.09735394780661805
6887,0.6447766511129776,0.9234252960299649,0.09736023060281143
6888,0.6447509403760001,0.9234088669690245,0.0973686091073242
6889,0.6447515404731381,0.9234011270558702,0.09737676824303476
6890,0.6447387914916534,0.9234007158489648,0.09738224489903516
6891,0.6447285749754545,0.9233962655910539,0.09738691553077965
6892,0.6447485612029453,0.9234095702481243,0.09739382485537902
6893,0.6447642243686207,0.9234181172028686,0.09739990208377042
6894,0.6447705721342644,0.9234191817291564,0.0974026046454115
6895,0.6447599253073024,0.9234079945954962,0.09741710433289427
6896,0.6447870984486009,0.9234122719159235,0.09741663606640186
6897,0.6448314823491214,0.9234283051421792,0.09741420592343805
6898,0.6448313386077691,0.9234350266457079,0.09742615659824504
6899,0.6448559468610943,0.9234499453859584,0.09742829025082875
6900,0.6448553841940239,0.9234513519441582,0.09743364733879295
6901,0.6448549208316683,0.9234371480121731,0.09743749295350916
6902,0.6448401250414706,0.9234072913163962,0.09747960919207475
6903,0.6448392124183457,0.9234048048596878,0.09749036622004281
6904,0.6448615396943659,0.9233974031353904,0.09749280858832106
6905,0.6448464607152288,0.9234045819624868,0.097493882401667
6906,0.6448268090461573,0.9234010271364352,0.09751056329344368
6907,0.6448064145956475,0.9233985291505613,0.09753030332966554
6908,0.6448056488120475,0.9233981179436559,0.09753735325582455
6909,0.6448052760732659,0.9233939136412772,0.09754192191979161
6910,0.6448088322603589,0.9233992247435509,0.09754527223258122
6911,0.6448281583841988,0.9234003007990043,0.09754442273241651
6912,0.6448407061592247,0.9234037326472896,0.0975468751544115
6913,0.6448711897163857,0.9234086402287681,0.09754661309575681
6914,0.6448600280497975,0.9233984407602919,0.09755849326862005
6915,0.6448684724883152,0.9233907008471377,0.0975611831095699
6916,0.6448739839517351,0.9233965538201933,0.09755797785350248
6917,0.6448532393909421,0.9233749942805731,0.09757455426266241
6918,0.6448566777086682,0.9233742026112038,0.09757443003585116
6919,0.6448338831506776,0.9233608287791399,0.09762814483103244
6920,0.6448283884304821,0.9233574276752962,0.09763213025617998
6921,0.6448278948257837,0.923356355462898,0.09763315718813914
6922,0.6448293980581257,0.9233631576705856,0.09762895375833122
6923,0.6448178686771272,0.9233691336214073,0.09764923794112194
6924,0.6448620276768816,0.9233816504521635,0.09764582534365915
6925,0.6448626760924212,0.9233866694822426,0.09765291485132808
6926,0.6448764975398664,0.9233919921136818,0.09765705060579265
6927,0.6448747068313163,0.923389013745909,0.09765564062832202
6928,0.6448775832529098,0.923370117443536,0.09766673911269377
6929,0.6448907501005273,0.9233694141644362,0.0976728971957463
6930,0.6448949739886798,0.9233580156627403,0.09767961805390217
6931,0.6448886365107569,0.9233507446023195,0.09769608293813464
6932,0.6448878463764548,0.9233574353614066,0.09768904995819463
6933,0.6448820725692741,0.9233610593624514,0.09767602606835772
6934,0.6448756422437637,0.9233563593059532,0.09769358928500747
6935,0.6448927513979453,0.9233719890114139,0.09769172838301189
6936,0.6448621553767465,0.9233593530459467,0.09771052099031022
6937,0.6448757619849476,0.9233613514346459,0.09770769991720937
6938,0.6448718776207761,0.9233731265557504,0.09771758173764854
6939,0.644868609846279,0.9233734839598832,0.09772183415637319
6940,0.6448857848910885,0.9233880914126632,0.09771656650748445
6941,0.6448818040459676,0.923389759298616,0.09771766424625943
6942,0.6448845048352694,0.9233973992923352,0.09771824854045341
6943,0.6448795298521917,0.9233909275873939,0.09772429543521827
6944,0.6448625213931833,0.9234007965531238,0.09772500680545798
6945,0.6448639106550651,0.9234042898902922,0.09772904735513095
6946,0.644864048724522,0.9234174946279277,0.0977331938520391
6947,0.6449032426014644,0.9234254266938414,0.09773735668811448
6948,0.6448934801398217,0.9234170949501879,0.09773892405673024
6949,0.6449231372873936,0.923435491655386,0.09774401490487553
6950,0.6449208117135241,0.9234267218034407,0.09775844145408982
6951,0.6449105747918779,0.9234231054885061,0.09776545373829364
6952,0.6448905279682766,0.9234191701999909,0.09777607120312541
6953,0.6448921651995889,0.923430937634985,0.09777811903191364
6954,0.6449122439651558,0.9234399188549657,0.09777921941773585
6955,0.6448976793611619,0.9234382202245713,0.09779230556135654
6956,0.6448988973063948,0.9234431431782707,0.09779557447930115
6957,0.6448904381591173,0.9234430701602221,0.09781483369771794
6958,0.6449072246775109,0.923444215390669,0.09781706707561547
6959,0.6449131651449815,0.923449253636024,0.09782396573013152
6960,0.6449131651449815,0.923449253636024,0.09781785897455102
6961,0.6449097651357699,0.9234422746477976,0.09782301522055106
6962,0.64494795059063,0.9234477932750516,0.09782393341415146
6963,0.6449364794705494,0.9234466480446047,0.09782753233908355
6964,0.6449580072672668,0.923449837780413,0.09782539380466612
6965,0.6449548348145508,0.9234503873373053,0.09782618397336462
6966,0.6449310456277978,0.9234498185651371,0.09783148517735685
6967,0.6449595837515343,0.9234656634816886,0.09783258836846963
6968,0.6449736081787127,0.9234679923731341,0.09783000185181576
6969,0.6449871704502699,0.923475605465467,0.097836310126984
6970,0.6449697583381107,0.9234568590422465,0.09784642863447236
6971,0.644968130050025,0.9234449571003208,0.09786700366528833
6972,0.644995648490892,0.9234530544176077,0.09788416439458197
6973,0.6449931990185176,0.9234660631594284,0.0978865514873937
6974,0.6450283536646861,0.9234791141748562,0.09788068257171738
6975,0.6450040447281897,0.9234868310296792,0.09789422544404976
6976,0.645008690772436,0.9234909892153956,0.09789525939398619
6977,0.645037024582106,0.9234927032180107,0.09791146665332652
6978,0.6450259788299554,0.9234919115486414,0.09791566834595207
6979,0.6450292150934223,0.9235007928491873,0.09792376947468788
6980,0.645037607261551,0.9235113958384585,0.09792353181045874
6981,0.6450432996935972,0.9235053238112572,0.09792766968538692
6982,0.6450345102648983,0.9235025452823542,0.09793965608177166
6983,0.6450383077357166,0.9235017689852056,0.09794422743213244
6984,0.6450273813034495,0.923498955868806,0.0979464614290026
6985,0.645033532215475,0.9235010195894435,0.09795573500572112
6986,0.6450283029287965,0.9234856665839565,0.09796846458909743
6987,0.6450426005747274,0.9234898747293903,0.09796671733654728
6988,0.6450495347769192,0.9234886257364533,0.09797267449057943
6989,0.6450423377341638,0.923481750510717,0.0979849698307606
6990,0.6450464187306183,0.923488056964285,0.09798731343221638
6991,0.6450198641707355,0.9234684650689227,0.09800027429433474
6992,0.6450452947754102,0.9234786145776814,0.0979980943304509
6993,0.6450371681168325,0.9234692528952367,0.09799971960519967
6994,0.6450585949901623,0.923478749084613,0.09800547073802966
6995,0.6450577956358348,0.9234793601303884,0.09801249044353655
6996,0.645053343227,0.9235015768324462,0.09802465238603139
6997,0.6450615840803703,0.9235010234324987,0.09802728863244503
6998,0.6450679176908027,0.9234957277024458,0.09803212505752562
6999,0.6450535415777188,0.9234834491411114,0.09804154168884248
7000,0.6450535415777188,0.9234834491411114,0.09803869255499363
7001,0.6450446443727139,0.9234810357024515,0.09804983577823877
7002,0.6450612686110501,0.9234788797484895,0.09804982456413339
7003,0.645059949653828,0.9234699331160054,0.09805787465762174
7004,0.6450575017365215,0.9234634614110643,0.09806501014756609
7005,0.6450362313282735,0.9234413061978896,0.09808243819959507
7006,0.645034590273139,0.9234333203292032,0.09808607990062213
7007,0.6450302385068258,0.923424070095359,0.09809909488157643
7008,0.6450197158819526,0.9234316985599127,0.09811113593831222
7009,0.6450231318500447,0.9234256995507599,0.09810966478154005
7010,0.6450340643705372,0.92344695548902,0.09811038325133849
7011,0.6450375574073735,0.9234512404955577,0.09811579513053333
7012,0.6449889659111877,0.9234520014204854,0.09814936872758236
7013,0.6449949271870434,0.9234571357422203,0.09815370716971343
7014,0.6450092135748716,0.9234523396093423,0.09816180745059543
7015,0.6450089882570835,0.923457170329717,0.09816830976941188
7016,0.6450031909409607,0.9234543572133174,0.09817146043415079
7017,0.6450033705365426,0.9234469670181855,0.09817645565557451
7018,0.6450174388349738,0.9234535271133961,0.09817594746411219
7019,0.64504251585077,0.9234614130626476,0.09817225791340001
7020,0.6450354996107566,0.9234611133043427,0.09817436293985282
7021,0.6450664237777687,0.9234686187911303,0.09817122389603258
7022,0.6450615619100881,0.9234621663014649,0.09819056570954118
7023,0.6450649702319236,0.9234634575680091,0.09819227867963112
7024,0.6450666047424922,0.9234749444599742,0.09819344494634367
7025,0.6450542821209372,0.9234806629260981,0.09819583604302445
7026,0.6450821201232827,0.9234835721188774,0.09819831200480941
7027,0.645085141719485,0.9234833684369523,0.09819253204146715
7028,0.6450830384609504,0.923481788941269,0.0981907537228042
7029,0.6450743674582041,0.923490735573753,0.09818447170549922
7030,0.6450773412018758,0.9234902167613023,0.09818939181169453
7031,0.6450788588824655,0.9234940559734378,0.09819176653698891
7032,0.6450747150703154,0.9234942442831422,0.09821309571087271
7033,0.6450808634659404,0.9234938407623472,0.09821465980495081
7034,0.6450805857085136,0.9234928454110528,0.09821917758146388
7035,0.6451188794013465,0.9235055159640166,0.09821364299433678
7036,0.6451215405657046,0.9235125756564021,0.09821490872617841
7037,0.6451396915343893,0.923514024488209,0.09821336582288204
7038,0.6451371706355638,0.9235066573514084,0.0982174874441634
7039,0.6451356502563323,0.9235084366859616,0.09822364672062957
7040,0.6451047692256189,0.9235004892478271,0.09823886885839025
7041,0.6451153980527391,0.9234945478845022,0.09824550237297366
7042,0.6451413012643463,0.9234966116051397,0.09824492948743982
7043,0.6451497899906256,0.9234929376443773,0.0982471982051108
7044,0.6451230028993304,0.9234872614518606,0.09825533176973449
7045,0.645138517114416,0.9234874267032338,0.09825676350536357
7046,0.6451462158978593,0.9235148968617373,0.09823879573769177
7047,0.6451462158978593,0.9235148968617373,0.09823005840298096
7048,0.6451293730914381,0.9235152965394772,0.09824058455837117
7049,0.6451120506438142,0.9235033753822754,0.09826321929269739
7050,0.6451069964484497,0.9235057119598314,0.09826631610036458
7051,0.645111035012096,0.9235053238112572,0.09826563797046092
7052,0.6451270943866507,0.9235102813524532,0.09826732535694904
7053,0.645127384636566,0.9235079947346148,0.09826789509833568
7054,0.6451303609397627,0.9235119069647989,0.0982677080753981
7055,0.645128817895448,0.9235011195088785,0.0982765525611348
7056,0.6451146532624988,0.9235013462491347,0.09827806827699008
7057,0.6451777563928324,0.9235098663024927,0.09830640267273791
7058,0.6451747712352294,0.9235108578107318,0.09830911555916112
7059,0.6451788928274845,0.9235007352033594,0.09831538704644732
7060,0.6452117082951357,0.9235099777510931,0.09831768785109068
7061,0.6452158885671829,0.9235121682925519,0.09832042085678529
7062,0.6452424506194624,0.9235220372582817,0.09832057047664809
7063,0.6452257180360119,0.9235203809014945,0.0983294671636553
7064,0.6452206701789237,0.9235207190903513,0.09833177867631275
7065,0.645177677631493,0.9235161343255087,0.09834274706579882
7066,0.6451688378810488,0.9235107463621313,0.09834444856156577
7067,0.6451610314022728,0.9235122566828212,0.09834928398758098
7068,0.6451557472202781,0.9235155002214023,0.09835747601762793
7069,0.6451551585925674,0.9235140667618161,0.09836431090176805
7070,0.6451250590594992,0.9235051547168287,0.09837392569663868
7071,0.6451129365982432,0.9234939560540029,0.0983812844379236
7072,0.6451063593699329,0.9235023954032018,0.09837639730913307
7073,0.6451123758460392,0.9235056581570588,0.09838093658434419
7074,0.6451203420068299,0.923499659147906,0.0983780431996476
7075,0.6451267211710181,0.923509047731737,0.0983780018318246
7076,0.6451548448387412,0.9235083675109682,0.09838972432753765
7077,0.6451473497169667,0.9235035329475383,0.09840219850598596
7078,0.6451697316149118,0.9235336279127371,0.09844214811569352
7079,0.6451955099488536,0.9235491115821006,0.09844581487485579
7080,0.6452027258621729,0.9235576700660104,0.09844734094002726
7081,0.6452056586231834,0.9235576008910169,0.09845117531209643
7082,0.6451490800295451,0.923550429750031,0.09846715353316694
7083,0.6451472396362617,0.9235459026310163,0.0984662823764286
7084,0.6451118924440146,0.9235391004233287,0.09848274635680045
7085,0.6451275172874998,0.9235637920529293,0.09848939818075446
7086,0.6451054339019079,0.9235705327717338,0.09848342321192989
7087,0.6450921711273288,0.9235712475799993,0.09848706230695863
7088,0.6450879731104359,0.9235503336736512,0.09852353837459112
7089,0.64512033499757,0.9235637305640462,0.09852545159731894
7090,0.6451347621396775,0.9235575701465755,0.09852410513975274
7091,0.6451619831503344,0.9235625661183234,0.0985270785564082
7092,0.6451627489838446,0.9235691838593619,0.09853029758079139
7093,0.6452019043784681,0.9236128486524392,0.0985394499284712
7094,0.6451932220614208,0.9236099663610462,0.09854358899961227
7095,0.6452000520026366,0.9236117610678203,0.0985430749088763
7096,0.6451881561530959,0.9236014463076883,0.09855371483301806
7097,0.6451932003267854,0.9236057351572812,0.09855000709849815
7098,0.6452166913172921,0.9236139054926167,0.09854926843431093
7099,0.645201838661328,0.9236069995224389,0.09855216178102519
7100,0.6451913386865488,0.9235941790903226,0.09855359659155231
7101,0.6451925998426932,0.9236010351007828,0.09855015835360868
7102,0.6451562180387689,0.9235875459770633,0.09856249892731424
7103,0.6451540059891716,0.9235920500377469,0.0985673316074389
7104,0.6451458315177863,0.9235902860754143,0.09856976788828302
7105,0.645152136752217,0.9235885028978058,0.09857392622130583
7106,0.6451523905925777,0.9235917656516628,0.09857787495406437
7107,0.6451996312331628,0.9235839834649014,0.09857455618731263
7108,0.645188603574881,0.9235763319420167,0.0985789890036621
7109,0.6451880117698541,0.9235801596249866,0.09857325108349667
7110,0.6451742657933024,0.9235792334486858,0.09858244989815941
7111,0.6451737405853156,0.9235795908528185,0.09858614030716047
7112,0.6451737405853156,0.9235795908528185,0.0985751370332551
7113,0.6451706786628113,0.9235774079974701,0.09858295472706313
7114,0.6451582251094914,0.9235722813618457,0.09860350481916913
7115,0.6451878814086144,0.9235728040173515,0.09860006466922075
7116,0.6452043111614059,0.9235594224991773,0.09860933053763321
7117,0.6452221051612461,0.9235679156511489,0.0986169343146908
7118,0.6452090641782652,0.9235611518740132,0.09862620868473174
7119,0.6451991053486499,0.9235696258107088,0.09863140763252029
7120,0.6452145204857871,0.9235764011170101,0.09863358397634889
7121,0.645208857165884,0.9235851056370172,0.09863912876611751
7122,0.6451968375531625,0.9235798790819577,0.09863853852738447
7123,0.6451861872264053,0.9235753173754463,0.09864106961995096
7124,0.6451733847941564,0.923577023691951,0.09864897554985107
7125,0.6451699098536684,0.9235733189867471,0.09865144532637833
7126,0.6451727799033984,0.9235755594879234,0.09865309758604952
7127,0.6451687279100521,0.9235750714199141,0.09866351307131158
7128,0.6451583897358094,0.9235631886932643,0.09866896180018733
7129,0.645176273464543,0.9235625891766546,0.09867441257347369
7130,0.6451670813404379,0.9235533812164175,0.09868330626478049
7131,0.6451563062970292,0.9235481469752477,0.09868254887085948
7132,0.645159403774503,0.923555183609302,0.09869039686184702
7133,0.6451469628502108,0.9235541113969038,0.09869432948502097
7134,0.6451443792886552,0.9235566593424952,0.09870072004890201
7135,0.6451332628684231,0.9235609405059777,0.09870433785455006
7136,0.6451200825202846,0.9235565094633428,0.09871173388292154
7137,0.6451220580177199,0.9235525511164963,0.09871130866750243
7138,0.64514705534182,0.9235284474743399,0.09872058827530512
7139,0.6451482405591655,0.9235158460963694,0.09873078048301918
7140,0.6451816720325965,0.9235193048460411,0.09869982710307232
7141,0.6451893399920111,0.9235291776548261,0.09870314117744222
7142,0.6451806439187009,0.9235310838102008,0.09870523657063734
7143,0.6451688519004135,0.9235310607518696,0.09871903787105155
7144,0.6451493419603394,0.9235195085279662,0.09873243943648005
7145,0.6451687776635677,0.9235354495208975,0.09873009028862605
7146,0.645177234231996,0.9235363295805361,0.0987281794196491
7147,0.6451657070644394,0.923533224391942,0.09873334077582013
7148,0.645144455480489,0.92352975795616,0.09874189779157323
7149,0.6451432562169019,0.9235394808857925,0.09874088594172613
7150,0.6451472599721431,0.9235375439859764,0.09874799306396231
7151,0.6451701991303929,0.9235520592054319,0.09874488419993105
7152,0.6451789065997126,0.9235539461455305,0.09874607574783119
7153,0.6451867464026737,0.9235500761889535,0.09874523704099421
7154,0.6451987660539552,0.9235450225713776,0.09874726442116433
7155,0.6451987570578018,0.923543842753434,0.0987437503572815
7156,0.6451682240723313,0.9235412717495114,0.09875684439888327
7157,0.6451913505873285,0.9235491692279284,0.09875213836011643
7158,0.6451932773955507,0.9235518862679483,0.09876315971873251
7159,0.6451908745500576,0.9235432701382107,0.09876694575465149
7160,0.6452038961375878,0.923548273796069,0.09876469718971315
7161,0.6452041484929035,0.9235442385881187,0.09876711229257096
7162,0.6452005893269539,0.9235361143694455,0.09877068154952713
7163,0.6451756213172157,0.9235316756407002,0.09878082405366057
7164,0.6451757888272834,0.9235327324808776,0.09877714417949034
7165,0.6451714324925861,0.9235393579080264,0.09877430272074961
7166,0.6452017015705033,0.9235563480550247,0.09877520859471293
7167,0.6452100355955439,0.9235524319817854,0.09878299635830794
7168,0.6452036270822431,0.9235705712022858,0.09878236151952097
7169,0.6451947011847612,0.9235602180116018,0.09879130878583182
7170,0.6452261696652907,0.9235652024541843,0.09878930550596456
7171,0.6452152614400839,0.9235683845038822,0.09879091548744276
7172,0.6452153735487748,0.9235690993121477,0.09879587243374714
7173,0.6452100870145073,0.9235483314418969,0.0988091949543125
7174,0.6452031000421615,0.9235565017772324,0.09880079432764667
7175,0.6452187616507579,0.9235702061120427,0.09880735739339229
7176,0.6452227734354715,0.9235759630087184,0.09881402513450707
7177,0.6452221342449578,0.9235608790170947,0.09882229842903381
7178,0.6452344589604476,0.9235779037515897,0.09882743819710636
7179,0.6452332125418665,0.923578372604323,0.09882789738280949
7180,0.6452346735972471,0.9235740376380678,0.09882953780033502
7181,0.6452612328271357,0.923579341054231,0.09884774981528892
7182,0.6452371502732028,0.9235771812572139,0.0988581386733875
7183,0.6452375880464587,0.9235813355998751,0.09886111178605782
7184,0.6452545121816003,0.9235863431007886,0.09886441646895847
7185,0.6452782818039859,0.9235913198572606,0.09885861679264152
7186,0.6452922431228242,0.9235976993288773,0.09886138174413801
7187,0.6453093555171412,0.9236010120424517,0.098873429744751
7188,0.6453126225691529,0.9236054776725834,0.0988759444776067
7189,0.6452933912545276,0.9235974264719587,0.09888538846481305
7190,0.6452740744829889,0.9235935334570505,0.09889340010834925
7191,0.6452755609724976,0.9235929839001582,0.09889813649384158
7192,0.64532120226163,0.9235800673916621,0.09893833330368078
7193,0.6453232340307817,0.923586189378581,0.09894541089311122
7194,0.645314277739739,0.923588506740861,0.09894455956088576
7195,0.6453170209056587,0.923587722757602,0.09894523125828131
7196,0.6453157067475925,0.9235861509480291,0.09895055299638396
7197,0.6453387259513644,0.9236010850605003,0.09895074981006778
7198,0.6453493771757938,0.9236008391049682,0.09895437069325658
7199,0.6453576477843114,0.9236026338117422,0.09895544733422362
7200,0.6453611665171901,0.9236008583202441,0.09896326642389634
7201,0.6453611665171901,0.9236008583202441,0.09895807932159523
7202,0.6453431306433723,0.9235960352859797,0.09896000296013449
7203,0.6453696923110008,0.9235955818054672,0.09896160743561588
7204,0.6453618951777078,0.9235864430202235,0.09897120397417568
7205,0.6453664584650484,0.9235804209527396,0.09897983566911567
7206,0.6453629672191472,0.9235784225640404,0.09898416473890705
7207,0.6453753075847023,0.9235752251421218,0.09899602532804964
7208,0.6453460901658876,0.9235744988046907,0.0990015035196196
7209,0.6453647576136091,0.9235888718311042,0.09900143928350086
7210,0.645341385403665,0.9235841102857227,0.09901892729850133
7211,0.6453735791110198,0.9235800712347173,0.0990091860901241
7212,0.6453841680293428,0.9235804709124571,0.09901628278826319
7213,0.6453760883606513,0.9235740491672334,0.09901905861797589
7214,0.6453505138940174,0.9235788414570563,0.09903105211956173
7215,0.6453395193222029,0.9235744949616355,0.09903714721175862
7216,0.6453220444785358,0.9235786723626278,0.0990419764129138
7217,0.6453251900162714,0.923583045759435,0.0990387894010224
7218,0.6453243684870146,0.9235912429961568,0.09904061028917026
7219,0.6453198926747761,0.9235884106644813,0.09904244816097445
7220,0.645306666319211,0.9235770698086133,0.09905364331502282
7221,0.6453180776537527,0.9235770390641718,0.09905307494015729
7222,0.6453039318917279,0.9235771505127723,0.0990566687575008
7223,0.645290044630619,0.9236127372038387,0.09909940640761228
7224,0.6452986097615995,0.9236155656924591,0.09910205013914186
7225,0.6452839303493874,0.923609881813832,0.09910685939971871
7226,0.6453239523981887,0.9236133828371107,0.099114496028096
7227,0.6453273303227655,0.9236357571044314,0.09911859613811566
7228,0.6453344307034076,0.9236437352870073,0.0991230825065964
7229,0.64534797831724,0.9236423479440835,0.0991283358074544
7230,0.6453331569866408,0.9236329824185836,0.09912433046243323
7231,0.6453412174476533,0.9236202119461847,0.09913666768098692
7232,0.6453685934154155,0.9236289741120196,0.09913822687367496
7233,0.6453805353827712,0.9236216761502124,0.09914935099219564
7234,0.6453732563643516,0.9236204617447721,0.09915886025535557
7235,0.6453889178648722,0.9236253270526436,0.09915974375126624
7236,0.6453744570623913,0.923613890120396,0.09917223421706012
7237,0.6453589584298177,0.9236154388716378,0.09917529623357783
7238,0.6453674719479457,0.9236127256746731,0.09917800697119258
7239,0.6453637880929474,0.923610446742945,0.09917978167337063
7240,0.6453726687006238,0.923598175867721,0.09918114132633189
7241,0.6453414710480102,0.9235963427303949,0.09918978216503391
7242,0.6453392926025221,0.923598579388516,0.09918993935570761
7243,0.6453276081272138,0.9236008391049682,0.09919729727733287
7244,0.6453207886076564,0.923604582240724,0.09919979722235635
7245,0.6453240978520257,0.9236007199702572,0.09920470198861153
7246,0.6453179151835605,0.9235878726367546,0.09921343394050544
7247,0.6453275568745589,0.9235867504646388,0.09921648681768976
7248,0.6453284683967463,0.9235989944384766,0.09921839308785002
7249,0.6453698336062391,0.9235884068214261,0.09925492339180578
7250,0.6453630524040129,0.9235717164327326,0.09928638540897264
7251,0.645366601103778,0.9235686727330216,0.09929281921946817
7252,0.6454171350801636,0.923585082578686,0.09928724904373323
7253,0.6454269429674826,0.9235785878154137,0.09929681758830672
7254,0.6454291551341644,0.9235797176736398,0.0992983399675579
7255,0.6454362818888469,0.9235792949375687,0.09929951156355911
7256,0.6454434652430772,0.9235903821517941,0.09931005423821282
7257,0.6454488772272987,0.9235861471049739,0.09931374826110143
7258,0.6454284995858628,0.9235740530102886,0.09932106404925718
7259,0.6454277722361356,0.9235625738044337,0.09933167916399474
7260,0.645454381667692,0.9235545264468643,0.09933523759471952
7261,0.6454577440972669,0.9235511791457932,0.09934788588457633
7262,0.6454628766686534,0.9235498878792491,0.09935001326017645
7263,0.645481507951377,0.9235714358897037,0.09934992984326906
7264,0.6454663623783317,0.9235834146927332,0.09934723408241494
7265,0.6454359771586929,0.9235832955580223,0.09935100831406858
7266,0.6454413212962793,0.9235858166022275,0.0993512936545221
7267,0.645430801028805,0.9235913083280951,0.09936450902767605
7268,0.645429382468619,0.9235903706226285,0.09937134138201875
7269,0.6454315123847062,0.9235827306289093,0.09937491251829937
7270,0.6454115439420798,0.9235777538724372,0.09938104483998628
7271,0.6454075744335694,0.9235650717903078,0.0993887318453161
7272,0.6454211203509921,0.9235780152001902,0.09938708125355031
7273,0.6454158972084424,0.9235697218870886,0.09940149947832767
7274,0.645408497391696,0.923575390393495,0.0994103964432246
7275,0.645393543896193,0.9235715742396905,0.09942072664553905
7276,0.6454120345433539,0.923578676205683,0.09942310469734031
7277,0.6454372063514355,0.9235813086984888,0.09943282103093598
7278,0.6454460978654949,0.9235810550568462,0.09944025000678908
7279,0.6454446141691218,0.9235805862041129,0.09944529937662341
7280,0.6454488690255011,0.9235751021643557,0.09944828318588661
7281,0.6454369465904991,0.9235702368564842,0.09945265829969126
7282,0.6454273186336285,0.9235484928502149,0.09946808524708395
7283,0.6454467549134995,0.9235416675841961,0.09946927955642265
7284,0.6454671110114651,0.9235455490699388,0.0994705530294827
7285,0.6455151786063922,0.923557258859105,0.09947598018811107
7286,0.645501624445664,0.9235611826184548,0.09948485371322037
7287,0.6455129432437277,0.9235684459927652,0.09949516026226074
7288,0.6455171526271866,0.9235681885080674,0.09950711435167073
7289,0.6455207332261209,0.923565702051359,0.09950977705916146
7290,0.6454900735101958,0.9235652485708465,0.0995187749312952
7291,0.6454300935392004,0.923544465328375,0.09952590651092343
7292,0.6454331835794834,0.9235505373555764,0.09953123166948642
7293,0.6454298764648488,0.9235457258504776,0.09953128926491465
7294,0.6454315902868428,0.9235378591165021,0.09953074108569934
7295,0.6454295015720174,0.9235407145065088,0.09953495754142963
7296,0.645434816013655,0.9235443807811607,0.09953325211333483
7297,0.6454339781705787,0.9235500070139601,0.09954087969334936
7298,0.6454325396040393,0.9235410834398071,0.09952444684653831
7299,0.6454216988913117,0.9235420173022184,0.09953133469518816
7300,0.6454301432266367,0.9235418366786244,0.09952912190861923
7301,0.645424025972433,0.9235370674471327,0.09954309323554493
7302,0.6454208758006315,0.9235386085122642,0.0995467341673711
7303,0.6453989985309311,0.9235312721199052,0.09955691024164924
7304,0.6453888374637166,0.9235219911416195,0.09956513940723115
7305,0.6453964042176163,0.9235200234973617,0.0995702260025736
7306,0.6453950324504771,0.9235241663108574,0.09957173892384201
7307,0.645389687164403,0.9235218028319151,0.09957922132437554
7308,0.6453948688910405,0.9235089247539708,0.09958338698047514
7309,0.6453995342824087,0.9235146316909292,0.09958854073822491
7310,0.6453976087002881,0.9235130022355282,0.09959573978125709
7311,0.6454130341735412,0.9235127562799961,0.0995998299448146
7312,0.6454139639647994,0.9235156039838924,0.09960125639172165
7313,0.645411978996816,0.9235111191384848,0.09960521158712993
7314,0.6453989852519272,0.9235148814895165,0.09961513601793129
7315,0.6453908081435107,0.92350447449606,0.09963880100837173
7316,0.6453614283692604,0.9234921075444561,0.09964229813354192
7317,0.6454109798295744,0.9234741796919913,0.09968199134796626
7318,0.6453971650946861,0.9234800480372676,0.09967443877561823
7319,0.6453971417940798,0.9234743295711437,0.09966934404001555
7320,0.645372953844013,0.9234648602831537,0.09967426890782488
7321,0.6453579504020557,0.9234670239232261,0.09968825876308039
7322,0.6453706018095677,0.9234773694277996,0.0996922099507487
7323,0.6453780894559831,0.923482938014771,0.0997088437667688
7324,0.6453791963529001,0.9234770850417154,0.09971880981015317
7325,0.645342645459644,0.9234827497050666,0.09974463844412781
7326,0.6453424643741561,0.9234922382083326,0.09974943455283844
7327,0.6453111343764102,0.9234920498986283,0.09975978519214017
7328,0.6452898308471688,0.9234957661329978,0.09976269689700949
7329,0.6452936103780812,0.9234960389899163,0.09976736044944066
7330,0.6452776853886253,0.9234872537657502,0.09977528931816038
7331,0.6452775738636465,0.9234837066258091,0.09978091884570735
7332,0.6452929559626907,0.9234832877327933,0.09977978143280444
7333,0.6453121796936683,0.9234806475538773,0.09978245153933217
7334,0.6453103222075374,0.9234847019771035,0.09979324251420112
7335,0.645326503832967,0.9234857357589499,0.09979521015338666
7336,0.645332287507772,0.9234874228601786,0.09980657827149039
7337,0.6453393923211653,0.9234821386592913,0.0998050288655609
7338,0.6453335728953988,0.9234780265902373,0.09981255787528133
7339,0.6453038298832611,0.9234626159389223,0.09982185459300993
7340,0.6453354352176478,0.9234551565687971,0.099821369805417
7341,0.6453558381111535,0.9234619318750983,0.0998303343352219
7342,0.6453415720148996,0.9234599834461166,0.09983919836881532
7343,0.6453420517807942,0.9234554063673844,0.09984592132197719
7344,0.6453363776029885,0.9234499415429032,0.09985778931910805
7345,0.6453522260785725,0.9234575507921808,0.09986781155456664
7346,0.6453395434269077,0.9234598719975161,0.09987688775038175
7347,0.6453592512528453,0.9234781303527274,0.09987459017766505
7348,0.6453469363754982,0.9234687609841723,0.09988604542125296
7349,0.6453514273885155,0.9234816621204477,0.09988670468197941
7350,0.6453720290445587,0.9235051777751598,0.09988899121662193
7351,0.645351152873562,0.9235162304018885,0.09989977762711229
7352,0.6453486258574193,0.9235085942512244,0.09991083645456332
7353,0.6453511047420931,0.9235041017197064,0.09991263306385292
7354,0.6453856948773444,0.9235113843092929,0.09990998389907986
7355,0.6453895995422401,0.9235118032023087,0.09992338786093308
7356,0.6454233568774268,0.9235223408596418,0.09992676765692769
7357,0.6454287707141614,0.9235209842611595,0.09992509807413376
7358,0.6454509266518961,0.9235207690500687,0.09992519644800167
7359,0.6454470967912695,0.9235289509145699,0.09992273359646295
7360,0.6454664928019422,0.9235231555873422,0.09992766790178598
7361,0.6454817656404715,0.923526010977349,0.0999245042507762
7362,0.6454816124953265,0.923507737249917,0.09993717163206779
7363,0.6454819288669144,0.9235094474094768,0.09994130483475867
7364,0.6454914280567475,0.9235045282988327,0.09994473784928398
7365,0.645523701459245,0.9235041708946999,0.09995049598092189
7366,0.6455472131080842,0.9235137977479527,0.09994777800213674
7367,0.6455630089441404,0.9235140706048713,0.09994414933026384
7368,0.6455728355132793,0.9235109039273941,0.09994981182045931
7369,0.6455587508446681,0.9235044898682807,0.09995825400775929
7370,0.6455476114184874,0.9235204885070398,0.09996614827085776
7371,0.6455196442641864,0.9235251232315999,0.09997067604857547
7372,0.6455530815614329,0.9235276212174739,0.0999722494104139
7373,0.6455448120170135,0.9235207037181306,0.09997744762384746
7374,0.645560074150532,0.9235350729014887,0.09998262257865027
7375,0.6455859260247341,0.9235348807487292,0.09998347829128502
7376,0.6455926794547228,0.9235334741905294,0.09998482053281627
7377,0.6455966435954715,0.9235300384991889,0.09998907440016824
7378,0.6456102367015364,0.9235299693241954,0.09999054238232952
7379,0.645608900992677,0.9235228712012581,0.09999580625457713
7380,0.645609533015056,0.9235270370730849,0.09999861337908514
7381,0.6456090169173392,0.9235334703474742,0.10000905003896383
7382,0.6456220335459655,0.9235395808052275,0.10001090422713968
7383,0.6456418926250228,0.9235565363647291,0.10000598685464186
7384,0.6456551419298439,0.923561770605899,0.1000086403822575
7385,0.6456720111677806,0.9235669625734616,0.10001549771910434
7386,0.64568567935408,0.9235520899498734,0.10002501836449451
7387,0.6456974353282915,0.9235492076584804,0.1000209008916994
7388,0.6456866024919181,0.9235569206702482,0.10003086637833035
7389,0.6457172117667469,0.9235655329569307,0.10003584835509576
7390,0.6457092870382544,0.9235683153288888,0.10004152000021245
7391,0.6457090021797349,0.9235661785902027,0.10004057514156012
7392,0.645726741556251,0.9235711476605644,0.1000500331016036
7393,0.6456981594106883,0.9235650103014247,0.1000614151840411
7394,0.6457095122713371,0.9235667781068124,0.10006266713274874
7395,0.6456953562290761,0.9235696488690399,0.1000638635129831
7396,0.6457041668479898,0.9235764626058932,0.1000586332296073
7397,0.6457092971661661,0.923586170163305,0.100059502955227
7398,0.6457101055030748,0.923585908835552,0.10006101231075541
7399,0.6457112745277782,0.9235854092383773,0.10005756179402418
7400,0.6456981954882566,0.923576235865637,0.10006743936723478
7401,0.6457057244853591,0.9235848788967609,0.1000715480911034
7402,0.6456959396387179,0.9235838758593561,0.1000727277486521
7403,0.6457106539224641,0.9235824769872667,0.10006865460131313
7404,0.6457106402714837,0.923589936357392,0.10007137417834121
7405,0.6456932805298962,0.923585908835552,0.10007670781760417
7406,0.645710661294481,0.9235958854068272,0.10008094905573547
7407,0.6457021649591772,0.9236009736118999,0.1000774475985935
7408,0.6456984005361142,0.9235995824259208,0.10008023292382505
7409,0.6456891928269927,0.923600616207767,0.10008786889958518
7410,0.6457063752949923,0.9235946210416695,0.10009683322765697
7411,0.645715544577062,0.9236018690437593,0.10009861775593717
7412,0.6457167697547006,0.9236030988214203,0.10010485067622497
7413,0.6456928239376905,0.92360621553918,0.10011307433557723
7414,0.6457078685172553,0.9236103775679516,0.10010539667025267
7415,0.6457116317683692,0.923584194832937,0.10015375527949037
7416,0.6457517560023497,0.923606438436381,0.10014955746146442
7417,0.6457450400066199,0.9236052701476031,0.10015527912889127
7418,0.6457366462354847,0.9235997054036869,0.10016238344869541
7419,0.6457564329999355,0.9236014770521298,0.10016048589611828
7420,0.645772078983246,0.923618040620002,0.10016593773906653
7421,0.6457915349731981,0.9236157885896602,0.10016512670039242
7422,0.6458032429901588,0.9236196470170717,0.1001640405023203
7423,0.6458048295587204,0.9236239512388853,0.10017730774788104
7424,0.6457967772190227,0.9236278173524072,0.10018380125046424
7425,0.6458029684942949,0.9236271448177489,0.10018035208437837
7426,0.6458096151469429,0.9236133751510004,0.1001882851249822
7427,0.6457693573466613,0.9235974918038969,0.10019853322662578
7428,0.6457603283818543,0.9235827729025164,0.1002033983846241
7429,0.6457611116014836,0.92357760783634,0.10020621669021233
7430,0.6457614366588087,0.9235986024468471,0.10020249642138557
7431,0.6457678548471876,0.9235954319263148,0.10020699214155357
7432,0.6457880736504078,0.9235976801136013,0.10020090307521541
7433,0.6457951185997306,0.9235929569987719,0.10020514880345081
7434,0.6457817476971248,0.9235888141852763,0.10021702395039642
7435,0.6457909505732693,0.9235878149909267,0.100228450459633
7436,0.6458059797176948,0.9235929031959992,0.10022573474968527
7437,0.6458117631597593,0.9235959123082136,0.10022492650467206
7438,0.645810808122308,0.9235984256663083,0.10022961595999062
7439,0.6458204115144892,0.9235934412237259,0.10023574302495651
7440,0.6458303500370195,0.9235594609297293,0.10027264101399604
7441,0.6458066066205481,0.9235542997066081,0.10028308905502896
7442,0.6457973415129823,0.9235499339959115,0.10028228137011228
7443,0.6458238051327568,0.9235674506414708,0.10028151586381136
7444,0.6458053350646901,0.923551920855445,0.10028546191334287
7445,0.6457867244363571,0.9235452339394131,0.10030054605310551
7446,0.6458042892823297,0.923550671862508,0.10030637400560664
7447,0.6458136506639252,0.9235594724588948,0.10030253780249707
7448,0.6458410773974875,0.9235552566273506,0.10029127457292823
7449,0.6458362063370602,0.9235489962904448,0.10029375459289637
7450,0.6458280171320909,0.9235518708957275,0.10031082164850927
7451,0.6458267212117964,0.9235560444536647,0.10031244851808704
7452,0.6458299724272055,0.9235593763825151,0.10031133117025004
7453,0.6457844988528992,0.9235704059509126,0.10029720992084118
7454,0.6457800569911273,0.9235792296056305,0.10030332119269865
7455,0.6458026933323915,0.9235657865985732,0.10031593023257432
7456,0.6457984175032795,0.92355816582013,0.10031896786655502
7457,0.645804553226043,0.9235533158844793,0.10031794730990362
7458,0.6457914896897536,0.9235462907795906,0.1003283297905077
7459,0.64580762459774,0.9235535503108458,0.10033551607177485
7460,0.6458352630195308,0.9235591919158659,0.10033811386858406
7461,0.6458477567177082,0.9235616130406361,0.10034266509914054
7462,0.6458603377548361,0.9235447574005694,0.1003401096194831
7463,0.6458357500210657,0.9235384355747807,0.1003548015576338
7464,0.6458053602409034,0.9235312798060155,0.10035848511589233
7465,0.6458428664775828,0.9235542497468906,0.10036065387234896
7466,0.6458341150349438,0.9235576047340721,0.10037129434540795
7467,0.64583830076971,0.9235757746990141,0.1003770067999041
7468,0.6458480869889068,0.9235958930929377,0.10037911510051781
7469,0.6458618131167593,0.9236008314188577,0.10039033778660579
7470,0.6458697297247582,0.9236005969924911,0.10039169309092134
7471,0.6459189182471439,0.9236228867125975,0.10039692413281245
7472,0.6459070202724428,0.9236263147178276,0.10040353017960474
7473,0.6459046144889755,0.9236190705587931,0.1004085230945558
7474,0.6459152247356459,0.923611776440041,0.1004117788927446
7475,0.6459064743715568,0.9235956087068535,0.100414280624415
7476,0.6459326523137642,0.9235931875820833,0.1004239973483604
7477,0.6459554284755843,0.9236010850605003,0.10041882103741957
7478,0.6459432348130162,0.9236161536799032,0.10042272429305271
7479,0.6459399515046848,0.9236089748528069,0.10042508033296921
7480,0.6459515861531692,0.923607887268188,0.10042607734359112
7481,0.6459257936535634,0.9235985947607367,0.10043780883365466
7482,0.6459270378529699,0.9235870886534956,0.10044569281136931
7483,0.6459431106089095,0.9235938678028521,0.100446551697474
7484,0.6459385405551298,0.9235940561125564,0.10045147460702263
7485,0.6459687485608308,0.9236020458242981,0.10045435771599955
7486,0.6459457628647366,0.9236228021653833,0.10045724607138062
7487,0.6459364306711054,0.9236297235077818,0.10046379739975259
7488,0.6459359828635431,0.9236333667241027,0.10046490922889917
7489,0.6459541972005753,0.9236505759252469,0.10046210560491682
7490,0.6459612040697847,0.9236437160717313,0.10046560227286945
7491,0.6459850887612879,0.9236410374622634,0.1004683965611981
7492,0.6460065918498775,0.9236365872043525,0.10049339619140944
7493,0.6460263652606513,0.9236414794136103,0.10053546462620389
7494,0.6460077343736513,0.9236409106414422,0.10053874203902657
7495,0.6459994069640924,0.9236445384855422,0.10053942399249402
7496,0.6460057734150666,0.9236460334340114,0.10053868013945898
7497,0.6460071126097415,0.9236423902176906,0.10054141885896754
7498,0.6460131988833911,0.9236466944395042,0.1005396244331405
7499,0.6460022094371383,0.9236397423526641,0.1005526820940244
7500,0.6460033727891653,0.9236431972592806,0.1005498388209481
7501,0.6460059271134742,0.9236434854884199,0.10055719654021542
7502,0.6460098077621197,0.9236436123092412,0.10055749676870342
7503,0.6460217776707159,0.923647355444997,0.1005527073491653
7504,0.6460270410177182,0.9236454992493399,0.10055726743476315
7505,0.6460373740600798,0.9236481432713111,0.10055543040066686
7506,0.6460616002700621,0.9236507142752337,0.10055358994255884
7507,0.6460461447661572,0.9236524782375662,0.10056290065974857
7508,0.6460446772439207,0.9236456068548852,0.10057135956479778
7509,0.646058149811879,0.9236421826927103,0.1005747913706056
7510,0.6460537094413323,0.9236577816537295,0.10057657985469332
7511,0.6460656844740461,0.9236594341674615,0.10057725460465926
7512,0.6461119186342594,0.9236780460837504,0.10057641090053299
7513,0.6460964432530099,0.9236682847235659,0.10058365302187787
7514,0.646092380359313,0.9236647606419559,0.10058908749632417
7515,0.6460807386714037,0.9236579584342683,0.10060286759205055
7516,0.6460882386469324,0.9236494499100759,0.10060759918196537
7517,0.6460888358567711,0.9236570437871329,0.10061220490981072
7518,0.6460940061999499,0.9236568708496493,0.10061289105335464
7519,0.6460958662153687,0.923655091515096,0.10062097336456555
7520,0.6460762870086982,0.9236778654601564,0.10063140063253255
7521,0.6461073741319567,0.9236861164996509,0.10063227814682144
7522,0.6461068206368343,0.9236844562998086,0.10063358394887821
7523,0.6461179672575224,0.9236956626487448,0.10063604950324469
7524,0.6461517676280928,0.9237107543264789,0.10063440624377763
7525,0.6461600693869771,0.9236926881240272,0.10062591304436613
7526,0.6462037751525648,0.9236955588862547,0.10062417157818714
7527,0.6462449346604203,0.923699171358134,0.10062045736818313
7528,0.6462718771222573,0.9236918733963267,0.10062531304991591
7529,0.6462845409378861,0.9236933030128577,0.10062937261310816
7530,0.6462563266490212,0.9236880264980808,0.10063790915537173
7531,0.6462305890775315,0.9236757517798014,0.10064761026770247
7532,0.6462147411739987,0.9236605486534669,0.10066425247134188
7533,0.6462252425770236,0.9236784419184351,0.1006574865274566
7534,0.6462241831642985,0.9236764127852943,0.10066810269261682
7535,0.6462342522639348,0.9236719971148801,0.10067396583645612
7536,0.6462192600443576,0.9236814433445389,0.10067586608275361
7537,0.6462276798115648,0.923698245181833,0.10068020999787952
7538,0.6462275475586872,0.923694578907181,0.10066488296917185
7539,0.6462520835323373,0.9236961122862021,0.10066574322418373
7540,0.6462672258983932,0.9237003819205191,0.10066249625363333
7541,0.6463125577955214,0.9237283132456454,0.10066170820901796
7542,0.6463084013480558,0.9237272717776888,0.10066178275861937
7543,0.6463089398876002,0.9237264685791539,0.10066806741251678
7544,0.6463182009066066,0.9237225870934112,0.10067691693271158
7545,0.646312540327085,0.9237242203918673,0.1006812420558326
7546,0.6462983226191173,0.9237361377060138,0.10068895143537328
7547,0.6463005760696204,0.9237376557128142,0.1006943499413524
7548,0.6462975416566675,0.9237543192001213,0.10069981071496055
7549,0.646265225855172,0.9237357034407773,0.10075382641248838
7550,0.6462515379523129,0.9237236631488646,0.10075771587564472
7551,0.6462555398957498,0.9237266876332997,0.10076073074252802
7552,0.646265722755032,0.9237260458430828,0.10075939275099102
7553,0.646266410734169,0.9237344467617299,0.10075839807442634
7554,0.6462680128135777,0.9237273255804614,0.10075434903803815
7555,0.6462773129816137,0.923732817306329,0.1007486875303189
7556,0.6462934237261642,0.9237263648166637,0.10075271810103448
7557,0.6462948625030591,0.923723528641933,0.10075635260335691
7558,0.6462655784097164,0.9237196164117487,0.100764121423526
7559,0.6462777691166482,0.9237328672660464,0.10077184396614733
7560,0.6462677168847893,0.9237288013136546,0.1007733221510206
7561,0.6463025717751639,0.9237257960444955,0.10077067952671291
7562,0.6462859513952818,0.9237329287549295,0.10078250294201298
7563,0.6462954276867469,0.9237305191593249,0.1007786058369827
7564,0.6462811050440841,0.9237332554146207,0.10077759173975735
7565,0.6463013889123115,0.923731810425869,0.10078203037283363
7566,0.6463152411007117,0.9237201275380891,0.100784816672553
7567,0.6463388223277041,0.9237239590641143,0.10078740259396443
7568,0.6463337837888715,0.9237170185064398,0.10079150133516467
7569,0.6463453597193739,0.9237159078634897,0.10079049686351686
7570,0.6463406985214044,0.9237234978974914,0.10079966737549818
7571,0.6463332385096195,0.9237225371336937,0.1007999441725379
7572,0.646339755188565,0.9237253195056518,0.10080341957153836
7573,0.646338807609,0.9237224449003691,0.10081174344410308
7574,0.6463563418779757,0.9237287744122683,0.1008127962220618
7575,0.646359669674517,0.9237280941914996,0.10082018467102315
7576,0.6463733626195358,0.9237160462134766,0.10082070287075824
7577,0.6463649626267503,0.9237144551886276,0.10082929454134393
7578,0.6463745643125013,0.9237131101193108,0.10082642313533365
7579,0.6463659400834713,0.9236809245320883,0.10086467499108842
7580,0.6463752414524305,0.9236764435297358,0.10086767580058824
7581,0.6463741499127246,0.9236712746205042,0.10086886355091562
7582,0.6463822385084398,0.9236983297290472,0.10086878358122722
7583,0.646397083309016,0.923722421842038,0.1008725623623028
7584,0.646380705230905,0.9237266299874719,0.10087974586975762
7585,0.6464038130342288,0.9237095783515905,0.10091483806960883
7586,0.6464014799689584,0.9237121378263475,0.10091700150410142
7587,0.6464022644383636,0.9237106736223198,0.10092094789526802
7588,0.6464341721527118,0.9237173297939103,0.10091878321605749
7589,0.6464589988033802,0.9237187901548828,0.10092383144732629
7590,0.64646224869735,0.9237115844264001,0.10093357456742234
7591,0.646473871727149,0.9237135828150993,0.1009425485852631
7592,0.6464610111667362,0.9237132868998496,0.10095092199656898
7593,0.6464597742283177,0.9237000206733311,0.1009597130543423
7594,0.6464679112409386,0.9237090211085879,0.10097770177842216
7595,0.6464665971101883,0.9237062041491331,0.1009779083276465
7596,0.6464764045064447,0.9237087482516693,0.10097399207897886
7597,0.6464714546551471,0.9237020767078582,0.10098048916005505
7598,0.6464760249123938,0.9236968463097436,0.100987082360539
7599,0.6464338913957124,0.9236910317672399,0.100991791768261
7600,0.6464414746707241,0.9236899826131728,0.10099612311019526
7601,0.6464506637631294,0.9236820697625351,0.1010074622448139
7602,0.646436889522361,0.9236825616735995,0.10101016982829984
7603,0.6464398734401801,0.9236770315171801,0.10100697729637478
7604,0.6464352298393724,0.9236664323709639,0.10101948149763859
7605,0.6464254170233708,0.9236571398635126,0.10103269829784735
7606,0.6464594868623688,0.923601703792386,0.10108531636146324
7607,0.6464626618198703,0.9236000858661507,0.10106505214390371
7608,0.6464391009262989,0.9235937025514789,0.10107404954004912
7609,0.6464468143755502,0.9235969845206118,0.10108104555405721
7610,0.646454836189547,0.9236023225242718,0.1010880170368919
7611,0.6464592889471505,0.9235947824499875,0.10109162168576313
7612,0.6464525422215791,0.923586008754987,0.10110190362502317
7613,0.6464511064372509,0.9235810396846253,0.10111112630066833
7614,0.6464673474629857,0.923595355065211,0.10111239818158978
7615,0.6464566246108029,0.9236168646451136,0.10112041912294452
7616,0.6464499358634624,0.9236167493534578,0.10113195782918376
7617,0.6464640145713717,0.9236137018106916,0.10114669619055262
7618,0.6464745152836088,0.9236124528177546,0.10114834271777756
7619,0.6464801842254484,0.9236065960016439,0.10115684124969963
7620,0.6464700071889828,0.9235920154502502,0.10116120855424698
7621,0.6464607782558613,0.9236019266895871,0.10115368229361958
7622,0.6464431320212003,0.9235943597139166,0.10116600968551083
7623,0.6464202458735318,0.9235874537437387,0.10117133280313602
7624,0.6464136040700815,0.9235870041062814,0.10117355008573811
7625,0.6464147618770545,0.9235812548957161,0.10117812680311164
7626,0.646388803384044,0.9235823040497831,0.10118798480740794
7627,0.6463839468262208,0.92358143551931,0.10118781628851924
7628,0.6463718606002508,0.9235859511091592,0.10119622509540749
7629,0.6463678679028715,0.9235780574737973,0.10120129323418463
7630,0.6463592027677718,0.9235773926252493,0.10121094751769863
7631,0.6463695251254735,0.9235786569904071,0.10120265609047918
7632,0.6463458560977209,0.9235929723709927,0.10122665167080203
7633,0.6463408257052066,0.9235966578609206,0.10123004536667271
7634,0.646329313146829,0.9236023033089958,0.1012314502586916
7635,0.6463191190565875,0.9236032410144623,0.10123786705386813
7636,0.6463018610453274,0.9236047167476555,0.10123802666786645
7637,0.6463060514436715,0.9236034446963874,0.10124044578133967
7638,0.6462873697603776,0.9235955894915776,0.1012510095283229
7639,0.6463011897409585,0.9236031603103033,0.10124930826916569
7640,0.6463408236554333,0.9236068996030039,0.10125062311327683
7641,0.6463559058594157,0.9236056890406189,0.1012542137672927
7642,0.6463768744707822,0.9235865045091066,0.10123585555106114
7643,0.6463958682798603,0.9235857435841789,0.1012381545855207
7644,0.6463916035722457,0.9235823770678318,0.10124180181278243
7645,0.6463983703092528,0.9235842524787649,0.10124745378009624
7646,0.6463923773169301,0.9235879725561895,0.10125588026530517
7647,0.6463927212650183,0.923581497008193,0.10126216154061757
7648,0.6464002053118864,0.9235742682213792,0.10127321430150689
7649,0.6463693509823398,0.9235612825378897,0.10128663272408264
7650,0.6463909857773081,0.9235690916260373,0.10128448088803811
7651,0.6463201828291951,0.9235657750694077,0.1013168259051216
7652,0.6463497469149555,0.9235743719838694,0.1013170984914608
7653,0.6463678690423138,0.9235540383788551,0.1013480561405249
7654,0.6463695746566815,0.92356481430561,0.10134472349980155
7655,0.646374753710382,0.9235558446147948,0.10135063204560436
7656,0.6463658175153632,0.9235489962904448,0.10135441982759627
7657,0.6463393325511096,0.9235339661015938,0.10136881303440426
7658,0.6463212402286914,0.9235301115172375,0.10139039407067556
7659,0.6463436187791203,0.9235302191227829,0.10138714687352533
7660,0.6463057004469457,0.9235413985703328,0.1014049954308778
7661,0.6463288255888486,0.9235497764306486,0.10139068647260431
7662,0.6463324999406994,0.9235437543631647,0.1013899052706296
7663,0.646343366086127,0.9235444576422646,0.1013895216902861
7664,0.6463497600328634,0.9235481469752477,0.10138131227026188
7665,0.646350847549022,0.9235464790892949,0.10138510778059295
7666,0.6463496973691255,0.9235436890312264,0.10138708874171153
7667,0.6463359185264904,0.9235405300398596,0.10138295966967105
7668,0.6463374325401401,0.9235415215480989,0.10138933331063484
7669,0.6463351007792042,0.9235394578274614,0.10138866086087044
7670,0.6463484660245769,0.92353973068438,0.10138379011437734
7671,0.6463546321813033,0.9235329092614164,0.10138882874838992
7672,0.6463475884876138,0.9235478241586117,0.1013931564779389
7673,0.646354702926406,0.9235476512211281,0.10139347481782197
7674,0.6463596489940623,0.9235474821266997,0.10140065601665618
7675,0.6463450607932321,0.9235416406828098,0.10140680807996341
7676,0.6463692350027381,0.9235444499561541,0.10140238368140005
7677,0.6463522470614856,0.9235472669156091,0.1014074703773296
7678,0.6463583686544537,0.9235457373796431,0.10144664222882328
7679,0.6463618389458056,0.9235454299352278,0.1014529034653325
7680,0.6463114148742221,0.9235109308287804,0.10148297408196019
7681,0.6463099111011,0.923506872562499,0.10149036474532046
7682,0.6463018009414815,0.9235057734487144,0.10149402819612671
7683,0.6463099179317011,0.9234988213618743,0.10150131194353779
7684,0.6463127316157941,0.9235078141110208,0.10150238027973646
7685,0.6462985446381416,0.9235054275737473,0.10150865489538266
7686,0.6463211362582071,0.9235085481345622,0.10150727873559687
7687,0.6462839798328238,0.9234954394733065,0.10153165709148879
7688,0.6463398257501417,0.923518678428045,0.10153156236307619
7689,0.646331736847549,0.9234998436145552,0.10154703024359453
7690,0.6463311957437103,0.9234967960717888,0.1015595414332068
7691,0.6463331413417374,0.9234935333179319,0.10155873393064378
7692,0.646354010505779,0.9235121144897792,0.10155616647063304
7693,0.6463491510718379,0.923512856199431,0.10155620329231785
7694,0.6463465902287095,0.9234928799985495,0.10156872030430375
7695,0.6463468316561493,0.923495470217748,0.10156773883087343
7696,0.6463674833896605,0.9235083406095819,0.10156762417639191
7697,0.6463859270341394,0.923500546893655,0.10156934193702635
7698,0.6463986681536397,0.9234998282423343,0.10156456547728475
7699,0.646382851715272,0.9234972533953566,0.10156976185008469
7700,0.6463803449531826,0.9235057427042729,0.10157520245875545
7701,0.6463931990789653,0.9235129100022037,0.1015861335397758
7702,0.6463636234059761,0.9235418597369557,0.10159630089513494
7703,0.6463534466605976,0.9235412294759043,0.101603168964856
7704,0.6463679374550305,0.9235441963145116,0.10160720661379796
7705,0.6463780148056293,0.9235337854779999,0.10161466349202614
7706,0.6463983793812474,0.9235452185671923,0.10162105557521989
7707,0.6464236591592217,0.9235615131212012,0.10161986997277737
7708,0.6464378090807025,0.9235576508507345,0.10162483426765938
7709,0.646428732385769,0.9235600181727319,0.10163180417572981
7710,0.6464284717698268,0.9235595377908331,0.10163461684392416
7711,0.6464608802900113,0.9235717663924501,0.10163521265959596
7712,0.6464777358771406,0.9235656982083039,0.10163932579720641
7713,0.6464995460551756,0.9235831226205388,0.10163622157695225
7714,0.6464707325648374,0.9235582695826201,0.10163364543325579
7715,0.6464641314512453,0.923556736203599,0.10163646821660714
7716,0.6464492095756044,0.9235585578117594,0.10164481530553017
7717,0.6464552053558251,0.9235488925279547,0.10164669666138546
7718,0.6464504697418909,0.9235465482642884,0.10165090659537468
7719,0.6464642313235888,0.9235560213953335,0.10165296694484278
7720,0.6464679743339582,0.9235600258588423,0.10165543873879228
7721,0.6464770718622506,0.9235519131693346,0.10166293216131309
7722,0.646460022482993,0.9235764357045069,0.10166475478117043
7723,0.6464613535846528,0.9235765702114385,0.10166915131797766
7724,0.6464613107326038,0.9235673584081463,0.1016770250897579
7725,0.6464519085868796,0.9235703098745328,0.1016819228717436
7726,0.6464510633786151,0.9235671854706627,0.10168664778462988
7727,0.6464497919461124,0.9235682615261162,0.10168758572501803
7728,0.6464584191260049,0.9235683230149991,0.10168754906619021
7729,0.6464580460170585,0.9235722352451834,0.10169272156628525
7730,0.6464705101012482,0.9235630580293879,0.1017011105065265
7731,0.6464944075231879,0.9235657942846837,0.10170177008210751
7732,0.6464889097407432,0.9235753750212742,0.1017119403680334
7733,0.6464650812805424,0.9235763588434031,0.10172030211099867
7734,0.6464401899095376,0.9235725657479298,0.10172968347725063
7735,0.6464324252022625,0.9235681885080674,0.1017365281679588
7736,0.6464477081361479,0.9235819466456504,0.10173732218601651
7737,0.6464323960348861,0.9235849134842576,0.1017434495900245
7738,0.6464505681542397,0.9235946748444421,0.10173634340906366
7739,0.646444958425626,0.9235835376704994,0.10174547717335952
7740,0.6464575240714967,0.9235799674722271,0.10175823048408174
7741,0.6464624001863125,0.9235845253356834,0.10176020992910137
7742,0.6464436467908363,0.9235776846974438,0.10176763215809922
7743,0.6464141536459931,0.9235816122998488,0.10178438954101472
7744,0.6464056999987101,0.9235766970322599,0.10179941855850289
7745,0.6464057828413429,0.9235752558865633,0.10179109462759431
7746,0.6464003171715129,0.9235700946634421,0.10179428942347467
7747,0.6464255141622187,0.9235678080456036,0.10179392700510247
7748,0.6464449864149646,0.9235732574978641,0.10180214863502679
7749,0.6464453290536345,0.9235702983453672,0.1018069190652555
7750,0.6464991860653898,0.9235809359221352,0.10181130344269122
7751,0.6464939363180277,0.9235855437453089,0.10181621015579763
7752,0.6464952344341041,0.92358113191795,0.10182536945508473
7753,0.6464562204600695,0.9235631195182709,0.10183865225426501
7754,0.6464511755510921,0.9235517517610167,0.10184264570819318
7755,0.6464418082855184,0.9235547762454518,0.10184695284904537
7756,0.6464354639491039,0.9235499339959115,0.10185035794431768
7757,0.6464463989429007,0.9235780421015766,0.10185422987251129
7758,0.646468237882035,0.92358324944136,0.10184951914902246
7759,0.6464747812355909,0.9235904897573394,0.10185575004140301
7760,0.6464602347948116,0.9235895904824248,0.10186158304870965
7761,0.6464673397709746,0.9235930338598757,0.10186589783829295
7762,0.6464707027637226,0.92359372560981,0.10186619285397125
7763,0.6464714720891923,0.9236059618975374,0.10187612719976366
7764,0.6464904785224774,0.9236106965415324,0.10187819007136756
7765,0.6465328388166144,0.9236248236124136,0.10187902990754687
7766,0.6465306755871583,0.9236405032775918,0.10187708936497089
7767,0.6465296462115444,0.923633493544924,0.10187987997450357
7768,0.6465291937070381,0.9236402112053974,0.10188136276306413
7769,0.6465358475741017,0.9236417561135841,0.10187855209824731
7770,0.6465340325370176,0.9236396040026773,0.10188670725599325
7771,0.6465479008482419,0.923649511398959,0.10188919410223998
7772,0.6465432347903832,0.9236533121805427,0.10189115551458822
7773,0.646569130786225,0.9236592842883091,0.10189189471080198
7774,0.6465899455337747,0.9236672355694988,0.10189561824751737
7775,0.6465908510050437,0.9236675968166868,0.10189798435653383
7776,0.6465876357839312,0.9236705598122388,0.10189772260283325
7777,0.646591801245766,0.9236797600863654,0.10189824960628759
7778,0.6466042348259586,0.9236789184572787,0.10190537846638574
7779,0.6465919194141931,0.9236653371002346,0.10189510582490963
7780,0.6465878062545802,0.9236644416683751,0.10189906906774396
7781,0.646581399423639,0.923662001328329,0.1019049512591632
7782,0.6465714156340553,0.9236666860126065,0.10190997252431487
7783,0.646603680840125,0.923666997300077,0.10191271625197079
7784,0.6466209891429293,0.9236679849652609,0.10190842863270604
7785,0.6466399856103,0.9236680502971992,0.10191338799692799
7786,0.6466323012411395,0.9236676083458523,0.10192007335292988
7787,0.6466584378991886,0.9236660980251623,0.10192058641452499
7788,0.6466576516060694,0.9236775157421341,0.10192136829097201
7789,0.6466452327350057,0.9236747910160038,0.10192903371015989
7790,0.6466560496152396,0.9236778539309908,0.10193031732346174
7791,0.6466563727572961,0.9236783189406689,0.10193478901023739
7792,0.6466590108509546,0.9236763705116872,0.10195832488303318
7793,0.646634527572648,0.9236758901297883,0.1019622202320335
7794,0.6466428493513153,0.923673887898034,0.10195447676126772
7795,0.646652024503336,0.9236772082977188,0.1019575493705754
7796,0.6466590678231675,0.9236717819037894,0.10196497264903602
7797,0.6466512852550083,0.9236542921596164,0.10197825992625416
7798,0.6466552679637662,0.9236583657981186,0.10197932314626504
7799,0.6466710549579074,0.9236627199796497,0.10197963357228051
7800,0.6466464390181655,0.9236501570322311,0.10199571146285749
7801,0.6466309277088667,0.923647958804662,0.10199469737947144
7802,0.6466583609609039,0.9236555027220014,0.10199281073134787
7803,0.6466513826403595,0.9236539462846491,0.10199865962288615
7804,0.6466504359771863,0.9236515904918172,0.10200352620140637
7805,0.6466431903002611,0.9236494537531311,0.10201597772441003
7806,0.646637460152978,0.9236567747732696,0.10202314420994427
7807,0.6466337145750021,0.9236510447779801,0.10202404454103509
7808,0.6466463368872274,0.9236575549134732,0.10201805001019053
7809,0.6466396726248029,0.9236512907335124,0.10202721235673022
7810,0.6466476083615392,0.9236577893398399,0.1020205255313655
7811,0.6466398904355045,0.9236501724044518,0.10202778857025711
7812,0.6466519846795479,0.9236506028266331,0.10202106434456869
7813,0.6466504404195894,0.9236478242977303,0.10202612106855106
7814,0.6466396995037728,0.9236468750630982,0.10203092110823604
7815,0.6466549259348422,0.923648404599064,0.10202778635042312
7816,0.6466347310404243,0.9236479703338275,0.10203168382388574
7817,0.6466410428852254,0.9236443117452859,0.10204507409444048
7818,0.6466318782068116,0.9236291163050617,0.10205893420427149
7819,0.6466714844253962,0.9236396885498914,0.10206034281854638
7820,0.6466724706799047,0.9236397730971057,0.10205263856797075
7821,0.6466819516969896,0.923633232217171,0.10205673609886128
7822,0.6466683609779015,0.9236312876312445,0.10205978120585497
7823,0.646670626372942,0.9236314644117832,0.10206678285957435
7824,0.6466483895570218,0.9236304998049304,0.10207707618840729
7825,0.6466388172191363,0.9236256075956726,0.10210034809185692
7826,0.6466299780046519,0.9236195163531952,0.10211203967780819
7827,0.6466207452357768,0.9236123029386022,0.1021177137835562
7828,0.6466199392239683,0.9235992173356776,0.10216239169450646
7829,0.6466135223296186,0.9236022571923335,0.10217379088642992
7830,0.6466391169397997,0.9235974956469521,0.10218168940729093
7831,0.6466603416909449,0.9236065998446991,0.1021845399547846
7832,0.6466723528743346,0.9235796331264255,0.10221559409905637
7833,0.6466818744928895,0.9235853054758871,0.10221882529668704
7834,0.6466921276040114,0.9235770890238892,0.10222524916528906
7835,0.6467003540228664,0.9235886950505653,0.10222121278776881
7836,0.6467022346676405,0.9235985717024056,0.10222583593601614
7837,0.6467174506998494,0.9236010696882796,0.10222307885798117
7838,0.6467265341911496,0.9236001588841993,0.10222015187485238
7839,0.6467356141577941,0.9236009543966238,0.10222233187860094
7840,0.6467284648500787,0.9235922614057823,0.10223163482184361
7841,0.6467053556481238,0.9235984448815843,0.10224582424176523
7842,0.6467051072355295,0.9235936218473199,0.10224279164282546
7843,0.6466898383142805,0.923588948692208,0.10225243107995506
7844,0.6466669278353379,0.9235845868245665,0.10226009292662196
7845,0.6466996833138756,0.9235952013430033,0.1022623557984026
7846,0.6466942499913049,0.9236034677547186,0.10225905962440533
7847,0.646682039690086,0.9236061540502969,0.10226035356486998
7848,0.6466641924400799,0.9236017921826555,0.10226196236541217
7849,0.6466648108833742,0.9236019689631942,0.10226365093834991
7850,0.6466865777765264,0.9236005393466632,0.10226309917919947
7851,0.6467064928031314,0.9235996708161901,0.10227687956454488
7852,0.6466991779311559,0.9236065806294231,0.10228128073655049
7853,0.6467021197264442,0.9236114613095153,0.10227980254805474
7854,0.6467262592809352,0.9236140438426036,0.1022819769361051
7855,0.6467212541632801,0.923602026609022,0.1022864996875854
7856,0.6467372546608655,0.9235794063861693,0.10234169923375673
7857,0.6467567993763748,0.9235725926493161,0.10234669970086539
7858,0.6467637621048012,0.9235681231761292,0.10234659478013264
7859,0.6467641530238948,0.923560744510163,0.10234847334581613
7860,0.6467687101449646,0.9235651140639148,0.10234191690700195
7861,0.6467730330571262,0.9235674045248086,0.10234297225846913
7862,0.6467693371303277,0.9235700908203869,0.10235012787235648
7863,0.6467918274999063,0.9235728386048483,0.10235300787238875
7864,0.6467907421429411,0.9235704597536852,0.10236145690657251
7865,0.6467834071468933,0.9235746678991191,0.102363079649158
7866,0.6467884949735763,0.9235721814424107,0.10236467372155382
7867,0.646788756917263,0.9235651255930805,0.10236286744889327
7868,0.6467782107307755,0.9235579813534809,0.10236418343094542
7869,0.6467613875530646,0.9235575547743546,0.10238962876828647
7870,0.6467780680292144,0.9235526395067657,0.10239350427524978
7871,0.6467739443742662,0.9235483660293936,0.10239550431425656
7872,0.6467534691576899,0.9235264298703647,0.10240150837159931
7873,0.6467429656718968,0.923525407617684,0.1024083080418732
7874,0.6467403166292984,0.9235295658034004,0.10241483107553394
7875,0.6467420758461419,0.9235296349783938,0.1024167442702566
7876,0.6467285592539479,0.9235313758823952,0.10241719359148792
7877,0.6467287318030417,0.9235293928659168,0.10242058663210005
7878,0.6467399588209978,0.9235227405373816,0.10242907551738058
7879,0.6467432711141683,0.9235144126367832,0.10242967312168538
7880,0.64676143460745,0.9235273598897209,0.10242960509540568
7881,0.64674991681179,0.923535019098716,0.10245003208313444
7882,0.6467381251281696,0.9235271024050231,0.10244816696680681
7883,0.6467279197641485,0.9235310107921522,0.10245423050734231
7884,0.6467112058502249,0.9235272945577827,0.10246942400448063
7885,0.6467195849069268,0.9235304266477632,0.10247582335911093
7886,0.6467068463017873,0.9235368637652076,0.10248495002731818
7887,0.6467126494342218,0.9235408336412197,0.1024892948698567
7888,0.6467289442490619,0.9235377438248463,0.10248804847370742
7889,0.64674423722394,0.9235508870735987,0.10248721607407878
7890,0.6467476864557585,0.9235531122025542,0.10248866844516158
7891,0.6467337712460957,0.9235671662553867,0.10249337157994633
7892,0.6467392600800169,0.9235637420932118,0.10248866152337581
7893,0.6467540861777132,0.9235626083919305,0.102489497520914
7894,0.6467728034687877,0.923571743334119,0.10249302948903823
7895,0.6467939342855326,0.9235883683908741,0.10249900235493128
7896,0.6468110801763389,0.9235840218954534,0.10249883130877192
7897,0.6468156505628567,0.9235785801293033,0.10250171764761358
7898,0.646821370061758,0.923579863709737,0.10249830501205003
7899,0.6468029935911538,0.9235795524222665,0.10250310981473258
7900,0.6468090750508739,0.92358324944136,0.10250118756696025
7901,0.6467812862749,0.9235736072158864,0.10250622442244645
7902,0.6468150071023883,0.9235790528250918,0.10250818343134128
7903,0.6468182541010539,0.9235862393382984,0.10251286826563354
7904,0.6468324388602785,0.9235904705420634,0.10251588821514064
7905,0.6468120478667571,0.9235932606001319,0.10252695429344529
7906,0.6467973082229685,0.9236039481366174,0.10253311797718244
7907,0.6467926121398402,0.9235971536150402,0.10253627304829455
7908,0.6467829741491897,0.9236000628078196,0.10254200820786226
7909,0.646784586086766,0.9235985563301848,0.10255317231662166
7910,0.6467804409599709,0.9235928839807233,0.10255779241953969
7911,0.6467759678423269,0.9235954818860322,0.10255798048334137
7912,0.6467777499606793,0.9235936410625959,0.10256392513686152
7913,0.6467888720549119,0.9236063231447253,0.10255927840982722
7914,0.6467972521860863,0.923594248265316,0.10256208812176884
7915,0.6468152263480279,0.9235879879284102,0.10256761403266483
7916,0.646824724297849,0.9235762819822992,0.10258231607081783
7917,0.6468326269782542,0.9235804632263468,0.10258124506949107
7918,0.6468417727210752,0.9235831802663667,0.10258119819609564
7919,0.6468396226234543,0.9235935142417746,0.1025762074007825
7920,0.6468383488621855,0.9235967808386867,0.1025834031611088
7921,0.6468237362966064,0.923597876109416,0.10258876085449546
7922,0.64682501974684,0.9236016384604478,0.10259406076427804
7923,0.6468169400842523,0.9235969653053359,0.10259761642720908
7924,0.646812953294827,0.923584194832937,0.10260143867195934
7925,0.6468128651187103,0.9235909701392383,0.10259789428326228
7926,0.6467953622578135,0.92359372560981,0.10260364789725951
7927,0.6468130701459447,0.9235989098912624,0.10260195500513578
7928,0.6467971371310253,0.9235967962109074,0.10262096799464145
7929,0.6467957396799727,0.9235899248282264,0.10262704957904845
7930,0.6468106373812749,0.9235884952116954,0.10262710461193492
7931,0.6468179748021693,0.9235826960414126,0.102629548345165
7932,0.6468262320540045,0.9235950130332989,0.10263393094554517
7933,0.6468298878630896,0.9235962312817945,0.10263533990196051
7934,0.646827280371583,0.9235905896767744,0.10264362826546457
7935,0.6468468134729329,0.9235989444787591,0.10264441058674748
7936,0.6468336365508834,0.9235852324578385,0.10264183225415881
7937,0.6468425369385074,0.9235922844641135,0.10264692842238547
7938,0.6468559703818555,0.9236003471939037,0.1026474463602352
7939,0.6468397169232256,0.9235944750055722,0.10265865889324725
7940,0.6468481231231681,0.9235948400958154,0.10266178853433101
7941,0.646833609602665,0.9235835991593824,0.10266909390300555
7942,0.6468292880904631,0.9235855399022538,0.1026723770269843
7943,0.6468596711701411,0.9235931260932003,0.1026775314164333
7944,0.6468813712526541,0.923590420582346,0.1026798166386444
7945,0.6468634101580938,0.9235899478865576,0.10268396406820311
7946,0.6468775675654875,0.9235776155224504,0.10269157482482562
7947,0.6468911295220013,0.9235773157641455,0.1026937346675436
7948,0.6468875126539461,0.9235676696956168,0.10270335439443593
7949,0.6469060413664377,0.9235716318855184,0.10270891259486285
7950,0.646895328606597,0.9235661209443748,0.10271621196258363
7951,0.6469164621445938,0.9235641686723379,0.10271480415008238
7952,0.6469156903253437,0.9235604063213062,0.10271277883444407
7953,0.6469171618635989,0.9235544688010365,0.10271365081502117
7954,0.6469076933294187,0.9235519708151625,0.10272579410878456
7955,0.646802236335232,0.9235314642726646,0.10276612948586127
7956,0.6467949414495,0.9235268871939325,0.10276670054906989
7957,0.6468061717204726,0.9235254153037944,0.1027710344927081
7958,0.6468575287227335,0.923526756530056,0.10279366031119855
7959,0.6468382250879943,0.9235402879273826,0.10279781897387831
7960,0.6468272278275835,0.9235363026791498,0.10279819960149827
7961,0.6468410977976733,0.9235442193728427,0.10279694729539425
7962,0.6468785050029737,0.9235486196710362,0.10280911836824239
7963,0.6468760442618635,0.9235406876051224,0.1028184101611483
7964,0.6468655533571921,0.9235370482318568,0.10282493625492413
7965,0.6468650789799762,0.9235284705326711,0.10281427293687917
7966,0.6468625870704349,0.9235267334717249,0.1028192028031022
7967,0.6468460134034458,0.9235224484651872,0.10283813936007422
7968,0.6468647665993444,0.9235284128868432,0.1028408145894771
7969,0.6468622303671868,0.9235292929464819,0.10284379747424734
7970,0.6468953249694985,0.9235378399012261,0.10284522777899502
7971,0.6469088614212148,0.9235450610019296,0.10283902388174136
7972,0.6469004367572053,0.9235409335606547,0.10284926684898905
7973,0.6468981969650621,0.9235382203636899,0.10285384772673371
7974,0.646897612469374,0.9235427282674288,0.10285971072896588
7975,0.6468947583839287,0.9235256881607129,0.10286748162922614
7976,0.6468870953290253,0.9235360375083417,0.1028715011533051
7977,0.6469036629909707,0.9235319946142809,0.10288069803897303
7978,0.6469042877481279,0.923533305096101,0.10288596812432942
7979,0.6469041718934802,0.9235325672295044,0.10289517358443928
7980,0.646918838765989,0.9235349422376122,0.10289550734899376
7981,0.6468777402278519,0.9235182518489188,0.10290903095112378
7982,0.6469190164565508,0.9235197736987744,0.10289810694242728
7983,0.6469311216066419,0.9235244007372241,0.10290429898863493
7984,0.6469184475453837,0.9235273560466657,0.1029105417745898
7985,0.6468994502454903,0.9235206614445234,0.10291841775503906
7986,0.6468971484767824,0.9235173448878938,0.1029215728725684
7987,0.6469080477993816,0.9235145125562182,0.10292417052253103
7988,0.6468983445581657,0.923509147651172,0.10293955490864072
7989,0.6469228652677906,0.9235201234167967,0.10292688446111004
7990,0.6469388547079323,0.9235082330040365,0.1029322519214153
7991,0.6469349793212489,0.923499920475659,0.10293319907573543
7992,0.6469227280828501,0.9234967883856785,0.10293820296052336
7993,0.6469493729856609,0.9234980911813881,0.102940048953753
7994,0.6469263898741999,0.9234864275088842,0.10295359589781003
7995,0.6469435059514724,0.9234928799985495,0.10295660125198842
7996,0.6469257134871301,0.9234931259540817,0.102966197559177
7997,0.646922531705094,0.9235004546603305,0.1029696756512829
7998,0.6468720417333608,0.9235078525415726,0.10299315888839784
7999,0.6468711053625795,0.9235076065860405,0.1030002520811797
8000,0.646866822941501,0.9235013846796866,0.10299794735603784
8001,0.6468580667567927,0.9234984831730176,0.10300521940511376
8002,0.6468426679730686,0.923484386846578,0.1030154817983191
8003,0.6468569833355271,0.923476189609856,0.10302472572986542
8004,0.6468797453492959,0.9234702866770831,0.10302524264149755
8005,0.6468678280856492,0.9234619703056502,0.10303049147466822
8006,0.6468607034306522,0.9234610249140733,0.10303089466375148
8007,0.646851964210446,0.9234588574309457,0.10303310862820644
8008,0.6468705382291668,0.9234679654717478,0.10303294923081875
8009,0.646849283319375,0.9234560135701045,0.10304281770025667
8010,0.6468549069956208,0.9234532926870295,0.10304625184522286
8011,0.6468649395795834,0.9234535155842306,0.10304838687956688
8012,0.6468544556017846,0.9234540536119573,0.10304568110429695
8013,0.646890398157625,0.9234436081879488,0.1030461283461083
8014,0.6468863147536245,0.9234439079462538,0.10304819268746956
8015,0.6469052164158304,0.9234439924934679,0.10305445655298565
8016,0.6468989042006336,0.9234452145850186,0.10305930214692084
8017,0.6469036519169189,0.923444115471234,0.10308670425157275
8018,0.6468613443325321,0.9234439848073576,0.10310213836741698
8019,0.6468680550560765,0.9234562210950849,0.10310317297204563
8020,0.6468785232004451,0.9234544648188627,0.10311158158800186
8021,0.6468847664593874,0.9234554294257156,0.10311962358928317
8022,0.6469034272146987,0.9234714511228058,0.10312686745384034
8023,0.6468773346477575,0.92346206638203,0.1031473640755013
8024,0.6468899488541939,0.9234660823747044,0.10315014879070226
8025,0.646863404741529,0.9234672506634823,0.1031601693366578
8026,0.646882185380534,0.9234651446692378,0.1031681163988639
8027,0.6468738029811807,0.9234770235528325,0.10317502692141882
8028,0.6468799587446892,0.9234780727068995,0.10317361803359126
8029,0.6468908537924701,0.9234839141507895,0.10317968570153656
8030,0.6469012992081954,0.9234784915999152,0.10318439312753343
8031,0.6468846311988495,0.9234761742376353,0.10318482928279904
8032,0.6469022206689927,0.923486784913017,0.10319698768477431
8033,0.6468680969834131,0.9234685419300265,0.10321974848174645
8034,0.6468749794529267,0.9234608942501968,0.10322624072706915
8035,0.6468827989590703,0.9234742565530951,0.10323142112395856
8036,0.6468827989590703,0.9234742565530951,0.10321929142966241
8037,0.6468865808358011,0.9234748291683185,0.10322276354869858
8038,0.6468920166664365,0.9234743026697574,0.10322611166711952
8039,0.6468986430704831,0.9234750635946851,0.1032231519304923
8040,0.6469018893389378,0.9234786530082333,0.1032253173913127
8041,0.6469216794295,0.9234838334466304,0.10322828863663865
8042,0.6469180025348977,0.9234845021382336,0.10322848036110852
8043,0.6469099538118317,0.9234931490124129,0.10322642234441558
8044,0.6469409920678544,0.9234999281617693,0.10322845192937011
8045,0.6469196391131034,0.9234949475622422,0.10323822312992381
8046,0.6469283843345252,0.9235033292656132,0.10323925194247355
8047,0.6469124194404506,0.9234994708382016,0.10324529663137938
8048,0.6469251163335648,0.9235065074722559,0.10324408007086867
8049,0.6469322200214184,0.9234966116051397,0.10325039230459572
8050,0.6469290450831654,0.9234983870966378,0.10325233095224322
8051,0.6469369460540979,0.9235035905933661,0.10325835446277676
8052,0.6469350010463033,0.9234970766148178,0.10326719986607555
8053,0.6469487544774174,0.9234980258494498,0.10327627620273752
8054,0.6469553755080419,0.9235180404808834,0.10327535274038109
8055,0.6469769357355922,0.923517510139267,0.10327515667026378
8056,0.6469654991476361,0.9235073683166186,0.103279207130714
8057,0.6469701461226894,0.9235085481345622,0.1032810066922828
8058,0.646971095947931,0.923507214594411,0.10328727249375881
8059,0.6469593174656454,0.9234988059896536,0.10329732377214097
8060,0.6469456229447785,0.9234890369433587,0.10330738258408774
8061,0.6469285781725576,0.9234908047487465,0.1033165072493168
8062,0.6469377237490318,0.9234827727633977,0.10332135804464683
8063,0.6469315172342696,0.9234861738672416,0.10332689502247844
8064,0.646937392076161,0.9234838372896856,0.10333116469239446
8065,0.6469170068704814,0.9234830110328196,0.10333940716805876
8066,0.6469019795329842,0.9234845482548959,0.10334463711446362
8067,0.6469132535011134,0.9234988866938126,0.1033471776118598
8068,0.6469348831231327,0.9234904166001722,0.10335334280025925
8069,0.6469529077012567,0.9234947515664274,0.10335513317902188
8070,0.6469602964380564,0.9235030333503634,0.10335872535671023
8071,0.6469602964380564,0.9235030333503634,0.10335645519409734
8072,0.6469452493983412,0.923496738425961,0.10335998953937396
8073,0.6469352738020941,0.9234862046116832,0.10336327052384331
8074,0.6468841826336221,0.9234617819959459,0.10338316713750202
8075,0.6468749128821032,0.9234547146174501,0.10339037581780683
8076,0.6468776972942784,0.9234472052876074,0.10337910801213498
8077,0.6468960601772915,0.9234510752441845,0.10338072466988345
8078,0.6468999311802965,0.9234717201366692,0.10338934557923213
8079,0.6468978303796031,0.9234675696370632,0.10339184481533943
8080,0.646890358122498,0.9234618742292705,0.10340066418819792
8081,0.6469311495381981,0.9234787029679508,0.10339720574623552
8082,0.6469026861601815,0.9234695680257624,0.10340175866851604
8083,0.6469292770528575,0.9234750366932988,0.10339491833210948
8084,0.6469349146740757,0.9234786491651781,0.10339859201729813
8085,0.646931079523399,0.9234760743182003,0.10339623986146732
8086,0.6469827057164704,0.9234911160362169,0.10338990899478132
8087,0.6469977201599251,0.9234907778473601,0.10338736038685074
8088,0.6470109487748101,0.9234907163584771,0.10338670587385768
8089,0.6470212867238244,0.9234848633854216,0.10339303909877631
8090,0.6470382210902518,0.923477035081998,0.10339850593251004
8091,0.6470629677575729,0.923481185581604,0.10339917379073599
8092,0.6470547971724032,0.9234978144814144,0.10340763751725876
8093,0.6470373719625516,0.9234805361052768,0.10340562506631935
8094,0.647052413274979,0.9234962426718414,0.10340477203496899
8095,0.6470578986077773,0.9235059617584188,0.10340695908771683
8096,0.6470842317367059,0.9235025721837405,0.10340881993300065
8097,0.6470891008143559,0.9235164263977033,0.1034163442521993
8098,0.64710530064895,0.9235159537019147,0.10341289244102904
8099,0.6471038301209949,0.9235076142721508,0.10341806135422982
8100,0.6471014781407466,0.9235067957013952,0.10342273871392445
8101,0.6471047593929422,0.923500585324207,0.10343336632719363
8102,0.6470947237841623,0.9234956700566179,0.10344498885151447
8103,0.6470897166028475,0.9234927647068938,0.10344987869304047
8104,0.647078697082368,0.9234933450082276,0.10345295332116676
8105,0.6470747765241813,0.9234912928167557,0.10346228233636956
8106,0.6470708785534002,0.9235014192671833,0.10345565406269983
8107,0.6470769745899435,0.9234993862909874,0.10346312206399567
8108,0.6470860700651611,0.9235120837453377,0.10346818526897789
8109,0.6471226184514145,0.923529235300654,0.1034680202753098
8110,0.6471200847359969,0.923519301002986,0.10347180708440759
8111,0.6471169529796919,0.9235184593738991,0.10347446144287872
8112,0.6471093429718843,0.9235109192996149,0.10347002902988829
8113,0.6471021112778022,0.9235044091641217,0.10348169760530032
8114,0.6471030700135266,0.9235095473289118,0.1034927768400015
8115,0.6471364157012618,0.9235170758740304,0.10349091099025567
8116,0.6471674279845493,0.9235236090678547,0.10349035926786294
8117,0.6471582969540431,0.923522928847086,0.10349546407798117
8118,0.6471602286882064,0.9235138400215599,0.10350342714194638
8119,0.6471595739687839,0.9235160075046874,0.10351457392706342
8120,0.6471772117220406,0.9235144894978871,0.10351495862894387
8121,0.6471741921605537,0.923520150318183,0.10351746562220818
8122,0.6471799211484086,0.9235182364766981,0.10351969915051598
8123,0.6471910714373345,0.9235261301120599,0.10352468496917004
8124,0.6472375915856411,0.9235311760435253,0.10348915562091188
8125,0.6472623094819931,0.9235385892969883,0.1034848826976281
8126,0.6472827995339506,0.923540276398217,0.10348186231128635
8127,0.6472751925430476,0.9235457258504776,0.10349576989123828
8128,0.6472653633066138,0.923545130176923,0.10349981765663888
8129,0.64729102108979,0.9235504797097485,0.10348697069148421
8130,0.6473003745727344,0.9235546686399064,0.10349510145219495
8131,0.6472981916445587,0.9235445729339203,0.10349786831678158
8132,0.647291587451284,0.9235404954523629,0.1035013720229781
8133,0.6472970874601602,0.9235430626132304,0.10350901828533983
8134,0.6472948617586874,0.9235406107440186,0.10350873414937857
8135,0.6473018554486951,0.9235469902156352,0.1035174206708491
8136,0.6472861000083485,0.9235401457343405,0.10352204800916844
8137,0.647281535562239,0.9235386392567058,0.10353156111561221
8138,0.6472937983712123,0.9235484582627181,0.10353171044241902
8139,0.647274727622178,0.9235349114931708,0.10355040751935282
8140,0.6472806512596078,0.9235362680916531,0.10355344607460992
8141,0.647277806689795,0.9235299885394714,0.10355211346185844
8142,0.6472712405193081,0.9235272676563964,0.1035531707340485
8143,0.6472828797130911,0.9235443000770017,0.10355572568466312
8144,0.6472913033977974,0.9235484236752214,0.10356000097836666
8145,0.6472988829983046,0.9235478049433358,0.10357784984332974
8146,0.6472735975284919,0.923538543180326,0.10358292175657993
8147,0.6472930496883437,0.9235376938651289,0.10358095538603858
8148,0.6472942357778427,0.9235420019299977,0.10358637106297168
8149,0.6472845626582658,0.9235445345033684,0.1035931944178529
8150,0.6472908474501577,0.9235502183819955,0.1035977989467362
8151,0.64732223703657,0.9235596108088817,0.1035980194735648
8152,0.6473259395242545,0.9235616437850777,0.10360023490364251
8153,0.6473262063884471,0.9235593533241839,0.10361107044077694
8154,0.6473339595935824,0.9235622817322393,0.10361371154614128
8155,0.6473389034895424,0.9235676658525616,0.1036161926584375
8156,0.6473263503961258,0.9235604485949133,0.10367592321800025
8157,0.6473400287038104,0.9235632040654851,0.10368084344007417
8158,0.6473499643742021,0.9235613632420487,0.10368180488269531
8159,0.6473571577841447,0.9235602064824363,0.10368579741129919
8160,0.6473548287818136,0.923555587130097,0.10368674591045088
8161,0.6473559359640395,0.9235538615983163,0.10368590972761457
8162,0.6473530278116136,0.923547286130885,0.10368781091110035
8163,0.6473342825678478,0.9235356378306018,0.10369863091221464
8164,0.6473325412851152,0.9235226214026707,0.10370024201118953
8165,0.6473484620059142,0.92352109570976,0.10370482376923401
8166,0.6472910485137594,0.9235043169307972,0.10373665953366677
8167,0.6473109617983106,0.923503286992006,0.10374106775928936
8168,0.6473093676108821,0.9235052853807052,0.10374063368138506
8169,0.6472915060725162,0.9235054237306921,0.10374919722646532
8170,0.6473063978651684,0.9235011540963751,0.10374778227941091
8171,0.6473151182309024,0.923502176349056,0.10375362279513128
8172,0.6473350935201859,0.9235058772112046,0.10375372991367991
8173,0.6473400019049745,0.923505362241809,0.10375768615571704
8174,0.6473558185632362,0.9235014077380178,0.10375891776174165
8175,0.647335574776747,0.92349732257035,0.103766061803023
8176,0.6473386698126856,0.9234999858075972,0.1037657952489629
8177,0.6473498099021843,0.9234952742219333,0.10376508769901484
8178,0.6473494517887811,0.9234925110652512,0.10376224014803287
8179,0.6473750270394749,0.9234825921398039,0.103769228605779
8180,0.6473892190377774,0.92348483264098,0.10376076715485338
8181,0.6473727651033976,0.9234920960152906,0.10377033249485591
8182,0.6473638644721907,0.9234923227555468,0.10377434647124109
8183,0.647386206003423,0.9234865466435951,0.1037791739015193
8184,0.6473823964953613,0.9234861700241864,0.10378239545253926
8185,0.647352840640584,0.9234790142554212,0.10379707031900152
8186,0.6473579697417217,0.9234824230453754,0.10380435013317829
8187,0.6473767018472643,0.9234885258170183,0.10380347526905728
8188,0.6473482740173924,0.9234963848648834,0.1038208255795337
8189,0.6473499722993469,0.9234989251243645,0.10382796465529959
8190,0.6473689177082371,0.9234972380231358,0.10383363008546924
8191,0.6473831207085415,0.9234997091076235,0.10383525211328286
8192,0.647392320047738,0.9235002663506261,0.10384308134573951
8193,0.6473858333519629,0.9234984793299624,0.10384599906224556
8194,0.6473927471087584,0.9235018381601992,0.10384997516877438
8195,0.6473848458312808,0.9234913965792458,0.10385131074970716
8196,0.647352125024927,0.9234848787576423,0.10388776649488952
8197,0.6473392390518936,0.923487753362925,0.10389301901329573
8198,0.6473343398233156,0.9234860585755859,0.10389692213560524
8199,0.64735032054202,0.9234888563197647,0.10389647690985038
8200,0.6473560253449547,0.9234970228120452,0.10390008108911387
8201,0.6473497593580698,0.9234940482873275,0.10387508396157813
8202,0.6473608589348991,0.9235072837694044,0.10387116524299998
8203,0.647365467312124,0.9235047050793714,0.10386996316024624
8204,0.6473485843328005,0.9235060194042467,0.1038798062431649
8205,0.6473547731763033,0.9235140821340369,0.10388304581821335
8206,0.6473617953597587,0.9235200273404169,0.1038877066022579
8207,0.647354365927817,0.9235144625965007,0.1039023276913693
8208,0.6473650979455731,0.9235159460158043,0.10390660268339609
8209,0.6473870726814382,0.9235240049025394,0.10390564651944285
8210,0.6473772265799024,0.9235245429302661,0.10391381828767533
8211,0.647406995581307,0.9235188974821908,0.10391673562623585
8212,0.6474066449757958,0.9235201195737416,0.10392081124281545
8213,0.6474059333105141,0.9235250694288273,0.10391846966277377
8214,0.6474058281176374,0.9235210303778217,0.10392393419117274
8215,0.6474057864462027,0.9235226367748914,0.10393034155235155
8216,0.6474033305625783,0.9235188859530253,0.10392880964730886
8217,0.6473985943326201,0.9235222908999243,0.10393159824817033
8218,0.6474100417776723,0.9235236129109099,0.10393116384579876
8219,0.6474244790229932,0.9235176792336954,0.10393350054502512
8220,0.647397448110936,0.9235094627816975,0.10392649143861461
8221,0.6474009303229792,0.9235065651180837,0.10392327081190304
8222,0.647386421348738,0.9235062999472756,0.10392866806688984
8223,0.6473770465951336,0.9235135940660276,0.103937035858867
8224,0.6473342831471351,0.9235088363637015,0.10395179211233696
8225,0.6473396226818451,0.9235129868633075,0.10395804985246519
8226,0.6473654217008924,0.9235226982637745,0.10395995808636715
8227,0.6473676853964814,0.9235289893451218,0.10396336708941192
8228,0.6473742153908925,0.9235262992064883,0.10396726158609366
8229,0.647362587614892,0.9235063191625515,0.1039782034970276
8230,0.6473906119633397,0.9235157000602722,0.10397577531939793
8231,0.6473908669872119,0.9235133173660539,0.10397654256013578
8232,0.6474016371100202,0.9235150659561657,0.10397702019176142
8233,0.6474001816434387,0.9235150544270001,0.10397327531011667
8234,0.6474097208105556,0.9235176139017571,0.1039726091404274
8235,0.6474158234114717,0.9235149583506204,0.1039783909993313
8236,0.6474226792756173,0.9235203040403906,0.10397568530454354
8237,0.6474117119772067,0.9235173333587282,0.10397963686892284
8238,0.647430120780871,0.9235136709271314,0.10397990194901592
8239,0.6474444043619857,0.9235084751165136,0.10397456048275283
8240,0.647475843841581,0.9235143857353969,0.10397762148074667
8241,0.6474626616027722,0.9235097932844439,0.10398762460086945
8242,0.6474613978964121,0.9235007159880835,0.10399925199539363
8243,0.6474487837534247,0.9235024914795815,0.10398901609129442
8244,0.6474357033664921,0.9235011156658233,0.10399484067426394
8245,0.6474314891292507,0.9234975877411582,0.10400722357360823
8246,0.6474182843493662,0.9234872729810262,0.10401092063162282
8247,0.6473881023611596,0.9234780534916236,0.10401729648106632
8248,0.6473787307112273,0.9234803055219654,0.10401814783883216
8249,0.6473940068335626,0.9234840832452178,0.10402530626163616
8250,0.6474012106742943,0.9234785530887983,0.10402265616149155
8251,0.6473834675542803,0.9234781956846656,0.1040244129055248
8252,0.647375597715887,0.9234651292970171,0.1040384687606167
8253,0.6473745258103322,0.9234679731578582,0.10405143651070113
8254,0.6473666078751226,0.923455398681274,0.1040578375030693
8255,0.6473713062986954,0.923463638191603,0.1040611471416619
8256,0.647365080939631,0.9234607289988236,0.10406620523669576
8257,0.647359134513811,0.9234511790066746,0.10408096314363183
8258,0.6473637385390854,0.9234526470537575,0.10408858387341045
8259,0.6473756821723008,0.9234597528628051,0.10409310314378337
8260,0.6473882008648287,0.9234691491327466,0.10409119868239616
8261,0.6473750319438601,0.9234598258808538,0.10409685611014623
8262,0.6473673445326525,0.923451832326057,0.10410200123171336
8263,0.647379612926534,0.92345209365381,0.1041006349724265
8264,0.6473759793488104,0.9234590726420364,0.1041096915171476
8265,0.647387750134692,0.9234742027503224,0.10411337545260933
8266,0.6473887143320608,0.9234770466111636,0.10411607888040426
8267,0.6473959719689263,0.9234773040958614,0.10411444105714393
8268,0.647419421545275,0.9234629272263928,0.10412527602884897
8269,0.6474162729145866,0.9234573125227591,0.10412378595843917
8270,0.647429639554147,0.9234640109679565,0.10412915462354842
8271,0.6474414205330209,0.9234668509857425,0.10413553782551455
8272,0.6474450792952169,0.923471132149225,0.10413725392047982
8273,0.6474632253252951,0.9234747407780491,0.10414211580672499
8274,0.6474618683332471,0.9234770427681084,0.10415116875277855
8275,0.6474629114529928,0.9234556715381926,0.10415542322703765
8276,0.6474529389132954,0.9234471630140003,0.1041537781894936
8277,0.6474510171584267,0.9234469785473511,0.10416059537364182
8278,0.6474840113504131,0.9234549836313135,0.10415868657326505
8279,0.6474873344589296,0.9234492613221345,0.10416248128313796
8280,0.6474666284550358,0.9234364946927908,0.10418011647261681
8281,0.647465406466214,0.9234337738097157,0.10418396038740166
8282,0.6474489797823426,0.9234252806577441,0.10419324443038477
8283,0.6474450158323697,0.9234418442256163,0.1041952881210733
8284,0.6474455108830779,0.9234404568826924,0.10420597645656081
8285,0.6474340586189921,0.9234439425337504,0.10417987224021624
8286,0.6474550187070172,0.9234559559242768,0.10417827019544118
8287,0.6474539544353878,0.9234484619666548,0.10416875525344874
8288,0.6475063933196378,0.9234597836072467,0.10418629781922573
8289,0.647530665396094,0.9234673275245862,0.10418488513768745
8290,0.6475314858845015,0.9234708439200857,0.10419466916019508
8291,0.6475190742879049,0.9234746216433382,0.10420253035647768
8292,0.6475036255513428,0.9234675004620697,0.10421125009776781
8293,0.6474622128934638,0.9234745908988967,0.10426641667702899
8294,0.6474580148737041,0.9234854090992587,0.1042683707528081
8295,0.6474734001629311,0.9234811509941073,0.10426784021616206
8296,0.6474528541024814,0.9234889985128069,0.10425398685923054
8297,0.6474463416738836,0.9234809165677407,0.10425477627000575
8298,0.6474375525772224,0.9234719507199807,0.10426543811501067
8299,0.6474390693569841,0.9234649602025886,0.10427205915042781
8300,0.6474101165067027,0.923451267396944,0.10428168274840673
8301,0.6473839562909885,0.9234568590422465,0.10429584490360914
8302,0.6473938481765538,0.923456666889487,0.10429395226168485
8303,0.647385794691397,0.9234534156647957,0.10429805921378904
8304,0.6473707296192567,0.9234502297720425,0.1043085176761862
8305,0.6473692841112152,0.923443389133803,0.10431475639286417
8306,0.6473631592475545,0.9234459178641184,0.10432569997152419
8307,0.6473621910896203,0.9234368789983098,0.10433635087695414
8308,0.6473825412578642,0.9234356223192625,0.10433556000045806
8309,0.6473687519500544,0.9234395114911155,0.10434290192574487
8310,0.6473882864045992,0.9234432546268713,0.10433843258662741
8311,0.6473949176348293,0.9234448725531066,0.10433892116936386
8312,0.6473948018792326,0.9234400149313454,0.10434408933266487
8313,0.6473941556626809,0.9234324825431716,0.10434583697917944
8314,0.6473995617665674,0.9234384315926069,0.10434543071883279
8315,0.6473755546576622,0.923407106849747,0.10438859205157104
8316,0.6473639940113983,0.9233980218672762,0.10439189408586812
8317,0.6473655807067957,0.9233823191437667,0.10440088759376637
8318,0.6473635039611118,0.9233843674921833,0.10441140479207528
8319,0.6473872981174487,0.9234084019593464,0.10442082549919408
8320,0.6473775007725165,0.9234044897291621,0.10442750757774584
8321,0.6473910823692234,0.9234019033530187,0.1044197211873191
8322,0.647389657372879,0.9233976298756467,0.10442502153479685
8323,0.6474139622853254,0.9233979757506138,0.1044290845440336
8324,0.6474139622853254,0.9233979757506138,0.10441469443988577
8325,0.6474066537036667,0.9234055734707259,0.10442898250044455
8326,0.6474073503301735,0.9233977720686887,0.10443220975775463
8327,0.647427987674199,0.9234063920414816,0.10443376274442957
8328,0.6474228218340053,0.9234076679358049,0.10444181872136322
8329,0.647426366496218,0.9233986405991618,0.10444784258231869
8330,0.6474257299303131,0.9233888177500943,0.10446246220573349
8331,0.6474271018243198,0.9233907853943519,0.10446253843774769
8332,0.6474188360049107,0.9233899898819274,0.10446724727747236
8333,0.6474213379025524,0.9233922918719867,0.1044684806746871
8334,0.6474074398411995,0.9233910736234913,0.10447601124054323
8335,0.6473924682838654,0.9233845942324396,0.1044837291697422
8336,0.647393636368818,0.9233871152766447,0.1044802210106482
8337,0.6474151023204838,0.9234066149386826,0.1044789062169837
8338,0.647423386567456,0.9234092435884331,0.10448220021015497
8339,0.6474078980606717,0.9234104579938733,0.10449035169758455
8340,0.6474028971471755,0.9234099545536434,0.1044939375658308
8341,0.6474060081150994,0.9234113687979536,0.10449605851180103
8342,0.6474257494891142,0.9234082098065868,0.10449515135863885
8343,0.6474420688881429,0.9234154424364558,0.10449215903695466
8344,0.6474328411720015,0.9234098277328221,0.10449075656203426
8345,0.6474347265352691,0.923419496859682,0.10450495554244961
8346,0.6474465741604097,0.9234208534581644,0.10450862721316599
8347,0.6474465741604097,0.9234208534581644,0.10450329199270084
8348,0.6474304614721166,0.9234308300294396,0.10450879263761584
8349,0.647416926633732,0.9234251115633157,0.10451886808588126
8350,0.6474535895041573,0.9234261799326587,0.10451693257893052
8351,0.6474509708490239,0.9234239817050897,0.1045192800047689
8352,0.6474290522094462,0.9234219794733353,0.10453047855923407
8353,0.647413198971325,0.9234176752515216,0.10453624633490868
8354,0.6474119113193619,0.9234100544730783,0.10454119499655555
8355,0.6474089971871689,0.923416695272448,0.10454541761448415
8356,0.6473554752068557,0.9233922073247725,0.10459575691684257
8357,0.6473988361687347,0.9233823806326498,0.10459690572915696
8358,0.6474177938184793,0.9233906393582547,0.10459857585129317
8359,0.6474112795266904,0.9233864927017038,0.1046009022731436
8360,0.6474066158460791,0.9233844136088456,0.10460197260344978
8361,0.6473920330965189,0.9233922649706003,0.10460823078334862
8362,0.6473836935178597,0.9234010924683735,0.10460201145594464
8363,0.6473776953287539,0.9233938252510078,0.10460639956730251
8364,0.6473950205167547,0.9233952125939316,0.10460877528206615
8365,0.6474203644001911,0.9233957045049961,0.10460940268327636
8366,0.6474263650545008,0.9234019379405155,0.10461029062127941
8367,0.6474256605045523,0.9233953932175256,0.10461443531419151
8368,0.647424897789638,0.9233958159535967,0.10461251907833898
8369,0.6474202402649454,0.9234125370867315,0.10462083947038063
8370,0.6474004905176504,0.9233954700786294,0.10462787353416812
8371,0.6474056055183828,0.9233851745337734,0.10463690915744692
8372,0.6473991318141348,0.9233839332269468,0.10464077299919082
8373,0.6473657618654414,0.9233816850396602,0.10465623305749853
8374,0.647358797635167,0.9233858393823214,0.10466595108698654
8375,0.6473690068676416,0.9233975530145428,0.10466914917668993
8376,0.6473576840276255,0.9234099007508707,0.10467164422115188
8377,0.6473824929173188,0.9234155116114492,0.10467574557257232
8378,0.6473923307179454,0.9234190356930592,0.1046785809613497
8379,0.6473815106383808,0.9234171141654638,0.1046803570652033
8380,0.6474250808502334,0.9234026181612842,0.10471218279438249
8381,0.6474147229534868,0.9234103849758247,0.1047078753240338
8382,0.6474080058873686,0.923399247801882,0.10471857139645929
8383,0.6473938600339988,0.9234013922266784,0.10472625216633824
8384,0.6474043107509875,0.92340787161773,0.10473157050470588
8385,0.647445435277384,0.9234169719724217,0.10472569148841673
8386,0.6474517430927781,0.9234174946279277,0.10473150982178875
8387,0.647478083067745,0.9234237434356678,0.10473176203128494
8388,0.6474772540483404,0.9234183593153455,0.10473017030987986
8389,0.6474799193760095,0.9234160995988934,0.10473401479504629
8390,0.6474916326902724,0.9234139398018762,0.10473936326350515
8391,0.647516598454733,0.923414078151863,0.104739467905888
8392,0.6475018236790558,0.923414178071298,0.10474476496023943
8393,0.6475156622270457,0.9234072528858442,0.10475511553935388
8394,0.6475168016312154,0.9233896324777947,0.10475980125097538
8395,0.647516827146501,0.9233954470202983,0.10475573053602935
8396,0.6475366050417217,0.9233993438782617,0.10476141089732642
8397,0.6475416375534772,0.9233964308424272,0.10477336464165074
8398,0.6475566847632888,0.923397656777033,0.1047796368026122
8399,0.6475451260978491,0.9233959081869212,0.10479705129797758
8400,0.6475502755463627,0.9234189818902865,0.10479782573595524
8401,0.6475402357802822,0.9234099583966986,0.10480915285264704
8402,0.6475608863360518,0.9234184438625598,0.10480497553467359
8403,0.6475680426353053,0.9234160227377896,0.10481182682631762
8404,0.647573744623109,0.9234075295858181,0.10482399021657143
8405,0.6475594828614657,0.9234026988654432,0.10483033936463451
8406,0.6475558879682536,0.9233910697804361,0.10483684075429889
8407,0.6475739546872018,0.9234067110150624,0.10484525219609124
8408,0.6475899433164071,0.9234039055847731,0.10484145395825481
8409,0.6475713125424313,0.9233914079692929,0.10485146629247614
8410,0.6475501226037172,0.9234080868288207,0.10485797100137384
8411,0.6475564299119054,0.9234121566242677,0.1048612966190082
8412,0.6475591254077545,0.9234056887623817,0.10486657187518571
8413,0.6475633344575136,0.9234064650595302,0.1048870433088098
8414,0.6475645017975028,0.923403963230601,0.10489709431491062
8415,0.6475876380036323,0.9234068993247667,0.10489501383714529
8416,0.6476018551985961,0.9234118069062454,0.1048954821289099
8417,0.6476038790166968,0.9234143010490642,0.10490003215504914
8418,0.6476248971714966,0.9234214990914364,0.10489886252728947
8419,0.6476087051216655,0.9234185783694915,0.1049074488367097
8420,0.6476476737268793,0.9234236857898399,0.10490662159925028
8421,0.6476516555471985,0.9234324556417852,0.1049104522024766
8422,0.6476402184945637,0.9234360834858854,0.10491805717694141
8423,0.647651764158937,0.9234456027335928,0.10492261017277157
8424,0.6476457759086779,0.9234416828172982,0.10492393056853348
8425,0.6476462292841636,0.923438896602285,0.10493085048397371
8426,0.6476760498583946,0.9234419326158857,0.10492444715495328
8427,0.6477006857694575,0.9234554063673844,0.10491074089682374
8428,0.6476982543744133,0.9234519629899335,0.10491643785490777
8429,0.647680493322878,0.9234457064960829,0.10492423360390782
8430,0.6476789994697366,0.9234468171390331,0.10492751215393017
8431,0.6476758325491523,0.9234436581476663,0.10493532109001405
8432,0.6476861666527061,0.9234421593561419,0.10493355596323205
8433,0.647676983286178,0.9234276595089072,0.10494215224936039
8434,0.6476595715668075,0.923421249292849,0.10494625834667899
8435,0.6476614924042112,0.9234200425735192,0.10496083547068989
8436,0.6476747992567293,0.9234243775397742,0.10496768016733382
8437,0.6476692294539574,0.9234218372802933,0.10496828921645991
8438,0.6476579388387095,0.9234181748486964,0.10497409755467016
8439,0.6476663420082541,0.9234317523626854,0.10497937293180383
8440,0.6476597499781603,0.923423747278723,0.10498497352064966
8441,0.6476817147566437,0.923430557172521,0.10498582889259529
8442,0.6476641682338445,0.9234223983663511,0.10497292285568506
8443,0.6476565480124247,0.9234133056977697,0.10498820565045172
8444,0.647646547292751,0.9234091705703845,0.1049973770418986
8445,0.6476388705873158,0.9234066456831241,0.10500052874226802
8446,0.6476276883959171,0.9233965422910276,0.10500532397685383
8447,0.6476349811906468,0.9233983600561328,0.10500243891705831
8448,0.6476319502740879,0.9233953471008634,0.10500993767240586
8449,0.6476485012132421,0.9233999971976442,0.10500954586926747
8450,0.647649041290828,0.9234020532321712,0.10501479225535867
8451,0.6476515463459038,0.923399651322677,0.10501358511200493
8452,0.6476309283061022,0.9233572585808678,0.10507179579270029
8453,0.6476401899712875,0.9233430123752756,0.10507061771546934
8454,0.647628505696134,0.9233406143088366,0.10507815209903562
8455,0.6476238001648704,0.9233419978087053,0.10507779465466113
8456,0.6476364453442531,0.9233549373755325,0.10507464792392379
8457,0.6476500075866203,0.9233513133744877,0.10507946115365516
8458,0.6476505157338923,0.9233526507576941,0.1050814579594931
8459,0.6476418548085194,0.9233523894299411,0.10509091471411752
8460,0.6476434624684849,0.9233563247184564,0.10510150991370346
8461,0.6476395445779887,0.9233625850553622,0.10509760960424795
8462,0.6476424737957249,0.9233563938934498,0.10510543788721963
8463,0.6476358911244362,0.923360064011157,0.10510650988503882
8464,0.6476739358991588,0.9233685955936805,0.10509627091950706
8465,0.6476519433411783,0.9233711589114928,0.10510833406395977
8466,0.6476572644644623,0.9233594683376025,0.10512068254504192
8467,0.6476604094134214,0.9233616242915644,0.1051245304007383
8468,0.6476536215106247,0.9233617242109995,0.10513623014006487
8469,0.6476771103588159,0.9233600140514395,0.10514068807788059
8470,0.6476606413271765,0.9233513825494811,0.10513682405988299
8471,0.6476684301143185,0.9233528851840607,0.10513256002103939
8472,0.647689734085585,0.9233497185065835,0.10513145740553213
8473,0.6476918022433963,0.9233545300116823,0.10512184771480891
8474,0.6477058085757537,0.9233524240174378,0.10512796984595082
8475,0.6477146684359445,0.9233586843543435,0.10512805504938182
8476,0.6477115291093138,0.9233446379876213,0.10511280530214108
8477,0.6477139469954724,0.9233442306237711,0.10511553221725516
8478,0.6477137097007397,0.9233465902596583,0.10512622964726766
8479,0.6477250273261267,0.9233606558416564,0.1051259607847047
8480,0.6477240475087862,0.9233668662188447,0.10512783025232453
8481,0.647708081011566,0.9233672620535294,0.10513367224538485
8482,0.6477145347914168,0.9233543993478058,0.10514278316497014
8483,0.6477163534678784,0.9233498991301775,0.10514638867636486
8484,0.6477134886109621,0.9233492534969054,0.10513972438601936
8485,0.6477371560777447,0.9233784645594104,0.10514224260495543
8486,0.6477323363700545,0.9233782608774852,0.10516456627231603
8487,0.6477185762158021,0.9233431468822073,0.1051946232239887
8488,0.6477318789567879,0.9233493380441197,0.10519372764486447
8489,0.647733246179573,0.9233476355706701,0.10519734358243732
8490,0.647729189591045,0.9233493495732852,0.10519598279368732
8491,0.6477193583438259,0.9233478085081537,0.1051951840379631
8492,0.6477268787735924,0.9233469015471287,0.10519812717216054
8493,0.6477305071201638,0.9233322479776863,0.10522656296353533
8494,0.6477210194512955,0.9233271751448345,0.10522858012917831
8495,0.6476898830976855,0.923324784764506,0.10523737948361847
8496,0.6476829994882951,0.9233198349094203,0.10524205585567416
8497,0.64766341429695,0.9233298114806954,0.10524828768689069
8498,0.6476666894929524,0.9233279130114312,0.10525186476324089
8499,0.6476815729416269,0.923328331904447,0.10525149736924856
8500,0.6476874910953321,0.9233226249674887,0.10525512999941611
8501,0.647700672569562,0.9233232975021471,0.10526270634463174
8502,0.6477148216162514,0.9233304648000779,0.10526531925183209
8503,0.6477204897113099,0.9233286816224694,0.1052692772991252
8504,0.6477289042494571,0.9233207726148868,0.10527418340632883
8505,0.6477343300074092,0.9233177980901691,0.1052813250416086
8506,0.6477208590095055,0.9233194237025149,0.1052722341154651
8507,0.6477228935261592,0.9233197580483165,0.10527811467477653
8508,0.6477202474607449,0.9233380971076867,0.1052728715593382
8509,0.6477195687563543,0.92333554531904,0.10528605068334819
8510,0.6477329119877184,0.9233428240655713,0.10528316127770249
8511,0.6477411478407689,0.9233402838060902,0.10528232954270549
8512,0.6477351293790217,0.9233383353771085,0.1052837606048304
8513,0.6477475194439052,0.9233391539478641,0.10528621598186431
8514,0.6477471735880184,0.9233497723093562,0.10528814847772815
8515,0.6477481928976778,0.9233489883260972,0.10529471313165714
8516,0.647764800967181,0.9233483311636597,0.10530002507771911
8517,0.6477776152750905,0.92336566334257,0.10530249011900862
8518,0.6477840517481561,0.9233621162026289,0.10530046629046687
8519,0.6477860351278094,0.9233738336779055,0.10530820637585152
8520,0.6477724924003194,0.9233825920006853,0.10531273013671594
8521,0.6477574030292731,0.9233839178547261,0.10532036752825433
8522,0.6477342556697484,0.923380489849496,0.10532772377719161
8523,0.6477545337914199,0.9233860392211913,0.10531979788534654
8524,0.647763352975912,0.9233898092583335,0.10532512422957298
8525,0.6477679096023694,0.9233881221571048,0.10531936125564023
8526,0.6477599115096596,0.9233843943935697,0.10532195834944454
8527,0.6477641648082907,0.9233840369894369,0.10531936858066775
8528,0.6477751102690764,0.9233804475758888,0.10532775289601186
8529,0.6477690348220367,0.9233717276836609,0.10533411938303433
8530,0.6477809724467878,0.9233695025547055,0.1053359708208857
8531,0.6477794286613286,0.9233810125050018,0.10533733605798633
8532,0.6477991687490994,0.9233830185798114,0.10533901699177814
8533,0.6478048709527489,0.9233907008471377,0.10533615979799263
8534,0.6477782651937114,0.9233830454811978,0.10535008212136036
8535,0.6477894235161715,0.9233767543998505,0.10535470125746926
8536,0.6477867302150838,0.9233679691756844,0.10536506896477893
8537,0.6478080419213754,0.9233681036826161,0.1053696298215884
8538,0.6478099116427632,0.9233669008063414,0.10536902518314267
8539,0.6477954652827201,0.9233568589031279,0.10538098611021933
8540,0.6477996074612778,0.9233581271113409,0.10538176153794669
8541,0.6478128087806811,0.9233607019583187,0.10539190336180061
8542,0.6478121148916349,0.9233603983569586,0.10539478627836146
8543,0.6477812247299097,0.9233637225996987,0.1053981241176493
8544,0.6477844094553132,0.9233562286420767,0.10540390664875308
8545,0.6477842118487309,0.9233545107964064,0.10541001441813773
8546,0.6477967184210399,0.9233522626091198,0.10541110861427191
8547,0.6478014588941634,0.9233564400101122,0.10542114842800313
8548,0.6478019726780606,0.9233604636888969,0.10542385508081234
8549,0.6478082188231092,0.9233597296653554,0.10541861047446202
8550,0.647847645088722,0.923366451168884,0.1054194339917012
8551,0.647851979658472,0.9233755515235758,0.10542333489339752
8552,0.6478433548646991,0.9233664281105529,0.10542635420731716
8553,0.6478553564227604,0.9233770195706587,0.10542450853960073
8554,0.6478301795667727,0.923366631792478,0.10544320041595714
8555,0.6478315776305578,0.9233718429753167,0.10545071315170314
8556,0.6478519316861907,0.9233633920969522,0.10545472120060499
8557,0.6478396832284521,0.9233663512494491,0.10545613537840746
8558,0.6478580587508461,0.9233553716407691,0.1054792489449238
8559,0.6478731479035721,0.9233541956658807,0.10548209798789332
8560,0.6478677163114801,0.9233512288272735,0.10548543174063389
8561,0.6478751790063154,0.9233666471646989,0.10548471393619684
8562,0.6478844144153384,0.9233619509512557,0.10548985342315569
8563,0.6478890539460651,0.9233679422742981,0.10549929232341887
8564,0.647889753012079,0.923373138084916,0.10549871205836936
8565,0.6478847001383676,0.9233548758866496,0.10551874032037391
8566,0.6478730610466759,0.9233466901790932,0.10552875571788993
8567,0.6478646515003451,0.9233437118113204,0.10553135751065484
8568,0.647865976332005,0.9233409986143557,0.10553955111002761
8569,0.6478509773903449,0.923338827288173,0.10555497101644226
8570,0.6478533288624615,0.9233335507733961,0.10555559067329096
8571,0.6478644956775745,0.923333669908107,0.10555921847801047
8572,0.6478620727522586,0.9233241967770617,0.1055704583431282
8573,0.6478690645061251,0.9233237356104388,0.1055735510932623
8574,0.6478878967377247,0.9233269484045783,0.10557592015675768
8575,0.6478993655852983,0.9233269983642958,0.10557697932838707
8576,0.6478816715699068,0.9233300920237244,0.10557404438699054
8577,0.6478909331478672,0.9233420669836987,0.10558093895494017
8578,0.6479057337175936,0.9233450453514715,0.10557904168378045
8579,0.6479214526687919,0.9233427856350194,0.10558766072349246
8580,0.6479222503646348,0.9233417825976146,0.10558872008792856
8581,0.6479023406573349,0.9233423283114517,0.1055875137330375
8582,0.647901967153593,0.9233407526588235,0.10558815245728824
8583,0.6479207103074317,0.9233372208911031,0.10559889511001475
8584,0.6479364767921715,0.9233509060106375,0.10560098030901253
8585,0.647950347866665,0.9233403645102493,0.10561979406553286
8586,0.647957467231062,0.9233372093619376,0.10562774630290347
8587,0.6479549916983924,0.9233284664113787,0.1056385397006195
8588,0.6479297873368056,0.9233128981948009,0.10566821175192534
8589,0.6479277750217793,0.9233077369716798,0.10567066208708074
8590,0.647908294180881,0.9233032790276584,0.10567785281710299
8591,0.6479065233702997,0.9233030176999055,0.10567252070063513
8592,0.6479184869307605,0.9233090436104446,0.10566675206907626
8593,0.6479376050333467,0.9233054772552276,0.1056750561451211
8594,0.6479476945030379,0.9233060844579477,0.1056872816294677
8595,0.6479445934357208,0.9232995973807857,0.10569846682149564
8596,0.6479518491432047,0.9232971531976844,0.10569857239077841
8597,0.6479434068015755,0.9232968342241036,0.1056984225768288
8598,0.6479456301966734,0.9233009232348265,0.10570605665111962
8599,0.6479244762685005,0.9232982599975793,0.10570855986166634
8600,0.6479077559376861,0.923287334191672,0.10570361715270934
8601,0.6479032931948209,0.9232763968565991,0.10571394955015474
8602,0.6479137636256294,0.9232756782052784,0.10570391264326827
8603,0.647909329937187,0.9232775190287148,0.10571018543823305
8604,0.6479029110715279,0.9232990785683349,0.10571907940227854
8605,0.6479101970028684,0.9232858469293131,0.10572412307994851
8606,0.6479225756632315,0.9232878184166261,0.10571863794031948
8607,0.6479180024866265,0.9232819769727361,0.10572523216953798
8608,0.6479148425280562,0.9232815657658308,0.10573150072425531
8609,0.6479333842509454,0.9232965844255162,0.10573315136081822
8610,0.6479463240565368,0.923293759779951,0.10574850210806552
8611,0.6479618777557021,0.9232903586761071,0.10575442483077649
8612,0.64797993450815,0.9232905815733082,0.10575480840512361
8613,0.6479763266653827,0.923289267248433,0.10575967306526692
8614,0.647993397409879,0.923292007346784,0.10576167261124167
8615,0.6480132901533118,0.9232957735408709,0.1057562713280881
8616,0.6480286183137686,0.9233029446818569,0.10575620019292675
8617,0.6480388848602628,0.9232989094739066,0.10575740851665284
8618,0.6480212453935663,0.923297687382356,0.10576407862210326
8619,0.6480123521707896,0.9232919689162321,0.10576869296091443
8620,0.6480090458923707,0.9232904124788798,0.10576277094916786
8621,0.6480057681329517,0.9232921994995436,0.10576193766706411
8622,0.6480065400892282,0.9232870190611464,0.10576673337438412
8623,0.6479974964782613,0.9232859353195826,0.10576849126943286
8624,0.6480006009906312,0.9232966920310615,0.10577338167311012
8625,0.6479990303201711,0.9232935868424674,0.10577553748008924
8626,0.6479969543981027,0.9232914347315606,0.10578077881538732
8627,0.6480278414524815,0.9232930603439062,0.1057818107172859
8628,0.6480079804848561,0.9232779379217306,0.10579197665318953
8629,0.6480047553104153,0.9232761739593981,0.10579524731750128
8630,0.648025937865248,0.9232848861655155,0.10579303018037588
8631,0.647985905845364,0.9232768810815531,0.10581243729700557
8632,0.6479832179152519,0.9232650290993449,0.10581720399171743
8633,0.6479749064656465,0.9232636494425314,0.1058252741257531
8634,0.6479463510108305,0.9232578041555862,0.10584392684984546
8635,0.647945477692338,0.9232572930292459,0.10584392097500032
8636,0.6479503843600585,0.9232655402256853,0.1058427492609648
8637,0.6479657573962441,0.9232667123575184,0.10584451764574855
8638,0.6479702070737372,0.9232667277297392,0.10585109881211377
8639,0.6479767690977218,0.9232615511343972,0.10585554482000249
8640,0.6479886595355369,0.9232540533337201,0.1058632723102153
8641,0.6480248065077974,0.9232650214132345,0.10586832850941726
8642,0.6480122731456596,0.9232664740880966,0.10587931245917212
8643,0.648004470156032,0.9232617855607639,0.10588535646990142
8644,0.6479927561178013,0.9232686876878865,0.10588984416195302
8645,0.6479546335346769,0.9232611745149886,0.10588781224130497
8646,0.6479431015031246,0.9232582960666507,0.10589803918051353
8647,0.6479453156703288,0.9232632612939572,0.10590504094449732
8648,0.6479584100201604,0.9232621083774,0.10590573852354342
8649,0.6479168591136719,0.9232667930616775,0.10592262282409697
8650,0.6479141310763463,0.9232738104804558,0.10593168221150236
8651,0.6479213890554603,0.9232715891945555,0.10594009206301178
8652,0.6479205499829953,0.9232725845458499,0.10594903286720216
8653,0.6479286017819441,0.9232759049455347,0.10596883319531585
8654,0.6479354676684357,0.9232805704145363,0.10597387875390978
8655,0.6479266497770468,0.923284190572526,0.10597184053666031
8656,0.6479252575905888,0.9232938135827237,0.105972404143826
8657,0.6479284446123906,0.9232893364234264,0.10597832749089507
8658,0.6479393422972,0.923300427480707,0.105970627144565
8659,0.6479302112442672,0.9233014996931052,0.10597250886623306
8660,0.6479247285204969,0.9233032751846033,0.10596606393667984
8661,0.6479181721743665,0.9233016457292024,0.10596656783504525
8662,0.6478991507749938,0.9233085862868768,0.10596948716489969
8663,0.6478818794034873,0.9233109382366537,0.10598034202327797
8664,0.6478899746686341,0.9233007733556741,0.10598596511294585
8665,0.6478934820121534,0.9233032060096098,0.10598778154067198
8666,0.6479144925050694,0.9233112034074618,0.10599408498205737
8667,0.6479187250571774,0.9233211338620747,0.10599518035323065
8668,0.6479100272205985,0.923327263535104,0.10600174134023213
8669,0.647900437652631,0.9233260837171604,0.10600281779502758
8670,0.6478975637870049,0.9233229170396832,0.10600416900384803
8671,0.6479178707224822,0.9233303033917598,0.10600433546173618
8672,0.6479046678663732,0.9233343616580413,0.10600165154545245
8673,0.647947366801806,0.9233523317841132,0.10600493272147098
8674,0.6479685991343451,0.9233495417260448,0.10600487514094104
8675,0.6479334271282331,0.9233307069125549,0.10601856822627688
8676,0.6479295457653281,0.9233289621654983,0.10602769503496731
8677,0.6479257609586359,0.9233293849015692,0.10602976934087938
8678,0.6479005483470238,0.9233379203271479,0.10603841476575547
8679,0.6479071196461402,0.9233549489046982,0.10603589376216417
8680,0.6478952251796906,0.923346505712444,0.10604162226221771
8681,0.6479035156304495,0.9233383968659916,0.1060446698947683
8682,0.6478726521327198,0.923323374363251,0.10605886560514188
8683,0.6479194832547747,0.9233284471961027,0.10610062877090914
8684,0.6479344616850102,0.923320595834348,0.1061017135597687
8685,0.6479198789536521,0.9233261990088161,0.10610510757399497
8686,0.6479047326992494,0.9233226826133166,0.10611079327460128
8687,0.6478835891238299,0.9233288507168977,0.10612248697717933
8688,0.647887791705231,0.9233326169109847,0.10612936178945831
8689,0.6478922395960808,0.9233381278521282,0.10613216694517638
8690,0.6478985877050415,0.9233324785609978,0.10613847012060586
8691,0.6478991627609755,0.9233220561953205,0.10614572011599953
8692,0.6479139519714758,0.9233129788989599,0.10616695641262143
8693,0.6479139519714758,0.9233129788989599,0.10616342263113245
8694,0.6479190006090478,0.9233045510789266,0.10617291670229799
8695,0.6479190006090478,0.9233045510789266,0.10616535269623625
8696,0.6479253613219296,0.9233178019332243,0.10616322222762067
8697,0.6479236087402469,0.9233174445290916,0.10616502059617947
8698,0.647925931301049,0.9233135784155697,0.10616394194421903
8699,0.6479223864082067,0.9233071143967388,0.1061669751467337
8700,0.6479286283153629,0.923301737962527,0.10616020848663295
8701,0.6479389859759531,0.9233004582251485,0.10616550865492257
8702,0.6479544572566738,0.9233025373180066,0.10616326607600267
8703,0.647955039965844,0.9233122448754185,0.10616617124336465
8704,0.6479769903608783,0.9233192277067,0.10616395799772863
8705,0.6479851389653387,0.9233225596355504,0.10616731111023042
8706,0.6479958401755327,0.9233315062680345,0.10617037794159985
8707,0.6479846250226572,0.9233238355298738,0.10617723452404848
8708,0.6479822361469019,0.9233210531579157,0.10617548167655953
8709,0.6479808712018228,0.9233165375680665,0.106174945549279
8710,0.6479648450410481,0.9233157151542557,0.10618521345154253
8711,0.6479626300201147,0.923332382484618,0.1061881409105239
8712,0.647940356403806,0.9233386351354134,0.10619860597900577
8713,0.6479312386041464,0.923333147252601,0.10620822987188466
8714,0.6479315951241555,0.9233287930710699,0.10621149130212168
8715,0.6479116118748223,0.9233259069366216,0.10622356192858824
8716,0.6479192147415481,0.9233247232756229,0.10622810132853584
8717,0.6479206703565813,0.9233220331369894,0.10622984574990234
8718,0.6479269043112683,0.923324704060347,0.10622505843556611
8719,0.6479268705662702,0.9233134784961348,0.106228111143195
8720,0.6479438471726655,0.9233075332897547,0.10622812149367873
8721,0.647971583522482,0.9233031829512787,0.10623298054624271
8722,0.6479659468568593,0.9233011461320276,0.10623270412614881
8723,0.6479569221855956,0.9233072143161738,0.10623278646616602
8724,0.6479400471604461,0.9233070836522973,0.10623979591834207
8725,0.6479626666130677,0.9233098929256417,0.1062417543491398
8726,0.6479607739235068,0.9233110112547023,0.10624875871954294
8727,0.647988950509774,0.9232988902586307,0.10625218414878589
8728,0.6479576371986204,0.9233205420315753,0.1062628436662005
8729,0.6479656053603284,0.9233145353363121,0.10626631555885849
8730,0.6479952669704383,0.9233190086525542,0.1062684908950035
8731,0.6480158281040899,0.923332121156865,0.10626446737040869
8732,0.6480078908985871,0.9233382700451702,0.10626716025300642
8733,0.6480017497567906,0.923329742305702,0.10627735569779617
8734,0.6480006644711503,0.9233294579196178,0.10627542402622298
8735,0.6480044773184607,0.9233352263454592,0.10627759436287983
8736,0.6480042231142107,0.9233331434095458,0.10628691075162039
8737,0.648000069974508,0.923319327626135,0.10630172521607031
8738,0.6479999735786272,0.9233202422732705,0.10630167308702594
8739,0.6480016038193575,0.9233103041325471,0.10630578195668183
8740,0.6479983709352126,0.9233151117945908,0.1063051694339011
8741,0.6480214828849803,0.9233370633258404,0.10630357603842917
8742,0.6480312308088193,0.9233417057365108,0.10630600295051679
8743,0.6480387042318527,0.9233325169915497,0.10630312196619729
8744,0.6480524723485329,0.9233487269983444,0.10631025398652642
8745,0.6480555538372511,0.9233443343862613,0.10631460052412244
8746,0.6480457355224775,0.9233446725751181,0.1063267970304886
8747,0.6480926490909968,0.9233603983569586,0.10634203435205428
8748,0.6480917507255753,0.9233649792787461,0.10634710500606623
8749,0.6480912369933729,0.9233667086535818,0.10634995270254671
8750,0.6480865847849309,0.9233669046493965,0.1063536233422263
8751,0.6481183490645592,0.9233698676449487,0.10635268982391329
8752,0.6481008808379515,0.9233817772729848,0.1063437992408786
8753,0.6481322060747382,0.9233851437893319,0.10634293411245502
8754,0.6481585550635576,0.9233951818494901,0.10634066127100827
8755,0.6481360021759669,0.9233983562130778,0.10634816720860084
8756,0.6481458696904827,0.9233972955298451,0.10634973437673742
8757,0.6481635814709676,0.9233943671217897,0.10635091346997401
8758,0.6481573789912929,0.9233990979227296,0.10635524801354093
8759,0.6481631623528892,0.9233929182899828,0.1063554324392869
8760,0.6481660591332274,0.9233969573409883,0.10635773414728528
8761,0.648179989211979,0.9234023222460346,0.10635465061118382
8762,0.6481736952717662,0.923395281768925,0.10636092875174878
8763,0.6481773111511048,0.9233943017898515,0.10636392264539879
8764,0.6481646905464513,0.9233949627953443,0.10637029857854013
8765,0.6481804165698601,0.923386093023964,0.10641210528873853
8766,0.6481888456507171,0.923384079263044,0.10642190285697155
8767,0.648175552920727,0.9233848747754685,0.10643169190897156
8768,0.6481774270347809,0.9233770195706587,0.10643184254102396
8769,0.6481681896411313,0.9233732303182406,0.10643650939984577
8770,0.648147654169345,0.9233619086776486,0.10644988544440914
8771,0.6481547426626565,0.9233465479860512,0.10645638542646525
8772,0.6481561239681219,0.9233427625766882,0.10645407244861756
8773,0.6481409182131209,0.9233428010072402,0.10646075875562513
8774,0.6481319780113874,0.9233497607801906,0.10646961610299753
8775,0.6481160931088583,0.9233455295764256,0.10647465915292617
8776,0.6481286351526868,0.9233435811474439,0.10647737310820349
8777,0.648106387043719,0.923335948839835,0.10648848332787085
8778,0.6481049096522348,0.923328009087811,0.10649714572182808
8779,0.6481273180309088,0.9233462136402496,0.10649968778063724
8780,0.6481147566699684,0.9233534385840082,0.10650678913105538
8781,0.6481023357721702,0.9233435119724505,0.10651326475574152
8782,0.648069699914309,0.9233365445133896,0.10651986253505392
8783,0.6480935761967321,0.9233434850710641,0.10652265751566872
8784,0.648127009482826,0.9233528736548952,0.10652290573473927
8785,0.64812275787109,0.9233558404935024,0.106530602526888
8786,0.648111986443228,0.9233512441994942,0.1065355750304459
8787,0.648081042925277,0.9233333240331397,0.10650653022341525
8788,0.6480814598605523,0.923341429036537,0.10651067012187534
8789,0.6481283410889118,0.9233482735178318,0.10650819758880545
8790,0.6481141013914055,0.923351501684192,0.1065154419700192
8791,0.6481123281568956,0.9233467824124177,0.10651867025973231
8792,0.6481264357806844,0.9233501566148753,0.10652147482111506
8793,0.6481272635505069,0.9233482696747766,0.10652812338101152
8794,0.648125347762975,0.9233576006127797,0.10653519845471196
8795,0.6481276240424698,0.9233533655659596,0.10653616423070258
8796,0.6481185972384923,0.9233454219708802,0.10654836872987722
8797,0.6481041379670973,0.9233375898244015,0.10656079033185621
8798,0.6480926008694237,0.9233337198678244,0.1065671195045947
8799,0.6480893598312991,0.9233240968576267,0.10657386245001751
8800,0.6481067943565817,0.9233478584678712,0.10658175828024674
8801,0.6481061989728459,0.9233492650260711,0.10658868196677901
8802,0.6481161447203946,0.9233518552452696,0.10658520232906545
8803,0.6481133969552446,0.9233525969549214,0.10659348980966658
8804,0.6481144113981679,0.9233541111186666,0.10659033893768832
8805,0.6481067696443585,0.9233582616182726,0.10659354255225365
8806,0.6481154545473228,0.9233558750809991,0.10660426969153472
8807,0.6481142753163849,0.9233601370292056,0.1066019561685758
8808,0.6481292428265499,0.9233527276187979,0.10660178983119625
8809,0.6481561989466893,0.9233521473174641,0.10659956779663524
8810,0.6481679660787163,0.9233515631730751,0.10659976691623844
8811,0.6481449415353611,0.9233392577103543,0.10662875384540145
8812,0.6481610430424878,0.9233458639222272,0.10662826791351036
8813,0.648157510890791,0.9233509444411894,0.10662603255237231
8814,0.6481400241067911,0.923334676788567,0.10664192586766476
8815,0.6481396870101321,0.9233258608199594,0.10665433831614239
8816,0.6481507580936224,0.9233403260796973,0.1066551552529161
8817,0.6481528527474929,0.9233450991542442,0.10665984082398859
8818,0.6481438432266973,0.9233424935628249,0.10665857016917739
8819,0.6481160170497049,0.9233541457061633,0.10666550898182561
8820,0.6481271998248923,0.9233625850553622,0.10666993113043731
8821,0.6481285938658807,0.9233648063412624,0.10667644897304858
8822,0.6481567915987572,0.9233809817605603,0.10667148349264319
8823,0.6481599460844942,0.9233760357485298,0.10667125568376322
8824,0.6481458904510476,0.9233752825097125,0.1066793140057161
8825,0.6481531356539381,0.9233740757903826,0.10667945988495628
8826,0.6481458879881961,0.9233809164286221,0.10668478830948447
8827,0.6481584609080632,0.9233854627629128,0.10669213039124589
8828,0.6481623587629916,0.9233712934184244,0.10672661706277035
8829,0.648168892008197,0.9233705478657174,0.10672635647106489
8830,0.648164294146074,0.9233759742596468,0.10673004260959926
8831,0.6481949636015978,0.923381116267492,0.1067315022023511
8832,0.6481750583874579,0.9233850169685106,0.10673452293508123
8833,0.6481966788257245,0.9233939021121116,0.10674130981111207
8834,0.6482061398728599,0.9234034866917573,0.1067407311874773
8835,0.6481969329516708,0.9234066994858968,0.10674957441078349
8836,0.6481937498722258,0.9234038325667245,0.10676166728472619
8837,0.6482061628878251,0.9234080522413239,0.10677844343818271
8838,0.6481987328962769,0.923418589898657,0.1067766228513825
8839,0.6482021203988173,0.923412806100595,0.10678343877159113
8840,0.6482018195717205,0.9234132749533283,0.10678554893567312
8841,0.6482067389827019,0.9234105540702532,0.10678564051015572
8842,0.6482145348879366,0.9234058578568101,0.10679000627981694
8843,0.6482238063493216,0.9234169143265939,0.10679440622755368
8844,0.6482297634554318,0.9234096509522833,0.10679388284004937
8845,0.6482449172045949,0.9234078985191163,0.10679526711020135
8846,0.6482532151807153,0.9234068339928285,0.10680069957313573
8847,0.6482367790409707,0.9234024682821318,0.10680667355173792
8848,0.6482457339259668,0.9234122027409299,0.10679868041764358
8849,0.6482507049372512,0.9234125947325594,0.10680280839929758
8850,0.6482520782610672,0.9234002662115075,0.10680250946639627
8851,0.6482523509627038,0.9234035712389715,0.10681286064236382
8852,0.648243062127091,0.9234158421141956,0.10681802543507221
8853,0.6482282783945539,0.9234143317935056,0.1068230081184789
8854,0.6482648770870458,0.923408778578755,0.106855250476789
8855,0.6482644745847997,0.9234097585578287,0.10685899167411658
8856,0.6482835303384614,0.9234207573817846,0.10685226154474912
8857,0.6482964201424154,0.9234193316083088,0.10685391175835739
8858,0.648334528431821,0.9234358490595187,0.10686612314910399
8859,0.6483002650482866,0.9234371864427251,0.1068774711471825
8860,0.6482929994979518,0.9234315947974225,0.10688127596571827
8861,0.6483104366244238,0.9234407835423836,0.10688593481062336
8862,0.6483163226432221,0.9234422362172457,0.1068872261660276
8863,0.6483088226313176,0.9234401763396635,0.10689880669080527
8864,0.6483129015862964,0.9234441077851236,0.10689956041103918
8865,0.6482940697194551,0.9234449186697689,0.10690624656167338
8866,0.6483033125541661,0.9234445113059186,0.10691453044498571
8867,0.6482899193711323,0.9234359220775673,0.10692322078681835
8868,0.6482860805435593,0.9234355992609313,0.1069256537892443
8869,0.6482774022346598,0.9234224636982893,0.10693574893880656
8870,0.648272698046197,0.9234180634000959,0.10693428209644108
8871,0.6482687727753931,0.9234183016695177,0.10693959821186946
8872,0.6482902900847575,0.9234259800937888,0.10694406625926074
8873,0.6482929694870667,0.9234247234147415,0.10695218422683547
8874,0.6483067462666809,0.9234266334131712,0.106956163469859
8875,0.6483027195954417,0.9234184131181182,0.10695157555959929
8876,0.648300338585978,0.9234120720770534,0.10696022946134734
8877,0.6482914805385697,0.9234072759441755,0.10696051268400861
8878,0.6482828070167228,0.9234119260409562,0.10696531862542248
8879,0.6482899249398887,0.9234250808188742,0.10696104225678899
8880,0.6482912884960762,0.9234263374979216,0.10695591939842415
8881,0.6482992059177873,0.9234130020964096,0.10697024413125258
8882,0.6482990086380583,0.9234160765405622,0.10697304397830723
8883,0.6482936729212488,0.9234131673477829,0.10697667511330787
8884,0.6483166186736675,0.9234177559556807,0.10697042415850082
8885,0.6483180504147772,0.9234195237610684,0.10697339471628076
8886,0.6483307013994678,0.9234189434597345,0.10697444038874902
8887,0.6483269626468458,0.9234276249214105,0.10698292744906172
8888,0.6483041674523929,0.9234213146247873,0.10698894147347293
8889,0.6483225668693686,0.9234158344280853,0.10698736185283746
8890,0.6483085770897877,0.9234282282810754,0.10699028450038299
8891,0.6483266201597424,0.9234295618212266,0.10700155365651903
8892,0.6483211013989408,0.9234162994377634,0.10700389396517437
8893,0.6483400246110099,0.9234199311249186,0.10700893307985986
8894,0.6483310275886008,0.923418024969544,0.10701310463104581
8895,0.6483359381732751,0.9234260569548927,0.10702263818682861
8896,0.6483447187020892,0.9234362487372585,0.10701852536935333
8897,0.6483471698641197,0.9234389465620024,0.10702039294449385
8898,0.6483409176849599,0.9234329552389601,0.10702073516594167
8899,0.6483460205993685,0.9234326132070481,0.10702101541342715
8900,0.6483302571400004,0.9234287048199191,0.10702669524544085
8901,0.6483298942826705,0.9234455527738753,0.10702780875366923
8902,0.6483339730316046,0.9234553909951637,0.1070317329380782
8903,0.648328683427542,0.923450541059513,0.10703706614821976
8904,0.6483341466472222,0.9234548260660507,0.10704024272005173
8905,0.648337901550528,0.9234563171714647,0.10704137049735116
8906,0.6483421545120593,0.9234612708696055,0.10704793588800879
8907,0.6483408706460931,0.9234527969329099,0.10705295673876687
8908,0.6483365709127777,0.923458561515696,0.10706285025094052
8909,0.6483455082199849,0.9234625582930944,0.10707199689571158
8910,0.648342030612827,0.9234641992776609,0.10707103472975539
8911,0.6483561584196769,0.9234650908664651,0.10707819722480806
8912,0.6483459673234995,0.923465651952523,0.10707830181556023
8913,0.648360892303086,0.9234780919221754,0.10706476999782971
8914,0.6483770040275059,0.9234906087529318,0.10706198602701508
8915,0.648371860196066,0.9234828688397776,0.10707098075720883
8916,0.6483599912388531,0.9234767353236931,0.10706823785224398
8917,0.6483580559216316,0.9234839910118933,0.10706361109239952
8918,0.6483668352450663,0.9234804131275107,0.10706746921266401
8919,0.648356792621377,0.9234796176150862,0.10706748388138448
8920,0.6483412151996881,0.9234825806106383,0.10709079592270002
8921,0.648318632394049,0.923471454965861,0.10710533767269002
8922,0.6483150807212327,0.9234755862501911,0.10710789723596364
8923,0.6483167062519436,0.9234688109438898,0.10711049603416199
8924,0.6483351194653852,0.923477638441663,0.1071084751721827
8925,0.6483218486889203,0.9234642415512679,0.10711839138132735
8926,0.6483190482287984,0.9234680653911828,0.1071296662577101
8927,0.6483239496538146,0.9234693297563406,0.10713089007535329
8928,0.6483358391725441,0.9234648602831537,0.107130790283258
8929,0.6483481329316636,0.9234727347032395,0.10712933157080252
8930,0.6483633504949542,0.9234655481900328,0.1071279806336989
8931,0.6483694849691317,0.9234645605248488,0.10712628683048489
8932,0.6483653739898495,0.923460675196051,0.10712956417770572
8933,0.6483629048319903,0.9234603908099669,0.10713357325355755
8934,0.6483642735382753,0.923466236096912,0.10714472700326348
8935,0.6483521695482797,0.9234615245112481,0.10715053924987446
8936,0.6483609487947869,0.9234693528146717,0.10715098315589193
8937,0.6483733288709732,0.9234741258892186,0.10715311904934553
8938,0.6483797424864169,0.9234766161889822,0.1071561287248662
8939,0.6483741607048975,0.9234882529600998,0.10716220146649436
8940,0.6483396740851416,0.9234694450479962,0.10718321300553053
8941,0.648353573675524,0.9234640301832325,0.1071892012767728
8942,0.6483291239522135,0.9234577621602164,0.10720040648517624
8943,0.6483445474557281,0.9234501567539939,0.10720017473001081
8944,0.6483472514409975,0.9234516747607943,0.10719894088155651
8945,0.6483441888539659,0.9234590534267605,0.10720645454684687
8946,0.6483330224513133,0.9234592186781336,0.10721814541143189
8947,0.6483315448473275,0.9234548222229955,0.10721282582740257
8948,0.648334596039421,0.9234489769360503,0.10721721530443655
8949,0.6483321552573895,0.923452777717634,0.1072236834292817
8950,0.6483539792986059,0.9234583770490469,0.10723502468117178
8951,0.648365120798561,0.9234553487215565,0.10724215365240634
8952,0.6483905944378866,0.9234579197254792,0.10724270779697173
8953,0.648393598529306,0.9234617666237251,0.1072420866815405
8954,0.6483712434175325,0.9234537154231005,0.1072399174533146
8955,0.6483738261681201,0.9234656096789159,0.1072447426834587
8956,0.6483665926667801,0.9234699946048885,0.10726392429484968
8957,0.6483660327701026,0.9234742258086536,0.10726812553501629
8958,0.6483650691616241,0.9234746254863934,0.1072714798443989
8959,0.64838448816154,0.9234876150129382,0.10731992808959671
8960,0.6483678845058026,0.923488921651703,0.1073256124840207
8961,0.6483872961909822,0.9234938292331816,0.10732079696975343
8962,0.6483952630718011,0.9234995054256984,0.10731208467253744
8963,0.6483990745678297,0.9234968498745615,0.10731126242209357
8964,0.6484218741077775,0.9234914849695153,0.10731598512677763
8965,0.6484175940689613,0.9234842638688118,0.10733036562996899
8966,0.6484089832810209,0.9234784685415841,0.10734118382357404
8967,0.6483771357448721,0.9234793447581676,0.10735364218989484
8968,0.6483520605614784,0.9234751442988441,0.10737354177422348
8969,0.6483735276445947,0.9234729114837783,0.10737172842716314
8970,0.6483769996785129,0.923489909316887,0.10737623353935359
8971,0.6483680080336293,0.9234910430181683,0.10738498206614316
8972,0.6483818931032095,0.9235012386435894,0.10738752519375419
8973,0.6483961897075943,0.9235027297490034,0.10738747412864423
8974,0.6483997968136326,0.9235088209914807,0.10739200404136373
8975,0.6484130165470795,0.9235100622983073,0.10740531817159764
8976,0.648441435583802,0.9235261185828944,0.10742559660817419
8977,0.6484543389691939,0.9235299039922572,0.10743312041111526
8978,0.648448703009927,0.9235290393048393,0.10743835890533918
8979,0.6484482836763031,0.9235145663589909,0.10744069208655375
8980,0.648450867202189,0.9235008159075184,0.1074509541387786
8981,0.6484708768827573,0.9234994285645945,0.1074488252330702
8982,0.6484795677156282,0.9235088363637015,0.10745660011748395
8983,0.6484738140800604,0.9234953818274787,0.1074636128933299
8984,0.6484726616078932,0.9234883067628725,0.10747172479929008
8985,0.648450805721725,0.9234859048533782,0.10747714651352058
8986,0.6484573972845011,0.9234894519933193,0.10747609433975708
8987,0.64844683253325,0.9234934218693314,0.10748461396701899
8988,0.6484478753298759,0.9234979758897324,0.10748835196058032
8989,0.6484697643811074,0.923500908140843,0.10748243019388597
8990,0.648466822710395,0.9235018919629718,0.10748416474627082
8991,0.6484416513542179,0.9234978029522488,0.10747343582356814
8992,0.6484321588019164,0.923495024423346,0.10747788006137099
8993,0.6484128147703234,0.9235007966922424,0.10748736485425925
8994,0.6484370155480818,0.9234947131358755,0.10749127162506833
8995,0.6484417882968203,0.9234909815292852,0.1074955926447654
8996,0.6484295841703387,0.9234884681711905,0.10749947426246222
8997,0.6484313026657029,0.9234854244714794,0.10750442576344527
8998,0.6484329330347476,0.9234874074879579,0.1075079293328628
8999,0.6484321097312115,0.9235005238353239,0.10754939665173492
9000,0.648425664118061,0.9234860585755859,0.10756106167237528
9001,0.6484325650815435,0.9234901514293641,0.1075551089442323
9002,0.6484747338361957,0.9235083790401338,0.10755963660757602
9003,0.6484811461739882,0.9235087210720457,0.10755653593094587
9004,0.6484816417593559,0.9235100815135833,0.1075563943686608
9005,0.6484807720700817,0.9235077103485306,0.10756266799883768
9006,0.6484712034087378,0.9235046320613228,0.10756848928545905
9007,0.6484920143665078,0.9235083828831889,0.10757311693073277
9008,0.6484794573785122,0.9234905856946006,0.10757955196654104
9009,0.6484899333809809,0.9234949936789044,0.10758010395797221
9010,0.6485023245258974,0.9235015960477221,0.1075870582097766
9011,0.6485071958534403,0.9234983371369203,0.10758795582968445
9012,0.6485144320030182,0.9234961312232408,0.10758811374275282
9013,0.6485234369336076,0.9234932873623997,0.10758860270181864
9014,0.6485170413021267,0.9234864697824913,0.10759332666768773
9015,0.6485219295357967,0.9234931221110265,0.10759524378718648
9016,0.6485428853872744,0.9234966500356916,0.10758541156414518
9017,0.6485502501665397,0.9234961273801857,0.10758925401975392
9018,0.6485446803468414,0.9234945209831159,0.10758132692540787
9019,0.6485576230911096,0.9234978336966904,0.10758065463283692
9020,0.6485336593011392,0.9234912851306453,0.10759404417378882
9021,0.6485383916444312,0.9234840947743834,0.10760546605287052
9022,0.6485620955631104,0.9234902628779645,0.10760862804686881
9023,0.6485507289312535,0.923493352694338,0.10761338485737738
9024,0.648559927569862,0.9234952895941541,0.10762252032995623
9025,0.6485450534797889,0.923487169218536,0.10762400172997666
9026,0.6485430990082847,0.9234878878698567,0.1076277037848918
9027,0.6485389649385026,0.9234887256558882,0.10762619161393439
9028,0.648557788126127,0.9234756515821293,0.10763328430309294
9029,0.6485612383222176,0.9234691260744154,0.10763519359374134
9030,0.6485729253013148,0.9234866888366372,0.10763893224076702
9031,0.6485783147148618,0.9234869194199486,0.10764301768737435
9032,0.6485572338703679,0.9234857511311706,0.10765053160628321
9033,0.6485462372322727,0.9234900591960394,0.10764679598067271
9034,0.6485292546203033,0.9234966654079124,0.10765189844640272
9035,0.648538044146179,0.9234968114440096,0.10765637569509626
9036,0.6485391972757487,0.9234927877652249,0.10766482425000062
9037,0.6485377372416172,0.9234825652384175,0.10767029768216793
9038,0.6485357609775956,0.9234866311908093,0.1076725851330105
9039,0.6485470756385833,0.9234830648355923,0.10767528491964326
9040,0.6485404121892806,0.9234787952012754,0.10767653708095225
9041,0.6485466611280499,0.923478564617964,0.10768048348190294
9042,0.6485452376444071,0.923479632987307,0.10768049598590429
9043,0.6485551304398683,0.9234778459666433,0.10767927771254569
9044,0.6485839828378811,0.9234829918175437,0.10767922071501003
9045,0.6485726175248121,0.9234798059247905,0.10768721319039021
9046,0.6485722520352317,0.9234789181790415,0.10768742445315055
9047,0.6485648899845182,0.9234901437432537,0.10770310870536878
9048,0.6485731368199733,0.9234886411086741,0.1077027901180587
9049,0.6485820484755294,0.9234978759702974,0.10770712203619401
9050,0.6485901458792145,0.9235022263087734,0.10770552755720178
9051,0.6485315106762084,0.9234919922528004,0.10778705512380592
9052,0.6485434074310383,0.9234946785483787,0.10779126547011272
9053,0.6485391512333589,0.9234915772028398,0.10779479947091562
9054,0.648519521742875,0.9234948361136416,0.10779875840474663
9055,0.6485180609240172,0.9235054967487407,0.10780503142143999
9056,0.6485324125190952,0.9235062922611652,0.107800536180894
9057,0.6485227825704161,0.9234966615648572,0.10781726278415123
9058,0.6485249326713637,0.9234994862104224,0.10782015225198875
9059,0.6485076553660505,0.9235061039514608,0.10782575933121673
9060,0.6484884049969485,0.9234987483438257,0.10783178022390172
9061,0.6484538575989444,0.923491542615343,0.10786176246567392
9062,0.648442494676904,0.9234813815774188,0.10787653322731464
9063,0.6484587725677183,0.9234889716114205,0.10788202065474382
9064,0.6484523425280327,0.9234952281052711,0.10788591571310716
9065,0.6484502061772163,0.9234923919305402,0.10788612451864582
9066,0.6484588186042821,0.923491823158372,0.10789018097578157
9067,0.6484707794975031,0.923494643960882,0.10788716817649982
9068,0.6484693121697294,0.9235016114199429,0.10788817028379692
9069,0.6485021193923428,0.9235147431395296,0.10788515860421632
9070,0.6485040806052276,0.9235160151907978,0.107893050412377
9071,0.6485011472301151,0.9235134441868752,0.10789879205477104
9072,0.6485163362253061,0.923520995790325,0.10789166470482249
9073,0.6485163362253061,0.923520995790325,0.1078958853291597
9074,0.6485230808154093,0.9235227174790505,0.10789541932815598
9075,0.6485404012143767,0.9235266104939587,0.10789685367102664
9076,0.6485610619878003,0.9235437236187232,0.10789659377373895
9077,0.6485641055925824,0.9235419904008321,0.10790037793797551
9078,0.648548638358403,0.9235391849705429,0.10790534279740233
9079,0.6485728921326328,0.9235443961533816,0.10790555366288578
9080,0.6485691030708745,0.9235360989972247,0.10790086518422694
9081,0.6485515188999625,0.9235288394659693,0.10792226793539839
9082,0.6485489485837516,0.9235289816590114,0.10793317805526734
9083,0.6485437171698156,0.9235318255198526,0.10793500171955088
9084,0.6485449869485279,0.9235340813932496,0.10793421283833375
9085,0.6485408296242312,0.9235293390631442,0.10794448124279281
9086,0.6485384487435979,0.9235256112996091,0.10794952458401268
9087,0.6485431739383273,0.923525526752395,0.10795405475152973
9088,0.6485498012327939,0.923522164079103,0.10795116884033329
9089,0.6485601218685119,0.9235196084474012,0.1079581424164677
9090,0.6485578633862604,0.9235181442433735,0.10796293857544863
9091,0.6485651621767805,0.923517025914313,0.10795712171921927
9092,0.6485730787124606,0.9235165609046349,0.10795554797435125
9093,0.6485656253304761,0.9235134326577096,0.10795558604029674
9094,0.648572961762474,0.9235150467408897,0.10795281591259044
9095,0.6485701325373741,0.9235138246493391,0.10794715489092964
9096,0.6485942208722697,0.9235154233602985,0.10795198779124479
9097,0.6485924974831977,0.923510861653787,0.10795237907266321
9098,0.6485887448423816,0.9235004969339375,0.10795460103802686
9099,0.6485880441532208,0.9234967883856785,0.10795341909162616
9100,0.6485726770304028,0.9234867042088579,0.10795973496588823
9101,0.6485834746551874,0.923485051695126,0.10796886249325333
9102,0.6485909843269081,0.9234837565855266,0.10796809842696953
9103,0.6485810185336455,0.9234829533869917,0.10797496497757689
9104,0.648572410311353,0.9234811048774451,0.10797792572133853
9105,0.6485837596447294,0.9234767161084172,0.10798415628316294
9106,0.6485806077707381,0.9234847327215451,0.10798821541224334
9107,0.6485922342447777,0.9234773732708548,0.10799362101393502
9108,0.6485664552314813,0.9234728038782329,0.10800259585657584
9109,0.6485617868698291,0.9234812086399352,0.10800658052174715
9110,0.6485842753117891,0.923486865617176,0.10800502726348285
9111,0.64862516691106,0.9235024492059745,0.10800297522409535
9112,0.6486182426834993,0.9234928799985495,0.10801723091395228
9113,0.6486149495169479,0.9234981872577679,0.10801937026552032
9114,0.6486170804479694,0.9234961850260135,0.10802329517338244
9115,0.6486262085110723,0.9234900284515979,0.1080269394148141
9116,0.6486299237029637,0.9234967345829058,0.10802890322350331
9117,0.6486276894233544,0.9234906817709804,0.10802934415702624
9118,0.6486225143315315,0.923484571313227,0.1080344521893362
9119,0.6486115511338632,0.9234860585755859,0.10803436857289361
9120,0.6486152449272529,0.9234864044505531,0.10804188799305765
9121,0.6486203218341662,0.9234973187272948,0.10804031321130263
9122,0.6486214971657839,0.9234926378860725,0.10805128919004255
9123,0.6486225283035795,0.9234977414633658,0.10805359377845232
9124,0.6486159374301927,0.9234903627973995,0.10806012924587355
9125,0.6486213452033072,0.9234799096872807,0.10806523256239962
9126,0.648632528298545,0.923487392115737,0.10806637545225077
9127,0.6486266025298362,0.9234899323752181,0.10805714382714274
9128,0.6486761172805074,0.9234861315936345,0.10805098707804263
9129,0.6486804058332724,0.9234914657542392,0.10805271286887408
9130,0.6486921712738433,0.9235002317631293,0.1080567437538359
9131,0.6486763932250131,0.9234927454916178,0.10806034285051934
9132,0.6486750552461563,0.9234873729004611,0.10806777388706199
9133,0.6486991270327396,0.9235198582459886,0.10807030399508664
9134,0.6486989315829598,0.9235231940178942,0.10807412116820532
9135,0.6487169787232135,0.9235300500283544,0.10807778256510542
9136,0.6487131596727657,0.9235271792661269,0.10808447273342855
9137,0.648696235785613,0.9235284935910022,0.10809273203810812
9138,0.6487127622016052,0.9235145855742668,0.10814271910708502
9139,0.6487360927957632,0.923521237902802,0.10814117699714894
9140,0.6487175530583902,0.9235183248669675,0.10815004664061081
9141,0.6487023956654585,0.9235150352117242,0.10815543799418842
9142,0.6486917590526944,0.9235160920519017,0.10816178256885474
9143,0.6486815096902915,0.9235197967571055,0.10817083574170244
9144,0.6486807457416599,0.9235091707095031,0.10817772805599786
9145,0.6486775414885692,0.9235117493995361,0.10817910438212894
9146,0.6486726556872513,0.9235148315297991,0.10818736333058548
9147,0.6486733671677354,0.9235150352117242,0.10817919123765264
9148,0.6486746569614623,0.9235127063202786,0.10818470869888083
9149,0.6486640049966321,0.9235085788790037,0.1081840520081528
9150,0.6486564111050681,0.9235045513571638,0.10818778958936015
9151,0.6486578190988845,0.9234972380231358,0.10819274990814065
9152,0.6486450811869565,0.9234897094780171,0.10821009316589916
9153,0.6486190790089625,0.9234875227796135,0.10821701663111538
9154,0.6486017201205961,0.9234795445970375,0.1082248184327299
9155,0.6485992332144743,0.9234707632159267,0.10822112163371064
9156,0.6485886979011216,0.9234624968042113,0.10823083898516736
9157,0.6485923653156231,0.9234620932834163,0.10824235753484561
9158,0.6486085557407479,0.9234613746320957,0.10823907497907231
9159,0.6486077965187755,0.9234687456119516,0.1082405599971542
9160,0.6486077965187755,0.9234687456119516,0.10833664956242094
9161,0.6485998178850918,0.9234578928240929,0.10834496535539419
9162,0.6486789218667418,0.9234587536684555,0.10835057189820065
9163,0.6486673035792606,0.9234543764285933,0.10835558826084934
9164,0.6486822743668198,0.9234749214016431,0.10835213417987784
9165,0.6486987427219327,0.9234767084223068,0.10835539773771943
9166,0.6487006714801606,0.923471939190815,0.1083722370260597
9167,0.6487171058172081,0.9234674197579107,0.10837227109410942
9168,0.6487172070224938,0.9234667779676938,0.10837144995664708
9169,0.6487216183933019,0.9234769466917286,0.10837935976831542
9170,0.6487515241060489,0.9234725118060385,0.10837574132353696
9171,0.6487827059308271,0.9234723196532789,0.1083746389132306
9172,0.648779370433727,0.923468472755033,0.10838088703942679
9173,0.6487886453791278,0.9234709169381343,0.10838122129675412
9174,0.6487954924284792,0.9234640993582259,0.10838474245174501
9175,0.6488148656385428,0.9234680807634036,0.10838044865427961
9176,0.6488465242346466,0.923477519306952,0.10838838988448456
9177,0.6488515620904944,0.9234837066258091,0.1083872604338754
9178,0.6488439556525988,0.9234844752368473,0.10838582032935333
9179,0.6488385781411321,0.9234826690009077,0.1083936551941229
9180,0.6488261123199189,0.9234771311583778,0.10839623448503838
9181,0.6488308575793782,0.9234785338735224,0.10839651553592265
9182,0.6488624786485648,0.9234777921638706,0.10839288673300806
9183,0.6488697448928412,0.9234842907701981,0.10839231778400786
9184,0.6488796402905546,0.9234792140942911,0.10839317924518876
9185,0.648877989455236,0.923470044564606,0.10839837964279056
9186,0.6488571466989966,0.9234604676710707,0.10840011206230865
9187,0.648846904666697,0.9234654444275426,0.1083986752785126
9188,0.648852980984461,0.9234769428486734,0.1084097359230159
9189,0.6488705738170946,0.923485093968733,0.10841157729001269
9190,0.6488817841110625,0.9234860970061378,0.10841679565371834
9191,0.6488844690319574,0.9234938676637335,0.1084184962925501
9192,0.6488784778200076,0.9234901668015848,0.10842475025349246
9193,0.6488788453614902,0.923486865617176,0.1084283453019755
9194,0.6488756757820514,0.923493433398497,0.10843231446637433
9195,0.6488564903528691,0.9234737723281411,0.1084410166273109
9196,0.6488328119551054,0.923469137603581,0.10845388277410646
9197,0.6488177455263141,0.9234675773231735,0.10845918830151362
9198,0.6487987869105004,0.9234696333577006,0.10846823140133181
9199,0.6487900730742305,0.923466962434343,0.1084655650193213
9200,0.6488137623902697,0.9234777575763738,0.10848127332181037
9201,0.6488149428109581,0.9234799903914397,0.10848483111889105
9202,0.6488020168817524,0.9234836220785949,0.10848919987499245
9203,0.6488024385791763,0.9234814622815778,0.10849983978536595
9204,0.6488184861285909,0.9234757284432331,0.10851327174036057
9205,0.6488400277218841,0.923474979047471,0.10851114429162195
9206,0.6488435987717336,0.9234809088816303,0.1085125914166858
9207,0.6488269497865379,0.9234866235046989,0.10850752740350791
9208,0.6488231547224204,0.9234858241492192,0.10851009379999603
9209,0.6488379211502228,0.9234828995842191,0.10851213786450115
9210,0.6488516555794106,0.9234773809569652,0.10852077446239375
9211,0.6488433710049245,0.9234785992054606,0.1085198355738672
9212,0.6488263789618569,0.9234746447016694,0.10852382216601161
9213,0.6488179573301947,0.9234647219331669,0.10853005061126447
9214,0.6488217953426632,0.9234721275005194,0.10853109938777368
9215,0.6488201827746337,0.9234811164066106,0.10853170658701748
9216,0.6488216468751764,0.9234900591960394,0.10853279225765546
9217,0.6488216468751764,0.9234900591960394,0.10852247005418711
9218,0.6488086158746179,0.923482373085658,0.10853856294759336
9219,0.648809173234256,0.9235010234324987,0.10854439670473416
9220,0.6488004495950651,0.9235113919954033,0.10854775858041972
9221,0.6487949186154008,0.9235091361220064,0.1085435332620407
9222,0.6487789484464065,0.9234821809328985,0.10860438411641216
9223,0.6487717667225054,0.923484771152097,0.10860245798719298
9224,0.648790186921695,0.9234966615648572,0.10860519726334296
9225,0.6487979070669662,0.9235032408753437,0.10860713280171523
9226,0.6487868704373059,0.9235031947586815,0.10860937139394629
9227,0.6488011845262273,0.9235027105337275,0.1086074535179229
9228,0.6487759084166125,0.9234964271384906,0.10861554154318714
9229,0.6487875399666292,0.9234998320853895,0.10861564252030342
9230,0.6487739254286999,0.9235069340513821,0.10862412808181786
9231,0.6487899305640541,0.9235132712493916,0.10863290761195224
9232,0.6488009514253538,0.923514285815962,0.1086279197686783
9233,0.6487920604195087,0.9235149276061788,0.10862710453409145
9234,0.6487691924704607,0.9235113189773547,0.108634829490212
9235,0.6488024599400176,0.923489425091933,0.10865256737563782
9236,0.6488254621995299,0.9234973379425707,0.10865325758932382
9237,0.6488318892762966,0.9235039249391677,0.108649848183717
9238,0.648831844823898,0.9234980143202843,0.10866689740324058
9239,0.6488449876568094,0.9234995092687536,0.1086637812915832
9240,0.6488507729635186,0.9235094858400287,0.10866680450774151
9241,0.6488466364151929,0.92350981249972,0.10867077502098656
9242,0.648869443796337,0.9235240279608705,0.10866715547489489
9243,0.6488550473818561,0.9235247273969153,0.10865937793591046
9244,0.6488638169420485,0.9235373095596098,0.10865469030498404
9245,0.6488548686904362,0.9235308109532823,0.10866466311556
9246,0.6488729968433309,0.9235516748999129,0.10866647015738971
9247,0.6488937411235544,0.9235536079566737,0.10865917174563282
9248,0.6489291572799826,0.9235620818933694,0.10865326585817725
9249,0.6489177252547802,0.9235367945902142,0.10869601363173104
9250,0.6489227745916031,0.9235360874680592,0.1086997473322213
9251,0.6489248077199066,0.9235322828434203,0.10870541571445816
9252,0.6489370530806892,0.9235342697029539,0.1087086456887298
9253,0.6489480984285172,0.9235312567476843,0.10871330660043964
9254,0.6489279658636097,0.9235298540325397,0.10872412306032597
9255,0.6489217633130218,0.9235363334235913,0.1087474762208061
9256,0.6489101990370012,0.9235365563207923,0.10874935327687262
9257,0.6489101990370012,0.9235365563207923,0.10874490697964603
9258,0.6489168744495218,0.9235367638457727,0.10874155063415956
9259,0.6489164902597273,0.9235378898609435,0.10874602134660576
9260,0.648930509713302,0.92354617933099,0.10874691459190783
9261,0.6489229677975528,0.9235381819331381,0.10875312909228353
9262,0.648920177527193,0.9235349883542746,0.10875550501376274
9263,0.6489151441481066,0.9235306726032954,0.10875633623645538
9264,0.6489222390861534,0.9235294389825791,0.10875815830181154
9265,0.6489433863465628,0.9235260032912386,0.10873605452500869
9266,0.6489461519413214,0.923533647128013,0.1087388118405453
9267,0.6489365181050593,0.9235311107115871,0.10874067988784285
9268,0.6489480638556513,0.92353207531844,0.10874725538368758
9269,0.6489468570077301,0.9235331859613901,0.10875674765339462
9270,0.6489621593778742,0.9235387968219686,0.10875763681120537
9271,0.6489651545317603,0.9235393655941369,0.10876697512803746
9272,0.6489814236038258,0.9235394040246887,0.1087694723785429
9273,0.6489837559750672,0.923546056353224,0.10877056350221748
9274,0.6489924732200733,0.9235378744887228,0.1087755066168834
9275,0.6489858319010009,0.9235370597610224,0.10878006794752554
9276,0.6489706559379536,0.9235344426404375,0.10879090603559517
9277,0.6489679261019938,0.923537094348519,0.1087878352490764
9278,0.6489730807212022,0.9235375209276453,0.10879105698447696
9279,0.6489449406096155,0.9235256881607129,0.10880352376924445
9280,0.6489495816587075,0.923522971120693,0.10880542426730191
9281,0.6489547577569317,0.9235229057887548,0.1088125256094257
9282,0.6489475498488664,0.9235207844222896,0.10881605522562193
9283,0.648949478417596,0.9235250732718824,0.10881567537859367
9284,0.6489604075925638,0.9235279017605028,0.10881938904140237
9285,0.6489655689943136,0.9235266950411729,0.10882179523649503
9286,0.6489597672601537,0.9235267488439456,0.10883040405885618
9287,0.6489852095118696,0.9235295043145174,0.10882553284369585
9288,0.6489901258202447,0.9235199543223683,0.10882541688089967
9289,0.6490007644973721,0.9235159229574732,0.10883035337806449
9290,0.6489922837218366,0.9235220987471647,0.10883996336428518
9291,0.6489916454453777,0.9235223946624145,0.10882516506289446
9292,0.6489886287643785,0.9235232900942739,0.10881336006290397
9293,0.648992719976453,0.9235254037746288,0.10881392709906201
9294,0.6490036694283128,0.9235250886441032,0.10879894099455721
9295,0.6489819993787793,0.9235209612028283,0.1088154677349111
9296,0.6489723738085671,0.9235271062480783,0.10882165153157734
9297,0.6489875974179027,0.9235310799671456,0.10881809141761416
9298,0.6489651178933542,0.9235211495125326,0.10882315355686813
9299,0.6489658661327795,0.9235283590840705,0.10882179396316628
9300,0.6489667897410946,0.9235307763657855,0.10882602251121339
9301,0.6489702227490246,0.9235365755360684,0.10882319742270087
9302,0.6489877535358888,0.9235345156584861,0.10882474892012545
9303,0.6489793053904102,0.9235377476679015,0.10883170647842573
9304,0.6489585701420019,0.9235375785734732,0.10884198887950558
9305,0.6489598916456033,0.9235347808292943,0.10884360410060841
9306,0.6489790669684927,0.9235353265431313,0.10884500719299074
9307,0.6489876000835502,0.9235469287267523,0.10884398606404182
9308,0.6489771302707095,0.923554618680189,0.10885279860955596
9309,0.6489525871785035,0.9235472630725539,0.10885921614745166
9310,0.6489638224531015,0.9235464983045709,0.10885920337709096
9311,0.6489659823406998,0.9235491192682109,0.10885970226572977
9312,0.6489819367760261,0.9235508793874884,0.10886296767549944
9313,0.6489972490521516,0.9235565402077843,0.10886257744234844
9314,0.6489988205410065,0.9235497725875934,0.10886961214215489
9315,0.6490066001397893,0.9235492191876459,0.1088806488557297
9316,0.649023517611368,0.9235764741350587,0.10889901916956381
9317,0.6490502038011854,0.9235812625818264,0.10889910627106333
9318,0.6490501379300527,0.9235741144991716,0.10890444152503796
9319,0.6490528769721273,0.9235746948005055,0.10891229989399541
9320,0.6490669823721156,0.923572873192345,0.1089162942305621
9321,0.6490546549527627,0.923562639136372,0.10891348739422554
9322,0.6490540887272883,0.9235712975397168,0.10891634147493971
9323,0.6490520206674528,0.9235652524139017,0.10891607814687139
9324,0.6490736853232384,0.9235706134758929,0.10892165273469961
9325,0.6490601236345096,0.9235656982083039,0.10893118596767334
9326,0.6490534968630198,0.9235621164808661,0.10893789301413243
9327,0.6490558748516687,0.9235571858410564,0.10894535699493951
9328,0.6490718721655323,0.9235549107523834,0.10894799043130982
9329,0.6490724130641992,0.9235554795245516,0.10894352192450456
9330,0.6490674172990876,0.9235657289527454,0.10895229198171681
9331,0.649078414947093,0.9235595723783299,0.10896854051405909
9332,0.6491039727855491,0.9235735610992242,0.1089714642559805
9333,0.6491147605544119,0.9235767969516948,0.10897094422357816
9334,0.6491248490628306,0.9235701561523252,0.10897699741009208
9335,0.6491449629618968,0.9235771428266619,0.10898160589151475
9336,0.6491494011872505,0.9235834377510644,0.10898161007529468
9337,0.6491645466793405,0.9235711053869573,0.10899006964047983
9338,0.6491749213281071,0.9235697180440334,0.1089934471290592
9339,0.6491960787175636,0.9235735764714449,0.10899460332376923
9340,0.649189948524192,0.9235651678666875,0.10899932031532951
9341,0.6492088618656505,0.9235651793958531,0.10899869839319008
9342,0.6492094477137201,0.9235605715726795,0.10899430860750586
9343,0.6492013237770045,0.9235645990945193,0.1089973556153533
9344,0.6491959503935616,0.9235664360749005,0.10899562382261567
9345,0.6491874199041169,0.9235641955737243,0.10899966390284213
9346,0.649169992520534,0.9235607406671078,0.10900805901485747
9347,0.6491654963584018,0.923555687049532,0.10901042762537648
9348,0.6491644216917763,0.9235515250207603,0.10901854824065026
9349,0.6491616796581454,0.923551878581838,0.10902068713538403
9350,0.649169110497852,0.9235513328680008,0.10902640279851038
9351,0.6491489173102698,0.923543577582626,0.10903153681888825
9352,0.6491424961510905,0.9235523858651231,0.10904426558369866
9353,0.6491537271400737,0.9235530122831191,0.10905325063671795
9354,0.6491232819879411,0.923557220428553,0.1090638320724801
9355,0.6491206020203861,0.9235606138462865,0.1090735765122988
9356,0.6491274159263348,0.9235640303223511,0.10907694590066391
9357,0.6491394435998311,0.9235664821915628,0.10907431412762893
9358,0.6491271932254691,0.9235566708716608,0.10907558238549064
9359,0.649126807291529,0.9235554372509446,0.10907311314055684
9360,0.6491326449528095,0.9235586193006425,0.10906862106368402
9361,0.6491428882472108,0.9235676658525616,0.1090644025504532
9362,0.6491436707943657,0.923565479154158,0.1090752138851359
9363,0.6491336006067517,0.9235600181727319,0.1090833154623268
9364,0.6491348335663523,0.9235520092457145,0.10908972614420576
9365,0.6491587937671442,0.9235593302658528,0.10908826908377088
9366,0.6491670958208678,0.9235549069093283,0.10909226146471997
9367,0.6491841398013348,0.9235559675925609,0.10909973423748788
9368,0.6491799356975632,0.9235524934706685,0.10910500779066697
9369,0.6491890101636343,0.9235562980953073,0.10910613837960151
9370,0.6491731027245569,0.9235522321429155,0.1091061275468214
9371,0.649187986830331,0.9235635883710042,0.10911141951740344
9372,0.6491763501087082,0.923561067326799,0.10912205093947089
9373,0.6491956555554813,0.9235680194136391,0.109116600092151
9374,0.6491849967183452,0.9235641340848413,0.10911381656265899
9375,0.6491954983797129,0.9235610135240263,0.10910804111203178
9376,0.649183490034665,0.923550068502843,0.1091132844923221
9377,0.6491800871496226,0.9235432509229347,0.10915146830987076
9378,0.6491734841199064,0.923534615577921,0.10915088514026228
9379,0.6491642849968654,0.9235236590275723,0.10915127229811308
9380,0.6491690660943124,0.9235220756888336,0.10915527509380937
9381,0.6491770339732198,0.9235285550798853,0.109152151673166
9382,0.6491602582623338,0.9235241470955814,0.10916590867259918
9383,0.6491848313377623,0.923521257118078,0.10916616481205706
9384,0.649177888618281,0.9235229057887548,0.10918701140648336
9385,0.649204796308819,0.923524642849701,0.10918172252927748
9386,0.6492133637694412,0.923520492350095,0.10918330019655952
9387,0.6492194878831374,0.923522786654044,0.1091861615207628
9388,0.6492290489129022,0.9235233746414881,0.10918463726416895
9389,0.6492256474638601,0.9235306879755161,0.10918765987159493
9390,0.6492298273037426,0.9235346386362522,0.1091844935612842
9391,0.6492239229019594,0.923524197055299,0.10918956618206739
9392,0.6492243573057525,0.9235210265347665,0.10919747331628543
9393,0.649201889711786,0.9235111690982023,0.10920750873043734
9394,0.6492049903156126,0.9235098048136096,0.10920682630393501
9395,0.6491523738421499,0.9234824384175963,0.10926780674256352
9396,0.6491640329410748,0.9234888524767095,0.10926384358171623
9397,0.6491575138509142,0.923489263683615,0.10926571340751977
9398,0.6491433274405872,0.9234881222962233,0.10926735737136245
9399,0.6491540706689469,0.9234932950485101,0.10927072538258117
9400,0.6491559833077891,0.9235024146184777,0.10926806678717725
9401,0.6491559833077891,0.9235024146184777,0.10927174337766804
9402,0.649156740185374,0.9235020418421243,0.10927627471293556
9403,0.6491409116671497,0.9234888486336543,0.10928391227450354
9404,0.649144554612892,0.9234912505431486,0.10929035482369655
9405,0.6491556296842667,0.9234944133775705,0.1092875319884639
9406,0.649170444748612,0.9235005930103173,0.109286154401641
9407,0.6491602123279749,0.9235049202904622,0.10929309973530796
9408,0.6491471070696758,0.9235181480864287,0.1093059765530286
9409,0.6491337546249049,0.9235149429783996,0.10931382387619745
9410,0.6491363927035443,0.923521195629195,0.10931214833126318
9411,0.649141330122367,0.9235210073194906,0.10931098255910102
9412,0.6491183377519242,0.923515554024175,0.1093186350109235
9413,0.6491165770570044,0.9235137631604561,0.109314178721482
9414,0.6490998677975378,0.9235196814654498,0.10933432067702983
9415,0.6490893853176102,0.9235339276710419,0.10933668098030973
9416,0.6490859332478413,0.9235252039357589,0.10934145909324462
9417,0.6490947790501046,0.9235182633780844,0.10934688872846646
9418,0.6491036563327595,0.9235337585766136,0.10934295755010322
9419,0.6490986900903147,0.9235303959033216,0.10934304883541718
9420,0.6491003955603185,0.9235408759148268,0.1093512666643737
9421,0.6491000901574391,0.9235382357359108,0.10935476454066885
9422,0.6490661135006353,0.9235358338264166,0.1093623835773094
9423,0.6490579396243747,0.9235348154167909,0.10936844834184274
9424,0.6490547318244153,0.9235234591887023,0.10937843610238177
9425,0.6490540801471248,0.9235189435988531,0.10938718575312843
9426,0.6490386163763394,0.9235093551761523,0.10939688272012318
9427,0.649031648463156,0.9235129868633075,0.10940273031711059
9428,0.649048968192044,0.9235219834555091,0.10939292033852357
9429,0.6490264120899435,0.9235188667377493,0.1094041979179079
9430,0.6490242373327647,0.9235104273885505,0.10941555674990787
9431,0.6490239527486688,0.9235011195088785,0.10941988391309691
9432,0.6490336825046991,0.9235094435664216,0.10942189315533626
9433,0.6490392248273328,0.923512149077276,0.10942834005605977
9434,0.6490187215709717,0.9235017382407642,0.10943943409850884
9435,0.6490199758057461,0.9234977914230833,0.10944875596022575
9436,0.6490153052406894,0.9234898132405073,0.10946254038187811
9437,0.6490085099422422,0.9234938868790095,0.10945838022855733
9438,0.6490107376981232,0.9234905511071039,0.10946085907772089
9439,0.6490164930884571,0.9234914350097978,0.10946768922766718
9440,0.6490267963220819,0.9234903820126755,0.10947194085218377
9441,0.6490359909833127,0.9234937293137466,0.10947022532945598
9442,0.6490369271529124,0.9235008274366839,0.10946888985705527
9443,0.6490573949317863,0.9235003316825644,0.10946288796122304
9444,0.6490781853134762,0.9235012809171964,0.109462974177738
9445,0.6490780263695157,0.923512471893912,0.10946089185526148
9446,0.6490794458987934,0.9235128907869278,0.10946157419364415
9447,0.6490900588318392,0.923514005272933,0.10946196983417021
9448,0.6490850660762852,0.9235096779927883,0.10946356379166305
9449,0.6490660249742592,0.9235060847361849,0.10947098356615545
9450,0.6490655848896664,0.9234961581246272,0.10947870084425636
9451,0.6490559186310804,0.9234957200163354,0.10948192661942065
9452,0.649086786984153,0.9235112959190236,0.10947357573503896
9453,0.6490926095497426,0.9235233861706537,0.10946966623195757
9454,0.649094350050268,0.923533950729373,0.10947048936887262
9455,0.6490944660197867,0.9235331821183349,0.10946798676672632
9456,0.6490841977403037,0.9235364218138608,0.10947929064777497
9457,0.6490817520263127,0.9235336394419026,0.10947851738020611
9458,0.6490762289646703,0.9234812393843767,0.10955658534017584
9459,0.6490856888046382,0.923482776606453,0.1095686289236466
9460,0.6490917486181074,0.923486081633917,0.10957616043701451
9461,0.6490912871879314,0.9234896710474652,0.10957797377969038
9462,0.6490696423149785,0.923481950349587,0.10958753402959931
9463,0.6490736206316928,0.9234857319158947,0.1095828752770401
9464,0.6490792313449549,0.9234982064730438,0.10957580128787898
9465,0.649095221752659,0.9234943595747979,0.10957511699174563
9466,0.6490789089569429,0.9234864544102706,0.1095855770588432
9467,0.6490829835784653,0.9234857127006187,0.10959182078603219
9468,0.6490864850166861,0.923482595982859,0.10958902941572711
9469,0.6490614698134821,0.9234801402705921,0.10958727073226338
9470,0.649057936704924,0.92347989431506,0.10959411967172274
9471,0.6490606913310661,0.9234814776537985,0.10960233043784434
9472,0.6490658146487951,0.923480017292826,0.1095960304917388
9473,0.6490585970067186,0.9234761742376353,0.10960552176191515
9474,0.6490583520784798,0.9234736647225957,0.10961117590106971
9475,0.6490510013920742,0.9234655981497503,0.10962278571670306
9476,0.6490526057137181,0.9234648180095466,0.10962376917185439
9477,0.6490520170872446,0.9234566745755974,0.1096281588901086
9478,0.6490560864111057,0.9234475703778505,0.10963333712128825
9479,0.6490544481981259,0.923449030738823,0.10963004683528377
9480,0.6490577898326799,0.9234486464333039,0.10963712100625583
9481,0.6490783438834714,0.9234548990840993,0.10963414526622617
9482,0.6490880102463091,0.9234495495512738,0.10963707993651178
9483,0.6490952698013618,0.9234494573179491,0.10963432411133528
9484,0.6490861102934009,0.9234566899478182,0.10963139448401862
9485,0.649074981709178,0.9234466480446047,0.10963904589967752
9486,0.6490681040742158,0.9234532273550913,0.10964601540546047
9487,0.6490431573444829,0.9234601871280418,0.10963925349581374
9488,0.6490389903015714,0.9234603216349734,0.10963161362155743
9489,0.6490442181182543,0.9234598143516882,0.10963085989714826
9490,0.6490801320767219,0.9234684151092052,0.10962607328400172
9491,0.6490769832929127,0.9234633000027462,0.1096333736014045
9492,0.6490701749536774,0.9234652983914454,0.10964668721951813
9493,0.6490726688297372,0.9234610864029563,0.10965357115632157
9494,0.6490696757852108,0.9234620394806436,0.10965790650541561
9495,0.6490719387471653,0.9234684420105915,0.10966195459911386
9496,0.6490741520570551,0.9234525855648744,0.10968477718680307
9497,0.6490765411733159,0.9234575238907945,0.10968852559926612
9498,0.6490743079631808,0.9234540228675158,0.10969515063520131
9499,0.6490884708153072,0.9234542611369376,0.10969000077303276
9500,0.649092919312662,0.9234608827210312,0.10969877241678004
9501,0.6490787047027011,0.9234588766462217,0.10970584993709491
9502,0.6490722900229168,0.9234536001314448,0.10971229534125099
9503,0.6491002604155072,0.9234515556260833,0.1097089907124098
9504,0.6491002604155072,0.9234515556260833,0.10970414224065643
9505,0.6491025759925731,0.9234448264364443,0.10970717978001802
9506,0.649111036979862,0.9234444421309252,0.10970808673781672
9507,0.6490923122894919,0.9234445996961881,0.10971624934129937
9508,0.6490942493379791,0.9234407143673902,0.10972660683867769
9509,0.6490894595078123,0.9234377129412862,0.10972955045289791
9510,0.6490855573728269,0.9234397497605373,0.10973740957440514
9511,0.6491034656359028,0.9234380242287566,0.10974302128401377
9512,0.6491159658841639,0.9234377513718381,0.10973969102719767
9513,0.6491047799451133,0.9234371864427251,0.10974853272520764
9514,0.649100346660428,0.9234429779268976,0.109759399549881
9515,0.6490917193663268,0.9234410371840263,0.10977619401049649
9516,0.6491021463015789,0.9234379781120944,0.1097812959309829
9517,0.6491009937036929,0.923436963545524,0.109780424541108
9518,0.6491006401015424,0.9234387121356358,0.1097816782829904
9519,0.6490931297723328,0.9234442538212209,0.10978480225766968
9520,0.6490824110597125,0.9234459947252223,0.10980013672119063
9521,0.6490411522828841,0.9234588535878906,0.10981309651946125
9522,0.6490305964083739,0.9234512251233369,0.10981819380899531
9523,0.6490443764390872,0.9234454336391644,0.10981138671948135
9524,0.6490463787921033,0.9234439386906952,0.10981179783189626
9525,0.6490561516342321,0.9234638879901904,0.10982783455682084
9526,0.6490417270042206,0.9234708362339753,0.10983476683403794
9527,0.6490322795906064,0.9234789373943174,0.10984510713612927
9528,0.6490186991553095,0.9234686918091789,0.10985386219311997
9529,0.6489846131263085,0.9234550412771413,0.10989284186210911
9530,0.6490008273964525,0.9234552641743424,0.10989503171294887
9531,0.6489994610554116,0.9234491383443684,0.10989625987475868
9532,0.64900569730941,0.9234450647058661,0.10990045503936786
9533,0.6490109027007831,0.9234420133200446,0.10990320128572098
9534,0.6490019849600773,0.9234425820922129,0.10989824616897842
9535,0.6490069762595081,0.923443773439322,0.1099054329754594
9536,0.6490080065983523,0.9234399419132968,0.10991031653469026
9537,0.6490158565882317,0.923438635274532,0.10990626391503933
9538,0.6490186263569915,0.9234403992368645,0.10991021910921071
9539,0.6490162562090986,0.9234303650197615,0.10992252230237633
9540,0.6490043909410947,0.923422659694104,0.10993127713047007
9541,0.6490149951450656,0.9234245274189268,0.10993403075069219
9542,0.6490242522504187,0.9234267218034407,0.10993785147989558
9543,0.6490168936538662,0.9234277094686246,0.1099401321636384
9544,0.6490278487288667,0.923425015486936,0.10994039982642129
9545,0.6490487098651713,0.9234241815439596,0.1099414731604191
9546,0.6490520866804,0.9234234167759766,0.10994330060882716
9547,0.6490435558906408,0.923422598205221,0.10994544144614092
9548,0.6490771593927673,0.92343214819737,0.10992727986738574
9549,0.6490765740055117,0.9234379742690392,0.10992899508347023
9550,0.6490771334893857,0.9234290276365551,0.10993648070027619
9551,0.6490767212980109,0.923432874534801,0.10993735234796001
9552,0.6490744408165078,0.9234277440561214,0.1099397753105935
9553,0.6490971216032468,0.9234417404631261,0.10995044586152337
9554,0.6490806099846351,0.9234372133441114,0.10995998265793738
9555,0.6490724395964531,0.9234208573012196,0.11000746911638286
9556,0.6490773292266523,0.9234180710862062,0.11001440744663851
9557,0.6490828143123983,0.9234173447487752,0.11001682696600605
9558,0.6490757386734773,0.9234132634241626,0.11002196184183592
9559,0.6490738270484808,0.9234128099436502,0.11002468303425152
9560,0.6490982873863727,0.9234128560603124,0.11002055141827531
9561,0.6491025187704477,0.9234173370626648,0.11001462808686122
9562,0.6490929875132958,0.923421591324761,0.11002811519164842
9563,0.6490991659970597,0.9234164839044124,0.11002881866075759
9564,0.6491006751401663,0.9234257033938151,0.11003158477380076
9565,0.6491205328703573,0.92343930012308,0.11003542817418807
9566,0.6491272799162102,0.923438758252298,0.11003940342074121
9567,0.6491005526970784,0.9234337392222189,0.11005509181291247
9568,0.6490851619162489,0.9234315333085394,0.11006009836800783
9569,0.6490715979816272,0.9234330705306157,0.11006960804485767
9570,0.6490872760884482,0.9234326823820415,0.11007370391570558
9571,0.6490780450199147,0.9234351957401362,0.11007500460649718
9572,0.6490745533690329,0.9234235820273498,0.11007734950561751
9573,0.6490765759569819,0.923412886804754,0.1100893579771925
9574,0.6490830457148921,0.923415446279511,0.11009576819059647
9575,0.6490972933169955,0.9234193392944192,0.11009188102058036
9576,0.6491029988716889,0.9234219794733353,0.11009835284919586
9577,0.6491105086958187,0.9234207689109502,0.1100983154636291
9578,0.6491101986021652,0.9234100775314095,0.11010584557752007
9579,0.6491056623576501,0.9234109153174411,0.11010859117610337
9580,0.6490894477055321,0.9234142472462915,0.11011635457649127
9581,0.6491014123415889,0.923416191832218,0.1101168467285096
9582,0.6491006663347125,0.9234129329214162,0.11012095090781038
9583,0.6491119325238917,0.9234136208282954,0.11011925875734331
9584,0.6491123281222887,0.9234118453367972,0.11012339198945806
9585,0.6491184213097903,0.923408859282914,0.11012424319501965
9586,0.6491291918911367,0.9234106232452466,0.11012134584662393
9587,0.6491203799445904,0.9234083212551873,0.11012198599482241
9588,0.6491150516628403,0.9234066418400689,0.11012076926210386
9589,0.649117996172734,0.9234067725039454,0.11013109189221802
9590,0.6491164560073387,0.9234036058264683,0.1101313361865201
