iteration,validation_average_precision,validation_auc,validation_binary_logloss
1,0.2942699603310573,0.8374695905768103,0.14035300764974756
2,0.34598636516291875,0.8552608147435339,0.1387481532874481
3,0.3592420846070223,0.8598420055447754,0.13935068511069756
4,0.37527400502850244,0.8636408694438905,0.141017395545702
5,0.3840551226987163,0.8666918210001122,0.1434245815452493
6,0.3906105925845656,0.8690718519811322,0.14606379433865524
7,0.3929042337097243,0.870841513564536,0.14919102407575838
8,0.3991628039457628,0.8722649370120564,0.15240379570217147
9,0.4023146921384982,0.8735087475891266,0.1556885648945522
10,0.40565260915185863,0.8747609437126229,0.1591045527724646
11,0.41352368770203757,0.876465961264663,0.16233347638102721
12,0.41451471258910416,0.8769369199921795,0.16584517085117942
13,0.41632790902216466,0.8778579907943302,0.16933674441674104
14,0.4198201081626872,0.8793377188434504,0.17280959904683219
15,0.4225761752183074,0.8803566453599232,0.17634611970303152
16,0.42383445109636275,0.8811354212790534,0.17986226843828607
17,0.4243274326810125,0.8816029865888365,0.1830253988378999
18,0.4257564043689443,0.882746825849702,0.1862075401447876
19,0.42739104644030806,0.8834718143683825,0.1896801214603411
20,0.42842222344700187,0.8839435705298511,0.19343247368604868
21,0.42882795407310886,0.8841714637026628,0.19672493286882256
22,0.4300722276950053,0.884637674335491,0.19991279602484407
23,0.43104020600168663,0.8849281497405564,0.20317368792514418
24,0.431487978810917,0.8855320301394831,0.2063888676691421
25,0.43255150738573467,0.8858801571369928,0.20940947499196588
26,0.43336383231553777,0.8862215069066735,0.21250327011979395
27,0.43277112723424604,0.8865624877430559,0.21570855070297817
28,0.4336209175344448,0.8869525885893589,0.21879201230090428
29,0.43396717719862704,0.8873820115763736,0.22143485855998754
30,0.4336325920101728,0.8875172064149291,0.22420079497913645
31,0.4335713004102517,0.8876824385728557,0.2269756494875802
32,0.4340343757744885,0.8880004917419699,0.2295581245724214
33,0.4344154380167317,0.8882567178391755,0.23196485711385154
34,0.4347145100952092,0.8885396839143983,0.23465590753119014
35,0.43519688618181346,0.8887181092807945,0.2371934306793676
36,0.4349057662782341,0.8889283897316671,0.2398654081471986
37,0.43566059564525,0.8890234457802827,0.24211196079460837
38,0.43662858071158667,0.8892910396347425,0.2443957579143963
39,0.43701458022268985,0.8896797877256184,0.24682754298754958
40,0.43658155857050757,0.8897411209649352,0.24889579167728523
41,0.4370256695453252,0.8900271537982002,0.25120343399294337
42,0.43724434737738743,0.8901548969527409,0.25348867891400173
43,0.4379780545553517,0.8904253000805451,0.25538163309338074
44,0.4382225930302719,0.8907631853359713,0.25738592797502385
45,0.43864340922191697,0.8908465008509793,0.2596133967149148
46,0.43996223571442994,0.8913747460806967,0.26117680870218707
47,0.43998987667878003,0.8913522757369964,0.2629604154074981
48,0.4408657125103181,0.8918744143520156,0.2647534524878175
49,0.44124189854702334,0.8922948042378046,0.2662111362938457
50,0.44230197530059306,0.8924766998830381,0.26771457227714657
51,0.4421951859219431,0.8925481230637583,0.2694535054510632
52,0.44221732830490385,0.8927433310521726,0.2711156156286272
53,0.44223267316954123,0.8927593239263489,0.27294373566167485
54,0.44297775830431013,0.8929608498974969,0.27410841459586666
55,0.4433224869171825,0.8932254384827975,0.27558566134114565
56,0.4439828085951417,0.8934984030068863,0.27652294331167776
57,0.44466285483333534,0.8936861554682306,0.27769217740880286
58,0.4458264077117664,0.8939562031134296,0.2790082905488725
59,0.4468390077454694,0.8942687741643144,0.2800204889070338
60,0.4475031175314838,0.8943675522118824,0.2812543623931945
61,0.44743361698734,0.8944816525204958,0.2824533182168466
62,0.4478099881435514,0.8947197643770597,0.28382095741416674
63,0.4485703139862985,0.8950735387441721,0.2846161664519837
64,0.44877617040517126,0.8953492817971639,0.2857498087709911
65,0.449569830896196,0.8956007674857915,0.28658603280947115
66,0.45016812086688524,0.8957229708762747,0.28819643909291875
67,0.45144384220341327,0.8960551069211357,0.28884730431317035
68,0.45185223096361743,0.8962078991094096,0.28976791232984916
69,0.45240694328322245,0.8964516487279384,0.2905795957429441
70,0.4518746413835569,0.8966608800247438,0.2913552038862409
71,0.45217596153494155,0.8968400394146815,0.2921402471748785
72,0.4531042395170925,0.8970952125147648,0.292743978511001
73,0.4541647566419736,0.8973923690712794,0.29387130391085514
74,0.4545041199007486,0.8975635137696167,0.2945500032857933
75,0.45602183955614417,0.8976845008331321,0.29495176180157934
76,0.45656503675238463,0.8979882501508265,0.29542135452495627
77,0.4576223751226255,0.8982418572059195,0.2958454997291711
78,0.4580930659180121,0.8984401069725173,0.29644820673073596
79,0.45871324494251214,0.8987717972229761,0.2967152854463667
80,0.45951377969912544,0.899041099315468,0.2970879796680652
81,0.46023468490966063,0.8990779349994714,0.2974709880047306
82,0.4604433829292114,0.8991825237464878,0.297804827326572
83,0.46162312588118154,0.8993841842245675,0.2980024876185224
84,0.4622122232593038,0.8996941958006951,0.2981589621318243
85,0.46279060281557666,0.8998775825513426,0.29851242624038293
86,0.46306121345341206,0.9000269236760554,0.2985977036809554
87,0.46323002311998823,0.9001700198360831,0.2994295282704755
88,0.4634821782332557,0.9001796582185015,0.29976633083581505
89,0.4635068058687153,0.9002370235033339,0.30003108538306494
90,0.46417186627493173,0.9002897617497165,0.3002307990358138
91,0.4644796292660317,0.9005311940059653,0.30031167486087496
92,0.46541068146038894,0.900673302500809,0.300336230899509
93,0.4663158387768464,0.9008813289998121,0.3005692289143961
94,0.46702653103002606,0.9012570683488672,0.3005308228578615
95,0.46697876995307563,0.9013176003111768,0.3008432215587379
96,0.467364662177746,0.9014427494034637,0.30104309939128654
97,0.4677873750656344,0.9016593785815112,0.30109595785795434
98,0.4685022865767585,0.9017762266745861,0.3013692538880078
99,0.46963696172833314,0.9019636697699875,0.3011695696867069
100,0.47011336568393136,0.9023041106571156,0.30117114654167243
101,0.4704030972045057,0.9024771711184656,0.3010404459690037
102,0.47050939694956584,0.9025297979162478,0.3016907415933872
103,0.47033295129207925,0.9025907756729595,0.3016950393352571
104,0.47108945707159816,0.9027224349007396,0.30193848049707295
105,0.47165378765812993,0.9029482509022206,0.3019414641609245
106,0.47238301782746317,0.9031190554901737,0.30183947619317436
107,0.4726874985392493,0.9031084275210436,0.30004743678099993
108,0.47265213235909936,0.903079585391837,0.30017647071694
109,0.47268036309308586,0.9030802348681642,0.3000036313837589
110,0.4738765208822464,0.9035356100068822,0.29983213662445696
111,0.47379125808097533,0.9035730221491642,0.30001825109625235
112,0.4745585868088441,0.9038970531906277,0.29979023203251615
113,0.4753734961969284,0.9039811469243119,0.2985835452306153
114,0.475954960999058,0.9040575776059455,0.29834827864821856
115,0.47669189286568603,0.9042012079506447,0.2984001759602123
116,0.47740656093278877,0.9042954358208669,0.29823411140684064
117,0.47804915443711615,0.9043844371360296,0.2981535898312913
118,0.48056185572080545,0.9043872790753431,0.2981434523411139
119,0.4811987555469873,0.9045965295874244,0.29787671849589065
120,0.48127896878605564,0.9045772297642565,0.29797805455491566
121,0.4813552529622525,0.9046880961419269,0.2978791031434802
122,0.4818552140930723,0.9050446970761321,0.29748513812730987
123,0.4824915681402493,0.9051971395463837,0.29715530619774944
124,0.48332982100221844,0.9052523450341989,0.296689322852595
125,0.4837995340474329,0.9053471493626997,0.2962724694907925
126,0.48381280527134884,0.9053209512554643,0.29608143490333777
127,0.48482742102592474,0.9055228730612969,0.29549546413649397
128,0.4849024294050823,0.905731839187294,0.2951019780450916
129,0.48540943320646757,0.9058941967399379,0.2947306648060404
130,0.48581587084448324,0.905970354564653,0.29433161196163543
131,0.48627387378729753,0.9060897121727675,0.2939962553141812
132,0.48680211268157886,0.9062999887805847,0.29373586455731376
133,0.4875795192276005,0.9064208144357819,0.29356548891898787
134,0.48843353008194945,0.9066260258968578,0.29324264211072226
135,0.4880895450302733,0.9066401952413461,0.2930584288519965
136,0.4903707008079977,0.9068027065161975,0.29293026339043043
137,0.4907632519788673,0.9070178522749415,0.2926234790203377
138,0.4908934194725916,0.907105985059631,0.29229921425430355
139,0.4910483097152461,0.9072409300995992,0.2920147791805736
140,0.49170446580167204,0.9073613291756703,0.2916185785447402
141,0.49389596152727,0.9073272816282077,0.29121210299485617
142,0.49379940900803304,0.907488782179544,0.2911639298872813
143,0.4944439740916257,0.9075929328182686,0.2908814892788921
144,0.4942667719718356,0.9076006535161468,0.2902864033800991
145,0.49482281343071005,0.9079336081317634,0.29002418810642105
146,0.4951819860777524,0.9080497760040694,0.2901017787808026
147,0.49490839938728726,0.9082365215849537,0.28971312524528225
148,0.49676858118077866,0.9083727732636867,0.2892170151857579
149,0.49855118966637235,0.9085440005877108,0.28872672886941986
150,0.4987043695284351,0.9088464797756646,0.2883649464237516
151,0.49873794784582975,0.9088906018923096,0.28815459196539706
152,0.4991092809242584,0.9090028152608244,0.2878040243353721
153,0.49958214855432603,0.9089581858608942,0.2874841544485989
154,0.5007680208390032,0.9088867511510085,0.28737534297149475
155,0.5008188752457184,0.9088513681418672,0.2874599401217923
156,0.5008061361581322,0.9088551804526165,0.2869592763756513
157,0.5023401373473934,0.9090047963557752,0.28663816118410534
158,0.5025102182216566,0.9089993968632323,0.28663360444190095
159,0.5030071352699178,0.9091668541501141,0.28645353516029437
160,0.503645690032843,0.9091631052497756,0.285519923928377
161,0.5034968112932783,0.9091756412958079,0.2854485368103896
162,0.5042332565875473,0.909154008738139,0.2853101888003535
163,0.5045137247515591,0.9091726398697039,0.285016675012975
164,0.5054148709501903,0.909267213614893,0.2845964931321651
165,0.5056487812330627,0.9093258125204416,0.28432888248888244
166,0.5058389302025827,0.9093240447150539,0.28425826994599707
167,0.5057986599624928,0.9093286640673932,0.28419171070470417
168,0.5060580071601521,0.9093847957315093,0.2841361380701639
169,0.5063277689126505,0.9094360851460852,0.2837205961797303
170,0.5067386915976663,0.909525370847332,0.2834076864858107
171,0.5070238637823201,0.9096779401384049,0.2829825191212153
172,0.5073252535195047,0.9096381914185669,0.2828477036501295
173,0.5076207149690084,0.909802128466894,0.28234477028774596
174,0.5080609907960056,0.9098870984171616,0.2820928336591197
175,0.5084694663153645,0.9100112598442645,0.2817657982188014
176,0.508815480171854,0.9100854154372253,0.2815910104983404
177,0.509520007576147,0.91019913912643,0.281587067086425
178,0.5098163492293346,0.9102339533634031,0.28126726279982495
179,0.5099944136549279,0.9102561969668471,0.2810810518069771
180,0.5110521245655442,0.9104094849092408,0.28054183077074174
181,0.5116395331488806,0.9104554132618254,0.2801454216408908
182,0.5120361080358001,0.9105430848798921,0.2798039351291727
183,0.5131494330853487,0.9107711087165803,0.27950554572812364
184,0.513466227468323,0.9107599177398648,0.27928424895489373
185,0.5137850378628029,0.9108550371988912,0.2788984886643954
186,0.5140048822326729,0.9109502219898558,0.27829753137621466
187,0.514126557404993,0.9109424359600393,0.2778858225277216
188,0.5145453027574634,0.9108757512663693,0.2773852121637524
189,0.5148546544423868,0.9110578851810247,0.2768338235031631
190,0.5159758535390935,0.9111666590151438,0.27639266444107297
191,0.5158562686463933,0.9112851135052884,0.276128491591247
192,0.5162556006024286,0.9112739109994074,0.27593366721193885
193,0.516756207809762,0.9113376903433531,0.27571825198500194
194,0.5168084476734319,0.911390451648067,0.2754017557400313
195,0.5172331996015929,0.9113161884495609,0.27526488800301957
196,0.5172532352558387,0.9113514753823223,0.27490854083836863
197,0.5174746769426397,0.9113963315225088,0.27454400223205705
198,0.5177707219679742,0.9114205312410449,0.274094182538652
199,0.5182223083129163,0.9115096785923049,0.2739153773406077
200,0.5190702968232686,0.9115035681345516,0.2734160833889752
201,0.5196572617452461,0.9115682967131294,0.2730977873418086
202,0.5192820769349178,0.9115318338054795,0.272605754768609
203,0.5198745589143567,0.9116141059310032,0.2719638707201384
204,0.5200607680764785,0.911635961385873,0.27173492914608216
205,0.5202058011137933,0.911686893396316,0.2713309208471417
206,0.5203822253042077,0.9116993794826308,0.2709820976285756
207,0.5210074150577855,0.9118374335542483,0.26948136493673525
208,0.5215774775586096,0.9118948449557429,0.2691970913559906
209,0.521969188017644,0.9119968127391193,0.2689486763240311
210,0.5221882839554824,0.912074069677619,0.2686129131738329
211,0.5226714051359072,0.9121420994406056,0.2682303835835126
212,0.5228827721349728,0.9121651231842535,0.2677666159527947
213,0.5229956276961188,0.9122326879375621,0.2676453288575346
214,0.5229465634848669,0.9122352627845399,0.26737148011394957
215,0.5231694100484012,0.9122250210424565,0.26717105431140614
216,0.5232179816238436,0.9122279994102294,0.26729577220671824
217,0.5237873449173467,0.912247191627852,0.26484986076826356
218,0.5238403171950532,0.912272294464358,0.2646529555605059
219,0.52401753751756,0.9123267813008525,0.26447430583344933
220,0.5242497941594145,0.9124431566981389,0.26418959340252945
221,0.5245093161243201,0.9124929550073007,0.2637132106584477
222,0.524535257723813,0.9125513848184209,0.2638706215493151
223,0.5248031607192895,0.912528015199806,0.2635882045012424
224,0.5253091178498585,0.9125215627101406,0.2633629885231452
225,0.5257365670884975,0.9125235188252327,0.26297922151862074
226,0.5260897943665906,0.9125226925683667,0.2626695801492511
227,0.5263477135353007,0.9126112519321825,0.2624281315216278
228,0.5264309240401615,0.9126625106023167,0.2622496103024342
229,0.5269780476901281,0.9127112828157425,0.26191740819752357
230,0.5270370912212337,0.912656008152934,0.2615075365986737
231,0.5273760150387355,0.9127504051175844,0.2613973062927024
232,0.5273757592453715,0.9127750775319091,0.26089421419180125
233,0.5277018843747898,0.9127866028544261,0.2604761972388486
234,0.5277693213777621,0.91277237586411,0.2604193187783418
235,0.5282635228687861,0.9128930132096029,0.2600611595749504
236,0.5284369614683535,0.9129272778896838,0.2597696141058845
237,0.5290472588587767,0.9130422275134943,0.25940823561699833
238,0.5293273333071822,0.9131046387297922,0.2591523544954784
239,0.5295093894361012,0.9131655549976208,0.25882762562580836
240,0.5296758374941405,0.9131325969563049,0.25864171936729424
241,0.5298630083723191,0.9131507976656883,0.2582460970760506
242,0.5303367840025967,0.9131979135223269,0.25786836834034593
243,0.5305513749624771,0.913285854154257,0.25777218848538
244,0.5311762359617138,0.913130767662034,0.25691088450057104
245,0.5313310824288077,0.9133111107129706,0.2566439722516965
246,0.531419836093051,0.9132969682698686,0.2566169733163564
247,0.5316179502762068,0.913322501528556,0.2563529250007527
248,0.5318616863691026,0.9133997469378902,0.2560166827591434
249,0.5318696545743474,0.9133212563786742,0.25568672864783837
250,0.5320259502445654,0.9134134397435348,0.25571726125679134
251,0.5318254175636333,0.9136433697355976,0.25213009007063447
252,0.5318213511589096,0.9135584459019923,0.25194600174698795
253,0.5321041691439199,0.9135570624021236,0.25151552666411187
254,0.5323383104447431,0.9135847746731042,0.25127759212527584
255,0.5323822889436546,0.9135974490691232,0.2510670117169669
256,0.5325663995066662,0.9137107231208708,0.2507553211799646
257,0.5326655095857369,0.9137745754828651,0.25044268174758605
258,0.5329378462814441,0.913849983911818,0.2502297332990456
259,0.5335578486127177,0.914107095833245,0.24692239575884167
260,0.5337309805627394,0.914130446236584,0.24665056406589755
261,0.5335244567761347,0.9140928688429288,0.24650172811722593
262,0.5336509924258425,0.9141216763846387,0.24640071311991837
263,0.5339490128532823,0.9141545652509613,0.24618934102723747
264,0.5339776134707471,0.9141528397191806,0.24593653578852978
265,0.5344416015263341,0.9141767934821845,0.24574989351968846
266,0.5345825304679852,0.914191266428033,0.24550309848338694
267,0.5348371111672771,0.9142416296663077,0.24524284640277366
268,0.53483421584341,0.9142365722056767,0.24475585342843673
269,0.5349455994964988,0.9142826004776964,0.24448408742300473
270,0.5350249573596993,0.9143197205477839,0.2440673322497286
271,0.5353826074173296,0.9144460725163455,0.2437606712503525
272,0.5357234700409608,0.9144917895008947,0.2435002106738358
273,0.5359156030218174,0.9145266229531437,0.243149853868477
274,0.5358141452264816,0.9145604687402086,0.2394827210401601
275,0.5360412903881581,0.9146013972779902,0.23929356313566938
276,0.5364954150743204,0.9147139718936929,0.23900015592190454
277,0.5364974429677615,0.9146837462646176,0.23873307851130612
278,0.5362993906625433,0.91468308910218,0.23853342644722123
279,0.536474870678322,0.914751810615101,0.23833687421791697
280,0.5369927110789656,0.9147333101474128,0.23816036435188498
281,0.5369828452030324,0.9147054249389487,0.2382506145786913
282,0.5371363545840909,0.9146761447014503,0.23795861116646358
283,0.5373276480932175,0.9147629823765405,0.23762490718013365
284,0.5372192840210752,0.9147481789279458,0.23728825171438517
285,0.5375208646344557,0.914832234231078,0.23690526405487133
286,0.5377658210513085,0.9149851762985044,0.23650335918420418
287,0.538307320589178,0.914994376572631,0.2362283490107479
288,0.538363447976817,0.91501611289279,0.23632869317789298
289,0.5386234687877866,0.9150677789267744,0.23600508844143114
290,0.5390613530514875,0.9152499243705954,0.2348799351374738
291,0.5390711278219213,0.9152870905573451,0.23472338119696823
292,0.5391957472633914,0.9152656539954911,0.23441929958309726
293,0.5393630981785765,0.9153657771123759,0.2339621006190302
294,0.5397124252797546,0.9153717876506942,0.23386176391552171
295,0.5401643967108999,0.9153651007346623,0.23369678388045426
296,0.5400350885076842,0.9152646509580863,0.2336042802810628
297,0.5401391392774049,0.9153868870145386,0.23332508663439455
298,0.540475893238841,0.9154521459347328,0.23338720145938252
299,0.5406612568645851,0.9154260016302701,0.2331350262614692
300,0.5407665540484481,0.9154820295318962,0.2330538138273259
301,0.5408615530597687,0.9155732060162968,0.2327061123967132
302,0.5411763756812009,0.915596076037737,0.23250341535563415
303,0.5411476480710739,0.9156389107308931,0.2321319342471385
304,0.5412858374456457,0.9156723222527214,0.2319211892859309
305,0.5413200345962829,0.9156149684970547,0.23224219503925708
306,0.5414613470464622,0.9156545058488571,0.23155454986007748
307,0.5417538604163037,0.9156169822579746,0.23130729812182674
308,0.5418395014868098,0.9156210751117527,0.23108599586825895
309,0.5420127158520589,0.9156042655883484,0.23097675831447284
310,0.5423507052104276,0.9156051956077046,0.2307305077735228
311,0.5426006928343164,0.9156216285117003,0.2305707868867529
312,0.54288748369792,0.9155988507235846,0.23036406055762018
313,0.5430065722898617,0.9156765803578728,0.23000195428456646
314,0.5430063184510655,0.9155858957845366,0.2296102362612784
315,0.5430472428258779,0.9155204178101966,0.22948134915852283
316,0.5430832408661923,0.9155458780508353,0.22932766311730737
317,0.5433728953890563,0.9155778868575191,0.22913428006293093
318,0.5435741374555125,0.9156305174983564,0.22871023523904085
319,0.5434379206235258,0.9156936050923679,0.22841838352027957
320,0.5437017532899978,0.915716352136042,0.22801789301301398
321,0.5436605243894274,0.9157321547789863,0.22784939575478663
322,0.5438238167797552,0.9157927213287926,0.22757657751334448
323,0.5439841438993551,0.9158691020507088,0.2272810381502789
324,0.5439425998258045,0.9158679452910964,0.22687001742463003
325,0.5439580357425411,0.9158830408118857,0.2266540782746989
326,0.5442327468954031,0.9158780986429104,0.22642785292594517
327,0.5442882745944531,0.9159313672309094,0.22625134351854706
328,0.5446426187942958,0.9160576231230912,0.22602789565664388
329,0.544563051871307,0.9160633454322703,0.22604740028639164
330,0.5446764541606495,0.9161254261458217,0.2261300582886234
331,0.5446443338778774,0.9160756739533222,0.22597152244526628
332,0.545015957834138,0.91618049328365,0.2250937135351049
333,0.5450563458467268,0.9162854240625783,0.22476669302786753
334,0.5451449666230493,0.9163294001431261,0.22215768010568648
335,0.5452694695562662,0.9163395534949401,0.22171802084388645
336,0.545329525138306,0.9163448991847104,0.22157161607020365
337,0.5452713530619274,0.9164557252103014,0.22131661004304726
338,0.5453613184703626,0.9164368365940389,0.22099526442491768
339,0.5454903577460158,0.9164744716335219,0.2208944666045865
340,0.5455227558927778,0.9165304534184856,0.2206033841083863
341,0.545567767386884,0.9164965422994824,0.22060997267041663
342,0.5457378454479875,0.9165297578254961,0.2204785802052348
343,0.5458685334233854,0.9164137398323424,0.22025770689959476
344,0.5459313774114726,0.916397030228373,0.22015397530971864
345,0.5459268212567803,0.9163931372134648,0.22010536194436228
346,0.5462482623150694,0.9164813891328653,0.2197858537471601
347,0.5462965899716771,0.9164794445469387,0.2194305508028139
348,0.5463529027718601,0.916562554458494,0.2191867332010628
349,0.546366648264972,0.9165780996167405,0.21636701329059968
350,0.5463876281719493,0.9165790065777656,0.2164537062279743
351,0.5464538952402426,0.9165867388048093,0.21537381602822087
352,0.5466574843311547,0.9166670855596825,0.21552712982896527
353,0.5466849338252107,0.9166763934393545,0.21548508591133494
354,0.5469102722503101,0.9167199698421624,0.215243466472372
355,0.5468084805757706,0.9167522207613232,0.21515651341350367
356,0.5467245339579762,0.9167228790349419,0.21479427510235904
357,0.5467077901058969,0.916673119156332,0.21454039470207917
358,0.5467206237450939,0.9167034716062286,0.2145312726773331
359,0.5468422187732589,0.9167529778431958,0.21443600765545073
360,0.5469007679435683,0.9166860395078833,0.21410448275111887
361,0.5469654881327246,0.9167028451882324,0.21410556717093568
362,0.5472189253678205,0.9167658328628089,0.21382566587482177
363,0.547361026368913,0.9167575395497072,0.21368114659292073
364,0.5474551183678068,0.9167697258777171,0.21335735682371967
365,0.5475537540123255,0.9167799829920212,0.21315751577593778
366,0.547723661613818,0.9167909856590324,0.2129762602063709
367,0.5480197674617382,0.9168086598698546,0.21269750682766417
368,0.5480413672244393,0.9168283055679898,0.21264869448266202
369,0.5482943078552374,0.9168055200937638,0.21184656537105914
370,0.5482063223118354,0.9167398922402713,0.21181575114395465
371,0.5482261553553008,0.9167413064845815,0.21179606114547617
372,0.548493114984172,0.916746010384135,0.21172832905480987
373,0.5485375102003177,0.9167419252164672,0.21151894295833587
374,0.5484852597895563,0.9166876305327323,0.2113534199857709
375,0.5486457798187933,0.9167139324024578,0.21103292621914732
376,0.5486660725868042,0.9167124566692645,0.2108078375845578
377,0.5489949372779405,0.9168123492028377,0.2101083876133209
378,0.5491471914146376,0.9168618362245291,0.21001090361509647
379,0.5494679590409927,0.9169222644243485,0.20948198260712486
380,0.549703110317846,0.9168981953696888,0.20925028934981446
381,0.549527484893331,0.9167741069606345,0.20908279383760284
382,0.5495387127448152,0.9168187248313993,0.20913256026382118
383,0.5496548204960302,0.916811265461274,0.2090798181551725
384,0.5498703338898411,0.9169173260984284,0.20879682053895235
385,0.5499030553326398,0.916908291075675,0.20867560034708144
386,0.5499103308209838,0.9168822582198127,0.20866652455416315
387,0.5501119524845287,0.916950802952195,0.20843523545559728
388,0.5501513887914031,0.9170211500774618,0.20824731614340863
389,0.550415761676577,0.9170229140397943,0.20810352171565222
390,0.550540929984548,0.9169872600952621,0.20784934517820522
391,0.5507115714281346,0.9170330616270255,0.20761319359781746
392,0.5509821306496641,0.917055777926258,0.20744358143181893
393,0.5510257984092929,0.9170519348710673,0.20733614903248543
394,0.5511665508511306,0.9170310709244367,0.20721655492615018
395,0.5513774294573744,0.916968260030399,0.20711548376441175
396,0.5513384942971422,0.9169457281978156,0.20725587538552878
397,0.5513208807037349,0.9169949039320365,0.2070557969738982
398,0.5515628385021607,0.9169386300748783,0.20690070254667042
399,0.5515390197933114,0.9169237267068486,0.2068017711875904
400,0.5515910362562079,0.9168812148303285,0.20659872628437098
401,0.5518356160586423,0.9169191726864475,0.20617301392962106
402,0.5519165279346617,0.9169174932713292,0.20602161047830564
403,0.5517497570610252,0.9169169129699953,0.20582743126574343
404,0.5518206008540616,0.9168414507382697,0.2055914387515476
405,0.5519089090732382,0.916892709408404,0.20532465664606148
406,0.5520120452438548,0.9169319969616191,0.2050695760600455
407,0.5520431311954594,0.9168746624212282,0.20490977136698454
408,0.552249697037526,0.9169018943103099,0.20127460492454433
409,0.552150514494807,0.9169568615287033,0.20124455991534604
410,0.5521609529136527,0.9169844047052553,0.20112527254802007
411,0.5521350538839273,0.9169860034162147,0.20095204231871033
412,0.552282951821079,0.9170115443610125,0.2006841979399676
413,0.552499854224476,0.9170429152205346,0.20039801815268138
414,0.5526418305490405,0.9170505629003642,0.20021588384613442
415,0.5527319383746759,0.9171524038629192,0.19994726622797668
416,0.5528238924923177,0.9171453364844234,0.20004889834255135
417,0.5530900529467567,0.9172410823614459,0.199788913985887
418,0.553139987237745,0.9172678492408494,0.1996892214825002
419,0.5531334736216376,0.9173265980255505,0.19694079762224384
420,0.5531171432480785,0.9173145500475275,0.19668481329807455
421,0.5533326700932313,0.9173861884393383,0.196473996399981
422,0.5534036851043803,0.9173865727448574,0.19380783591078235
423,0.5534496151327216,0.9175137432841746,0.1911503333096145
424,0.5534367979371683,0.9174800127887653,0.19095369800871248
425,0.5532696832266749,0.9174650594610181,0.19096956746021623
426,0.5535125166580667,0.9175122175912639,0.19059602782125304
427,0.5535919047909678,0.9174236466982826,0.19033511168338363
428,0.5537536162046491,0.9174561205146444,0.19024929480134717
429,0.5537282419436232,0.917357231018476,0.19022289384078012
430,0.5540283987620348,0.9173622346763343,0.1900116169335046
431,0.5543075564661158,0.9174545640772922,0.1895459261217455
432,0.5546482729537493,0.9175159530409093,0.18930077426548922
433,0.5550942920503387,0.917566777445807,0.18911501228807326
434,0.5551455047644991,0.9176138779302249,0.18905004823599136
435,0.5551268112021602,0.9175792520029562,0.1889406694676016
436,0.5550971851639956,0.9176037168923005,0.1888965142258841
437,0.5553857944400948,0.9176188508436417,0.1886683040885477
438,0.5553296680872729,0.9176183435603565,0.18871294839912447
439,0.5553466659118207,0.9176063993448237,0.18848165929651334
440,0.5554075122358331,0.9176056076754544,0.18851447715586375
441,0.5558794475780102,0.9175740792506694,0.1883286834304292
442,0.5559712068090487,0.9176064185600996,0.18801260503526845
443,0.5560490337076097,0.9176374397015994,0.1878802001621462
444,0.5560623632883811,0.9176368786155416,0.1878068621791844
445,0.5562150345408511,0.9176157033814405,0.1877977727246832
446,0.5562939841107775,0.9176044047991797,0.18766477213065438
447,0.5565804995256973,0.9175608245533166,0.18709441937045812
448,0.5567202052530943,0.9175737180034815,0.1867263928911402
449,0.5568119724545023,0.9175739908604,0.18671346352761548
450,0.5567308190744058,0.9175663623958464,0.18643462635237518
451,0.5569644917386017,0.9176293615995884,0.18627862937061754
452,0.5568487134975545,0.9176432004413303,0.18614320059355038
453,0.5574369813687039,0.9176951547044541,0.18587687946519985
454,0.5576178733457106,0.9176542569111141,0.18576774061091003
455,0.5578681265455757,0.9176880911690135,0.18565267382614872
456,0.5578237682603143,0.9177113762404143,0.185471854772386
457,0.5577105088165718,0.9176754014007736,0.18529603164523073
458,0.5576961954738298,0.9176638991365877,0.1853246750136823
459,0.5580406371030758,0.9176957542210639,0.18500888169854504
460,0.5581059185751597,0.9177148196178652,0.1849440763833988
461,0.55804804326981,0.9177144084109597,0.18460878066200018
462,0.5582101749992227,0.9177772000897215,0.18451440787569448
463,0.5583255576590928,0.9178240161880553,0.18416534723807973
464,0.5582921721451238,0.9178259492448162,0.18407870398279128
465,0.5583062152257892,0.9178543609518415,0.18410227626074166
466,0.5584502621949345,0.9178604521943188,0.18408868928419764
467,0.5582814730560643,0.9178878070611666,0.18388344785382188
468,0.5582558350766047,0.9178701712808962,0.1837863999926096
469,0.558344445777549,0.9179292467252885,0.1836239478174981
470,0.5584914073694106,0.9179836836020655,0.18339502182000605
471,0.5584772682419845,0.9179846789533599,0.1833359937146248
472,0.558478276497485,0.9179865774226241,0.18340029960988455
473,0.558507601594216,0.9179996053797208,0.183347145768405
474,0.5587625900957148,0.9180474360446249,0.1832486871957556
475,0.5587218728624154,0.9180431126075353,0.183127868087746
476,0.5593202806327626,0.9181801059959201,0.180751355450776
477,0.5593130991899532,0.9181908588643438,0.1806398607511935
478,0.5593460328066228,0.9182005049328726,0.18050536794200056
479,0.5592821670206792,0.9181779961586204,0.18045180745507094
480,0.5593098935675382,0.9181795987126349,0.18033828118257103
481,0.5594437388484794,0.9182578356302082,0.1801100360310691
482,0.5595382277138452,0.9182735767842696,0.17989463759941168
483,0.5596911043724232,0.9182827540000651,0.1799022901485486
484,0.5598354267102076,0.9182844718457354,0.17988185115462774
485,0.5598398000831594,0.9182752869438295,0.17991877719499907
486,0.5598538366356832,0.9182768971839544,0.1799096937518611
487,0.5599524984362275,0.9182558257123435,0.17978232013268908
488,0.5598268402980525,0.9182720357191381,0.1787127086047856
489,0.5599120308360953,0.9182380976987485,0.17857306800051623
490,0.5599930351034633,0.9181974958206582,0.178470524201174
491,0.5600636147964536,0.9182352961115146,0.1782799238029948
492,0.5600501575680478,0.9182305806827955,0.17840411697895311
493,0.5600659017685102,0.9182133676385961,0.1782768019580748
494,0.5601779292248588,0.9182644187837501,0.17822037954293735
495,0.560177264760048,0.9182262572457058,0.17819151485324947
496,0.5601858145650993,0.9182385204348196,0.17811298205090245
497,0.5602150897323329,0.9182458760424547,0.1782732362774155
498,0.5602070994251289,0.9182359648031178,0.17815103944569485
499,0.5603607122045455,0.9182469444117977,0.1780691913866838
500,0.5605480428071067,0.9182864740774898,0.17797045602873268
501,0.5606496207265496,0.9182987603249346,0.17763698181880574
502,0.5607893123332017,0.9183362416422101,0.17756077186002592
503,0.5606891531255294,0.9183255003029519,0.17732215712038402
504,0.5607643078337016,0.9183563100764162,0.17727980451655362
505,0.560672651678178,0.918350887525542,0.17713797150059074
506,0.5607965146122605,0.9183611484829013,0.1770627231698993
507,0.5607761604201167,0.918362874014682,0.17704460142863876
508,0.5610183407023925,0.9184169419581607,0.17670902545003683
509,0.5612417900377521,0.9185002440224754,0.17640006200567576
510,0.561166810736663,0.9185220956342901,0.17626965792919455
511,0.561150682929784,0.9184857288030199,0.17626377728656267
512,0.5613986894261557,0.918491351192764,0.1760522112290544
513,0.5613868598146419,0.9184726777875921,0.17617355901333676
514,0.5614442422693904,0.9184639694245299,0.17603133923063333
515,0.5615589004441272,0.9185208427982979,0.1758724969376753
516,0.5615631633555398,0.9185149321794145,0.17576213565666515
517,0.5615327573194299,0.918493868393914,0.17584058643098563
518,0.5614825718311256,0.9185289862322471,0.1758215234668525
519,0.5615520491111043,0.9185324872555258,0.17579416903705614
520,0.561542005867619,0.9185291668558411,0.17577411483994446
521,0.5615578844577971,0.9185894182751216,0.17572780415847072
522,0.5617968208663018,0.9185670401647459,0.17547311132491383
523,0.5618677394043192,0.9185773280234916,0.17554656384703204
524,0.5619728918811506,0.9186259734160961,0.17548113497937343
525,0.5619547544874379,0.9186400697425359,0.17545086979955102
526,0.5618823281319948,0.9186555918424513,0.17349896629709322
527,0.5618857674683597,0.9186619175112952,0.17346964724588937
528,0.5618299455015486,0.9186859442923478,0.1732561073597884
529,0.5619442368520267,0.9186395893606369,0.1731433107469524
530,0.5621292795107969,0.9186519678414063,0.17304247010885057
531,0.5623771459632217,0.9186989953077757,0.17291922793964098
532,0.5628163167803173,0.9188141601426769,0.17265434645075564
533,0.5627541424884341,0.9188533131889604,0.1724765414078485
534,0.5627015168004479,0.9188670943848743,0.17239131539924965
535,0.5627616886406434,0.9188775513380485,0.17231273384455262
536,0.562787272711067,0.918901032405264,0.17225046307003555
537,0.5628309441232549,0.9188688007013791,0.17215309685454708
538,0.5628566121702495,0.9188544661055176,0.17200870972129292
539,0.5629317867050139,0.9188395204638807,0.1719233948391049
540,0.5629743135330871,0.9188554729859776,0.17179780747190002
541,0.5630810004999016,0.9189122656555865,0.17158724056676333
542,0.5633497543612681,0.9189337752354891,0.17112223695358672
543,0.563289676097009,0.9189210624089181,0.17094271733370386
544,0.5633534242601189,0.9190073812715577,0.17087718925512835
545,0.5633074989442867,0.9190147676236343,0.17108044188170457
546,0.5636155115731436,0.9190595200013306,0.17084689334666864
547,0.5638067824805303,0.9189924740604727,0.17071234524478038
548,0.5638293275436694,0.9190058940091989,0.1707608222587869
549,0.5637652275549739,0.918972071280465,0.17064789205349024
550,0.5637746588569205,0.9189428256304634,0.17055449976499581
551,0.5637126584174923,0.9189550811334667,0.17050774877717148
552,0.5637323333011449,0.9189791271297952,0.17058207768327996
553,0.5640592420286148,0.9189428294735186,0.16971362342590282
554,0.5640357123824461,0.9188993260887592,0.16948768142038004
555,0.5638291587292924,0.9187583474521417,0.1696427479355361
556,0.5640178738221762,0.9188340979130066,0.16943413886635852
557,0.5639605176730761,0.9188316537299053,0.16936925034490205
558,0.56404304785115,0.9188053518601798,0.16914697352810645
559,0.5641078025442273,0.9188736275786987,0.1690244937574317
560,0.5642030643452395,0.9188312963257725,0.1688781159609361
561,0.5642568111417465,0.9188827471486664,0.168297062641035
562,0.5643627046627251,0.9188784390837975,0.16821495469373446
563,0.5644025705055904,0.9188476831131059,0.16780802119814855
564,0.5645140820267597,0.9188460844021465,0.16768390063914193
565,0.564436345391445,0.9188699920484882,0.16751866517578626
566,0.5644298593575985,0.9187038644587023,0.16737833227199006
567,0.5644174152921164,0.91876637175138,0.16722699921700956
568,0.5644870099997681,0.9187738657090019,0.1671369766959597
569,0.5645407867280141,0.9187714292120109,0.1670163833931904
570,0.5644582044328408,0.9187544313789022,0.1669271744382079
571,0.5646273922416067,0.9187707758926286,0.16676594042195497
572,0.5647444567448129,0.9188208854892608,0.16656581591817302
573,0.5647504106745281,0.9187989839177286,0.16659234135440393
574,0.5647504106745281,0.9187989839177286,0.16659325412885684
575,0.5648623554398965,0.918759704050624,0.16647264484181076
576,0.5649297586837636,0.9187937343043381,0.16632906879815007
577,0.5648862070190219,0.9187716021494946,0.16628506399938836
578,0.5650233712594611,0.9187439936410042,0.16621787386959463
579,0.5651658855638413,0.9187735390493107,0.16602463754523028
580,0.5652302338937555,0.9187740002159336,0.16557242585705853
581,0.5652403633693179,0.9187763521657103,0.16555144255372095
582,0.5652151151412781,0.9188042296880641,0.16550740110642245
583,0.565378043213019,0.9188065432072889,0.16537021685960193
584,0.5653891995252132,0.9187872933438384,0.16536954924762118
585,0.565481694275117,0.9188044564283203,0.16521406744375144
586,0.5657720746480945,0.9188883464800792,0.16503056337868865
587,0.5657775455804589,0.9188691081457944,0.1649299654209967
588,0.5658373869966826,0.9188590431842498,0.16498402574129772
589,0.5660117150462591,0.9189045372715979,0.16489082047120499
590,0.5661855410145318,0.9189293288206335,0.1646671790470003
591,0.5661343120117143,0.9189307046343917,0.16454023476233617
592,0.5661064783384662,0.9189309083163169,0.16449288622768707
593,0.5661586639376592,0.9189345323173618,0.16441604320751343
594,0.5663555645026832,0.9189825359197494,0.1640435119820829
595,0.5662721100373014,0.9189540166071789,0.16390834627828071
596,0.5666217845804122,0.9190182225302508,0.16369011068323205
597,0.5667377570980648,0.9190639548870208,0.16355166531107931
598,0.5668451546071719,0.9190942842785862,0.1634046270384867
599,0.5669167549948011,0.9191085727577853,0.16323416391545678
600,0.5671332590221305,0.9191754034875526,0.1630591680022973
601,0.5670726344749643,0.9191913790679805,0.16290172547139348
602,0.5671086150672358,0.9191916672971199,0.16280845580420564
603,0.5669992933776664,0.9191852340227306,0.16269474142153478
604,0.5667137920227792,0.9191481831276365,0.16251644083433267
605,0.5667441151254621,0.9191201365108543,0.16242606155401138
606,0.5667755624807281,0.9191002679155181,0.1624064320352121
607,0.5667151960243106,0.9189727784026201,0.16225917335742115
608,0.5667925228507433,0.9190110129587129,0.16206585907253998
609,0.566838173000402,0.9190021739317742,0.16194221428538538
610,0.566946825267519,0.9190170657706384,0.16195779850772804
611,0.5670622814363158,0.919009322014429,0.16191961923718695
612,0.5671704206540218,0.9190272075932867,0.1618950330035045
613,0.5673579480480785,0.9191033154582845,0.1617234378309087
614,0.567740090011906,0.9190940959688818,0.1616367128387286
615,0.5676805755525259,0.919031100608195,0.16142694601613478
616,0.5678808317356699,0.9191372227342325,0.16129264260174497
617,0.5679011211348821,0.9190919669163061,0.1611933236209247
618,0.567947561835882,0.9190724480389924,0.16120306118032257
619,0.5682349421215855,0.919080983464571,0.16100633589543156
620,0.5682884118436933,0.9190985346976271,0.16098918680391536
621,0.5684526665440635,0.9191074813301112,0.16088493515700394
622,0.5684410614833453,0.9190228534117556,0.16085920233908443
623,0.568451627942252,0.9189927853479432,0.1607085782009172
624,0.5685635253441158,0.9190420648446542,0.1605472853667665
625,0.5685528569848124,0.9190404123309222,0.16052829209760192
626,0.5685105432423365,0.9190392824726961,0.16044793208109462
627,0.5686989955716789,0.9190597736429732,0.16033769914513188
628,0.5686694191932131,0.9190371995367828,0.16031986848789842
629,0.5688813957481882,0.9190903835775676,0.16024358177209497
630,0.5687916948737866,0.9190175115650405,0.1601292502922102
631,0.5687653609669328,0.919019698263444,0.16000279729019456
632,0.5686821572804595,0.9190024967484102,0.15987392022567867
633,0.5687791909595346,0.9189315923801408,0.15975052042707075
634,0.5688057281524208,0.9189632783701885,0.15962965679527355
635,0.5690140068488044,0.91898979929406,0.1595006879268982
636,0.5689673571489536,0.9189770288216611,0.15949123424574033
637,0.5690034777834038,0.9189598388357929,0.15938181520583422
638,0.5690942899191408,0.918951845280996,0.1593472300880518
639,0.5690279476620871,0.9189267770319868,0.15924759994997034
640,0.5690115485887123,0.9189219078810601,0.15909209021281764
641,0.5690148283214361,0.9189282143346281,0.15911278709693072
642,0.5691362241283476,0.9189623291355564,0.15901579538334504
643,0.5691842042306267,0.9189349665825983,0.1589105984325744
644,0.5693469718295922,0.9189101366030108,0.15866039265208967
645,0.5695179668803293,0.9188817095237648,0.1585297130493328
646,0.5696062581438381,0.9188631667824695,0.15844198100251164
647,0.5697545767054731,0.9189410885695172,0.15769922548897647
648,0.569852482323511,0.9189923856702034,0.1575247775674326
649,0.5699678975372301,0.9190566838265999,0.15736655387377949
650,0.5702560284923439,0.9190728400306217,0.1572601925685043
651,0.570198191448796,0.919074938338756,0.1571817772440611
652,0.5701293230223125,0.9189806259213197,0.15709743173040316
653,0.5702945857139642,0.9189750611774035,0.1570191060966038
654,0.5702561529311242,0.918941688086127,0.15683334290180587
655,0.570360897758489,0.9189652690727774,0.15670030336851887
656,0.57044755537414,0.9190211394091405,0.1566179926357363
657,0.5704779101962583,0.9190604269623557,0.15630922996112614
658,0.5705678064099485,0.9190678940185912,0.15626620050056667
659,0.5704971666934342,0.9190447242388462,0.1562237869758082
660,0.5704516172328405,0.9190521374923092,0.15607042867770343
661,0.5704530563590215,0.9190378451700548,0.15600743496328842
662,0.5705505508758233,0.9190334141274198,0.1559642054972221
663,0.5705831980078837,0.9190595699610481,0.15595578682866568
664,0.5705406266021984,0.9190170696136936,0.1558611076655765
665,0.5705465638943192,0.9190483482398911,0.15579336401151253
666,0.5705749580732175,0.9190437788472693,0.15568600750052353
667,0.5708107960039053,0.9191043492401307,0.1554916864354535
668,0.5709061812420179,0.9191476335707442,0.15535991655526446
669,0.5710749811632521,0.9191752343931242,0.1548056877778877
670,0.5713177641697529,0.919185987261548,0.15459860473532291
671,0.5712436023404884,0.9191345902414269,0.15458596641201627
672,0.5714168181688071,0.9191620719290958,0.15451727407631033
673,0.5713668613531694,0.9191843001603192,0.15442759861923225
674,0.5713189318166705,0.9191172196319646,0.15432921794883783
675,0.5712336301844401,0.9191346363580891,0.1536976046911961
676,0.5714461892306169,0.9191511845537405,0.15356864741834336
677,0.5715729086343991,0.9190861946474096,0.15344675797927776
678,0.5717153431732986,0.9191481754415262,0.153331311633013
679,0.5716623576853896,0.9191141490308672,0.15326226418139438
680,0.5717010519356316,0.9190954102937571,0.15318161339058986
681,0.5716672802658732,0.9190814792186905,0.15321493981346537
682,0.5716794967733659,0.9191008059432448,0.1531307191477349
683,0.5717325408519417,0.9190451469749172,0.15311012152440992
684,0.571889768098535,0.919078646887015,0.15298617441375179
685,0.5720243524094911,0.9190440363319671,0.15288472792182503
686,0.572050960499908,0.9190411156100221,0.15286072530559813
687,0.572050960499908,0.9190411156100221,0.1528377980998397
688,0.571865575340856,0.9190039071496652,0.15271530195977423
689,0.5725471516281053,0.9192079772233495,0.15173325823622574
690,0.5726650627374767,0.9192402319855654,0.15166762280490034
691,0.5725071741127659,0.9192226269497366,0.15150950698868168
692,0.5725306036137487,0.9192719909936619,0.1514016657515634
693,0.5725573267417279,0.9192125888895784,0.15129388020335796
694,0.5725198605883208,0.9192277420561955,0.15115003454298986
695,0.57252738845456,0.9192474492432137,0.15115301643764192
696,0.5727073843159476,0.9192543513703363,0.1510614331198061
697,0.5727831303522524,0.9192924591056078,0.1509716912857264
698,0.5729091070797193,0.9192892732128546,0.1509193828757325
699,0.5729270961936298,0.9192935851207786,0.15090833296561354
700,0.5730508918385858,0.9193325806017992,0.15078920247289565
701,0.5730643223222217,0.9193490327210708,0.15067304003974977
702,0.5730940129831362,0.919360681021354,0.15069835791121056
703,0.5730914061154295,0.9193894117019601,0.15061448878368042
704,0.5730914061154295,0.9193894117019601,0.15061049575847962
705,0.5730865016487586,0.9193997149329265,0.1505919967294132
706,0.5732028348869443,0.9193286606855047,0.15052263053827042
707,0.5732646615398603,0.9193557542245995,0.1504038781079181
708,0.5734170269835206,0.9193564959342513,0.14949935864103098
709,0.5735563478733963,0.9193846501565788,0.14936150255883512
710,0.573407555242699,0.919384573295475,0.1493775414527968
711,0.5733852044855781,0.9193483371280813,0.14919760939051044
712,0.5735466876882803,0.9193148141576524,0.1490520253170741
713,0.5735686124383627,0.9193153329701031,0.14904566880944584
714,0.5736473335758814,0.919317565785169,0.1490691374386246
715,0.573708553231961,0.9193446516381534,0.1490252891966488
716,0.5738161878204561,0.9193475108712154,0.14890716668428464
717,0.5738161878204561,0.9193475108712154,0.14889908393515294
718,0.5739226800936627,0.9193588940006904,0.148910867361183
719,0.5739307982261949,0.9193494131835347,0.14890917632281003
720,0.5739636735024524,0.9193113477218703,0.14889325770257492
721,0.5740929000101667,0.9192834048675783,0.14878729497871693
722,0.5741951542130106,0.9193191106933556,0.14863881515643462
723,0.5741807674942146,0.9193208823417985,0.14857188952984304
724,0.574384405822287,0.9193349402376864,0.1484132955685868
725,0.5744464131354537,0.9193424380383635,0.14835080870956643
726,0.5745598625146403,0.9193595819075695,0.14830807978056726
727,0.5745511334489891,0.9192743275712177,0.14823614789660253
728,0.5746339986663147,0.9192964020802334,0.14810596027553616
729,0.5746641172266592,0.9192836162356138,0.14817876150189546
730,0.5746924439257837,0.9192951492442413,0.1482413017693015
731,0.5748134460787446,0.9192621681445943,0.14817603658191839
732,0.5747323742723551,0.9192225577747432,0.14828782965752793
733,0.5750372794728241,0.9193304477061683,0.14811057021596596
734,0.5750978093121949,0.9193394173969835,0.14804286238429837
735,0.5750863183682892,0.9193524568832458,0.14804066600265778
736,0.5750993739875808,0.9193538019525626,0.14799076629418578
737,0.5750896732075166,0.9193551854524312,0.14798491396754723
738,0.5751472839072534,0.9193589554895734,0.1479353673042062
739,0.575242142429171,0.9194003836245297,0.14785816440903168
740,0.5752387560960506,0.9194062980864682,0.14779264127958147
741,0.5753191899685267,0.9194058561351214,0.14767426223958718
742,0.5753360894707457,0.9193982084552917,0.14763275698477804
743,0.5754116438886576,0.9194076508418955,0.14756124161836526
744,0.5753304192818037,0.919388201139575,0.1474959196466938
745,0.5753173941280381,0.9193745237061511,0.14742630105877375
746,0.5753447432697969,0.9193858415036879,0.1473696826043925
747,0.5755228938766909,0.9193807763569465,0.14727352198320667
748,0.5755430407747849,0.919407823779379,0.14720602035939842
749,0.5755358497778583,0.919374381513109,0.147199537651636
750,0.5756402920007746,0.9193883702340034,0.14697220783236162
751,0.5755503292528361,0.919370530771808,0.14711291834344042
752,0.575688273276907,0.9193778902224982,0.1470340510782481
753,0.5757340327140676,0.9193794082292985,0.14696935956167864
754,0.5757073654093517,0.9193760378698963,0.14681681868470836
755,0.5757398629179367,0.919412819751127,0.14675496568458216
756,0.5758874592829667,0.919368094274817,0.14659751536442184
757,0.575908408326621,0.9193523223763141,0.14655989854762405
758,0.576132435465274,0.919453337082003,0.14626312038922876
759,0.5762053898936959,0.9194915293644887,0.1462205176544271
760,0.5763030131941942,0.9195534140822255,0.1461683533747876
761,0.5763767929126238,0.9195900191829174,0.14607730237103655
762,0.5765569802524017,0.9195958798420834,0.1460230814885239
763,0.5765623537621349,0.9195928322993171,0.14600889891248917
764,0.5767220478501482,0.9195838702946122,0.14580562139370956
765,0.5767318539170672,0.9195730520942502,0.14576463498063982
766,0.5766183157698447,0.9195478685535853,0.1457405631771894
767,0.5767375295496254,0.9195421654596821,0.14568351647201955
768,0.5767367106137627,0.9195296486289258,0.1457323192435708
769,0.5768074299461746,0.9195710806069374,0.1456707338948446
770,0.5768234161609493,0.9195714418541253,0.145374012933297
771,0.5768673475000278,0.9196594132304968,0.14531593507365398
772,0.5768870887163904,0.9196405707308966,0.14524731222572398
773,0.5769198965949666,0.9196087387047516,0.14517985954842802
774,0.5768610526894817,0.9195766607230744,0.14506177003438211
775,0.5769081382922805,0.9196160366665588,0.14499489652994466
776,0.5770269347491218,0.9196649164855301,0.14485881866085565
777,0.5769918710602436,0.919646661973374,0.14473046209492793
778,0.577042577726347,0.9196895735276339,0.14465402426727703
779,0.5771752886119688,0.9196869717792697,0.144564820163915
780,0.5772907969390949,0.9196679217546891,0.1444071522457722
781,0.5773242074286451,0.9196193762815196,0.1442887291772086
782,0.5773872855827988,0.9196611195470016,0.14420677525999584
783,0.577444386897654,0.9196644860633486,0.14411393068261716
784,0.5774794426340704,0.9196679409699652,0.14413075976989403
785,0.5774419454617518,0.9196615345969622,0.1441167317592189
786,0.5775727400161016,0.9196633638912329,0.1440288686694295
787,0.5775333466988459,0.9196633984787297,0.14401288263148673
788,0.5774395385198959,0.9195971711086274,0.14396082075633312
789,0.5774733235374734,0.9196288494125648,0.14385426753301672
790,0.5774554824988203,0.9196428996223422,0.14380039911670794
791,0.5775100112056186,0.9196888164457613,0.14377094940926072
792,0.5776757971292806,0.9197477881276634,0.14361111541784571
793,0.5776577943177932,0.919757772385049,0.14359841174993285
794,0.5776518889133933,0.9198406824577343,0.14345309472652942
795,0.5777706471123676,0.9198921371236833,0.14318448600718664
796,0.578138714296108,0.9198814380580322,0.14300345306813517
797,0.5782205253342945,0.91991413092854,0.1429120459273615
798,0.5782303215039205,0.9198937204624219,0.1428018805047986
799,0.5780518658603612,0.9199159525367004,0.14271542149077845
800,0.5781644423215814,0.9199177280281986,0.14262452789034424
801,0.5781411030727021,0.9199162369227846,0.14258554961742348
802,0.5781382877815726,0.9198800776164947,0.1424771828382285
803,0.5782859001279617,0.9198740632351212,0.14234172639852244
804,0.5784006429532097,0.9198813880983148,0.14213366373830535
805,0.5784605215666464,0.9198709119298648,0.14196311356973543
806,0.5785082484225047,0.9198661888150353,0.14189973511542583
807,0.5786322749801492,0.9198678912884849,0.14181038188894174
808,0.57869807302907,0.9198571038325645,0.14173041580688966
809,0.5786765733491555,0.9198873179324741,0.14166052450815703
810,0.5788285932985288,0.9199405980496387,0.1415119541773399
811,0.5791326011146372,0.9200269438136646,0.14136251585936768
812,0.5796754611624949,0.9200892704827482,0.14058345424554142
813,0.5796142747872438,0.9200715040386014,0.1405783907429303
814,0.5797029934484013,0.9200731565523333,0.14052457865889711
815,0.5796780498291427,0.9200397680888361,0.14045656947892984
816,0.5797108598556989,0.9200437687092897,0.14048134361762865
817,0.5797168996474638,0.9200410631984354,0.1404106187931326
818,0.5798259346690899,0.9200628033616495,0.14037694362585781
819,0.5798376880405421,0.920080181657222,0.1403328214482191
820,0.579803040789568,0.9200706624095146,0.140313459302578
821,0.5799542016814814,0.9201651131769377,0.140162901629425
822,0.5800073320322405,0.9202204224272431,0.14006592497134135
823,0.5801366530097604,0.9202263983780646,0.1400143650786222
824,0.5802400186852051,0.9202197729509158,0.13985342025479713
825,0.5803426367927706,0.9202137086098249,0.13979213345011804
826,0.5804032509867317,0.9202688948823641,0.1397094091221174
827,0.5804378459568088,0.9202473238135783,0.1396941884278912
828,0.5804355270236082,0.9202944358271617,0.13946767108317307
829,0.5805488965717771,0.9203055883733253,0.13943554057368346
830,0.5805676334707921,0.9202875529153152,0.13926362520050478
831,0.5805922417339601,0.9202797361410572,0.13929229627994283
832,0.5804634772238993,0.9202565164015947,0.13919530388686857
833,0.5804790399765513,0.9202535034463251,0.13910763936611084
834,0.5804834438064319,0.9202481846579411,0.13900710974414213
835,0.5807617690876483,0.9202890786082258,0.1388789704798224
836,0.5807617690876483,0.9202890786082258,0.13888032233070305
837,0.5808197467709653,0.9203012841515117,0.13879435206154267
838,0.5808680688030768,0.9203031979929968,0.1387449112751504
839,0.5808872328337202,0.9203056998219259,0.1386671390002293
840,0.5806989951015481,0.9202370090534464,0.1386624248672491
841,0.5808378345900946,0.9202469241358385,0.1386023180986542
842,0.5809932098759685,0.920338319674385,0.13847391463511835
843,0.5810540094743503,0.9203761084360756,0.1384559082838239
844,0.5810543243061714,0.9203772651956881,0.13842031602616436
845,0.5812573793141426,0.9203934521441516,0.13831494768180777
846,0.581267586505834,0.9203905122069306,0.13815747830838973
847,0.581238737666131,0.9203974450784947,0.13799806901802883
848,0.5814386322525762,0.9204289273866174,0.1379237216708196
849,0.5816479361208259,0.920488148867107,0.13780621842411073
850,0.5815975036606786,0.9204130286672932,0.13781593863427755
851,0.58156842950664,0.9203580460766791,0.13777976009571938
852,0.581655297474631,0.9203963536508206,0.1377158731937055
853,0.5817464368850185,0.9203800667829222,0.13760417730751487
854,0.5817779396699595,0.9203712969309769,0.13756942147461948
855,0.5818724229324568,0.9203506712537681,0.13741816054429265
856,0.5819659323183433,0.9203407215838793,0.13740391715669542
857,0.5819716503799681,0.9203575887531115,0.1373966385949565
858,0.5820074872740588,0.9203478043345957,0.1371486325027318
859,0.581907565539863,0.9203514821384133,0.13716641443356964
860,0.5818834098542627,0.9203459673542146,0.1370636007096666
861,0.5819317166763521,0.9203284045919928,0.13700226506006222
862,0.5820075619862273,0.9203252801881228,0.1369545143386122
863,0.5820843979161613,0.9203808200217396,0.1368085487964824
864,0.58220553406832,0.9203960769508468,0.13673548997389282
865,0.5821553880926018,0.9203701401713644,0.13669217902702374
866,0.5822393458117775,0.9203922992275944,0.1366000709793888
867,0.5822635923091303,0.9203957925647627,0.13658661949630088
868,0.5822476839672264,0.9203816539647159,0.1365290688712177
869,0.5822596670003886,0.9203786294802808,0.13647475091586364
870,0.5822651716067629,0.9203867075822918,0.13649487312484493
871,0.5824255344328831,0.9204114222702235,0.13641290606069145
872,0.582469805348958,0.9204402720855405,0.13631487574346773
873,0.5824964447728608,0.9204455216989311,0.1363518745370707
874,0.5824457700577541,0.9204286545296989,0.13642738361215465
875,0.5825492573399703,0.9204256915341468,0.13644040962187867
876,0.582561685949724,0.9204220214164396,0.13641866304194433
877,0.5826503622785724,0.9204486345736356,0.13626426137696868
878,0.5827718125210816,0.9204788909471524,0.13616856170172043
879,0.5827467975659891,0.9204847554493735,0.13626919549724018
880,0.5825986946543755,0.9204606172197204,0.13620787482871083
881,0.5825425742387209,0.9204362215053694,0.13617611071185007
882,0.5826973233656063,0.920408086498318,0.13604867632397857
883,0.5826543794615487,0.9204021220766619,0.13576146856658036
884,0.582673386796433,0.9204956966275015,0.133971084538176
885,0.5827521744669045,0.9204990131841312,0.13391592035729843
886,0.5827577045985594,0.920499351372988,0.1338912160414796
887,0.5827666594456996,0.9205296961367742,0.13377491469146885
888,0.5827666504289217,0.920510957399664,0.1337667737834041
889,0.582721622193968,0.9205000085354256,0.13368961891286948
890,0.5827844118058229,0.9204857546437231,0.13361262669577983
891,0.5829478429604584,0.9205237048137318,0.1335398724714528
892,0.5830237125488231,0.9205337121294485,0.13346930051361233
893,0.5830168689344075,0.9205315792338176,0.13346608525797454
894,0.5830075684828316,0.9205275478689225,0.13344668611114388
895,0.5829920069180039,0.9205317022115838,0.1334050369783218
896,0.5830741035285191,0.9205457946949682,0.13332172947402282
897,0.5831456144486713,0.9205809778652395,0.1325969009719295
898,0.5831766874934481,0.9206144854634477,0.1324886891846431
899,0.5833062305035036,0.9206149620022914,0.13231385609602572
900,0.5834117039574801,0.920618620590833,0.13226299067636124
901,0.5835532373022109,0.9206396036721745,0.13213576125976842
902,0.5838236147092181,0.9206393769319182,0.13204276891817607
903,0.5839031960615327,0.9206557829345275,0.13199625210219182
904,0.5838723623292256,0.9206153616800312,0.13183456972243265
905,0.5838449771236432,0.9206101812416341,0.13178239490217955
906,0.5838422700955858,0.920588379589537,0.1317056431797124
907,0.5838565369336526,0.9205941441723231,0.13166728124662969
908,0.5838732386897427,0.9205730880729329,0.13161240185281858
909,0.583951268466056,0.9205882911992675,0.1315558673307612
910,0.584189730996663,0.920664837172557,0.1313604323635986
911,0.5842007172795352,0.9206664397265716,0.13132528750653025
912,0.5842228792214289,0.9206818964945488,0.13112959851212866
913,0.5842884077379711,0.9207002201816983,0.13095926139156347
914,0.5843146955871618,0.9207250386321202,0.13099745986123643
915,0.5843301920444259,0.9207199465839924,0.13095353725905362
916,0.5842783730769819,0.9207344733326135,0.1308918878270188
917,0.584213590164162,0.9207006928774867,0.1308562495291886
918,0.5843963910411896,0.92073390071739,0.13078217667665692
919,0.5842990836845271,0.9207081522476119,0.1308853168522325
920,0.5844415024831249,0.9207141012970472,0.1307959302312146
921,0.58448474184427,0.9206981718332816,0.13052725095488207
922,0.5843657603324287,0.9207488617312476,0.12917158996093941
923,0.5844515675439932,0.9206894442549434,0.12908596364961378
924,0.5844574683571498,0.920701384627421,0.12908221030634834
925,0.5845883401221084,0.9206687109721893,0.12895038816601243
926,0.5845525912815197,0.9206521858348691,0.12893822938455007
927,0.5845209627439507,0.920641809585854,0.1289250131885125
928,0.584533194654249,0.920648315878292,0.12891795805182232
929,0.5850294498710022,0.9207927340493053,0.12845357277821934
930,0.58511456486382,0.9207917655993972,0.1283745556968234
931,0.5852726963934971,0.9208210189355093,0.12829264568100845
932,0.5854177859426577,0.9208403917767258,0.12820232156942227
933,0.5854639063289114,0.9208826653838241,0.12814723872184577
934,0.5855944059040211,0.9209343621622501,0.12804008186650934
935,0.5857234019538374,0.9209595726043015,0.12793652376307377
936,0.5858870640384239,0.9209851327643752,0.12792174339680407
937,0.5858103055585553,0.9209663901842099,0.127833531464907
938,0.5855927546013097,0.9209169492791808,0.12791338144435555
939,0.5855805404825333,0.9209087174549622,0.12779470964779294
940,0.5856141305198815,0.9209153928418286,0.12779677848967627
941,0.5858104877610603,0.9209397654978483,0.12779245358618305
942,0.5857887917628801,0.9209275484253969,0.12771946858390207
943,0.5857020442247906,0.9209016385473009,0.12769068867304142
944,0.5857676703534852,0.920900835348766,0.12777268816679638
945,0.585677091783712,0.9208409298044525,0.12776432756181835
946,0.5857170176173103,0.9208618168094143,0.1276924323822553
947,0.5857479965554738,0.9208660057395722,0.12766626988111385
948,0.585758477519932,0.9208661171881727,0.12761193563966142
949,0.5859548268126126,0.9208927803050861,0.12751500677162686
950,0.5859928602667488,0.9209116497060728,0.12749637156595098
951,0.5859899578600378,0.9208927226592583,0.12747787249278691
952,0.5860210206906583,0.9208848098086205,0.12743472014412238
953,0.5859972129025173,0.920891608173253,0.1273404450588422
954,0.5860263410200226,0.9208797062313272,0.127245861023276
955,0.5861378450872515,0.9208812280811828,0.1271830495593316
956,0.5860707589555381,0.9209447576265412,0.12573225044351935
957,0.5860872782455769,0.9209484200581379,0.12573849970909903
958,0.58611761272314,0.9209689227575806,0.1256540764679424
959,0.5861348695117117,0.9210009200350988,0.1255483213575519
960,0.5861675326110724,0.9210331786403699,0.12543025865739396
961,0.5861329323109093,0.9210735614643144,0.12530145191563788
962,0.5860980673447634,0.9210864933450312,0.12529830987149254
963,0.5861922156709941,0.9211208617876022,0.12486053019104489
964,0.5862114997339354,0.9211180063975954,0.1248275328440569
965,0.5862960660093486,0.9211355883750931,0.12478641795632295
966,0.5863084642169777,0.9211635197002196,0.12472185181916089
967,0.5862554614138327,0.9211464834365589,0.12465969751865541
968,0.586125151889861,0.9211323755809537,0.1246248188045955
969,0.5862112691806751,0.921145034604752,0.12459628031714608
970,0.5862179188216851,0.9211802331472442,0.12446097148345586
971,0.5862179188216851,0.9211802331472442,0.12444223943965975
972,0.5862905325609518,0.9211144438854336,0.12444081519727423
973,0.5863747936512758,0.9211291243562623,0.12435032929170223
974,0.586392489907043,0.9211879384729016,0.12430679867986695
975,0.5864619293885057,0.9211852637064888,0.12424977270683499
976,0.5864974964931337,0.9211720474396878,0.12422631596657009
977,0.5865582491792289,0.9211827503483941,0.12417750980148388
978,0.5866263883851195,0.9212160004619044,0.1241527387083638
979,0.5866651875305224,0.9212003054245055,0.12409123239212044
980,0.58664888850476,0.9211978458691834,0.12408486806927004
981,0.5866022381075131,0.9211825428234138,0.12405971724152996
982,0.5867448227503278,0.9212175492131464,0.12391178331364336
983,0.5866880338683594,0.9211998096703858,0.12390456792575107
984,0.5866129067877524,0.9211704371995629,0.12381227016324793
985,0.5866030030464616,0.9211894487935915,0.12377243773953539
986,0.5866030030464616,0.9211894487935915,0.12379050442729829
987,0.5865912737612347,0.9211983185649718,0.12370312203906238
988,0.5866370718310224,0.9212051937907081,0.12371430771402812
989,0.5867911984001272,0.921189760081062,0.12363722990825314
990,0.5867788747860954,0.9211922426947152,0.12371973835503496
991,0.5867743853518679,0.9211809556416201,0.12360332404061558
992,0.5868928452541609,0.9212266149803413,0.12350057493767515
993,0.5868451049483576,0.9211989987857406,0.12343406816409105
994,0.5868665248960842,0.9212041600088617,0.12337317653394392
995,0.5869501119463617,0.9212031838728433,0.1233217362831758
996,0.5869191263287948,0.9211912780878624,0.12327810008541386
997,0.5869063687350105,0.9211664596374405,0.12328215741332298
998,0.5868818389626884,0.9211860784341893,0.12324473420162492
999,0.5870426045431473,0.9211684733983604,0.1231557491213159
1000,0.5870521516356086,0.9211853713120342,0.12316708255531766
1001,0.5870957835784822,0.921173419410391,0.1230317816505665
1002,0.5870818297754632,0.9211690267983079,0.12295812862371581
1003,0.587067461701556,0.9212007742772387,0.12289366815559372
1004,0.5870705882297599,0.9212005744383688,0.12288287224078928
1005,0.5870271116904936,0.921211519459552,0.12287624399832041
1006,0.587192050231893,0.9212369758571356,0.12277313172623175
1007,0.5871474181951317,0.9212220225293885,0.12284821841834827
1008,0.5871494082218186,0.9212239325278182,0.12281042212975657
1009,0.587291583349219,0.9212417105011307,0.12270805192043817
1010,0.5873541286255934,0.9212551573512431,0.1226587243859581
1011,0.5873491505622294,0.9212792763656202,0.12256775775881512
1012,0.5874141502814915,0.9212985377582363,0.12250307976527783
1013,0.587466259357555,0.921320593051976,0.12241765709178207
1014,0.5875224815955317,0.9212988605748723,0.12239681087426363
1015,0.5874784153252958,0.9213086334642224,0.1223557631967338
1016,0.5876365391392879,0.9213220956865557,0.12228071801275464
1017,0.5877676096238945,0.9213177222897485,0.12221637870481648
1018,0.5879032034318549,0.921386351569345,0.12208829678139121
1019,0.5879047092914619,0.9213760214369923,0.12204231959082625
1020,0.587963651367079,0.9213970967516584,0.12188019844168502
1021,0.5880278164789026,0.9214186716634992,0.12188245346770132
1022,0.5880614217274451,0.9214321800024947,0.1217435157663184
1023,0.5881113889968413,0.921410466740667,0.12172903579431162
1024,0.5882180384135073,0.9213959130906596,0.12167893612096968
1025,0.5881898292778753,0.9214104090948392,0.12153752745394016
1026,0.588123126576222,0.9214038336274077,0.12149230868820943
1027,0.588088404275272,0.9214106857948129,0.12136463549503605
1028,0.5880993438883494,0.9214110355128352,0.1212961213032608
1029,0.58824296472376,0.9213431710012218,0.1211580224443083
1030,0.5882284293277358,0.9213083567642487,0.1211289514401379
1031,0.5882858886577658,0.9213238135322259,0.12110078434251721
1032,0.5882874574991962,0.9213004323844454,0.12105715603810978
1033,0.588233612968322,0.9212534279764072,0.12102863648167744
1034,0.5882871642721225,0.9212671246251071,0.12099557958385924
1035,0.5883911070186039,0.9212791687600749,0.12092526136249386
1036,0.5884463425329303,0.9212515218210326,0.12078947971620703
1037,0.5885938709975433,0.9212346623379107,0.12062854737498976
1038,0.5887579167532435,0.9212032953214438,0.12060547115017194
1039,0.588888435202786,0.9212024498493019,0.12058676441998771
1040,0.5888743269200121,0.9211753140366,0.12057128095798707
1041,0.5888398659212787,0.9211731965131899,0.12034208961682336
1042,0.5893402597314739,0.9211389510483851,0.11935867787270928
1043,0.5894161893811969,0.92110933262203,0.11937186924556123
1044,0.5901126291449137,0.9211479591697522,0.11831702955409344
1045,0.5901036327080762,0.92115335481924,0.11830774140700898
1046,0.5900856131230131,0.9211454189102711,0.11832946716867887
1047,0.5901217924044285,0.921152993572052,0.11811779525450106
1048,0.5900928348044674,0.9211447425325575,0.11812412300341132
1049,0.5901767302702469,0.9212003015814503,0.11808063909807935
1050,0.5901112352374746,0.9211476555683922,0.11802986957762417
1051,0.5901148903362397,0.9211551841135108,0.11800543848438699
1052,0.5899375886684662,0.921128594014646,0.1179651220764544
1053,0.5900076251714093,0.9211628663808371,0.1178017370738685
1054,0.5899640638640021,0.9211566867480904,0.11779769101448702
1055,0.5900597054602728,0.9211722395924474,0.11778650934018882
1056,0.5900484987154149,0.9211576974716056,0.11777817873559192
1057,0.5899910681294599,0.9211574937896805,0.11776282043950255
1058,0.590050615740564,0.9211881536839923,0.11771607345440514
1059,0.590123837105069,0.9211733617645631,0.11764330953183039
1060,0.590110025880711,0.9211738767339587,0.11762720178956972
1061,0.5901555335132617,0.9212092828014311,0.11761494025376791
1062,0.5901016710498007,0.9212098631027649,0.11766204265027312
1063,0.5901862684924095,0.9212217227710835,0.11763963855743084
1064,0.5901841217567131,0.9212265573345135,0.11762883754456227
1065,0.5903228525704027,0.9212448925508285,0.11757737869491924
1066,0.5903697196494695,0.9212547192429513,0.11751053564380712
1067,0.5903562840918002,0.9212510299099682,0.11745469925419756
1068,0.5903367502473618,0.9212486241574188,0.11744781385115236
1069,0.5902842960369181,0.9212454574799416,0.11746997167563768
1070,0.5903410253829966,0.921261037225685,0.11736726970539305
1071,0.5903717069775742,0.9212813208709817,0.1173105217930928
1072,0.590312567595277,0.9212803562641289,0.11731461467653384
1073,0.5902198196293793,0.9212322258409199,0.11730216008390279
1074,0.5901941503215447,0.9212030147784149,0.11725020899132549
1075,0.5903455218607381,0.9212030224645253,0.11716333735997612
1076,0.5904152040018014,0.9212189788296773,0.11712575926505836
1077,0.5903018788518221,0.9211477362725511,0.11707973114273672
1078,0.5903421986728066,0.9211688423316587,0.11701566615345516
1079,0.5902876650839401,0.9211708291911924,0.11699011943510991
1080,0.5903963495726038,0.9211606028213298,0.11696688819637438
1081,0.5903855772342197,0.9211352770876227,0.11692094751414854
1082,0.5904102828950428,0.9211220646638769,0.11688207567570161
1083,0.5904981299164703,0.921150211200094,0.11682566397264443
1084,0.5904894130844662,0.921154019667788,0.11673873955565531
1085,0.5906207432818381,0.9211092019581535,0.11660206424098474
1086,0.5907017550553714,0.9210931610457872,0.11649379909573507
1087,0.5906336673847616,0.9211029416212477,0.11647064992782892
1088,0.590658587474205,0.921099060135505,0.11642921054528453
1089,0.5906830553710204,0.9211511104750086,0.11611505612355925
1090,0.590684544977471,0.9211480321878008,0.11611045939434084
1091,0.5906660500624529,0.9211478976808691,0.11607396019768819
1092,0.5907242983370411,0.921099986311806,0.1159311982228067
1093,0.5908063698673099,0.9210940334193155,0.11587898667900061
1094,0.5907402342360754,0.9210668053732891,0.11585336608831896
1095,0.5907239438299183,0.9210292279796338,0.11581158359780469
1096,0.5907023436761873,0.9210176834418409,0.11574377524632852
1097,0.5907023436761873,0.9210176834418409,0.11576524561757928
1098,0.5906665992826905,0.9210268068548637,0.11574702338924729
1099,0.5906141606021881,0.9210092018190349,0.11571611550174912
1100,0.5906231855049141,0.9210104777133582,0.11567870695690327
1101,0.5908272152142462,0.9210910550515428,0.11559144578910892
1102,0.5907897117153057,0.9210817817593674,0.11556341820334019
1103,0.5907451436011962,0.9210866393811286,0.1155261822500729
1104,0.5907381956186358,0.9210869199241575,0.11548951287593603
1105,0.5907689185746755,0.9210740533753788,0.11544837545679697
1106,0.5909785863904542,0.9210545075966786,0.11534467771454276
1107,0.5910506152439822,0.9210264878812828,0.11528795823344833
1108,0.5910708204898888,0.9210563061465079,0.11525648993290846
1109,0.5911519637416799,0.9210643112304703,0.11520480526195843
1110,0.5912262981707014,0.9210546382605551,0.11506484195677184
1111,0.591195627818358,0.9210531279398652,0.11506867141183187
1112,0.5913005889655231,0.9210531509981963,0.11497352666547604
1113,0.5913723318407589,0.9210374559607972,0.11489929757131735
1114,0.5914402674143993,0.9209852326838102,0.11480964546111555
1115,0.5915083223514016,0.9210099858022938,0.11475623301562125
1116,0.5914850068523059,0.9210034564515247,0.1147072034948771
1117,0.5915431953898714,0.9210390431425911,0.11463393209172537
1118,0.5917461160891794,0.9210406725979919,0.11457389361401488
1119,0.5918902513530355,0.9211005243395327,0.11450269328569235
1120,0.5920225154838364,0.9211353078320642,0.1144271869265109
1121,0.5920666293642772,0.9210762631321135,0.11439945575408715
1122,0.5921521547656855,0.9210916276667661,0.11428587517295441
1123,0.5921255136693349,0.9211057163070955,0.1142554682188948
1124,0.5921185249941713,0.9210981685467008,0.11421891615250014
1125,0.5921126484502792,0.9211083142124044,0.11416589819683394
1126,0.5921662678259734,0.9211218686680622,0.11410020143834898
1127,0.5920285104229167,0.921130972865809,0.11405530563481307
1128,0.5922827937014911,0.921165664125016,0.11400418099856019
1129,0.5923082974624457,0.9211920774433421,0.11393279063726629
1130,0.5922812907405538,0.9211773162683544,0.11390128482939267
1131,0.5923316853254283,0.9211704371995629,0.11388229537106477
1132,0.5923610215313475,0.9211609448532417,0.11377532324687911
1133,0.5923925716983983,0.921162885596113,0.113782484364208
1134,0.5924438337475566,0.9211931957724026,0.1136667054822253
1135,0.5925272724011583,0.9212190749060571,0.11353413822864163
1136,0.5925090162160496,0.9212285941537646,0.11351614247897308
1137,0.5924917428967006,0.921224270716675,0.11349270450826275
1138,0.5924984458370146,0.9212286671718132,0.113511573613309
1139,0.5925580153753705,0.9212457918257432,0.11345271587100622
1140,0.5926765908210094,0.9212601879104878,0.1133847859182043
1141,0.592648363151869,0.9212860708871975,0.11334411106455071
1142,0.5925488239484883,0.9212850755359031,0.11332842639460489
1143,0.5926540191971065,0.9212861746496877,0.11317957196244316
1144,0.5927024378643789,0.9212849448720266,0.11313906901181596
1145,0.5926950060044837,0.9213092060794459,0.11308811374648332
1146,0.5927671519586128,0.921279614554477,0.11291072477356662
1147,0.5927860635705421,0.9212643922128665,0.11282091411639981
1148,0.5928803388045735,0.9212419410844421,0.11280319892964423
1149,0.5928619426969353,0.9211737460700822,0.11277363161592983
1150,0.5928619426969353,0.9211737460700822,0.11281544367512143
1151,0.5927930085433815,0.92116081034631,0.11279231179949632
1152,0.5927489641895312,0.9211538928469667,0.1127470859721669
1153,0.5927905967802456,0.9211712288689322,0.11269002520542291
1154,0.5927527217933699,0.9212086410112142,0.11254708707244541
1155,0.5926826574031343,0.9212233137959325,0.11268831145066377
1156,0.5926469606323024,0.9212040293449852,0.11265033192690081
1157,0.5927482347189101,0.9212084872890066,0.11255065076132686
1158,0.5927854930993464,0.9211978420261282,0.11243699667739071
1159,0.5930910372893551,0.9212726355662506,0.11233817833446476
1160,0.5932345601292823,0.9212510030085819,0.11217299402049741
1161,0.5932822253369476,0.9212652107836221,0.11210989312031508
1162,0.5933584347980179,0.921276190392302,0.1119385629200115
1163,0.5933549857573666,0.9212805561029987,0.1119188684281767
1164,0.5935224202669441,0.9212742611785963,0.11187045608963699
1165,0.5935873071478079,0.9212549382970973,0.11178957612050196
1166,0.5936047989177483,0.9212377060376219,0.11176869465074048
1167,0.5936918201452663,0.9212309922202037,0.11172558032234893
1168,0.5938054942760781,0.9212210963530875,0.11166892296099902
1169,0.5938628894893063,0.9212490968532072,0.11160964298100144
1170,0.5939135061172989,0.9213114619528429,0.11125486775076707
1171,0.5938152212119703,0.9213116310472712,0.11119467574570682
1172,0.5938164259311751,0.9213257043153797,0.11118496155363582
1173,0.59384664360005,0.9213133027762792,0.11113742013277966
1174,0.5938730478942261,0.9212929230546026,0.11106370315320972
1175,0.5938257143712007,0.9212753948798776,0.11102761365000191
1176,0.5939253007610811,0.9213152704205368,0.11095955644310852
1177,0.5939260102990976,0.9213305081343682,0.11083006849929769
1178,0.5940960790170395,0.9213667289295411,0.11078048041921947
1179,0.5941085358848944,0.9213655068379903,0.11075479763067682
1180,0.5940081608980994,0.9213525365267216,0.11075580651926205
1181,0.5939884679771203,0.9213448734746712,0.11075333015968435
1182,0.593893931464341,0.9213014008343534,0.11075350131025115
1183,0.5939629781978201,0.9213342897006759,0.11064881144257828
1184,0.5939665596912936,0.9213209120255569,0.11060250064265789
1185,0.5939635534548721,0.9213826968238586,0.11056203447463102
1186,0.5940418469448091,0.9214170767955951,0.1105181729517493
1187,0.594045916446658,0.9213910708411193,0.11046360014288502
1188,0.594072462675258,0.9213663907406843,0.11041055701889219
1189,0.5941255607751041,0.9213544926418137,0.11034651867343949
1190,0.5942826770469251,0.92132792560128,0.11032150942615128
1191,0.5943109502634294,0.9213184755285659,0.11032784009295955
1192,0.5943149322524983,0.9213285174317793,0.11035605881650906
1193,0.5943740122701723,0.9213032339716795,0.11031735365798692
1194,0.5945392894346048,0.9213083606073039,0.11026223670629355
1195,0.5945532724237002,0.9212654605822095,0.1101485927331432
1196,0.5945109934170939,0.921209221312548,0.11000266828789224
1197,0.5945010458297469,0.921242886476019,0.10993942423481035
1198,0.5945879325298772,0.9212600188160593,0.10990568206571828
1199,0.594703617084279,0.9213076496420936,0.1098549366291602
1200,0.5947782266470563,0.9213091292183421,0.10979883621381101
1201,0.5947728712136958,0.9213085911906154,0.10980188823773322
1202,0.5948372081706851,0.9212795684378148,0.10977077647048628
1203,0.5949600852897076,0.9212252660679694,0.10964565340517171
1204,0.5949306096217465,0.9212317493020762,0.10964240295662023
1205,0.5948275159578211,0.9212419833580492,0.1096092871324371
1206,0.5947652387698665,0.9212375484723591,0.1095789457764833
1207,0.594856996971404,0.9212772933491418,0.1095202933021393
1208,0.5949191362539941,0.9212807175113168,0.10947163261274294
1209,0.5949802133899146,0.9212945371377828,0.10940964928899465
1210,0.5949626728507733,0.9212424944843896,0.10936283239856652
1211,0.5950321897971961,0.921242160138588,0.10931171030707208
1212,0.5950425804517374,0.9212494811587263,0.10928588429841721
1213,0.5951978954353251,0.9212521174945872,0.10924862328942102
1214,0.5952409078731381,0.9212577783148832,0.10920468174679113
1215,0.5952645992350575,0.9212539045152509,0.10900109305189085
1216,0.5953547265390126,0.9212753718215464,0.10893896419483928
1217,0.5953802266979286,0.9212824507292078,0.10901101029026057
1218,0.5954161396606856,0.9212721859287933,0.10899068668025053
1219,0.5954019122627581,0.9212934841406605,0.10896708431573357
1220,0.595407746383862,0.9213344472659387,0.10892933457279809
1221,0.5954155726537083,0.9213111660375931,0.10898804615286828
1222,0.5954410015760162,0.9212664713057247,0.1089357374588319
1223,0.5955436012905657,0.9212951943002203,0.10892383159971682
1224,0.5955596924443504,0.921306508254702,0.10890828472748194
1225,0.5955307311887742,0.9212850371053511,0.10886068903404413
1226,0.5956759553030563,0.9213008013177436,0.10881480381364798
1227,0.5958003368102336,0.9213483091660117,0.10873664572538114
1228,0.5958726481287616,0.9213399697362478,0.10872335081682308
1229,0.5958442068819345,0.9212961589070733,0.10868033669480526
1230,0.5959138822493306,0.9213125226360754,0.10866022019802223
1231,0.5960449621106307,0.9213213270755175,0.10860383226467463
1232,0.5960959840250469,0.9213226644587239,0.1084817874788662
1233,0.5961782873039658,0.9213418835777328,0.10846084189630818
1234,0.5962178815388484,0.9212663560140689,0.10844768033518273
1235,0.5961480049478982,0.9213016583190512,0.108403772397819
1236,0.5961776078856025,0.9212929461129338,0.1083578480197395
1237,0.5961664117930247,0.9212830464027624,0.10833306959356413
1238,0.5961670101104752,0.9212795761239251,0.10833988158790996
1239,0.5961801523452847,0.9212666211848771,0.10833809952613853
1240,0.5962187140543561,0.9212478786047118,0.10829190292750332
1241,0.5963058085419021,0.9212640578670649,0.10820876686447735
1242,0.5962994393461575,0.9212466680423267,0.10819148023123401
1243,0.5962660254324704,0.9212256964901507,0.10808208881763785
1244,0.5962633443941885,0.9212158044660897,0.10811739296833693
1245,0.5962863064085312,0.9212401694359992,0.10806241341176057
1246,0.5962021928526651,0.9212309922202037,0.10801901681236051
1247,0.5966659385716473,0.9213599151926878,0.10692230379880507
1248,0.5967822511027158,0.921352928518351,0.10684337581482801
1249,0.5968227706895745,0.9213409305000455,0.10680938188562204
1250,0.5967879686138414,0.9213069886366008,0.10679231494908768
1251,0.5968505287900947,0.9213295281552946,0.10677360254874854
1252,0.5969305006043634,0.9213061662227899,0.10667687100888919
1253,0.5970416931210403,0.9212780273726833,0.10662869873164829
1254,0.5970718678167078,0.9212785192837477,0.1066178845015885
1255,0.597129726852739,0.9212800987794311,0.106562850631925
1256,0.5971826333438751,0.9212786691629001,0.10651954413517846
1257,0.5970980494790001,0.9212976115819353,0.10645798762522345
1258,0.5968883044930916,0.9212833307888465,0.10644766473472626
1259,0.5969553658099984,0.9212880231592344,0.10644614470178249
1260,0.5969855722576013,0.9212841070859951,0.10639868390945996
1261,0.5969837377211538,0.9212500230295082,0.10637645080618587
1262,0.5970381296920751,0.921232752339481,0.10636632324130414
1263,0.5970236329086518,0.921245061645257,0.10634189394374394
1264,0.5969999688289204,0.9212210656086459,0.10631586446174034
1265,0.5969882306595385,0.9212217957891321,0.10632713070153559
1266,0.596967606619766,0.9212118922359056,0.10630335987671598
1267,0.596949062482644,0.9212199857101373,0.10634365003154325
1268,0.5969929264978941,0.9212129759774693,0.10629976177109146
1269,0.5969244604213502,0.9212037757033427,0.10631161506669021
1270,0.5969359323592179,0.9211719744216392,0.10625144308955031
1271,0.5969456013984832,0.9211706485675984,0.10619645321594617
1272,0.5969517948604035,0.921173865204793,0.10619825406889183
1273,0.5969941778214465,0.9211750258074607,0.10617758042005591
1274,0.5970247650228349,0.9211995752440192,0.10614962731349428
1275,0.5970234470821383,0.9211838648343994,0.1061287906853791
1276,0.5970297672625217,0.9211712672994841,0.10611743025726579
1277,0.5969734492387498,0.921180010250043,0.10608083857058058
1278,0.5969832718369458,0.9211641653334917,0.10606639043528292
1279,0.5970145047436168,0.9211310843144096,0.1060674561416211
1280,0.5969855048959714,0.9210924885111289,0.10604334676389597
1281,0.5971318244702912,0.9210931648888424,0.10596932070200046
1282,0.5972135801539203,0.9210981032147626,0.10591865683797115
1283,0.5972042556427029,0.9210849983965621,0.10592491815032086
1284,0.5971383753337507,0.9210844718980009,0.10590769781266685
1285,0.5971709568180594,0.9211144900020959,0.10593099487253767
1286,0.5971379207196083,0.9211119958592772,0.10590309518314238
1287,0.5971746298523039,0.921145538044982,0.10574924118293279
1288,0.5971953123574096,0.9211337091211049,0.10572894983523558
1289,0.5971682916665424,0.9211088714554071,0.10569993375165075
1290,0.5972524655075246,0.921130042846453,0.10564432027196106
1291,0.5972722543618774,0.9211566483175385,0.1047665570958747
1292,0.5973062466657487,0.9211268300523134,0.10466977821421779
1293,0.5973205379313907,0.9211345392210261,0.10466434502759003
1294,0.5974079706949537,0.9211288130687919,0.10464526852840822
1295,0.5974454605714158,0.9211425327758228,0.10462166543618423
1296,0.5975099068189795,0.9211279944980363,0.104555854580338
1297,0.5974706334054997,0.9211264150023528,0.10451315544172728
1298,0.5975301881604658,0.92115285137901,0.10434059843018818
1299,0.5975455922680344,0.9211377058985033,0.10436558923869141
1300,0.597620062581176,0.9211224758707823,0.10434346197086661
1301,0.5975410987725474,0.9210967274010042,0.10429572281255672
1302,0.5975202228425489,0.9210843335480141,0.10426258243345231
1303,0.5975152470456216,0.9210808209955698,0.10416268179883532
1304,0.5977705434129692,0.9210353807109942,0.10353133983967401
1305,0.5977977906288412,0.9210506722275983,0.10350985608311133
1306,0.5978989666161284,0.9210614904279603,0.1034688041779272
1307,0.5979282996764738,0.9210790954637891,0.10345325998002973
1308,0.5977785516203351,0.9210794105943148,0.10341208616218948
1309,0.5978114517745713,0.9210762093293409,0.10333047576423829
1310,0.5977616621154463,0.9210412567423809,0.1033028831539577
1311,0.597856294268953,0.9210418793173218,0.10319805878588711
1312,0.5977366482117725,0.9210333554209087,0.10317197707603391
1313,0.5977861216526364,0.9210391699634124,0.10316377877030718
1314,0.5977906088722434,0.9210423404839447,0.103143302662728
1315,0.5977906088722434,0.9210423404839447,0.10313809093489973
1316,0.5977884944282961,0.9210410953340629,0.1031333686143933
1317,0.5979117260077295,0.9211098591205911,0.10303486400443582
1318,0.5979245261981256,0.9210835918383623,0.10300619717990254
1319,0.5979414555917785,0.92107901475963,0.10298819916564096
1320,0.5980092321204311,0.9210800523845316,0.10295574618038876
1321,0.5980036366100848,0.9210790416610164,0.10293575487769759
1322,0.5979743243188655,0.921086024492298,0.1029223443825652
1323,0.5979627622448881,0.9210953093136389,0.10287848751529625
1324,0.5980609986261692,0.9210909743473837,0.10281362597444442
1325,0.5982470909158356,0.9211344316154807,0.10250741646079535
1326,0.5983768037341478,0.9212321028631537,0.10225367594017461
1327,0.598522942265563,0.9212257887234754,0.10221961984042108
1328,0.5985360039128005,0.9212102550943944,0.10217926378525113
1329,0.5985219666021537,0.9212113503651237,0.10217322926896538
1330,0.5985442725318295,0.9212186752283172,0.10216668350915573
1331,0.5985286745615972,0.9212161580271673,0.10218389260402685
1332,0.5986465960881291,0.9212244705555449,0.10215918018416165
1333,0.5986666351362747,0.9212219110807879,0.10214534013681448
1334,0.5986621593109207,0.9212344740282065,0.1021069172806782
1335,0.5986804457457471,0.9212419910441596,0.1020914558603302
1336,0.599363421357989,0.9212927040004567,0.1014504463854215
1337,0.5993503724460821,0.9212921313852334,0.10143258117867321
1338,0.5993607912841937,0.9212954479418629,0.10140448698705377
1339,0.5994214058206639,0.921284610526225,0.10137454172758678
1340,0.5994022779547635,0.9212909246659035,0.10138638803580569
1341,0.5993241514995505,0.921272039892696,0.10134851295909472
1342,0.5994395293394351,0.9212822278320068,0.10128605335531353
1343,0.5994941703474096,0.9212547461443377,0.10136203752774076
1344,0.5995755517202027,0.9212735271550548,0.10139006580235163
1345,0.5995165612219691,0.9212740113800089,0.10140097056956054
1346,0.5996102787437759,0.9213047596645901,0.10137565278807349
1347,0.5995707299840297,0.9212968775583938,0.1013630210613528
1348,0.5996752632537313,0.9213187676007605,0.10134733829634757
1349,0.5996754209528896,0.9213200434950838,0.10132396348825208
1350,0.5998121673600988,0.9213293206303143,0.10128412220835219
1351,0.5997543503025956,0.9213410726930875,0.10125801484503134
1352,0.5998007132618668,0.9213494966700657,0.10124309228055539
1353,0.5998618968686891,0.921360341771814,0.10122525310756064
1354,0.5999567690083668,0.9213659334171166,0.10115598911707152
1355,0.5999421815136144,0.9213744726857505,0.1009998162586679
1356,0.5999337964195505,0.9213838689556918,0.10099567106833014
1357,0.5999337964195505,0.9213838689556918,0.1009962786145428
1358,0.599913663306567,0.9213382173030809,0.10098038026050518
1359,0.5999648108560821,0.9213068964032762,0.10096997745423725
1360,0.6000220207519521,0.9213093175280463,0.10093044435778326
1361,0.6001249723889477,0.9212963280015016,0.10089314767503299
1362,0.600090620595221,0.9212861323760806,0.10087989631637118
1363,0.5999842452369215,0.9212571864843838,0.1008681811269982
1364,0.6000410045543147,0.9212669171001268,0.10082614429384533
1365,0.6000753216106137,0.9212598612507965,0.10080083480588208
1366,0.6001024757372456,0.9212514180585425,0.10079789899222882
1367,0.6001290388274895,0.9212284365885017,0.10076694173005275
1368,0.6001361924365727,0.9212117269845324,0.10074841284742848
1369,0.5999953097015492,0.9212047364671404,0.1007447520184973
1370,0.5999827091029901,0.9212105433235336,0.10075294611379418
1371,0.5999987659567806,0.9212076994626924,0.10077693087595324
1372,0.5999673290010579,0.9212096940083364,0.10075023703121112
1373,0.60002898640616,0.9212079607904454,0.1007227130181375
1374,0.60003965818402,0.9212419756719388,0.10074826629577799
1375,0.6000505205376955,0.9212284711759985,0.10074370864876953
1376,0.6000796875946299,0.9212287363468067,0.10068509540746726
1377,0.6000778264223184,0.9212417220302962,0.10065597970045724
1378,0.6000691973644253,0.9212293358634164,0.10063460747989578
1379,0.600073821955089,0.921209179038941,0.10061783055205138
1380,0.6000032187275407,0.921219597561563,0.10040099458097411
1381,0.6000032187275407,0.921219597561563,0.10039766928224968
1382,0.6000799417507703,0.9212539045152509,0.10034879746723334
1383,0.600155023156744,0.9212900945659822,0.1003021632275081
1384,0.5999844818585255,0.9211667862971317,0.10018533471963323
1385,0.600002086750234,0.9211946676625407,0.1001482771739345
1386,0.6000364784951173,0.9211678008637021,0.1001187417424019
1387,0.600036654471949,0.9211667017499175,0.10012892490359851
1388,0.6001496060586685,0.9211765976170337,0.100042245796251
1389,0.6001496060586685,0.9211765976170337,0.1000415437139014
1390,0.6002015791116466,0.9211716708202792,0.10002414814900883
1391,0.6002070612505123,0.9211668055124077,0.1000173549539025
1392,0.6000688990804344,0.921136391573628,0.10000497993017095
1393,0.6000172176719112,0.9211339435474715,0.09998671173005215
1394,0.5999699919912145,0.9211212691514524,0.10002592344843615
1395,0.5999175296359475,0.9211416834606257,0.10002819773838174
1396,0.5999067813469693,0.9211331403489367,0.0999798671172667
1397,0.59984165236796,0.9211208464153814,0.09998225257622173
1398,0.5997871914913409,0.9211009048019966,0.0999458406659997
1399,0.5998173376883135,0.9211123417342443,0.09988133711938382
1400,0.5998173376883135,0.9211123417342443,0.09987048225194389
1401,0.5997268044831858,0.9210888452948081,0.09982736605075923
1402,0.5996562689242293,0.9210768511195577,0.09981080341162925
1403,0.5996595680846166,0.9210384513120917,0.09978438253513065
1404,0.5996816248169856,0.921034892642985,0.09975092074835552
1405,0.5996816248169856,0.921034892642985,0.09976988867988823
1406,0.5996228716160323,0.921016034771164,0.09976962650167306
1407,0.5997040795758476,0.9210312955433265,0.0997067597866286
1408,0.5997539672902134,0.9210149087559931,0.09963631199077438
1409,0.599682349197392,0.9209949056537252,0.09963811831417053
1410,0.5997119406575414,0.9209899557986395,0.09955527671457927
1411,0.5997151799078113,0.9209796410385076,0.09954932527267658
1412,0.5996876425669415,0.9209580046377837,0.09953948531680995
1413,0.599822596700026,0.9209764397735337,0.09949225893147483
1414,0.599822596700026,0.9209764397735337,0.0994880138104372
1415,0.5999045302604783,0.9209904246513728,0.0993641991913698
1416,0.5998993382400918,0.9209780730719898,0.09937011657469158
1417,0.5998993382400918,0.9209780730719898,0.09937483856180601
1418,0.599960090751281,0.9209660942689601,0.09935372281260746
1419,0.6000001938763297,0.9209861204295592,0.09933621569770743
1420,0.6000083207568714,0.920981220534191,0.0992786283331443
1421,0.6000146852165021,0.9209890257792834,0.09927345315197672
1422,0.5999740341106271,0.9210214227345415,0.09925319249887003
1423,0.6000759417997248,0.9210264840382276,0.09923008549542356
1424,0.600053409490804,0.9210000015449081,0.09925592285174865
1425,0.6000838655633217,0.9210014465336599,0.09922102133514697
1426,0.6000539785467284,0.9209838030672791,0.0992489342114458
1427,0.6000340911164298,0.920981282023074,0.09920203614365043
1428,0.5999303199125493,0.9209719164975742,0.09917412180593246
1429,0.5998649328894375,0.9209997248449344,0.09914431573869519
1430,0.5998861951456276,0.9209805287842566,0.09909938257569856
1431,0.5999036094368329,0.920995424466176,0.09909430661471323
1432,0.5999487352904218,0.9209992867366427,0.09905966335861498
1433,0.5999351969004526,0.9210140748130168,0.09906663094452033
1434,0.5999241509332284,0.921055522163249,0.09905014156848237
1435,0.5998503231323391,0.9210236555496073,0.09903993794204828
1436,0.5998897739945253,0.921027902125593,0.09903545469841885
1437,0.5999006174934172,0.9210120533659863,0.09899720638662515
1438,0.5999058541241633,0.9209614749166208,0.09896159678358067
1439,0.5999081545807234,0.9209632811525605,0.09896633989689696
1440,0.5999477912995979,0.9210047054444617,0.09892462189508126
1441,0.5999637249164503,0.9210132985158682,0.09893405707071413
1442,0.5999607428684778,0.9210111502480166,0.09891563996183472
1443,0.5999329696716781,0.9210072226456116,0.09882606026605578
1444,0.5999404441860515,0.9210196280277674,0.09880745096668746
1445,0.5999669124111561,0.9210044056861568,0.09877573296587491
1446,0.6000459022611203,0.9210103854800336,0.09871460680749189
1447,0.600039812090539,0.921003644761229,0.09871162704566078
1448,0.6000127625546937,0.9209808861883894,0.09869468653469611
1449,0.5999692034225658,0.9209795257468518,0.09869469761143466
1450,0.6000378149801433,0.9209836339728508,0.0986419901817092
1451,0.6001475635480579,0.9210461989113562,0.09858416067726668
1452,0.6001419724071418,0.9210443427156991,0.0985800575131254
1453,0.6002750822771529,0.9210437931588068,0.09856127499524882
1454,0.6002993564997484,0.9210319411765986,0.0985408196814775
1455,0.6003821827923207,0.9210150432629248,0.09852119770995307
1456,0.6003463282196108,0.9209950593759328,0.09851640104598501
1457,0.6003320339316655,0.9210014388475495,0.09848006652636031
1458,0.6003488583133374,0.921011180992458,0.0984498209812448
1459,0.6003299854523791,0.9210200008041208,0.09840638147352902
1460,0.6004141509637905,0.9210242320078859,0.09831792926430838
1461,0.6003716153805281,0.9210268068548637,0.09829929984117519
1462,0.6003938005103733,0.9210280635339111,0.09830140175562298
1463,0.6004627866628166,0.9210083217593962,0.0981744116809305
1464,0.600448678106795,0.9209949786717738,0.09814883965128071
1465,0.600405630853218,0.9209966042841196,0.09813336642946734
1466,0.6002116263298628,0.9210020844808215,0.09784251743543942
1467,0.6001931508681216,0.9210322294057378,0.09780907544960761
1468,0.6001829157139448,0.9210341970499956,0.09780290764959433
1469,0.6002312256355455,0.9210640614318829,0.09776595164728061
1470,0.6003175571568515,0.9210791761679481,0.0977431571151916
1471,0.6003175571568515,0.9210791761679481,0.09774810562864658
1472,0.6003405711164139,0.9210643727193533,0.09774729688601824
1473,0.6003623040522682,0.9210701834188018,0.0977290909953685
1474,0.6003687383883262,0.9210501649443131,0.09772708002277965
1475,0.6003582173651008,0.9210665517316464,0.09773175556698556
1476,0.6003997718207126,0.9210836302689142,0.09767506572162007
1477,0.6005288159736129,0.9210759864321397,0.09763956328932456
1478,0.6005975522499003,0.9210621821778946,0.09757144953689081
1479,0.6006160327791654,0.9210224027136151,0.09757270661911592
1480,0.6007286118373237,0.9209856784782122,0.09755042207042523
1481,0.6008099065631443,0.9209920694789945,0.09751304803523726
1482,0.6008265850395206,0.9210349810332544,0.09747633762985135
1483,0.600774798628155,0.9210239629940226,0.09745859541945301
1484,0.6008013614623349,0.9210181407654086,0.09742640879669454
1485,0.6009219949243668,0.9210644803248986,0.0973696576347296
1486,0.6009046782138834,0.9210687307439396,0.09736024286207189
1487,0.6009094332653918,0.921065172074833,0.09733756464609161
1488,0.6009284109005009,0.9210747604975339,0.0973228539792709
1489,0.6010748306702565,0.9211418756133852,0.09726726152231968
1490,0.6011095121382991,0.9211654527569805,0.0972290870985769
1491,0.6011693271441072,0.9211720320674671,0.09720875160196014
1492,0.6011780373887543,0.9211777735919221,0.09715625688636084
1493,0.6011363790041342,0.9211701105398717,0.09713249852071444
1494,0.6012689118056769,0.9212226220459981,0.09703568647481976
1495,0.6013590279948808,0.9212440009620243,0.09700852733406472
1496,0.6013466262578714,0.9212392740041397,0.0970102188897459
1497,0.6012872196365528,0.9211983685246893,0.09697286279219158
1498,0.6013970770767795,0.9212375638445798,0.09689436788010511
1499,0.6015052652733973,0.921252374979285,0.09688586149804977
1500,0.6015207714373433,0.9212725817634779,0.09686176060910218
1501,0.601610044690839,0.9212641270420583,0.09682136185205667
1502,0.6015575083092025,0.9212646958142265,0.09680504983508512
1503,0.6015027019040341,0.9212414722317088,0.09679356656440943
1504,0.6015781435516446,0.9212300814161234,0.09678864885635524
1505,0.6015991963869698,0.9212440509217418,0.09677474624382276
1506,0.60166122970525,0.9212922274616131,0.0967222370514176
1507,0.6018244374099799,0.9215187525067768,0.09591668558911849
1508,0.6019609798359943,0.9215057591371769,0.09584328526682699
1509,0.602029944874596,0.921557940140557,0.09581957945551146
1510,0.6021209411399412,0.9215835771617344,0.09579495666797105
1511,0.602201894313,0.9215990454588773,0.09578138914633923
1512,0.6022217119553914,0.9215781392386396,0.09575284718251394
1513,0.602101955429049,0.9215759448541256,0.0957599544863156
1514,0.6020779307230069,0.9215614949666084,0.0957514396532192
1515,0.6020786989256355,0.9215329141651548,0.0957004111950035
1516,0.6021030845746411,0.9215429483822578,0.09567663085016798
1517,0.602230788410669,0.9215944184204277,0.09563183483486637
1518,0.6021711992542971,0.9216049407055399,0.0956087875781088
1519,0.6022217003288641,0.921602181391913,0.09560104115148836
1520,0.6022633149115698,0.921614955707367,0.09561060458081251
1521,0.6022863357114048,0.9215962361855329,0.0955864027038192
1522,0.6023152395320981,0.9215963668494094,0.0955768208271187
1523,0.602252283478962,0.9215457153819951,0.09556610188511055
1524,0.6022600803868844,0.9215522063022124,0.0955547402574989
1525,0.6022993361171838,0.9215301702237486,0.0955324469572118
1526,0.6022398701957807,0.9215433788044393,0.09547483297345107
1527,0.6023094559050749,0.9215387363937688,0.09545522256871768
1528,0.6022819085931,0.921520185966363,0.09543571844386686
1529,0.6022787288156329,0.9215204127066192,0.09543350595709656
1530,0.6023262598460106,0.9215321993568893,0.0954119046492847
1531,0.602370483731302,0.9215626286678897,0.09534894214192474
1532,0.6024898496891421,0.9215909750429767,0.09532926543451486
1533,0.602516223121523,0.9215843342436071,0.09532327998186221
1534,0.6024785651191159,0.9215968587604737,0.09530498262420169
1535,0.6025411928049145,0.921606816116473,0.09528336279371179
1536,0.6025828294951718,0.9216108935980304,0.09527153677044581
1537,0.6027109139844111,0.9216182953223278,0.09521994758549686
1538,0.6026269891602218,0.9216042950722678,0.09518350308592885
1539,0.6025775577139761,0.9216049291763743,0.09514872798403257
1540,0.6027269749027342,0.9216418878381438,0.0951388938287008
1541,0.6028279377281967,0.9216687661661479,0.0951098247106395
1542,0.6028698896557758,0.9216839654494273,0.09510195091558599
1543,0.6028515407792785,0.9216764292181983,0.09510086327828393
1544,0.6028492793070069,0.9216792269623771,0.09509021262554056
1545,0.6028492793070069,0.9216792269623771,0.09509659881644317
1546,0.6028348920517778,0.9216527598412785,0.09507976793680077
1547,0.6028408924080197,0.9216433789435579,0.09504539058342473
1548,0.6028268386752781,0.9216508613720142,0.09504361298969846
1549,0.6028629491881594,0.9217069123319713,0.09491696394990848
1550,0.6028906760828333,0.9217139066924185,0.09489902794547589
1551,0.6029512084981633,0.9217171425448891,0.09486105561257012
1552,0.6030054316189987,0.9217426681174661,0.09483438703281556
1553,0.6029877968045136,0.9217245865427937,0.09483523648759509
1554,0.602974290711378,0.9217765869225797,0.09481822531513026
1555,0.60299610868992,0.921771817691088,0.09481399871676072
1556,0.6029895849361456,0.9217664028263242,0.09480382678690205
1557,0.6031097892937208,0.9217389019233792,0.09473761761402608
1558,0.6031060170626651,0.9217237026400997,0.09472766224410392
1559,0.6032204025873431,0.921728160584121,0.09468800945788634
1560,0.6032600831981478,0.9217144716215315,0.09466196576074219
1561,0.6032109103736193,0.9216936076749009,0.0946642175946212
1562,0.6032441837855981,0.9217173385407038,0.09463932880721318
1563,0.6032246047012152,0.9216790924554454,0.09462863185174204
1564,0.6032358491834915,0.9216619139987429,0.09460324115875747
1565,0.6032159408593118,0.9216416726270531,0.09460281642816142
1566,0.6032575137032643,0.9216419762284132,0.09460005411167025
1567,0.6032817823600635,0.921644731698985,0.0945950061028076
1568,0.6033382581041935,0.921667497957935,0.09458729442663397
1569,0.6033767857265807,0.9216572715880724,0.0945720435827468
1570,0.603379742242321,0.9216618140793078,0.09458024184558976
1571,0.6033702106161867,0.9216780356152681,0.0945682921009749
1572,0.6033748573898494,0.9217097561928125,0.09454101041710355
1573,0.6033826224154883,0.9217196136293768,0.09452735505336894
1574,0.6034325735866382,0.9217199671904543,0.09450343203050743
1575,0.6034911794220561,0.9217380948817891,0.09448467153327053
1576,0.6034461909898671,0.921754773741317,0.09446950040071013
1577,0.6035484912476333,0.921781467602672,0.09441643507180383
1578,0.6036074371181365,0.9218130613593951,0.09438302259213194
1579,0.6036124408447313,0.9218220233641,0.09437711027096168
1580,0.603596979618988,0.9218203170475953,0.09435096876538722
1581,0.6036709970404287,0.921803549797798,0.09434672213580175
1582,0.6036526385523056,0.9218033307436522,0.0942877728427452
1583,0.6035420013467605,0.9217977698427912,0.09423212189052013
1584,0.6036155709593055,0.9217710144925532,0.09419881975639229
1585,0.6036960022086674,0.9218488094587796,0.09398683065257635
1586,0.6037084140268086,0.9218219388168858,0.09396496988206612
1587,0.6036439935796254,0.9218305126730164,0.09377861148519363
1588,0.6036540978844885,0.9218600888257644,0.09375276476300826
1589,0.6036540978844885,0.9218600888257644,0.09375720606429838
1590,0.6036851771035497,0.9218630864088132,0.09374227642847398
1591,0.603701547625644,0.9218498509267362,0.09371629571048846
1592,0.6037336501155594,0.9218189911935545,0.09370938155396419
1593,0.6037357381729491,0.9218238026986533,0.09370064903988698
1594,0.60376642180449,0.921807781001563,0.09369057731091152
1595,0.6037239916451497,0.9218213969461039,0.09367484910599178
1596,0.6037020146859323,0.9218261508053749,0.09366643989833232
1597,0.6036609262851685,0.9217824860122975,0.09366597294768893
1598,0.6036856478302378,0.9217598273588928,0.09365001486648351
1599,0.6036841488170694,0.9217559035995431,0.09364672340416881
1600,0.603593488502364,0.921741657393951,0.09365468466843449
1601,0.6035935090662986,0.9217351357292922,0.09365578768370317
1602,0.6036558931755971,0.9217582440201543,0.09364311399804853
1603,0.6036930071195042,0.9217267309675901,0.09361258089156393
1604,0.603676202888094,0.9217271959772682,0.0935770088966764
1605,0.6038152289701979,0.9217278147091539,0.09356542215749003
1606,0.6038065980324446,0.9217036073045073,0.09354898297568219
1607,0.6038375280547097,0.921703380564251,0.09351535874918832
1608,0.6039138720965902,0.9217401624454817,0.09349021033998452
1609,0.6038581168305346,0.9216858600756364,0.09350636276994807
1610,0.6037854341703296,0.92169550230111,0.09349595887194703
1611,0.603564782715717,0.9216932156832714,0.09349042785199017
1612,0.6036228875783699,0.921690544759914,0.09346286872463719
1613,0.6035210895306756,0.9216748843100117,0.09345888896884337
1614,0.6035403549517109,0.9216677977162399,0.09340821249740232
1615,0.6036263805135981,0.9216980502467015,0.09337988976548484
1616,0.6036140022334676,0.9217258739662825,0.09335044461367628
1617,0.6036140022334676,0.9217258739662825,0.09335092583131653
1618,0.6036234223490322,0.9217127922064132,0.09333517662177279
1619,0.6036377624985193,0.9217163124449679,0.09333743371896971
1620,0.6036342388490121,0.9217013744894414,0.09333313209136321
1621,0.6036227402941485,0.9216968358412612,0.09330652077586338
1622,0.6035866657380812,0.9217167082796526,0.09330807133450826
1623,0.6035246405569044,0.9217229301860064,0.09329948275105042
1624,0.6036381183409864,0.9217317884282211,0.09326859263016526
1625,0.6036934825471127,0.9217493166029461,0.09323538806439235
1626,0.603627424239468,0.9216945569095331,0.09323747368554569
1627,0.6036284671196358,0.9216906216210178,0.0932441808605591
1628,0.6036082699226953,0.9216980540897567,0.09322713270600089
1629,0.6035595909184799,0.9216858101159189,0.09319119697403919
1630,0.6035631353094545,0.9216829355106362,0.0931878056723647
1631,0.6035649682750005,0.9216827087703799,0.09318583167400304
1632,0.603520839060878,0.9216640315221529,0.09318826773653889
1633,0.6035132895949354,0.9216414458867969,0.09318563919628421
1634,0.6035040448750242,0.9216300012684387,0.09318841821857825
1635,0.6034440829882256,0.9216085531774192,0.09318262522282755
1636,0.6034428972366724,0.9216091642231945,0.09316173385993592
1637,0.6034080089178187,0.9216135837366639,0.09315000302408437
1638,0.6033854117330976,0.9216088990523864,0.09313383877686368
1639,0.603365671414413,0.921631415512749,0.09314067551110904
1640,0.603372843466672,0.9216330334389843,0.09311313086589432
1641,0.6033881097681743,0.9216485324805687,0.09308824733561481
1642,0.6034917584394012,0.921662501986187,0.09305371709418386
1643,0.6035088389104141,0.9216812522524627,0.09302507644789629
1644,0.6034910605645456,0.9216283871852586,0.093041319587679
1645,0.6034429924905528,0.9216112356299423,0.09303647229356451
1646,0.6034599923377503,0.9216172884418677,0.09303605964671349
1647,0.6034205203371032,0.9216381331732224,0.09302926220940073
1648,0.6033969739983754,0.9216127152061908,0.0930143286071229
1649,0.6033917015605151,0.9216092026537465,0.09299363235370699
1650,0.603261601578326,0.9216031383126554,0.09297893094457674
1651,0.6032699768943287,0.9216000177518405,0.0929922374418173
1652,0.6032635523797744,0.9216115546035232,0.09298182053533886
1653,0.6032677957894395,0.9215637085663982,0.09300269833663997
1654,0.6032806099637106,0.9215480711748272,0.09299095342413656
1655,0.6032459286552823,0.9215471757429676,0.09298190274990296
1656,0.6032726366329001,0.9215539433631585,0.09298046924140736
1657,0.6032945777274551,0.9215556804241049,0.09296848317941246
1658,0.603215103893926,0.9215264808907655,0.09294932401492674
1659,0.6032469650083352,0.9215483824622975,0.09296158241415653
1660,0.6032670510697106,0.9215671173563525,0.09291498397363729
1661,0.603195812338707,0.9215342438622508,0.09290410094595429
1662,0.6032251008554411,0.9215308696597934,0.09288394503127052
1663,0.6032466520967207,0.9215429022655955,0.09286180764801207
1664,0.6032888529291548,0.9215817632396844,0.0928409938901609
1665,0.6032162639985834,0.9215900988263932,0.09281076983773741
1666,0.6032659533130931,0.9215939265093632,0.09280616113373351
1667,0.6033074112552018,0.9215544506464438,0.09275019896682495
1668,0.6033165224862429,0.9215538665020547,0.0927394752510062
1669,0.6033367601566627,0.9215517681939206,0.0927230805735754
1670,0.6033027500653891,0.9215457499694919,0.09272145204655154
1671,0.6033927821941918,0.9215411690477046,0.09268814575286435
1672,0.6033338479106557,0.9215344821316727,0.09267724922489275
1673,0.6033975293807976,0.9215853065365703,0.09264870268812617
1674,0.603456596890202,0.9216055440652049,0.09263144772838665
1675,0.6033338925546258,0.9215923239553486,0.09262975009491022
1676,0.6033754380917844,0.9215930041761174,0.09260883400131456
1677,0.6034126264650234,0.9215894416639556,0.09258160019521389
1678,0.603501942095129,0.9216057170026885,0.09255957687547475
1679,0.603501942095129,0.9216057170026885,0.09257660978305775
1680,0.6035255707615051,0.9216044872250274,0.0925563267233749
1681,0.6034739249679918,0.9215905638360713,0.09255821321632599
1682,0.603452974281907,0.9216101787897649,0.09253360544292498
1683,0.6033628517837244,0.9216016625794622,0.09253025075700208
1684,0.6034411153703046,0.9216328220709488,0.09249836094247366
1685,0.6034674448320453,0.9216090028148766,0.09245148823162644
1686,0.603452571517301,0.9216083110649422,0.09244724411772456
1687,0.6034454073073015,0.9216079613469198,0.09243898302254246
1688,0.6034149066336567,0.9215916091470832,0.09242291224313937
1689,0.6035233630703765,0.9215978963853753,0.09239674479376041
1690,0.6035022426600644,0.9215953023231215,0.09237938844468876
1691,0.6035280314703388,0.9215958518800138,0.09232402329689798
1692,0.60349317661147,0.9215797686940405,0.09236313653464492
1693,0.6035018728961907,0.9215644195316086,0.09236065091970344
1694,0.6036798733793043,0.921615439932321,0.09229777787138303
1695,0.6036754036668395,0.9216161201530898,0.09227839046794688
1696,0.6037478424184481,0.9215669444188689,0.09224608666158132
1697,0.603798700183879,0.9215535936451362,0.0922238515701176
1698,0.6038511540840461,0.9215583974641247,0.09221986947899247
1699,0.6038399148954483,0.9215656339370488,0.092219248719153
1700,0.6039068348460326,0.9215674171146574,0.09221416210442772
1701,0.6039107730227513,0.921570937353212,0.09216682077225598
1702,0.6039179612185147,0.9215624826317924,0.0921535614553769
1703,0.6039893968408836,0.9215649614023905,0.09207335777080551
1704,0.6040349509712765,0.9215668752438755,0.09205045267883637
1705,0.6040123719288805,0.921550669080136,0.09203910952378686
1706,0.6040522630867057,0.9215930541358349,0.09198966903595888
1707,0.604092188016212,0.9216064471831746,0.0919796505620731
1708,0.6040745702843642,0.9215781469247499,0.09198901537694056
1709,0.6040491440997865,0.9215757719166421,0.09197743702414561
1710,0.6042042001113981,0.9216093294745678,0.0918571877277857
1711,0.604237868032901,0.9216320765182417,0.09185264974000007
1712,0.604237868032901,0.9216320765182417,0.09187253298298928
1713,0.6042948600202943,0.9216810600997032,0.09182962101794472
1714,0.6042843753754518,0.9216808487316677,0.09182127392033441
1715,0.6044388673239238,0.921789949225478,0.09175526156773613
1716,0.6044462615043525,0.921794845277791,0.0917390710648344
1717,0.6045409917948077,0.9217555231370792,0.0917243661149975
1718,0.6045515717681923,0.9217143255854343,0.09168643749358292
1719,0.604607037551684,0.9217414344967498,0.09164666170161091
1720,0.604613015022898,0.9217298553714601,0.0916140881125641
1721,0.604615030278119,0.9217100982247245,0.09161010961869157
1722,0.604655208751434,0.9217322265365129,0.09161667006436865
1723,0.6047552653806239,0.921777317103066,0.09158789039198595
1724,0.6046769853932097,0.9217613568948587,0.09157131277908814
1725,0.6047530540731525,0.9217813292526851,0.09154595004070425
1726,0.6047458465070742,0.9217735124784271,0.09155177291064968
1727,0.6047281924341962,0.9217686510136108,0.09155953948249516
1728,0.6047601066731543,0.9217734855770408,0.09156416503922024
1729,0.6048345490630732,0.9217828126719887,0.09154668693742332
1730,0.6048672435663435,0.9217766215100764,0.0915404829447233
1731,0.6049206620951062,0.9217974239678239,0.09150993693156163
1732,0.6049204261834766,0.9218039840630345,0.09152636450306754
1733,0.6049154695779202,0.921807054664132,0.09151481565582548
1734,0.6049702752424413,0.9218304896146852,0.09148555280770641
1735,0.604954036526879,0.9218417920400013,0.09146645086115474
1736,0.60497348189083,0.9218251054943629,0.09145571893997646
1737,0.6049793144336086,0.9218398551401851,0.09144235016730194
1738,0.6049838315179581,0.9218484443685364,0.09142300613989655
1739,0.6050429533471354,0.9218459041090553,0.091396753979643
1740,0.6050511999409541,0.9218588552050482,0.09137493492135818
1741,0.6050673571680258,0.9218686511527294,0.0913580061759205
1742,0.6050544905503003,0.9218951182738281,0.0913316041539911
1743,0.6050174285763406,0.921894007630878,0.09131063947093528
1744,0.6051408791521694,0.9218871862079144,0.09123615780188993
1745,0.6051610921504275,0.9219195408895654,0.0912224772372065
1746,0.605202847477113,0.9219002756538941,0.09116962699498411
1747,0.6052379004622367,0.9218865213593664,0.09112229748405998
1748,0.6052916429683527,0.9218745425563368,0.09109830480334516
1749,0.605309803877516,0.9218913021200237,0.09106475091085905
1750,0.605335389379221,0.9219142490025677,0.09104493983539498
1751,0.6053338907394037,0.9219143835094994,0.09105805748849341
1752,0.6053750240959712,0.9219200942895128,0.09104865044015228
1753,0.6054371824470106,0.9219190643507217,0.090987837724561
1754,0.6054776957863481,0.9219567147624255,0.09095438736809627
1755,0.6055573411491356,0.9219606269926097,0.09093639984072142
1756,0.6056007552640825,0.9219675982947257,0.09091620122364595
1757,0.6056253710113608,0.921993089279806,0.09088543520869026
1758,0.6055568782820122,0.9220045569564952,0.09088126383911956
1759,0.6056275464856941,0.9220118933488544,0.09084946865634902
1760,0.6055914435819204,0.9220359700896245,0.09083523799111305
1761,0.6055907393123076,0.9220370423020227,0.09084206281341509
1762,0.6055859747016775,0.9220661649742582,0.09081802783751579
1763,0.6056775296157283,0.922068901229554,0.09077102607686441
1764,0.605750900110384,0.9219916404479991,0.09074957688397227
1765,0.60581438118531,0.9219960138448061,0.09073294925448196
1766,0.6057884106725513,0.9219882431872105,0.09073803122530813
1767,0.6058765645885336,0.9219815716433993,0.09070477632525926
1768,0.6058886974918707,0.9219812257684321,0.09071760288061019
1769,0.6058765841521074,0.9219951645296091,0.09071160424163464
1770,0.6058565947901973,0.9220344482397689,0.09068736359074346
1771,0.6058598678765379,0.9220366310951172,0.09068490710979595
1772,0.6058389028261623,0.922016762499781,0.09066800079822752
1773,0.6058920656990635,0.9220051334147739,0.09064381440250294
1774,0.6059759861053179,0.9220383335685668,0.09061201997663891
1775,0.6060046665770146,0.9220280341806555,0.0906001930876692
1776,0.606029464605101,0.922040132118396,0.0905922297116124
1777,0.6060293371699371,0.9220405471683566,0.09058924505505195
1778,0.6061000872791733,0.9220234571019233,0.09056739386646472
1779,0.6060976668056878,0.92202631249193,0.09055442166595969
1780,0.606115174825234,0.9220265200169103,0.09054522671916442
1781,0.6060879562444643,0.9220260511641771,0.0905324088929499
1782,0.6061627146419065,0.9220185648926655,0.09050622594937786
1783,0.6061401251252098,0.9220107673336835,0.09050873821475662
1784,0.6061628347106004,0.9220112746169686,0.09050967315627384
1785,0.6061511096553279,0.9219968439447274,0.09049526101015996
1786,0.6060974635284726,0.9219568300540812,0.0904669549812869
1787,0.6061046538937183,0.9219557194111311,0.09046735261263707
1788,0.6061856965920256,0.9219746925746078,0.09043380491734852
1789,0.6062471094753383,0.9219998453708314,0.09040908007704201
1790,0.606283511249719,0.9219997531375068,0.09037977570597563
1791,0.6063057797288036,0.922010294637895,0.09036788909472591
1792,0.6064290116059808,0.9220382836088492,0.09033610174806975
1793,0.606396271019964,0.9220358355826928,0.09033334792558091
1794,0.6065767807949073,0.9220515613645334,0.09028156282223594
1795,0.6066691943757121,0.9220449935832123,0.09023573220773733
1796,0.60656421113151,0.9220190299023436,0.0902384138712375
1797,0.6067114639454638,0.9220343137328372,0.0902175187256857
1798,0.6067224404445134,0.922057679508397,0.09020393950362587
1799,0.6067447342983757,0.922035578097995,0.09023169061303861
1800,0.6068602980957971,0.9220581176166888,0.09017004071951168
1801,0.6068692682067973,0.9220635978133908,0.0901677735266612
1802,0.606846546422268,0.9220550354864258,0.09017017538897693
1803,0.6068610723187348,0.9220801498520973,0.09014431940510234
1804,0.6068413268962024,0.9220673678505329,0.09012214547833547
1805,0.6068046158614849,0.9220631750773197,0.09011485779020195
1806,0.6067752673147544,0.9220583981597177,0.09010161230605827
1807,0.606783504158677,0.9220812297506059,0.09004503232014378
1808,0.6067536843146609,0.9220475953315764,0.09004444903267655
1809,0.6067991775050954,0.9220363428659779,0.09004770900324843
1810,0.606775386790376,0.9220301478610105,0.09003070311335169
1811,0.606880715650468,0.9220479027759917,0.08999180213043152
1812,0.606954866019203,0.9220682133226749,0.08997581885526479
1813,0.6069775002507065,0.9220748771803756,0.08993307745017615
1814,0.6070412705171429,0.9220593012776875,0.08991656506916808
1815,0.6070005818308366,0.9220356049993813,0.08991352508370438
1816,0.6071326499568006,0.9220191720953856,0.08988440495956862
1817,0.6071114633559092,0.9220085537338936,0.08987275847199701
1818,0.6071691060897548,0.9219909025814025,0.08986144832889655
1819,0.607156874597831,0.9219754112259285,0.08984947190219957
1820,0.6071477327234668,0.9219434792803486,0.08983162376295067
1821,0.6071876649737388,0.921988174012217,0.0898028967147102
1822,0.6072786726557011,0.9219939116936168,0.08978550430373464
1823,0.6072670580854643,0.9219852263888857,0.08978040358927662
1824,0.60727313450963,0.9219823402544375,0.08977434538290975
1825,0.6073851653694893,0.9220221274048274,0.08970150107992292
1826,0.6073866746942596,0.9220239105824358,0.08970111858691301
1827,0.6072683345394924,0.9220065053854769,0.08969313032355195
1828,0.6073910583441712,0.922015713345714,0.08966850132071036
1829,0.6073501696856407,0.9219949608476838,0.0896740570831266
1830,0.6073611885181299,0.9219920516549045,0.08965654991551417
1831,0.6073329674707604,0.921943871271978,0.08964094338733018
1832,0.6072967950105898,0.921901563077383,0.08963323600607194
1833,0.6072825668976036,0.9219158784579685,0.08963035725548836
1834,0.6072717151762884,0.9219091761697159,0.08963326441295191
1835,0.6072837411137183,0.9218961174681777,0.08960517478996627
1836,0.6072534121334314,0.9218927163643339,0.08957228239229402
1837,0.6073478854397958,0.9218881354425466,0.08955783908614809
1838,0.6074363790955829,0.9218877242356411,0.08955095094626235
1839,0.6074171467142877,0.9218881738730984,0.08954546547402291
1840,0.6074149109208157,0.9218851532317185,0.08955530282968883
1841,0.6074750998473392,0.9219131806332247,0.0895121476555689
1842,0.6074742756318509,0.9219103252432179,0.08949330499809359
1843,0.6074648836587833,0.9219174464244864,0.08948498951129948
1844,0.6073972432091457,0.9218793848058772,0.08948275429865944
1845,0.6073757125985809,0.9218851762900496,0.08949902759132194
1846,0.6074008582323348,0.9218798613447208,0.0894908779524595
1847,0.6073954511956936,0.9218590089272558,0.0894791760726601
1848,0.6074473503984511,0.921877063600542,0.08944790009771975
1849,0.6075328403220994,0.921859739107742,0.0894271531879948
1850,0.6075718963778227,0.9218952374085391,0.08937056591951455
1851,0.6075832662917636,0.9218971743083552,0.08937256075042392
1852,0.6074906937477231,0.9218787891323226,0.08937803739028657
1853,0.607594689836863,0.9218970782319754,0.08935551817811437
1854,0.6076123350748344,0.9219059518464109,0.08935506909034248
1855,0.6077252390611882,0.9219481178479638,0.08932114273077091
1856,0.6077627276316647,0.9219455660593171,0.08930851994467705
1857,0.6078340549179236,0.9219688626598835,0.08927392392716185
1858,0.6078324134772786,0.9219460349120504,0.08925816988993267
1859,0.6078643204691656,0.9219581635942324,0.08924642847546305
1860,0.6079164127095417,0.9219863447179463,0.0892422147138113
1861,0.6078490447576897,0.9220048644009105,0.08923735176547869
1862,0.6078490447576897,0.9220048644009105,0.08923232705489625
1863,0.6078618460956142,0.9220062363716136,0.08922661697913203
1864,0.6078509530077795,0.921997581811324,0.08922846323487013
1865,0.6078543782533324,0.9220003641832821,0.08921157500649823
1866,0.607837663285857,0.9219948109685314,0.08922219805048427
1867,0.6078049567545522,0.921970826461086,0.08921542842678552
1868,0.6078124062764406,0.921968651291848,0.0891993445189535
1869,0.6079350699384218,0.9220088304338673,0.08915800711606081
1870,0.608003769676741,0.9220078658270144,0.08912636065731186
1871,0.6080466702389599,0.9220180460802148,0.08910443376122198
1872,0.6080984256093926,0.9220229920922453,0.08906110930116068
1873,0.6080269957866749,0.9220002642638472,0.08903068667291535
1874,0.6079903710579535,0.9220132691626126,0.08901605513180538
1875,0.6081209351796666,0.9220532561518724,0.0889896020107098
1876,0.6080706235227158,0.9220521954686398,0.08899410084243468
1877,0.6079668950034196,0.922028729773645,0.08898879909922953
1878,0.608002859824735,0.9219916711924406,0.08894627465132154
1879,0.6080194913839705,0.9219934735853251,0.08894104511307689
1880,0.6081125531170579,0.9220074853645506,0.08889690540158815
1881,0.6081405181329037,0.9220282570778566,0.08888959732983999
1882,0.6081260457519022,0.9220309010998278,0.088893239092662
1883,0.6081457026273909,0.9220451626776407,0.08887073870239862
1884,0.6082002300386543,0.9220417884751833,0.08884841376383203
1885,0.6082089193113586,0.922043817608324,0.0888444175793609
1886,0.608276952233959,0.9220455738845461,0.0888293731494358
1887,0.608284780200903,0.9220424148931793,0.0888223604059059
1888,0.6082925482299879,0.9220463886122465,0.08881730213451522
1889,0.6082348603701953,0.9220530716852233,0.08880652540812571
1890,0.6082541538031251,0.9220611690025102,0.08874579684112295
1891,0.6082128668975496,0.9220327726677057,0.08871606311749441
1892,0.6082352307660296,0.9220316197511484,0.08871666769060517
1893,0.6082266296458411,0.9220121393043865,0.08869042991810909
1894,0.6083137426662452,0.9220400667864578,0.08866640236191911
1895,0.608375111221679,0.9220547626295073,0.08865619726759515
1896,0.6083509479556305,0.9220251941628695,0.08864272503864519
1897,0.6084352154806679,0.922020790021621,0.08862538274784112
1898,0.6084350105852684,0.9219933506075589,0.08861251072369722
1899,0.6085174957974827,0.9220163013331582,0.08854660402146888
1900,0.6085409515951699,0.9220064131521524,0.08853509953914639
1901,0.6086464090303797,0.9220197754550505,0.0885023714575759
1902,0.6086675356718043,0.9220246253907013,0.0885086464441294
1903,0.6086738145765002,0.9220200021953069,0.08850068892605513
1904,0.6087463407034457,0.9220589438735548,0.08847257637861833
1905,0.6087942207724353,0.9220465692358405,0.08842517173545308
1906,0.6088345932861096,0.9220369039520357,0.08840854788222671
1907,0.6088128975389594,0.9220343944369962,0.08840088397658878
1908,0.6088327063005297,0.9220398169878704,0.08839061304440582
1909,0.6088328136528217,0.9220566380404402,0.08837587998725224
1910,0.6088378163463634,0.9220713876862624,0.08836642202325803
1911,0.6087774652181459,0.9220412619766221,0.08835948934732574
1912,0.6087129658175227,0.9220413772682778,0.08833644290845317
1913,0.6087145757961423,0.9220326958066019,0.08832944618254901
1914,0.6087616362025113,0.9220227691950442,0.08831582085309399
1915,0.6087596279562504,0.9220136150375798,0.08830230657511877
1916,0.6087709311730892,0.9220057060299972,0.08825299516248127
1917,0.6087577343108431,0.9219897573509556,0.08827779193264282
1918,0.6087589607024712,0.9219901608717507,0.08827136052110085
1919,0.6088281903010588,0.9220072278798528,0.08825229261821704
1920,0.6090629230559168,0.9221418616323505,0.08811085782341546
1921,0.6090512013773818,0.9221374651772122,0.0881048789822985
1922,0.6090385728894794,0.9221578948586062,0.0880751344229523
1923,0.6090390285817231,0.9221577103919572,0.08807671501328583
1924,0.6090526222925942,0.9221536021659582,0.08807561932456233
1925,0.6089874151106904,0.9221686630992507,0.0880631020403945
1926,0.6091711075916448,0.9222103295036289,0.08802997940510406
1927,0.6091201404680454,0.9222138651144044,0.08803461602963991
1928,0.6091199170435697,0.9222069937317233,0.08801902177487417
1929,0.6090334653789757,0.9221904839666238,0.08800439145120352
1930,0.6090355027310167,0.9221895962208748,0.08799208061116363
1931,0.609057277783784,0.9221891927000798,0.08799324050035562
1932,0.6090827424933677,0.9222102872300219,0.08797931889306651
1933,0.6091021992938431,0.9222084886801926,0.0879779170706739
1934,0.6091011284184172,0.9222060867706984,0.08797536125910578
1935,0.6090871610977442,0.9222073741941872,0.08797809239675662
1936,0.6091705014143847,0.9222127621575646,0.08796444338938454
1937,0.6091052494521385,0.92219544150782,0.08796594921296219
1938,0.609067504042331,0.9221925899608684,0.08796409560370853
1939,0.6090294803780363,0.9221845310741333,0.08796271160187825
1940,0.60906906207763,0.9221678176271088,0.08794084994267287
1941,0.609129987926562,0.9221886777306842,0.08791176899630705
1942,0.6090440917201875,0.9222076662663817,0.08789922838787655
1943,0.609039959737594,0.9221907376082664,0.08790584229049543
1944,0.6090476896092272,0.9222012291489372,0.08792058338314354
1945,0.6090572582161023,0.9221994767157702,0.08790555808727456
1946,0.6090552907149702,0.9222072473733659,0.08790046349927119
1947,0.6090252125631836,0.9221957720105664,0.08789688544572749
1948,0.6090315327364834,0.9221999378823931,0.08789857147674397
1949,0.6090315327364834,0.9221999378823931,0.08790798496552187
1950,0.6090390727968502,0.9222008602156389,0.08789061122221069
1951,0.6090274331351136,0.9222211400178805,0.08776029981860514
1952,0.6091173580010816,0.9222248831536363,0.08772065018670035
1953,0.6091777367670365,0.9222578411949522,0.08768950034971948
1954,0.6092326648918316,0.9222676063981919,0.08768528346339603
1955,0.6092245890957158,0.9222637018541181,0.08768797669121524
1956,0.6092595077220211,0.9222740857892435,0.08767358757663642
1957,0.6092500307683656,0.9222774984222529,0.08764499180779513
1958,0.6091805883010213,0.9222503395512198,0.08763075303886521
1959,0.6091931197948116,0.9222544170327772,0.08759820508898004
1960,0.6092477723475777,0.9222639247513191,0.08758822945681406
1961,0.6092819474006602,0.9223012830908285,0.08757407604471476
1962,0.6092647890349127,0.9222954877636008,0.0875769815271674
1963,0.6092026440338615,0.9223173432184706,0.08756689968736321
1964,0.6091758920547616,0.9223209710625707,0.08755736642327686
1965,0.6092194908623383,0.9223354555375847,0.08755695253001228
1966,0.6092087308073862,0.9223313780560273,0.08757219664668942
1967,0.6090598255173927,0.9223287647784976,0.08757573343031369
1968,0.6091058956842065,0.9223356323181234,0.08755732237110458
1969,0.6090619090229449,0.9223113326801523,0.08757174986172814
1970,0.6090929627543301,0.9223200871598768,0.08755686239715342
1971,0.6090855554109069,0.9223202639404157,0.08754846559811758
1972,0.6091963887709924,0.9223082582359997,0.08753117840468613
1973,0.60923295984065,0.9222865372880615,0.08750425399992419
1974,0.6092932304735591,0.9222904495182458,0.08748483313558643
1975,0.6092782164253469,0.9222725408810568,0.08747813625914488
1976,0.6093603554650189,0.9222643782318317,0.08744797291316055
1977,0.6092874029726285,0.9222576182977511,0.0874284585874006
1978,0.6093231757210548,0.9222454089114102,0.0873878092139096
1979,0.6094154023935218,0.9222593861031388,0.08735259942947422
1980,0.6093661563927003,0.9222221238400093,0.08734894981300692
1981,0.6093797599051657,0.9222275963506009,0.08734296359514013
1982,0.6093872092058845,0.922248348848631,0.0873112700963847
1983,0.6092943957275392,0.9222247486467047,0.08732203564920564
1984,0.6093838875681935,0.9222382762009761,0.08730397989359644
1985,0.6093864389255014,0.9222476186681448,0.0872943275702116
1986,0.6093084621039296,0.9222252751452658,0.0873047295420647
1987,0.6092284453143265,0.9221893963820049,0.08729106996021174
1988,0.6093184849175328,0.9222345599666066,0.08724846769803322
1989,0.6093184849175328,0.9222345599666066,0.08726258631302121
1990,0.6093274575364519,0.9222257708993854,0.08724910281376526
1991,0.6092534145094132,0.9222236956495824,0.08724506898812381
1992,0.6092439550721205,0.9222233228732288,0.08724859748723703
1993,0.6092378882795069,0.9222252174994379,0.08725491245037872
1994,0.6092654572058,0.9222634328402547,0.08723470808741715
1995,0.6093473684251428,0.9222875326393559,0.08720457743103574
1996,0.6093473684251428,0.9222875326393559,0.0871990779600513
1997,0.6094314651328067,0.9222890660183771,0.08717688914553429
1998,0.6093304090891123,0.9222407165410222,0.08718715876276181
1999,0.6093280115232913,0.9222421999603259,0.087182623872263
2000,0.6094286913985322,0.9222796197887182,0.08716029650987549
2001,0.6093937449103013,0.9222812338718983,0.08714793700105594
2002,0.6093503672175519,0.9222622069056489,0.08715252829399117
2003,0.6093759826655405,0.9222708076631658,0.08714326011676224
2004,0.6093109771222754,0.9222582869893543,0.08713142698121297
2005,0.6090059806172942,0.922200518183727,0.08715101787817187
2006,0.6090031172989686,0.9221890274487066,0.08714066024480292
2007,0.6090421282586169,0.9221968788104613,0.0871184831257357
2008,0.6090091596424191,0.9221852919990612,0.08711350511951048
2009,0.6089574777518635,0.9221670643882914,0.08710292174374738
2010,0.6090106043295991,0.9221336336511871,0.0870911518226664
2011,0.6090562038571089,0.9221325614387889,0.08707557056976915
2012,0.6092158301021702,0.9221441136626922,0.08703314902202082
2013,0.6092128126655861,0.9221318581596889,0.08702214354956482
2014,0.6092280255263192,0.9221275616239857,0.08700939908227807
2015,0.6092664711101536,0.9221281034947676,0.08700832594792153
2016,0.6094301198230645,0.9221499358913062,0.08697452342482793
2017,0.6095535630357397,0.9221730557113338,0.08694216872093977
2018,0.6095664846911969,0.9221733862140802,0.086939900304677
2019,0.6095836370187846,0.9221654426190009,0.0869265650152802
2020,0.6095967229030057,0.9221506468565165,0.08691507934299922
2021,0.6095839660831366,0.9221391714937169,0.08690813596363152
2022,0.6096414498544177,0.9221458315083625,0.08689070755992127
2023,0.6095623257711041,0.922112781233722,0.08689335087982328
2024,0.6095623257711041,0.922112781233722,0.0868939562410597
2025,0.6095832998683267,0.9221364083370348,0.08686183469385281
2026,0.6096695603980251,0.9221185304442874,0.08684409839447045
2027,0.609625489130623,0.9220948841256987,0.08683178737552985
2028,0.6095980597568686,0.922102789290226,0.08682632858234694
2029,0.6095946323451661,0.9220985427142403,0.086817127035243
2030,0.6095858099891002,0.9221054217830317,0.0868184129895328
2031,0.6095868269692721,0.9221069474759425,0.08681491664162654
2032,0.609612292976503,0.9221242950270735,0.08678313354715449
2033,0.6096047638767432,0.9221200330788669,0.08677402427269537
2034,0.6096169212380719,0.9221249022297937,0.08678422548095557
2035,0.6097313829126536,0.9221411929407473,0.08675627397230805
2036,0.6097595977100633,0.9221396826200573,0.08674683942889076
2037,0.6098090311030573,0.9221477453498474,0.08673909826073699
2038,0.6098639752974669,0.9221574836517009,0.08673331286476804
2039,0.6100458796314593,0.9221842313158285,0.0867231125333696
2040,0.6100707443377266,0.9222247678619806,0.08669879647833091
2041,0.6100028043551445,0.9222095839509219,0.08668904836127181
2042,0.6100430749814467,0.9222088307121046,0.08667681840255856
2043,0.6100191661836628,0.9222021207377414,0.08667055226418822
2044,0.610030285340772,0.9221890120764858,0.08666165271977806
2045,0.610127964693181,0.922229471761534,0.08662092981085447
2046,0.6101692786414142,0.9222323963265342,0.0865985833349426
2047,0.6101935501571673,0.9222335723014226,0.08659762053897425
2048,0.610302496558538,0.9222781478985801,0.08657458230582134
2049,0.6103204280162,0.9222671951912865,0.08656589337084164
2050,0.6103423624077756,0.9222497477207204,0.08655675688008081
2051,0.61038139491059,0.9222683673231197,0.0865374227196789
2052,0.6103853058787984,0.9222993884646195,0.08651814819717818
2053,0.610261808294723,0.9222618571876265,0.08649806730235249
2054,0.6102596366647839,0.9222556890840454,0.08648271052602483
2055,0.6103101391427819,0.9222867717144282,0.08645590521268424
2056,0.610364343643499,0.9222888661795071,0.08643907884963364
2057,0.6104505264265432,0.9223115632634638,0.08641043498571517
2058,0.6104827289012417,0.9223136077688252,0.08640121634127791
2059,0.6104787834378116,0.9223173585906914,0.08640104049226725
2060,0.610557601727132,0.9223402708857387,0.08639541760562593
2061,0.610557601727132,0.9223402708857387,0.08640258795833591
2062,0.6105469718282512,0.9223397981899503,0.08640736619436544
2063,0.6105088452987083,0.9223437795951278,0.08642198762054697
2064,0.6104995046746281,0.922344932511685,0.08643316017120474
2065,0.6105024698662725,0.9223466772587416,0.08644294864227253
2066,0.6104458011041249,0.9223388105247662,0.08641825211628054
2067,0.6104356115898925,0.9223494212001478,0.08641040224832042
2068,0.6104348596714712,0.922349040737684,0.0864200096369508
2069,0.6104434562589413,0.9223621532419948,0.08640087674647165
2070,0.6103135678984892,0.9223530682595239,0.08642506494131612
2071,0.6102769145691144,0.9223761650212203,0.08641671332177651
2072,0.6102844211331829,0.9223908685503801,0.08639744310165072
2073,0.6103401486435119,0.9223549513565673,0.0862842066574681
2074,0.6104146394800303,0.9223575146743795,0.08626009744666441
2075,0.6104173615460085,0.9223244567136287,0.08626152997309072
2076,0.610433894000676,0.9223387836233798,0.08625196361775639
2077,0.6104912830744208,0.9223373924374008,0.08623197876497529
2078,0.6105015044055395,0.9223325232864741,0.08623795870283396
2079,0.6105108379256434,0.9223001109589953,0.0862384802259937
2080,0.6105027918473998,0.9223061522417552,0.08622370551498154
2081,0.6105320727436864,0.9222847156799011,0.08620497844023442
2082,0.6105375621127159,0.9222868793199736,0.08620372324686949
2083,0.6106069850859138,0.9223050070113084,0.08619142457001648
2084,0.6105927934797919,0.9223116708690091,0.08619131897400863
2085,0.610645971542937,0.9223436604604169,0.08616852411090425
2086,0.6106723195667115,0.9223279116202452,0.08615293061476224
2087,0.6106505249608364,0.9223152564395021,0.08614165586722752
2088,0.6106573273633895,0.9223323810934321,0.08611048047367671
2089,0.6106756650921297,0.9223464274601543,0.08609934139085848
2090,0.6107054154150168,0.9223287032896145,0.08609003363897011
2091,0.6107385991711968,0.9223241761705998,0.08607776390706527
2092,0.610652706416311,0.9223403285315666,0.08605894432542982
2093,0.6107005638743873,0.9223692129343802,0.0860500964250433
2094,0.6107136101068982,0.9223816836484743,0.08604570416321718
2095,0.6107910088671286,0.9224534565472168,0.08601768712893894
2096,0.6107960454712711,0.9224382265194958,0.086008940826849
2097,0.6108164838235846,0.922455497209523,0.08599701156762062
2098,0.6109356541147586,0.9224809536071066,0.08595330275852961
2099,0.6109098618774612,0.922443406957893,0.08593903161693223
2100,0.6109903811785862,0.922455858456711,0.08591523614615153
2101,0.6110005087615323,0.9224577761412511,0.08589779358096
2102,0.6110751296967388,0.9224520346167961,0.08586071129443505
2103,0.6111011207171528,0.9224518078765399,0.08584886239313479
2104,0.6113764879565788,0.9224527071514546,0.08583968306010686
2105,0.6114172810272129,0.9224567923191224,0.08581562103314616
2106,0.6114052955903269,0.9224393832791082,0.08581640132952756
2107,0.6114424075078305,0.9224413701386418,0.08581075508687142
2108,0.6114292469167457,0.922422938845947,0.08578288384606482
2109,0.6114314927391208,0.9224183156505525,0.08579002922234931
2110,0.6115077769166777,0.9224282960648829,0.08577630736711755
2111,0.6115473854466807,0.9224039041935872,0.08579476903401861
2112,0.6115790133640463,0.9223745701533161,0.08579135083931544
2113,0.6115985246325696,0.9223714534355565,0.08577755547818029
2114,0.6116488779786102,0.9223938123306562,0.08576116760518454
2115,0.6116488779786102,0.9223938123306562,0.08575488694607139
2116,0.6116534878460878,0.9223828942108593,0.0857583319819677
2117,0.6116812335779298,0.9223968406581465,0.08575774028551858
2118,0.6116669888524766,0.922402812765913,0.0857449519544587
2119,0.6116832711898667,0.922377852122449,0.0857427043567608
2120,0.611718702903962,0.9223858610494666,0.0857369597930798
2121,0.6117689234640689,0.9223577952174085,0.08571349595800568
2122,0.6117721267392197,0.9223447288297599,0.0857047297509503
2123,0.6117828746880495,0.922285357470118,0.08572600896715488
2124,0.611735100857562,0.9223227042804617,0.08570639813975242
2125,0.6117765478861513,0.9223379535234586,0.08569079250769876
2126,0.6117765478861513,0.9223379535234586,0.08569048466180312
2127,0.611876647312914,0.9223420463772368,0.08566749961974238
2128,0.6118685451141638,0.9223603393199448,0.08565558098283405
2129,0.6118089494685821,0.9223407166801408,0.08565883543176213
2130,0.6118702963803174,0.9223586445326056,0.08565565248287733
2131,0.6118284592801504,0.9222994537965576,0.08565876020548718
2132,0.6120245965840736,0.922324806431651,0.08560179918468139
2133,0.6120218446083984,0.9223348752362509,0.085577588909526
2134,0.6120038216228652,0.9223160865394232,0.08559417907466087
2135,0.6120270453915257,0.9222995806173789,0.08559014312942544
2136,0.6120661033100474,0.922292490180552,0.08558231993095948
2137,0.6121284549354166,0.9223043613780363,0.08555468227534893
2138,0.6120885743846719,0.9222907300612747,0.08555005303980824
2139,0.6121273858266207,0.922327926992466,0.08552536827998224
2140,0.612185865574823,0.9223156445880764,0.08550729006571987
2141,0.6121784344448423,0.9223147875867688,0.08548535769010855
2142,0.6121820547216468,0.9223095418164334,0.08547883132234022
2143,0.6121677938213519,0.9222863105478053,0.08547835138034501
2144,0.6122946423450221,0.9223262206759613,0.0854270173297581
2145,0.6123181703420782,0.9223177121517689,0.08542269623921038
2146,0.612302089823928,0.9223262475773476,0.08541608985629322
2147,0.6123290018079779,0.9223222507999492,0.085404853327757
2148,0.6122745453107044,0.9223166322532603,0.08541014775740498
2149,0.6122871245451916,0.922350232084793,0.08539153038852908
2150,0.6123324889607463,0.9223808074318908,0.08536656529192187
2151,0.6124246094948765,0.9224109561998622,0.0853401315992005
2152,0.6124580526814842,0.9224302598660854,0.0853139079992308
2153,0.6124580526814842,0.9224302598660854,0.08531886025153983
2154,0.612480729569944,0.922449713411461,0.08530694548052944
2155,0.6125576291682948,0.9225194571770627,0.08528018205507804
2156,0.6125186926483837,0.9224734903939261,0.08528240111043332
2157,0.6125054143884754,0.9224628489741029,0.08529103461531704
2158,0.6124531777574895,0.9224814186167847,0.08528061247834694
2159,0.6125330723614696,0.9224851271650437,0.08526243808510728
2160,0.6125453752184497,0.9225818722364157,0.08517972533755182
2161,0.6125681743701035,0.9225889319288012,0.08517738662146142
2162,0.6124934079030502,0.9225938164519486,0.08516688198159035
2163,0.6124861455902817,0.9226123668793544,0.08515953657909724
2164,0.612464107160108,0.922614273034729,0.08515775288664817
2165,0.6124913685748798,0.9226429729708936,0.08514445399069191
2166,0.6124854201113945,0.9226390299962679,0.08513622685681363
2167,0.6124504826356455,0.9226357864576868,0.08513636412009815
2168,0.6124774156129443,0.9226584297388708,0.08509509087925514
2169,0.6124947967630828,0.922633311530144,0.08506306413576493
2170,0.6125801023570159,0.9226724492042067,0.08504218070566966
2171,0.6126773078518051,0.9226921756065007,0.08502394648116049
2172,0.6126162814813142,0.9226653933548764,0.08503300744551393
2173,0.6126797404480664,0.9226825026365857,0.08501469940332462
2174,0.6126995027510935,0.9226786672675052,0.08500827429859446
2175,0.6127042409777549,0.922693528361928,0.08500145175076107
2176,0.6127752109158149,0.9227156643598267,0.08498939685407178
2177,0.6127258649239757,0.9227175359277046,0.08498531624319752
2178,0.6127366997640764,0.9227087814479801,0.0849854233028512
2179,0.6127893525259148,0.9227080896980457,0.08497213095533478
2180,0.6127505531076304,0.9227136851864034,0.08497082728478121
2181,0.6126668826656712,0.9227210869107009,0.08497209890751878
2182,0.612656245863578,0.9227257562227575,0.08497458598930267
2183,0.6126963845860836,0.9227330849290064,0.08496287689908823
2184,0.6127338109082315,0.9227344799580406,0.08495634366969124
2185,0.6127628551756408,0.9227377350257872,0.08494262461996792
2186,0.6127627295033863,0.922696268460279,0.08493894567910554
2187,0.6127385891691141,0.9226994274516458,0.08492819520843463
2188,0.6127420014257873,0.92271694025415,0.0849273499382265
2189,0.6127143988779716,0.9226704123849555,0.08493260488180765
2190,0.6126792005400925,0.9226271587987837,0.08492605134657752
2191,0.6126880853476168,0.9226407824294348,0.08487734202899105
2192,0.612716634595035,0.9226556819544094,0.08486698244670082
2193,0.6126983619766088,0.9226333653329167,0.08489365361901693
2194,0.6126868251140479,0.9226666615630894,0.08487231419374242
2195,0.6126768645709093,0.9226680873365651,0.08487011942195044
2196,0.6127340205631917,0.922666088947866,0.0848518109628178
2197,0.6127300418887589,0.9226655739784704,0.08486167435510537
2198,0.6127688051685268,0.9226572153334305,0.08485090465265285
2199,0.6127457343577789,0.9227113639810682,0.08483691560250056
2200,0.6127380962358994,0.9227100112256411,0.08482998445499981
2201,0.6127711092683518,0.9227035241484791,0.08482653096021067
2202,0.6127528435772231,0.9227011376112056,0.08484442705525273
2203,0.6127511394958103,0.9226858153501601,0.08485212641199867
2204,0.6127495214002968,0.922693086410581,0.08485232338048525
2205,0.612745548809479,0.9226737174124195,0.08484678629254544
2206,0.612747616328319,0.9226854233585307,0.08483780565803381
2207,0.6127780179206586,0.922721352081509,0.08481337528441892
2208,0.6127926758424991,0.9227328889331916,0.0848109404356442
2209,0.6128176786700552,0.9227283272266802,0.08480532020889678
2210,0.6128256706045379,0.9227205988426916,0.08479625714832266
2211,0.6128714450000347,0.9227238961840453,0.08476840238629384
2212,0.6129636334942048,0.9227322279276988,0.08473982016350075
2213,0.6130387573338683,0.922777399198411,0.08470260094485016
2214,0.6130857920637289,0.9227803583509078,0.08468815411200788
2215,0.6131236415927748,0.9227901850430306,0.08467995474418656
2216,0.6130855747975877,0.9228138505768952,0.08467139098701489
2217,0.6131662435576823,0.9228412323451294,0.08464715871899858
2218,0.6132502109552632,0.9228543141049986,0.08463194138452061
2219,0.6132886413097998,0.9228906770932136,0.084598675413099
2220,0.6132691508148641,0.9228851277215181,0.08459111529385663
2221,0.6132669106319417,0.922882483699547,0.08459772829079835
2222,0.6132288441809665,0.922875131934967,0.08459100719075212
2223,0.6132449325095162,0.9228534186731392,0.0845771542932599
2224,0.6133045575896672,0.9228475349556422,0.08455583508872876
2225,0.6133619452963082,0.9228803046872538,0.08450280890671212
2226,0.6133584518911733,0.9228814652899213,0.0845094153940865
2227,0.6133370555170694,0.9228529190759645,0.08456644040280119
2228,0.6133798177971911,0.9228589065559516,0.08456301549254142
2229,0.6133287344041795,0.9228237925606737,0.08456627763166409
2230,0.613330005760318,0.9228265826187422,0.08456417882885842
2231,0.613280311995701,0.9227893664722749,0.08456860278090594
2232,0.6133387284815089,0.9228076594149829,0.08455974357772039
2233,0.6133333163171383,0.9228197996263305,0.08455035105097414
2234,0.6133281354510505,0.9228195805721846,0.08455906562112603
2235,0.6133553395742535,0.9228423160866931,0.08454641709615612
2236,0.6132920136580889,0.9228139274379991,0.08454133802603049
2237,0.6132230955858637,0.9228213906511795,0.08450928830572696
2238,0.6132183695685723,0.9228252183341494,0.08449532093090426
2239,0.6133231045373628,0.9228281928588671,0.08447109492933233
2240,0.6133452656130995,0.9228219555802926,0.08446411029341684
2241,0.6133897229843088,0.9228163908363763,0.08444604018912434
2242,0.6133478783488363,0.9227892511806193,0.08444847824062364
2243,0.6133478783488363,0.9227892511806193,0.08444935374541464
2244,0.6133422312872872,0.9227878292501986,0.0844479054211444
2245,0.6133060534920932,0.9227898161097322,0.08444305500371621
2246,0.6133356228594907,0.9228276433019749,0.0844236919860003
2247,0.6133725274387,0.9228263904659827,0.08439931396148194
2248,0.6133794222382589,0.9228208948970599,0.08439448833531596
2249,0.6133719982675132,0.9228122057492736,0.08438745178394998
2250,0.613407937015025,0.9228250415536107,0.08437751439067438
2251,0.613459746712218,0.9228373008996692,0.08435653448710226
2252,0.6135146815827006,0.9228331734583943,0.08434934581731883
2253,0.6135873257578659,0.9227972063048641,0.08431587343354596
2254,0.6136021569774143,0.9227758850346658,0.08430603769303492
2255,0.6136050252512634,0.9227710812156773,0.08430781843607263
2256,0.6136534242983244,0.9227847432768804,0.08428362412243488
2257,0.6136638980043766,0.9227831868395282,0.08428604609672183
2258,0.6137279193293735,0.9227835673019921,0.0842759136877278
2259,0.6137463802123704,0.9227671882007691,0.08426362834201383
2260,0.6137261008452454,0.9227752816750008,0.08426924789739058
2261,0.6137035549084789,0.9227662466522474,0.08425962264147421
2262,0.6137657118485884,0.9227878792099161,0.08424099847397203
2263,0.6138245685420026,0.9228020677696804,0.08422596678872246
2264,0.6138951560979448,0.9227662082216954,0.08420218744972295
2265,0.6138564128060611,0.9227800970231549,0.08397427762052555
2266,0.6139609545625851,0.9227879483849095,0.08395830519893177
2267,0.6140062869093954,0.9227995582546408,0.08394446088564411
2268,0.614086050409992,0.9227643789274247,0.08393787638834278
2269,0.6141735561629217,0.9227595635792707,0.08392867773733792
2270,0.6144514237163988,0.9228058762373744,0.08388362941950817
2271,0.6144914937316543,0.9228329620903588,0.08386069857051401
2272,0.6144945798680511,0.9228408365104447,0.08385816919843808
2273,0.6144945798680511,0.9228408365104447,0.0838609578807492
2274,0.6145231018449733,0.9228244343508906,0.08385579402819603
2275,0.6145966768286406,0.9228396912799979,0.08384616612113878
2276,0.6145992643801419,0.9228206028248653,0.08386394130444691
2277,0.6146331721040661,0.922835221806811,0.08384785082733828
2278,0.6147163345504036,0.9228403945590977,0.08383649642476435
2279,0.6146627341302143,0.9228293342462588,0.08383087302874304
2280,0.614650908661365,0.9227981478533858,0.0838370063727006
2281,0.6146933358207058,0.9228113641201868,0.08382238647303068
2282,0.6146673742847383,0.9227909959276758,0.08380859199294068
2283,0.6146815278509976,0.9227944546773476,0.08380323383066757
2284,0.6146997890545053,0.9228117253673748,0.08378142290754054
2285,0.6147255583501396,0.9227935477163225,0.08377019903969558
2286,0.6147010772030864,0.922790999770731,0.08377648924086845
2287,0.6146721720480579,0.9227764461207236,0.08378041361037665
2288,0.6146596447390406,0.9227574191544742,0.08377980913256727
2289,0.6146688235955566,0.9227596173820434,0.0837862667716673
2290,0.6146043060327521,0.9227550518324767,0.08378214999100694
2291,0.6145617772288695,0.9227674764299084,0.08379316838604929
2292,0.6145617772288695,0.9227674764299084,0.08379538808101955
2293,0.6145398898744813,0.9227679491256969,0.08379241360913171
2294,0.6145564789662872,0.9227763385151783,0.08378500802542513
2295,0.6146183258522444,0.9227924562886483,0.08377285997734775
2296,0.6146186310186699,0.9227765652554345,0.0837603553542245
2297,0.6146640403597103,0.9227609931958016,0.08374466951379599
2298,0.6147131683522036,0.9228019870655214,0.08371459852438902
2299,0.614707115535373,0.9227958842938785,0.08371340160411574
2300,0.6148137232636629,0.9228046887333204,0.0836720653806575
2301,0.6147883572190503,0.9228124670770266,0.08366736302266183
2302,0.6148076173782245,0.9228173669723948,0.08365723347879678
2303,0.6148505101184896,0.922823757973177,0.08364611507551788
2304,0.6148333153623005,0.9228157144586627,0.08364578240743617
2305,0.6148052263201091,0.9227996927615725,0.08365038600999523
2306,0.614790202675123,0.9228276356158645,0.08364011635868941
2307,0.614881652891305,0.9228537837633823,0.08362140812704384
2308,0.614835808352681,0.9228333925125403,0.08362869694250462
2309,0.6148502755912164,0.922849164411043,0.08361578708150579
2310,0.6148276212895183,0.9228550173840986,0.08360477350416651
2311,0.6148104338095931,0.9228455135086119,0.0836049684308508
2312,0.614774689550844,0.9228234005690442,0.08360530136470457
2313,0.6147609185213051,0.9228396413202804,0.08359797579736239
2314,0.6148156837159732,0.9228344378235521,0.08358528586467025
2315,0.6148201334802387,0.9228316631377044,0.0835845886910211
2316,0.6148326998466674,0.9228374469357664,0.08357970276126842
2317,0.6151075775549778,0.9229404561870994,0.08345904256606504
2318,0.615088406089772,0.9229234468248252,0.0834612739580322
2319,0.6150701851982556,0.9229116448023343,0.08345636627084596
2320,0.6150271274531056,0.9228882060087259,0.08347929500438807
2321,0.6150364634432929,0.9229236428206399,0.08346791601114288
2322,0.615103817471883,0.9229118753856458,0.08345913953770354
2323,0.6151337053681188,0.9229016182713417,0.08342866418034067
2324,0.6151348313753764,0.9228859924089361,0.08343481837108607
2325,0.6151041118815624,0.9229155608755737,0.08342827200414514
2326,0.6151232077860787,0.922916875200449,0.08342909848167214
2327,0.6150933390339,0.9229180358031166,0.08342562042505212
2328,0.6151783262519165,0.9229501868028424,0.08340319420118435
2329,0.615159599532534,0.9229316325323814,0.0834052102518398
2330,0.6152070516663679,0.9229539683691501,0.08337352929829703
2331,0.6151873305474954,0.9229585031742752,0.08337574552045675
2332,0.6151691944233498,0.9229482921766333,0.08337084813871136
2333,0.6151410370604659,0.9229323896142541,0.08337411946659423
2334,0.6151799141254047,0.9229305833783144,0.0833750161588217
2335,0.6151799141254047,0.9229305833783144,0.08337449829334377
2336,0.6151745573653642,0.9229223938277029,0.08336857295540412
2337,0.6151595975420245,0.9229115295106786,0.08336640422410826
2338,0.6151256583742154,0.9229085127123539,0.08336921167201591
2339,0.6150965825924014,0.922873137389323,0.0833770506983867
2340,0.6150901254934301,0.9228638602540925,0.08338079359117896
2341,0.6150951778486707,0.922872776142135,0.08336915498138828
2342,0.6150680742646072,0.9228373239580003,0.08336886730778102
2343,0.6150746661199593,0.9228488031638551,0.08336570941269321
2344,0.6150745305422383,0.9228420778172713,0.0833638575123887
2345,0.6150490397063446,0.9228334386292025,0.08336861526066694
2346,0.6149922295278227,0.9227937975149099,0.08337506002399794
2347,0.6150426227120683,0.9227883864932013,0.08335366324315291
2348,0.6150835429157474,0.9227995928421375,0.08332719439994102
2349,0.6150635672246159,0.922790676954095,0.08331332645331584
2350,0.6149844676820365,0.9227718690419915,0.08331309311726334
2351,0.6150346873388826,0.9227771417137132,0.08330472045009174
2352,0.6149770278274892,0.9227408325282709,0.08330934342100686
2353,0.6149771401118345,0.9227325469012797,0.08330821419485344
2354,0.6149771401118345,0.9227325469012797,0.08330801141289533
2355,0.6150251134812755,0.9227309405042099,0.08329446632470486
2356,0.6150004907087272,0.9227207218204577,0.08328871636497644
2357,0.6149978503884204,0.9227220899481056,0.08329064990384083
2358,0.6150473105177654,0.922722481939735,0.08328139688132197
2359,0.6150613569612299,0.9227491373705381,0.08327425180478103
2360,0.6150156787133169,0.9227074017911665,0.08328384741090747
2361,0.6149496068034597,0.9227042158984134,0.08327716904017449
2362,0.6150142463542495,0.9227204758649254,0.08326230389989424
2363,0.6150701678975782,0.922706383381541,0.08324528911658621
2364,0.6150306420521184,0.9226932977786165,0.08320750640907769
2365,0.6150278338694758,0.9226957265894971,0.08320751799398346
2366,0.6150219957942594,0.9227049652941756,0.08319933271943411
2367,0.6150425575982157,0.9227185812387164,0.08318488384039303
2368,0.615046944380522,0.9227120980046096,0.08318605867781041
2369,0.6149937213349428,0.9227147996724088,0.08318262852534192
2370,0.6149900808377995,0.9227235272507469,0.08318147135101553
2371,0.6149551383304882,0.9227130049656347,0.08317878615228705
2372,0.615000119634991,0.9226693517017229,0.08316647545272156
2373,0.6150739435927373,0.9227056954746619,0.08314355745451368
2374,0.6149500493524253,0.9226777564634251,0.08311354207938627
2375,0.6148676751754366,0.9227098728756542,0.08311076346187408
2376,0.6148170354388908,0.9226996119182949,0.08310822282941842
2377,0.6148215807107399,0.9227020445722306,0.08310366779426943
2378,0.6148772843420107,0.9227289229002348,0.08308664870718789
2379,0.6148826611770355,0.9227297952737631,0.08307891939112289
2380,0.6148777525435708,0.9227275355573109,0.08307850473535484
2381,0.6148579709462197,0.9227050075677827,0.08308332525156253
2382,0.6149197325804997,0.9227205142954774,0.08307116001111776
2383,0.6150307494078556,0.9227403636755377,0.08305519580106223
2384,0.6150473644586189,0.9227636641191592,0.08304375647906069
2385,0.6150456033274578,0.9227633028719713,0.08304143560362491
2386,0.6150856672841337,0.9227529919548945,0.08303581729409405
2387,0.6151509467494268,0.9227507783551046,0.08302370139703587
2388,0.6151001588707263,0.9227203797885457,0.08302432059902336
2389,0.6151155050069536,0.9227257408505368,0.08302141163944836
2390,0.615135037308984,0.9227391531131526,0.08301731518392859
2391,0.6151830909495888,0.9227561355740405,0.08300375207081075
2392,0.615241626953614,0.9227671689854932,0.08299189068603137
2393,0.615315730295462,0.9227854926726426,0.08297651409214461
2394,0.6153390896816372,0.9227745438084042,0.08297437214097089
2395,0.6154095279145873,0.9227845357519001,0.08296457045834539
2396,0.6153905870855654,0.9228018141280377,0.08295485937736854
2397,0.6154137947746027,0.9228043121139118,0.08294653043451013
2398,0.6154662996341277,0.9227720880961373,0.0829373290217118
2399,0.6155272681523056,0.9227900274777677,0.08293019117099189
2400,0.615515227709914,0.9227806581092127,0.08293593137696265
2401,0.6155750941196607,0.9227859038795481,0.08289806907272237
2402,0.6155660340077256,0.9227972946951335,0.08289330344082851
2403,0.6155791010308451,0.9228089237801407,0.08288760304135123
2404,0.6156310633678588,0.9228196420610677,0.08288034190825402
2405,0.615568729409287,0.9228149304754039,0.0828904768128753
2406,0.6155469532601511,0.9228237541301219,0.08290275504947901
2407,0.6155614577632351,0.922802282980771,0.08289002492865731
2408,0.6156571717067972,0.92283016434618,0.08287291259759583
2409,0.6156347258300057,0.922801718051658,0.08286448714276297
2410,0.6156285921668464,0.9228664005135736,0.08282742227779807
2411,0.6155263356313988,0.9229002616728593,0.08284611765443507
2412,0.6155788361671094,0.922911214380153,0.08283732707633759
2413,0.6155527508977766,0.9229111029315524,0.082834989589985
2414,0.615521150202831,0.9229252146302129,0.08283422616198023
2415,0.6155983829362303,0.9229671269901233,0.08282138706693785
2416,0.6155977734342712,0.922958337922902,0.08281838361693522
2417,0.6157158172019263,0.9229950467860841,0.08277804987312753
2418,0.6156419771671651,0.9229910000489682,0.08278793224828718
2419,0.6156000257397798,0.9229785293348742,0.08279578123335654
2420,0.6156375899191181,0.9229435844340247,0.08277853160037829
2421,0.6156081255375654,0.9229152918617104,0.08277525541684444
2422,0.6156893650912623,0.922946754954557,0.08275762309680465
2423,0.6157315406978152,0.9229332773600031,0.08275452779157227
2424,0.6157315406978152,0.9229332773600031,0.08275456277585337
2425,0.6157396101144542,0.9228807043649936,0.08276406059155508
2426,0.615766276580461,0.9228565584492301,0.08275214888643793
2427,0.6157681189352173,0.9228507362206161,0.0827549721021134
2428,0.6157564615909125,0.922851439499716,0.08275161031412723
2429,0.6157592162597242,0.9228306754725204,0.08274423009301382
2430,0.6157592162597242,0.9228306754725204,0.08274068195557098
2431,0.6157352514587967,0.9228148151837481,0.08274029583826013
2432,0.6157898630084684,0.9227796281704216,0.08273395205231295
2433,0.6157757838371564,0.9228109529132814,0.08272383774405802
2434,0.6157848476262553,0.9228038701625648,0.08272818303236038
2435,0.6158143397546509,0.9228007034850877,0.08272145382126998
2436,0.6158285864857866,0.9228045657555544,0.08271404812816124
2437,0.615861821306809,0.9228242345120207,0.08269614533073463
2438,0.6158712372031361,0.9228649670539875,0.08268517015731805
2439,0.6159625828392845,0.9228898047196853,0.08266677305141973
2440,0.6160091779499786,0.9228659508761162,0.08266009735305224
2441,0.6160629644364035,0.9228730028823913,0.08264245915783604
2442,0.6160505433333758,0.9228602593113788,0.08264561522078075
2443,0.6160746433246547,0.92282603306185,0.08264369234010138
2444,0.6161337913740866,0.9228541834411222,0.08263072221165364
2445,0.6161396755631524,0.922866953913521,0.08262429601763016
2446,0.6160462582417356,0.9228503480720418,0.0826534753333574
2447,0.616066483859657,0.9228650746595328,0.08264538850382196
2448,0.6160841010800653,0.9228663351816353,0.08264097476933513
2449,0.6160871873067817,0.9228587374615232,0.08264489539908353
2450,0.6160286236621119,0.9228459593030139,0.08265206449731807
2451,0.6158886321531065,0.9228199456624278,0.08266156928697324
2452,0.6159064774302255,0.9227997042907381,0.0826549208020271
2453,0.6159120668616204,0.9227863189295087,0.08265670192397818
2454,0.6158761670192189,0.9227763884748957,0.08266321816411965
2455,0.6158447193471575,0.9227744246736933,0.08266551751348812
2456,0.615864651159058,0.9227994583352058,0.08265164710109973
2457,0.6159386881537618,0.9228150457670595,0.08263676045431405
2458,0.6160063636069119,0.9227931826260793,0.08262215659190807
2459,0.6159794464556587,0.9227958689216577,0.0826200882495985
2460,0.6159756959092654,0.9227985513741809,0.0826191605556401
2461,0.6159343504185422,0.9227771609289891,0.0826383385894888
2462,0.6159836127577107,0.9227832329561905,0.08262602640759305
2463,0.6160047591242009,0.9227896278000279,0.08261826842712618
2464,0.6160233236886895,0.9228111220077098,0.08261280847567158
2465,0.6160653294630158,0.9228070522122628,0.0826056800496748
2466,0.61614443241803,0.9228104456299963,0.08259270543495131
2467,0.616156755466017,0.9228026288557383,0.08257423171380801
2468,0.6162241605825594,0.9228211293234265,0.08256106571513616
2469,0.616326129554259,0.9228086816676637,0.08253358291629453
2470,0.6164199076962208,0.9228338575222182,0.0825087719427771
2471,0.6164638025803083,0.9228174592057193,0.08250502931057682
2472,0.6164550378025411,0.9228154685031306,0.08250124730269513
2473,0.6163836443172023,0.9227871797738714,0.08250484541949296
2474,0.6163825246280946,0.9227924024858757,0.08250373674906247
2475,0.6163752366406947,0.9227946622023278,0.08250324400828667
2476,0.6163623974754137,0.922793678380199,0.08251260824029592
2477,0.6163403885931077,0.922808024505226,0.08250158730016277
2478,0.6163018803202479,0.9228160142169676,0.08250704761467459
2479,0.6162992577285975,0.9228228971288143,0.08249962316638527
2480,0.6162918953328528,0.9228048885721905,0.08250772813522755
2481,0.6163267887907236,0.9227864342211644,0.08248181649821608
2482,0.6163424666941819,0.9227662082216954,0.08247495006357372
2483,0.6163407038304508,0.9227672612188177,0.08247312679689074
2484,0.6164756319483953,0.9228250415536107,0.08244708791093802
2485,0.6164075940318884,0.9228306485711341,0.08245795386505833
2486,0.6164273916739893,0.9228418818214565,0.08245106762512776
2487,0.6164591052133874,0.9228449793239404,0.08244474621980469
2488,0.6165041378744645,0.9228848971382067,0.08243751558842266
2489,0.6165540072083657,0.9229031747086939,0.08242175672965978
2490,0.6165787060105176,0.92289815952167,0.08241203358874008
2491,0.6166091448612618,0.922865904759454,0.08241094621019834
2492,0.6165915470641493,0.9228488492805175,0.08241250480882856
2493,0.6165657271275573,0.9228404714202015,0.08241048620290099
2494,0.6165915380265673,0.9228459055002413,0.08240310100166223
2495,0.6166229218981313,0.9228518007469039,0.08239618515655521
2496,0.6165410976939137,0.92283600579007,0.08238971178367492
2497,0.6164762040884842,0.9228070214678212,0.08239364304174458
2498,0.6165110088097016,0.9228266056770733,0.0823866373265657
2499,0.6165792379650412,0.9228372893705037,0.08236858847988951
2500,0.6164828798698953,0.9228162332711135,0.08237668209917416
2501,0.6164511483360586,0.9228136584241357,0.08237163262586912
2502,0.6163964368038818,0.9227967720396275,0.08237308678390469
2503,0.6164151336568646,0.9228129013422631,0.08236686196594972
2504,0.6164459971308601,0.9228028555959945,0.08236199469368709
2505,0.6164563959551703,0.9227995351963096,0.08235858927365983
2506,0.6164634173087687,0.9227992085366185,0.08235305781133806
2507,0.6164623863678284,0.92280568792767,0.08235247007001584
2508,0.6165001377828405,0.9227796742870839,0.08235352096345709
2509,0.6165020063935485,0.9227808771633585,0.08235523163574233
2510,0.6165056769137319,0.9227850853087924,0.08235485446630807
2511,0.61641558084261,0.9227740711126158,0.08236473311368545
2512,0.6164646126808392,0.9227884326098635,0.08235326664729137
2513,0.6163650963120585,0.9227582723127266,0.08236308997068763
2514,0.6163782810698699,0.9227518659397236,0.08236168821562641
2515,0.6163782810698699,0.9227518659397236,0.08235873654791277
2516,0.6164860219937792,0.9228022099627224,0.08233495199504587
2517,0.6164636750337544,0.9227950657231229,0.08234750944249525
2518,0.616506683995622,0.9227653550634431,0.08234201565985036
2519,0.616495212248463,0.922765697095355,0.08233048136680826
2520,0.6164956914514224,0.9227690174950399,0.08232845051199228
2521,0.6164908065694382,0.9227610854291262,0.08233129405042515
2522,0.6165182382929797,0.9227799433009473,0.08231331669791685
2523,0.616518884779475,0.9227809732397383,0.08231448691548826
2524,0.6164775002132343,0.9227472273721083,0.08232319043819931
2525,0.616500964813181,0.9227735599862754,0.08231029611211577
2526,0.6165045614501834,0.9227813191147055,0.08230685251465834
2527,0.6164974689870405,0.9227885555876297,0.08230152881631674
2528,0.6165078843714794,0.9228114140799043,0.08229415135296721
2529,0.6164999547936584,0.9228160872350163,0.08229622961445227
2530,0.6165762845524443,0.9228396144188941,0.08228682697668883
2531,0.6165519201709438,0.9228297454531642,0.08229005526601207
2532,0.6165377995499449,0.9228207527040179,0.0822930602657872
2533,0.6165729225647264,0.9228056149096214,0.08228609425013676
2534,0.6165558581945547,0.9228021676891154,0.08228300290375772
2535,0.6165769220496584,0.9227945007940098,0.08228031540878175
2536,0.6166140331242792,0.9227580571016358,0.08226843786570875
2537,0.6166550169662472,0.9227933094469006,0.0822557616002265
2538,0.6166960823735248,0.9227792438649025,0.08224378242375462
2539,0.6166778673176994,0.9227902695902448,0.08224580182018577
2540,0.6166778673176994,0.9227902695902448,0.08224459955355197
2541,0.6167402236128817,0.9227936168913159,0.08223199426003056
2542,0.616746503129441,0.9227922141761713,0.08223043576326855
2543,0.6168724356599432,0.9228002192601337,0.08220311570622219
2544,0.6168571548781602,0.9227929212983264,0.0822049014657354
2545,0.6168500339483141,0.922783605732544,0.08219580899289615
2546,0.6168692704538502,0.9227739750362359,0.0821843820281421
2547,0.6168998674956097,0.9227788672454939,0.08217829605459184
2548,0.6169870448205202,0.9228102573202919,0.08215992777240383
2549,0.6169783012923089,0.9228091428342866,0.0821614998171072
2550,0.617024317635807,0.9228179434306734,0.08215084066653397
2551,0.617009123321195,0.9228143232726836,0.08215001742545584
2552,0.617022897816378,0.9228158182211529,0.08215309835764148
2553,0.6170563061200522,0.9228011492794898,0.08214436196072808
2554,0.617082020355442,0.9227987281547196,0.08212780247985194
2555,0.6170745783284741,0.922812958988091,0.08212873256398502
2556,0.6171181105619654,0.922816625262743,0.08212189396503305
2557,0.617113343110204,0.9228119405784654,0.08212171538480505
2558,0.6171303508078917,0.9228262059993335,0.08211486289043092
2559,0.6171170266520222,0.9228248724591823,0.08211575796782127
2560,0.617064393122885,0.9228348874610094,0.08212361470455701
2561,0.617101384118721,0.9228395644591766,0.08211253649833763
2562,0.6171087891237859,0.9228491413527119,0.08211751242971305
2563,0.6170472393669792,0.9227856118073535,0.08212160976687678
2564,0.6170046702587851,0.9227939589232279,0.08212302666377096
2565,0.6169953828977791,0.9228040161986621,0.08212022004225998
2566,0.6170008910032688,0.9228021369446738,0.08211914440888425
2567,0.6170095882538292,0.92281152937156,0.08212020462224716
2568,0.6169651978040103,0.9227937552413028,0.08212608942921253
2569,0.616899424619943,0.9227690789839229,0.08212983769145969
2570,0.6168432611434572,0.9227521503258077,0.08213340313578585
2571,0.6168895878413588,0.9227166558680658,0.08212407109025657
2572,0.6169212897010876,0.9227328312873637,0.08211193921632375
2573,0.6169394506125815,0.9227241382965223,0.08210677085948165
2574,0.6169671006885121,0.9227195650608453,0.0821038146524495
2575,0.6169686510388467,0.9227017448139258,0.08210242117324994
2576,0.6170016926039696,0.9226953614992539,0.08209851302893932
2577,0.617056454495884,0.9226880942818882,0.08209196069575068
2578,0.6170959322447372,0.9226650052063021,0.08208953826412146
2579,0.6170933039978507,0.9226653510812693,0.08208728286410308
2580,0.6170947085659254,0.9226708543363025,0.08209011184689143
2581,0.6170898829516526,0.9226612851288775,0.08209185691936281
2582,0.6170770231585273,0.9226689942975902,0.08208653070837756
2583,0.6171243394011875,0.9226788901647064,0.08207826200389536
2584,0.6170904905052264,0.9226672841380302,0.08207710743297035
2585,0.6170904905052264,0.9226672841380302,0.08207589426373435
2586,0.6170588221674318,0.9226304522970821,0.08207001920376973
2587,0.6170570042405455,0.9226301525387772,0.08206899166527425
2588,0.617089336401413,0.9226329771843425,0.08206566662524489
2589,0.6171361818007507,0.9226255331864379,0.08205032279095838
2590,0.6170841819659919,0.9226280119570359,0.0820488719815471
2591,0.6171841148297781,0.9226425310195466,0.08203438317627139
2592,0.6172232299971754,0.9226534760407299,0.08202494098628296
2593,0.6172376793915599,0.9226730679360924,0.08201598955514136
2594,0.6172283951973913,0.9226593943457236,0.08201624041340734
2595,0.6172397394824041,0.9226867761139578,0.0820162347749961
2596,0.6172554324821977,0.922680596481211,0.08201276722226503
2597,0.617334103957999,0.9226578609667025,0.082004647793493
2598,0.6173870733303173,0.92264411051523,0.0820001153901917
2599,0.6173848874215577,0.9226881211832746,0.08198681170148046
2600,0.617411726368132,0.9226759079538783,0.08198249120178362
2601,0.6174645524148563,0.9226596941040285,0.08197058731854426
2602,0.6174439368884655,0.9226508935076417,0.08198033919198876
2603,0.6174314522014653,0.922639295167076,0.08198339223773822
2604,0.6174904951696407,0.9226383766768854,0.08198477537367696
2605,0.6176043560458424,0.9226751470289506,0.08190422230760264
2606,0.6176155124355844,0.9226667307380828,0.08190554894224579
2607,0.6176300364325776,0.9226337765398221,0.08190379185821499
2608,0.61764770835964,0.922634518249474,0.08189997859733547
2609,0.6176402888103154,0.9226330771037774,0.08189324324216615
2610,0.6176364942916681,0.9226255370294931,0.08188079684915262
2611,0.6176657154118441,0.922619734016155,0.08187773798407763
2612,0.6177631206584708,0.9226682026282209,0.08184855411377712
2613,0.6178193288968264,0.9226691787642393,0.08184283128312814
2614,0.6178251096264084,0.9226380384880286,0.08184402932933595
2615,0.6178217759733915,0.9226389262337777,0.08184193734383662
2616,0.617804111061648,0.9226338803023122,0.08183925844659931
2617,0.6178685746708341,0.9226409015641458,0.08183017400734058
2618,0.6178688786195613,0.9226432073972602,0.08182768313708645
2619,0.6178780288757567,0.9226486145759136,0.08182326007175343
2620,0.6178878276187417,0.9226412205377266,0.08182325015047424
2621,0.617900194289619,0.9226494600480556,0.08181901259842633
2622,0.6179305269173808,0.9226609354108551,0.08181032884635729
2623,0.6179366892687762,0.9226153567762928,0.08180696449350824
2624,0.6179401815036826,0.9226301794401636,0.08180112558548397
2625,0.6179708632747818,0.9226390107809919,0.08180011135555122
2626,0.6179822478536954,0.9226219553020554,0.08180058835625507
2627,0.6178685306744404,0.9226036585162921,0.08183788463391052
2628,0.6178607455282565,0.9226078512895053,0.08183950764709025
2629,0.6178659984975717,0.9225904153481048,0.08184414990329393
2630,0.6178698802193716,0.9225817377294842,0.08183756940259738
2631,0.6178665737931931,0.9225786017964485,0.08183519974918618
2632,0.6178621087637908,0.9225840358764882,0.08183376533050492
2633,0.6178621087637908,0.9225840358764882,0.08183158680135165
2634,0.6178621087637908,0.9225840358764882,0.08183141569536379
2635,0.6178522808724254,0.9225636523117564,0.08183340134938931
2636,0.6179192899968141,0.9225762229452854,0.08182543870494839
2637,0.6179470095775447,0.9225652318074398,0.08181479264605035
2638,0.6179463831900446,0.9225664346837146,0.08181510642289128
2639,0.6179498169264613,0.9225727449803377,0.08180911468580702
2640,0.6179488913644289,0.9225633371812307,0.0818164645933824
2641,0.6178611385647841,0.922525809747293,0.08182681644441443
2642,0.6178632007460306,0.9225356710269126,0.08182359901187906
2643,0.6179042739537478,0.922548372324318,0.08181629637281733
2644,0.617928331881737,0.9225583296803173,0.08180806789385665
2645,0.6179326736795708,0.9225581605858888,0.08181003209657575
2646,0.6179000710430811,0.9225491716797977,0.08180533089663881
2647,0.6179457173937805,0.922563160400692,0.08179623656433789
2648,0.6179548145758268,0.922576880107723,0.08179134756787622
2649,0.6179275325430542,0.9226038314537758,0.08179041625681852
2650,0.6179384396655232,0.9226042887773435,0.08178679126040307
2651,0.6179384396655232,0.9226042887773435,0.08179439378880225
2652,0.6180337352632251,0.922673986426283,0.08169976852783899
2653,0.6179867653177363,0.9226560931613148,0.08170839973773582
2654,0.618091974786947,0.922657203804265,0.08168686499343156
2655,0.6180960876879379,0.9226420006779303,0.08168500233259109
2656,0.6181101505300582,0.9226315245094803,0.08167843530145649
2657,0.6181489624727468,0.92263796546998,0.08167111894253543
2658,0.618150396912082,0.9226400599350589,0.08166716143293401
2659,0.6181888556784229,0.9226284692806037,0.08165308155901053
2660,0.6181563173254886,0.9226067406465551,0.08165767546320424
2661,0.6181313524344366,0.9225702662097397,0.08165781648447641
2662,0.6181713211696823,0.9226062602646563,0.08164223302444007
2663,0.6181870511259326,0.9226078474464501,0.08163320891728437
2664,0.6181995410798744,0.9226161599748277,0.0816309671426896
2665,0.6182460631748418,0.9226261519183236,0.08162581547691004
2666,0.6182237047170654,0.9226354521118852,0.08161891832768574
2667,0.6182138127165183,0.9226301102651702,0.0816175829859674
2668,0.6182507589599094,0.9226290841694342,0.08160813046661033
2669,0.6182674358595337,0.9226272164446114,0.08160382825473628
2670,0.6182562832805484,0.9226128280459773,0.08159187156574081
2671,0.6182666686482532,0.9226016178539859,0.08157793929432092
2672,0.618278232025553,0.9226094461574095,0.08157276360508929
2673,0.6183178114402781,0.922625252643409,0.08156288734709626
2674,0.6183041374543162,0.9226183927898935,0.08156341447489307
2675,0.6182894763938658,0.9226154144221207,0.08156089849400998
2676,0.6181856928598333,0.9226024172094656,0.0815722323673886
2677,0.6181943848338636,0.9226152837582442,0.08156810411762656
2678,0.6182431922869239,0.9226164059303599,0.08155992142896128
2679,0.6182248944949926,0.9225743321621315,0.08156313582421795
2680,0.6182068558180651,0.9225749086204101,0.08156415506589577
2681,0.6182305022618768,0.9225525112947585,0.08155707845580051
2682,0.6182390363719938,0.9225519079350935,0.08155744764556745
2683,0.6182112113384141,0.9225354250713803,0.08156083622479478
2684,0.6182274035380801,0.9225301331843827,0.0815518613283811
2685,0.6181935608786806,0.922515252874684,0.08155299816331038
2686,0.6181021890860325,0.9224608198409623,0.08156999729045052
2687,0.6180040823612779,0.9224916219283161,0.0815719871719167
2688,0.6180432584194524,0.9224961836348275,0.08156845615401927
2689,0.6180330943722426,0.9225096766016023,0.08156564209068519
2690,0.6180075705288048,0.9224980090860432,0.08156757719739417
2691,0.6180075705288048,0.9224980090860432,0.08156705642435058
2692,0.6179896455730711,0.9225107334417797,0.08156311949004509
2693,0.6179883347858967,0.9225100493779558,0.08156362270725111
2694,0.6179883347858967,0.9225100493779558,0.08157516887899836
2695,0.6179968620333433,0.9225019213162273,0.08157833118902899
2696,0.6179621282825373,0.9224883860758455,0.08158103134082491
2697,0.6179459895055935,0.9224919678032832,0.08157688641121709
2698,0.6180020165405802,0.9225216630907422,0.08153599037920779
2699,0.6180363102677572,0.9225366817504277,0.08153304788837651
2700,0.6180775021714311,0.9225538678932408,0.08152221125051251
2701,0.6180270318153308,0.9225428844415056,0.08152642063803578
2702,0.6180424797399251,0.9225500017797189,0.0815225367073607
2703,0.6180576105877144,0.9225431303970378,0.08152237971754236
2704,0.6180257579210511,0.922510618150124,0.081526342108647
2705,0.618067918478369,0.9225115366403146,0.08152283422571621
2706,0.618067918478369,0.9225115366403146,0.08152345869263826
2707,0.6180546957774401,0.9224876213078625,0.0815246779599483
2708,0.6181081356415451,0.9224843854553919,0.08151941734693509
2709,0.618098831683557,0.922489704243776,0.08151923228634045
2710,0.6181458222252523,0.9224985855443217,0.08150947567652374
2711,0.6181265154079447,0.9224998960261418,0.08150713117254713
2712,0.6181275350270975,0.9224964757070221,0.0815069604636463
2713,0.6181498777147784,0.9224961106167789,0.08149499628827447
2714,0.618115161485243,0.9225137425539941,0.08149381596188696
2715,0.6179941577347879,0.922503746767443,0.08150070924628454
2716,0.618026610593894,0.9225023940120158,0.08149484233042598
2717,0.6180530146055064,0.9224871332398533,0.08148769276401684
2718,0.6179599398603257,0.9225415547444096,0.08146878573756892
2719,0.6180026782361947,0.922510898693153,0.08146437345323947
2720,0.6179692644520395,0.9225174933758603,0.08146462022584516
2721,0.6180180593368692,0.922532515878601,0.0814534091074552
2722,0.618038481618229,0.9225187039382453,0.08144561967161393
2723,0.6180638217937587,0.9225080548323118,0.08144375300170464
2724,0.6180703342042477,0.9225149608024895,0.08143908732949344
2725,0.6180428749561401,0.9224766878158448,0.08145144948596955
2726,0.6180312989527226,0.9224448288883135,0.0814556690023788
2727,0.618003980440993,0.9224424730954816,0.08145775028290428
2728,0.6179760760411676,0.9224300369688843,0.08146366826387261
2729,0.6179471527762882,0.9224133734815771,0.08147410334633072
2730,0.6179805651306567,0.9224098570860777,0.0814796893528554
2731,0.6180219898276731,0.9224353980308754,0.08147716080844299
2732,0.6180265743729797,0.9224173395145341,0.08148264924252918
2733,0.6180971295583261,0.9224275351399551,0.08147953154643071
2734,0.6181325121983239,0.9224584794203511,0.0814671740341588
2735,0.6181230447027322,0.9224667266167904,0.08146567075863773
2736,0.6180964734682062,0.9224709232330587,0.08146390419272051
2737,0.6180825008913609,0.922476326568657,0.08146641096321769
2738,0.61807006695766,0.9224801504085717,0.08146302161788177
2739,0.6180340003635536,0.922480277229393,0.08145837350606572
2740,0.6180327104630023,0.9224527340528409,0.08145888349853057
2741,0.6180284152722225,0.9224747662882494,0.0814516047004877
2742,0.6180867358993302,0.9224878480481188,0.08144103097869386
2743,0.6180685629285928,0.9224688710415868,0.08144450259997818
2744,0.6181208371697277,0.9224724758273558,0.081433812773671
2745,0.6180912881545262,0.9224658926738141,0.0814363787497503
2746,0.6180840065825347,0.9224456743604554,0.08143995602068937
2747,0.6181197659056156,0.922464078751764,0.0814321099023666
2748,0.6180799161921752,0.9224338915532406,0.0814404191272081
2749,0.6180791089475789,0.9224279079163086,0.08144015068755159
2750,0.6180769153031879,0.9224343565629187,0.08144337252301964
2751,0.6180814896657448,0.9224329884352708,0.08144448875549519
2752,0.618086814560426,0.9224467158284122,0.08144394665981154
2753,0.6181579780434907,0.922445201664667,0.08143658561563691
2754,0.6181372036508445,0.9224329538477741,0.08143945037001418
2755,0.6182185885496818,0.9224569844718818,0.08141969573801226
2756,0.6182422593098962,0.9224551513345559,0.08141298530054616
2757,0.6182042539199635,0.9224480608977289,0.08141555209595755
2758,0.6181927221889075,0.9224607775673551,0.08141237629387875
2759,0.6181540933522199,0.9224482492074333,0.08142285490301883
2760,0.6181278237437116,0.9224653162155354,0.08142446756472402
2761,0.6181772351071896,0.9224638289531766,0.08141204749924882
2762,0.618319149872362,0.9224798429641564,0.08138894354478672
2763,0.6184435222754603,0.9225015639120946,0.08137164472921604
2764,0.6184266186578428,0.9225061832644339,0.0813732164769714
2765,0.6184266186578428,0.9225061832644339,0.08138171482506386
2766,0.6184305336227085,0.9225103837237574,0.08137030002938606
2767,0.6184985752311761,0.9225276697860054,0.08131998766208039
2768,0.6185287641726384,0.9225291954789161,0.08131490967992024
2769,0.6184807726494365,0.9225124820318915,0.08132160780141977
2770,0.6184902944549906,0.9225017253204126,0.08132161068443686
2771,0.6185326578688057,0.9225137425539941,0.08131636501396391
2772,0.6185443524955159,0.9225263669902958,0.08131428320060169
2773,0.6185438106631694,0.9225210866324637,0.0813132952308113
2774,0.6186334389224891,0.9225452363912823,0.08129652473931274
2775,0.6186592008844771,0.9225568078304617,0.08129218950814063
2776,0.6186870744609675,0.9225782789798124,0.08128649127202761
2777,0.6187305488316328,0.9225696590070196,0.08128124580082317
2778,0.6187967087309713,0.9225957994684271,0.08125964067469764
2779,0.6188419615723879,0.922608831268579,0.08124947545425533
2780,0.6189013519305172,0.9226238383990988,0.08123978707712998
2781,0.6189260573231711,0.9226162137776004,0.08123446674211406
2782,0.6188909407607314,0.9225965680794652,0.08123699892312113
2783,0.6189453671968835,0.9225938664116661,0.08123007686051449
2784,0.6189612181768923,0.9225952268532036,0.08122432107571056
2785,0.6189919837530269,0.9225981245168174,0.08122163793878538
2786,0.6190033249461839,0.9225887897357591,0.081221715320589
2787,0.619000401896119,0.9225806386156995,0.08122429576408016
2788,0.6190212238091285,0.9225848928777957,0.08121742885619745
2789,0.619092028747873,0.9226155719873835,0.08120417677851545
2790,0.6190934980700026,0.9226226624242104,0.08120328902659156
2791,0.6191837101928676,0.9226507474715444,0.08118729546992778
2792,0.6191611234278189,0.9226423888265046,0.08119310412004431
2793,0.6191877737457511,0.9226748395845353,0.08118392492682806
2794,0.6191630884029836,0.9226781522981097,0.08118418854992826
2795,0.619254366225219,0.9226897698539513,0.08117164162179981
2796,0.6192778414918089,0.922694074075765,0.08116754489554698
2797,0.6192519176801268,0.9226969409949374,0.08116311098684893
2798,0.619261729638524,0.922697721135141,0.081162334609619
2799,0.6193260932877533,0.9227270820767984,0.08114117897777015
2800,0.6194114799238679,0.9227140156891498,0.08111618011618545
2801,0.6194253564944137,0.9226872987694638,0.08111751624274248
2802,0.6194253564944137,0.9226872987694638,0.08112679229401537
2803,0.619422364666917,0.9226644287480236,0.08111638697108328
2804,0.619370139468273,0.9226415971571352,0.08112115270268054
2805,0.6193729130275325,0.9226342223342242,0.08112231243692988
2806,0.6194267453717499,0.9226241150990725,0.08111694261009741
2807,0.6194354316084322,0.9226412973988304,0.08111275132649587
2808,0.6195077673205434,0.9226790707883004,0.08109691303340821
2809,0.619482640693864,0.9226698320836217,0.08109984720972324
2810,0.619484905589833,0.9226667576394691,0.08110130974975485
2811,0.6194493118518182,0.9226530379324381,0.08110794415416826
2812,0.6194227610792326,0.9226264670488493,0.08110529242818781
2813,0.6193530227816921,0.9226142038597356,0.0811133900804045
2814,0.6192799166336009,0.9225258750792313,0.0811506254579309
2815,0.6193571420954852,0.9225435723483847,0.08113458478606349
2816,0.6193968724677044,0.9225304290996323,0.08112520477497223
2817,0.6193616776407772,0.9225056875103143,0.0811307567799467
2818,0.6193556338225906,0.9225162213245921,0.08113075781799371
2819,0.6193456394491759,0.9225167939398156,0.08113334537012415
2820,0.6193499856379584,0.9225207868741587,0.08112452255342271
2821,0.6194793151022261,0.9225091731613723,0.08110825677967749
2822,0.6195204434805653,0.9224971443986252,0.08110770463289024
2823,0.6195758452911702,0.9225162174815369,0.08109818586317041
2824,0.6197979703888771,0.9225936512005755,0.08102351597125605
2825,0.6198331381114923,0.9225919064535189,0.08101309404838904
2826,0.6198488652080305,0.9225835593376445,0.08100783117887121
2827,0.6198193724628001,0.9225770761035377,0.08101331148938624
2828,0.6198466807697446,0.9225858959152005,0.08100683773674208
2829,0.619892490924009,0.922571299991586,0.08100089988187348
2830,0.6199210811094574,0.9225827484529993,0.08099826802147224
2831,0.619975918318935,0.9225744320815665,0.08098850141422326
2832,0.6199804543666734,0.9225714306554625,0.0809882203898639
2833,0.6199707441755588,0.922547384659134,0.08099404984048471
2834,0.6200160839427459,0.9225535758210462,0.08098278991975898
2835,0.6200381158008865,0.9225470003536149,0.08098146138789603
2836,0.6200408183837038,0.9225290840303156,0.08098236853619534
2837,0.6200681769019097,0.9225660119476435,0.0809730782066103
2838,0.6200154858092017,0.9225601705037536,0.08097591795819703
2839,0.6199303965541851,0.9225403864556316,0.08098957881119549
2840,0.6199458954205509,0.9225453132523861,0.08098689794740549
2841,0.6199629520905215,0.9225454016426555,0.08098564493593256
2842,0.6199231252881449,0.9225427268762427,0.08099101637489518
2843,0.6199295107242386,0.9225469273355662,0.08099014150240427
2844,0.619952850441264,0.9225499940936085,0.08099064704363992
2845,0.6200106628696508,0.9225437030122612,0.08098081016755362
2846,0.6200112108776222,0.922537976860027,0.08098134843409628
2847,0.6200112820311842,0.9225279272707032,0.08097182214477912
2848,0.620017087383183,0.9225247836515571,0.08097043659292356
2849,0.6199899731298407,0.9225304944315706,0.08097308820294147
2850,0.6199604769908265,0.9225315781731344,0.08097458149155791
2851,0.6199516305874121,0.9225085659586522,0.08097692713759377
2852,0.6199787179252925,0.92252091369498,0.08097196184253092
2853,0.6199232420271895,0.9225209290672008,0.08097814606394005
2854,0.6199124548093149,0.9225182466146776,0.08097932280572663
2855,0.6199480647059913,0.9225024478147885,0.0809761604150575
2856,0.6199687414858052,0.9224991504734348,0.08096963548535589
2857,0.6199987640923936,0.9225150684080349,0.08096072883663398
2858,0.619985008278983,0.9225127356735341,0.08096276550590295
2859,0.6199831527399464,0.9225011450190788,0.08096524219716869
2860,0.619968198330256,0.9225037544535534,0.08096672231483638
2861,0.619944182450828,0.9225057451561421,0.08096262510049766
2862,0.6199769332266634,0.9224878826356155,0.08095994031245567
2863,0.6200155943383581,0.9224889740632897,0.08095272012791718
2864,0.620042799891324,0.922525144898745,0.08094528736581845
2865,0.6200486237473073,0.9225317049939556,0.0809424675242231
2866,0.6200106068550766,0.9225464431106122,0.08094282121366135
2867,0.6200037007380119,0.9225296374302631,0.08094665894513527
2868,0.620053771874519,0.9225433033345214,0.08093983653369653
2869,0.6200698664482254,0.9225625993146341,0.0809317088459277
2870,0.6200982272864796,0.9225583988553107,0.08093165560697423
2871,0.6201352651477496,0.9226004149777112,0.0809186246647748
2872,0.6201352651477496,0.9226004149777112,0.08092023291705583
2873,0.6201302799001087,0.9226156181040458,0.08091570505866047
2874,0.6201198446773101,0.9226186618037568,0.08091762332475531
2875,0.6200955347706676,0.9226044540287166,0.08091894060236662
2876,0.6200983654883787,0.9226355635604858,0.08091660000127744
2877,0.620161269266661,0.9226355558743754,0.08090588314416679
2878,0.6201674526309604,0.9226588217305003,0.08090324706634766
2879,0.6201861003720051,0.9226585373444162,0.0808985822392882
2880,0.6201848094079916,0.9226593366998957,0.08089826773364824
2881,0.6202786607470839,0.9226618577441009,0.08088130682713739
2882,0.6202786607470839,0.9226618577441009,0.08088081681949116
2883,0.6202519611686399,0.9226172821469434,0.08089313314166431
2884,0.6202468610171332,0.9226032549954971,0.08089421377389056
2885,0.6202743803160615,0.9226117827349654,0.0808899515968271
2886,0.6202892764264629,0.9226178970357739,0.08088446270272572
2887,0.6202926355595116,0.9226286729625288,0.08088025791496682
2888,0.6203315895610718,0.9226339648495264,0.0808771459604714
2889,0.6203042550214928,0.9226222051006427,0.08088371911572992
2890,0.6203399978162972,0.9226145958513651,0.08087902023824273
2891,0.6203506691982196,0.9226036277718507,0.08087866705003648
2892,0.6203675713727413,0.9226163636567528,0.08087088227990064
2893,0.6203765613965311,0.9225985049792813,0.08086938773416938
2894,0.6203277183100512,0.9225767417577361,0.08087436096990792
2895,0.6203232909530676,0.9225779830645627,0.080874078053817
2896,0.6203195622260118,0.9225941815421917,0.08087530514836841
2897,0.6203112543738823,0.9226215133507084,0.08087345998810834
2898,0.6202980464436105,0.9226204757258069,0.08087934953177991
2899,0.6203387702857118,0.9226316282719704,0.0808760547696648
2900,0.6203139766859557,0.9226216132701434,0.08088285305176901
2901,0.6203125331102874,0.9226296183541057,0.08088302644029675
2902,0.6202892403034675,0.9226307289970558,0.08088737948299349
2903,0.6202980405617415,0.9226302524582122,0.08088625472650443
2904,0.6203178242797764,0.9226691480197978,0.08086357655072018
2905,0.6203460933655799,0.9226608816080825,0.08086180448820392
2906,0.6203727148035708,0.9226715614584576,0.08085522131847891
2907,0.6204230301797702,0.9226852043043847,0.08084724962943939
2908,0.6204045705007523,0.9226878560124664,0.08084818037629227
2909,0.620353870405694,0.9226719995667493,0.08086209197076741
2910,0.6203367185256853,0.9226487721411765,0.08086471425372627
2911,0.6203352284674682,0.9226438376583115,0.08086457228416423
2912,0.6203352214359084,0.9226437146805454,0.08086816198659719
2913,0.6204149753117336,0.9227056493579996,0.08084525122518535
2914,0.6203854375176334,0.9226773414134645,0.0808459028471241
2915,0.6203830889366443,0.9226598939428985,0.08084723258031752
2916,0.6203933691854788,0.9226652588479447,0.08084646037754656
2917,0.6203425663143974,0.9226446869735087,0.08085531069118515
2918,0.6203471030413052,0.9226454017817741,0.08085658875063123
2919,0.6204495920255153,0.9226637869578067,0.0808459746096264
2920,0.6204030826952299,0.9226411321474572,0.08085422068869431
2921,0.6204213868231206,0.9226611852094425,0.08085519568613177
2922,0.6204143157310614,0.9226592982693439,0.08085416070521106
2923,0.6204117541808641,0.9226350332188695,0.0808577655658469
2924,0.6204495928703675,0.9226373275228184,0.08084881793612363
2925,0.6204372997069767,0.922622289647857,0.08084614428316071
2926,0.620480284714539,0.9226203335327648,0.08084251393343782
2927,0.620476776376091,0.922600272784669,0.08084601976354788
2928,0.6204851626862478,0.9225991890431053,0.0808460450950242
2929,0.6204870655427124,0.9226029321788611,0.08084590511441075
2930,0.6204820275096904,0.9225964297294783,0.0808495667628271
2931,0.6204793637560417,0.9225779945937284,0.08085325202364659
2932,0.6204745847380795,0.9225689749431956,0.08085676299277295
2933,0.6204830590041988,0.9225600821134842,0.08085984440275083
2934,0.6205698286858664,0.9225627261354554,0.080851202564944
2935,0.6205506329385194,0.922554717208438,0.08085461170237618
2936,0.6205641380399234,0.9225590867621898,0.08085254555962836
2937,0.6205389677135358,0.922540816877813,0.08086160302813554
2938,0.6204950125006814,0.9225164134773517,0.08086981767764997
2939,0.6204781413008984,0.9225337764007034,0.08086865084560009
2940,0.6204883914349201,0.9225234347391852,0.08087137433015787
2941,0.6204393575281202,0.9225102069432186,0.08088042132338255
2942,0.6204059257775888,0.9225008491038291,0.08088255959257405
2943,0.6203122063156008,0.9224858150719228,0.08089693646393455
2944,0.620290993070321,0.9224651086905551,0.08090203522292616
2945,0.6203259922517027,0.9224449019063621,0.08089280118977087
2946,0.6203788084698788,0.9224552089803837,0.08088557491379601
2947,0.6203468081889225,0.9224550860026176,0.08088712837739159
2948,0.6204195819275693,0.9224423501177155,0.08088566956970472
2949,0.6204299825675555,0.9224384071430898,0.08088642122561966
2950,0.62044841489767,0.922468994019353,0.08087659031929104
2951,0.6204407340560625,0.9224942044614043,0.080874956621867
2952,0.6204408767567193,0.9224990582401102,0.08087194034327634
2953,0.6204314302999213,0.9224952305571402,0.08087508781491716
2954,0.6204298317427813,0.9224672953889587,0.08087672960728585
2955,0.6204228706519708,0.9224724988856869,0.08087754516076609
2956,0.6204713662502401,0.9224972520041705,0.0808738322552843
2957,0.6205089250423172,0.9225230542767213,0.08086615858493505
2958,0.6204973903394911,0.9225342952131542,0.0808630723429027
2959,0.6204706171198475,0.9225088003850188,0.0808726263395919
2960,0.6204655040296844,0.9225128048485276,0.08087772666424459
2961,0.620513874485414,0.9225033586188687,0.08087160327763857
2962,0.6205111480468685,0.9224925750060035,0.08087556496710407
2963,0.620446022558913,0.9224862224357732,0.08088518975915042
2964,0.6204024921294456,0.9224770221616464,0.0808962035413245
2965,0.6203731953360653,0.9224815377514956,0.08089879499477877
2966,0.6203696916668024,0.9224797699461078,0.08089998312147595
2967,0.620375759121391,0.9224859034621923,0.08089709818328894
2968,0.6203686040555689,0.9224781789212588,0.08090041078922507
2969,0.6203821048798972,0.9224716572566002,0.08089927966520323
2970,0.6204492258577227,0.9224639865184394,0.08089015853253097
2971,0.6203870040826891,0.9224391642249623,0.08089253031023803
2972,0.6203237012673274,0.9223963372179166,0.08090486686391657
2973,0.6203276158156107,0.9224086119361958,0.08090139078169949
2974,0.6203916861628581,0.9224446521077747,0.08089052902332726
2975,0.6204231688740208,0.9224541828846478,0.0808866040647131
2976,0.6203290381113096,0.9224633485712778,0.08089596281178325
2977,0.6203740091443746,0.9224639634601083,0.08089204898114284
2978,0.6203904614923063,0.922464543761442,0.08088997222652557
2979,0.6204223336768279,0.9224671109223095,0.08088825167092076
2980,0.6205001874334128,0.922481364814012,0.08087667522534306
2981,0.6204913545726531,0.9224702737567315,0.08087704297128645
2982,0.6205063117816939,0.922501068157975,0.0808679734620428
2983,0.6205189336335057,0.9224871140245774,0.08086797068756525
2984,0.6205605051029879,0.9224758999895307,0.08086109610841226
2985,0.6205862253201586,0.9224755618006739,0.08085922628230707
2986,0.6205927380901642,0.9224692399748852,0.08085754587724697
2987,0.6206253020262296,0.9224802195835652,0.08085084630247871
2988,0.620697836620504,0.9224858496594196,0.08084258719853775
2989,0.6206794838457979,0.9224871793565156,0.08083765065698462
2990,0.6207072871453886,0.9224979744985464,0.08083041044769293
2991,0.6206872774491561,0.9224868795982107,0.08083330574311279
2992,0.6206713722393813,0.9224802464849515,0.0808352344416495
2993,0.6207015022850347,0.9224682254083149,0.08083299549306516
2994,0.6206683382850573,0.9224432839801269,0.08084024947214091
2995,0.6206824481180298,0.9224512237321509,0.08083686726081306
2996,0.6206643707231749,0.9224593095202722,0.08083797791380398
2997,0.6207476577823391,0.9224957301543151,0.08082152262359836
2998,0.6207376923907131,0.9224822141292092,0.08082433125123459
2999,0.6207301063302317,0.9224758269714821,0.08082520381369471
3000,0.6207591142536055,0.9224944542599917,0.08081877802100929
3001,0.6207413731246934,0.922486118673283,0.08082136291862198
3002,0.6207217331018003,0.9224856190761082,0.08082330095049231
3003,0.6207399759053943,0.9224938047836645,0.08082179289104571
3004,0.6207260555639472,0.9224905228145316,0.08082363065341534
3005,0.6207693551770251,0.9225027591022589,0.08081424168934431
3006,0.6208410585084512,0.9225639789714476,0.08079462278034957
3007,0.6208427980987542,0.9225621765785632,0.08079424390158514
3008,0.6208614227461691,0.9225616769813884,0.08079353797472001
3009,0.6208898379538239,0.9225710002332811,0.08078756667284333
3010,0.6208844921787711,0.9225642172408695,0.08078483553686157
3011,0.620921658099732,0.9225762344744509,0.08077593858428002
3012,0.6208567499304977,0.9225641749672624,0.08078818516575234
3013,0.6209019019714526,0.9225626185299101,0.08078300261209297
3014,0.6209040040935239,0.9225625109243648,0.08078369759302943
3015,0.6209090494833112,0.9225486567104021,0.08078163086764986
3016,0.6209304187509576,0.9225721723651144,0.08077643532605465
3017,0.6209713555766988,0.9225810344503842,0.08076608474650003
3018,0.6210300584780816,0.9225987932084206,0.08075730289924274
3019,0.62100647156259,0.9225970945780263,0.08075973331779857
3020,0.6210622912478325,0.9226031089593999,0.08075297870286825
3021,0.6211303670672983,0.9226207831702221,0.08074267811519131
3022,0.6211498866925638,0.9226225855631066,0.08073741142624141
3023,0.6211593025265798,0.9226300334040664,0.08073503814576315
3024,0.6211647933803038,0.9226387571393493,0.08073485033809578
3025,0.6211966348683011,0.9226555628196985,0.08073026548292779
3026,0.6212083540669153,0.9226659736562103,0.08072885532113458
3027,0.621231203152401,0.9226667999130762,0.08072512295439206
3028,0.6212183162842281,0.9226677299324324,0.08072748525922514
3029,0.6213383361640538,0.922694254699359,0.08071192012283097
3030,0.6213753050744673,0.9227076400605884,0.08070576951148033
3031,0.6216769515441662,0.92277546614165,0.08065075268375449
3032,0.6217263474829076,0.9227844319894101,0.08064408066440279
3033,0.6217291243445592,0.9227854350268148,0.08064402260777659
3034,0.6216902085491962,0.9227696323838704,0.08065237058737884
3035,0.621718859710714,0.9227547367019511,0.08064406530041558
3036,0.6216985564586055,0.9227652589870633,0.08064559945939535
3037,0.621716687898402,0.9227619770179304,0.080644406201605
3038,0.6217314060567078,0.9227835673019921,0.08063814139313058
3039,0.6216760058358993,0.9227778603650338,0.08064789742992028
3040,0.6216216440752117,0.9227703625643566,0.08065752460070827
3041,0.6216022414958091,0.9227704547976813,0.08065793604803874
3042,0.6216501389677935,0.9227594406015045,0.08065039767962193
3043,0.6216314179117763,0.9227691750603028,0.08065230588545574
3044,0.6216174194478955,0.9227513317550521,0.08065623693166903
3045,0.6216156956151461,0.9227514701050389,0.08065610361204376
3046,0.6216378771425526,0.9227432498099859,0.0806540070973876
3047,0.6216193576782657,0.9227302871848275,0.08066193524344697
3048,0.6216432033573666,0.9227404251644207,0.08065779716958772
3049,0.6217127616422512,0.9227625457900986,0.08064700007583378
3050,0.6217690162401114,0.9227316207249787,0.0806477773655108
3051,0.6217546455693669,0.9227508206287117,0.08064744838040083
3052,0.6217685633647716,0.9227530111701704,0.0806467360827922
3053,0.6218496461590324,0.9227643328107624,0.08063719265865128
3054,0.6218496461590324,0.9227643328107624,0.08063755606949972
3055,0.6218734187309833,0.9227706123629441,0.08063336709653302
3056,0.6219061754672547,0.9227644634746388,0.08062874777744725
3057,0.6219180443395141,0.9227525500035475,0.08062847191754328
3058,0.6218112153020913,0.9227581301196845,0.08063931280120286
3059,0.621811329011654,0.9227561432601509,0.08063958115490062
3060,0.6218248283505091,0.9227720996253029,0.0806376382346962
3061,0.6218459392437594,0.9227765690984897,0.08063455506113014
3062,0.6219361296818726,0.9227667116619255,0.08062603359876037
3063,0.6219296865149415,0.922756769678147,0.08062860507082498
3064,0.6219515876391809,0.9227476078345722,0.08062718009641745
3065,0.6219515876391809,0.9227476078345722,0.08062768411153536
3066,0.6219254835578927,0.9227554668824373,0.0806318563403288
3067,0.6219079605162814,0.9227506669065041,0.08063710606838687
3068,0.6219302719799278,0.9227618963137715,0.08063278511002736
3069,0.6219004464355795,0.9227336537011745,0.0806363816647063
3070,0.62186727609032,0.9227346913260761,0.08063912333113632
3071,0.6219255209929803,0.9227393414228569,0.08063307882388157
3072,0.6219246464347514,0.9227382230937964,0.08063372862306183
3073,0.6219762941935859,0.9227292803043675,0.08062863426265672
3074,0.6220168159050665,0.9227115292324414,0.08062889245810524
3075,0.6220088091694282,0.9227071250911928,0.08063359107364283
3076,0.6220453211788883,0.9227029207888141,0.08063131476802828
3077,0.6219363258677063,0.922667095828326,0.08064927072882462
3078,0.6219996065355151,0.9226635294731089,0.08064186243233125
3079,0.6219028057709877,0.9226644940799618,0.08065386993664501
3080,0.6219169606263467,0.9226722647375575,0.08065356671561287
3081,0.6219163497118659,0.9226348487522203,0.08066055771135038
3082,0.6220232873652264,0.9226800661395947,0.08064537801722152
3083,0.6221064465732159,0.922680073825705,0.0806338533237985
3084,0.6220806555417726,0.9226819415505279,0.0806349847696703
3085,0.6220536176093925,0.9226816187338918,0.08063940078504542
3086,0.6220754304892611,0.9227059952329667,0.08063508134068188
3087,0.6220056161516712,0.9226642942410919,0.08064801115203596
3088,0.6220266336039286,0.9226719688223078,0.0806453131318135
3089,0.6220489152627288,0.9226753122803237,0.08064246810262468
3090,0.6220514974802084,0.9227032128610086,0.08064152779515783
3091,0.622077821613124,0.9227096807228947,0.08063797023458676
3092,0.6220809466610518,0.9227165905361276,0.08063791311446986
3093,0.622019259977033,0.922698124655936,0.08064160126604535
3094,0.6220333001290519,0.9226897083650684,0.08064151680069959
3095,0.6220446301893563,0.9227006380140308,0.0806393015451189
3096,0.6220236873900946,0.9227098767187094,0.0806437341439109
3097,0.6220369721007869,0.9227054917927368,0.08064371158202865
3098,0.6220223908082243,0.9226645824702312,0.08065079849585374
3099,0.6220427802946882,0.9226654471576491,0.08064924188540701
3100,0.6220501596283251,0.9226102070823372,0.08065804238126348
3101,0.6220830491246899,0.9226261365461029,0.0806502574991665
3102,0.6220864466290329,0.9226262902683106,0.0806497941616982
3103,0.622106574113828,0.9226414626502036,0.08064565758053001
3104,0.6221741363314272,0.9226578263792058,0.08063680368589163
3105,0.622212276490585,0.9226667153658621,0.08063436870647522
3106,0.6221327673576348,0.9226447715207229,0.08064862601799845
3107,0.6221666866815739,0.9226510126423526,0.08064387562141805
3108,0.6221701118064273,0.9226608892941929,0.08064370690365831
3109,0.6221709510891315,0.9226529418560584,0.0806456604489889
3110,0.6221565104049,0.92265075900071,0.0806492292961618
3111,0.6221731514971764,0.9226322354746906,0.08065099354223988
3112,0.6221297798942526,0.9226271587987837,0.0806571661518649
3113,0.622184120886532,0.9226421697723587,0.08065012959694266
3114,0.6221804549666891,0.9226487106522934,0.08065104237380127
3115,0.6221827839492136,0.9226654894312561,0.08064826011317741
3116,0.6221892480022309,0.9226671304158226,0.08064887658917308
3117,0.6221660189435775,0.9226541139878915,0.0806535609455958
3118,0.62219457069915,0.9226726106125247,0.08065095767006247
3119,0.6222366841444333,0.922657668813943,0.08064675147402502
3120,0.6221944776536897,0.922653760426814,0.08065197511712921
3121,0.6221591022746461,0.9226709734710133,0.08065386408498539
3122,0.62215071959413,0.9226611237205595,0.08065701955320771
3123,0.6221701460186514,0.9226506437090544,0.08065730431676985
3124,0.6222022428671239,0.9226421582431932,0.0806546573497957
3125,0.6221690623214787,0.9226560777890941,0.08065796252230989
3126,0.622149084759021,0.9226454363692709,0.08066228090919511
3127,0.622145149696833,0.9226394373601181,0.08066760333450995
3128,0.6221839032490464,0.9226484493245404,0.08066288470506823
3129,0.6221791829217543,0.9226886784262772,0.08066047527346869
3130,0.6221702286330634,0.9227011030237089,0.08065948983915906
3131,0.6221743125735738,0.9226976903906995,0.08065789347262457
3132,0.6222484430942918,0.9227032743498916,0.08065168133226745
3133,0.6222546388938942,0.9227001883765735,0.08065310200151153
3134,0.6222236558770736,0.9226907306177491,0.08065757791324697
3135,0.6221765886918195,0.9226950463687282,0.08066597239219478
3136,0.6221456436178836,0.9227080205230522,0.08066904286654485
3137,0.6221751573284856,0.9227003459418364,0.08066777859655634
3138,0.6222151625645838,0.9227125976017845,0.08066164078181697
3139,0.6222648527475724,0.9227265709504581,0.08065558686842647
3140,0.6223473991332343,0.9227614389902037,0.08064560898152126
3141,0.622445701730394,0.9227657201536862,0.08063535723197479
3142,0.6224944113407844,0.9227792284926817,0.08062711526065129
3143,0.6224905145486193,0.9227823183090551,0.08062621423984884
3144,0.6224911529734318,0.9227819647479776,0.08062854499714177
3145,0.6225631199521392,0.9228002038879128,0.08061845315273522
3146,0.622630579922202,0.9228248993605687,0.08060773351946558
3147,0.6226634177800765,0.9228140004560477,0.08060614349506955
3148,0.6226599124974367,0.9228115639590567,0.08060760397466353
3149,0.6226570113162867,0.9228173208557325,0.0806064894113478
3150,0.6226593183902297,0.9228228202677105,0.08060639319588662
3151,0.6226737684827306,0.9228383269954051,0.08060453480169659
3152,0.6227739384293223,0.9228689561452754,0.08059047967384365
3153,0.6227670949173724,0.9228852045826219,0.08059027433735819
3154,0.6227670949173724,0.9228852045826219,0.08059031061860075
3155,0.6228557324659914,0.9228930059846592,0.08058037477369233
3156,0.6228569132714663,0.9228859193908875,0.08058226760937036
3157,0.6228349866969698,0.9228904196085158,0.08058473157758063
3158,0.6228246835303693,0.9229062568389569,0.08058381115355762
3159,0.6227380752161936,0.9229149536728536,0.08059297869826486
3160,0.6227999029646961,0.9229207528431365,0.08058527481606652
3161,0.622814497898759,0.9229352334750952,0.0805834546005955
3162,0.6227864434763155,0.922931924604576,0.08058581818848363
3163,0.6227785716435333,0.9229320437392868,0.0805865603101581
3164,0.6228203703543062,0.9229430387201876,0.08058010891668593
3165,0.6227957859624321,0.9229729069451301,0.08057924009089668
3166,0.6227957859624321,0.9229729069451301,0.08057922700551015
3167,0.6227910026738027,0.9229597098936051,0.08058376028972405
3168,0.6227537055426752,0.9229438765062192,0.08059411327806852
3169,0.6227628582774462,0.9229520084110028,0.08059387057316061
3170,0.6227598411022068,0.9229222708499367,0.08059794372313159
3171,0.6227912057302841,0.9229387498705948,0.0805929549890178
3172,0.622761846885143,0.9229524695776257,0.08060128843357299
3173,0.6227834175944081,0.9229412593856343,0.08060222215486035
3174,0.6229169139391988,0.9229493374876453,0.08059279920910876
3175,0.6230755972941254,0.9230704936455889,0.08057996880768872
3176,0.6230731859794473,0.9230713391177309,0.080580068720816
3177,0.6230490132652948,0.9230738294174945,0.08058326335901388
3178,0.6230762286062178,0.9230513975043461,0.08058379103403299
3179,0.6230929384144452,0.9230518894154105,0.08058281999295672
3180,0.6230384395098303,0.9230462862409424,0.08059035149753617
3181,0.623041591300036,0.9230552405595368,0.08059182062939155
3182,0.6230852087366643,0.9230545910832096,0.08058812358843298
3183,0.6231264973693018,0.9230545026929402,0.08058753586812246
3184,0.6230843144265011,0.9230468934436625,0.08059493317810505
3185,0.6230705528975186,0.9230459442090304,0.08059590419075334
3186,0.623043820230403,0.923031229150705,0.08059812355565477
3187,0.6230477213788382,0.9230169022409539,0.08060188979874566
3188,0.6232035146580706,0.9230106111596066,0.08059436341489042
3189,0.6231789828658677,0.9230180551575111,0.08059846874723262
3190,0.6231583689668674,0.9230476774269214,0.08060086531017015
3191,0.6231714918617361,0.9230472700630712,0.08060129203247235
3192,0.6231611824843066,0.9230444800050027,0.08060383879879475
3193,0.6231670666501166,0.9230559399955816,0.080601174143018
3194,0.6231509535274741,0.9230543950873948,0.08060200866666953
3195,0.6231576768404631,0.9230492338642737,0.08060450652288234
3196,0.6231555077275642,0.9230749439034999,0.08060666314847417
3197,0.623157828153079,0.9230565856288536,0.08061152531264416
3198,0.6231799961016151,0.9230626384407791,0.0806102241979984
3199,0.6231328953368719,0.9230542951679599,0.0806192370247984
3200,0.6231950455763215,0.92307484782712,0.08060921665574666
3201,0.6231498584727508,0.9230647021614165,0.08061742867425768
3202,0.623108155209578,0.9230730415911804,0.08061873242982093
3203,0.623070738977683,0.9230812695723438,0.08062232052539772
3204,0.6230546546692242,0.9230799667766342,0.0806249924751725
3205,0.6229998070349996,0.9230857928483034,0.08063655920560635
3206,0.6230159382253869,0.9230874914786976,0.0806360317423833
3207,0.6229717709029484,0.9230765349283488,0.08064371192972361
3208,0.6229992038680238,0.9230920262838227,0.08064159527733117
3209,0.6230108718750308,0.9230923452574036,0.08063999954538471
3210,0.6230510985248761,0.9231070910601705,0.08063462158222251
3211,0.6230803456173065,0.9231260257930953,0.08063152369166478
3212,0.623084439859022,0.9231184165438177,0.08063317413509216
3213,0.6230549243735825,0.9231302992704674,0.08063501559739736
3214,0.6228177944960431,0.9231704322958245,0.08066831073640282
3215,0.6228306849347259,0.9231652480143722,0.08066861012054431
3216,0.6228518417705756,0.9231533268571704,0.08066932445094095
3217,0.6228708096216661,0.9231563321263296,0.08066759668382116
3218,0.6228549576108694,0.9231345573756188,0.08067463301529977
3219,0.6228118148324575,0.9231045777020758,0.08067998331851291
3220,0.6227869101943276,0.9231158186385087,0.08068561298406447
3221,0.6227840084613502,0.923126179515303,0.08068414086912043
3222,0.6228538903253752,0.9231411866458229,0.0806774600889163
3223,0.6228731413274227,0.9231284622900863,0.08067710606151901
3224,0.6228673539076128,0.9231133168095795,0.0806873042945611
3225,0.6228686878757159,0.9231178977313669,0.08068743759125939
3226,0.6228603589911595,0.923109316189126,0.08069065961668447
3227,0.6228377339462317,0.9231270634179969,0.08068945856844646
3228,0.6228284611243141,0.923130733535704,0.08069276607183855
3229,0.6228683007596066,0.9231219483115379,0.08068999207481065
3230,0.6228674405140404,0.9230986709262475,0.08069644240895138
3231,0.622877939203988,0.9231048236576079,0.08069476654439878
3232,0.6228414998625018,0.9230893822618516,0.080701866832371
3233,0.6228116451521027,0.9230899933076269,0.08071303588903278
3234,0.6227786324083482,0.9230660664460092,0.08072205195317896
3235,0.6227952392172545,0.9230867574551562,0.08071713075363457
3236,0.6227805357648338,0.9230970299416811,0.08071836700408107
3237,0.6228290381546838,0.9230819805375541,0.08071365517930428
3238,0.6227572587680108,0.9230681801263642,0.08072219889085185
3239,0.6227671303152955,0.9230698710706481,0.08072018062686458
3240,0.6227755275930752,0.9230715581718768,0.08072368249189883
3241,0.6227658666340995,0.9230351529100548,0.08072595874997662
3242,0.6228190937237746,0.9229977599830488,0.08072022882409426
3243,0.6227951504187929,0.9229913766683769,0.08072009046190892
3244,0.6228085962376693,0.922992829343239,0.08072124442173804
3245,0.6228172519529591,0.9229986900024049,0.08071904004819107
3246,0.6228336046753477,0.9229853469147826,0.08072014409829649
3247,0.6228120895794845,0.9229711468258528,0.08072737510196792
3248,0.6228042499618289,0.9229762427170357,0.0807273512171302
3249,0.6228255947201643,0.9229732182326006,0.08072757602497778
3250,0.6228563408303667,0.9229865728493885,0.08072272693702469
3251,0.6229000870635913,0.9230015953521291,0.08071699764169889
3252,0.6229042219628363,0.9229960882540408,0.08071768938500375
3253,0.6229004190493117,0.9229651593458655,0.08072498586746038
3254,0.6228661939123196,0.9229595254269559,0.0807336984453593
3255,0.6228531370843661,0.9229574540202081,0.08073504447649259
3256,0.6228727298351144,0.9229612932323437,0.08073372431038858
3257,0.6228247893647371,0.9229619503947813,0.0807389185312518
3258,0.6228109127898,0.9229643407751099,0.08073985512657032
3259,0.6227869406508149,0.9229582341604119,0.0807434185558313
3260,0.6227791894265498,0.9229698670884743,0.08074315961414186
3261,0.622798074254246,0.9229582956492949,0.0807473535064285
3262,0.6228258261252853,0.9229848165731663,0.08074306798383715
3263,0.6228674833319764,0.9230523352098127,0.08073430676064429
3264,0.6228551508001215,0.9230317710214869,0.08074067834583894
3265,0.6228711684903462,0.9230459941687479,0.08073905064197742
3266,0.6228496161711887,0.9230589721661271,0.08074146301736602
3267,0.6228258102150991,0.9230567777816131,0.08074484746482247
3268,0.6227899934118826,0.9230479003241225,0.08075166945677595
3269,0.6227945213660692,0.923052946255588,0.08075154697152655
3270,0.6228101496905859,0.9230618813589064,0.08074974312718833
3271,0.6227591650217525,0.9230564972385842,0.08075960078140218
3272,0.6227964886628146,0.9230597753646619,0.08075708599508995
3273,0.6228147110853774,0.92304946060453,0.0807598273893608
3274,0.622723748975546,0.9230296688702976,0.08077577985851005
3275,0.62277349438164,0.9230577347023556,0.08076900605136407
3276,0.6227724534038879,0.9230785640614896,0.08076702982591566
3277,0.6227705349675257,0.9230835177596304,0.08076625110720607
3278,0.6228037265465876,0.9230922299657478,0.08076191333155577
3279,0.6228237219575103,0.9230933559809187,0.08075356228037898
3280,0.6228126582754526,0.9230715274274353,0.08076072853732362
3281,0.6228182153450127,0.9230779607018246,0.0807583385503631
3282,0.6229428603586954,0.9230610320437093,0.08074769728907158
3283,0.6229533304694423,0.9230625039338474,0.08074758111678401
3284,0.6229770276379379,0.923059414117474,0.08074698176845733
3285,0.6230048495503541,0.9230821150444858,0.08074343370544261
3286,0.6229980041791403,0.923081154280688,0.08074857697670415
3287,0.6229794316880289,0.923095677186254,0.08075376231645644
3288,0.6229779195910699,0.9230956502848676,0.0807548074970607
3289,0.6229990346708852,0.9231017107829035,0.08075467883543946
3290,0.6231155563098664,0.9230917188394074,0.08073871239001175
3291,0.6230899395825283,0.923076619475563,0.08074436438205147
3292,0.6230629865439248,0.9230648097669618,0.08075311248999223
3293,0.623090882474001,0.9230784718281649,0.0807490537164723
3294,0.6230553272477423,0.9230612779992415,0.08075865444566514
3295,0.6230976389173255,0.9230695713123431,0.08075956568812814
3296,0.6231291526881015,0.9230790136989468,0.08075887512535429
3297,0.6231116412999163,0.9230645561253192,0.08076464027319302
3298,0.6231335344797222,0.9230659165668568,0.08076220386763235
3299,0.6231429052938782,0.9230321591700612,0.08077191983061141
3300,0.6231091068156716,0.9230038665977468,0.08078270183434189
3301,0.6231093445671922,0.9230027021520241,0.08078369388446037
3302,0.6230595806617899,0.9229859810188891,0.08079307539570446
3303,0.6229945626258875,0.9229793940222921,0.08080510852733146
3304,0.6230277894608264,0.9229918993238828,0.08079944552917966
3305,0.6230420218149645,0.922961439268441,0.08080201044050371
3306,0.6229537774638184,0.9229248802844113,0.08081760093661375
3307,0.6229346534997655,0.9228979635258553,0.08082538360264623
3308,0.6229562166487996,0.922862841844467,0.0808253352493069
3309,0.6229776346209087,0.922862499812555,0.08082460298176429
3310,0.622975860969866,0.9228627995708598,0.0808259260073683
3311,0.6229970612000789,0.9228631377597166,0.08082529817501355
3312,0.6229404645554267,0.9228474542514832,0.08084012609349696
3313,0.6229778797217964,0.9228576921505114,0.0808364957785492
3314,0.6229620633637373,0.9228469200668117,0.08084280984985062
3315,0.6229762329286317,0.9228517392580209,0.08084096946359876
3316,0.6229550675578464,0.9228399910383027,0.08084817025241972
3317,0.6229129882128775,0.9228239462828813,0.08085873794778621
3318,0.622887316525397,0.9228286309671588,0.08086704610246864
3319,0.6228811973650497,0.9228512550330669,0.0808683683341742
3320,0.6229435708384363,0.9228922104722347,0.08085945361648879
3321,0.6229948919299639,0.9229015683116242,0.08085772186225008
3322,0.6230144494856548,0.9229011263602772,0.0808582081680356
3323,0.6230132500075067,0.9229100998941476,0.0808586920826279
3324,0.6230461912216294,0.9229005691172746,0.08086008962492303
3325,0.6230657083548926,0.9229183893641941,0.08085647183359042
3326,0.6230781598897293,0.9229199611737672,0.08085427745743583
3327,0.6230608573023622,0.9229075788499426,0.08085724987921357
3328,0.6230436938415514,0.9229081284068348,0.08085953944168468
3329,0.6230411138431409,0.9229096195122488,0.08086073928441742
3330,0.6230808568972233,0.9229135240563227,0.08085646179859982
3331,0.6231128949604429,0.9229173248379062,0.08085437673850968
3332,0.6231117901926577,0.922916955904608,0.08085421715594712
3333,0.6231029362247692,0.9229305026741553,0.08085738212931509
3334,0.6231146980075901,0.9229369974374277,0.080855795036802
3335,0.6231730261990974,0.9229489454960158,0.08084990582337333
3336,0.62314652867675,0.9229477887364034,0.08085743772848548
3337,0.6232454423266316,0.9230027405825759,0.08083681236117304
3338,0.6232330359250536,0.9230017606035024,0.08083924637453366
3339,0.6232388739199755,0.922998409459376,0.08084289920016512
3340,0.6232166443352974,0.9230495528378545,0.08084347709356735
3341,0.6232740095166579,0.9230539223916064,0.08083698445029054
3342,0.6232729078553454,0.9230461747923419,0.08084097533287218
3343,0.6233174827012863,0.9230612395686896,0.08083323500074632
3344,0.6233706329123975,0.9230723575273565,0.08082752809938659
3345,0.6233623223831436,0.9230563281441558,0.08083192077939358
3346,0.6233510672540387,0.9230407099678606,0.08084013481681346
3347,0.6232901214479212,0.9230477504449701,0.08085613540719712
3348,0.6233042615885207,0.9230472546908505,0.08085415252330179
3349,0.6233249717163152,0.9230508671627298,0.08085245189050792
3350,0.6233698131694062,0.9230440495828214,0.08085331569943296
3351,0.6233877791255005,0.9230449719160672,0.08085627367877196
3352,0.6233952181186935,0.9230468204256139,0.08085485352159705
3353,0.6233551879202394,0.9230425738496281,0.08086693136744616
3354,0.6234214690314316,0.9230831449832769,0.0808586986747425
3355,0.623489596399323,0.9231020182273187,0.08085045256530227
3356,0.6234578988229272,0.9230754242853987,0.08085795957077734
3357,0.6234443052498456,0.9230677842916795,0.08086221913619114
3358,0.6234783326619114,0.9230562128525001,0.08086516340706983
3359,0.6235235041769646,0.923042935096816,0.08086310507966206
3360,0.6235644891710288,0.9230211795613812,0.08086613227435316
3361,0.6235480265697387,0.9230200228017688,0.08086672809451956
3362,0.6235798076100928,0.9230126364496921,0.08086450034698091
3363,0.6235823880927954,0.9230151190633453,0.0808652438065412
3364,0.6235442944216647,0.9229821187484224,0.08087572466582477
3365,0.6234943134504788,0.9229798974625221,0.08088941058088434
3366,0.6235305142274122,0.9229979828802498,0.08088684815991468
3367,0.6235525561909483,0.9229990627787584,0.08088497660223595
3368,0.6235754518973835,0.9229900815587776,0.08088506647942766
3369,0.6236172914972857,0.9229770190141843,0.0808853047343362
3370,0.6236967601824597,0.9229348530126313,0.0808957677648135
3371,0.6236749177147282,0.9229304450283276,0.08090137130185285
3372,0.6236840393526576,0.9229444337492219,0.08089921367251225
3373,0.6236334841316006,0.922909684844187,0.08091290747667824
3374,0.6236197618989484,0.9229052269001657,0.0809206531847758
3375,0.6236095946679878,0.922930072251974,0.08092270221691633
3376,0.62360815030416,0.9228944471303557,0.08092968678771846
3377,0.623612535038164,0.9228923718805527,0.08093756742119072
3378,0.6236703673343202,0.9229190273113558,0.08092735003600204
3379,0.6236507293899193,0.9229288540034786,0.08093412394282293
3380,0.623670211056973,0.922931563357388,0.08093267080389724
3381,0.623624026320696,0.9229085665151265,0.08094296304361571
3382,0.6236820427463996,0.9229028096184508,0.08095197554571151
3383,0.6236820427463996,0.9229028096184508,0.08095179660289072
3384,0.623701187608504,0.922898201795277,0.08095601147660798
3385,0.6236927044994837,0.9229087625109412,0.08095689727990306
3386,0.623718750552675,0.9229197805501732,0.0809559749969247
3387,0.6236676553424378,0.9229011571047188,0.08096600495203432
3388,0.6236811059620274,0.9229049578863024,0.08096558365127073
3389,0.6236343078067267,0.9229094119872685,0.08097435138055455
3390,0.6237349876109773,0.922927916298012,0.08096262277864853
3391,0.6237484871021252,0.9229244575483403,0.08096168813390843
3392,0.6237141863257798,0.9229021562990684,0.08096998093584622
3393,0.6237117921792998,0.9229059686098176,0.08097629651223888
3394,0.623718377704569,0.9228995776090354,0.08098059068807464
3395,0.6237522179486839,0.9229173325240166,0.08097400775953335
3396,0.6237583404328607,0.9229155224450218,0.08097760550953412
3397,0.6237462321775963,0.9229148575964738,0.08098352159215837
3398,0.6237196733722173,0.9229107570565853,0.08098783569087373
3399,0.6237629413183333,0.9229464244518106,0.08098036307430564
3400,0.6237910665163792,0.9229583225506812,0.08098004947847545
3401,0.6237264829533591,0.9229409442551086,0.08099280975502139
3402,0.6237079792294334,0.9229297148478413,0.08099638982431148
3403,0.6236828857968508,0.9229298993144904,0.08100170619175777
3404,0.6237090205016582,0.922946047832402,0.0810002419596147
3405,0.623718745881984,0.9229410749189851,0.08100287721580084
3406,0.623784593976807,0.9229447719380787,0.08099887942347792
3407,0.6237405763073299,0.9229294765784194,0.08100986027992592
3408,0.6237740927840585,0.9229327047447796,0.08101032294892356
3409,0.6237706157294162,0.9229388382608641,0.08101127185116785
3410,0.6237623975855306,0.9229238618747857,0.08101670231115876
3411,0.6237862075425964,0.922926444407874,0.08101626059519193
3412,0.6237202298316384,0.9229730222367859,0.08107183194039844
3413,0.6237071492925426,0.9229582264743015,0.0810753753432768
3414,0.6237131188173213,0.9229738023769896,0.08107313642045662
3415,0.6237215589596207,0.9229659279569037,0.08107454486100099
3416,0.6237407176926123,0.922995127490243,0.08107031936594375
3417,0.6237315062659605,0.9230233662597848,0.08107290698950766
3418,0.6237458187481476,0.9230256720928992,0.08107211064380002
3419,0.6237491655624834,0.9230028405020109,0.08107738789447308
3420,0.6237282472269603,0.9229958384554534,0.08108027453607411
3421,0.6236945942554111,0.9230046621101713,0.08108572453262403
3422,0.6236718081899845,0.9230224477695942,0.0810858911252865
3423,0.6236807988857277,0.9230248381499228,0.08108725236494507
3424,0.6236807988857277,0.9230248381499228,0.08108811470530873
3425,0.623784690818859,0.9230368438543387,0.08107844688800309
3426,0.6237686161184609,0.9230455291590698,0.08108297037547348
3427,0.6238000589444817,0.9230526080667312,0.08108361224441747
3428,0.6238400493333032,0.9230531806819546,0.08108128534817415
3429,0.6238855711479769,0.9230843824470484,0.08107801155431246
3430,0.623867700102571,0.9230758009048073,0.08108322754557187
3431,0.6238311702608121,0.92306306117685,0.08109131553461187
3432,0.6238692658628406,0.9230716465621461,0.08108755889231706
3433,0.6238685508767895,0.9230906850575612,0.08108449105752855
3434,0.6238623835846325,0.9230836676387828,0.0810850577565905
3435,0.6238532517518515,0.9230854930899984,0.08108565255042144
3436,0.6238882990577012,0.9230689794818437,0.0810874858650631
3437,0.6238681248212841,0.9230680302472116,0.08109225514668301
3438,0.623875696697782,0.9230642025642417,0.08109982434372662
3439,0.6239319456169934,0.9230631341948986,0.08109490562871077
3440,0.6239189703628648,0.9230606515812454,0.08110183587510887
3441,0.6238711039234761,0.9230238005250213,0.08111475910686265
3442,0.6238830267402821,0.9230255222137468,0.08111415123179185
3443,0.6238758805094498,0.9230187084768935,0.0811180199744253
3444,0.6238640304509683,0.9230237813097454,0.08111932621142658
3445,0.623890659380324,0.9230144426856318,0.08112012548245913
3446,0.623933565730752,0.923023593000041,0.08112137724589726
3447,0.6239280995526599,0.9230308755896275,0.08111978600309734
3448,0.623905095153233,0.9230340192087735,0.08112347930604087
3449,0.6239006349094164,0.9230317441201006,0.08112475670540036
3450,0.6239141606642252,0.9231316673981154,0.08115139906864502
3451,0.6239748376979569,0.9231381813766637,0.08114628159330267
3452,0.6239779922502369,0.9231381621613878,0.0811466801980192
3453,0.6239614949161828,0.9231341807562101,0.08115075425501303
3454,0.6239871632430095,0.92314334644284,0.0811444422601368
3455,0.6239703533364453,0.9231327165521824,0.08115145618734694
3456,0.6239729693927889,0.923138830852991,0.08115300531736774
3457,0.6239668532385425,0.923145802155107,0.08115480907622087
3458,0.6239234235751815,0.9231544528723413,0.08116399946301091
3459,0.6239396427547418,0.9231617162466519,0.08116715448332082
3460,0.6239292785768779,0.9231574619845557,0.08117267630874275
3461,0.6239542586199461,0.9231803281629407,0.0811688117451254
3462,0.6239725931600972,0.9231923530826326,0.08116713490479338
3463,0.623893348053641,0.9231605556439842,0.08118293115662474
3464,0.6239009590387123,0.923175962452244,0.08118372608796473
3465,0.623982400543411,0.9232052542189079,0.08117482172390798
3466,0.6239679085539789,0.9231517819489837,0.0811891756642372
3467,0.6239485536899424,0.9231402681556322,0.08119608719195308
3468,0.6240247914751422,0.9231342883617555,0.08119141437293215
3469,0.6240117860464297,0.9231419783151922,0.08119713695551385
3470,0.6240173919168422,0.9231439843900018,0.08119722169857306
3471,0.6240340195472092,0.9231339578590091,0.08119768944004321
3472,0.624063226358568,0.9231056691297499,0.08120270141530371
3473,0.6240366403435516,0.9231219214101516,0.08120293058489354
3474,0.6240366403435516,0.9231219214101516,0.08120188604694269
3475,0.6240433390464484,0.9231423664637665,0.08120140272254034
3476,0.6240398429297264,0.9231619545160736,0.0812003916355488
3477,0.6240183163942585,0.9231533383863361,0.08123416569792465
3478,0.6240298818735152,0.9231474508257838,0.08123710935006354
3479,0.6239777851009284,0.9231231396586471,0.08125668776789857
3480,0.62399283816479,0.9231318979814268,0.08125240768647551
3481,0.6240226143642765,0.9231341000520511,0.08125099265251326
3482,0.6240331155415417,0.923126079595868,0.08124870563306635
3483,0.6240487560524914,0.9231249689529178,0.08125339152194673
3484,0.624033558193108,0.9231231204433711,0.08125839715649419
3485,0.6240769658866622,0.9231474392966182,0.08125329699713764
3486,0.6241324367010803,0.9231524698558629,0.08124914601461712
3487,0.624099181429485,0.9231297727719063,0.08125737923022024
3488,0.6240980246915753,0.9231295383455397,0.08125820517886889
3489,0.6241036984818401,0.9231292385872348,0.08125701656976259
3490,0.6240904301629118,0.923129926494114,0.08126432618480459
3491,0.6241060151759081,0.9231178516147046,0.08126516972525771
3492,0.6241521835954457,0.9231181129424576,0.08126270620215616
3493,0.6241322365660699,0.9231155150371486,0.08126545493122841
3494,0.6242224025429081,0.9230875913981326,0.08125485639366832
3495,0.6241759737985786,0.9230680878930395,0.08126676221922462
3496,0.6241978227523184,0.9230440687980973,0.08127337366420821
3497,0.6242405085544301,0.9230432194829001,0.08126917342336833
3498,0.6242247409921506,0.923051093902986,0.08127355486055764
3499,0.6242270827010662,0.9230812196126263,0.08128236056558232
3500,0.6243126276129757,0.9231162605898556,0.08128012910537982
3501,0.6243176675313128,0.9231242195571557,0.08127612733110533
3502,0.6242022014767303,0.9230896359034941,0.0812985427743372
3503,0.6241644547339175,0.9230832026291048,0.08130483809093829
3504,0.6242096948063346,0.9230985095179295,0.08129987057340066
3505,0.6242579197012568,0.923113205360979,0.08129667448015095
3506,0.6242598303603639,0.9231134551595663,0.08129906635310312
3507,0.6242680631544895,0.9231117296277858,0.08129838966244277
3508,0.6242152143060681,0.923088244717515,0.08131088187181187
3509,0.62419922865975,0.9230996701205971,0.08131418979105334
3510,0.6241535424824193,0.9230957040876403,0.0813234105515142
3511,0.6242119813297152,0.9231054078019969,0.08131871735016717
3512,0.6242419024105942,0.9231009037413134,0.08131919915924893
3513,0.6242630797727078,0.9230868996481982,0.0813245916228753
3514,0.6242396848945959,0.9230783526934541,0.08133000058508597
3515,0.6242037254127939,0.9230618544575201,0.08133882988221475
3516,0.6241545884573207,0.9230363211988327,0.08135162915556982
3517,0.6240780665528373,0.923021114229443,0.0813650311460346
3518,0.6240635092086195,0.923012916992721,0.08136985559650621
3519,0.624114754085089,0.9230160144952049,0.08136838589129568
3520,0.6241282343702237,0.9230242463194234,0.08137781448777873
3521,0.6240986049530832,0.9230279817690689,0.08138329456212948
3522,0.624107799970364,0.9230524274431372,0.08138137533528894
3523,0.6241363315822289,0.9230545295943265,0.08138011617142217
3524,0.6241349427304647,0.9230320823089574,0.0813867333377502
3525,0.62411552701363,0.9230192849351722,0.08139396944241464
3526,0.624141400846521,0.9230248035624261,0.08139108206367345
3527,0.624138060730633,0.9230222978904417,0.0813898315231141
3528,0.6241310369496538,0.9230205992600474,0.08139402964330948
3529,0.6241541171354889,0.9230266674441936,0.08139678496102869
3530,0.624151708308094,0.923012513471926,0.08140255168635141
3531,0.6241418905438006,0.9230107341373728,0.08140567176000142
3532,0.6241347302138903,0.9230061109419783,0.08141066690607422
3533,0.6240730393717883,0.9229957462221288,0.08142300043999505
3534,0.6241017075614432,0.922993836223699,0.08142117131803475
3535,0.6241293674370191,0.9230048119893238,0.08141868176974919
3536,0.6241519331635056,0.9229878487437118,0.08142210770495774
3537,0.6241512735046718,0.9229783102807283,0.08142847826773143
3538,0.6241009304532401,0.9229842862315499,0.0814375832464433
3539,0.6241008939975694,0.9229860770952688,0.08143645066279932
3540,0.6241179918198989,0.922971212157791,0.08143924838264414
3541,0.6241197986009452,0.922987449065972,0.08143920886155136
3542,0.6241098592121198,0.9229968145914719,0.08143940071579989
3543,0.624114600201646,0.9230012264188308,0.08143873429566502
3544,0.6241077650015939,0.9230020142451449,0.08143991749493773
3545,0.6241081873784191,0.9229966416539882,0.0814489480278796
3546,0.6240716039585975,0.9229881062284095,0.0814571839750422
3547,0.6240026650947216,0.9229605515226919,0.08147241707097726
3548,0.6239949838905683,0.9229695903885006,0.08147418113442643
3549,0.6239318707714314,0.9229431424826777,0.08148734289952096
3550,0.6239313117665456,0.9229442646547934,0.0814885838982102
3551,0.6238863006938065,0.9229337308405156,0.08150365291011513
3552,0.6239223064322299,0.9229460555185124,0.08149891974390429
3553,0.6240296468400593,0.9229321782462185,0.08153071094130032
3554,0.624133802146924,0.9229285004424009,0.08152151144431681
3555,0.6241176653342259,0.9229397183205028,0.08152457130932875
3556,0.6241353032861641,0.9229581611423632,0.08152047411808237
3557,0.6241580118204423,0.9229899009351836,0.08151854152247419
3558,0.6240866859006383,0.9229958961012812,0.08153165957368225
3559,0.6240834280798875,0.9229873568326473,0.08153547706729085
3560,0.6240740374331258,0.9229786638418059,0.08153752635153297
3561,0.6240884410034057,0.9229737524172721,0.0815392354426739
3562,0.6240802090740507,0.9229653591847355,0.0815468965069174
3563,0.624125809002469,0.9229763080489739,0.08154436387107314
3564,0.624128548123344,0.9229756508865363,0.08154634994045919
3565,0.6241490934893328,0.922975662415702,0.08155224627360944
3566,0.6241178268587708,0.9229585954075997,0.08156629557685853
3567,0.6241577291558699,0.9229670501290195,0.08156479700694372
3568,0.6241464041599767,0.9229826606192043,0.08157076087828939
3569,0.624169382718576,0.9229708816550446,0.08156717987652377
3570,0.6241652055648589,0.9229636374960101,0.08156440659736842
3571,0.6242007551727016,0.9229499062598134,0.08156768587146286
3572,0.6241674090887743,0.9229354717445171,0.08157632066800105
3573,0.6241431780367183,0.9229389189650231,0.0815803110133049
3574,0.6241892825141456,0.9229194615765923,0.08158927467655898
3575,0.624176535783042,0.9229043506835823,0.08159684545304326
3576,0.624138479993948,0.9228981748938907,0.08160401229179694
3577,0.6241294853094239,0.922896164976026,0.08160631664664712
3578,0.6241258025232587,0.922892902222169,0.08160774981070634
3579,0.6241425548197578,0.9228939206317945,0.0816073172521382
3580,0.6241183790881042,0.922900496099226,0.0816103520130221
3581,0.6241138357334136,0.9229037088933655,0.08161346413798838
3582,0.6241197783204674,0.9228923603513871,0.08161887082850319
3583,0.624130721622323,0.9228806697774968,0.08162072058112069
3584,0.6241216892530896,0.9228580457115889,0.08162898982587975
3585,0.6241398946154718,0.9228664351010704,0.08162886746307291
3586,0.6241417900910109,0.9228775722750131,0.08162958701604418
3587,0.624159436462169,0.9228720997644215,0.08162642041609527
3588,0.6242210741300815,0.9228963379135096,0.08162448669665613
3589,0.6243280779884931,0.9229299800186495,0.08161864915412974
3590,0.6243531840109589,0.922930979212999,0.0816191586207957
3591,0.6243629852320373,0.9229424930063506,0.08162000505325408
3592,0.6243689347629793,0.9229431002090707,0.08161967020260845
3593,0.624370111098564,0.9229440494437028,0.08161782022595715
3594,0.6243832481998599,0.922938815202533,0.08161744426242316
3595,0.6243752965445806,0.9229369474777103,0.08162498783271749
3596,0.6243265504115,0.9229435921201351,0.08163299303874855
3597,0.624390486278642,0.9229299761755942,0.08162859203199661
3598,0.624390486278642,0.9229299761755942,0.08162684770042716
3599,0.6243820088423091,0.9229250609080053,0.0816266926307532
3600,0.6243674724678682,0.9229266096592471,0.08163069696087341
3601,0.6243776780127231,0.9229445067672705,0.08163025757439855
3602,0.62437711855214,0.922935633152835,0.08163513468916861
3603,0.6244064980244844,0.9229377967929074,0.081633506828586
3604,0.6244049162389205,0.9229210564444965,0.08163744603211663
3605,0.6244236818213512,0.9229179704711783,0.0816368437661044
3606,0.6244914799115304,0.9229330237183605,0.08162974403031471
3607,0.6245203542047887,0.9229488455765809,0.08163025323493764
3608,0.624548045424634,0.9229510553333156,0.08162854270466793
3609,0.62453505302355,0.9229486188363246,0.08163475914983177
3610,0.6245288097844047,0.9229665428457342,0.08163660985212759
3611,0.6244910560460317,0.9229417090230916,0.08165077047847107
3612,0.6244474000270067,0.922952092958217,0.08166307008384348
3613,0.6244329432519109,0.9229459017963048,0.08166355620537741
3614,0.6244478571056847,0.9229466012323494,0.08166454273801454
3615,0.6243929915179627,0.9229378121651282,0.08167713509245787
3616,0.6243848145326102,0.9229502828792222,0.08167789996946881
3617,0.6243627331579243,0.9229361750236169,0.08168598796594016
3618,0.6243566001646843,0.9229406560259693,0.08168661829184395
3619,0.6243894924513526,0.922962768965537,0.08168545851041883
3620,0.6244126559445616,0.9229741251936256,0.081684023372586
3621,0.6243712878193806,0.9229725649132182,0.0816892093001748
3622,0.6243850020424951,0.9229868341771414,0.08168944242615764
3623,0.6243605820785879,0.922986261561918,0.08169270634745927
3624,0.6243370332679032,0.9229837059302162,0.08170200042548632
3625,0.6243746051910609,0.9230106034734963,0.08169470138494477
3626,0.6243457339675523,0.92301299769688,0.0816963791916598
3627,0.624344792972741,0.9230158646160523,0.08169564884565923
3628,0.6243057337271083,0.9230128093871758,0.0817036191963424
3629,0.6243062705262982,0.9230119908164202,0.08170272492904308
3630,0.6243032309888419,0.9229949776110906,0.08171140615327414
3631,0.6243244117127493,0.9230101615221493,0.08170951119933387
3632,0.6243960253444618,0.9229919800280418,0.08171929298070756
3633,0.6243903311959854,0.922987230011826,0.08172238769533108
3634,0.6244105093106113,0.9230019835007034,0.08172130521570106
3635,0.6243524680703967,0.9229923220599539,0.08173462494941336
3636,0.6243541571753364,0.9229883867714385,0.08174314244631481
3637,0.6243187487984141,0.9229756393573708,0.0817551396814557
3638,0.6243148460985709,0.9229752934824036,0.08175547178075822
3639,0.6243889408613232,0.9230122329288971,0.08174563671910559
3640,0.6244059658566731,0.923007840316814,0.08174931356408542
3641,0.6244076220739252,0.923009208444462,0.08175427633300628
3642,0.6244326003308668,0.9230246383110529,0.08175268360361247
3643,0.62439662452798,0.9230214677905205,0.0817610923890031
3644,0.6244076018899443,0.9230187853379973,0.0817592422248484
3645,0.6243991757749138,0.9230157723827278,0.08176136631841961
3646,0.6244536200644618,0.9230193387379448,0.08175506182482242
3647,0.6244167432903562,0.9230316634159416,0.08176076145901084
3648,0.624412173266017,0.923036528723813,0.08176479147025124
3649,0.6244398939062996,0.9230343343392992,0.08176730693591125
3650,0.6244769980635835,0.9230352912600417,0.0817672451767037
3651,0.6244631079403733,0.9230568700149377,0.08177108685114137
3652,0.6244895366213971,0.9230636376351287,0.08176959306458571
3653,0.6244756966356396,0.9230628920824216,0.08177050319493014
3654,0.6244614321008644,0.9230664738098594,0.08177573606703278
3655,0.6244440453613586,0.9230709355969359,0.08177996324062846
3656,0.6244440453613586,0.9230709355969359,0.08177640939543211
3657,0.6244337581305287,0.9230792481253135,0.08178170945495859
3658,0.6244347995140221,0.9230634646976451,0.08178493642762537
3659,0.624462376306284,0.9230840596304123,0.08177794802437267
3660,0.624429602192401,0.9230767424533292,0.08177974111363374
3661,0.624429602192401,0.9230767424533292,0.08177789411712756
3662,0.6244114587612883,0.9230732644883815,0.08178351745789668
3663,0.6244626121812229,0.9230782566170743,0.081782067349231
3664,0.624495903418471,0.9230838943790391,0.08178181947899123
3665,0.624502456948809,0.9230788484475736,0.08178974857818044
3666,0.6244440330238211,0.9230882331883494,0.08179926867560078
3667,0.6244518205320927,0.9230813041598406,0.08179752581244806
3668,0.6244087909654671,0.9230666967070604,0.0817884120890479
3669,0.624415035861998,0.9230569468760416,0.0818030038277372
3670,0.624422837598514,0.9230498564392146,0.08180539034305012
3671,0.624439840343597,0.9230654707724546,0.08180304973362126
3672,0.6245429915430769,0.9230888634494008,0.08180023546483187
3673,0.6245500815848528,0.9231157763649016,0.08179944069343045
3674,0.6245061730265348,0.9231002850094276,0.08181443284322461
3675,0.6245312572303487,0.9230768000991569,0.08181260349677895
3676,0.6245362386454597,0.9230752052312529,0.08181345393163451
3677,0.6245615775087041,0.9230877259050643,0.08181364457743087
3678,0.6245786663958723,0.9230702899636638,0.0818166281010636
3679,0.6246623937116225,0.9230719386343407,0.08181177645047634
3680,0.624697391767495,0.9230584495106211,0.08181209705733668
3681,0.6247170008357302,0.9230546256707063,0.08181855428540437
3682,0.6246915085907897,0.923043035016251,0.08182895087804923
3683,0.6247249469649904,0.9230291884883988,0.08181277930181369
3684,0.6247181699826297,0.9230217752349358,0.08181743136984952
3685,0.6247452792354441,0.9230305335577155,0.08181330875238038
3686,0.6248852485946671,0.9230794479641834,0.08186787527875321
3687,0.6248865176935142,0.9230636376351287,0.08187487183126518
3688,0.6248813272107381,0.9230632802309959,0.08187795437572785
3689,0.6248579338045902,0.9230792750266998,0.08188241327917828
3690,0.6249621503471601,0.9231237161169257,0.08186910259642606
3691,0.6249506422068877,0.9231137971914783,0.08187212731155105
3692,0.6250571936691864,0.9231439382733394,0.08186282144248419
3693,0.6250223039064964,0.9231381813766637,0.08187655780953666
3694,0.6250730898743239,0.9231536496738064,0.0818697119466825
3695,0.6251102022915255,0.9231561169152389,0.08187100983693701
3696,0.6251111281705638,0.9231619314577425,0.08187286534876848
3697,0.6251427260698501,0.923172296177592,0.08186684748080136
3698,0.6251496766914281,0.9231769923910351,0.08186848329366399
3699,0.6251610434003938,0.9231862349387688,0.0818652643588382
3700,0.6251445918748317,0.9231849628875007,0.08187358590611142
3701,0.6251426054728406,0.9231752399578681,0.08187505306575697
3702,0.6251786743737965,0.9231764005605357,0.08186815200335616
3703,0.6251730353484312,0.9231826608974415,0.08187082014538098
3704,0.6251801624686711,0.9231812235948001,0.08187716551788538
3705,0.6251676831867906,0.9231744790329404,0.08187829539137118
3706,0.6251308211419259,0.9231832796293272,0.08188237854410096
3707,0.625112604506192,0.92317114710409,0.08189151003231794
3708,0.6252549665655635,0.9231443264219137,0.08191013275383041
3709,0.6252277659705666,0.92314717412581,0.0819164382330736
3710,0.6252241248774986,0.9231404872097781,0.08192172702221173
3711,0.6251691310357014,0.9231369746573338,0.08193048629117332
3712,0.6251916862950837,0.923140825398635,0.08193161068455329
3713,0.6251881601958256,0.9231386271710658,0.08193360338979656
3714,0.625218229235993,0.9231510325532216,0.08192735615367194
3715,0.6252240307763849,0.9231429237067691,0.08193625267090415
3716,0.6252073157141129,0.9231313906981417,0.08195626683219837
3717,0.6252201312793609,0.9231185741090805,0.08195279021554908
3718,0.625204482137593,0.9231120755027529,0.08195683577020288
3719,0.6252077159188463,0.9230993473039611,0.08196306476675586
3720,0.6252434047097246,0.9230818306584017,0.08196422010971745
3721,0.6252434047097246,0.9230818306584017,0.08196281727132061
3722,0.6252444247245056,0.9230722537648663,0.08196597235895559
3723,0.6252861996769835,0.9230900855409514,0.0819661185120092
3724,0.6252808239272358,0.9230962305862014,0.08196961005399916
3725,0.6252746635981864,0.9230910885783562,0.08196611227098931
3726,0.6252444132568138,0.923077787764341,0.08197845928223454
3727,0.6252003518066144,0.9230727764203722,0.08198769304017647
3728,0.6252474959707778,0.9230673999861604,0.08198715745547569
3729,0.6252840862530294,0.9230700401650764,0.08198722220795811
3730,0.6252654854944892,0.9230598522257657,0.08199498367961969
3731,0.6252212766093552,0.9230432156398449,0.08200393256087385
3732,0.6251871943601411,0.9230238312694629,0.08201334331640511
3733,0.6251691181428993,0.9230257182095615,0.08201883772686243
3734,0.6251931107733051,0.9230188852574324,0.08202068604107143
3735,0.6252061248245485,0.9230281431773868,0.08201600415378163
3736,0.6252076870866031,0.9230296534980769,0.08201896608541823
3737,0.6252097448531118,0.9229998851925693,0.08200180616506796
3738,0.6252521227365911,0.9230207760405862,0.08200027370609109
3739,0.6252280054958718,0.9230308102576892,0.08200677084958481
3740,0.6251887652125055,0.9230199151962234,0.08201096735548137
3741,0.6251713238717894,0.9230014185715903,0.08202097065078214
3742,0.6252599636233197,0.9230184663644165,0.08201855861012479
3743,0.6252174016153214,0.9230182972699882,0.08202842451759103
3744,0.6252774324945126,0.9230196730837464,0.08202419076500568
3745,0.6252998207545336,0.9230386846777751,0.08202759792438907
3746,0.625247467032421,0.9230333927907775,0.0820347928117983
3747,0.6252148286969008,0.9230442763230776,0.08203736907286596
3748,0.6252848081187307,0.9230704590580923,0.08203254809559872
3749,0.6253277470765637,0.9230833909388091,0.08203121117828317
3750,0.6252884158349684,0.9230697942095443,0.08204125301718375
3751,0.6253171527179332,0.9230564126913701,0.08204242293295955
3752,0.6253479361233018,0.9230650134488869,0.08203692021423474
3753,0.6253297645312772,0.923045875034037,0.08204519827930866
3754,0.6254214717901163,0.9230417591219277,0.08204381148525114
3755,0.6253698717744895,0.9230458097020987,0.08205655956575832
3756,0.6253392619388866,0.9230282392537666,0.08206939125857417
3757,0.6253595772532177,0.9230440380536558,0.08207015295747042
3758,0.6253665327607982,0.9230497949503316,0.08206775880700733
3759,0.6253903737335694,0.9230673961431052,0.08206725345379316
3760,0.6253674261887023,0.9230566202163504,0.08207656232781103
3761,0.6253726231720551,0.9230595716827368,0.08207932485502112
3762,0.6254086221185179,0.9230623194671982,0.0820752644249464
3763,0.6253946668034096,0.9230516626751543,0.08208007600593122
3764,0.6254052611109854,0.9230376239945425,0.08208431683166227
3765,0.6254603341111912,0.9230528386500426,0.08208012506980208
3766,0.6255042402576304,0.9230842171956751,0.0820757236281943
3767,0.6255061390674976,0.9230919225213325,0.08207761633941237
3768,0.6255035753664673,0.9230875683398014,0.08207762735565816
3769,0.6255452925576829,0.9230939247530869,0.08207827418043263
3770,0.6255850566476835,0.9231043163743228,0.08207462061599795
3771,0.6255206722426334,0.9230792903989206,0.08206503882697791
3772,0.6254883277422675,0.9230869419218054,0.08206872440067714
3773,0.6254846472438005,0.9231125789429829,0.08206987943219579
3774,0.6254603523389297,0.923098578692923,0.08207782624762318
3775,0.6254640979183623,0.9230806623696237,0.08208372119399936
3776,0.6254346912944646,0.9230740100410885,0.0820927426859307
3777,0.6254680171925591,0.9230724190162395,0.08208695526795613
3778,0.6254841327508169,0.9230778338810033,0.08208844883112057
3779,0.6255517978474611,0.9230845476984215,0.08207875594750365
3780,0.6255544430486871,0.9230799744627446,0.08207773160027257
3781,0.6255792589702888,0.923080124341897,0.08208044386059105
3782,0.6255877650031043,0.9230654131266268,0.08208590586543636
3783,0.625613784935943,0.9230946318752421,0.08208237427701359
3784,0.625616056939772,0.9230921800060303,0.0820877709182773
3785,0.6257131246998107,0.923110061741833,0.0820796594203285
3786,0.6257499946046636,0.9231135397067806,0.08207810902264424
3787,0.6257882061459328,0.9231349378380826,0.08207076847308498
3788,0.6258526501624001,0.92315865717472,0.08206122458225446
3789,0.6258531600420492,0.9231751285092676,0.08206351698058537
3790,0.625897489437436,0.9231766042424608,0.08206133409050799
3791,0.6259237044380478,0.9231881987399714,0.08205917858211556
3792,0.6259110687246272,0.9231912654980136,0.08206540457145822
3793,0.6259352844316189,0.9231750708634398,0.0820663091151934
3794,0.6259923228095164,0.9232098274545849,0.08206292683605707
3795,0.6260033589783408,0.9232253764558866,0.08205912528735948
3796,0.6260290432842653,0.9232000084485725,0.0820694008431284
3797,0.6261076774516638,0.923211664434966,0.08206096229774341
3798,0.6261834550130768,0.9232289351249934,0.08204190694372901
3799,0.6261944603416775,0.9232368979353486,0.08203870442543143
3800,0.626272115301582,0.9232380047352435,0.08203326023123617
3801,0.6263134910521267,0.923244138251328,0.08203119358998918
3802,0.6264573740867418,0.923264145196651,0.08203297675806928
3803,0.6264488925610416,0.9232563092071171,0.08204142339200021
3804,0.6265103336293836,0.9232574813389502,0.08203743956425745
3805,0.6265036404750739,0.9232499681660523,0.08204066821665074
3806,0.6264985704325652,0.9232416133640676,0.08204310023738055
3807,0.6265190502765222,0.9232738104804558,0.08204488273720713
3808,0.6265190502765222,0.9232738104804558,0.08204194224725843
3809,0.6264931638281859,0.9232515399756254,0.08205656138754523
3810,0.6264486738343782,0.9232424357778785,0.08206719881730042
3811,0.6264984646464974,0.9232743830956792,0.08206324340930803
3812,0.6265379463152059,0.9232900166441952,0.08205627963296518
3813,0.6264900162202348,0.923272042675068,0.08206880055312855
3814,0.6264727730928927,0.9232658092395486,0.08207345887710099
3815,0.6265307086116876,0.9232603674733985,0.08207188541522457
3816,0.6265358772206173,0.9232477814676487,0.08207937871589048
3817,0.6265928410139204,0.9232625849162436,0.08208933388265643
3818,0.626569937312152,0.9232563514807242,0.08209485175329961
3819,0.6265845935779563,0.923267630847709,0.08209435948244698
3820,0.626598602433067,0.9232476546468275,0.08209837197808466
3821,0.6266328264756172,0.9232782914828082,0.08209705475843083
3822,0.6266350242138279,0.9232941248701941,0.08210061388600867
3823,0.6266593389240461,0.9232907545107918,0.08210347749406521
3824,0.6266899450986287,0.9233276401545126,0.08210087506712127
3825,0.626690792884451,0.923329077457154,0.08210361414349858
3826,0.6266492933024248,0.9233138013127707,0.08210282379239835
3827,0.6266374834198393,0.9233095624228953,0.08210677460910255
3828,0.6265774736350747,0.9233148812112794,0.08212685605549032
3829,0.6265754337139309,0.9233176981707342,0.08213782695038553
3830,0.626553965480743,0.9233023912819094,0.08214466405766582
3831,0.6265269263174842,0.9232876570083081,0.0821521429528097
3832,0.6265068884459867,0.9232917383329207,0.08215708023788734
3833,0.6264866682232645,0.9232866347556273,0.08216156638487487
3834,0.62651422226471,0.9232976643240248,0.082162807122421
3835,0.6265147990336121,0.9232976182073624,0.0821716934770779
3836,0.6265014793032118,0.9232734569193782,0.08217722787819089
3837,0.6264865046280256,0.9232913809287879,0.08217881998807679
3838,0.6265450444252437,0.9233133785766997,0.0821715062377198
3839,0.6265363939152693,0.9233081673938611,0.0821786696027019
3840,0.6264657579552183,0.9232769656287674,0.08220021063746677
3841,0.6264911656829655,0.9232570432306585,0.08221198417000591
3842,0.6264963351661319,0.9232624888398638,0.08221288452723183
3843,0.6265157679173163,0.9232609439316771,0.08221789912979297
3844,0.6265257896987951,0.9232763468968817,0.08222016257475408
3845,0.6265268041656895,0.9232749595539578,0.08222178749935838
3846,0.6264958101406791,0.9232602329664669,0.08222964725024928
3847,0.6264798584923482,0.9232706591751993,0.08223305028596546
3848,0.6264868689982909,0.9232726191333467,0.08223340931389991
3849,0.6265306034603744,0.9232824804129661,0.08223173396146724
3850,0.6265437726509225,0.9232924877286828,0.08223598799794476
3851,0.6265630309852525,0.9232959810658512,0.08223271749845763
3852,0.6265212901466118,0.9232720964778407,0.08224892565048214
3853,0.6265356021088587,0.9232942862785121,0.08224494891742481
3854,0.6265440500441185,0.923282941579589,0.08225257586651771
3855,0.6265610301930696,0.9232896438678416,0.08225031246852467
3856,0.6265343584519699,0.9233017956083548,0.08225640357555987
3857,0.6265190732222082,0.9233240968576267,0.08225977360816564
3858,0.6265192952897444,0.9233228824521865,0.08225583836437697
3859,0.6265687191236833,0.9233101119797876,0.08225656498101826
3860,0.6265022793461459,0.923314673686299,0.08227120194572443
3861,0.6264818452150105,0.923310542401969,0.08227746370036215
3862,0.6265106293743289,0.9233053927080134,0.08228297008078894
3863,0.6264911793737296,0.9233207149690589,0.08228639507055592
3864,0.6264736701069228,0.9233004044223758,0.0822971796556855
3865,0.6264612234103645,0.9233002737584993,0.08230384694473418
3866,0.6264715516238637,0.9233128059614764,0.08230119673022193
3867,0.6264726766487142,0.9233249231144928,0.08230222177080082
3868,0.6265220952613475,0.9233352801482319,0.08230199344679417
3869,0.6265403159917766,0.9233233320896438,0.08230302956491055
3870,0.6265534495404557,0.923325914622732,0.08230535106826836
3871,0.6265393615565239,0.9233103809936509,0.08231106400246882
3872,0.6265477097023351,0.9233123716962398,0.08230937677273725
3873,0.6265398076017424,0.9233298499112473,0.08231292224842775
3874,0.6265103263235325,0.9233184360373308,0.08232355521048706
3875,0.6265398874692656,0.9233211146467988,0.08232603826670337
3876,0.6265032465961885,0.9233053965510686,0.08233631229746621
3877,0.6265101600586036,0.9233060613996166,0.08233417108551859
3878,0.6265024113363624,0.9232961309450036,0.08233819192515375
3879,0.6264946073591302,0.9233041936747939,0.08233718666792932
3880,0.6264099057798691,0.9232990362947279,0.08235335952677393
3881,0.6264375522291663,0.9233090205521134,0.082358214030045
3882,0.6264650183517972,0.9233011499750828,0.08236043172309994
3883,0.6265255801739931,0.9233047240164102,0.08236093301437623
3884,0.6265033660212387,0.9233169526180272,0.0823624621780535
3885,0.6264861697176117,0.9232982984281313,0.08237225996496914
3886,0.6265901165645712,0.9233148274085067,0.08238418446439931
3887,0.6265738526818055,0.9233052505149714,0.08239098656644377
3888,0.626577049946852,0.9233078983799977,0.0823929356978258
3889,0.6265938880287842,0.9232996204391168,0.08239310342976991
3890,0.6266087195935527,0.9232913655565671,0.08239793719217045
3891,0.6266409258116374,0.9233009424501025,0.08239766557588472
3892,0.6266315979334929,0.9233071989439531,0.08240423825507928
3893,0.6266322740807813,0.9233071451411804,0.08240508738156246
3894,0.6266278329249448,0.9232899551553121,0.08241420250170506
3895,0.6266386827647245,0.9232938789146619,0.08241246914313502
3896,0.6266596664615182,0.9232901396219613,0.08241316378639088
3897,0.6266712299764354,0.9232960233394584,0.08240898846940349
3898,0.6266772144182127,0.9232840752808703,0.08241182215039573
3899,0.6266911732367574,0.923289570849793,0.08240704751471749
3900,0.6266956481048862,0.9232874379541621,0.08240838877258876
3901,0.6267333263800087,0.9232809893075521,0.08241160788481273
3902,0.6267213217929388,0.9232858853598651,0.0824182616619523
3903,0.6267913082504369,0.9232911926190835,0.08241813072121647
3904,0.6268243105984884,0.9232958811464163,0.08241952335961397
3905,0.6268258619450973,0.9233031829512787,0.08242262337414157
3906,0.6268631543833497,0.9233127252573173,0.08241845960744527
3907,0.6268934081295671,0.9233465518291063,0.08241653138483464
3908,0.6269008339058436,0.9233412830004398,0.08242160274651987
3909,0.6269008339058436,0.9233412830004398,0.08242214800466714
3910,0.6268809582228094,0.9233629386164397,0.08244627326099625
3911,0.6269493053413757,0.9233377089591124,0.08244835725879832
3912,0.6269378059088055,0.9233350495649204,0.08249432901485493
3913,0.6270242155653163,0.9233496032149278,0.0824847975713135
3914,0.6269933246290055,0.9233367558814252,0.08249172746609222
3915,0.6269882600585737,0.9233195313080601,0.08249486294344646
3916,0.6270118088620195,0.9233344538913658,0.08249742422868653
3917,0.6269935674201434,0.9233247540200644,0.08250220864699662
3918,0.6269884480422245,0.9233213490731654,0.08250490328137292
3919,0.6270457908506303,0.9233612899457628,0.08250585526131668
3920,0.6270286335056112,0.9233632230025238,0.08250719495274303
3921,0.6270152355465652,0.9233575967697246,0.08251138508470808
3922,0.6269888247571457,0.9233381816549009,0.08252497314846415
3923,0.6270064491869403,0.9233392884547958,0.08252628520886783
3924,0.6270578464614109,0.9233653136245477,0.08252250177517256
3925,0.6270352808005217,0.9233735646640422,0.08252556288191219
3926,0.6270283571384195,0.9233655595800798,0.0825320482384291
3927,0.6270283571384195,0.9233655595800798,0.08253176902946982
3928,0.6270276509374281,0.9233652137051126,0.08253430566771142
3929,0.6270138953167542,0.9233760664929713,0.08253788593487062
3930,0.6269989133334958,0.9233737107001394,0.08254340991487276
3931,0.6269888022517441,0.9233584806724184,0.08254922887176712
3932,0.6270269708750436,0.9233833913561649,0.0825336871202338
3933,0.6270154752153965,0.9233840600477681,0.0825384808159313
3934,0.6270267650151625,0.9233981141006007,0.08253483380796627
3935,0.6269554825288105,0.9233938828968357,0.08255472057367373
3936,0.6269514939491936,0.9233920920331168,0.08255438050710856
3937,0.627021887782823,0.9233973839201144,0.08255613936383549
3938,0.6270300827822289,0.9234143625379472,0.08255191651620465
3939,0.6270558177776493,0.9234216797150304,0.08255552038196727
3940,0.6270581239501961,0.9234349997443215,0.08255649151191453
3941,0.6270863897288174,0.9234224291107925,0.0825606518516234
3942,0.6270981299176047,0.9234060154220729,0.08257235734402245
3943,0.6270478849317922,0.9233841215366512,0.08258946730848717
3944,0.6270637947855571,0.9233864043114345,0.08259137974731806
3945,0.6270615504053292,0.923367396560461,0.08259958306912554
3946,0.627054033906876,0.923390989076277,0.08260799381457838
3947,0.627054033906876,0.923390989076277,0.08260392250726489
3948,0.6270643241507367,0.9233972494131828,0.0826029018316932
3949,0.627077359713056,0.9233911082109879,0.0826050875043151
3950,0.6270924658233693,0.9233974799964942,0.08260777526965442
3951,0.6271140573012992,0.9234341734874555,0.0826046078429581
3952,0.6271422974062958,0.923440126379946,0.08260756987120949
3953,0.6271512351139781,0.9234484850249859,0.08261649418542384
3954,0.6272191063333304,0.9234589266059392,0.08260634795858544
3955,0.6272179545309139,0.9234771234722674,0.08260599128382083
3956,0.6272370882929357,0.9234791756637393,0.082622484324785
3957,0.6271895636818849,0.9235070224416515,0.0826296926949964
3958,0.6271954371140083,0.9235117724578672,0.08262901325096218
3959,0.6271786709151617,0.923517671547585,0.08263427882405457
3960,0.6272146971258703,0.92351777146702,0.0826346796123726
3961,0.6272227405590873,0.9235072876124596,0.08263548191360706
3962,0.6272466692755752,0.9235052776945949,0.08263554539163341
3963,0.6272766303158703,0.9235062384583925,0.08263653753417428
3964,0.627277287528098,0.9234811778954937,0.08265055866978925
3965,0.627277287528098,0.9234811778954937,0.08265099938037147
3966,0.6272702303942731,0.9234788874345999,0.08265259198667171
3967,0.6272780527989487,0.9234961811829583,0.08264904470713953
3968,0.6272522979209335,0.9234800019206053,0.08266353750881317
3969,0.6272338733252819,0.9234765277987128,0.08267553891008587
3970,0.6272169287676618,0.9234630809486004,0.08268473301521598
3971,0.6272160883184476,0.9234852553770511,0.082686827391929
3972,0.6271983011757216,0.9234987291285498,0.08268610901957303
3973,0.6271835913359939,0.9234915579875639,0.082688500185923
3974,0.6271877843272057,0.9234930798374194,0.08268340120323635
3975,0.6271794980371959,0.9234911429376033,0.08268677964522121
3976,0.6271572932424316,0.9234776115402766,0.0826949161560348
3977,0.6271585921300988,0.9234995476993054,0.08269632669101222
3978,0.6271325543679261,0.923498168042492,0.08270250686539869
3979,0.6271728006947062,0.9235216836972042,0.08274069830856162
3980,0.6271976989850978,0.9235417098578032,0.08274560406434917
3981,0.6272099218408391,0.9235379090762196,0.08274276631086648
3982,0.6271818201871037,0.9235432048062724,0.08275163315694524
3983,0.6271193189669453,0.9235277518813504,0.0827644907858774
3984,0.6270719023162598,0.9235039979572164,0.08277963328773764
3985,0.6270645335644288,0.9235123297008698,0.08278472172627292
3986,0.6271428433745464,0.9235437351478887,0.08278238143789773
3987,0.6271089567379653,0.9235277480382952,0.08279371949214388
3988,0.6270158432685394,0.9235021725060008,0.08282013225372735
3989,0.6270077060053105,0.9235093090594899,0.0828266732268388
3990,0.6269654203126432,0.9234918731180894,0.08283974160900456
3991,0.6269801212822405,0.923503548319759,0.08283873369117714
3992,0.6270168403678817,0.9235143780492866,0.08283619567740542
3993,0.6270457904598847,0.9235096241900156,0.08284388279362812
3994,0.6270384627236995,0.9235098394011063,0.0828479732492573
3995,0.6269751698904984,0.9235069955402652,0.08286086697119123
3996,0.6269778856096982,0.9235176638614746,0.08285744179374445
3997,0.6269967582147927,0.9235059732875843,0.08285966104446686
3998,0.6269985989133534,0.9234999358478797,0.08286731605087559
3999,0.6269550916449119,0.9235112498023613,0.08287469934145732
4000,0.6269899180319307,0.9235166492949043,0.08287732073653309
4001,0.6270186330356545,0.9234936486095876,0.08288158444907326
4002,0.6270225264395728,0.9234921882486151,0.08288158966671966
4003,0.6270269929011999,0.923498994299358,0.08287779380492624
4004,0.6269853799137103,0.9234811471510521,0.08289026471633681
4005,0.6269779175098016,0.9234747523072147,0.08288820716857151
4006,0.6269755103509298,0.9234607328418788,0.08289982205837773
4007,0.6269701049935366,0.9234616359598486,0.08290019646556687
4008,0.6269470769712904,0.9234619165028776,0.08290975060513125
4009,0.6269416229236284,0.9234584308518196,0.08291079512123431
4010,0.6269416229236284,0.9234584308518196,0.08291155382624633
4011,0.6269432761176726,0.9234553679368326,0.08291321736874019
4012,0.626961168802341,0.9234449109836584,0.08292009623529963
4013,0.6269493378693248,0.9234338160833228,0.08292472145432217
4014,0.6269200106356889,0.9234211916470212,0.0829377791867906
4015,0.6269278816506573,0.9234113687979536,0.08293734083164281
4016,0.6269280642082867,0.9234260761701686,0.08293949806831692
4017,0.6269630554393599,0.9234379857982048,0.08293908400047369
4018,0.6270281818039652,0.9234457526127453,0.08293586642967023
4019,0.627034695231221,0.9234417635214572,0.08294013832270174
4020,0.6270892388981166,0.9234462137793682,0.0829372780770401
4021,0.6270897299128156,0.9234469823904063,0.08293238299254564
4022,0.6271319550027922,0.9234377667440589,0.08293473094330261
4023,0.6271470193996238,0.9234534963689547,0.08294144986145659
4024,0.62718552609464,0.9234587459823452,0.0829407716555583
4025,0.6271760902309674,0.9234613438876541,0.08294666381260117
4026,0.6271873550825339,0.9234917655125442,0.0829467313011969
4027,0.6272382278985166,0.9234994554659809,0.08294478912579994
4028,0.6272945517773888,0.9235182326336429,0.08294340487019984
4029,0.6272465158847809,0.9235146432200947,0.08294860331636775
4030,0.6272882499912704,0.9235111498829264,0.0829512676017654
4031,0.6272909754473652,0.9235140590757057,0.08295364574215007
4032,0.6272960471319586,0.923515919114418,0.08295250212864289
4033,0.6272433615031338,0.9235103351552258,0.08296730260389056
4034,0.6272909860248864,0.9235292468298196,0.08296462203576592
4035,0.6272435819713958,0.923518497804451,0.08297187846358603
4036,0.6272132064554967,0.9235334472891431,0.08298818289192571
4037,0.6272468905451952,0.9235036367100284,0.08300705491466503
4038,0.6272183198970007,0.9235041170919273,0.08300514910251253
4039,0.627218358010442,0.9235106771871379,0.08300708323626649
4040,0.6272037829221027,0.9235118108884192,0.08301524667089676
4041,0.627209542039854,0.9235026144573476,0.08302135027981675
4042,0.6272540375601735,0.923504213168307,0.08301524438547041
4043,0.6272767996552098,0.9235065382166974,0.08301508918702845
4044,0.6272954487196618,0.9234982372174854,0.08301327234650774
4045,0.6273197370617806,0.9234904819321105,0.08301469881156415
4046,0.6273183671875417,0.9234820886995738,0.08301221605400753
4047,0.6272882558601462,0.923446532752949,0.08302372225764151
4048,0.6272809107670019,0.923430153651726,0.0830311530492874
4049,0.6272654563686398,0.9234452414864049,0.0830381215299234
4050,0.6272673148075681,0.9234552449590664,0.0830302529806881
4051,0.6272646430867223,0.9234601679127658,0.08303328518373866
4052,0.6272703541238527,0.9234557676145724,0.0830371917478664
4053,0.6272862794236668,0.9234454144238885,0.08304066422592057
4054,0.6272973505487103,0.9234328553195251,0.0830487255671639
4055,0.6272823468079588,0.9234247810605694,0.08305526486300667
4056,0.6273249793862932,0.9234596721586462,0.08303997284136747
4057,0.6272733988913944,0.9234409756951432,0.08306343310622838
4058,0.6272625464768907,0.9234437234796046,0.08306188997053153
4059,0.6273100279283329,0.9234502835748152,0.08306087589919016
4060,0.6272991379301609,0.923457151114441,0.08306751712569742
4061,0.6273058630610382,0.9234651677275689,0.08306844863659114
4062,0.6272924175261794,0.9234518669135537,0.08310041173643122
4063,0.6272818039507562,0.9234641531609986,0.08309841193719777
4064,0.6273231654810733,0.9234926109846862,0.08309324244949841
4065,0.6273210221432863,0.9234776499708285,0.08310121502092288
4066,0.6272796253486067,0.9234749060294223,0.08310748813375418
4067,0.6272686406945395,0.9234732496726351,0.08311652610208184
4068,0.6273147253204314,0.9234734725698361,0.08311378484693374
4069,0.627375713123926,0.923479775180349,0.08312080728722064
4070,0.6273876081368999,0.9234697870799082,0.08312532320525609
4071,0.6274200147554805,0.9234813892635291,0.08312504728713155
4072,0.6274188397785797,0.923483864191072,0.0831329775529663
4073,0.6274233052629176,0.9234806168094358,0.08313703014867573
4074,0.6274355077115481,0.9234867157380235,0.08315564088277563
4075,0.6273956048763102,0.9234843445729708,0.0831590014601958
4076,0.627472537124633,0.9235239818442083,0.08314962217133687
4077,0.6274396993409217,0.9235183978850161,0.08315229287234426
4078,0.6274479622343405,0.9235339622585387,0.08315498118945672
4079,0.6274107942601423,0.9235240587053121,0.08316873475579939
4080,0.6273890802932458,0.9235048818599102,0.08318159548042074
4081,0.6274387541201938,0.9235042785002453,0.08319066179025311
4082,0.6275194912945913,0.9235995094078722,0.08319057404792861
4083,0.6275069569205466,0.9235990751426356,0.0831945625608794
4084,0.6275051076804717,0.9235794332875557,0.08320409056376804
4085,0.627495401066582,0.9235812087790538,0.08319935590837507
4086,0.6275057982933143,0.923593764040362,0.08320139795804579
4087,0.6275376168866011,0.9236030104311509,0.0832026009492585
4088,0.6275518742421093,0.9236112999011974,0.08320302452619602
4089,0.627543515063161,0.9236055775920183,0.08321735232791488
4090,0.6275458902367179,0.9236020304520772,0.08321937520469709
4091,0.6275164064660921,0.9235905935198295,0.08323016584584862
4092,0.6275327055569487,0.9235965310400993,0.08322961325157653
4093,0.6275308617930039,0.9235928148057299,0.08323184306298612
4094,0.6274956668339664,0.9235891754324642,0.08324095672235936
4095,0.627487600949202,0.9235791950181338,0.0832479857959579
4096,0.6275833301085795,0.9235811165457292,0.08324446152613123
4097,0.6276092131474011,0.9235791335292507,0.08325246475255103
4098,0.6276130051885412,0.9235739684630744,0.08325836866623137
4099,0.6275816938672487,0.9235552335690195,0.08325094125102295
4100,0.6275816938672487,0.9235552335690195,0.08325187718381837
4101,0.627614294616017,0.9235469594711938,0.083258100956926
4102,0.6276332316857574,0.9235514558457669,0.08325250299852109
4103,0.627643678537557,0.9235161381685639,0.08326150811864526
4104,0.627654637467216,0.9235134480299304,0.08326276481463173
4105,0.6276683387121652,0.9235131290563495,0.08326119247215612
4106,0.6276799338746868,0.9235347577709632,0.08326025564094554
4107,0.6276869483490881,0.9235263952828681,0.08326396143254795
4108,0.6276683935977212,0.9235270831897472,0.08326882320302777
4109,0.6276775483929538,0.9235417021716928,0.08327083494277933
4110,0.6276775483929538,0.9235417021716928,0.0832713718822727
4111,0.627657330968388,0.9235588575700643,0.08327626266284935
4112,0.6276492378901188,0.923573457336734,0.08328316096792591
4113,0.6276953761516137,0.9235989598509798,0.08328315607451436
4114,0.627718122593564,0.9235935718876024,0.0832868892983021
4115,0.6277409667564324,0.9235911200183907,0.08328878296526723
4116,0.6277239221134683,0.923588103220066,0.08329098517051471
4117,0.6277136265555312,0.923599770735625,0.08329025948478053
4118,0.6277243373164461,0.9236016884201653,0.08329174611644419
4119,0.6277248318117397,0.9236014309354675,0.08329344307273512
4120,0.6277259232236807,0.9236038866477344,0.0832941391185282
4121,0.6277265679889895,0.923608190869548,0.08329470893733378
4122,0.6277326284312523,0.9236086212917294,0.08329940715842218
4123,0.6276324400951546,0.9235843754565309,0.08332410567392805
4124,0.62763551971513,0.9235866390160383,0.08332623713103413
4125,0.6276180866749373,0.923581051213791,0.08333417712186446
4126,0.6276338157554433,0.9235650794764182,0.08333499718057871
4127,0.6276862763105614,0.9235846252551183,0.08332975356114314
4128,0.6277299879690511,0.9236120723552907,0.08332769939239909
4129,0.6276972940037086,0.9235977377594292,0.08334190326879037
4130,0.6276503993935685,0.9236084368250802,0.0833518474802685
4131,0.6276071845889799,0.9236042901685294,0.0833604368905532
4132,0.6276061634860456,0.9236058811933784,0.08335858744593233
4133,0.6275876125991733,0.9236393004013171,0.08336512705919145
4134,0.6276005622327927,0.9236483661685122,0.08336454798172459
4135,0.6276112382882006,0.9236429205593069,0.0833612451038743
4136,0.6275167218449087,0.9236249850207316,0.08338107909779441
4137,0.6275078295181541,0.9236189475810269,0.08339182943304159
4138,0.6274810147972416,0.9236117072650476,0.0833964544397611
4139,0.6275062280785617,0.9236336664824075,0.08339527649377407
4140,0.627508110990957,0.9236298541716583,0.08339222894054206
4141,0.6275468787371137,0.9236374019320529,0.0833878339898865
4142,0.6275885457542301,0.9236314567256728,0.08338725475956925
4143,0.6275949064830603,0.9236318371881368,0.08338643217137445
4144,0.6276395040085297,0.9236557333053128,0.08338444504653009
4145,0.6276334285183641,0.9236693607790193,0.08338717809367961
4146,0.627683916682925,0.9236753597881721,0.08338321767532626
4147,0.6276919824170342,0.9236792259016939,0.08338228973998589
4148,0.627718974839734,0.9236900018284488,0.08337448292867689
4149,0.6276985925570159,0.9236827576694142,0.0833815976830904
4150,0.6276990623365335,0.9236774273518646,0.08337945914100929
4151,0.6277124590106956,0.9236787147753536,0.08338623794256751
4152,0.627730576178491,0.9236909164755842,0.08338188457416013
4153,0.6277275797594231,0.9237044248145797,0.08338259533365737
4154,0.6276991583383134,0.9237051473089556,0.08339855695362473
4155,0.6276950239210721,0.9237053817353222,0.08339946596632702
4156,0.6276535548985224,0.9236830343693879,0.08341467294229225
4157,0.6276535548985224,0.9236830343693879,0.08341466258665647
4158,0.6276815519189255,0.9236701293900574,0.08342292532757827
4159,0.6276327475970512,0.9236564557996887,0.08344337935554104
4160,0.6276759871383808,0.923640906798387,0.0834421784020358
4161,0.6276764376557114,0.9236413756511201,0.08344152865290966
4162,0.6276911721117949,0.9236556180136571,0.08344232287375186
4163,0.6277043151225437,0.9236631542448862,0.08344849652394744
4164,0.6277109984949469,0.923663008208789,0.08344683497475305
4165,0.627730105120609,0.9236459757881835,0.08345110990182966
4166,0.6277423943262498,0.9236457067743201,0.08345539763754585
4167,0.6277605565961518,0.9236520209139986,0.08345228935631024
4168,0.6277728905473969,0.9236606946895641,0.08344993331514834
4169,0.6277988943701884,0.9236758516992365,0.08344829327929594
4170,0.6278106210152994,0.9236942829919313,0.08344970340423735
4171,0.6278316025981968,0.9236907627533766,0.083450231588115
4172,0.6278137637725935,0.9236893023924041,0.08345929778875272
4173,0.6278075885172402,0.9236807362223839,0.08346268006720772
4174,0.6278246075826704,0.9236886836605184,0.08346366179680202
4175,0.6278086239829386,0.9236931992503675,0.08346712266666396
4176,0.6278064189270949,0.9236916620282912,0.08346551797119478
4177,0.6278704106481044,0.9237207847005268,0.0834667854920386
4178,0.6278903273793818,0.9237307497426364,0.08347086669823749
4179,0.6278920612563735,0.9237316451744958,0.08346479950699313
4180,0.627875461038429,0.9237234594669395,0.0834695972716434
4181,0.6279149775804446,0.9237296583149622,0.08347837006030114
4182,0.6279838668316943,0.9237109503222936,0.08349136813679128
4183,0.627992062793885,0.923700139808042,0.08349934541195038
4184,0.6280056418148424,0.9237016578148424,0.0834983661473413
4185,0.627969600629973,0.9237098857960058,0.08350445233005464
4186,0.6279861058424214,0.9237185826299025,0.08349897829284487
4187,0.627983840564671,0.9237129948276551,0.0835074461848035
4188,0.6279900921895684,0.9237171184258748,0.0835062979418385
4189,0.628037917617674,0.9237469635924861,0.08350861112598638
4190,0.6280550578705121,0.92375570269999,0.08351361152814724
4191,0.6280534984039153,0.9237785919367061,0.08351875652920247
4192,0.6280092045490069,0.9237750371106546,0.08353161366399883
4193,0.6280343331178102,0.9237658944823558,0.0835387614460143
4194,0.6280115163935149,0.9237625241229535,0.08354685666232792
4195,0.6280307695222995,0.9237737881177176,0.0835482753241396
4196,0.6280340348802879,0.92377575191892,0.08355091316330635
4197,0.6280342175171444,0.9237685654057134,0.08355866711951138
4198,0.628050096510007,0.9237587579288665,0.08357018305411999
4199,0.6280488644216531,0.9237549917347796,0.08357523408688715
4200,0.6280159615841254,0.9237094745891004,0.08359810132602065
4201,0.6280351583824262,0.9237192820659471,0.08358817731176317
4202,0.6280176802862952,0.9237204618838907,0.08359145506915198
4203,0.6280419890816499,0.9237214495490748,0.08360082366711896
4204,0.6280781584362516,0.9237285438289569,0.08359691145565307
4205,0.628068185461032,0.9237194473173204,0.08360019540782904
4206,0.628068185461032,0.9237194473173204,0.08359960458308566
4207,0.6280273632671715,0.9236946327099537,0.08361583514600752
4208,0.6280916896845061,0.9237287974705994,0.08362395639208511
4209,0.6281459971505653,0.9237533238488268,0.08362013188722994
4210,0.6280789063667741,0.9237292202066705,0.08363692065327362
4211,0.6280857631414835,0.923732836521605,0.08363870359015428
4212,0.6280820667965329,0.923739950016763,0.08363787853131766
4213,0.6281318355588419,0.9237701103139001,0.08363529191784257
4214,0.6281108442565044,0.923764145892244,0.08364439329578781
4215,0.6281155076043086,0.9237775005090318,0.08365458319753541
4216,0.6281231501902791,0.9237726659456019,0.08365312282298407
4217,0.6281784918688741,0.9237930226089474,0.083649367261265
4218,0.6282110934510937,0.9238346736411047,0.08364574071899786
4219,0.6282038944942192,0.9238430860889173,0.08365191690656448
4220,0.6282388829328915,0.9238522902060992,0.08365402472727108
4221,0.6282292692464516,0.9238511526617627,0.08366113750499449
4222,0.6282217891651781,0.923831091913667,0.08368070511021575
4223,0.6281843887002273,0.9238306614914855,0.08369222319717359
4224,0.6282004008933199,0.9237983836709385,0.0837018582446213
4225,0.6281776175059597,0.9237807978503856,0.08370934183968896
4226,0.628160861029308,0.923781712497521,0.08371074853896072
4227,0.6282313342137221,0.9237987756625679,0.08372379417644026
4228,0.6282458916687471,0.9238190900523062,0.08371830203535864
4229,0.6282273295055301,0.9238213228673721,0.08372750882245171
4230,0.6282593794133311,0.9238211922034956,0.08372476374856883
4231,0.6282959653681346,0.9238448116206979,0.08372006148214481
4232,0.6283080270329235,0.9238376481658224,0.08372217997657236
4233,0.6283281649042848,0.9238284017750334,0.08372617201265814
4234,0.628322502097877,0.9238112848072138,0.08373340687484776
4235,0.6282824830514698,0.9238200508161039,0.08374079585060965
4236,0.6282944186203521,0.9238033066246378,0.08374437748102849
4237,0.6283374308021517,0.9237848791749981,0.08374207030762605
4238,0.6283292853719785,0.9237650297949379,0.08375073665988164
4239,0.6283226448330217,0.923765717701817,0.08375069789733512
4240,0.6282858675673239,0.9237374289725578,0.08376887277620103
4241,0.6282883000755606,0.9237363567601596,0.08376836251771776
4242,0.6282633660691566,0.9237346696589309,0.0837734416003172
4243,0.6283381293340682,0.9237313146717494,0.083772232033659
4244,0.6283405405061725,0.9237157695135028,0.08377738297229784
4245,0.6283185815111383,0.9237050819770173,0.08378424187536279
4246,0.6283707135087243,0.9237386741224397,0.08377678429759067
4247,0.6283843782443885,0.9237357149699428,0.0837770233766078
4248,0.628400904263532,0.9237314837661778,0.08378167194599834
4249,0.6284246124982049,0.9237236862071958,0.08378716309079258
4250,0.6283332942730346,0.9237131216484764,0.08383323803007992
4251,0.6283784503973138,0.9236884722924829,0.08381432198631425
4252,0.628393815152658,0.9236707980816606,0.08381934359532778
4253,0.6283975709895765,0.9236681425305238,0.08381761423536621
4254,0.6283137295194584,0.9236859858357744,0.08387795280526353
4255,0.6282694083165379,0.9236956741779103,0.08389373879057722
4256,0.6282631175849255,0.9236946096516225,0.08389988541724412
4257,0.6282658536230977,0.9236965427083834,0.0838954136093068
4258,0.6282722779367433,0.9237052087978386,0.08389658069813181
4259,0.6282065023905189,0.9236867813481989,0.08391286040281132
4260,0.6282415749791747,0.9236723852634544,0.0839151079088744
4261,0.628230045839566,0.9236706328302874,0.08392131106589772
4262,0.6282288368720539,0.9236855016108204,0.08392336659689681
4263,0.6282091821437787,0.9236864316301766,0.08393200998701496
4264,0.6281687504662288,0.9236805210112932,0.08394552942100426
4265,0.6281668735977967,0.9236773043740986,0.08395838797212486
4266,0.6281387647816,0.9236724313801167,0.08396389291083468
4267,0.6281579364432915,0.9236760054214441,0.08396073761012764
4268,0.6281589674010843,0.9236749024646044,0.08396151859709756
4269,0.6281637119681124,0.9236660826529416,0.08396645586116663
4270,0.6281359329654069,0.9236592381716469,0.08397658342897964
4271,0.628151920276413,0.9236628314282501,0.08397381033315084
4272,0.6281387502598559,0.9236670049861874,0.08397643514214145
4273,0.6281141459690849,0.923673265323093,0.0839817052127683
4274,0.6281261969119074,0.9236768393644205,0.08399158830861062
4275,0.6282604241657884,0.9236373711876115,0.0840758881483867
4276,0.628225938053337,0.9236262878164413,0.08408897395579633
4277,0.6282926082789688,0.9236306035674205,0.08410327789839543
4278,0.6282834243173739,0.9236021803312296,0.08410972493391923
4279,0.6282359598265509,0.9235952513027208,0.08412056600107892
4280,0.6282383030201789,0.9236093630013812,0.08412160427240566
4281,0.6281952641363797,0.9236037867282995,0.0841320619999391
4282,0.6282110983804379,0.9235996554439694,0.08413795121700306
4283,0.6282236055472072,0.9235896673435287,0.08413843860787924
4284,0.6282341102907392,0.923596949933115,0.0841379482561642
4285,0.6282076313482717,0.9235923113654998,0.08415078908645829
4286,0.6282007558797161,0.9235776616391127,0.084166430055782
4287,0.6282709844504442,0.9235835261413338,0.08416116556934235
4288,0.6282371803264304,0.9235855475883641,0.0841733595426641
4289,0.6282284533956313,0.9235897634199084,0.08417787972014058
4290,0.6282721493923501,0.9236084829417426,0.08417469805245711
4291,0.628249038891825,0.9236011849799353,0.08418353173222493
4292,0.6282666056724246,0.9236231903139576,0.0841853510534179
4293,0.6282547757839032,0.9236140169412173,0.08418792478761877
4294,0.6282780212615802,0.9236122107052775,0.084194494019021
4295,0.6283317544044315,0.9236215647016118,0.08419209578761008
4296,0.6283915217527704,0.9236241049610929,0.08418868853807261
4297,0.6284244667782831,0.9236367947293328,0.08418832842510722
4298,0.6284322154524559,0.9236226330709549,0.08419411499003762
4299,0.6284202479234893,0.9236100970249227,0.08420721201948969
4300,0.6284140698796925,0.9236155541632936,0.08420890157274825
4301,0.6284266683090404,0.9236087903861578,0.0842048084190626
4302,0.6283917350213002,0.92359110464617,0.08421806069825732
4303,0.6284665865948921,0.9236095666833063,0.08420536921473602
4304,0.6284584774456695,0.9236151391133329,0.08421133471245416
4305,0.6284476983869315,0.9236279249579525,0.08422707542046842
4306,0.6284908837407664,0.9236339316532157,0.08421883818740337
4307,0.6284839255860024,0.9236432933356604,0.0842149659096744
4308,0.6285049362047684,0.9236457836354239,0.08422390548335991
4309,0.628544272971798,0.9236667129139928,0.08422549891863139
4310,0.6285758670758869,0.9236806824196112,0.08422348723069159
4311,0.6285730403717776,0.9236658213251886,0.0842310528796212
4312,0.6285698125326679,0.9236678389291637,0.08423903616750979
4313,0.6285279421347283,0.9236627353518704,0.08425277178656884
4314,0.6285419019325156,0.9236589883730594,0.0842634529968059
4315,0.628538560335044,0.9236690418054384,0.0842695462148666
4316,0.6285504375019042,0.9236950247015832,0.08427090697692768
4317,0.6285256268855767,0.9236635001198533,0.08428389885785806
4318,0.6285139232871821,0.9236578777301093,0.08429423017225128
4319,0.6285139232871821,0.9236578777301093,0.0842906164657163
4320,0.6285487278164522,0.923667523798638,0.08428541119476145
4321,0.628509153493328,0.9236490463892809,0.08430344651799791
4322,0.62851985072722,0.9236595302438413,0.08431335863678054
4323,0.6285129952540394,0.9236579891787098,0.08430321442740045
4324,0.6285394404594207,0.9236652871405171,0.08430394237421791
4325,0.6285591213090607,0.9236545573304245,0.08430982140409517
4326,0.6285499465985837,0.9236561483552734,0.0843228675827412
4327,0.628497593320624,0.923647436149156,0.08433849967893393
4328,0.6284698522504566,0.9236370329987547,0.08435020977936201
4329,0.6284965051825024,0.9236422633968693,0.08434918391898756
4330,0.628521805204615,0.9236460795506737,0.08436081367680849
4331,0.6285470860336637,0.9236570630024088,0.08436304286571111
4332,0.6285580313285919,0.9236672932153266,0.08436206747606492
4333,0.6285397037095387,0.9236528856014165,0.08436891813233766
4334,0.628583920227462,0.9236564634857991,0.08437234328404541
4335,0.6285883971227727,0.9236639113267587,0.08436917498410787
4336,0.628590466783443,0.9236699910400705,0.0843756130599101
4337,0.6286476701002142,0.9236748256035006,0.08437523474134229
4338,0.6286093959095771,0.9236542229846229,0.08438133580455003
4339,0.6286068973382802,0.9236533621402602,0.08438056999899594
4340,0.6286628432075136,0.9236820543903144,0.08436931144600512
4341,0.6286598954208875,0.923706707589363,0.08437081348741994
4342,0.628669253497052,0.9237368832587208,0.08437435333853925
4343,0.6286183130218882,0.9237291395025115,0.0843745295209096
4344,0.6286481040531794,0.9237306344509806,0.08437791112445338
4345,0.6286481040531794,0.9237306344509806,0.08437832666302707
4346,0.6286979418083277,0.9237404073403307,0.08437674107145902
4347,0.6287189566171876,0.9237475208354888,0.08437369283105668
4348,0.6286915717695504,0.9237545344112119,0.08438171102160005
4349,0.6287008638039684,0.923754434491777,0.08438629892232577
4350,0.6287096264183617,0.9237356919116116,0.08439399783917714
4351,0.6287096264183617,0.9237356919116116,0.08439562070920122
4352,0.6286967583069305,0.9237301233246402,0.08440462961947806
4353,0.6286789747420944,0.923724819908477,0.0844093715347379
4354,0.6286859845498447,0.9237297851357835,0.08441308913805493
4355,0.6286856836726398,0.9237234940544362,0.0844183985114432
4356,0.6286866093239913,0.9237240436113285,0.08441645313302738
4357,0.6286820152302677,0.9237200353047645,0.08441807773971707
4358,0.6286427042435536,0.9237129102804409,0.08443152863108545
4359,0.6285971882816488,0.9237002012969251,0.08444360711012516
4360,0.6285988715134188,0.9236991559859131,0.08444632971641274
4361,0.6285877934124752,0.92369314929065,0.08444696307295176
4362,0.6285588061537009,0.9237131600790283,0.08445820753369762
4363,0.6286965620346189,0.9237442619246871,0.08448569706362355
4364,0.6286587449222936,0.9237476476563101,0.08449706585788631
4365,0.6286589495799723,0.9237512140115272,0.08449536870839225
4366,0.6287172489737561,0.923773292363598,0.08451805123264557
4367,0.6287071379843057,0.9237703677985979,0.08452672776682048
4368,0.6286982472309726,0.923781351250333,0.08453584611258332
4369,0.6287031603093587,0.9237853557138418,0.08453542486641234
4370,0.6286985507131015,0.9237741339926848,0.08454085566514742
4371,0.628713553510826,0.923767570054419,0.08454349318991967
4372,0.6286880507536245,0.9237381822113753,0.08455788552635274
4373,0.6287197899861094,0.9237476745576965,0.08455118830946975
4374,0.6287251357417302,0.9237555874083342,0.08455437049636658
4375,0.6287797641458204,0.9237695107972903,0.08455223660440386
4376,0.6287671753870584,0.9237642073811271,0.08456067455706506
4377,0.6287712515381138,0.9237771123604576,0.08456124088582666
4378,0.6287030687530727,0.9237448883426831,0.08458806053997012
4379,0.6287141777319855,0.923734873340856,0.08459541356670712
4380,0.628705181195159,0.9237227100711773,0.08460140204807885
4381,0.6287193162659171,0.9237141054706052,0.08460120293451168
4382,0.6287633987712393,0.9237197163311837,0.0845978628154016
4383,0.6287385171796008,0.9237113922736405,0.08461113370778808
4384,0.6287683745326486,0.9237182982438183,0.08461296779523828
4385,0.6288147253764574,0.9237106736223198,0.08460908498539174
4386,0.6288436857860291,0.9237225794073008,0.08461034271866749
4387,0.6288436857860291,0.9237225794073008,0.0846053995891882
4388,0.6288647264775689,0.923706284853292,0.08461446671227728
4389,0.6288477574702284,0.9237049859006375,0.08462077135385795
4390,0.6287936953834836,0.9236983758457095,0.08464004603643453
4391,0.6287847911495537,0.923709528391873,0.08464743800203037
4392,0.6288120267860305,0.9237144129150204,0.08465402148847456
4393,0.6288565541338184,0.9237112731389296,0.08465005131160097
4394,0.6288747964361037,0.9237408185472361,0.08465187761903888
4395,0.6288830297473417,0.9237376787711453,0.08465610186853771
4396,0.6288548090558307,0.9237332746298967,0.08466136879404963
4397,0.6288400265742514,0.9237305268454353,0.08466563158637717
4398,0.6288519657809708,0.9237370946267562,0.08466493890032915
4399,0.6289083195616711,0.9237310072273341,0.08466396129320593
4400,0.6288885793956644,0.9237195587659209,0.08466928054145284
4401,0.628861023660934,0.9237145474219521,0.08466621305752459
4402,0.6289040299389416,0.9237120148485815,0.08466661590242093
4403,0.6289229558229642,0.9237229790850406,0.08466858300871107
4404,0.6289782372698381,0.9237305230023801,0.08466858360608429
4405,0.6290268314631168,0.9237257537708884,0.08466677903393834
4406,0.6290785519914045,0.9237293162830502,0.08466654119230951
4407,0.6290741178161664,0.9237365911865263,0.08466867314365842
4408,0.6290463709947407,0.9237396963751204,0.08467589353975497
4409,0.6290480532287568,0.9237393505001532,0.08467546905379754
4410,0.629060320211448,0.9237338972048376,0.0846605750815623
4411,0.629070755715372,0.9237645032963767,0.08466702216994593
4412,0.6290398975594617,0.9237563982929794,0.08467662663873726
4413,0.6290779909482846,0.9237694723667383,0.08467369843127898
4414,0.629071168961758,0.9237601145273489,0.08467893674168843
4415,0.6289632312740769,0.923777723406233,0.0847035508649136
4416,0.6289819458448059,0.9237687075987554,0.08470215719458628
4417,0.6289217498717969,0.9237603527967707,0.08471221162886347
4418,0.628956716330438,0.9237574013303842,0.08471639081826186
4419,0.6289680659578631,0.9237541078320858,0.0847172529013919
4420,0.6289680659578631,0.9237541078320858,0.08472093306568002
4421,0.6289505771742506,0.9237508297060081,0.0847287346623358
4422,0.6289488632977353,0.9237425671373479,0.08472944686338461
4423,0.6290041321296466,0.9237652450060285,0.08472594668345663
4424,0.6290087840935676,0.9237655908809957,0.08473311926149403
4425,0.6290345584586634,0.9237482971326373,0.08473381403911634
4426,0.6290522557021225,0.9237474747188266,0.08473163184423341
4427,0.6290366821211261,0.9237540963029202,0.08473333276801687
4428,0.6290578706657868,0.9237625663965606,0.08473007240921505
4429,0.6291080683663166,0.923764568628315,0.08472685266838442
4430,0.6290961004556667,0.9237632850478813,0.08472302415823008
4431,0.6291185470999275,0.9237612559147406,0.0847228612694714
4432,0.6291614230717231,0.9237738918802078,0.08471970860996791
4433,0.6291255166171921,0.923776355278585,0.08472591652985417
4434,0.6291566368806465,0.9237751216578688,0.08472271191808324
4435,0.6291830544219364,0.9237862549887564,0.08472683001603128
4436,0.6291745859766386,0.9237714438540513,0.08473572439313644
4437,0.6293297393567847,0.9237485815187214,0.08478699931082329
4438,0.6292959275402045,0.923731891130028,0.08479251762989835
4439,0.6293005829462842,0.9237278866665193,0.08480806116304458
4440,0.6292869336889049,0.9237172452466961,0.08481647323427764
4441,0.6292773967807049,0.9237018230662155,0.08482598853886474
4442,0.6292996928353564,0.9237133637609534,0.08481815135503111
4443,0.6292651196264168,0.9237034525216165,0.08482839174308719
4444,0.6292614081745118,0.923708863543325,0.08483709314712833
4445,0.629183426935456,0.9236882186508403,0.08485865584898047
4446,0.6292296522561563,0.9237178601355266,0.08487899149371846
4447,0.6292559231644556,0.9237253963667557,0.0848784251670308
4448,0.6292406446114408,0.9237207808574716,0.08488240430223118
4449,0.629209101667706,0.9237400153487013,0.08489362915430913
4450,0.6291702952554171,0.9237380323322228,0.08491313965174133
4451,0.6291928905642564,0.9237486660659356,0.08491210063759143
4452,0.6291979898482631,0.923750768217125,0.08491200901913518
4453,0.629206857597769,0.9237417331943716,0.08491476845644659
4454,0.6292341338512977,0.9237314107481291,0.0849177100313049
4455,0.6292338970685553,0.9237250966084508,0.08492363768822014
4456,0.6292290951881486,0.9237220452226294,0.08492343277769399
4457,0.6292128770098115,0.923704028979895,0.08493557630454732
4458,0.6291985436019587,0.9236903131159192,0.08494235969153381
4459,0.629191930497074,0.9236859128177258,0.08494364405892788
4460,0.6291786913670125,0.9236884184897102,0.08494452495602808
4461,0.6291465459688486,0.9236669281250836,0.08495804046971193
4462,0.6291369495342118,0.9236514175543337,0.08497612522988593
4463,0.629154088682438,0.923655333627573,0.0849760315917267
4464,0.6291892054251257,0.9236464138964753,0.08498025855826277
4465,0.6292089921313004,0.9236266874941811,0.0849945247148113
4466,0.6292487764394432,0.9236482278185253,0.0849949299362751
4467,0.6292528886232741,0.9236378169820135,0.0850019736536381
4468,0.6292377504938341,0.9236420251274474,0.08500296211010482
4469,0.6292303949631851,0.9236440850050297,0.08500458103365571
4470,0.6292130485452259,0.9236492462281508,0.0850129397753931
4471,0.6292553616647528,0.923684463985919,0.08501186954262335
4472,0.6292195352436339,0.9236692185859772,0.0850276507827149
4473,0.6292401899673699,0.9236787186184088,0.08502697657053179
4474,0.6292127165300074,0.9236580852550896,0.08504037425179244
4475,0.6291921567522966,0.9236519248376188,0.08504613037057229
4476,0.6292394277389056,0.9236705598122388,0.08504907948850012
4477,0.6292555400538837,0.9236690840790456,0.0850464929440202
4478,0.6292612247082615,0.9236719087246107,0.08504943545100029
4479,0.6292697364548162,0.9236594072660752,0.0850559162090197
4480,0.6292642831491133,0.9236654562349454,0.08505803920552167
4481,0.6292795695847809,0.9236670511028496,0.08506917856480214
4482,0.629317731980584,0.9236853325163921,0.08507103979812378
4483,0.629360500692052,0.9237001359649868,0.08506852549287422
4484,0.6293820865555501,0.9237000706330486,0.08506448774031723
4485,0.6293820865555501,0.9237000706330486,0.0850639014712016
4486,0.6294246419320078,0.9237216301726687,0.08506302270413542
4487,0.6294419615613148,0.923734612013103,0.08506526350213274
4488,0.6294350974726476,0.9237197201742389,0.08507221432411505
4489,0.6294501853414074,0.9237175949647184,0.08510096372715653
4490,0.6294656007312334,0.9237221067115123,0.0851063604711694
4491,0.6294862060647026,0.9237172106591993,0.08511872336908131
4492,0.629453772241737,0.9237061388171948,0.08512952066151246
4493,0.6294567835479858,0.9237158848051585,0.08513394432911799
4494,0.6295248963902759,0.9237316221161647,0.08512736008682056
4495,0.6294952771964911,0.9237160692718077,0.08513796729181657
4496,0.6294430451731601,0.9237084177489229,0.08514723419063981
4497,0.6294346308620701,0.9236923537782256,0.0851507612484449
4498,0.6294199898651762,0.9236922384865698,0.08515534082739336
4499,0.6294534590997137,0.9236922730740665,0.08515502777462573
4500,0.6294969095368608,0.9237079642684104,0.08515386973478181
4501,0.6295064836900284,0.9237103584917942,0.08515432758692826
4502,0.6294670655170329,0.9237106467209335,0.08516726305985459
4503,0.6295547093600928,0.9237281287789962,0.08516252448633292
4504,0.6295405562225327,0.9237346850311516,0.08517517861179698
4505,0.62956377394587,0.9237139786497839,0.08517965331290019
4506,0.6295653558763566,0.9237204695700011,0.08517731730435397
4507,0.629633641872205,0.9237296045121896,0.0851732660802237
4508,0.629677181347945,0.9237472864091222,0.08516551389106963
4509,0.6296673492954636,0.9237712094276846,0.08516623267631901
4510,0.6296753763656926,0.923794648221293,0.08516666422978039
4511,0.6296755246843154,0.9237932916228107,0.08516706402622339
4512,0.629714215440096,0.9237989639722722,0.08516656364291887
4513,0.6296879701478298,0.9237992176139148,0.08516407797838339
4514,0.6296374074237886,0.9236933145420232,0.08532237405796526
4515,0.6297067443388104,0.9237098012487915,0.08531477982099928
4516,0.6297034710549549,0.923704028979895,0.08531350341605767
4517,0.6297037361389649,0.9236840143484616,0.08532692759527191
4518,0.6296973576895772,0.923683718433212,0.08533343182995577
4519,0.62972799249873,0.9236693031331914,0.08534529746715346
4520,0.6297596729434045,0.9236760592242167,0.0853441113719541
4521,0.6297703705126957,0.9236885722119178,0.08534555655029467
4522,0.6297601667250498,0.9236844293984222,0.08534955930468613
4523,0.6297654463263224,0.9236864777468389,0.0853584826543947
4524,0.6297935835885069,0.9236859281899465,0.08535927623617287
4525,0.6297959394675924,0.9236768201491445,0.08536445970332351
4526,0.6297959394675924,0.9236768201491445,0.08535543153126234
4527,0.6297834337958652,0.9236733498703072,0.08534709577305036
4528,0.6297799563190798,0.9237110617708941,0.08536384547196323
4529,0.629758375655102,0.9237006086607753,0.08537229977580335
4530,0.629797448752519,0.9237120801805196,0.08537014262246306
4531,0.6298020529798402,0.923720042990875,0.08537152929346532
4532,0.6298421794219871,0.9237345082506129,0.0853695109305888
4533,0.6297930108361541,0.9237347080894829,0.08539282491102596
4534,0.6297553688104706,0.9237516098462117,0.0853965700526339
4535,0.6297533884885247,0.9237631505409496,0.08539393334533428
4536,0.629744405472179,0.9237632005006671,0.08540001037779041
4537,0.6297494315529264,0.9237779539895444,0.08540763650947757
4538,0.629724616814466,0.9237747335092945,0.08541313048532176
4539,0.6297727585444298,0.9237955282809317,0.0854084538168712
4540,0.6297477139492206,0.923795693532305,0.08541414236783038
4541,0.6297335333955488,0.923794244700498,0.08541817500315471
4542,0.6298280406170681,0.9237795719157796,0.08547915063998322
4543,0.6298357119802277,0.9237689573973429,0.08548872893709436
4544,0.6298357119802277,0.9237689573973429,0.08548792049025981
4545,0.6298071528020313,0.923762009153558,0.08547993001434358
4546,0.6297996690650977,0.9237494039325322,0.08550107264160255
4547,0.6298269291269645,0.923731468393957,0.08551308627332213
4548,0.6298583383526453,0.9237451957870983,0.08551627132627537
4549,0.6298593182407518,0.923745995142578,0.0855150573136612
4550,0.6298863288013595,0.9237554067847402,0.08552704751909884
4551,0.6298781398477684,0.9237540386570924,0.08553123811980647
4552,0.6298771846992647,0.9237554990180649,0.08553474705925923
4553,0.6298680432115189,0.9237535160015864,0.08554772463709202
4554,0.6298856434786383,0.923756067790233,0.08555586882607144
4555,0.6298778864156335,0.9237477322035244,0.0855594598307251
4556,0.6299127208487315,0.9237268490416177,0.0855654905049821
4557,0.6299180544714147,0.9237236247183127,0.08556981532369633
4558,0.6300262250406672,0.9237451919440433,0.08561237842621151
4559,0.6300207161910112,0.9237372790934054,0.0856226431879862
4560,0.6300620559256035,0.9237421905179393,0.08562902628009572
4561,0.6300890472122648,0.9237508028046217,0.08563252333536972
4562,0.6301026393594034,0.9237678467543927,0.08563390187948884
4563,0.630098155692081,0.9237668821475398,0.08563821602627404
4564,0.6300801799817389,0.9237416640193781,0.08564938204259726
4565,0.6301269310495926,0.9237454532717961,0.08565056222184661
4566,0.6301269772372572,0.9237492425242143,0.0856620371176204
4567,0.6301293073672827,0.9237484739131762,0.08565804735270954
4568,0.630145460640484,0.9237474593466057,0.08566137987704647
4569,0.6300864348105043,0.9237517481961987,0.08567093478856695
4570,0.6301005277283052,0.9237438238163953,0.08567447853900167
4571,0.630111666198101,0.9237489427659094,0.08567395794835692
4572,0.6301143454510254,0.9237444387052258,0.08567573869426566
4573,0.6301118270031654,0.9237367295365132,0.08568004202428968
4574,0.6301596806078565,0.9237478782396216,0.08568893189510218
4575,0.6302157534967906,0.9237517827836954,0.08569137940464863
4576,0.6302483979848328,0.9237487467700947,0.08569381038158842
4577,0.630257147870515,0.9237453418231957,0.08569482676277694
4578,0.630240378384268,0.9237394004598708,0.08570091210903973
4579,0.6302357201130033,0.9237353114491478,0.08570072031891011
4580,0.63025154240247,0.9237337204242988,0.08570170523588101
4581,0.6302540660312703,0.9237450459079459,0.08569733722626653
4582,0.6302706958284353,0.9237402382459023,0.0857006360474918
4583,0.6302521967205025,0.9237407647444634,0.08570911609859864
4584,0.6302376615419376,0.9237318796008624,0.08572123618125273
4585,0.6302216939570582,0.9237385972613359,0.08573302537214894
4586,0.6302182197165189,0.923777162320175,0.08574023195574657
4587,0.6302292246029344,0.923774199324623,0.08574767896778492
4588,0.6302116994413886,0.9237773929034865,0.0857467287682326
4589,0.6302132402150362,0.9237753138106284,0.08576020315984088
4590,0.6302639040902959,0.923787496295583,0.0857605789083975
4591,0.6302595592511497,0.9237934261297424,0.08576596311697912
4592,0.6302996311536927,0.9238108351697565,0.08576367449060633
4593,0.6302795717047834,0.923811630682181,0.0857683154767959
4594,0.6302359448561304,0.9238065309479428,0.08577229228428923
4595,0.6302157929539536,0.9238190170342576,0.08578341189159662
4596,0.6301944476331416,0.9238169917441721,0.08579357457021036
4597,0.6302246613978172,0.9238215572937387,0.0857959897827492
4598,0.6302627845812492,0.9238218186214916,0.08579407292180807
4599,0.6303131818400477,0.9238354076646461,0.08578783261970244
4600,0.6302868924216805,0.9238153315443296,0.08580666017082482
4601,0.6302517087079554,0.9238024611524959,0.08583035122104046
4602,0.6302545408336884,0.923803291252417,0.08583098834111592
4603,0.630273409562981,0.9238089367004922,0.08582644327579342
4604,0.6302486102931316,0.9238082795380547,0.08583388483069904
4605,0.6302735747416295,0.9238194128689422,0.08583331612368973
4606,0.6303139325778229,0.9238208078979765,0.08582516742637565
4607,0.6303007597876555,0.9238070228590073,0.08583382160628919
4608,0.6303019476609486,0.9237961124253207,0.08583792499281685
4609,0.6303187996007156,0.9238039714731858,0.0858397299214341
4610,0.6303196508956288,0.9238063810687904,0.08584518499617606
4611,0.6303137242998103,0.9238091749699141,0.0858467703696857
4612,0.6303098053282041,0.9238249314961962,0.0858677082151895
4613,0.6303273570615182,0.9238200815605454,0.085869917971904
4614,0.630333849610776,0.9238334938231612,0.08586870694248162
4615,0.6303346465669277,0.9238335053523268,0.08586303811977329
4616,0.6303638175018623,0.9238492772508295,0.08586372035246509
4617,0.6303974830979676,0.923859077041566,0.08586129478546341
4618,0.6304339895381466,0.9238675509782616,0.08584880905454034
4619,0.6304433713914995,0.923863550357808,0.08584757127241707
4620,0.6304827956548005,0.9238645072785505,0.08584558893998627
4621,0.6304843260448871,0.9238557566418812,0.0858500059522783
4622,0.6304820807063737,0.9238644035160604,0.08585307420361898
4623,0.6305052725868557,0.9238634619675387,0.08585508473422143
4624,0.6304954596685934,0.9238470482788189,0.08586792039830085
4625,0.6304776341607691,0.9238559218932544,0.08587670103022729
4626,0.6304738095675475,0.9238506376923671,0.08588956734217375
4627,0.6304706122622762,0.9238522978922095,0.08588706167831864
4628,0.6304351970960239,0.9238218839534299,0.08582525350616145
4629,0.6304167696287086,0.9238174183232982,0.08583781747442383
4630,0.6304207929547537,0.9238131525320364,0.08583915588893576
4631,0.6304287404923933,0.9238020537886455,0.08584750743103114
4632,0.63045477381388,0.9238123224321153,0.08584514458485563
4633,0.6304616437505195,0.9238034757190662,0.08585502282609715
4634,0.6304686171602178,0.9238019077525483,0.08586664700613374
4635,0.6304882369785153,0.9237804942490254,0.08588154535654477
4636,0.6305195672118337,0.92378824184829,0.08589008555617493
4637,0.630508331223982,0.9237799984949059,0.0858919788427065
4638,0.6305315971898711,0.9237793682338545,0.08589410889069572
4639,0.630560873220212,0.923799544273606,0.0858971941878947
4640,0.63062198162174,0.9238252158822803,0.0859024530221896
4641,0.6306515863493087,0.9238145629332914,0.08589620672074404
4642,0.6306478210351211,0.9238170340177791,0.08589865187180101
4643,0.6306953863964666,0.9238517944519795,0.08589477793753628
4644,0.6307146628012493,0.9238404920266635,0.08590304798673551
4645,0.6307146628012493,0.9238404920266635,0.08590138834885556
4646,0.6307019355738167,0.9238300312304343,0.08591427354302174
4647,0.630708105861282,0.9238570901820324,0.08592148401554803
4648,0.6306477499065477,0.9238504224812765,0.08593284909991875
4649,0.630645011695865,0.9238554261391347,0.0859167368554456
4650,0.6306583053512168,0.923850011274371,0.08592173178830627
4651,0.6307116415479357,0.9238970579560162,0.08592956876658747
4652,0.6307258739659438,0.9238925269939463,0.08593850884720843
4653,0.6307364462788958,0.9238912241982367,0.08595685772813746
4654,0.6307213755809981,0.9238767205079468,0.0859726919793495
4655,0.6307642592008673,0.9238837263975594,0.0859737648952441
4656,0.6308007267813124,0.9238906631121788,0.08597294861033622
4657,0.6308220915986019,0.9238865318278487,0.08599094319698253
4658,0.630851238604053,0.9238859438404046,0.08599828666032919
4659,0.6308661372353056,0.9238940757451882,0.08599663438477272
4660,0.630849282220434,0.9238836072628486,0.08601434685513162
4661,0.6308593448812186,0.9238828924545831,0.08601210043748286
4662,0.6308565394916437,0.9238828155934793,0.08601311355795808
4663,0.630825342942494,0.9238834458545305,0.08601960367115438
4664,0.6308080916823053,0.9239110389908002,0.08601991559548229
4665,0.6308187043383029,0.9239028840276854,0.08602106206366619
4666,0.6308072501275973,0.9238974268893145,0.08602726029238109
4667,0.6308074694112356,0.9238867355097738,0.08603484473673151
4668,0.6307771004480747,0.9238716592042605,0.08604699546446223
4669,0.6307979917620204,0.9238715400695496,0.08604493718885917
4670,0.6307946077904157,0.923869714618334,0.08604200534209527
4671,0.6308092039042221,0.9238865010834072,0.08605286163662255
4672,0.6308578323010299,0.9238911127496361,0.08605936257582364
4673,0.6308594593805329,0.9239015120569823,0.0860552641107621
4674,0.6308581069823458,0.9238887684859698,0.08607309067545986
4675,0.6308840015249203,0.9238922618231381,0.0860764832789349
4676,0.6308896370664402,0.9238949212173302,0.08609744601885883
4677,0.6308996863404703,0.9238940834312985,0.08610312212397685
4678,0.6308996863404703,0.9238940834312985,0.08610630852934428
4679,0.6308958166228885,0.92389250009256,0.08611165041314893
4680,0.6309045810835164,0.9238861167778881,0.08611228568542996
4681,0.6308623297474689,0.9238739765665406,0.08612376691347352
4682,0.6308700551609494,0.9238536237462504,0.08613553924392359
4683,0.6308677820823213,0.9238506838090293,0.08614423090348947
4684,0.6308618735016949,0.923845941478924,0.08614510871589709
4685,0.6308903544052545,0.9238395504781418,0.08614561867201484
4686,0.6308998667367853,0.9238548227794698,0.08615351570110245
4687,0.6308998667367853,0.9238548227794698,0.08614764515459228
4688,0.6308507760464291,0.9238503417771174,0.0861651271348547
4689,0.6308520553304255,0.9238645303368817,0.086166219144627
4690,0.6307937422434371,0.9238633389897726,0.08617766726368073
4691,0.6308132155636589,0.923854261693412,0.0861804850001159
4692,0.6308401852385741,0.9238617979246411,0.08617427208238403
4693,0.6308236048674669,0.9238614674218947,0.08618176166905629
4694,0.6307799176726255,0.9238548035641939,0.08618811374831324
4695,0.630812582714684,0.9238611945649761,0.08618853583667391
4696,0.6307836020478537,0.9238207464090934,0.08620359458856021
4697,0.6307722262813428,0.9238173068746977,0.08620549097683045
4698,0.6308045911520117,0.9238140018472336,0.08620930805181821
4699,0.6307943145297366,0.923826760790467,0.08622583266781744
4700,0.6308078704631469,0.9238370640214334,0.0862256439368465
4701,0.6308086621424677,0.9238360225534766,0.08622790577847513
4702,0.6307582293032328,0.9238389740198631,0.08623944137217085
4703,0.63075866184455,0.9238355152701915,0.0862479855112527
4704,0.6307619265508664,0.9238695455239057,0.08624346224230646
4705,0.6307876358860972,0.9238838455322704,0.08625758428933943
4706,0.6308331227980494,0.9238795797410086,0.08626144826385942
4707,0.6308344402719928,0.9238773622981636,0.08626843221702767
4708,0.630833833311371,0.9238908629510487,0.08626842390607192
4709,0.6308044344910093,0.923873642220739,0.08627624142235986
4710,0.6308268569732016,0.9238863012445373,0.08627333870981634
4711,0.6308457830596486,0.9238999825210163,0.08626591666034887
4712,0.6308587650344112,0.9239191247789216,0.08627103396797699
4713,0.6308587650344112,0.9239191247789216,0.08626834511316252
4714,0.6308961806523593,0.9239176259873971,0.08627015840318936
4715,0.6308895050328233,0.923919497555275,0.0862755084469222
4716,0.6309005439514498,0.923913898223862,0.08628489188971587
4717,0.6309090690720907,0.9239278831017013,0.08627604706420451
4718,0.630911822209876,0.923931303420821,0.08627686285333225
4719,0.6309502692313318,0.9239493773093831,0.08627539463718265
4720,0.6309693426741616,0.9239580972016109,0.08627075220665023
4721,0.6309926318344646,0.9239673781798966,0.08627737359438406
4722,0.6309916203543806,0.9239702143546275,0.0862813898175711
4723,0.6310365377294005,0.9239860438989581,0.08630342332966377
4724,0.6310365377294005,0.9239860438989581,0.0863014893597812
4725,0.6310378066472742,0.9239866511016782,0.08630038396877367
4726,0.6310540350450259,0.9239901060082948,0.08630102697777181
4727,0.6310060673185123,0.9239905210582553,0.08631171691882954
4728,0.6310129338761385,0.9239929729274671,0.08631307239307937
4729,0.6309746360939648,0.9239887647820332,0.08630437300360426
4730,0.6309766382300331,0.9239887032931501,0.08630354417704446
4731,0.6309891846080151,0.9239892759083735,0.08630495845329142
4732,0.6310048368998423,0.923990513372145,0.0863071307242283
4733,0.630983478842146,0.9239782770844176,0.08631770610524712
4734,0.6309850318850213,0.9239744916750547,0.08631806644727151
4735,0.6309690300312791,0.9239742841500744,0.08631970432663519
4736,0.630947755513385,0.9239499883551585,0.08633387049133211
4737,0.630952599727073,0.9239565791948106,0.08633653935998155
4738,0.6309567939913125,0.9239570787919854,0.08634310946597513
4739,0.6309786952682928,0.9239927654024868,0.08634584747409822
4740,0.6309684180955101,0.9239918584414617,0.08634621116053574
4741,0.6309679264097173,0.9239869931335902,0.0863543953347951
4742,0.6309728150839375,0.9239972387187287,0.08648750229105534
4743,0.6309711817682925,0.9240021655154833,0.08650114353125794
4744,0.6310107364907404,0.9240389320244933,0.0865039430278321
4745,0.6310002306436354,0.9240372064927126,0.08650616663917271
4746,0.6309949745184632,0.9240452576933372,0.08651373248380712
4747,0.6310066092316968,0.9240232062426527,0.08653278273618026
4748,0.6310241821304142,0.9240244629217,0.08653901090374927
4749,0.6310145492053313,0.9240311728960632,0.08654502407097081
4750,0.6310145492053313,0.9240311728960632,0.08654776690306912
4751,0.6309968147012679,0.9240306656127779,0.08655176716710009
4752,0.6311393571393716,0.9240975808897594,0.08661572822557582
4753,0.6311684124301149,0.9241043984696677,0.08662092568306404
4754,0.631193319119202,0.9241219458596688,0.086607470700173
4755,0.6312146320120733,0.9241157431685909,0.08662409374410197
4756,0.631214549121227,0.9241207007097869,0.08662571781715853
4757,0.6312333519888654,0.9241233985345308,0.0866296890288421
4758,0.6312562827578724,0.9241215000652666,0.08662503954163013
4759,0.6312336392667056,0.9241019427574009,0.08664010767773943
4760,0.6312952795971726,0.9240979613522232,0.08663464779897759
4761,0.6312952795971726,0.9240979613522232,0.08663292650707449
4762,0.6313093170204462,0.9241007859977884,0.08663407417351913
4763,0.6313373299721032,0.9241073960527165,0.08662531983538292
4764,0.6312964767025581,0.9240756370446201,0.08664687690262395
4765,0.6312738541516262,0.9240737539475767,0.08665144940905051
4766,0.6312387624422027,0.92407472624054,0.08666167136665892
4767,0.6312567647600824,0.9240654721636407,0.08667301098648005
4768,0.6312391152240374,0.9240626705764066,0.08667884337923956
4769,0.6312084002879834,0.9240333442222459,0.08670223546429554
4770,0.6311988590840676,0.9240167268516011,0.08671235764586661
4771,0.631205066148219,0.9240227450760298,0.08670991453812905
4772,0.6312366951171688,0.924013018303342,0.08671130169412711
4773,0.6312635293904726,0.9240244437064241,0.08672911208357714
4774,0.6312464541435755,0.9240184677556025,0.08673524630333455
4775,0.6312089753102539,0.9240006705670141,0.08675402549199818
4776,0.6311920366162314,0.9239824083687477,0.08677271990760907
4777,0.6312081107028018,0.9239927269719348,0.08677159076036758
4778,0.6312807548737783,0.9239966276729534,0.08677175327371314
4779,0.6312843452065668,0.9239975922798064,0.08677318312408973
4780,0.6312667171180818,0.9239796797995622,0.08679335835103845
4781,0.6312601825032355,0.9239703411754487,0.08679831761678022
4782,0.6312661199929102,0.923979576037072,0.08680719921383843
4783,0.631256039450845,0.9239682851409217,0.08681095280855185
4784,0.6312681340385078,0.9239676395076496,0.08681362135039268
4785,0.6312928708952847,0.9239657871550476,0.0868117497481456
4786,0.6312978336901596,0.9239510375092256,0.08682049365015639
4787,0.6312853865826238,0.9239499614537722,0.08682796471465799
4788,0.631289902407601,0.9239545731200011,0.08682830797219156
4789,0.6312835766933149,0.9239611831749291,0.08683186429849651
4790,0.6312603756415286,0.9239674319826693,0.0868385752538898
4791,0.6312710421643235,0.9239602377833522,0.08684211010862107
4792,0.6312950653795248,0.9239728199460467,0.08684532971612262
4793,0.6312535011614375,0.9239553532602047,0.08685606308665945
4794,0.6312644970839411,0.9239705064268219,0.08685295499785162
4795,0.6312824531911545,0.9239641846010331,0.08685670180198973
4796,0.6313032536782466,0.9239600341014271,0.08686182331742028
4797,0.6312981392743531,0.9239620632345679,0.086866625155332
4798,0.6312916288506096,0.92395596430598,0.08686968131138753
4799,0.6313140325657275,0.923967727897919,0.08687524377699582
4800,0.631314356153968,0.9239609103180106,0.08688158731234234
4801,0.6313072040046233,0.9239668555243907,0.08688985147540883
4802,0.6312516453092671,0.9239404460491198,0.08690406456723224
4803,0.6312487302240848,0.9239477363248166,0.08691280069127642
4804,0.6312582973097199,0.9239705141129323,0.08691080841810196
4805,0.6312915971209258,0.9240044406041562,0.08690516890156975
4806,0.631329187145027,0.9239861784058898,0.0869104840107762
4807,0.6313064446708326,0.9239702489421241,0.08692011018229297
4808,0.6313023340371283,0.9239599879847648,0.08693171144780112
4809,0.6313473793964866,0.9239639309593906,0.08692745160410649
4810,0.6313387603509716,0.9239584584487989,0.08693021748809003
4811,0.631356356801906,0.9239601493930828,0.08694652917400945
4812,0.6312796339888911,0.9239662560077809,0.08695420139245799
4813,0.6312888827481108,0.9239646342384904,0.08695509711113493
4814,0.631271727422134,0.9239672821035169,0.08696283914145445
4815,0.6313450783697552,0.9240027073862652,0.0870418694061014
4816,0.6313440661123122,0.924001654389143,0.08704715763371504
4817,0.6313655221772476,0.9239900944791292,0.08705639770414213
4818,0.6313552460608658,0.9239920467511661,0.08705859772587173
4819,0.6313909274061993,0.9240066657331117,0.0870589695114709
4820,0.6314135757349207,0.9240073959135979,0.08706074065130477
4821,0.6314534552772049,0.924014305726831,0.08705449323030046
4822,0.6314334742082459,0.9240149782614893,0.08705443136050507
4823,0.6314169071346379,0.9240139022060359,0.08704724985558733
4824,0.6314173448723291,0.9240162272544263,0.0870470389969798
4825,0.6314307274532034,0.9240057549290315,0.08705909886866661
4826,0.6314481311304495,0.9240049901610485,0.08706753722860347
4827,0.6314427076406436,0.9240030801626187,0.08706781570444125
4828,0.6314561363039729,0.9240134026088611,0.08705045809168054
4829,0.6314896491417447,0.924004555895812,0.08705764602542293
4830,0.6314833382248254,0.9240259617132245,0.08706384454988579
4831,0.6315109239476079,0.924026234570143,0.08705963977120311
4832,0.6316218512690811,0.9240516025774572,0.08706731580175711
4833,0.6316362650271136,0.9240506687150458,0.08707207906485367
4834,0.6316485278997296,0.9240561373825823,0.08707538973390355
4835,0.6316749180483169,0.9240397467521937,0.08708504477024955
4836,0.6316890664605747,0.9240420871728049,0.08708717781347267
4837,0.6316757560742305,0.9240500884137121,0.08708861475123308
4838,0.6316684028782206,0.9240317647265626,0.08710364248166678
4839,0.6316738248062946,0.924042632886642,0.08710203659714741
4840,0.6316857310678127,0.9240392971147364,0.08710574716820106
4841,0.6316812347782864,0.9240348660721015,0.08711698600312141
4842,0.6317002285391619,0.9240514257969185,0.08710794205504854
4843,0.6316650797001436,0.9240413915798154,0.08712294971065075
4844,0.6316598588883182,0.9240398351424631,0.08712341078095748
4845,0.6316015457872582,0.9239704641532148,0.08715501238925263
4846,0.6316187215534546,0.9239761518748971,0.08715340603396869
4847,0.6316541194055647,0.9239888108986954,0.08716422720273494
4848,0.6316566842882126,0.9239819856326766,0.08716712569950909
4849,0.6316707233656184,0.9239769473873216,0.08717245772538706
4850,0.631601770506312,0.9239772932622887,0.08719271989824871
4851,0.631608186716162,0.9239752910305344,0.08719682683326299
4852,0.6316310865381538,0.923979391570423,0.08720342940186263
4853,0.6316340048805947,0.9239802447286752,0.08719989163048053
4854,0.6316490530159198,0.9239830809034061,0.0871989575562592
4855,0.6316331235502968,0.924007376698322,0.08717466157402667
4856,0.6316537940780886,0.9240414530686984,0.08717996534681932
4857,0.6316552805135026,0.9240482744916619,0.08717740736311413
4858,0.6317352682251214,0.9240745571461115,0.08717390448769753
4859,0.6317570070548005,0.924076763059791,0.08717616564954436
4860,0.631788312083702,0.9240953941913558,0.08717849676924562
4861,0.631778142813934,0.9240859940783592,0.08718485289561323
4862,0.6318100779469243,0.9240679663064594,0.0871846810455677
4863,0.6318532597447165,0.9240682276342124,0.08720947822219623
4864,0.6318528755760977,0.9240876273768153,0.08721219506815862
4865,0.6318436688409352,0.9240862707783329,0.0872114296220672
4866,0.6318751725613231,0.9240968622384387,0.08721151864558158
4867,0.6318585673339415,0.9240681238717222,0.08723364736064067
4868,0.6318767209924281,0.9240674859245606,0.08723336521033667
4869,0.6318769912252526,0.924057482451899,0.0872412210636385
4870,0.6318978506738556,0.9240665943357563,0.08724996972679266
4871,0.6318622656888443,0.9240552919104403,0.08725657298785418
4872,0.6318802552502996,0.924086755003287,0.08725742368243522
4873,0.6318497359241074,0.9240619519250859,0.0872932202912038
4874,0.6318460272000025,0.9240651262886734,0.08730108433759973
4875,0.6318475300639724,0.9240632009180229,0.08730209412486653
4876,0.6318655686930978,0.9240609988473986,0.08730297888107777
4877,0.6318945379794135,0.9240573441019122,0.08730756097416685
4878,0.6318971634162348,0.9240649149206379,0.08731768019918154
4879,0.6318841958450708,0.9240521713496254,0.08732660261447256
4880,0.6319056309479592,0.9240480669666817,0.08732661378576807
4881,0.6319069967027275,0.9240416144770164,0.08733241527312534
4882,0.6318662106500379,0.924027583482515,0.0873497846984047
4883,0.6318717392519978,0.9240271722756096,0.08735357913098937
4884,0.6318556758859747,0.9240264267229026,0.0873651983577571
4885,0.6318552137533413,0.9240180411764763,0.08736966419736857
4886,0.6318515159709368,0.9240080300177044,0.08736919582749547
4887,0.6318497010547015,0.923997988114491,0.08737403508807064
4888,0.631862355939682,0.9240052169013048,0.08737474712909164
4889,0.6318492480032372,0.9239919775761727,0.08738174731828105
4890,0.6318758514265576,0.9240109584257598,0.08737467187844561
4891,0.6318813847650565,0.924011488767376,0.08737763603780993
4892,0.6318835885078042,0.9240025267626713,0.08738090598686982
4893,0.6319220872200555,0.9240215383566999,0.0873759827244433
4894,0.6319090164246445,0.9240162272544263,0.08738322604298175
4895,0.6319980663088585,0.924036468626116,0.0873757279455627
4896,0.6320035086822066,0.9240498501442902,0.0874545364571343
4897,0.6320178882685702,0.9240530975259263,0.08745531824089585
4898,0.6320351618754617,0.9240510184330681,0.08745703606690267
4899,0.6320335679305554,0.9240474443917408,0.0874408020435181
4900,0.6320479812425015,0.9240401848604854,0.08744572252825641
4901,0.632086275955356,0.9240468179737447,0.0874413063200277
4902,0.6320639124636055,0.9240262960590261,0.08745169738274612
4903,0.6320782383193903,0.9240331021097689,0.08745324951463229
4904,0.6320851472339096,0.924036307217798,0.0874510214332168
4905,0.6320563052837904,0.9240360189886587,0.08745913464436358
4906,0.6320546710368968,0.9240333442222459,0.0874592791118663
4907,0.6321085828495053,0.9240641001929375,0.08745845398849375
4908,0.6321068211137207,0.9240583317670962,0.08746383894778142
4909,0.6321332935888003,0.9240676089023266,0.08746831114667694
4910,0.6321078412828084,0.9240648918623068,0.08747441155790245
4911,0.6321321357302624,0.9240630395097048,0.08747214368474517
4912,0.6321432442683718,0.9240772165403035,0.08747507426651795
4913,0.6321216350875684,0.9240487933041127,0.08749301206736422
4914,0.6320617908287355,0.924049181452687,0.08751534563526278
4915,0.6321077019349841,0.9240492352554597,0.08751461792079371
4916,0.6321440014328323,0.924044931033646,0.08750880211962192
4917,0.6321665848866851,0.9240364225094537,0.08750779882768575
4918,0.6321260288947413,0.9240348391707152,0.08753040186340813
4919,0.6321869549857099,0.9240534703022799,0.08752678634193685
4920,0.6321858821189867,0.9240380250634682,0.08753145774149151
4921,0.6321956361588544,0.9240216382761349,0.08754455020282702
4922,0.6321605630367255,0.9240049747888278,0.08756020257917307
4923,0.6321557016341729,0.9239901751832882,0.0875673314344678
4924,0.6321648528700075,0.9240101552272248,0.08757026030542668
4925,0.6321537493880398,0.9240031378084466,0.08756223928058646
4926,0.6322310618116844,0.9240155700919886,0.08755794580381483
4927,0.6322388104489616,0.9240080722913115,0.08756010301281796
4928,0.6322521616858812,0.9240106432952341,0.08756087649458191
4929,0.6322485326218761,0.9240368414024694,0.08756079274440844
4930,0.6322359147972517,0.9240320222112602,0.08755052797970489
4931,0.6321971384919893,0.9240219956802677,0.08756094872816714
4932,0.6320991937834448,0.9239743341097919,0.08761483261043267
4933,0.6321146744542119,0.9239815206229987,0.08761516713598823
4934,0.6321032061657365,0.923985982410075,0.08761677032732772
4935,0.6321270350873661,0.9239848794532353,0.08762486697234204
4936,0.6321046252244681,0.9239844336588332,0.08762050460464128
4937,0.6320966485280552,0.9239807174244637,0.08762718231077381
4938,0.6320823097357432,0.9239888570153577,0.08764356612786271
4939,0.6320548846052273,0.923980421509214,0.08765628040711444
4940,0.6320029312118453,0.9239726777530046,0.08766658639445479
4941,0.6320398056098047,0.9239615136776755,0.0876677341372923
4942,0.6320489527962071,0.9239560219518079,0.08767383531472839
4943,0.6320179154345416,0.923931022877792,0.08767589352111634
4944,0.6320239707635681,0.9239195244566614,0.08767716534765005
4945,0.6320599553708428,0.9239297700417999,0.08768176446002166
4946,0.6320619068497092,0.9239328637012285,0.08768820742755484
4947,0.6321043413290575,0.9239303849306304,0.08768955298658171
4948,0.632115764334598,0.923940991762957,0.08768175643791629
4949,0.6321169972119628,0.923939765828351,0.08769059190361037
4950,0.6321608859949517,0.9239513142091993,0.087681585090108
4951,0.6321611046249456,0.9239606797346992,0.08770305733566115
4952,0.6321371216881307,0.9239546653533256,0.0877096452021379
4953,0.6321156694149519,0.9239515409494555,0.08772496947617515
4954,0.632148727212277,0.9239552917713217,0.0877221289764633
4955,0.6321653086415365,0.9239697109143974,0.08772433614779947
4956,0.632217801505914,0.9239788496996411,0.08771980313524047
4957,0.632150677726006,0.924007941627435,0.08773811660615424
4958,0.6321456495257354,0.923990836188781,0.08774679234966207
4959,0.6322125539505076,0.9240068847872576,0.08775276799440901
4960,0.632194434866357,0.9239940758843068,0.08776708867080296
4961,0.6322601284182591,0.9240016236447014,0.08775717159005447
4962,0.6322644068641154,0.9240100629939003,0.0877564005575354
4963,0.6322993830767242,0.9240304696169632,0.08776409531968489
4964,0.6322947363112694,0.9240295972434349,0.08777233036015027
4965,0.6322913003677155,0.9240208581359312,0.08778264044051715
4966,0.6322936852416082,0.9240302159753206,0.0877861820322006
4967,0.6323149612739379,0.9240330329347755,0.08778593975425769
4968,0.6323165584566156,0.9240302544058725,0.0877861688203847
4969,0.6323272976919115,0.9240366031330477,0.08778159759505975
4970,0.632355573344793,0.9240486011513532,0.08777345732088085
4971,0.6323587424596385,0.9240476749750522,0.08777802244254834
4972,0.6323615076437615,0.9240479017153085,0.08777967847832521
4973,0.6323758952187054,0.9240526286731932,0.08778882475075438
4974,0.6323647161695942,0.9240731928615188,0.08780202265229795
4975,0.6324153594687945,0.9240732543504019,0.08779842562792302
4976,0.6324127224532045,0.9240539391550131,0.0878066321224696
4977,0.6324437613978832,0.9240622055667285,0.08780204795430925
4978,0.632443397334468,0.924051195213607,0.08781004041454746
4979,0.632485085444437,0.9240636351832594,0.08781224593832909
4980,0.6324640515883316,0.9240395276980479,0.08780627867364514
4981,0.6324180683144185,0.9240292897990197,0.08781983548928693
4982,0.6324184633978952,0.9240374063315825,0.08782465345064835
4983,0.6323691324174364,0.9240096517869949,0.08784393133825213
4984,0.6323729722905187,0.9240225836677118,0.08785103750732716
4985,0.6324172893268929,0.924023936423139,0.08785987697996354
4986,0.6324238146876814,0.9240255466632639,0.0878628746978035
4987,0.6324192826374395,0.9240451500877919,0.08786831965133383
4988,0.6324232251020334,0.9240489047527133,0.08786569134701507
4989,0.6324734442549836,0.9240737654767422,0.08786811465293072
4990,0.6324734442549836,0.9240737654767422,0.08786905594966786
4991,0.6324821833497121,0.9240964587176437,0.0878700745988512
4992,0.6324846450715155,0.9240901637932412,0.08787627571713871
4993,0.6325125710221536,0.9240884651628469,0.08789679072617658
4994,0.6325396605933936,0.9241089409609032,0.08790424953838964
4995,0.6325211641534315,0.9241149553422767,0.08791282102807006
4996,0.6325451895018316,0.9241191327432691,0.08792802187044288
4997,0.632569731078058,0.9241128109174803,0.08793178223162602
4998,0.632552456716587,0.9240918970111323,0.08794828654444731
4999,0.6325424524251557,0.9240760943681878,0.08796171905520202
5000,0.6325848180278139,0.924088407517019,0.08795591424932
5001,0.6326205763717206,0.9240807137205271,0.08795596306143745
5002,0.6326638348413266,0.9240928347165988,0.08795902931338467
5003,0.6327098888859218,0.9240985647118882,0.08796026169175408
5004,0.6327476886463078,0.9241528517095128,0.08804327524922131
5005,0.6327811000009311,0.9241576363132252,0.08804610423523304
5006,0.6327954234782232,0.9241628167516224,0.08804943436916857
5007,0.6327787746914267,0.924167059484553,0.0880652950804598
5008,0.6327802214630891,0.9241615677586854,0.08806342926439555
5009,0.6327777644633347,0.924164461579244,0.08806180929521494
5010,0.6328076489040382,0.9241711446522207,0.08805994803406124
5011,0.6327960236405048,0.9241772935405259,0.08806217604675595
5012,0.6328050315692514,0.9241458458199,0.08808919165429019
5013,0.6328167497863408,0.9241433555201364,0.08809607951723011
5014,0.6328432418456571,0.9241144672742675,0.08811419041653706
5015,0.6328443187864781,0.9240996138659553,0.08811921882770213
5016,0.6328457293364103,0.9241045291335442,0.08812873423139587
5017,0.6328977293994322,0.9241104166940964,0.0881242360484847
5018,0.6328929974927499,0.9241249780302142,0.08812707693093741
5019,0.6328781311534686,0.9241371682012793,0.08813546652503843
5020,0.6328725000186863,0.9241042716488465,0.08814962116039173
5021,0.6328828894448714,0.9240935072512572,0.0881575496901443
5022,0.6328619613757893,0.9240935379956987,0.08816429443463761
5023,0.6328857513851986,0.9241103014024408,0.08817096322512107
5024,0.6329169502396316,0.9241353350639533,0.08816740890778932
5025,0.632932774065822,0.9241571982049335,0.08816674642071676
5026,0.6329330818749499,0.924158577861747,0.08817237473123968
5027,0.6329214403593921,0.924158720054789,0.08817958367064192
5028,0.6329856533133698,0.9241882846783716,0.08817935761897144
5029,0.6330671230080267,0.9242280141829335,0.08819816806246011
5030,0.6330513821352217,0.9241945719166635,0.08825196715878594
5031,0.6330749166497585,0.9241982804649227,0.08824986559588928
5032,0.6330970893958826,0.9242191905282156,0.08824563962268663
5033,0.6331444790443953,0.9242297666161006,0.08824852463148442
5034,0.6331359961506374,0.9242252356540306,0.08825666499614411
5035,0.6330857165121141,0.924207373133504,0.0882844511662458
5036,0.6330995462797268,0.9242147402703047,0.08828497487456582
5037,0.6330951776182061,0.924212430594135,0.0882816296829084
5038,0.6330951776182061,0.924212430594135,0.08827763559389151
5039,0.6330754466587264,0.9242142406731298,0.08829093157963386
5040,0.6331059102803942,0.9242077843404094,0.08829337468319944
5041,0.6331214887478902,0.9242149670105609,0.08830350269813872
5042,0.6331117548305306,0.9242025270409084,0.08832029148646516
5043,0.6331476088065908,0.9242116773553176,0.08832573537647012
5044,0.6331301149770664,0.9242128648593716,0.08832684875481019
5045,0.6331453232182362,0.9242283408426247,0.08833577510133934
5046,0.6331385359199462,0.924237733269511,0.0883385752433562
5047,0.6331385359199462,0.924237733269511,0.08833325273623872
5048,0.6330805583329218,0.9242173804492207,0.08835406573704487
5049,0.6330916101266519,0.9242268228358244,0.08835682192153586
5050,0.6330945733876951,0.9242236945888991,0.08835984726090011
5051,0.6331009873596342,0.9242336365726777,0.08836348534339568
5052,0.6331041725464462,0.9242257852109229,0.08837058873272323
5053,0.6331178702509327,0.9242268189927693,0.08836920274172345
5054,0.6331178702509327,0.9242268189927693,0.08837059116989117
5055,0.6331096505918142,0.9242243901818886,0.08837087457173826
5056,0.6330852644902777,0.9242156318591089,0.08837608487569537
5057,0.6330518090044701,0.9242149785397265,0.08838362582179353
5058,0.633056419049123,0.924215089988327,0.088379433431392
5059,0.6330332048444097,0.9242151207327686,0.0883851868497818
5060,0.633057021027847,0.9242207315933471,0.08838211721974824
5061,0.6330719758148059,0.9242208507280579,0.08838241532860919
5062,0.6330763466798965,0.9242210851544246,0.08837945065825582
5063,0.6330812861569322,0.9242033340824986,0.08838577317898885
5064,0.6330949208994058,0.9241937264445216,0.08838517853233456
5065,0.6331313925914004,0.9242098057874397,0.08838136719277107
5066,0.6331744964730563,0.9242159546757449,0.08837714339093672
5067,0.6331682221987539,0.9242294553286301,0.08838277822183171
5068,0.6331608782668785,0.9242321915839259,0.08838289241972194
5069,0.6331211018871694,0.9242299895133016,0.08839774796067418
5070,0.6331073547103986,0.924246699117271,0.08839775140992466
5071,0.6331002076884165,0.924244139642514,0.08841042490258315
5072,0.633067071846096,0.9242338248823819,0.08842812634991169
5073,0.6330383786472659,0.9242294899161267,0.08845318384004668
5074,0.633038551505185,0.9242367340751614,0.0884546859153006
5075,0.6330322621478756,0.9242466107270015,0.08846185160654982
5076,0.6330496985551284,0.9242532976430335,0.08845687199383051
5077,0.6330496818805155,0.9242499503419623,0.08845517176259997
5078,0.633063522469613,0.9242462648520344,0.08846937433744322
5079,0.6330939806022085,0.9242638429864769,0.08846881921575284
5080,0.6331381903484791,0.9242845493678447,0.08848097415321471
5081,0.6331302608545799,0.9242825970958078,0.08848281408187617
5082,0.633145589826394,0.9242905560631078,0.08848099653230249
5083,0.6331631261858254,0.9242817170361691,0.08850713947050631
5084,0.6332064990488724,0.924306454782432,0.08851096949209294
5085,0.6332322663682407,0.9243196787353434,0.08851559993858277
5086,0.6332301467109178,0.9243021620897839,0.0885205464406238
5087,0.633231854950324,0.924300713257977,0.0885289043380669
5088,0.6332407540445386,0.9243140179150474,0.08853185220740231
5089,0.6332347840141347,0.9243058936963742,0.0885299292531474
5090,0.6331956764253615,0.9242859174954926,0.08853715531514512
5091,0.6332153622627852,0.9242980692360058,0.08853895961903602
5092,0.6332203171708779,0.924302546395303,0.0885397567041747
5093,0.6332051865468128,0.9242958825376022,0.08854590967286341
5094,0.6331666547233951,0.9242777125726603,0.0885589332973975
5095,0.6331834277110494,0.9242545696943016,0.08856029935259385
5096,0.6331773392255174,0.9242471602838939,0.08857248980174325
5097,0.63318910831769,0.9242466952742158,0.08857042951690058
5098,0.6331794430317822,0.9242428560620802,0.08856540504287864
5099,0.6331839101356521,0.9242341707573491,0.0885775001615522
5100,0.6331881434150353,0.9242206854766848,0.08858913128211612
5101,0.6331721176503942,0.9242278566176707,0.08859189699216695
5102,0.6331406276749667,0.924225062716547,0.08860670560038765
5103,0.6331201122346966,0.9242157048771575,0.08861371722389638
5104,0.6331178969141182,0.9242276644649112,0.08861937652539457
5105,0.6330572104878821,0.9242060511225184,0.0886438720075226
5106,0.6330834862748095,0.9242303084868824,0.08865232308060729
5107,0.6331116376381727,0.9242342514615082,0.08865108329286114
5108,0.633068381150316,0.9242351622655883,0.08865999164003918
5109,0.6330702744348528,0.9242456038465416,0.08867517494395415
5110,0.6330528108448706,0.9242474792574747,0.08868419952466276
5111,0.6330335996001032,0.9242417761635716,0.08868583652253426
5112,0.6330298223190957,0.9242461726187099,0.08868414963202109
5113,0.6330047202527006,0.9242529901986183,0.08868896038725303
5114,0.6330300062149935,0.9242524329556155,0.08869338804725714
5115,0.6330507588151179,0.9242455154562722,0.08870230467463819
5116,0.6330225458685738,0.9242158470701997,0.08871887217183051
5117,0.6330437049380322,0.9242237061180647,0.08872346254887406
5118,0.6330459098032637,0.9242239251722105,0.08872995406469068
5119,0.6330534721134596,0.9242164350576438,0.08874425030529676
5120,0.6330502576511225,0.9242123575760864,0.0887517396537745
5121,0.6329739461480762,0.9242110317220456,0.08877962031598141
5122,0.6330096422410882,0.9242136488426305,0.08877763765949995
5123,0.6330081632829953,0.9242147402703047,0.08877403476552756
5124,0.6329952988012908,0.9242081878612044,0.08877513942995034
5125,0.6330051326384667,0.9242118810372427,0.0887729432191937
5126,0.6330202840512029,0.9241944835263942,0.08877759479833304
5127,0.63306436675638,0.9242119386830706,0.08878264825522908
5128,0.6330404839405048,0.9241924774515846,0.08878675729475968
5129,0.633079460056047,0.9241966087359147,0.0888164326121043
5130,0.6330779490047699,0.9241853139967091,0.08880883102847549
5131,0.633114805110469,0.9242055899558955,0.08881514928967586
5132,0.6331021381541206,0.9242064623294238,0.08882014614677748
5133,0.6330769150105529,0.9241930077932009,0.08882287148171254
5134,0.6330847189247197,0.9241960361206912,0.0888258760451605
5135,0.6330343379128314,0.9241937610320183,0.0888340673165838
5136,0.6331289151797508,0.9241962282734508,0.08884627092860431
5137,0.6331200096796916,0.9241882654630955,0.08885578487963455
5138,0.6331461443488268,0.9241872009368077,0.08885688373596239
5139,0.6331564663746757,0.9241936073098107,0.08886041304737426
5140,0.6331380699516705,0.9241935957806452,0.0888592751746947
5141,0.633138151600526,0.9241985264204549,0.0888614275336093
5142,0.6331328641449101,0.9242065430335827,0.08885561438828148
5143,0.6331592384342049,0.9242008706841213,0.08886590033391148
5144,0.6331749709314738,0.92419288865849,0.08887189929430199
5145,0.6332292879832961,0.9242029574630898,0.08886705669219212
5146,0.6332305800938858,0.9242094022666447,0.08887381699166962
5147,0.6332572965925023,0.9242301432355092,0.08887643678450839
5148,0.633269984657047,0.9242316151256472,0.0888787852939803
5149,0.633240998196124,0.9242291017675525,0.0888935501795685
5150,0.633234037566458,0.9242312039187418,0.08890949331121703
5151,0.6332271262776312,0.9242368109362652,0.08891380188271467
5152,0.6331893549024834,0.9242429367662393,0.0889261551728242
5153,0.6332291193263266,0.9242546619276262,0.0889387180328694
5154,0.633251647535946,0.9242599115410168,0.08894719722158181
5155,0.6332585725750906,0.9242618984005504,0.08894844261273409
5156,0.6332781485009853,0.9242675246333497,0.08894816470074804
5157,0.6333189649417893,0.9242925621379174,0.08895367614352154
5158,0.6333058616751313,0.9242981653123855,0.08895615690138325
5159,0.6333096931706929,0.9243089988849683,0.08896496156707401
5160,0.6333142004635419,0.9243178840285693,0.08896472426344135
5161,0.633266496513267,0.9242994258344881,0.08898234946327
5162,0.6332920169087499,0.9243023696147642,0.0889759885988945
5163,0.6332524073521107,0.9243281795734253,0.08899356675561584
5164,0.6332318825006426,0.9243312732328539,0.08900397991938126
5165,0.6332053738743358,0.9243186680118283,0.0890252267021403
5166,0.6332081172291852,0.9243321648216581,0.08902800326821173
5167,0.6332485991875431,0.9243423681331896,0.08902415485263981
5168,0.633207399189547,0.9243264463555343,0.08903675853610368
5169,0.6331958189675717,0.9243325990868947,0.08904452266249249
5170,0.633203794956353,0.9243364844156926,0.08904137782569038
5171,0.6332339830376927,0.924340481193091,0.08904240389260017
5172,0.6332359504478877,0.9243432174483868,0.08904580630522746
5173,0.6332197765948364,0.9243541893709564,0.08907122597216596
5174,0.6331653720224418,0.9243426525192737,0.08905079210463848
5175,0.6331130842546391,0.9243145559427741,0.08906968364024269
5176,0.633077415024693,0.9242990530581346,0.0890847253622867
5177,0.6330775304189887,0.9242937342697506,0.08908349828881174
5178,0.6330248959092419,0.9243268690916053,0.08909468307264577
5179,0.6329897412678508,0.9243255893542268,0.08911129590066733
5180,0.6329709660717424,0.9243149902080107,0.08913436085946559
5181,0.6329710837213879,0.924311712081933,0.08913926311058648
5182,0.6329801431147868,0.9243141562650343,0.08914368430810617
5183,0.6329837610319139,0.9243171845925245,0.08914877847988716
5184,0.6330561678824441,0.9243547773584005,0.08914594716242723
5185,0.6330610002469966,0.9243527597544254,0.0891544518026291
5186,0.6330487830734305,0.9243604112773102,0.08916009896193974
5187,0.6330490336309331,0.9243580977580853,0.08916397644269142
5188,0.6330224396245193,0.9243434057580912,0.08917943368223563
5189,0.6330070223991219,0.9243429292192474,0.08918474108303774
5190,0.6329983511113644,0.9243238253918942,0.08919333957645634
5191,0.6329840618279966,0.9243161315954023,0.08920454630577497
5192,0.6330015654623672,0.9243189178104156,0.08921162200449892
5193,0.6330312072842559,0.9243254663764606,0.08920947390882139
5194,0.6330128022199143,0.9243228838433725,0.0892214587719737
5195,0.6330542148997175,0.9243167080536809,0.0892204402926354
5196,0.6331200283630428,0.9243443511496681,0.08922898629232245
5197,0.6331493414448167,0.924348862896462,0.08923729740502466
5198,0.6331062055864237,0.9243404081750423,0.08925364334234857
5199,0.6331207564436304,0.9243327566521575,0.08925518046207247
5200,0.6331412993347351,0.9243314922869997,0.08926097734519672
5201,0.6331695881034307,0.9243232335613948,0.08926298827696648
5202,0.6331574927726511,0.9243066392490812,0.0892823684298
5203,0.6331664473217501,0.924297811751308,0.08928772898233134
5204,0.6331732277398587,0.9243077729503625,0.08928969743429657
5205,0.633168546154501,0.9242998024538968,0.08929665986154463
5206,0.6331432939087701,0.9242937227405851,0.08930562355487506
5207,0.6331342612472849,0.9242717443079491,0.08931751156407144
5208,0.6331382079832099,0.9242760908033698,0.08932349598232084
5209,0.6331451999079355,0.9242621904727449,0.08933033830021589
5210,0.6331473467321214,0.9242598577382442,0.08932830458535303
5211,0.6331591857196666,0.9242416454996951,0.08932804154697903
5212,0.6331615463579566,0.9242390399082758,0.08933523708185893
5213,0.6331615463579566,0.9242390399082758,0.08933682107794512
5214,0.6331885513987308,0.9242546196540191,0.08933966651789085
5215,0.6331995420679347,0.924244443243874,0.08934705832811743
5216,0.6332094786538652,0.9242616140144663,0.08934896197620032
5217,0.6331992229561937,0.9242575442190193,0.08934273958069562
5218,0.6332128473655508,0.9242513146265551,0.08934200906921841
5219,0.6332082287134199,0.9242738964188559,0.08935286115176953
5220,0.6332831252553612,0.9243023926730953,0.08934954383894719
5221,0.6333061241563833,0.924314936405238,0.0893320730109632
5222,0.6332999709676956,0.9243118619610854,0.0893371421778302
5223,0.6333645036773556,0.9243228454128206,0.08933453694717848
5224,0.6333233320289853,0.9243056977005594,0.08935065559926916
5225,0.6333126799704347,0.924318764088208,0.08935798396068076
5226,0.6333105809633776,0.9243184412715719,0.0893601522012302
5227,0.6333038218296128,0.9243137719595153,0.08936439746919715
5228,0.6332788475500992,0.9242979116707429,0.08937841987472936
5229,0.6332908771614502,0.9242958056764984,0.08937589678577897
5230,0.633317770890719,0.9242932500447966,0.08937272989134828
5231,0.6333072091721706,0.9242938649336271,0.08937178839933396
5232,0.6333168458911995,0.9243070427698762,0.0893653279681941
5233,0.6333483282750948,0.9243166004481356,0.08936144876827402
5234,0.6333753876487257,0.9243285907803307,0.08936377450400539
5235,0.6333500786904805,0.9243215118726694,0.0893694234955529
5236,0.6333838298099754,0.9243236255530243,0.0893766531425392
5237,0.6333713707124985,0.9243019430356381,0.08938803219118034
5238,0.6333577336532836,0.9242900526228779,0.08940463186705362
5239,0.6333687009365213,0.9242890457424179,0.08941107821624482
5240,0.633368693656808,0.9242886960243956,0.08940915206085424
5241,0.6334107900489322,0.9243021774620047,0.08940995414486211
5242,0.6334255705171331,0.9243091910377278,0.08941193809564102
5243,0.6334089685738434,0.9243050366950666,0.0894180406854305
5244,0.6334180160794807,0.9243070850434832,0.08943692964177895
5245,0.6334050311448869,0.9242952868640477,0.0894494258934071
5246,0.6334306287959605,0.9242593619841245,0.08951715694049672
5247,0.6334536311702821,0.9242559339788944,0.08951574920051437
5248,0.6334461743811495,0.9242618561269433,0.08951286889624258
5249,0.6334922914502302,0.9242949947918532,0.08952049735976955
5250,0.6334750733416641,0.9243011667384895,0.08953045188256285
5251,0.6334699339168685,0.9243061550241272,0.0895379313060586
5252,0.6334677322309321,0.9243078574975766,0.08954264327128171
5253,0.6334655753642208,0.9242904638297833,0.08954613613054503
5254,0.6334703238936977,0.9242823319249996,0.0895566406552854
5255,0.6334732465721373,0.924282520234704,0.0895577951209146
5256,0.6334854137564448,0.9242824472166553,0.08955970750936415
5257,0.6335066604729753,0.9242779200976406,0.0895611285967882
5258,0.6335139264125248,0.9242771707018784,0.08956291856256608
5259,0.6335485777280663,0.9242868782592903,0.08954716768283194
5260,0.6335521805804151,0.9242987686720505,0.08954289553747867
5261,0.6335607096801606,0.924299925431663,0.08954235743321974
5262,0.6335543482601864,0.9242812366542703,0.08954697594571387
5263,0.6335461373887731,0.924280183657148,0.08955781579716117
5264,0.633516090903348,0.924265276446063,0.0895718446435665
5265,0.6334916899192307,0.9242675438486256,0.08958063271664117
5266,0.6335179418423413,0.9242879158841918,0.08957896858008814
5267,0.6335349439413485,0.9242917858407689,0.08957607048430156
5268,0.6335588281854574,0.9242914745532984,0.08957497431617302
5269,0.6335443809489413,0.9242880427050131,0.08957503806496214
5270,0.6335217533747174,0.9242983689943106,0.08959022464308852
5271,0.6335176165440601,0.924282762347181,0.08959959042786901
5272,0.6334979054936878,0.924290517632556,0.08961284856843688
5273,0.633482576727502,0.9242820552250259,0.0896278341432532
5274,0.6335029599482745,0.924296301430618,0.08963236194216109
5275,0.6334856568224712,0.9242834540971153,0.08963676767436256
5276,0.6334998465000448,0.9242850873955714,0.08963166904996808
5277,0.6334626759072177,0.9242730432606036,0.08964018185929573
5278,0.6334165881744607,0.9242777317879363,0.08979926627661475
5279,0.6334178255301274,0.9242847261483835,0.089798384143547
5280,0.6333923580059214,0.9242757564575682,0.08980713738183731
5281,0.6333803191997668,0.9242732430994736,0.08981093654509732
5282,0.633367260380823,0.9242677244722196,0.08982786607696497
5283,0.6333175470971928,0.9242497966197547,0.08984783084537198
5284,0.6333512883722167,0.924256633414939,0.0898520382822504
5285,0.6333782741442608,0.9242652188002353,0.08985781925173242
5286,0.6333867369233602,0.924257113796838,0.08986410240657962
5287,0.6333616278252537,0.9242551461525802,0.08987004446892456
5288,0.6332959450057153,0.9242384096472245,0.08988299858974032
5289,0.6333210548179692,0.9242464070450764,0.08988402238537901
5290,0.6333225387162691,0.9242367994070996,0.08988512487374112
5291,0.633367340666399,0.9242539817068575,0.089882359650224
5292,0.6333766816482413,0.924242045177435,0.08988801372371143
5293,0.6334075445033386,0.924259411943842,0.08988313806527023
5294,0.6333987201366326,0.9242488012684603,0.08988702454651312
5295,0.6333987201366326,0.9242488012684603,0.08988570084373784
5296,0.6333697573293261,0.9242530094138942,0.08992082155495694
5297,0.6333496194797705,0.9242451542090843,0.08993702550228429
5298,0.6333478071106882,0.9242495737225537,0.08993902450857409
5299,0.6333560127190735,0.9242544428734804,0.08994358465558708
5300,0.6333647466808019,0.924237129909846,0.08995532663321443
5301,0.6333469690885952,0.924239950712356,0.08996498913303877
5302,0.6333755196031725,0.9242465031214563,0.08995316032859514
5303,0.6333423353456983,0.9242355542572178,0.08995806657099224
5304,0.6333488893576356,0.9242441242702931,0.08996363027112972
5305,0.6333626935458732,0.9242319187270074,0.08997205595532326
5306,0.6333476642116623,0.9242344551434333,0.08997112533664274
5307,0.6333570738321418,0.9242280910440374,0.09000782235110871
5308,0.6333747706044395,0.9242346242378616,0.08999822097578518
5309,0.6333721833343721,0.9242536819485526,0.09000338785670274
5310,0.6333860239535783,0.9242549770581518,0.09000463950216427
5311,0.6333799561309597,0.9242711294191186,0.09001233167957254
5312,0.6334127772438822,0.9242878620814191,0.09001960839450604
5313,0.6334186425789907,0.9242856446385741,0.09001980892620874
5314,0.6334434214444706,0.9242950639668466,0.09001266652535055
5315,0.6334389192243146,0.9242810406584555,0.09002074220476997
5316,0.6334433303862924,0.9242800337779956,0.09002918785865635
5317,0.633464651179866,0.9242854294274834,0.09005269459277933
5318,0.6334640839816835,0.9242980615498954,0.09005680611020683
5319,0.633478138388288,0.924295655797346,0.0900506771001001
5320,0.6334603700366227,0.9242966280903092,0.09005287684333474
5321,0.6334925843163288,0.9243096329890748,0.09004675683655677
5322,0.6335010617139338,0.9243062049838446,0.09004657021204808
5323,0.6335016122040905,0.924301739353713,0.09006169518831335
5324,0.6335105539740443,0.9243012551287589,0.09006201979062901
5325,0.6335108879330794,0.9243365190031892,0.09020578177610336
5326,0.6335103058950521,0.9243447469843526,0.09019576852805648
5327,0.6335103058950521,0.9243447469843526,0.09019156549545693
5328,0.6334951078383526,0.9243425333845628,0.09019186883540085
5329,0.6334652285315439,0.9243412113735772,0.09020911561665944
5330,0.6334779603679469,0.9243395319584589,0.09020677174846287
5331,0.6334966756535052,0.9243364613573614,0.09020936931516112
5332,0.6335183124870374,0.9243443665218888,0.09021649277935495
5333,0.6335585948395019,0.9243447392982422,0.09021965401823252
5334,0.6335647992918874,0.9243394435681894,0.09021630591896636
5335,0.6335994485196558,0.9243338442367764,0.09021059035745974
5336,0.6335961792625008,0.9243409846333209,0.09023651065600685
5337,0.633568625415485,0.9243297782843847,0.09024245053460021
5338,0.6335322114068311,0.9242908750366887,0.09028246168470412
5339,0.6335376755274481,0.9242894569493233,0.09028387769266942
5340,0.6335081623556462,0.9242744037021411,0.09030118023811079
5341,0.6335501361504651,0.9242929733448229,0.09029910696104232
5342,0.6335520128056205,0.9242867130079171,0.09030713528704751
5343,0.6335528625550858,0.9242720210079228,0.09032046084056218
5344,0.633587001404486,0.9242783774212083,0.09032679470367146
5345,0.6335657634427717,0.9242639736503534,0.09033159223510086
5346,0.6335364864419272,0.9242404234081445,0.09034753649712278
5347,0.6335740304136755,0.9242543275818246,0.09034819970403916
5348,0.6335446409037798,0.9242416378135847,0.09036435619427993
5349,0.6335386195685211,0.9242740155535668,0.09036322060813222
5350,0.6335470494211078,0.9242866015593165,0.09037084235972807
5351,0.6335232841473628,0.9242905675922735,0.09037485517468787
5352,0.6335802057746899,0.9243173613730633,0.09037917797984936
5353,0.6335941333535143,0.9243326836341089,0.09039289544520335
5354,0.6335857553351089,0.9243393974515272,0.0904078697575341
5355,0.6336027442198128,0.9243409193013827,0.09042141739029501
5356,0.6336077885685766,0.9243430060803512,0.09042195752024165
5357,0.6335858726984893,0.9243376757628017,0.09043284651866773
5358,0.6335694033696037,0.9243461996592148,0.09044775468356447
5359,0.6335585466405338,0.9243556843194256,0.09044872787723358
5360,0.6335639936631349,0.9243731510052675,0.09045387930414496
5361,0.6335647575851264,0.9243610069508648,0.09046741449398404
5362,0.633598714395752,0.9243427485956535,0.09048417258764462
5363,0.6336360473242678,0.9243447892579598,0.09047501070656942
5364,0.6336776197889709,0.9243453234426313,0.0904761984407261
5365,0.6336386972304203,0.9243291249650023,0.09049232277529295
5366,0.6335918306297402,0.9243287022289313,0.09055535866954013
5367,0.6336287505167378,0.9243314999731101,0.09055390458260268
5368,0.6336344347005469,0.9243364075545888,0.0905530325930529
5369,0.6336351742065626,0.9243297667552192,0.0905563120202973
5370,0.6335724525096514,0.9243215733615524,0.09057456024865893
5371,0.633552065680499,0.9243206510283066,0.09057464205272851
5372,0.6335969627388981,0.9243348088436294,0.09056705815626119
5373,0.6335978540855094,0.924336330693485,0.09056557182097644
5374,0.6335847434999946,0.9243351508755414,0.09057217529198319
5375,0.6335616245286597,0.9243287329733728,0.09059245304586684
5376,0.6335874419023049,0.9243278682859549,0.09060148840957356
5377,0.6335983869171147,0.9243229991350282,0.09059789362038502
5378,0.6336222527272708,0.9243098443571103,0.09060907507872157
5379,0.6336001083007996,0.9243035801771493,0.09061924760906338
5380,0.6335695599101306,0.9242878620814191,0.09063412552241526
5381,0.6335934084079028,0.924286509325992,0.0906367766244999
5382,0.6335590571508392,0.9242690387970949,0.09065163490915382
5383,0.633545556840358,0.9242550193317589,0.09066540738382498
5384,0.6335105135091779,0.9242429675106808,0.09068583760294763
5385,0.633525900995952,0.9242439321175336,0.09068931860595657
5386,0.6335247991479479,0.9242421220385388,0.09069441140572969
5387,0.633541065774028,0.9242412112344586,0.0907015724640158
5388,0.633545757052947,0.9242509072627049,0.09070256679417737
5389,0.6335560519871212,0.9242517604209572,0.09070171930052814
5390,0.6335583809158047,0.9242490587531581,0.09071034048558468
5391,0.6335377764795936,0.9242420490204901,0.09071849117082562
5392,0.633560029732129,0.9242362767515937,0.0907225383727109
5393,0.6335840823292045,0.9242313384256735,0.09073285670592661
5394,0.633601385733467,0.9242438245119883,0.09074166299620492
5395,0.6336007263323282,0.924244404813322,0.09074828926953186
5396,0.6335985964726134,0.924246941229748,0.09075007850927674
5397,0.6336225211445733,0.9242704645705706,0.09075003062090128
5398,0.6336728056289003,0.9242717519940595,0.0907599821620915
5399,0.6336749701099094,0.9242672056597688,0.0907746276300261
5400,0.6336640869036102,0.9242666830042628,0.09077332551445803
5401,0.6336506749171216,0.9242530171000046,0.09077549098541517
5402,0.633642440598323,0.9242519218292752,0.09077955914485036
5403,0.633624189632941,0.9242365342362915,0.09078903669868708
5404,0.6336390525957857,0.924182470135868,0.0908701614631305
5405,0.6336443651445031,0.9241774280474576,0.09087315774040554
5406,0.6336598931130862,0.9241848143995343,0.09090897369086673
5407,0.6336456255502665,0.9241909901892258,0.09091798046248407
5408,0.6336096015513417,0.9241812903179244,0.09092595770127015
5409,0.6336165165629859,0.9241780506223986,0.0909284054681074
5410,0.633616368944216,0.9241868973354477,0.09093217733947376
5411,0.6336038202349135,0.9241831849441334,0.09094365102378223
5412,0.6336066598346821,0.9241776471016035,0.09095285620799791
5413,0.6336179744571026,0.9241772551099741,0.090954258894868
5414,0.6336567899826063,0.9241909709739499,0.09095680819119632
5415,0.6336335266369325,0.9241964165831551,0.09098017064467358
5416,0.6335996351540217,0.924179833800007,0.09099662577136441
5417,0.633613120115921,0.9241780429362881,0.09100314947858175
5418,0.6336490102151028,0.9241862209577341,0.09101190364975711
5419,0.6336531017387509,0.9241860019035882,0.09099286443321182
5420,0.6336246578013025,0.9241904636906647,0.09100625719814863
5421,0.6335931786535607,0.9241789767986995,0.091025000565167
5422,0.6336184623561892,0.9241867666715712,0.09101911404968473
5423,0.6336220302290458,0.9241837191288049,0.09101157061444018
5424,0.6335861005630324,0.9241799221902764,0.09101376039775756
5425,0.6335901539596064,0.9241800374819321,0.09100822926652115
5426,0.6335953805342138,0.9241458381337897,0.09104947854715374
5427,0.6336132895414129,0.9241486743085204,0.09104868762457198
5428,0.6336140083162333,0.9241732967631275,0.09104100973368724
5429,0.6336149482378358,0.9241647344361625,0.09105301976876938
5430,0.6336668667275555,0.9241855599522413,0.09106396485747571
5431,0.6336442271831625,0.9241843724481873,0.09107147169002558
5432,0.6336373489879387,0.9241952828818739,0.09107332911016029
5433,0.6336165765466549,0.9241926811335097,0.09108183208878563
5434,0.6336802405350648,0.9241833463524514,0.09107857904745632
5435,0.6336481402015198,0.9241643117000916,0.09109271746137418
5436,0.6336752737165616,0.9241692231246253,0.09108944322983398
5437,0.6336758205018961,0.924176547987819,0.09109131084165523
5438,0.633661086213597,0.9241670364262219,0.09109725938781424
5439,0.6336780211891047,0.9241718402452103,0.09109649448179036
5440,0.6336787635941722,0.9241655914374701,0.09110452674351274
5441,0.6336787635941722,0.9241655914374701,0.09109984719992643
5442,0.6336787635941722,0.9241655914374701,0.09109744547309795
5443,0.6336884986142373,0.9241640157848419,0.09110071542519628
5444,0.6337058564393981,0.9241536779663788,0.09111420084344467
5445,0.6336769406458072,0.9241712868452628,0.09112697143169524
5446,0.6336894030671039,0.9241842264120901,0.09113831735243026
5447,0.6336904474560718,0.9241482092988423,0.09117043228296602
5448,0.6336928202953097,0.9241380252025868,0.09117414959258535
5449,0.6336665514244453,0.9241182834280719,0.09118357676316202
5450,0.6336752877542987,0.9241287634395772,0.0911852540389686
5451,0.6336759354450876,0.9241261578481578,0.09118752554698312
5452,0.633685686670956,0.9241230026998462,0.09118991594069537
5453,0.6337022099302415,0.9241196938293269,0.09119139438278281
5454,0.6336802888342177,0.9241183564461206,0.09120297765002491
5455,0.6336911433389513,0.9241348662112201,0.09120891019034642
5456,0.6336938545284323,0.9241447620783363,0.09121053252992853
5457,0.6336751400648298,0.9241343589279348,0.09122413966482276
5458,0.6336962219226605,0.9241303736797021,0.09122382892455393
5459,0.6337259172949463,0.9241213117555622,0.09124436357534513
5460,0.6337834802501126,0.9241318109823434,0.09123483887709055
5461,0.6338179662819898,0.924134481905701,0.09123822666709422
5462,0.6338179662819898,0.924134481905701,0.09123102672537307
5463,0.6338094519356826,0.9241379099109311,0.09123457972807718
5464,0.6337918423649889,0.9241403809954187,0.09123775324597551
5465,0.6337940532689282,0.9241469410906294,0.09123726962502055
5466,0.6337506596649636,0.9241277680882827,0.09124812240539522
5467,0.63379635058011,0.9241082453679137,0.09123807095667566
5468,0.6338286842087069,0.9241131990660546,0.09123773571342683
5469,0.633851049390046,0.9241128954646946,0.09125150698594449
5470,0.6338233244948641,0.9241120615217181,0.09125849376808148
5471,0.6338220213461627,0.9241260271842813,0.09126977019593344
5472,0.6338724905120035,0.9241194363446291,0.0912712436298105
5473,0.6339053493134152,0.92412640380369,0.09127157392412041
5474,0.6338771484559418,0.9241247743482891,0.09127758278794136
5475,0.6338897146321876,0.9241219689179999,0.09127741875365791
5476,0.633930420853899,0.9241310346851949,0.09128262468317808
5477,0.6339252081096073,0.9241301738408322,0.09128336780843473
5478,0.6338748568615887,0.9241047097571382,0.09134057357991666
5479,0.6339228223571376,0.9241061240014484,0.0913489052409033
5480,0.6339108700162345,0.924092315904148,0.09136753608446929
5481,0.6338905175457682,0.9240975808897594,0.09138075135900577
5482,0.6338841180784118,0.9241152743158576,0.0913804941005754
5483,0.6338777259318722,0.9241132374966065,0.09137648650553855
5484,0.6338733929455896,0.9241127917022044,0.09137090011286723
5485,0.6338622765660067,0.9240976692800288,0.09137939994872162
5486,0.6338508482882951,0.9241123651230781,0.09138794192219107
5487,0.6339020110208372,0.9240962358204426,0.09139539540544026
5488,0.6339025934164171,0.9240950829038853,0.09140045934728097
5489,0.6339189556272836,0.9240919738722361,0.09139911590551536
5490,0.6339038231063072,0.924095317330252,0.09140976165866731
5491,0.6339215134337216,0.924098922116021,0.09141237487736989
5492,0.6339327314356612,0.9241234907678554,0.09142094288065422
5493,0.6339229382296494,0.9241122652036432,0.09142904254787268
5494,0.6339278518455631,0.9241014700616124,0.09142903977317848
5495,0.6339565121813819,0.9241243054955559,0.09143133933094759
5496,0.6339884101670239,0.9241134949813042,0.09143926585485238
5497,0.6339901077680932,0.9241230296012325,0.0914382337130731
5498,0.6339769131303348,0.9241153242755751,0.09144757722630424
5499,0.6339802338546751,0.9241218843707857,0.091455789003236
5500,0.6339561883613046,0.9241013355546808,0.09148936907793753
5501,0.6339492364895349,0.9241121422258771,0.09149566327612038
5502,0.6339711460859543,0.9241156970519285,0.09149150976768088
5503,0.6339277310793415,0.924108010941547,0.09151389225278918
5504,0.6339291597653145,0.9241320761531515,0.09153220596962014
5505,0.6339411854905805,0.9241303314060949,0.09153835435557933
5506,0.6339353932787238,0.9241317648656812,0.09153476058960508
5507,0.633980527157915,0.9241523444262276,0.09153848973010036
5508,0.633954170767062,0.9241463953767923,0.0915443339990861
5509,0.6339508494832897,0.9241455537477056,0.09154355022754106
5510,0.6339280871956358,0.9241375678790191,0.09155582825427004
5511,0.6339091608641443,0.9241553304801108,0.0915838366875525
5512,0.6339097654118826,0.9241553496953868,0.09158762535438893
5513,0.6339216896699965,0.9241672439512022,0.09158815704604735
5514,0.6339193145769921,0.9241702530634165,0.09158620645889236
5515,0.6338909041976266,0.9241597768949665,0.09159790105789145
5516,0.6338817780299408,0.9241537394552618,0.09160288722478807
5517,0.6338935970242494,0.9241550845245786,0.09160929338726892
5518,0.6338904391014827,0.9241538393746968,0.09161609662481962
5519,0.6339203698162023,0.9241648843153151,0.0916142632557552
5520,0.633934533522781,0.9241736234228188,0.09161839378621194
5521,0.6339430835277186,0.9241554880453736,0.09162347730798927
5522,0.6339473970897676,0.9241497618931394,0.09162895685142224
5523,0.633948801760525,0.9241406807537237,0.09163636102276981
5524,0.6339378271265858,0.9241391973344201,0.09163826469849651
5525,0.6339129854424443,0.9241412034092296,0.09165985970984412
5526,0.6339242309499116,0.924130573518572,0.09166371099193221
5527,0.6339174754049307,0.9241276604827374,0.09165786370895582
5528,0.6339273936635458,0.9241345088070873,0.09165897342162374
5529,0.6339273936635458,0.9241345088070873,0.09166121200961073
5530,0.6339269659156322,0.9241092560914289,0.09167964445943659
5531,0.6339186961771452,0.9241038066391684,0.0916760139586176
5532,0.6338818549163171,0.9241019427574009,0.09168562740587279
5533,0.6338714073033954,0.9240892991058233,0.09169581561873157
5534,0.6338618903978596,0.9240915703514411,0.09169481828776092
5535,0.6338729936844602,0.9240791918706716,0.09170325384568116
5536,0.6339119595518262,0.9240873468337863,0.09169979983290412
5537,0.6339201483788154,0.92408701633104,0.09170396917512477
5538,0.6339455216870251,0.9240897064696735,0.09170624700238626
5539,0.633951702661072,0.9240923735499759,0.09171200565668479
5540,0.6339625729269925,0.924088991661408,0.09171063960888408
5541,0.6339582238182412,0.9240857519658822,0.09170749181637616
5542,0.6339734574217187,0.9241060625125653,0.09170930040739819
5543,0.633956831861697,0.9241073422499438,0.09171695338204221
5544,0.6339520334722571,0.9241110623273685,0.09171632585425976
5545,0.6339383122130773,0.9241085643414946,0.09172405066732282
5546,0.6339366210257766,0.924120904391712,0.0917374276989026
5547,0.6339765125137674,0.9241182872711271,0.09173469523291991
5548,0.6339842814106714,0.9241253584926781,0.09173492677504205
5549,0.6340055620441049,0.9241317418073499,0.09173433571588205
5550,0.6339734020979517,0.9241247858774547,0.09175203720833215
5551,0.6339694218134232,0.9241303314060949,0.09175384977308211
5552,0.6340274885628754,0.9241395739538287,0.09176002648458984
5553,0.6340130294166947,0.9241417875536186,0.09176477824455834
5554,0.6339906709281633,0.924141856728612,0.09178254049973458
5555,0.6339948876804095,0.9241425331063255,0.09178767628945143
5556,0.6339865404624022,0.924153439696957,0.09180051608785653
5557,0.6340227053244645,0.9241612680003806,0.0918002392361952
5558,0.6339969529385757,0.9241530938219898,0.09180906980374928
5559,0.6339770322984684,0.9241485129002024,0.09181232473918195
5560,0.6340042251084748,0.9241537701997034,0.09181211837484193
5561,0.6339926516930257,0.9241394970927249,0.09182851623966655
5562,0.633944422465504,0.9241339054474224,0.09184613954879631
5563,0.6338988864914306,0.9241133720035382,0.09185816086215126
5564,0.6339238014385773,0.9241265229384009,0.09185498602968623
5565,0.6339216440554298,0.9241273837827636,0.09185101883190115
5566,0.6339025378034804,0.9241179375531048,0.09186486839667184
5567,0.6339225527806496,0.9241235868442352,0.09187060184882141
5568,0.633917903840888,0.9241231833234401,0.09188190983726785
5569,0.6339158298580017,0.9241283330173957,0.09188594170675388
5570,0.6339088708534532,0.9241205662028552,0.0919038035997799
5571,0.6338860118271903,0.9241117694495237,0.09191652477907732
5572,0.6339088277779646,0.9241182834280719,0.09191789253598052
5573,0.63389966058788,0.9241207545125596,0.09193088880725994
5574,0.6339412443054994,0.9241199666862455,0.0919299132956026
5575,0.6339466976464015,0.9241130645591229,0.09193507994627789
5576,0.6339586821828268,0.9241253392774021,0.09194209754299476
5577,0.6339567065486856,0.9241324489295051,0.09194666516320223
5578,0.6339574662538708,0.9241257966009698,0.09195517491477877
5579,0.6339521701535283,0.9241222917346359,0.0919577449346718
5580,0.6339510862113882,0.9241221226402075,0.09195432666996432
5581,0.6339314100625831,0.924125273945464,0.0919588514138599
5582,0.633928376939611,0.9241386554636382,0.09195273962627575
5583,0.6339198432503321,0.9241378637942689,0.09195175290053781
5584,0.6339388207989043,0.9241393933302348,0.0919505046284532
5585,0.633941864798373,0.9241254814704443,0.09195489568479927
5586,0.6339493784102824,0.9241345549237496,0.091952905242464
5587,0.6339443760884089,0.9241337939988218,0.09195769676509806
5588,0.6339074304952088,0.9241177223420141,0.09199572759012999
5589,0.6338958376114772,0.9241131721646683,0.09200143033999901
5590,0.633897185510441,0.9241252662593535,0.09200910573424416
5591,0.633888894835896,0.9241299125130792,0.09201968584746124
5592,0.6338826690282,0.924129889454748,0.09203664961865071
5593,0.6338745882591914,0.9241172304309497,0.09204630252033759
5594,0.6338760527982821,0.9241138216409954,0.09204947348112445
5595,0.6338861888864206,0.9241379252831519,0.09204829302242405
5596,0.6339121783106088,0.9241282676854575,0.09205204195885387
5597,0.6339306461132229,0.9241372911790454,0.09205336274395949
5598,0.6339441175841355,0.9241340822279611,0.09205689681964906
5599,0.6339795698067457,0.9241399428871271,0.0920503397366443
5600,0.6339856012015266,0.9241395239941113,0.0920435255589124
5601,0.633988125777152,0.9241412648981127,0.09205085033889636
5602,0.6339782124502704,0.9241275336619161,0.092061315081642
5603,0.6339828348190716,0.9241323643822908,0.09206249440281768
5604,0.6339828151063945,0.9241239519344783,0.09206316233508197
5605,0.6339615164643296,0.9241187407516397,0.09207047786135418
5606,0.6339758639349153,0.9241157354824805,0.09208093459261968
5607,0.6340035853853488,0.9241156778366526,0.0920817926500146
5608,0.6339492071736168,0.9241373565109836,0.0921024635598679
5609,0.6339775549862121,0.9241543620302027,0.09210353305239519
5610,0.6340193497210808,0.924163312505742,0.09210254038524716
5611,0.6340593813094458,0.9242049904392857,0.0921379093144757
5612,0.6340322443532002,0.9242021926951068,0.0921442499456543
5613,0.6340492362285572,0.9242025962159018,0.09215207643157526
5614,0.634040482108763,0.9241955249943509,0.09216135838383835
5615,0.6340835361334279,0.9241855484230757,0.09216708896677761
5616,0.6340669524827988,0.9241825623691925,0.09216308661125834
5617,0.6340741008787432,0.9241860749216368,0.092169543817455
5618,0.634069661667593,0.9241857290466696,0.09217687067687663
5619,0.6340762784353886,0.9241951137874455,0.09217400952682644
5620,0.6340769686015167,0.9241822587678324,0.0921893309814755
5621,0.6341177500605358,0.924199859960606,0.09218990299831929
5622,0.6341547485434507,0.9242184565046742,0.0921991606241607
5623,0.6341532834464838,0.9242247706443525,0.09220643686202776
5624,0.6341557492388329,0.9242247475860214,0.09220751363530681
5625,0.6341865384856661,0.9242359308766265,0.0921980541824057
5626,0.6341791331713134,0.924218836967138,0.09220714082509508
5627,0.6341923311805405,0.9242211120558109,0.09220364374898274
5628,0.6342303424308254,0.9242387555221917,0.09219587045847366
5629,0.6343031468802309,0.9242498312072515,0.09220011013126188
5630,0.6343071901472532,0.9242547118873436,0.09218790132429222
5631,0.634323991470138,0.9242753644659388,0.0921884277524438
5632,0.6343714436707533,0.9243017047662162,0.09218602095231165
5633,0.6343795822324152,0.9243008362357431,0.09218799706649218
5634,0.6343610429526838,0.9243030613646985,0.09220134715626718
5635,0.6343513766189246,0.9242851950011167,0.09221344971286018
5636,0.6343754708049179,0.9242926159406901,0.09221508113445129
5637,0.6343785453300324,0.9242918165852104,0.09221962190404273
5638,0.6344141222463227,0.9243044294923465,0.09221411618550678
5639,0.6344302966028981,0.9243179455174524,0.09224306805816923
5640,0.6344278921720856,0.9243224342059152,0.0922410596596437
5641,0.6344133078666995,0.9243097482807304,0.09225696890079849
5642,0.6344179603802697,0.9242949640474116,0.0922653373425345
5643,0.6344332198025918,0.9243036685674187,0.0922670588333884
5644,0.6344292232581159,0.9242908250769712,0.09227536954164324
5645,0.6344162451503401,0.9242917781546585,0.0922815442700751
5646,0.6344221625695976,0.9242813750042571,0.09228796230629331
5647,0.6344171423335201,0.9242835540165503,0.09229363253148198
5648,0.6344419800941827,0.924272951027279,0.09228238980471418
5649,0.6344222476913319,0.9242818477000456,0.09229022539193163
5650,0.63443818713205,0.9242926620573524,0.09228678947044745
5651,0.6344459585723209,0.924291486082464,0.09228373620888324
5652,0.6344379646623375,0.9242937381128058,0.0922864536508215
5653,0.6344658183916351,0.924300067624705,0.09228081949728159
5654,0.634482963455906,0.9243047292506513,0.09227360744069187
5655,0.6344721130785197,0.9243145136691671,0.09228360272316609
5656,0.6344870625057043,0.9243154782760199,0.09228360639714445
5657,0.6344769652077622,0.9243053748839234,0.09229595558348849
5658,0.634491260239403,0.9243082225878197,0.09230690786162689
5659,0.6344436401511454,0.924300490360776,0.09231678265909204
5660,0.6344704851341914,0.9243186987562697,0.09232236446032775
5661,0.6345083888498345,0.9243231951308429,0.09232233938566226
5662,0.6345413305011879,0.9243357542352063,0.09231250541843776
5663,0.6345302786666824,0.92433985861815,0.09231935307221792
5664,0.6345263716249312,0.9243461458564421,0.09233225284244956
5665,0.6345586538643697,0.9243387326029792,0.09234279860795147
5666,0.6345549174356947,0.9243275646845948,0.09234710629011832
5667,0.6345660103041861,0.9243297552260535,0.09237386171167224
5668,0.634541639346223,0.9243199784936482,0.09239902423294019
5669,0.634558511179586,0.9243266538805146,0.09241163972644356
5670,0.634523112801165,0.924312238580494,0.09242785707470497
5671,0.6344959028289601,0.9242877967494809,0.09244583482871613
5672,0.6344924925902727,0.9243023503994883,0.09244659324310713
5673,0.6345009161831987,0.9243026001980756,0.09245271507293325
5674,0.6345009161831987,0.9243026001980756,0.0924482145388947
5675,0.6345053523511074,0.9242971776472015,0.09245149844396842
5676,0.6344960011632679,0.924287397071741,0.09245903620167131
5677,0.6345034217189355,0.9242872625648094,0.0924732831678395
5678,0.6345097340146093,0.9242878467091984,0.0924883606718002
5679,0.6345341794571793,0.9242933883947835,0.09248946312334118
5680,0.6345063892519566,0.9242987148692778,0.09253309279638049
5681,0.6344831347964693,0.9242990107845275,0.0925400942285701
5682,0.6344876481345602,0.9243113931083521,0.09253844034501003
5683,0.6344716859219874,0.9243086683822219,0.09254781439938665
5684,0.6344902025091398,0.9242936112919845,0.09255412051192459
5685,0.6344910977745889,0.9242866361468133,0.09256042712649896
5686,0.6344912788266757,0.924288342463318,0.09256422062280203
5687,0.63447508572499,0.9242820283236396,0.09258079971481867
5688,0.6344841064398246,0.9242869282190078,0.09257896154429678
5689,0.6344759533450071,0.9242841189456633,0.09259335140887011
5690,0.634510886740621,0.9242776011240599,0.09260355455839271
5691,0.6345086985588035,0.9242876007536661,0.09261260670308553
5692,0.6344840057490834,0.9242820052653085,0.09261889679095536
5693,0.6344725760237827,0.9242745113076865,0.09259075053386683
5694,0.6344903087751347,0.9242745689535143,0.09258902018159601
5695,0.6344389588374604,0.9242603573354189,0.0926185671728904
5696,0.634458153473147,0.9242619791047094,0.09262446253223533
5697,0.634474790909743,0.9242616831894597,0.09262696555151213
5698,0.634458943107789,0.9242411151580788,0.09263657176461862
5699,0.6344688784496676,0.9242450312313182,0.09263305514692183
5700,0.634446259219503,0.9242433095425927,0.09265246901864686
5701,0.63444271500425,0.9242424448551748,0.09265645826807922
5702,0.6344570040641598,0.9242232065208899,0.09266590179344197
5703,0.6344352412929062,0.9242208853155547,0.09268678715944678
5704,0.6344405038296881,0.9242282486093002,0.09269622840758633
5705,0.6345177448122892,0.9242387401499709,0.0927019262982963
5706,0.6344880927687291,0.9242553844220021,0.09271308928495528
5707,0.6344991621781065,0.9242589546202743,0.09271222651565618
5708,0.6344733380304889,0.9242534244638548,0.09272880530032365
5709,0.634442012748555,0.9242522753903527,0.09273540491109535
5710,0.6344436073730682,0.9242849336733637,0.09277571387934021
5711,0.6344156391615065,0.9242566756885462,0.09279668527426675
5712,0.6344412527336419,0.92426642167651,0.09279929330987598
5713,0.6344377805888126,0.9242573136357078,0.09280746019092476
5714,0.6344331935944436,0.9242568255676986,0.09280761239260003
5715,0.6344409667967712,0.9242609683811942,0.09281690395246334
5716,0.6344361198672822,0.9242757987311754,0.0928196214078499
5717,0.6344708937688937,0.9243010821912754,0.09283314992338337
5718,0.6344000994428332,0.9242824318444346,0.09286131937740547
5719,0.6344039759875882,0.9242763828755644,0.09287731108441052
5720,0.6344054414283489,0.9242782006406696,0.09288562972749329
5721,0.6343897657095495,0.9242735005841712,0.09290019711337341
5722,0.6344028346402933,0.9242666099862142,0.09290508744946457
5723,0.6343757456645825,0.9242479980699254,0.09292501215526178
5724,0.6343874146310898,0.9242358194280259,0.09294764387489708
5725,0.6343622025606013,0.9242272455718954,0.09296075989411187
5726,0.6343678634577057,0.9242389861055031,0.09294095335027452
5727,0.6343613505564708,0.9242546311831847,0.09293719192851511
5728,0.6343739159312555,0.9242556688080862,0.09294203255448617
5729,0.6344037453229247,0.9242445047327571,0.09294607883189805
5730,0.6344152486662068,0.9242321877408707,0.09295344317635039
5731,0.6344429371700385,0.9242379369514361,0.09295573238877704
5732,0.6344581380237999,0.9242414379747148,0.09297344908269634
5733,0.6344957138317334,0.9242447583743997,0.09298892110679306
5734,0.6344764836101565,0.9242460880714957,0.09299040255259819
5735,0.6345206671159505,0.9242513799584933,0.0930099381646415
5736,0.6345060952187406,0.9242668636278568,0.09301642404784316
5737,0.6345109873324206,0.9242526058930992,0.09301656817690804
5738,0.6344951439924426,0.9242577824884411,0.0930168373640791
5739,0.634492687067374,0.9242614180186516,0.09302240347265014
5740,0.634416195076867,0.9242284484481701,0.09304703797237128
5741,0.6344284521408847,0.9242297858313765,0.09305947478893044
5742,0.6344313339367985,0.9242258313275852,0.09307434100389625
5743,0.6344304859131648,0.9242297858313765,0.09306842259929225
5744,0.6344464892892151,0.9242261195567245,0.09306659530434595
5745,0.6344202836782087,0.9242126650205017,0.09309012290981127
5746,0.6344383621657562,0.9242107434929063,0.09308605547487703
5747,0.6344500525669201,0.9242145173731036,0.09309076281973912
5748,0.6344482557177524,0.9242053209420321,0.0931077322456805
5749,0.6344278184303409,0.9242083684847984,0.09311032337727643
5750,0.6344382598953162,0.9242181798047004,0.09313094403091146
5751,0.6344340253236039,0.9242152360244242,0.09314176110730335
5752,0.6344714880303375,0.9242396086804441,0.09314163440897642
5753,0.6344712618217463,0.9242335942990705,0.09314476749232788
5754,0.6344662509667388,0.9242254969817836,0.09315157472405299
5755,0.6344699934358423,0.9242285829551018,0.09315443102115441
5756,0.6344456155046546,0.924235719508591,0.09316969013165821
5757,0.6344717129260785,0.9242442856786112,0.09316526823541858
5758,0.6344799783920033,0.9242243594374471,0.09316622082859027
5759,0.6344721426788906,0.9242270342038599,0.09317121550497279
5760,0.6344373643020239,0.924192927089042,0.09320104129508924
5761,0.634474436912046,0.9242116696692072,0.09322147357697881
5762,0.6344983380648705,0.9242127418816055,0.09321531531465238
5763,0.6344690488686047,0.9242070042002056,0.09321456513278635
5764,0.6344668003062417,0.9242298012035972,0.09322119074640356
5765,0.6344806376445795,0.9242199514531433,0.09324156740399685
5766,0.6344749680124604,0.9242165657215202,0.09324266504427131
5767,0.6345040963674333,0.9242154243341286,0.09324229059591188
5768,0.6345096831172579,0.9242344589864884,0.0932465261949127
5769,0.6345051930846547,0.9242307888687813,0.09325571661041407
5770,0.6345387652121166,0.9242270457330255,0.09325445100044268
5771,0.6345672130045102,0.9242299549258048,0.09326129287522229
5772,0.6345910415177605,0.9242501232794459,0.09327511387191331
5773,0.6345798773657919,0.9242483016712855,0.09327801244706953
5774,0.6345869212832658,0.924249842736417,0.09328469334320592
5775,0.6346095813243103,0.9242518526542818,0.09328928881819037
5776,0.6346175224496113,0.9242486859768045,0.09329964616650432
5777,0.6346274207428089,0.9242494699600635,0.09329914713652271
5778,0.6346092379798546,0.9242150400286095,0.09332951526845182
5779,0.6346068663179066,0.9242154166480182,0.09333298461260273
5780,0.634633294398302,0.9242265768802922,0.0933387354135108
5781,0.6346340152993696,0.9242320839783805,0.09335014340678267
5782,0.6346403006942808,0.924244301050832,0.09335689180834153
5783,0.6346212932001872,0.9242421566260355,0.09336402551458096
5784,0.6346438530064278,0.9242553498345054,0.09336006851671057
5785,0.6346464053821287,0.9242562721677512,0.09336556621779094
5786,0.6346563605799287,0.9242645193641905,0.09336630483362168
5787,0.6346871770745471,0.9242814749236921,0.09336176464947643
5788,0.6346857819532812,0.9242628706935136,0.09337479424817578
5789,0.6347052170415415,0.924274803379881,0.09337948993965559
5790,0.6346767250017058,0.9242678666652616,0.09338852224191638
5791,0.634659478738963,0.9242818131125489,0.09339353055656076
5792,0.6346700134650622,0.924300328952458,0.09340162066863684
5793,0.6347369212327917,0.9243035417465975,0.09339793325688428
5794,0.6347156389854246,0.9242881080369514,0.09341714811066128
5795,0.6347088372066644,0.9242844878789617,0.09342490340290675
5796,0.6347536950460011,0.9242984189540281,0.09342934797456165
5797,0.6347585927491348,0.9242933730225626,0.09343870555988586
5798,0.6347787194781436,0.9242939879113932,0.09342932513470886
5799,0.6347731262338236,0.9243077806364728,0.09343630950792449
5800,0.6348027349509726,0.9243167464842328,0.09344222185993144
5801,0.6348240296258493,0.9243185604062829,0.09344036857927629
5802,0.6348423875612029,0.9243063125893899,0.09345371481187795
5803,0.6348482734933389,0.9243083839961378,0.09345681791547392
5804,0.6348841664511369,0.9243063394907762,0.09346876728801305
5805,0.6348913154510596,0.9243110203319986,0.09347634899576275
5806,0.6348795436405072,0.9242876199689422,0.09348232258830143
5807,0.6349160970821508,0.9243010668190546,0.09348343512609225
5808,0.634926769429852,0.9242936996822539,0.09349241042843717
5809,0.6349689312856234,0.9242851834719512,0.09349253289265179
5810,0.6349689312856234,0.9242851834719512,0.09349721880243904
5811,0.6349785013593002,0.9242843149414781,0.09350853015690729
5812,0.6349679422841538,0.9243017508828785,0.09351826165907025
5813,0.6349760512870418,0.9243003942843961,0.09352744090706848
5814,0.6350094762539268,0.9243209277282803,0.09353130689244221
5815,0.6350270342287367,0.9243180070063354,0.09353240354344476
5816,0.6350327314377375,0.9243242904015723,0.09353163184994687
5817,0.635023687957802,0.9243186295812763,0.09353400710433499
5818,0.6350391938704407,0.9243347281394704,0.09352533398511657
5819,0.634914384048574,0.9242795610822071,0.09359912418702995
5820,0.6348816949003668,0.9242884769702496,0.0936104727563191
5821,0.6348982842717673,0.9242919549351973,0.09360451072782096
5822,0.6349124634177828,0.92429996770527,0.09360357781972535
5823,0.6350624683869961,0.9242748763979296,0.09366220572043091
5824,0.6350518130580544,0.9242895299673719,0.09367516982026387
5825,0.6350292893595085,0.9242785349864712,0.09368136919807601
5826,0.6350983869681416,0.9242872010759263,0.09367342366794895
5827,0.6351158209976646,0.9242976964596523,0.09367141454102922
5828,0.635089924497127,0.9242912670283181,0.09368853024056656
5829,0.6351234825788612,0.9243012858732005,0.09368429653970933
5830,0.6351210933071209,0.9243238868807773,0.09368437800061631
5831,0.6351531705865233,0.9243396203487282,0.09367413728261813
5832,0.6351332287790126,0.9243225687128468,0.09368331572277405
5833,0.635144556204131,0.9243380792835967,0.09368851585724565
5834,0.6351441234740228,0.9243360270921248,0.0936909633658125
5835,0.6351012093043874,0.9243285177622821,0.0937116875303098
5836,0.6350884268363842,0.9243177110910857,0.09371905827228297
5837,0.6350989427092455,0.9243171077314207,0.09372476738597948
5838,0.6351257530573877,0.9243260236194634,0.09371906536001966
5839,0.6351283961348089,0.9243238676655013,0.09372395269097603
5840,0.6350970977368012,0.9243125037513023,0.09374305254390687
5841,0.6350958585628919,0.9243142946150211,0.09374188703534252
5842,0.635097918232572,0.9243122808541012,0.09374218599927281
5843,0.6350903519481499,0.9243159740301395,0.0937510984709168
5844,0.6351111345732648,0.9243171000453104,0.09374694449135158
5845,0.6351060944632984,0.9243161200662368,0.0937384956593801
5846,0.6351003154272353,0.9243163045328859,0.09374260936895913
5847,0.6351407224780032,0.9243356581588266,0.09374061545618514
5848,0.6351465560282856,0.924335404517184,0.09373698014723766
5849,0.635180847636177,0.9243597963884796,0.09374519128072013
5850,0.6351839719678146,0.9243634665061868,0.09374420689860663
5851,0.6352032418591099,0.9243592852621393,0.09374904921998554
5852,0.6352034376979028,0.9243581016011405,0.09375678109139737
5853,0.6351934209037186,0.9243522447850299,0.0937574156533615
5854,0.6351884189225205,0.9243557227499775,0.09375894010963835
5855,0.6351981981248589,0.9243605035106348,0.09375848423197762
5856,0.6351978794793401,0.9243507959532229,0.0937552801173078
5857,0.6352348844960741,0.9243530287682887,0.09376172403329046
5858,0.6352383131802755,0.9243587088038607,0.09375490623750932
5859,0.6352040739637866,0.9243454348912318,0.0937671144290105
5860,0.6352515539875468,0.9243547273986831,0.09376238238638657
5861,0.635266923123578,0.9243589047996754,0.0937583352393658
5862,0.6352713532978338,0.9243626902090383,0.09376570763651106
5863,0.6352538867515781,0.9243614796466532,0.09377716191432961
5864,0.6352726525843061,0.9243679359793737,0.09377971404598784
5865,0.6352163312363994,0.9243550617444847,0.09380173854632588
5866,0.6352052048615984,0.9243588509969027,0.09380264866479732
5867,0.6351910761584925,0.9243661412725996,0.09380856397086862
5868,0.6352130440641004,0.9243662796225864,0.09380786593124357
5869,0.635198422194034,0.9243592545176977,0.09381133534657635
5870,0.6352006608627997,0.9243528135571981,0.0938247471009667
5871,0.6352273074071364,0.9243491011658838,0.09382654278348389
5872,0.6352635095252601,0.924367682337731,0.09384003159708283
5873,0.6352549453188905,0.924368385616831,0.09384586930657965
5874,0.6352825311225493,0.9243690735237101,0.09384691485323635
5875,0.6353049513355081,0.9243559687055096,0.09388047182791089
5876,0.6353014016647704,0.9243466185522305,0.09388384435710413
5877,0.6353219136939937,0.9243442127996812,0.09389351292730179
5878,0.6353334632216258,0.9243342093270196,0.09389614167129325
5879,0.6353719061364186,0.9243508074823885,0.09389143387782599
5880,0.6353706115268054,0.924346607023065,0.09389238305542824
5881,0.635449317618487,0.92436514207825,0.0938797983691955
5882,0.6354576907320989,0.9243609877355888,0.09388109059722491
5883,0.6354542130407187,0.9243619139118898,0.09389481007010791
5884,0.6354871255493616,0.9243665793808914,0.09389249896812799
5885,0.6354945014488227,0.9243676746516207,0.09389496480877853
5886,0.6355074298579415,0.9243813905155965,0.09386929886280086
5887,0.6355352408018218,0.9243844649597491,0.09387094886369744
5888,0.6355357452370025,0.9243823973960564,0.09387471797253222
5889,0.635524320351179,0.9243931694797561,0.09388497601822805
5890,0.6355084329423079,0.9243890727829228,0.09389074967607047
5891,0.6355433238120151,0.9244073388242444,0.09389405652487787
5892,0.6355089023904681,0.9243986996361757,0.09391138797033229
5893,0.6355651758295616,0.9244084955838568,0.09389969711376399
5894,0.6355643575443619,0.9244174575885618,0.09387306097036786
5895,0.6355607480952351,0.9243911595618914,0.0938855402576804
5896,0.6355028895295303,0.9244053020049934,0.09387381845975538
5897,0.6355028895295303,0.9244053020049934,0.09387758034818225
5898,0.6354787394096529,0.9243900450758861,0.09389437956222126
5899,0.6354868596692985,0.9244033458899013,0.09390651094368502
5900,0.6355116421964865,0.9244046140981143,0.09390257854745997
5901,0.6355048996595342,0.9244070044784429,0.09391031595409759
5902,0.6354758722381475,0.9243919742895919,0.09391983739779824
5903,0.6354974923417797,0.9244106207933773,0.09391220920242031
5904,0.6354569548539416,0.9244071927881472,0.09391800277618269
5905,0.635469575908897,0.924397154727989,0.09392156395702418
5906,0.6354766366447308,0.9243871320400515,0.0939143660013831
5907,0.6354698367232486,0.9243875701483433,0.09392256207117379
5908,0.6354632067763705,0.9244116046155062,0.09392486165468938
5909,0.6354489778594389,0.9244124616168138,0.09392724353209374
5910,0.6354696424980921,0.9244160625595275,0.09393450690182159
5911,0.635492636924736,0.9244236064768669,0.09391082037051122
5912,0.6354939753659263,0.9244332064287334,0.09392600214189196
5913,0.6355296233272663,0.9244425181514606,0.09393345494636593
5914,0.6355293784544515,0.9244434404847064,0.0939341893004377
5915,0.6355427096702791,0.9244470683288065,0.0939335517171859
5916,0.6355915476368896,0.9244602999678283,0.09392409758135827
5917,0.6355962674744643,0.9244653458992937,0.09392811577333463
5918,0.6355962674744643,0.9244653458992937,0.0939327980094457
5919,0.6356193895372948,0.924461080108032,0.09393942169806474
5920,0.6355903531792212,0.9244643390188337,0.09394064920583872
5921,0.6355861560317867,0.9244565645181828,0.0939492714817698
5922,0.6355723681086601,0.9244642160410677,0.0939563739911018
5923,0.6355826763132472,0.924454673735029,0.09396468393330705
5924,0.6356178173186482,0.9244575637125324,0.09396516129091789
5925,0.6356271506015156,0.9244261813238447,0.09400872755392424
5926,0.6356192599095444,0.9244128920389951,0.09401636541137827
5927,0.6356210833985465,0.924415770487333,0.09402640833742087
5928,0.6355946862616209,0.9244227148880627,0.0940309491470843
5929,0.6356267018782978,0.9244075770936663,0.094033780420966
5930,0.6356077027064729,0.9244006941818197,0.09403506959423785
5931,0.6355966347875993,0.9244058938354928,0.09403697730752689
5932,0.635605557239851,0.9244003098763006,0.0940381770189047
5933,0.6355813763660686,0.9243994451888826,0.09405270298483084
5934,0.6355708786570645,0.9243989993944806,0.09405834535046789
5935,0.635579648856516,0.9244115777141199,0.09406193210099263
5936,0.6355546124231191,0.9244093410559988,0.09407012860991251
5937,0.6355986404769187,0.9244278607389631,0.09406780219074154
5938,0.635621431403566,0.9244268346432272,0.09407194861206748
5939,0.6356272176967084,0.9244194521342057,0.09407925542208985
5940,0.6356382207144083,0.9244243904601258,0.09408012283359315
5941,0.635634064265331,0.9244019969775293,0.09408752193285654
5942,0.6356608409704977,0.9243989340625423,0.09408786992394866
5943,0.6356664667669267,0.9244003021901902,0.09408964383233412
5944,0.6356458511760231,0.9243763561132966,0.09410478858242187
5945,0.6356357072448772,0.9243686200431976,0.09410742671276505
5946,0.6356814850965449,0.9243727090539205,0.09410574914199421
5947,0.6356871677065703,0.924363873870037,0.09410917033947512
5948,0.6357096216804639,0.9243696461389336,0.09410016532396535
5949,0.6356897930571352,0.9243667446322645,0.09410674255906
5950,0.6357165790646816,0.9243799954865622,0.09411056380337338
5951,0.6357144227251141,0.9243803644198606,0.09411289784792246
5952,0.6357294253779394,0.9243855410152025,0.0941146488049909
5953,0.635740385643135,0.9243815941975216,0.09416065895754885
5954,0.6357359150440332,0.9243816057266871,0.094161001479191
5955,0.6357244960412435,0.924371648370688,0.09416537298547474
5956,0.6357465920457976,0.9243847916194403,0.09415434418507133
5957,0.6357668101467268,0.9243862250790265,0.0941617457629136
5958,0.6357636446311453,0.9243994605611034,0.09416825418873635
5959,0.6357499952900135,0.9243940226380085,0.09416338142001626
5960,0.6357444501548775,0.924373642916332,0.09417986493537467
5961,0.6357421603638133,0.9243912594813264,0.09418349420382698
5962,0.6357312803126026,0.9243763407410759,0.09419890874098044
5963,0.6357009922976727,0.9243645464046955,0.09421398130372392
5964,0.6356786024057898,0.9243647462435653,0.09422751268190892
5965,0.6356790657961173,0.9243842651208792,0.09423677124294459
5966,0.6356781311429669,0.9243899912731134,0.09424070932041737
5967,0.6357033300947517,0.9244002945040798,0.09424146597323428
5968,0.6357033300947517,0.9244002945040798,0.0942336996606956
5969,0.6357010419857512,0.9243917206479493,0.09424783633506151
5970,0.6356962053775057,0.9243882618982776,0.09425128847992213
5971,0.6357182099956085,0.9243901180939347,0.09425162208971921
5972,0.6357568584047124,0.9243949834018061,0.0942427806487605
5973,0.6357504791368878,0.9243897645328571,0.09425263995820995
5974,0.6357605008775119,0.9243976274237774,0.09426557188305608
5975,0.6357774845686863,0.9243975428765633,0.09427880190712623
5976,0.635737691201867,0.9243953292767734,0.09427715605331315
5977,0.6357495182623948,0.9243900104883893,0.09428423057318998
5978,0.6357950078471297,0.9243994375027723,0.09427826433423964
5979,0.6357805336285363,0.9243934538658403,0.09428848667761129
5980,0.6357707524509684,0.9243989801792046,0.09428677106589618
5981,0.6357529737286867,0.9243974198987971,0.09429114956677224
5982,0.6357462824954495,0.9243837078778765,0.09430395113849745
5983,0.6357590303103334,0.9243913594007613,0.09429856213159385
5984,0.6358081726196881,0.9243968857141256,0.09430019046061995
5985,0.6358547868126797,0.924418391450973,0.0942937416675887
5986,0.6358076141790865,0.9244124078140411,0.09431258422397897
5987,0.6358076141790865,0.9244124078140411,0.09430537312337116
5988,0.6358102389438598,0.9244207318715842,0.09430361502333375
5989,0.6358200295822916,0.9244221499589497,0.09430980785477769
5990,0.6358192911083338,0.9244028924093888,0.09432332336237058
5991,0.6357979102004273,0.9243958749906105,0.09433833116012859
5992,0.6358238337739762,0.9244203629382859,0.094340668006637
5993,0.6358404502932344,0.9243971239835475,0.0943474231488334
5994,0.6358504197112509,0.9243921280117995,0.09435119513151685
5995,0.6358480374515639,0.9243986227750719,0.09436350761992478
5996,0.6357969985136487,0.9243973007640862,0.09437055097246722
5997,0.6357690577020491,0.924387889121924,0.09438062339109729
5998,0.6357382649638821,0.924383757837594,0.09438852913794735
5999,0.6357799102725562,0.9243968626557945,0.0943852603994963
6000,0.6357785599519895,0.9243912133646641,0.09438503504879561
6001,0.6358007657022061,0.9244006634373781,0.09438847556355234
6002,0.6358356757313685,0.924407711600598,0.09438820911618205
6003,0.63579651788004,0.9244143946735747,0.09439928688965538
6004,0.6357812113794895,0.9244080882200066,0.09440820227777312
6005,0.6357872914671758,0.9244045987258934,0.0944130309379307
6006,0.6358203020624627,0.924402492731649,0.09440572514890898
6007,0.6358076238053972,0.9243990531972532,0.09440368059949726
6008,0.6358338771809736,0.9244057208980092,0.09440371638908994
6009,0.6358071338310011,0.9244032767149079,0.09440721466865291
6010,0.6358389749604134,0.9243956828378509,0.09440576645059894
6011,0.6358389749604134,0.9243956828378509,0.0944001661286838
6012,0.6358596681123068,0.9243928120756234,0.09439998080733776
6013,0.6358571286082652,0.9243939188755184,0.09439444061184912
6014,0.6359074644441235,0.9243803490476398,0.09439708056392679
6015,0.6359466643651607,0.9243864133887308,0.09439711861663626
6016,0.6358968142010281,0.9243801184643283,0.09442828439394764
6017,0.6359048357866806,0.9243975774640599,0.0944308670570917
6018,0.6359104810725604,0.9243932693991911,0.0944199090578919
6019,0.6358831776276089,0.9243833812181853,0.09442694930140849
6020,0.6359219583314811,0.9243840652820092,0.09443004985118081
6021,0.6359406112562527,0.9243960210267077,0.09443014377887453
6022,0.6359320361993602,0.924396186278081,0.09443102794806442
6023,0.6359448588077867,0.9243964053322268,0.09443219900963633
6024,0.6359631021158673,0.9244118198265969,0.0944250549093021
6025,0.6359494374689465,0.924405413453594,0.09443565913082873
6026,0.6359509515771129,0.9243936075880479,0.09444266427427628
6027,0.6359269481919619,0.9243879621399727,0.09445027003587361
6028,0.6358837625070756,0.9243873895247493,0.09445203811403925
6029,0.6359038270066165,0.9243823435932839,0.0944543544357321
6030,0.6358977391012612,0.9243795381629946,0.09445410302235696
6031,0.6358885135677427,0.9243795996518777,0.09445710260123764
6032,0.6359096100855685,0.9243794805171667,0.09446900528864147
6033,0.6359358496806341,0.9243828662487897,0.09448182256966901
6034,0.6359098344173683,0.9243819208572128,0.09448834171730347
6035,0.6359336468724616,0.9243940918130019,0.09450967929743334
6036,0.6359314607482813,0.9243960325558733,0.09450765997563003
6037,0.6359290051432003,0.9243871935289345,0.0945259922528878
6038,0.6359273007728037,0.9243900258606101,0.09451280150840323
6039,0.6359337475816421,0.9243940303241189,0.09453132776570593
6040,0.6359292207908797,0.9243896722995326,0.0945375227692979
6041,0.6359466439872078,0.9243989340625423,0.09453875734935174
6042,0.6359771599226007,0.9244012821692639,0.09454947687274631
6043,0.6359833676835618,0.924414117973601,0.09455043532563044
6044,0.6359717830815556,0.9244177227593698,0.09456348601451242
6045,0.6359904142210854,0.9244370840714209,0.09456305785363005
6046,0.6359973753668609,0.9244392938281556,0.09456564430376095
6047,0.6359860498055158,0.9244267039793507,0.09457647426011634
6048,0.6359540753057689,0.9244339558244956,0.09459208167499708
6049,0.6359580681955629,0.9244310504747715,0.09459513308597424
6050,0.635926629572675,0.9244217041645475,0.09459910663123287
6051,0.6359094982768411,0.9244143985166299,0.0946251760259534
6052,0.6359091267240059,0.9244128343931672,0.0946343712261727
6053,0.6358925767111205,0.9244055863910775,0.0946377269963604
6054,0.6358870483663029,0.9244122579348887,0.09465773905997273
6055,0.6358992428603639,0.9244150210915708,0.09465855628991847
6056,0.6358851506468749,0.9244175459788311,0.09466894953305163
6057,0.6358707869008011,0.9244189102634238,0.09467693475892083
6058,0.6358902462202277,0.9244237448268539,0.09467608171047233
6059,0.6359062411645044,0.924425139855888,0.09466275172861438
6060,0.6359202717632437,0.9244276685862035,0.09466507824938684
6061,0.6359177517120922,0.9244297899526689,0.09466250722406706
6062,0.6359123547712575,0.9244329720023668,0.09466894959778815
6063,0.6359168114201553,0.9244339904119924,0.09466536042160234
6064,0.6359227591476669,0.9244297246207306,0.09466829248338182
6065,0.6359215362223467,0.9244379833463355,0.09467003595095431
6066,0.6359604024173562,0.9244356044951725,0.094668909618752
6067,0.635968381086335,0.9244354046563026,0.09468357296448827
6068,0.6359436532274131,0.9244347513369201,0.09472517989203942
6069,0.6359335140023956,0.9244530942393456,0.09473756801134585
6070,0.6359278302085988,0.924454935062782,0.09473858282140239
6071,0.6359388585760387,0.9244557344182617,0.09473981218090773
6072,0.6359054621319498,0.9244828663879083,0.09475401945075718
6073,0.6359092677810956,0.9244826089032105,0.09475760890233753
6074,0.6359105493659354,0.924481106268631,0.0947559709198286
6075,0.6359157453831638,0.9244829048184603,0.09476465474699193
6076,0.63592704485271,0.9244823591046232,0.0947657075165962
6077,0.6359204826874478,0.9244670829602399,0.09478418447538241
6078,0.6359282512570448,0.9244654688770598,0.09478284851378196
6079,0.6359193679663114,0.9244641929827365,0.09478224380579851
6080,0.6359759211481187,0.9244786121258122,0.0947998956374621
6081,0.6360258208474904,0.9244719444250562,0.09480353719749411
6082,0.6360428953991871,0.924473792934603,0.09480628389924307
6083,0.6359959410140276,0.924438921051802,0.09482695591733115
6084,0.6359821789178035,0.9244322533510462,0.09483876184125031
6085,0.6359660734849227,0.9244241176032073,0.09485242915224704
6086,0.6359436640473634,0.9244171463010913,0.09488781927250256
6087,0.6359883691864823,0.9244375759824853,0.09489752084309201
6088,0.6359809003314295,0.9244316922649882,0.09490999629048524
6089,0.6360357853607667,0.9244465572024662,0.09491492744866632
6090,0.636042476561936,0.9244522910408107,0.09490827732900371
6091,0.6360743655610729,0.9244500735979656,0.09490808633538421
6092,0.6360705297562796,0.9244484556717304,0.09491140453300038
6093,0.6360752770320995,0.9244450122942794,0.09490840767841205
6094,0.6360632638719181,0.9244397204072817,0.09491880359630869
6095,0.6360717665104995,0.9244399894211451,0.09492363586901048
6096,0.6360898834313101,0.9244494433369144,0.0949151021788378
6097,0.6360923435106824,0.9244581862874733,0.09491065382071646
6098,0.6361255537652715,0.9244626019578875,0.09491226150772081
6099,0.6361450119436619,0.924472543941666,0.09491713910159975
6100,0.6361661314007564,0.9244661798422701,0.09491868629823073
6101,0.6361800636968001,0.9244789080410619,0.09491674837353237
6102,0.6361641358196991,0.9244685164198261,0.09493323161834472
6103,0.6361847977462647,0.924479999468736,0.09494170033387116
6104,0.6362022699948391,0.9244862598056418,0.09493429987936357
6105,0.6362706678730721,0.9244956099589209,0.09492026020299459
6106,0.6362742362623812,0.9244951142048012,0.09491220179890754
6107,0.6362515244599308,0.9244923318328432,0.09492041593532632
6108,0.6362832366235531,0.924517008090223,0.09492231065188753
6109,0.6362887284830564,0.924524321424251,0.09492234559712341
6110,0.6363345441593778,0.9245392209492256,0.09492027344103002
6111,0.6363460539093929,0.9245389173478655,0.09492434712915193
6112,0.6363707686752907,0.9245432715293966,0.09491946916896615
6113,0.6363669233356687,0.9245431139641338,0.09492911929574697
6114,0.6363654775981614,0.9245611993818614,0.09493541092835761
6115,0.6363893886999182,0.924563124752512,0.09493960210629528
6116,0.63639652649914,0.9245753994707914,0.09494863112316337
6117,0.6364101663997372,0.924587320627993,0.09495643878538391
6118,0.6364076732188387,0.9245918631192285,0.0949610548332114
6119,0.6363967708122485,0.9245934272426911,0.09496172990023771
6120,0.636368998886788,0.9245875742696357,0.09498023173969787
6121,0.6363606928060341,0.924568201428419,0.09499811733184162
6122,0.6363859168043937,0.9245728399960342,0.09499601766140803
6123,0.6364233285983517,0.9245810564480321,0.09498863181351354
6124,0.6363992546010665,0.9245820748576576,0.0949883290611322
6125,0.6364088484717163,0.9245839464255355,0.09498376002916778
6126,0.6363768774610159,0.9245796383606667,0.09499290554144178
6127,0.636339303648558,0.9245525217632408,0.09501391692858974
6128,0.6363522642023237,0.9245535978186942,0.09501311262366106
6129,0.6363786742118878,0.9245674712479328,0.09502429194037046
6130,0.6363680900710922,0.9245564993253632,0.09503460167671954
6131,0.6363704456942775,0.924554078200593,0.09504165531088003
6132,0.6363757894238714,0.9245467533373994,0.09502470252566543
6133,0.6363851847051906,0.9245439325348894,0.09505059139168492
6134,0.6363717887113306,0.9245420724961771,0.09505586248270341
6135,0.6363786745028184,0.924547187602636,0.0950611249120485
6136,0.6363730984643794,0.9245398243088905,0.09506096968497717
6137,0.6363799514513074,0.9245573793850018,0.09506453913677095
6138,0.6363731492553505,0.9245489784663549,0.0950709161739236
6139,0.6363798862145413,0.9245498239384968,0.09506841421754267
6140,0.636341947640421,0.9245351280954474,0.09509445297477696
6141,0.6363502162426533,0.9245283604752564,0.09509438595397149
6142,0.6363749123858807,0.9245295748806968,0.09509883083032526
6143,0.6363967636428761,0.9245318230679833,0.09511126015698215
6144,0.6364193229511074,0.9245289100321488,0.09510847741873812
6145,0.6364389199622393,0.9245429256544294,0.09509440408728397
6146,0.636474447243966,0.9245405813907631,0.09510104575461771
6147,0.6364967148090768,0.9245385330423465,0.09510826984239594
6148,0.6364554984919836,0.9245310429277797,0.09512042683077755
6149,0.6364485998901024,0.9245174269832388,0.09513179167352906
6150,0.6364293849860884,0.9245040185636783,0.095141043888379
6151,0.6364407773546635,0.9245008749445323,0.09514401051168431
6152,0.636447756392159,0.9245052099107874,0.09514918916973217
6153,0.6364267588224386,0.9244774937967517,0.09511567258765737
6154,0.6363834563873255,0.9244714063973295,0.09512424073060692
6155,0.6363883092955416,0.9244813714394392,0.095115264758575
6156,0.6363776130984731,0.9244932695383097,0.09512212417378646
6157,0.6363796341440825,0.9244969281268514,0.09512032525823817
6158,0.6363610071290046,0.9245135993002688,0.09513143599843556
6159,0.6363901722481872,0.9245317884804867,0.09513762720645182
6160,0.6364035506946897,0.9245229033368856,0.09513811883747358
6161,0.6363964176441723,0.9245253014033247,0.09514301362751701
6162,0.636398541868448,0.924524321424251,0.09514835986526517
6163,0.6364393324769203,0.9245353548357037,0.0951513000563849
6164,0.6364247551030369,0.9245520567535627,0.09517684623425834
6165,0.6364362737132145,0.9245579942738323,0.09517435203028028
6166,0.6364463395669084,0.9245519606771829,0.09518034792169691
6167,0.6364577318249242,0.9245463575027147,0.09518995105210377
6168,0.6364547047578674,0.9245400126185949,0.09520100516239134
6169,0.6364754744748445,0.9245584823418416,0.09520668388758596
6170,0.636452977619413,0.9245521067132801,0.0952219654463255
6171,0.6364447599646456,0.9245503081634509,0.09522138389475283
6172,0.6364422134688991,0.9245438518307304,0.09522929577288246
6173,0.6364239512170835,0.9245535709173078,0.09523776721160851
6174,0.6363849306990574,0.9245538937339438,0.09524423893753724
6175,0.6364075236398883,0.9245470377234836,0.09524220228475748
6176,0.6364079963539794,0.9245245366353417,0.09525485091668158
6177,0.636406500671028,0.9245385676298431,0.09526155258258664
6178,0.6364416705828558,0.9245460961749619,0.09525343276182173
6179,0.6364722655435257,0.9245569143753238,0.0952556995799932
6180,0.6364630333589493,0.9245502543606782,0.09525980339087117
6181,0.6364525574496025,0.9245438364585097,0.09526882602968371
6182,0.6364572327103089,0.92454767182759,0.0952712309026796
6183,0.6364580448621381,0.9245438864182272,0.0952763202044372
6184,0.6364576447733394,0.924546019313858,0.09528293897843125
6185,0.6364275221177771,0.924536792138345,0.09529474165313918
6186,0.6364440617009898,0.9245247134158805,0.09529867137946267
6187,0.6364814237240778,0.9245471299568081,0.09530578400845009
6188,0.6364803995076596,0.9245418611281416,0.0953062144568346
6189,0.6364707291801511,0.9245408235032401,0.09530291241128014
6190,0.6364665457588433,0.9245421186128394,0.09530893937789799
6191,0.6364724043313592,0.9245452199583784,0.09531749029140327
6192,0.6364465836931829,0.9245540013394892,0.0953177278650016
6193,0.6364474374368576,0.9245531097506849,0.0953181403135458
6194,0.6364572949322584,0.9245507155273011,0.09532301754848624
6195,0.6364450071727132,0.9245455081875177,0.09533018882583139
6196,0.6364669398311674,0.9245494588482537,0.09532783779266843
6197,0.6364600786809025,0.9245468532568344,0.09533169321817368
6198,0.6364381850232911,0.9245429717710918,0.09533833310227875
6199,0.6364290767357802,0.9245356738092845,0.09534190409039744
6200,0.6363963086843369,0.9245277532725363,0.09535801796702709
6201,0.6364051162303516,0.9245261584046321,0.09535858272805081
6202,0.63639113967306,0.924526558082372,0.09537361341202846
6203,0.6363838718818112,0.9245248594519777,0.09538405131543864
6204,0.6363906565680529,0.9245249094116952,0.09538302183504176
6205,0.6364065625921825,0.924519948027444,0.09539619217498203
6206,0.6363911068354478,0.9245208818898553,0.09539688189546969
6207,0.6363993594544987,0.9245228072605058,0.09539979009034238
6208,0.6364233636807641,0.9245275303753353,0.09541340667681704
6209,0.6364343813003427,0.9245186875053414,0.09541418549156092
6210,0.6364609340834599,0.92452027084408,0.09541885694297424
6211,0.6364560377646685,0.9245242560923128,0.09541809421794258
6212,0.6364683197323038,0.9245127807295132,0.09543083060571635
6213,0.6364830124946055,0.924519506076097,0.09543644280758652
6214,0.6364808881261426,0.9245108399866419,0.09543333718424812
6215,0.6365011156243706,0.9245124271684356,0.09543751568609697
6216,0.6365223387540664,0.9245216428147831,0.09542462403641504
6217,0.6365333065370793,0.9245299169126088,0.09542881052301501
6218,0.636557004190894,0.9245325839929112,0.09543553587466114
6219,0.6365594725907818,0.9245318999290871,0.0954336025228288
6220,0.636535729807737,0.9245262775393431,0.09544704395148514
6221,0.6365697936787114,0.9245361272897971,0.09544138674386281
6222,0.6365656497267062,0.9245444744056713,0.09543868697021708
6223,0.6365880516488209,0.9245451085097778,0.09544308917047607
6224,0.6365992990877883,0.924552929127091,0.09545406973157813
6225,0.6366025982748785,0.9245513496314076,0.09545744502623926
6226,0.6366018373799017,0.9245564724239769,0.09544957410844115
6227,0.6366179725804193,0.9245605691208102,0.09545113196048821
6228,0.6365910424015281,0.9245542242366903,0.09546767384114495
6229,0.6365910424015281,0.9245542242366903,0.09546205424354251
6230,0.6365894733034391,0.9245510114425508,0.09546874123188939
6231,0.6366069474163685,0.924563124752512,0.09547221688887014
6232,0.6365913322749966,0.9245669639646477,0.09548951906819103
6233,0.6366425597037786,0.924581436910496,0.09548929634179029
6234,0.6366242146790415,0.9245848457004502,0.09549234571782374
6235,0.6366930026222691,0.9246028581001292,0.09552381028178776
6236,0.6367368249446911,0.9245984578019358,0.09552226133922855
6237,0.6367303773429583,0.9245986345824746,0.09551914694894952
6238,0.6367030990708851,0.9245876165432427,0.09552286992562
6239,0.6367388176160197,0.9245983194519489,0.09551549146589536
6240,0.6367599149979424,0.9245640048121507,0.09550941374671698
6241,0.6367456930177545,0.9245786545385379,0.09551220920844787
6242,0.6367187112283645,0.9245784316413368,0.09552197016569067
6243,0.6367066852043672,0.9245883044501219,0.09558242823557993
6244,0.6366943551118837,0.9246016821252409,0.09559486909891218
6245,0.6367269800331896,0.9245970397145704,0.09558688762844202
6246,0.6367079878787972,0.9245850801268168,0.09559764715570628
6247,0.6367326492036174,0.9246030848403856,0.09560686138728827
6248,0.6367579830015554,0.924601078765576,0.095607182536309
6249,0.636754501138377,0.9246003678003657,0.09561166880881775
6250,0.6367174894236798,0.924596324906305,0.09563424353379509
6251,0.63677069136016,0.924587520466863,0.09567287630973442
6252,0.6367754621119779,0.9245976315450698,0.0956789541932973
6253,0.6367701578504821,0.9245963479646361,0.09568032479827866
6254,0.636785385724545,0.92459954922961,0.09568090338084012
6255,0.6367952909617395,0.9246037227875472,0.09568684068411883
6256,0.6367990959347359,0.9245986883852473,0.09569444207193045
6257,0.6367616731070102,0.9245768944192605,0.09571559941168155
6258,0.6367195202075998,0.9245717178239186,0.09572525387973417
6259,0.6367155894963126,0.9245776015414157,0.09573181589081955
6260,0.6367155894963126,0.9245776015414157,0.09572849195143368
6261,0.6367156957522344,0.9245773017831107,0.09572318141719557
6262,0.6367161716278765,0.9245771403747928,0.09572410031410189
6263,0.6367477979103997,0.9245966016062787,0.09573499331668724
6264,0.6367019662693758,0.9245785584621581,0.09575483520318646
6265,0.636705321334166,0.9245708954101077,0.09576955765214004
6266,0.6366983519073534,0.9245745347833734,0.09578492228541109
6267,0.6367328417470713,0.9245779973761002,0.09577577146248391
6268,0.6367357321626678,0.9245717139808634,0.09578014443238847
6269,0.6367395317245325,0.9245415421545607,0.09582324859937223
6270,0.6367110335740687,0.9245261161310251,0.09584390903853335
6271,0.6367110335740687,0.9245261161310251,0.09584375509428197
6272,0.636722534309593,0.9245382140687656,0.09583505285350664
6273,0.6367290503815228,0.9245360158411965,0.0958368015987324
6274,0.6367058161192709,0.9245441016293178,0.09586935444818824
6275,0.6366733872625067,0.9245426297391798,0.0958811190066444
6276,0.6366881905984914,0.9245419341461902,0.09588991416502644
6277,0.6367285804006201,0.924524321424251,0.09590533374039976
6278,0.6367063619105062,0.9245149558987511,0.09591837514746865
6279,0.6366850549315148,0.9245070968508861,0.09593143871813169
6280,0.6366798143705658,0.92449800802536,0.0959401185425005
6281,0.6366841064449021,0.9245071468106035,0.09593602945705082
6282,0.6367062561974712,0.924483020110116,0.09599179996959156
6283,0.6366996694783693,0.9244873051166537,0.09599468769451405
6284,0.6366824348888762,0.924500367661247,0.09600049111358817
6285,0.63668485143514,0.9245070891647756,0.09599796452330607
6286,0.6367154037409548,0.9245187259358932,0.09600631411291134
6287,0.6367174072467158,0.9245019202555441,0.09601445128714371
6288,0.6367150942504706,0.924512496343429,0.09602073765716578
6289,0.6367194944063712,0.9245123003476143,0.09601605439424346
6290,0.636712409085295,0.9245207589120892,0.09602639353653293
6291,0.6367071550594784,0.9245289484627007,0.09602461120721284
6292,0.6367166048165086,0.9245402009282992,0.09602335464372794
6293,0.6367049876120163,0.9245342826233054,0.09602249865283632
6294,0.6366964577186347,0.9245195906233112,0.09603711184264477
6295,0.6366980305751322,0.9245069815592303,0.09604789792710916
6296,0.6366966845592259,0.9244942533604386,0.09605421510854141
6297,0.6366995997995164,0.9244974507823572,0.09605910128140419
6298,0.6367026769126785,0.9244839078558651,0.09606516796661783
6299,0.636686318579737,0.9244844881571989,0.0960642859922478
6300,0.636698358691621,0.9244877316957798,0.09606961708725223
6301,0.6366934033719035,0.9244982462947817,0.09609472379357661
6302,0.6367266519704844,0.924504195344217,0.09610009516534264
6303,0.6366949429102055,0.9244888961415026,0.09611370816227016
6304,0.6366886531892239,0.9244823322032368,0.09611785393263057
6305,0.6366851383088383,0.9244692273850363,0.09613339309841384
6306,0.6366844709336394,0.924464043103584,0.09613856006219819
6307,0.6366723401541623,0.9244658147520269,0.09615708831039442
6308,0.6366525168581768,0.9244634359008639,0.09616489706729418
6309,0.6366521218866895,0.9244677055351809,0.09617582357527699
6310,0.6366573324236626,0.9244690851919943,0.09616656622422257
6311,0.6366512869511586,0.9244796420646033,0.09617275647639514
6312,0.6366227405581837,0.9244761256691038,0.09617207644477482
6313,0.6366421458581994,0.9244995414043811,0.09616800345598382
6314,0.6366362483035777,0.9245085110951963,0.09617519146717575
6315,0.6366397714937412,0.9245079730674696,0.0961891111914113
6316,0.6366766358816464,0.9245143563821414,0.09619245525547614
6317,0.6366682385726866,0.924533206567852,0.09620259820821604
6318,0.6366761345254219,0.924562056383169,0.09618104487979284
6319,0.6366749798583256,0.9245619641498445,0.0961797303663662
6320,0.6366726744201666,0.9245618104276369,0.09618058521483182
6321,0.6367190912256685,0.9245652269037014,0.09618055833209238
6322,0.6367030474709787,0.9245537822853434,0.0961922389995287
6323,0.6367047995602253,0.9245625482942335,0.09619514407450114
6324,0.6367292162982269,0.9245829318589652,0.09619509170052272
6325,0.6367252247232583,0.9245794846384591,0.09632539663218483
6326,0.6367636438963015,0.9245880815529208,0.09633188112737677
6327,0.6367787844523003,0.9245840578741361,0.09634004543861241
6328,0.6367760874114854,0.9245713181461788,0.09635342579209194
6329,0.6367780955774992,0.9245769366928677,0.09634996545543781
6330,0.6367926844566661,0.9245838272908247,0.09634682338443344
6331,0.6367747974411851,0.9245558575351464,0.09639285527424635
6332,0.6367975577126063,0.9245716947655874,0.09638334727327241
6333,0.6367780291532342,0.9245726785877163,0.09639330604219934
6334,0.6367883413008455,0.9245668602021575,0.09639350368753347
6335,0.6368122225925094,0.9245648579704031,0.09639132774164262
6336,0.6368484294228114,0.9245613800054554,0.09639189261859915
6337,0.6368331511924554,0.9245560689031819,0.0963932438944468
6338,0.6368004065169359,0.9245536823659084,0.09640016375676233
6339,0.6368056607280107,0.9245402432019063,0.09640919755942605
6340,0.6367894360631701,0.9245387636256579,0.09641950399661615
6341,0.6367744371794313,0.9245176152929432,0.09643153568719567
6342,0.6367599555697283,0.9245031654054259,0.09644121661870741
6343,0.6367751133049078,0.9245073082189216,0.09645860037495273
6344,0.6367770822107663,0.9245076694661095,0.09645535766709522
6345,0.6367928460739232,0.9245129575100519,0.09644954790745093
6346,0.6367387616218056,0.9244840577350175,0.09646686876835207
6347,0.6366890169777703,0.9244767636162654,0.09647827801072442
6348,0.6366989184225301,0.9244798303743077,0.09649152675315018
6349,0.6366965113475809,0.9244696962377696,0.09649803297637193
6350,0.6366965113475809,0.9244696962377696,0.09650047449677192
6351,0.6367430414461608,0.9244593968498585,0.09650345370954545
6352,0.6367366362784617,0.9244606150983539,0.09650670191488359
6353,0.6367920337903877,0.9244699883099642,0.09649675580334717
6354,0.6368059469376975,0.9244677631810087,0.09649926805994335
6355,0.636820050675274,0.9244726515472114,0.09649742749216947
6356,0.6368446328460844,0.9244755415247148,0.09649496953426637
6357,0.6367989266851165,0.9244817057852407,0.0964925484330666
6358,0.6368103745152033,0.9244824321226718,0.09648774327761254
6359,0.6368330104163723,0.9244874011930334,0.09646613340258617
6360,0.6368250853800053,0.9244801685631644,0.09646913081002013
6361,0.636822258275308,0.9244944301409773,0.09648073506734572
6362,0.636827286159001,0.9244907177496631,0.09647006756152586
6363,0.636832772509447,0.9244931388744332,0.09647438923408787
6364,0.6368208944064198,0.9244985306808658,0.09648065908726265
6365,0.6368526980734851,0.9245027003957478,0.09647981433339294
6366,0.6368753686360649,0.9245019548430409,0.09647462866486338
6367,0.6367715152597831,0.9244801339756678,0.09651947453923496
6368,0.6367869109486164,0.9244880506693607,0.09652399327020765
6369,0.636752606902587,0.9244704994363045,0.0965457130229891
6370,0.6367617609891847,0.9244654880923358,0.09654986220077706
6371,0.6367563694434014,0.9244622945134723,0.09655121335756445
6372,0.6367798192857719,0.9244701612474477,0.09655077842844809
6373,0.636806508178086,0.9244736392123953,0.09655056716712436
6374,0.6368470111688314,0.9244827165087559,0.09654653659488796
6375,0.6368519285306774,0.9244767213426583,0.0965465860291376
6376,0.6368516632745497,0.9244618871496221,0.09655828503909937
6377,0.6368722740314103,0.9244668139463765,0.09655952019083981
6378,0.6368803800754037,0.9244681551726381,0.09657283673125505
6379,0.6368935299981734,0.9244671482921781,0.09657256137264258
6380,0.636902854970938,0.9244768904370867,0.09658051974800871
6381,0.6369218218237072,0.9244933848299655,0.09656837524647575
6382,0.6369494782493113,0.9245008595723114,0.0965562239472943
6383,0.6369459230719801,0.9244993185071799,0.09655613038604097
6384,0.6369494404521362,0.9245033767734614,0.09656167292402476
6385,0.6369612547276698,0.9245108130852555,0.09656821196074991
6386,0.6369773400267879,0.9245103941922397,0.09655265336877308
6387,0.6369682644548603,0.9245081306327324,0.09656963611117812
6388,0.6369591111739132,0.9244952948283952,0.09658088469128721
6389,0.6369823828508149,0.9244912135037827,0.09658809864094178
6390,0.637011058608124,0.924523010942431,0.09659490107418472
6391,0.6370276671635591,0.9245254628116427,0.0965915725543578
6392,0.6370383425830385,0.9245105671297233,0.0966035698686459
6393,0.6370367882337035,0.9245135608697169,0.09660501944583609
6394,0.6369929691740227,0.9245094833881595,0.0966221649382267
6395,0.6369720964231746,0.9244968320504715,0.09663391632446694
6396,0.6369647579028127,0.9244883581137759,0.09661014039475503
6397,0.6369576658387431,0.9244897223983687,0.09661837373836601
6398,0.6369619235295508,0.9244871629236117,0.09662520013486674
6399,0.6369607567506047,0.924486847793086,0.09662639927568802
6400,0.6369687026473587,0.9244915401634739,0.09662764002863458
6401,0.6369672490423157,0.9244857909529085,0.09662830156042439
6402,0.636971352358023,0.9244931888341508,0.09663145467547227
6403,0.6369672844598319,0.9244878431443804,0.09663612983203948
6404,0.6369639723782218,0.9244859062445643,0.09663614279740544
6405,0.6368696240092029,0.9244228340227736,0.09671775766140718
6406,0.6368746188002177,0.924421169979876,0.0967299967614495
6407,0.6368847155147123,0.9244204551716105,0.09673563425397422
6408,0.6368917782017536,0.9244346129869333,0.09674316320103951
6409,0.6368994948381546,0.9244359234687533,0.09674927180832985
6410,0.6369333764568255,0.9244493933771969,0.09674578347232766
6411,0.6369304371399103,0.9244514609408895,0.09676463294957348
6412,0.6369123268259481,0.9244461882691678,0.09677530805093248
6413,0.6369022205750541,0.9244416803654291,0.09677248893631979
6414,0.6369178170149475,0.9244150787373987,0.0968011251866869
6415,0.6369115203488475,0.9244196250716893,0.09681032709994171
6416,0.6369124770499944,0.9244347667091409,0.09680496522222196
6417,0.6369124770499944,0.9244347667091409,0.09679504826689293
6418,0.6369437584846057,0.9244509190701076,0.09679159515920754
6419,0.6369673495931866,0.9244622522398651,0.09679235740369985
6420,0.6369714062074402,0.9244595236706797,0.0967981908353722
6421,0.6369292143067637,0.9244829163476258,0.09683894199623055
6422,0.6369365805145921,0.9244801032312262,0.09683649964804815
6423,0.6369328118526992,0.9244782931522314,0.09684120020342586
6424,0.636952139448268,0.9244695886322243,0.09684682160849811
6425,0.6369525482951108,0.9244702650099379,0.09684395345169466
6426,0.6369416780229075,0.9244654419756735,0.0968493564871682
6427,0.6369312000285249,0.924470368772428,0.09685705383957652
6428,0.6369172948158616,0.9244678400421125,0.09686238665546815
6429,0.6369372301602241,0.9244788042785718,0.09686388996063837
6430,0.6369436697302763,0.9244873435472056,0.09686680084498919
6431,0.6369316130007483,0.9244873935069231,0.09687022170415063
6432,0.636961430932884,0.9244926892369759,0.09687552371144866
6433,0.6369767566778141,0.9244841960850043,0.0968879101325389
6434,0.6370150664088199,0.924487593345793,0.09688084361976014
6435,0.6370390560330882,0.9244846649377376,0.09687085403671286
6436,0.6370357173245591,0.9244793038757465,0.09688175796712672
6437,0.6370231925479829,0.9244598426442605,0.096895240176752
6438,0.6370304376867343,0.9244580210361001,0.09689482401383415
6439,0.6370384402659788,0.9244587819610279,0.09689008743366062
6440,0.637016019301988,0.9244527637365991,0.0968946791987642
6441,0.637006978819422,0.9244461959552782,0.09690897120968019
6442,0.6369882480326156,0.9244588741943525,0.09691933011738717
6443,0.6370123815141814,0.9244542394697924,0.0969298889971414
6444,0.6370176321544999,0.9244503810423809,0.0969395455065394
6445,0.6370168346799618,0.9244600655414617,0.09694242855676068
6446,0.6370157974964116,0.9244574445778215,0.09694827076682606
6447,0.6370308806214943,0.9244575906139187,0.09694924663433796
6448,0.6370387426422846,0.9244635934661267,0.09695098505187295
6449,0.6370445115774664,0.9244677747101743,0.09695905896106717
6450,0.6370585130115588,0.924478327739728,0.09696326358240981
6451,0.6370683220557866,0.9244843036905497,0.09695970362160458
6452,0.6370899408037544,0.9244909483329745,0.09696746524506916
6453,0.6370841101386641,0.924490998292692,0.09696429056071898
6454,0.6370947595061042,0.9244904487357997,0.0969640111120805
6455,0.6370951168718907,0.9245090452798678,0.09697744426835574
6456,0.6371144111870661,0.924498192492009,0.0970037870557755
6457,0.6371285108659474,0.9244991263544204,0.09699918152980118
6458,0.6371103307287569,0.9244963631977383,0.09700500776072168
6459,0.6371176945110872,0.9245071813981003,0.0970248143708648
6460,0.6370975331931239,0.9244954600797685,0.09704621621846704
6461,0.6371184175022764,0.9245014398736453,0.09705770995093072
6462,0.6371229346970906,0.9245003292306951,0.09706066804493503
6463,0.6371320678040147,0.924505605745472,0.09706009373990412
6464,0.6371546696253868,0.9244920320745383,0.09707121628040254
6465,0.6371391460238809,0.9244913556968247,0.09707380343465372
6466,0.6371331865373656,0.9244879891804776,0.09708498412078165
6467,0.6371236936922436,0.9244893380928496,0.09708773041496695
6468,0.637155057443836,0.924472686134708,0.09709645385854775
6469,0.637155057443836,0.924472686134708,0.09709246581790328
6470,0.6371519436278628,0.9244723517889064,0.0971027621865284
6471,0.6371249332796497,0.9244744808414821,0.09711661732457286
6472,0.6370761513302832,0.9244668370047077,0.0971321110327358
6473,0.6370768681305905,0.9244761179829933,0.0971363002397766
6474,0.6370643037952343,0.9244620408718297,0.09715751926525576
6475,0.6370748306680861,0.9244549235336164,0.09716292065297444
6476,0.6370649658319558,0.9244329181995942,0.09717806064023847
6477,0.6370494034192876,0.9244429101430901,0.09718563491151087
6478,0.6370376005159476,0.9244416688362634,0.09719332946345309
6479,0.637044855175195,0.9244387212129321,0.09718799562135078
6480,0.6370898443452225,0.9244628632856405,0.09718188314092496
6481,0.6371540713612445,0.9244925624161546,0.09717434048078732
6482,0.6371586970684862,0.924490594771897,0.09717447062858382
6483,0.6371675693240896,0.9244945953923506,0.09716949306775054
6484,0.6371862893306837,0.9244980118684151,0.09716867925748325
6485,0.6371984245776218,0.9245223230355518,0.0971727249811512
6486,0.6371851401056456,0.924520170924645,0.09718064964220827
6487,0.6371929188208468,0.9245345093635617,0.09718411167887214
6488,0.6372040940524588,0.9245387251951059,0.09718150111722026
6489,0.6372090311232557,0.9245420225364597,0.09717671558913996
6490,0.6372147050212358,0.9245271691281474,0.09718238112539256
6491,0.6372008274783879,0.9245438479876752,0.09719283988657496
6492,0.6372243972323777,0.924543701951578,0.0971905564188294
6493,0.6372418784445422,0.9245385637867879,0.09718729439738531
6494,0.6372668181636056,0.9245560765892922,0.09718407834223612
6495,0.6372705549217539,0.9245553041351988,0.09719532599408683
6496,0.6372548127655634,0.9245480715053299,0.0972018912349356
6497,0.637257053625136,0.9245486594927741,0.09720909220724731
6498,0.6372742403717974,0.9245592932264869,0.09721109760631767
6499,0.6372834104777366,0.9245596967472819,0.09722875153554802
6500,0.6372482345731925,0.9245512689272486,0.09724247208525438
6501,0.6373101681868033,0.9245750997124864,0.09723077230130815
6502,0.6373282809191252,0.9245906602429538,0.09723649803140073
6503,0.6373064407765544,0.9245730436779593,0.0972525197018071
6504,0.6373191213902398,0.9245832969492083,0.09724471720939361
6505,0.6373145955496251,0.9245906833012849,0.09725278433571499
6506,0.6373427713491383,0.9245888770653453,0.09726041462788217
6507,0.637349416344037,0.9246008135947678,0.09726872795940222
6508,0.6373505948233564,0.9245989151255035,0.09728229526672248
6509,0.6373576423740811,0.9246096180342098,0.09728402326725316
6510,0.6373484987241653,0.9246091261231454,0.09728706228008364
6511,0.6373516177294977,0.9246061285400966,0.0973028607132383
6512,0.6373620090766551,0.9246086418981914,0.09730759516905377
6513,0.6373791437447898,0.924608230691286,0.0973047557707912
6514,0.6373431918662811,0.9245995991893274,0.09731777873666271
6515,0.6373996516675762,0.9246099254786251,0.09732101472096602
6516,0.6373999402928772,0.9245996453059898,0.09732796572652042
6517,0.6373928125211277,0.9246039226264171,0.09732700460272174
6518,0.6373900894431117,0.9246177998987108,0.09735839437228466
6519,0.6374013136327847,0.9246199020499002,0.09735779652868488
6520,0.6374065287638442,0.9246238642398019,0.09735908906297584
6521,0.6374282870528484,0.9246311160849469,0.09737084780133874
6522,0.6374130799538444,0.9246247635147166,0.09737954195998119
6523,0.6374251985109267,0.9246255167535339,0.09737699650510673
6524,0.6374131794580368,0.9246266389256497,0.09738691444769244
6525,0.637426073716868,0.924619394766615,0.09738848221336109
6526,0.6374001102382654,0.9246308816585802,0.09740431748072548
6527,0.6373996162201498,0.9246318078348812,0.09741280775225278
6528,0.6374222173888519,0.9246546893854869,0.09742033345791329
6529,0.6374081265161275,0.9246464076015509,0.09744226282867548
6530,0.6374290704361952,0.9246407621534757,0.0974427350157924
6531,0.6374449524025695,0.9246398013896779,0.09744928171716455
6532,0.63744661755716,0.9246304781377852,0.09745972168646569
6533,0.6374811771769481,0.9246455621294088,0.09744758770873597
6534,0.637503617947101,0.9246648581095217,0.0974521637106196
6535,0.6374512834139162,0.9246674713870514,0.09746606007991847
6536,0.6374640147957207,0.9246753073765853,0.09746195012281265
6537,0.6375504803382605,0.9247006023658508,0.09745337785575837
6538,0.6375863868731075,0.9246950760524866,0.09745660569264314
6539,0.6375925130425228,0.9246907603015073,0.09745297132789833
6540,0.6375894201635937,0.9246879356559422,0.09746237564653484
6541,0.6375400147362305,0.9246793079970389,0.09748426024621624
6542,0.6375337582031643,0.9246864368644178,0.0975004076655333
6543,0.6375330071660177,0.924679915199759,0.09750353675549497
6544,0.637523273313003,0.9246829204689182,0.09751253039784571
6545,0.6375171386318915,0.9246840541701995,0.09752357054823758
6546,0.6375216625455321,0.924691379033393,0.0975141547011979
6547,0.6375156991917066,0.9246887503836426,0.09752866156118475
6548,0.6375156991917066,0.9246887503836426,0.0975241582355776
6549,0.6375156991917066,0.9246887503836426,0.0975171508063415
6550,0.6375282138611351,0.9246902338029462,0.09752586942020464
6551,0.6375195061822084,0.9246854684145097,0.09753000401613016
6552,0.6375206402317057,0.924692585752723,0.09753056988040618
6553,0.6375152680197388,0.9247057059431442,0.09753902906731465
6554,0.637500763398137,0.924704091859964,0.09754570630569806
6555,0.6374972303082272,0.9247031503114423,0.09755736071084882
6556,0.6374671682224539,0.9247056751987027,0.09756954208358089
6557,0.6374643645045848,0.9247102330621589,0.09757359436531177
6558,0.6374797170172208,0.9247083499651154,0.09757578519566266
6559,0.6374884930093451,0.9247094490789,0.09757152123459388
6560,0.6375027994015126,0.9247163281476914,0.09757852382609195
6561,0.6374971426351236,0.9247046068293596,0.09757744964370872
6562,0.6374860603460236,0.9247066667069419,0.09758484876151796
6563,0.637487958302104,0.9247076697443467,0.09758583857145309
6564,0.6374770503397456,0.924691156136192,0.0975978481899734
6565,0.6374588842182312,0.9247074084165937,0.09760766570563878
6566,0.6374400147312388,0.9247082577317909,0.09760628129132093
6567,0.637430997689084,0.9247065936888933,0.09761853165328518
6568,0.6374485116007629,0.9247160399185521,0.09762137219784538
6569,0.6374510406916073,0.9247205132347942,0.09762509491464702
6570,0.6374538013267759,0.924716681708769,0.09762535436692671
6571,0.6374520223635283,0.9247358470250053,0.09762742986155298
6572,0.6374242612256065,0.9247178615267125,0.09764913015837623
6573,0.6374434919383423,0.9246528101314987,0.09768497615104257
6574,0.6374193673058212,0.9246454622099739,0.09769749394956434
6575,0.6374397432441793,0.9246441094545468,0.09770067177304809
6576,0.6374442210441038,0.9246390443078054,0.09769910914313065
6577,0.6374579763861878,0.924633656344428,0.09769837631241679
6578,0.6374212111935729,0.9246160782099855,0.09771572254581769
6579,0.6374004951474268,0.924606017091496,0.09772023638713113
6580,0.6374015436347669,0.9246073583177576,0.09773390055556093
6581,0.6374350034357815,0.924638291068988,0.09773262621934929
6582,0.6374197818324521,0.9246357046928446,0.0977378738010433
6583,0.6374557514993934,0.9246546009952176,0.09773677001586488
6584,0.6374415607678702,0.9246391903439026,0.09775393173028428
6585,0.637456194361746,0.9246448703794745,0.09775713937819185
6586,0.6374492612905538,0.9246425722324705,0.09776148473347379
6587,0.6374307825468026,0.9246315196057419,0.09776758301019024
6588,0.637433294640525,0.9246276227477784,0.09776916897330486
6589,0.6374289430897857,0.9246265005756628,0.09777206122948631
6590,0.6374338920744852,0.9246264621451109,0.09777000948793475
6591,0.6374095193909242,0.9246301937517011,0.0977646458635085
6592,0.6373960243172344,0.9246389174869841,0.09777217602285751
6593,0.63742626893211,0.9246575255602177,0.09776961732551451
6594,0.6374073113641788,0.9246579675115647,0.09778869512321628
6595,0.637435418542715,0.9246557731270507,0.09779097255772483
6596,0.6374498583817337,0.9246615031223402,0.09779460129237702
6597,0.6374498583817337,0.9246615031223402,0.09779010816591482
6598,0.6374562648332014,0.9246594201864268,0.0977998919443703
6599,0.6374470551653412,0.9246656459358358,0.09783735866623872
6600,0.6374749142912844,0.9246627790166635,0.0978337007918067
6601,0.6374977615902935,0.924669619654903,0.09783422089748088
6602,0.6374930595249569,0.9246694121299227,0.09783771070180199
6603,0.6374974641175427,0.9246688894744168,0.0978418673325902
6604,0.6375259750439989,0.9246748846405144,0.09784002249684237
6605,0.6375178177809536,0.9246680401592197,0.09784789589716333
6606,0.6375171062361318,0.9246900954529593,0.0978461303343999
6607,0.6374917022468715,0.924685191714536,0.0978597389083472
6608,0.6375221931495954,0.9246992649826445,0.09786403399250777
6609,0.6375316594026953,0.9246868557574336,0.09787152582698448
6610,0.6375686630729295,0.924692224505535,0.09787202091137498
6611,0.6375619362919375,0.9246940192123091,0.09788210738710965
6612,0.6375833049998965,0.9246805838913622,0.09789127340206931
6613,0.6375689770869389,0.9246793656428668,0.09789803250332035
6614,0.6375399233519319,0.9246599274697119,0.09791012764604111
6615,0.6375186897401182,0.924649674198463,0.09791344960894202
6616,0.6375483262494732,0.9246477949444747,0.09791314708172585
6617,0.6375615045980846,0.9246605231432665,0.09791642922362737
6618,0.637568030296832,0.9246521106954539,0.0979320778249121
6619,0.6375696761294808,0.9246454199363668,0.09793900415874454
6620,0.6375446867634635,0.9246377760995924,0.0979516211499671
6621,0.6375582165679553,0.924643348529619,0.09794840395658383
6622,0.637555340169213,0.9246466843015246,0.0979561287614257
6623,0.6375400223027928,0.9246361658594675,0.09796735044512425
6624,0.6375273915312907,0.9246372265427002,0.09798107779842816
6625,0.6375326164562645,0.9246323612348286,0.09799096627478843
6626,0.6375134686692295,0.924600679087836,0.09807167361340113
6627,0.6375186399509296,0.9245944302800959,0.09808481513793356
6628,0.6375417605771584,0.9245961750271525,0.09808604683385824
6629,0.6375245982994256,0.92459974906848,0.09808267069966456
6630,0.6375239856420744,0.924605974817889,0.09808205992219643
6631,0.6375239856420744,0.924605974817889,0.0980765951706969
6632,0.6374988564027496,0.9245865366447341,0.0980907460985229
6633,0.6375245758093171,0.9245935502204572,0.09808492933251765
6634,0.637504696097267,0.9245932812065939,0.09809391250754562
6635,0.6375107117706769,0.9245952526939067,0.09809972463349502
6636,0.6375205043101186,0.924599872046246,0.09809884862865295
6637,0.6374893879493605,0.9245910291762521,0.0981086218801849
6638,0.6374852520019088,0.9245885580917644,0.0981121470333557
6639,0.6375084927697915,0.9245930314080065,0.0981112653063146
6640,0.6375776677099512,0.9246197098971407,0.09809877821595
6641,0.6376091667149982,0.9246226306190857,0.09810300094954977
6642,0.6376149585212003,0.9246214815455837,0.0981019656426697
6643,0.6376415039464535,0.9246349399248617,0.0980965028739315
6644,0.6376450660269235,0.9246409888937319,0.09810536669449628
6645,0.6376873807027245,0.9246546586410455,0.09811638616560343
6646,0.6376900904729818,0.9246578291615778,0.09811074202985451
6647,0.6376930143145528,0.9246996339159428,0.09811485134405715
6648,0.6376706398896288,0.9246934427540305,0.09813539394460621
6649,0.6376858881161307,0.9246993226284723,0.0981362871829291
6650,0.637679372080108,0.9246899763182485,0.09814181541067306
6651,0.6376725411713502,0.9247021703323687,0.09815149416934954
6652,0.6376612479489583,0.9246971320870137,0.09814918123681554
6653,0.6376236240369876,0.9246898533404824,0.09816100652564909
6654,0.6375956045742125,0.9246869095602063,0.09817608168245474
6655,0.6375759190398552,0.9246855299033927,0.09818070274839649
6656,0.6375624406461483,0.9246881470239776,0.09819488389618053
6657,0.6375598664104293,0.9247011211783016,0.09819053119298363
6658,0.6375267694929769,0.9246959368968493,0.09820212461529147
6659,0.6375451096668961,0.9246941959928479,0.09821193021161907
6660,0.6375367880036046,0.9247081270679144,0.09821287502302405
6661,0.6375670408680401,0.9247194333362856,0.09821409101423052
6662,0.6375523433674166,0.9247196946640386,0.09823026489600027
6663,0.6375754146862084,0.9247091531636503,0.09824220581305736
6664,0.6375795713997827,0.9247242678997155,0.09825284256539699
6665,0.6376097656916402,0.9247187877030135,0.09826299288606313
6666,0.6376100369239,0.9247167047671001,0.09826954130669768
6667,0.6376355764292913,0.9247173081267651,0.09826506899822693
6668,0.6376418619451463,0.9247354319750447,0.0982647213358764
6669,0.6376418619451463,0.9247354319750447,0.09826662356742277
6670,0.6376279694066733,0.9247336526404913,0.09827262160186706
6671,0.6376357194376521,0.9247329877919434,0.09827985573763681
6672,0.6376122364165605,0.9247296712353137,0.0982969882133496
6673,0.6376011035193762,0.9247311623407277,0.09830446481935665
6674,0.6376397646106343,0.92473886382333,0.09830780886874939
6675,0.637612895367305,0.9247366540665953,0.09831517733956668
6676,0.6376460509368432,0.924729313831181,0.09831155068527206
6677,0.6376359580235615,0.9247216699944066,0.09831393834181333
6678,0.6376231877105927,0.9247090916747672,0.09833085980675886
6679,0.6375991116006724,0.924704956547382,0.09833243698879023
6680,0.6375900724781565,0.9247166586504378,0.09833694593684687
6681,0.6375992746576445,0.9247245638149653,0.09831942513623945
6682,0.6376181734042498,0.9247213625499914,0.09831334249989324
6683,0.6376140037548271,0.9247289987006554,0.09832942506550411
6684,0.637601616880065,0.924722404017948,0.09836670169435327
6685,0.6376281738476748,0.9247285644354188,0.09836458509364979
6686,0.6376332562557394,0.9247338601654717,0.09836582516467994
6687,0.6376156062845207,0.9247276651605042,0.09837728698298306
6688,0.6376212953772326,0.924722584641542,0.09838280460202592
6689,0.637611128467767,0.924717669373953,0.09838313245391603
6690,0.6376229920462076,0.924745935044881,0.09849383617970814
6691,0.6376189037056228,0.924760281169908,0.0985050882919321
6692,0.6376148885675904,0.924761910625309,0.09850593758240596
6693,0.6375996350791974,0.9247554735078645,0.09851118224142892
6694,0.6375965764086889,0.9247541860843755,0.09851505400172257
6695,0.6375993658098335,0.924748352326596,0.09852000248804814
6696,0.6375996850192092,0.9247540515774438,0.09851622495161823
6697,0.6375794269203159,0.9247414771008597,0.09853513536535392
6698,0.6375838481969842,0.9247331568863717,0.09855103104319615
6699,0.6375780733724942,0.9247290909339799,0.09856096916437049
6700,0.6375777318044203,0.9247234877595119,0.09856488883784699
6701,0.6375376461676676,0.9247116127189724,0.09858571616248972
6702,0.6375242955515207,0.9247154096575009,0.09858898646462054
6703,0.6375666677642227,0.9247256168120875,0.098596709267703
6704,0.637550356990616,0.9247214739985918,0.09860221192916178
6705,0.6375547035550336,0.9247303860435793,0.09860830861198522
6706,0.6375402271325005,0.9247310124615753,0.09860643630140627
6707,0.6375331380116855,0.9247321615350773,0.09860990689523215
6708,0.6375153209019715,0.9247427491521278,0.09861948813937754
6709,0.6375397272332166,0.9247757763684372,0.09862465560112132
6710,0.6375539317280318,0.9247841696009738,0.09862349284888014
6711,0.6375593842381657,0.9247722907173792,0.09862908973906141
6712,0.6375667593974361,0.9247709072175105,0.09863189174921962
6713,0.6375581722131246,0.9247804495235492,0.09863599573462212
6714,0.6375638497339914,0.9247793773111509,0.09863730156225534
6715,0.6375634097521364,0.9247763412975503,0.09864391254238934
6716,0.6375691234643345,0.9247813218970775,0.09863944527069626
6717,0.6375545044423488,0.9247728364312163,0.09864705977397142
6718,0.6375638884190746,0.9247652694555457,0.0986570628708532
6719,0.6375584845244856,0.9247622411280554,0.0986628340391292
6720,0.6375342028302368,0.9247517803318261,0.09868674406779765
6721,0.6375340287427005,0.9247488211793292,0.09870689032094943
6722,0.6375487679705797,0.924754578076005,0.09870550104733203
6723,0.6375446895255673,0.924744121122831,0.098707152769445
6724,0.63753678976548,0.9247324497642166,0.09872123875958058
6725,0.6375540547156967,0.9247368462193549,0.09871429654015845
6726,0.6375622804280976,0.9247315543323572,0.0987227428389335
6727,0.6375702529394308,0.924732134633691,0.09873019240345027
6728,0.6375460653611156,0.9247274730077446,0.09874110857019255
6729,0.6375457365276477,0.924741081266175,0.09873651332650712
6730,0.6375682707263954,0.9247394172232775,0.09873325014885616
6731,0.6375497501958668,0.924731854090662,0.09874383065165859
6732,0.6375620674589362,0.9247416308230674,0.09874511378203478
6733,0.6375844461202793,0.9247397861565758,0.09875519524823032
6734,0.6375773929759362,0.924732799482239,0.09876363972172054
6735,0.6375625951412505,0.9247292062256357,0.09877639630803141
6736,0.6375409000506467,0.9247291408936974,0.0987694205326561
6737,0.6375301928924619,0.9247349708084218,0.09878868235334798
6738,0.6375555927636053,0.9247466844406432,0.09879166426343652
6739,0.6375445733950476,0.9247335949946635,0.09879511609980492
6740,0.6375545622602774,0.9247344827404126,0.09879874784564398
6741,0.6375128423503739,0.9247196754487625,0.09882518404744803
6742,0.6375123369968875,0.924724217939998,0.09884019866924287
6743,0.6374956742742509,0.9247105059190774,0.09886268402674056
6744,0.6374904296471201,0.924715574908874,0.09886510944021981
6745,0.637458880401319,0.92471075956072,0.09888043606000642
6746,0.6374480416895933,0.9247179307017059,0.09888348967663035
6747,0.637434746135557,0.9247150868408648,0.09888962504482937
6748,0.6374333386905707,0.9247106442690644,0.09889337804342758
6749,0.6374582629906547,0.9247114820550959,0.09889688160386137
6750,0.6374763694441142,0.9247141952520606,0.09889601477293472
6751,0.637465792977032,0.9247144527367583,0.09889680907501143
6752,0.6374913214426572,0.9247322691406227,0.09889741209848668
6753,0.6375027674774562,0.9247374418929094,0.09889256695989918
6754,0.6374876302554111,0.9247465038170493,0.09890325146959682
6755,0.6374909468809608,0.9247542860038105,0.09890200690545806
6756,0.6374896285355529,0.9247525450998091,0.09890748247509804
6757,0.6374747778331666,0.924743517763166,0.09891092288524875
6758,0.6374884748314988,0.9247465038170493,0.09890864806761328
6759,0.637500060671381,0.9247451280032909,0.0989100880296521
6760,0.6374858891433064,0.9247445284866812,0.09891193833060169
6761,0.6374666204057314,0.9247352859389474,0.09892218259890118
6762,0.637430811046001,0.9247290179159313,0.09892542954383582
6763,0.6374072648253135,0.9247147832395047,0.09893290238425953
6764,0.6374156420736324,0.9247189260530004,0.09892805669692582
6765,0.6373962966262868,0.9247131307257728,0.09893341381135325
6766,0.6374027301904927,0.9247131806854902,0.09894114351942072
6767,0.6374148596984428,0.9247169122920804,0.09895093125470932
6768,0.6374316262489329,0.9247191297349255,0.09895040936123224
6769,0.6374745606366167,0.9247531907330812,0.09894771191016172
6770,0.6374631823096149,0.9247550238704071,0.09895834173310994
6771,0.6374486333216657,0.9247626830794023,0.0989606703864523
6772,0.6374638166163935,0.9247671218081476,0.09896093605384106
6773,0.637431497026821,0.9247471763517077,0.0989779260928639
6774,0.6374329641035666,0.9247494937139876,0.09900010670832775
6775,0.6374076260126889,0.92472657373283,0.09902793010074087
6776,0.6374007721951704,0.9247052639917973,0.09903877657351892
6777,0.637393447493691,0.9247152367200173,0.09903901554816882
6778,0.6374565668852332,0.9247225500540452,0.09904592425577147
6779,0.6374849325263949,0.9247222464526852,0.09904966074905824
6780,0.6374819671575233,0.9247339447126859,0.09905246191602761
6781,0.6374896049852768,0.924722726834584,0.09906961424680445
6782,0.6374999166816747,0.9247383988136519,0.09907306766755888
6783,0.6375023708959245,0.9247353128403337,0.09908557921570063
6784,0.6374881803458194,0.9247377531803799,0.09908850807262622
6785,0.6374902838903583,0.9247491708973516,0.09909082123495093
6786,0.637479148619154,0.9247283722826593,0.09913469814600738
6787,0.6375037484242652,0.9247321000461943,0.09915224028718521
6788,0.6375188552261969,0.9247338217349198,0.0991564947741923
6789,0.6375099324351695,0.9247193987487888,0.09916865069779524
6790,0.6375048360161991,0.9247179268586508,0.0991725104491694
6791,0.6375038664087075,0.9247198906598533,0.09917422227316824
6792,0.6375299974828179,0.924725847395399,0.09916612133770532
6793,0.6375279186196816,0.924726412324512,0.09916971470527211
6794,0.6375336744505206,0.924719241183526,0.09917615129087913
6795,0.6375258154288967,0.9247177923517191,0.09918172514942643
6796,0.6375213305568347,0.924713922395142,0.09918619154515383
6797,0.6375112245905049,0.9247042955418892,0.09919868114298115
6798,0.63750954827426,0.9247398322732381,0.09920412710728153
6799,0.6375130794037313,0.9247482447210507,0.09920531900515213
6800,0.6375088206396656,0.9247538978552362,0.09918583411560283
6801,0.6375057425234935,0.9247453432143816,0.09919439125641685
6802,0.6375300423690692,0.9247399437218387,0.09918933507588461
6803,0.6375157628041017,0.9247271847786053,0.09920140407804201
6804,0.6375022566965544,0.924727622886897,0.09920682970375685
6805,0.63747306669068,0.9247229382026195,0.09919450429754689
6806,0.6374925479039614,0.9247337371877056,0.0991977508509408
6807,0.6374935832982443,0.9247386101816875,0.09920469371039196
6808,0.6374575083661099,0.9247460003768192,0.09921579508807342
6809,0.6374653967435123,0.9247477259085999,0.09921752319353558
6810,0.6374933627311876,0.9247508234110836,0.09922609956585653
6811,0.6375080431392286,0.9247410274634024,0.09922705134016825
6812,0.6375061143398191,0.9247429758923841,0.09922345369999232
6813,0.6375039773149364,0.9247414886300253,0.09922599103030222
6814,0.637547670954562,0.9247676713650399,0.09923919631130969
6815,0.637562009838526,0.9247709379619521,0.09924511036693034
6816,0.6375619509889839,0.9247552352384426,0.09924391677245895
6817,0.6375767665737532,0.9247536288413729,0.0992542272640397
6818,0.6375588568379406,0.9247482908377129,0.0992622168549323
6819,0.6375590139287606,0.9247707803966893,0.09926359050419567
6820,0.637532601387253,0.92475931272,0.0992778405836491
6821,0.6374964692074969,0.9247367193985335,0.09928993302900727
6822,0.6374952220746403,0.9247370537443351,0.09929725942583854
6823,0.6374797654344926,0.9247373650318056,0.09931448631234553
6824,0.6375297408188133,0.9247459926907089,0.09931219057104353
6825,0.6375115868070481,0.9247606885337583,0.09931369796414583
6826,0.6375122822842993,0.9247636515293104,0.0993138124781121
6827,0.6375373799265609,0.924783266483004,0.09932189123565244
6828,0.6375366069805855,0.9247835047524258,0.09932144682461994
6829,0.6375396135047761,0.9247930009418022,0.09932718791989742
6830,0.637544074042869,0.9247957602554291,0.09932849768976823
6831,0.6375230865540087,0.9247865676674129,0.09933870807277782
6832,0.6375308673367109,0.9247885891144432,0.09933905904927016
6833,0.6375775839697918,0.9247934505792594,0.0993443496133906
6834,0.6375929547990461,0.9247970399928076,0.09935150830439397
6835,0.6375853183783231,0.924789373097702,0.0993602925655485
6836,0.6375711966962835,0.9248131347079466,0.09936903402821828
6837,0.6375579017575989,0.924807243304339,0.09937468538463871
6838,0.6375454904323757,0.924799341982867,0.09938525616204803
6839,0.6375226297714919,0.9247877513284116,0.09937157019317691
6840,0.6375219629390115,0.9247951837971505,0.09937163834242842
6841,0.6375279215341089,0.9247884776658426,0.09938553863408568
6842,0.6375413185754116,0.9247841849731946,0.09938109540510137
6843,0.6375408936408309,0.9247940885264212,0.0993853107058695
6844,0.6375403538834593,0.9247956219054423,0.099387607095342
6845,0.6375619498484638,0.9248117396789123,0.09938792846431965
6846,0.6375329003688522,0.9248116666608637,0.09940433012007713
6847,0.6375534154861046,0.924813265371823,0.09942356432715652
6848,0.6375422481704981,0.9248195948837222,0.09944132198427
6849,0.6375729174769987,0.924813246156547,0.09943635650719114
6850,0.6375648283749861,0.9248217431515738,0.09945630545704054
6851,0.637561920051662,0.9248112439247926,0.09946658727802078
6852,0.6375732006451141,0.9248183497338404,0.09946463866368604
6853,0.6375605310356591,0.9248282571301222,0.0994627702866727
6854,0.6375731944063776,0.9248264470511273,0.09946651451498799
6855,0.6375874753162959,0.924826481638624,0.09946671132043364
6856,0.6375687524837196,0.9248228691667447,0.09947121811336711
6857,0.6375559359705698,0.9248133114884853,0.09948806593121418
6858,0.6375759693781252,0.9248083577903444,0.09948745923720366
6859,0.637615567180357,0.9248142491939518,0.09944866545742588
6860,0.6376162551452634,0.924813084748229,0.09944668402537395
6861,0.6376410511774744,0.9248209899127564,0.09945195215459827
6862,0.63764370572082,0.9248212051238471,0.09945273366872703
6863,0.637609921352041,0.9248246754026843,0.09946806591684838
6864,0.6376117678550823,0.9248276883579539,0.09947123007027542
6865,0.637624030655627,0.9248236147194517,0.09946902555658388
6866,0.6376519408117804,0.9248144144453251,0.09946400826982232
6867,0.6376728113836848,0.9248225386639983,0.09946898805094256
6868,0.6376767968589087,0.9248143837008835,0.09948008285195278
6869,0.6376938789459745,0.9248347672656153,0.09948581705693102
6870,0.637706679403941,0.9248554352164311,0.09949360316651638
6871,0.6377077606151714,0.9248573721162473,0.09949493429926519
6872,0.6377036314272762,0.9248595665007612,0.09949377273389666
6873,0.6377038119093799,0.9248675638986131,0.0994955800419222
6874,0.6377418602706078,0.9248530832666544,0.09950415418403247
6875,0.6377474309923279,0.9248532139305309,0.0995113229007384
6876,0.6377638612777076,0.9248387794152344,0.09951597877522965
6877,0.6377736504187923,0.9248456238965291,0.0995161144272891
6878,0.6377994143359625,0.924852933387502,0.09952166775028694
6879,0.6378060597151891,0.9248570185551698,0.09952269325834243
6880,0.6378211462600691,0.9248670143417209,0.09952465718970126
6881,0.6377986931481465,0.9248566304065955,0.09952415602870766
6882,0.6378304997468927,0.9248705038358341,0.09952950395941942
6883,0.6378142597781026,0.9248573221565298,0.09954495737147598
6884,0.6378204160502853,0.924854263084598,0.0995488807883902
6885,0.637781692956892,0.9248475607963453,0.09956705797158735
6886,0.6377750572879892,0.9248468075575279,0.09957458515125295
6887,0.6377846187852785,0.9248541093623903,0.09957859339843148
6888,0.6378121034641957,0.9248458852242821,0.0995745358541344
6889,0.6378185577793791,0.9248487137129026,0.09957715203570794
6890,0.6378274799602592,0.9248476184421731,0.09956833616763738
6891,0.6378261990922888,0.9248497282794729,0.09956661356046873
6892,0.6378261990922888,0.9248497282794729,0.09956900195282226
6893,0.6378370327401747,0.9248471957061022,0.09956815654582472
6894,0.63784034156575,0.9248557465039016,0.0995780487093468
6895,0.6378460405013421,0.9248457545604056,0.09959140981438186
6896,0.6378219730380927,0.9248422535371269,0.09959407578191416
6897,0.6378367000713902,0.9248429914037235,0.09959161187991726
6898,0.6378348112527382,0.9248463732922914,0.09959502546652238
6899,0.6378143165760556,0.9248444863521927,0.09960778686891679
6900,0.6378223059603144,0.9248446900341178,0.09960884679763062
6901,0.6378299617902473,0.9248417846843936,0.0996017575240113
6902,0.6378366287405702,0.9248422458510165,0.09959969577303816
6903,0.637838228582124,0.9248437215842097,0.09960018486014825
6904,0.637859804644208,0.9248355819933157,0.09960917699100973
6905,0.637851924200965,0.9248398093540255,0.09960726476318635
6906,0.6378727401739591,0.9248384988722055,0.09962092093087287
6907,0.6378751603983727,0.9248466000325476,0.09962572167922766
6908,0.637878258138321,0.9248572107079293,0.09963066358167026
6909,0.6378851750935477,0.9248618761769308,0.09963872506742613
6910,0.6378777851859864,0.924862283540781,0.09964778707519974
6911,0.6378799646195323,0.9248669490097826,0.09966092598505985
6912,0.6378729898171998,0.9248645701586196,0.09965734443802883
6913,0.6378749494524597,0.9248674140194607,0.09965677037041035
6914,0.637904232807674,0.9248617262977784,0.09966497869056981
6915,0.6379118471755776,0.9248526643736387,0.09967700517347063
6916,0.6378977246162868,0.9248458583228958,0.09969067337601356
6917,0.637878520066423,0.9248499550197291,0.09970853674166587
6918,0.6378807911437648,0.9248452126896237,0.09972007393485424
6919,0.6379102756221555,0.9248350554947545,0.09978634914821775
6920,0.6378933246799078,0.9248275922815742,0.09978886058539538
6921,0.6379184187423557,0.924828879705063,0.09978620402434
6922,0.6379184187423557,0.924828879705063,0.0997849961519929
6923,0.6379140047183538,0.9248373459556483,0.09979340242517952
6924,0.6379114220218884,0.9248261011761602,0.09979772328937636
6925,0.6378654782982379,0.9248263317594716,0.09982575986679187
6926,0.6378876462101905,0.9248216124876973,0.09982644104401725
6927,0.6378822137583875,0.924819733233709,0.09983621059586242
6928,0.6378828303147437,0.9248212781418957,0.09984623822399591
6929,0.6378871919293465,0.924818441967165,0.0998484943228813
6930,0.6378955928795633,0.9248114476067177,0.09984920907381714
6931,0.6379048271974743,0.9248059943114021,0.09985213007228026
6932,0.637917249459225,0.9248059443516846,0.09984431059765635
6933,0.637903444380073,0.9248229037542414,0.09987377490941553
6934,0.6379141922375445,0.9248201136961729,0.09987619396443904
6935,0.6379001706369234,0.9248210552446947,0.09988769359566806
6936,0.6379203783439846,0.9248355166613774,0.0998917022300409
6937,0.6379234510731294,0.9248389216082765,0.09988721200474102
6938,0.637928067488032,0.9248465077992231,0.09989725442725926
6939,0.6379557581269601,0.9248493247586779,0.09989883026255925
6940,0.6379408701016337,0.9248431374398207,0.09989957204407163
6941,0.6379322810757362,0.9248415233566406,0.09990277274861968
6942,0.6379293120909659,0.9248488405337238,0.09989657203941989
6943,0.6379375413291896,0.9248517036098409,0.09988876314772963
6944,0.6379442926601417,0.9248412312844462,0.09988837143789954
6945,0.6379290044399011,0.9248199330725789,0.09990446685636467
6946,0.6379494532796748,0.9248227423459234,0.09990411043325101
6947,0.6379600728815888,0.9248129271829663,0.09988906128719802
6948,0.6379416308484845,0.92480141723267,0.09990068750586784
6949,0.6379657746767257,0.9248023626242469,0.09991182774086942
6950,0.6379676658430905,0.9248105675470791,0.09992530612851325
6951,0.6379946248378207,0.9248201444406144,0.09993411242280784
6952,0.6380280641346598,0.924836070061325,0.09993457164828305
6953,0.6379987924746063,0.9248323730422314,0.0999412428317358
6954,0.6380142146101627,0.9248421843621334,0.09993818218163641
6955,0.6380122585983751,0.9248476030699524,0.09994416300633022
6956,0.6380437827022515,0.9248524145750512,0.09994166054060255
6957,0.6380226057446956,0.9248576142287243,0.09995488777198049
6958,0.6380343216452681,0.9248585596203013,0.09995277506754216
6959,0.638056454445223,0.9248690434748617,0.09994629171324573
6960,0.6380308981833983,0.924864458710019,0.09995752134048812
6961,0.6380388976042305,0.9248573567440265,0.09996705134279868
6962,0.6380586254692244,0.9248659152279364,0.0999697985001887
6963,0.6380731408620313,0.9248668567764581,0.09997710370144428
6964,0.6380755230591205,0.9248589477688755,0.09999139963055145
6965,0.6380782163672565,0.9248528680555638,0.09999558155300807
6966,0.6380599661027297,0.9248481718421206,0.10000062303084159
6967,0.6380780549067201,0.9248604580895654,0.09999912827119353
6968,0.638069662002819,0.9248531409124823,0.10000864751835507
6969,0.6380383838634095,0.9248601237437639,0.10002074284807293
6970,0.6380191119772027,0.924852007211201,0.10003499341290971
6971,0.6380354498790733,0.9248540440304521,0.10003757997054874
6972,0.6380106436382149,0.9248514691834743,0.10004054807426273
6973,0.6380102177001373,0.9248364351515681,0.1000610901303445
6974,0.6380272297158425,0.9248392482679677,0.10006154055118524
6975,0.6380221733265321,0.9248397824526392,0.1000611350671691
6976,0.6380172579992803,0.9248366811071003,0.10005880968060625
6977,0.6380456678988733,0.924860488834007,0.10004699722680797
6978,0.6380465249562081,0.9248609500006298,0.1000364776363581
6979,0.6380258389631359,0.924838629536082,0.10004922967351682
6980,0.6380258389631359,0.924838629536082,0.10004954905075397
6981,0.6380194144473315,0.9248380569208585,0.10004953893358766
6982,0.6380157340182301,0.9248273347968764,0.10006130159822764
6983,0.6380157340182301,0.9248273347968764,0.10005646159997532
6984,0.63804280372887,0.9248333837657466,0.10005548716273029
6985,0.6380585637410625,0.924842960659282,0.10006177408120454
6986,0.6380527604130232,0.9248312239687294,0.10007923819481805
6987,0.6380438530432779,0.9248376956736706,0.10009565615594687
6988,0.6380771421841829,0.9248531409124823,0.10009574320269013
6989,0.6380575095242789,0.9248672526111427,0.10011295976208909
6990,0.6380547456040067,0.9248590553744208,0.10011336627007025
6991,0.6380500590395742,0.9248593512896706,0.10011833263730922
6992,0.6380477170922212,0.924852268538954,0.10012558099557475
6993,0.638060435740625,0.9248426839593082,0.10013786808790553
6994,0.638054752820568,0.9248382798180597,0.1001476733183156
6995,0.6380550625606501,0.9248338487754246,0.10015586390325254
6996,0.638050024264102,0.9248424226315552,0.10015605554424871
6997,0.6380310196024023,0.9248375765389597,0.10017744396414519
6998,0.6380388208921659,0.9248438868355829,0.10017641988469696
6999,0.6380100032067959,0.9248357664599649,0.10019257493108039
7000,0.6380211688920132,0.9248325997824877,0.10019278983728588
7001,0.6380157452402578,0.9248306129229541,0.10019718664916509
7002,0.6380317364950551,0.9248280803495834,0.10020150328576517
7003,0.6380477811189835,0.9248383605222186,0.10020360817341219
7004,0.6380477811189835,0.9248383605222186,0.10019761675544672
7005,0.638058975633938,0.9248284339106609,0.10026395906684818
7006,0.6380461304943382,0.9248208899933215,0.10027526311487352
7007,0.638046368087839,0.9248210706169154,0.10027826714362205
7008,0.6380406741232802,0.9248231996694911,0.10028793388491923
7009,0.638100079419031,0.9248446785049522,0.1002982180837754
7010,0.6381041444824311,0.9248464001936777,0.10030218778815435
7011,0.6380978008882343,0.9248449782632571,0.10031712941445024
7012,0.6380719795231385,0.9248384681277639,0.10033412842955841
7013,0.6380555196888252,0.9248452088465685,0.10034539583080246
7014,0.6380596629156687,0.9248409776428035,0.10034931590493908
7015,0.6380375984169463,0.9248462157270285,0.10037443575557554
7016,0.6380599562062266,0.924853317693021,0.1003740304159983
7017,0.6380666587877637,0.9248599162187836,0.10038639793101795
7018,0.6380760301206805,0.9248559847733234,0.10039085207548004
7019,0.6380660167705821,0.9248538941512997,0.10038488895665253
7020,0.6380424430502211,0.9248294523202865,0.10036612938937663
7021,0.638047860908909,0.9248242565096686,0.10037155680228305
7022,0.638047860908909,0.9248242565096686,0.10036610458038907
7023,0.6380417117100101,0.924831035659025,0.1003600993651669
7024,0.6380761146189505,0.9248352130600174,0.10035853514399616
7025,0.6380768399242949,0.9248315660006414,0.10036549713086698
7026,0.638058672677789,0.9248360201016075,0.10037128112651472
7027,0.6380502319099857,0.9248360892766009,0.10038833848232474
7028,0.6380532436715047,0.9248405549067326,0.10039626018477785
7029,0.6380369168445202,0.9248340409281842,0.1003974012980052
7030,0.6380405546547581,0.9248404011845249,0.10039221375466711
7031,0.6380222517833873,0.9248519803098146,0.10039330585365829
7032,0.6380142867591613,0.924858655696681,0.10037916317785735
7033,0.6380327410973674,0.9248639206822923,0.10038369905064366
7034,0.6380073789844286,0.9248644394947431,0.10039341324580037
7035,0.6380322015049562,0.9248536020791052,0.10041934043229335
7036,0.6380269238805322,0.9248623258143882,0.1004258283337248
7037,0.6380274401706846,0.924855834894171,0.10043086984442395
7038,0.6380136622601196,0.9248385718902541,0.10043831332847558
7039,0.6380389930900385,0.9248269312760813,0.10041659353149866
7040,0.6380511017564691,0.924830209402159,0.10041608316790035
7041,0.6380477126189287,0.9248194219462386,0.10042230527331944
7042,0.6380547853519455,0.9248118818719543,0.10043047055056271
7043,0.6380878205978329,0.9248234071944714,0.10042783240652656
7044,0.6380813409107607,0.9248262087817055,0.10042912152704087
7045,0.638076605807999,0.9248159939410084,0.1004384551498471
7046,0.638080179030364,0.9248149217286102,0.10044066106817266
7047,0.6380902188805768,0.9248278420801616,0.10042440493530268
7048,0.638090179190077,0.9248275307926911,0.10042582987140031
7049,0.6380648050970277,0.9248271887607791,0.10042806471493317
7050,0.638073501933897,0.9248356204238676,0.10043327957618443
7051,0.6380726698483837,0.9248272848371589,0.10044347541468995
7052,0.638022818043958,0.9248189569365605,0.10043671195811471
7053,0.638022818043958,0.9248189569365605,0.10043671195811471
7054,0.6380722593908619,0.9248294177327897,0.10043463451398325
7055,0.6380840607516653,0.9248325613519358,0.1004525571927842
7056,0.6380747880679893,0.9248326343699844,0.10044971684859214
7057,0.6380761339525293,0.9248348748711606,0.10044834288916116
7058,0.6380912944169699,0.9248202597322702,0.10045576298164291
7059,0.638083416022007,0.9248254939734399,0.10046511706630736
7060,0.6381086330859871,0.9248345289961935,0.10047621714642843
7061,0.6381116598418793,0.9248373767000898,0.10047826242382643
7062,0.6381244189937784,0.9248559732441578,0.10048170002764763
7063,0.6381541357855354,0.9248514153807016,0.10048833472910369
7064,0.6381584891246573,0.9248541170485007,0.1004948067495177
7065,0.6381683626040983,0.9248533484374626,0.1005035778353134
7066,0.6381611010934274,0.9248588555355509,0.10050806504178879
7067,0.6381569747490712,0.9248537865457543,0.10052010617166716
7068,0.6381757563016277,0.9248774751379502,0.1004987735192113
7069,0.6381757563016277,0.9248774751379502,0.10049525447886958
7070,0.6381808575741402,0.9248770869893759,0.10048927572927348
7071,0.6381766258930706,0.9248778440712484,0.10049181166330598
7072,0.6381617114694383,0.924880553425158,0.10051101534472665
7073,0.6381483116907665,0.9248764182977727,0.1005176511036924
7074,0.6381317249857014,0.9248651927335605,0.10054258821214893
7075,0.6381317249857014,0.9248651927335605,0.10053363466309743
7076,0.6381378915556708,0.9248598931604525,0.10053788841869989
7077,0.638141753155161,0.9248550854984088,0.10054430169742824
7078,0.6381394282528424,0.9248542592415427,0.10054533301366125
7079,0.6381546719610157,0.9248622989130019,0.10054371748339398
7080,0.638130606479268,0.9248667683861886,0.1005504549577328
7081,0.6380874539894482,0.9248665762334292,0.10056436002843688
7082,0.6380924525010031,0.9248661803987445,0.10056760918141226
7083,0.6380521362392316,0.9248530371499921,0.10058810448175558
7084,0.6380560490716009,0.924854766524828,0.10057667011072449
7085,0.6380467264043891,0.9248637669600847,0.10058341589451658
7086,0.6380302761133715,0.9248706844594281,0.10058539095792832
7087,0.6380234937831546,0.9248842542873066,0.10057841896341223
7088,0.638017281169234,0.9248730940550327,0.10059846835695113
7089,0.638033138784848,0.9248701349025358,0.10060532343494749
7090,0.6380307595485794,0.9248701887053085,0.1006154080636683
7091,0.6380282543723356,0.9248641858531005,0.1006332641887305
7092,0.638006250915416,0.9248733323244545,0.10066399058151318
7093,0.638011694379112,0.9248664148251111,0.10066701300161625
7094,0.6380150553118447,0.9248656385279626,0.10066684351528402
7095,0.6380025307336341,0.9248672564541979,0.10067023062818893
7096,0.6380014222128645,0.9248678405985868,0.10067916828860327
7097,0.6380078758038605,0.9248678982444147,0.1006794685895238
7098,0.6380017475076393,0.9248679904777394,0.10067529733925755
7099,0.638003016930445,0.9248657077029561,0.10067594490458597
7100,0.6379902845498582,0.9248729749203217,0.10068737868674389
7101,0.6379944405097747,0.9248705076788892,0.1006958893431214
7102,0.6380130242224413,0.9248811952153748,0.10070995212335421
7103,0.6380130242224413,0.9248811952153748,0.10085372878053585
7104,0.6379910100042352,0.924867844441642,0.10086930456602428
7105,0.6379837546901316,0.9248585634633564,0.10087296758118106
7106,0.6380068471681517,0.9248616840241713,0.10087813517793316
7107,0.6380226480877906,0.9248699696511625,0.10087986489282705
7108,0.6380109408507403,0.9248688859095988,0.10088918812996998
7109,0.6380025694253015,0.9248568917343485,0.10090982970709513
7110,0.6380427518554735,0.924865304182161,0.10091144251752013
7111,0.6380311788555871,0.9248623450296641,0.10091078315668692
7112,0.6380289311510462,0.9248591821952421,0.10090114955978653
7113,0.6380401814027575,0.9248614495978047,0.10089865633746722
7114,0.638066384883493,0.9248625717699204,0.10089055407491956
7115,0.638066384883493,0.9248625717699204,0.10088973469730889
7116,0.6380406486538623,0.9248656846446249,0.10088629942927962
7117,0.6380302740164889,0.9248720910176279,0.10089131815395383
7118,0.6379855308438773,0.9248723907759328,0.10091153959586412
7119,0.6379857663296725,0.924877855600414,0.1009146052796434
7120,0.6379909121438718,0.9248805649543235,0.1009221393141334
7121,0.638005977362552,0.9248765028449869,0.1009348688511363
7122,0.6380051524931689,0.9248769601685546,0.10093162436289016
7123,0.6379891044191071,0.9248677137777656,0.1009430822779668
7124,0.6379891044191071,0.9248677137777656,0.10094249057629345
7125,0.6379894346811169,0.9248623411866089,0.10094556886214846
7126,0.6379709659113627,0.9248568302454654,0.10095531523464325
7127,0.6380113146958576,0.9248686130526802,0.10096197154019532
7128,0.6380017285430134,0.9248604811478967,0.10096204530470573
7129,0.6380282213807512,0.9248515306723574,0.10096461791385934
7130,0.6379866956082996,0.9248591745091318,0.10097910420726607
7131,0.6380071087295939,0.9248629176448876,0.10097755059961822
7132,0.6380071087295939,0.9248629176448876,0.10097321440733528
7133,0.6379889665035416,0.9248618684908204,0.10099793284709402
7134,0.6379877478533942,0.924851784314,0.1010065053921538
7135,0.6379988733981743,0.9248523838306096,0.10100424488516277
7136,0.6379985631578291,0.9248484523851496,0.10101138713787626
7137,0.6379990337978289,0.9248498166697423,0.10101701164369332
7138,0.6379881694360908,0.9248464386242295,0.10103501144653262
7139,0.6380329079689612,0.9248525490819829,0.10103849875315242
7140,0.6380439252272371,0.9248536866263194,0.1010380300102425
7141,0.6380420455672012,0.9248621375046838,0.10104310691119273
7142,0.6380815297509546,0.9248690357887512,0.10104513889926761
7143,0.6380896493887231,0.9248716490662809,0.10104689630949795
7144,0.6381038026674677,0.9248665301167669,0.10105510133111299
7145,0.6381359773023667,0.9248636977850913,0.10105324737065602
7146,0.6381139915138528,0.9248548164845455,0.10106810604516679
7147,0.6381128657445871,0.9248537135277057,0.10107110690117324
7148,0.6380845592925228,0.9248443441591506,0.10108703875145379
7149,0.6380871483129089,0.924854466766523,0.10111220245456622
7150,0.6380943941509579,0.9248548241706558,0.10110619083994057
7151,0.6381037390597208,0.9248630828962607,0.10110560758491054
7152,0.638100525644111,0.9248675369972268,0.10111451006224909
7153,0.63807929848001,0.9248744737118462,0.10113947717846257
7154,0.6380542196048266,0.9248737204730287,0.10114906035027901
7155,0.6380563086041895,0.9248739702716161,0.10114156058478706
7156,0.6380446238635235,0.9248848307455853,0.10115041399808712
7157,0.6380517817384032,0.9248835663804275,0.10114398215361438
7158,0.6380594309600744,0.9248891849271164,0.10114528924039617
7159,0.6380955521733055,0.9249001299482996,0.10114911035068261
7160,0.6381374643571914,0.924925624776435,0.10114958828045502
7161,0.6381217197066964,0.9249176427508039,0.10115793252682187
7162,0.638124134809819,0.9249092879488192,0.10116531233067487
7163,0.6381316257398142,0.9249147374010797,0.10117157616110939
7164,0.6381554624551103,0.924929490889957,0.10116663194658314
7165,0.638163732367994,0.9249336183312319,0.10116854373289219
7166,0.6381770140652866,0.9249365774837287,0.10117772491193407
7167,0.6381795107574643,0.9249359549087878,0.10117926138675588
7168,0.6381817624279164,0.9249388448862913,0.1011784435569373
7169,0.6381779003934279,0.9249362700393134,0.1011813767655158
7170,0.6381650655030051,0.9249342754936695,0.10118565321572731
7171,0.6382009860877851,0.9249415427110351,0.10117791074094121
7172,0.6382024148204902,0.924935071006094,0.1011804936317001
7173,0.6382339619397212,0.9249394098154043,0.10117341909301081
7174,0.6382341003961697,0.9249369694753582,0.101184050448714
7175,0.6381948684571814,0.9249413736166068,0.10120480950979613
7176,0.6382050081450797,0.9249430261303389,0.10119638688745967
7177,0.6382229193868505,0.9249482104117911,0.10120268004258134
7178,0.6382111200261225,0.9249414005179931,0.10120980583606291
7179,0.6382476806327433,0.9249401015653387,0.10120711717329844
7180,0.6382670849554488,0.9249402360722703,0.10120304556745403
7181,0.6382614585590154,0.9249383683474476,0.10120160628105707
7182,0.6382572615875788,0.9249483987214955,0.1012135496587878
7183,0.6382615055144161,0.9249555775485918,0.1012231968372534
7184,0.6382675989880449,0.9249567919540321,0.10122818295109015
7185,0.6382653241892915,0.9249479606132037,0.10123830853282514
7186,0.6382746216231328,0.9249456355648134,0.10125111016597918
7187,0.6382941739656582,0.9249395865959431,0.10126736916947207
7188,0.6382867956895526,0.9249415350249248,0.1012784980331622
7189,0.6382636036587848,0.9249354668407785,0.10128548268886127
7190,0.6382550068572366,0.9249577066011675,0.10127085161831667
7191,0.6383014812633184,0.925003127670467,0.1013136134802686
7192,0.638278336496124,0.9249839469820099,0.10133872856271393
7193,0.6382550154299073,0.9249937698310775,0.10134750124154839
7194,0.638280467711215,0.9250029239885419,0.10135708314711908
7195,0.6383059721779796,0.925016405426151,0.10134598878066381
7196,0.638335020019349,0.925034959696612,0.10134993353299211
7197,0.63835878949637,0.9250460161663958,0.10134582638885724
7198,0.638374676001374,0.9250429839958503,0.10134671591013511
7199,0.638372719833687,0.9250446480387479,0.1013573810091158
7200,0.6383644173035622,0.9250475956620792,0.10136158883096123
7201,0.6383530229663217,0.9250464696469083,0.10136897550442897
7202,0.6383644697311613,0.9250591940026449,0.10135723092934479
7203,0.6383636289193036,0.9250552971446815,0.10136250521393422
7204,0.6383954681534701,0.9250582793555095,0.10136991611177605
7205,0.6383736789643533,0.9250440792665796,0.1013805473138668
7206,0.6383590012512216,0.9250297254554422,0.10140087390509026
7207,0.6383608314228117,0.925030889901165,0.10139984924810358
7208,0.6383544373951082,0.9250315739649889,0.10139969008357375
7209,0.6383667847512325,0.9250355822715529,0.10140001586733438
7210,0.638382563749899,0.925037818929674,0.10140910876979133
7211,0.6383809878492019,0.9250372194130642,0.10141620971625898
7212,0.6383646754245316,0.9250376844227423,0.1014251994740403
7213,0.6383691476525846,0.9250473804509886,0.10143995683337657
7214,0.6383601424964993,0.9250617150468501,0.1014398653207068
7215,0.6383854518696341,0.9250636942202732,0.10143759809977113
7216,0.6383798600381947,0.9250607696552731,0.1014404537230118
7217,0.6384040160752698,0.9250629563536766,0.1014365186911948
7218,0.6384039239295088,0.9250584868804897,0.1014541859782104
7219,0.6383915099006426,0.9250648471368305,0.1014656348863018
7220,0.6383638290945658,0.9250537676087156,0.10147150487064477
7221,0.6383315902091343,0.9250455088831107,0.10148600946115416
7222,0.638311111744907,0.9250325347287867,0.10149844197365644
7223,0.6383071325335226,0.9250321657954883,0.10150547401937858
7224,0.6382937493313169,0.9250147798138053,0.10152090683584622
7225,0.6382553618969422,0.9250183269537464,0.10153915603232194
7226,0.6382736228496778,0.9250100797573071,0.10155661042943975
7227,0.6382759545148774,0.9250120397154543,0.1015684350178349
7228,0.6383077048872071,0.9250291874277154,0.10156892903618438
7229,0.6382831040172553,0.9250317584316381,0.10157442149465548
7230,0.6382835807193484,0.9250432299513826,0.10157169654056088
7231,0.6382928726641138,0.9250453436317374,0.10157120336200133
7232,0.6382857299534503,0.9250324079079654,0.10159705860146662
7233,0.6382634728428909,0.9250237687198966,0.10161089352591601
7234,0.6382530713637965,0.9250189495286874,0.10161579397517742
7235,0.6382624721372347,0.9250255557405602,0.10161223545371094
7236,0.6383060050075164,0.9250305978289705,0.1016113576299425
7237,0.6383264596669226,0.9250411892890762,0.10166779841922112
7238,0.6382971556974716,0.9250242567879058,0.10168835146811138
7239,0.638271514158115,0.9250180809982143,0.10169634454743788
7240,0.638283097209321,0.9250205866701986,0.10168768007488306
7241,0.6382944212372234,0.925015398545691,0.1016943943713478
7242,0.6383309197423116,0.9250195452022419,0.10169410912263008
7243,0.6383158338239249,0.9250190456050671,0.10170385452625469
7244,0.6383332499575574,0.9250182539356978,0.10170284349066705
7245,0.638321223751704,0.9250150449846135,0.10170092325122713
7246,0.6383710525402804,0.9250083619116368,0.10171334335691153
7247,0.6383880122085908,0.9250218087617492,0.10171223755800751
7248,0.6383780149358145,0.9250229655213617,0.10172007436383541
7249,0.6384085958558835,0.9250353670604622,0.1017213134971179
7250,0.6384028208188646,0.9250374154088788,0.10169462571149815
7251,0.6383937004730332,0.9250414852043259,0.10167547368102021
7252,0.6384219230603474,0.9250491982160938,0.10167666633557006
7253,0.638418892690861,0.9250422269139777,0.10168296965130819
7254,0.6383922077195058,0.9250363585687015,0.10170814838936365
7255,0.6383895641527619,0.9250411393293587,0.10170718364518617
7256,0.6384573455800158,0.9250370695339117,0.1017092811723136
7257,0.6384621820255789,0.9250416658279199,0.10171183935501366
7258,0.6384630288647567,0.9250303979901006,0.10172275648766596
7259,0.6384769980314192,0.9250360741826174,0.10171949505234448
7260,0.6384575655714362,0.9250361741020523,0.10173573141764276
7261,0.6384653660296328,0.9250441484415731,0.10174859431117833
7262,0.6384625846737617,0.9250482182370201,0.10175252059298974
7263,0.638463329270984,0.9250398672780906,0.10175935671170758
7264,0.6384640042048434,0.9250403553460999,0.10187177243106384
7265,0.6384582696780159,0.9250351979660338,0.10187346860284965
7266,0.6384848111219997,0.9250346714674726,0.10187621114271152
7267,0.6384869337145985,0.9250279038472817,0.10187658780025836
7268,0.6384686392301869,0.9250346215077552,0.1019347375516059
7269,0.6384698363442727,0.9250318045483004,0.10194010440953473
7270,0.6384784634196569,0.9250204483202117,0.10198338036367201
7271,0.6385173341820228,0.9250250177128335,0.10197873014971467
7272,0.6384901560913409,0.9250228079560988,0.10198463758708903
7273,0.6384651403612174,0.9250121550071101,0.10198935551332274
7274,0.6384839786721642,0.9250330227967959,0.10199290292927686
7275,0.6385029567155593,0.9250265011321371,0.10199275974488002
7276,0.6385128533513539,0.9250223467894759,0.10200459869233865
7277,0.6385208465366295,0.9250232652796665,0.10200594901349605
7278,0.6385034184364923,0.9250182231912563,0.10201645123856312
7279,0.6384984587191146,0.9250158328109276,0.10202881274234105
7280,0.6385215496119959,0.9250096416490153,0.10202890914527557
7281,0.6385260002440669,0.9250025204677469,0.10203327705409285
7282,0.6385316144693959,0.9249975321821092,0.10203414184745992
7283,0.6385304479909498,0.9249958489239357,0.10203036384136953
7284,0.6385109045635101,0.9249899997939354,0.10204323843497225
7285,0.6384956134892208,0.9249900651258737,0.1020597643235058
7286,0.6384614708305413,0.9249912295715964,0.10207708745048746
7287,0.6384614708305413,0.9249912295715964,0.10207137908284773
7288,0.6384767389692673,0.9250120358723991,0.10207026311056679
7289,0.6384707499451058,0.925008769275487,0.10207822571768083
7290,0.6384741139698625,0.9250122395543243,0.10207220375622204
7291,0.6384993689412096,0.9250290490777286,0.10207549812734394
7292,0.6384841973715999,0.9250304402637077,0.10207723687976045
7293,0.6384246000053195,0.9250203791452183,0.10209645428477176
7294,0.6384214754058288,0.9250179733926689,0.10210869124682288
7295,0.6383580593882403,0.9250172470552378,0.10220901690239183
7296,0.6383056089297163,0.9250260668669006,0.10219274721358472
7297,0.63831543807924,0.9250320505038326,0.10219024565497056
7298,0.638315121221002,0.9250362817075977,0.10218619723262931
7299,0.6383321932134569,0.9250272466848442,0.1021831477440583
7300,0.6383236975210769,0.9250083004227537,0.10218577816834276
7301,0.6383451413277812,0.9249961909558477,0.1021941936771062
7302,0.6383481815162058,0.9250123663751456,0.10219831545109737
7303,0.6383520286662444,0.9250079545477866,0.1022037397090558
7304,0.6383461742990827,0.9250075318117156,0.10220376002502897
7305,0.6383780925229537,0.9250105370808748,0.10220185866274932
7306,0.6383692302371539,0.9250034428009927,0.1021978183531894
7307,0.6383746011733251,0.9249959488433707,0.10221261142432403
7308,0.6383802817746972,0.924986444967884,0.1022202186666004
7309,0.6383635575434103,0.9249730019608267,0.10222870848752369
7310,0.6383750479072043,0.9249744046759713,0.10222745778043368
7311,0.6383504278795491,0.9249679329710301,0.1022387711349571
7312,0.6383562984037637,0.9249693894889474,0.10224841266528097
7313,0.6383333896961244,0.924964385831089,0.10225523084169524
7314,0.6383467083900063,0.9249608655925343,0.1022559639666659
7315,0.638345329408001,0.9249615073827512,0.10225769722897073
7316,0.6383444408204217,0.9249604812870152,0.10224638226162282
7317,0.6383380267340436,0.9249502280157663,0.10224993217508527
7318,0.6383637182910207,0.9249535022987888,0.10224819738502008
7319,0.6383644767215424,0.9249396173403847,0.10225048063340977
7320,0.6383812213334878,0.924937772673893,0.1022538507991155
7321,0.6383578764188619,0.9249360240837813,0.10225454518345284
7322,0.6383477997494871,0.924943091462277,0.10226183638127063
7323,0.6383589096065592,0.9249356320921518,0.10226957244336721
7324,0.6383622492078314,0.9249498744546887,0.1022684428952846
7325,0.6383591781570922,0.9249613382883227,0.10226368897995992
7326,0.6383819773544382,0.924953244814091,0.10226602236518097
7327,0.6383900242535172,0.9249645433963518,0.10226766686137105
7328,0.6383909491025564,0.9249600431787235,0.10226592997975426
7329,0.6383732322239285,0.9249540211112396,0.10228083939489335
7330,0.638377733896844,0.9249501434685521,0.10228865403694089
7331,0.6383866427002166,0.9249637670992032,0.10229049600201588
7332,0.6383840214905238,0.924967026010005,0.10229224487341466
7333,0.6384182111592173,0.9249715339137438,0.10229058813841346
7334,0.638435062063804,0.9249854342443687,0.10227691729573314
7335,0.6384563351491901,0.9249876670594346,0.10227657657751629
7336,0.6384551283816065,0.9249859376845988,0.10229317211836687
7337,0.6384662189772295,0.9249889429537579,0.10228636753508293
7338,0.6384730988121461,0.9249870752289352,0.10229460671336016
7339,0.6384673349013225,0.9249746890620554,0.1022997079974929
7340,0.638492617702036,0.9249609962564108,0.10230481108408729
7341,0.6384852929015895,0.9249503663657531,0.1022999851954639
7342,0.6384911399855524,0.9249518882156087,0.1022962527289201
7343,0.6384886783661694,0.9249446978593467,0.10230746445604214
7344,0.6384917686641172,0.924958402194157,0.10231721174709255
7345,0.6385246315639731,0.9249734054816217,0.10231359985675806
7346,0.6385582784509308,0.9249800578101569,0.10231799472521037
7347,0.6385687704565819,0.924980000164329,0.10231679542130101
7348,0.6385721125716631,0.9249758458216678,0.10233192941559548
7349,0.6385551187803854,0.924972725260853,0.1023541089873688
7350,0.638574693658541,0.924990998988285,0.10234531203405589
7351,0.6386281159839793,0.9250012983761962,0.10234176574969531
7352,0.63862336764137,0.9249881628135542,0.10234704024768992
7353,0.6386073789057857,0.9249803152948547,0.10235864782396677
7354,0.6386431524663283,0.9249921365326215,0.10235965360165325
7355,0.6386561681521171,0.9250075702422675,0.10236218064983363
7356,0.6386348711514156,0.9250041230217614,0.10237341434846639
7357,0.6386712570158324,0.9250127698959406,0.10236602845358496
7358,0.6386779473539157,0.924995130272615,0.1024017321190631
7359,0.6387027082460799,0.9250033582537784,0.10239635475378599
7360,0.6387103965463093,0.925007620201985,0.10240690145576596
7361,0.6387187919370546,0.9250004144735023,0.10241114610330154
7362,0.6386977275255598,0.9249944193074048,0.10243011670178685
7363,0.6386864966107167,0.9249848039833175,0.10244244189561061
7364,0.638672167863279,0.9249836356945395,0.10244535349839125
7365,0.6386630263059033,0.924982175333567,0.10244287849316641
7366,0.6387143668960706,0.9250015097442317,0.1024249699483789
7367,0.6387164135850011,0.9250011062234367,0.10242730246943096
7368,0.6387293574189568,0.9250047263814264,0.10242717958945115
7369,0.6387295111938173,0.9250044919550597,0.10243392409269042
7370,0.6387014136183097,0.9250023321580425,0.10243977914323209
7371,0.6387240864694199,0.9250034773884893,0.10241648789594449
7372,0.6387400853042814,0.925001978596965,0.10242838981977795
7373,0.6387175113393952,0.9249967174544088,0.10243004020031868
7374,0.638702314249565,0.9250147836568605,0.10243825310926746
7375,0.6387580158764895,0.9250225312561251,0.1024313314170085
7376,0.6387477570160904,0.9250214359853958,0.10243515783374847
7377,0.6387851015344123,0.9250283957583462,0.1024262272390143
7378,0.6387973760384782,0.9250224351797454,0.10242757982591899
7379,0.6388045147965575,0.9250307054345158,0.10242421369646398
7380,0.6388216549669872,0.92503794190744,0.10244159149724269
7381,0.638835798897276,0.9250453782192342,0.10244044991902486
7382,0.6388304131570028,0.9250291413110532,0.10247523363638114
7383,0.6388685407274292,0.9250559773654502,0.10247863345551683
7384,0.6388684006671574,0.925058794324905,0.10249144157035114
7385,0.6388730530326852,0.9250691821030856,0.10248835876375297
7386,0.6388909477157926,0.9250599510845174,0.1024908112935625
7387,0.6388744789591052,0.9250551856960809,0.10249707654748715
7388,0.6388361616903554,0.9250625105592745,0.10251152300117022
7389,0.6388667991715336,0.9250739359623567,0.10251186301458505
7390,0.6388616970220702,0.9250747161025603,0.10251580139940977
7391,0.6388526665692825,0.9250589019304504,0.1025213188022732
7392,0.6388437773883726,0.925046646427447,0.1025268965966777
7393,0.6388581314636419,0.9250516116547536,0.10252183995488356
7394,0.6388519564444622,0.9250509199048192,0.10252168909048551
7395,0.6388659473467865,0.9250681444781842,0.10251519211473639
7396,0.6388650828020195,0.9250680176573629,0.10252236580567461
7397,0.6389111527676042,0.9250686863489661,0.10251999409855352
7398,0.6389264267139847,0.925076745235701,0.10251332099206263
7399,0.6389096715039543,0.9250622607606871,0.10252573369530685
7400,0.6389094371008753,0.925056918913972,0.1025351174279218
7401,0.6389201533812157,0.9250647318451748,0.10253519660123736
7402,0.6389064634420009,0.9250595437206672,0.10254152129132034
7403,0.638909959289834,0.9250656657075861,0.10254842141033557
7404,0.638901626589764,0.9250401631933403,0.10255746947446077
7405,0.6388862300862065,0.9250321465802124,0.10255096200372646
7406,0.6389117927444385,0.9250425996903312,0.10258066271156532
7407,0.6389167233354619,0.9250398365336491,0.10257842437047049
7408,0.6388647423279263,0.925010460219771,0.10261390343962028
7409,0.6388691326603596,0.9250101105017486,0.10259912575793177
7410,0.6388807065368928,0.9250099683087065,0.10260125220067744
7411,0.6388837468564235,0.9249918752048685,0.1026125078788773
7412,0.6388641833732156,0.9250079660769521,0.10262705154616455
7413,0.6388617475312647,0.9250049569647378,0.10262426620175492
7414,0.6388603650908989,0.9250066786534632,0.1026306765982566
7415,0.6388520908555745,0.9250028471274381,0.10265977749728435
7416,0.6388606499934899,0.9250060560785224,0.10266285689510883
7417,0.63885414133964,0.924997889586242,0.10267123141769711
7418,0.6388570149626269,0.9249942117824245,0.1026740510841098
7419,0.6388766376121028,0.9249917330118264,0.10267751656666702
7420,0.638868323959148,0.9249858723526605,0.10270167743431054
7421,0.6388652057684279,0.9249855303207485,0.102704065669173
7422,0.638863780997473,0.9249765491007678,0.10273281026592132
7423,0.6389117480893894,0.9249857109443425,0.10273122454356665
7424,0.6389185376260847,0.9250043267036865,0.10273578592072391
7425,0.6388652607760408,0.9250279192195026,0.10273418078259203
7426,0.638897097823486,0.9250327345676566,0.10273918915888029
7427,0.6388659317893413,0.9250171970955203,0.10274651812794307
7428,0.6388554481076922,0.9250081966602636,0.10275371885669733
7429,0.6388423413994961,0.925002059301124,0.1027774880200869
7430,0.6388513932062194,0.9249870752289352,0.10278496221763724
7431,0.6388144146076241,0.9249786512519571,0.1027971859320545
7432,0.6387937467118379,0.9249714301512536,0.10281150528670603
7433,0.6388107446829087,0.924980584308718,0.10281359037342251
7434,0.6388026664980124,0.9249665571572718,0.10282210625180306
7435,0.6387788400604869,0.9249606273231125,0.10283477641933185
7436,0.6387280379237797,0.9249631329950968,0.10299061536610181
7437,0.6387302220802065,0.9249681597112863,0.10297573415842745
7438,0.6387521889907817,0.9249763300466218,0.10297680335423563
7439,0.6387544862653387,0.9249636249061612,0.10298959903476204
7440,0.6387212192135281,0.9249486754214692,0.1029966854310325
7441,0.6387337106513207,0.9249529258405101,0.10300495748419626
7442,0.6387108440667503,0.9249446748010156,0.1030157447144573
7443,0.6386940191878682,0.9249460467717188,0.10302055761535707
7444,0.6386836233504268,0.9249519958211541,0.10303455523083042
7445,0.6386781806624641,0.9249525376919359,0.10304609853977649
7446,0.6386844916192682,0.9249365198379008,0.10305925563594522
7447,0.6386822739021751,0.9249390716265475,0.10306063018632987
7448,0.6386822739021751,0.9249390716265475,0.10305645620090283
7449,0.6387322105806714,0.9249437639969355,0.10311553423252039
7450,0.6387561871174904,0.9249643589297026,0.10310783990669443
7451,0.63875949426099,0.9249641898352743,0.10311451107638714
7452,0.6387630156321099,0.9249779018561949,0.10311856412419278
7453,0.6387634822222952,0.9249843774041913,0.10311968323650712
7454,0.6387333184913264,0.9249674794905176,0.10313281305195901
7455,0.6387303689041763,0.9249679368140853,0.10314236819806753
7456,0.6387900431215426,0.924970550091615,0.10313685347016277
7457,0.6387918779224685,0.9249780786367336,0.10314569941431435
7458,0.638795848965788,0.9249848923735868,0.10315271667483891
7459,0.6388132344357059,0.9249798425990662,0.1031644547234487
7460,0.6388132344357059,0.9249798425990662,0.10315704116840421
7461,0.6388252834812204,0.924982094629408,0.10315644548050568
7462,0.638825830172538,0.9249845464986197,0.10315403039452076
7463,0.6388390716476656,0.9249926822464585,0.10315799473438161
7464,0.6388535746003398,0.9250024743510845,0.10315037709803708
7465,0.6388699137969528,0.9250171240774717,0.10315293489081152
7466,0.63886996830978,0.9250186766717687,0.10314833694824253
7467,0.6388931436090743,0.9250233459838255,0.10314473338653883
7468,0.6388805504082666,0.9250161671567292,0.10315932996672622
7469,0.6389049540491817,0.9250207903521237,0.1031572962265532
7470,0.6389264217527756,0.9250381340601995,0.1031603627681496
7471,0.6389113031180539,0.9250455396275522,0.10317159335166261
7472,0.6389100094655615,0.9250305055956459,0.10322288062780284
7473,0.6389100067506771,0.9250328959759746,0.10323839432854913
7474,0.638905945892214,0.9250266855987863,0.10324855149391225
7475,0.6389019802225386,0.925025813225258,0.10324034121508852
7476,0.6389528691874127,0.9250277385959086,0.10325209273285242
7477,0.6389410422344244,0.925034698368859,0.10326518919742134
7478,0.6389519991958604,0.9250349942841087,0.1032654796999087
7479,0.638906900311188,0.9250227272519398,0.1032947929179141
7480,0.6389126611048125,0.925024179926802,0.10329688916389052
7481,0.638914997547373,0.9250277193806327,0.1033065955154384
7482,0.6389304087964386,0.9250270737473606,0.10330167602583436
7483,0.6389295449306729,0.9250214590437269,0.10330832288777247
7484,0.6389264860666675,0.925025974633576,0.10331517700469237
7485,0.6389192470028746,0.9250453128872959,0.1033160248132362
7486,0.6389147588914422,0.9250392562323153,0.10332819127462241
7487,0.6389304252842528,0.925035743679871,0.1033378886635721
7488,0.6389675919978436,0.9250437679791093,0.10333779657350023
7489,0.6389683224382794,0.9250440523651934,0.1033329167907866
7490,0.6389618681973671,0.9250406627905151,0.10333629508156578
7491,0.6389606856818875,0.9250413430112838,0.10334928340525429
7492,0.6389745695677943,0.9250300136845815,0.10335021003393303
7493,0.638972492056543,0.9250289491582937,0.10335732506649463
7494,0.6389904960445346,0.9250480299273157,0.10336637401245208
7495,0.6390188920611372,0.9250442944776703,0.10337119378081527
7496,0.6390414686222339,0.9250429916819607,0.1033690718010845
7497,0.6390538754580148,0.9250581102610811,0.10337472822288485
7498,0.6390492118527338,0.9250516385561399,0.10339369934461753
7499,0.639033958745153,0.925050351132651,0.10340267065025455
7500,0.6390628074226085,0.9250529259796287,0.10339137548894005
7501,0.6391079530211656,0.9250687363086836,0.10339165119398674
7502,0.6391183948554922,0.9250607504399971,0.10339649515168056
7503,0.6391130150206543,0.9250567075459365,0.10339601677777566
7504,0.6391127245252209,0.9250514464033803,0.10341163898829175
7505,0.6391025013171522,0.925050351132651,0.10340805660908728
7506,0.6391397867903718,0.9250738091415354,0.10340549428487814
7507,0.639154053572905,0.9250670030907925,0.10340705248894841
7508,0.6391294114993258,0.9250664535339003,0.10342972608995941
7509,0.6391586457205252,0.9250751349955761,0.1034318963631276
7510,0.639210720020146,0.9250949613173053,0.10343634883959472
7511,0.6391924601614812,0.9250974208726274,0.10344336134602442
7512,0.6391769869697523,0.9250854228543218,0.10345597330695128
7513,0.6392101208216376,0.9250995614543686,0.1034327993940501
7514,0.6391994052005291,0.9251023130818852,0.10343323495253433
7515,0.639203308245174,0.9251032085137446,0.10344513776552317
7516,0.6391991824713451,0.9251052645482717,0.10344717089643485
7517,0.6391854608883022,0.9251073013675227,0.1034487244493914
7518,0.6391783805434862,0.925102570566583,0.10344974094616158
7519,0.6391512566314602,0.9250927938341776,0.10345178926104445
7520,0.639173508284105,0.9250929360272198,0.10344827451979373
7521,0.639177816227431,0.9250984546544736,0.10343768418334846
7522,0.63919854235185,0.9250927477175154,0.10344317824134602
7523,0.6392013539291838,0.9251032200429101,0.10343929015837307
7524,0.6391940919812399,0.9250896655872524,0.10344785029424736
7525,0.6391932753380385,0.9251045036233438,0.10345367640277828
7526,0.6392151749508312,0.9251185269317349,0.10345368564109012
7527,0.6391971321552911,0.925116071219468,0.10346865532388265
7528,0.6391738987518175,0.9251325963567882,0.10353064544372158
7529,0.6391893812098944,0.92514220015171,0.10353473910436968
7530,0.6391854225191482,0.9251415852628795,0.10353873075001487
7531,0.6391834192921978,0.9251472576123411,0.10354203362349182
7532,0.6392168398546754,0.9251465466471307,0.10354480247657027
7533,0.6392165815729333,0.9251311859555332,0.10352423093550724
7534,0.6392092799137972,0.9251399096908163,0.1035333999029752
7535,0.639200167493906,0.925137746050744,0.10354014829188161
7536,0.6392055988106718,0.9251450132681096,0.1035430093019018
7537,0.6391962680350619,0.9251370965744167,0.10355045812668058
7538,0.6391794603800912,0.9251400019241409,0.10355430821444112
7539,0.6391610101607984,0.9251287379293768,0.10356755742552502
7540,0.6391635596353693,0.9251310706638776,0.10357923602919362
7541,0.639135475888445,0.9251252407491531,0.10358523057860948
7542,0.6391244414451157,0.9251296372042914,0.10358803281335979
7543,0.6390781687857303,0.9251255558796788,0.10360728524461184
7544,0.639068682743537,0.9251138768349542,0.1036117359695405
7545,0.6390676601872941,0.9251193262872146,0.10361669067170762
7546,0.6390342651727355,0.9251183808956377,0.10362381271514731
7547,0.6390350682633764,0.9251107024713666,0.10362807834254725
7548,0.6390306263282651,0.9251187267706049,0.1036409146129634
7549,0.6390417229954894,0.9251282460183123,0.1036432968887696
7550,0.6390708369171921,0.9251369197938779,0.10364230777948044
7551,0.6390893519928269,0.9251408358671173,0.10364134616580545
7552,0.6390942506571395,0.9251420656447783,0.10363961556677621
7553,0.6390905664050706,0.9251358437384245,0.10365914610723113
7554,0.6390958700078224,0.9251749122374937,0.1036891776228774
7555,0.6390931148402486,0.9251740206486895,0.10369611062463618
7556,0.6390944937917032,0.9251748469055554,0.10369252718405376
7557,0.6390706741165528,0.9251650893884261,0.10370711508636188
7558,0.6390416045097471,0.9251545978477553,0.10372260191150383
7559,0.6390299466317096,0.9251541328380772,0.10372373574493213
7560,0.6390299466317096,0.9251541328380772,0.10371463292943582
7561,0.6390509690525177,0.9251474689803765,0.1037117243058732
7562,0.6390558472670698,0.9251430840544038,0.10371635279669307
7563,0.6390238327685187,0.9251356362134442,0.10372915489327564
7564,0.6390243978178303,0.9251382687062498,0.10373811525651123
7565,0.6390627572203167,0.9251447942139638,0.10373701005929162
7566,0.6390975970783477,0.9251339683274914,0.1037424545339371
7567,0.6390973101779722,0.9251150797112289,0.10377001760433764
7568,0.6391072562132073,0.9251254252158023,0.10377655814115073
7569,0.639079895561983,0.9251331728150669,0.10378774612915741
7570,0.639066929723093,0.9251350366968344,0.10378709861262775
7571,0.6390644182878487,0.9251306748291929,0.10380727589842637
7572,0.6390604164316275,0.9251264244101519,0.10381442651061247
7573,0.639071181675062,0.925125156201939,0.10381647216860619
7574,0.6390524607608095,0.9251324042040288,0.10381771885520309
7575,0.6390524607608095,0.9251324042040288,0.10381578550629643
7576,0.6390589998456323,0.9251272045503557,0.1038151610981775
7577,0.6390604919248729,0.9251285880502244,0.10381933084964129
7578,0.6390610284674842,0.9251316586513217,0.10382089705722314
7579,0.6390670162070103,0.9251329806623073,0.10382381238076632
7580,0.639065498745739,0.9251352096343181,0.10382215239797393
7581,0.639123769162635,0.9251544364394373,0.1038384549492377
7582,0.6391576331766632,0.9251694896866195,0.10384880758639146
7583,0.6391920702635789,0.9251740821375725,0.10383885414463705
7584,0.6391920702635789,0.9251740821375725,0.10383302241140016
7585,0.6392050771520373,0.9251901806957665,0.1038307036533504
7586,0.639216760359986,0.9251947193439468,0.103837297608091
7587,0.639216760359986,0.9251947193439468,0.10383426909047996
7588,0.6392136602120393,0.9251819065979409,0.10383499381863102
7589,0.6392145878602905,0.9251829326936768,0.10383892955853612
7590,0.6392027799224343,0.9251825791325993,0.10385045885298884
7591,0.6392027799224343,0.9251825791325993,0.10385757345519178
7592,0.6392022462705892,0.9251747047125134,0.1038670182061732
7593,0.6392083013693776,0.9251682214784066,0.10386973406056886
7594,0.6391837164960245,0.9251706618184528,0.10387659123012685
7595,0.6391870505930378,0.9251705926434592,0.10388524161390762
7596,0.6391565025681533,0.9251734172890245,0.10390116455502599
7597,0.6391818284664071,0.925174354994491,0.10390053986603479
7598,0.6391651372513196,0.9251789205440576,0.10392134691437159
7599,0.6391570221057881,0.9251875020862986,0.103934707510851
7600,0.639134785247822,0.9251735786973425,0.10395755138870995
7601,0.6391128778878032,0.9251720645335973,0.10397016229190549
7602,0.6391144870243749,0.9251804154925268,0.10398010761012061
7603,0.6391041569397319,0.9251694089824605,0.10400854172989656
7604,0.6391023152123758,0.9251893813402868,0.10402421291034797
7605,0.639105492638949,0.9251734172890245,0.10404060705855149
7606,0.639096530779212,0.9251610272790894,0.10405370326238375
7607,0.6390986609598623,0.925155435633787,0.10404066764270609
7608,0.6391140189282505,0.9251608812429922,0.10403774759340859
7609,0.6391041865760138,0.9251605814846874,0.10403327221031641
7610,0.6391158214983552,0.9251658503133539,0.10405999370748549
7611,0.6391382341143893,0.9251668764090898,0.10406746666627861
7612,0.6391207805176501,0.9251555124948908,0.10407488374578899
7613,0.6391610194783363,0.9251627528108701,0.10407558307748373
7614,0.6391633883535189,0.9251617574595757,0.10407986010893265
7615,0.6391579743580079,0.9251685289228219,0.1041097786034521
7616,0.6391574053848283,0.9251710922406341,0.1041099733291606
7617,0.6391725974183954,0.9251676796076247,0.10410904875050415
7618,0.6392016154810531,0.9251798697786897,0.1041070982945036
7619,0.6391964849886744,0.9251840740810684,0.10414256297667644
7620,0.6392043903724517,0.9251791357551483,0.10414281577988661
7621,0.6391920669899563,0.925180680663335,0.10415077037245804
7622,0.6391671076609943,0.9251874367543603,0.10415571712228257
7623,0.6391804315070192,0.9251986469463518,0.10415328969703956
7624,0.6391375682943109,0.9251978014742098,0.10416727690791341
7625,0.6391653291005469,0.9252034891958921,0.10417466954384412
7626,0.639176016434404,0.9252193802291059,0.10417178123229236
7627,0.6391698688174602,0.925210618063271,0.10417619759755492
7628,0.6391888834589589,0.9252231233648617,0.10419487968659784
7629,0.639199042055114,0.9252227621176737,0.10419386816208209
7630,0.6392323488466889,0.9252289186920893,0.10419427914169219
7631,0.6392438301611202,0.9252213478733635,0.10419987214881876
7632,0.6392552770540619,0.9252315089112879,0.10419304845276504
7633,0.6392397124458957,0.9252279463991261,0.10420263730447142
7634,0.6392397124458957,0.9252279463991261,0.10419793824550544
7635,0.6392621922142587,0.9252301945864126,0.10419335701229418
7636,0.6392572357701564,0.9252508394788974,0.10419684409774609
7637,0.6392622983457353,0.9252544903813286,0.10420462280118957
7638,0.639277265100962,0.9252664076954752,0.10419876663091315
7639,0.6393025549731552,0.9252797085094904,0.10421283306028052
7640,0.6393017383104782,0.9252795855317242,0.1042188914868687
7641,0.6392649677111157,0.925279558630338,0.10422615392813012
7642,0.6392494616399063,0.9252828521286364,0.10423587368078299
7643,0.6392516182666683,0.9252722798838066,0.10424121555239156
7644,0.6392538740784312,0.9252896159057721,0.10424580566580434
7645,0.6392704759928824,0.9252878096698325,0.10425488291275374
7646,0.6392697988437599,0.9252941929845043,0.1042637761592957
7647,0.6392621127217231,0.9252912107736763,0.10425931829916388
7648,0.6392303731057293,0.9252799928955745,0.10424226993461416
7649,0.6392497695417242,0.9252826215453249,0.10424734253358457
7650,0.6392657181492595,0.9252886512989192,0.10424114166624474
7651,0.6392783329088655,0.9252973020161536,0.10424007196986691
7652,0.6392993558392411,0.9253048689918242,0.10423602263267046
7653,0.6392969303772266,0.9253087504775669,0.10424075441496436
7654,0.6393005220601465,0.9253022979879015,0.10423666265057108
7655,0.6392747402840193,0.9252919178958313,0.10424707927092028
7656,0.6392806253738769,0.9252993618937358,0.10426294738999482
7657,0.6392994423714068,0.9253015178476979,0.10425829513264767
7658,0.639321464822379,0.9253128740757866,0.10425421152008607
7659,0.6393351799828616,0.9253215516944072,0.1042592342778847
7660,0.6393378268362723,0.9253348294500913,0.10426341078047015
7661,0.6393517682450963,0.9253354827694737,0.10426412477849745
7662,0.6393466856146898,0.9253364396902163,0.1042667144440152
7663,0.6393466856146898,0.9253364396902163,0.10427010521748487
7664,0.6393684868832405,0.9253535451288702,0.10426566337425278
7665,0.6393532598751288,0.9253544982065576,0.10427907410268533
7666,0.6393501357981309,0.9253548594537455,0.10428249874394738
7667,0.6393704527203233,0.92535484792458,0.10429988907634738
7668,0.6393976280701461,0.9253595249227471,0.10430369271616233
7669,0.6393931608253351,0.9253581375798232,0.10430765029576658
7670,0.6394105170056418,0.925347092639205,0.10431601765627117
7671,0.6394237476528737,0.9253511470624313,0.10431978304601837
7672,0.6394086751521068,0.9253508165596849,0.10432841044148528
7673,0.6393595997369635,0.9253364012596643,0.10435068768392118
7674,0.6393532248180189,0.9253189768474295,0.1043649183751738
7675,0.6393452004765453,0.9253292685492303,0.104372760948912
7676,0.6393629338343794,0.9253311132157218,0.10436896489363261
7677,0.6393699253029612,0.925329080239526,0.10436572512175413
7678,0.6393668186424337,0.9253265860967071,0.10436945235773676
7679,0.6393566429281682,0.9253213710708132,0.10437674104726045
7680,0.6393741012278846,0.9253330232141517,0.1043912839846157
7681,0.6393685339345632,0.9253311747046049,0.10440053332974925
7682,0.6393711313050497,0.9253240074066742,0.10440652764826693
7683,0.6393433311761356,0.9253156910352414,0.10441287220953095
7684,0.6393359846639322,0.9253089272581057,0.10441763602704304
7685,0.6393539781500885,0.9253112292481649,0.10442014739837939
7686,0.6393716164587427,0.925324829820485,0.10441922782073454
7687,0.6393382544108771,0.9253121823258522,0.10446156311109112
7688,0.6393630038350577,0.9253192573904584,0.1044904041590566
7689,0.6393556744097152,0.925314857092265,0.10449797523746651
7690,0.6393542388758129,0.9253132891257472,0.1044964970330368
7691,0.6393644837198003,0.9253157794255108,0.10449701109279162
7692,0.6393635922763243,0.925318826968277,0.10460623757294685
7693,0.6393723520449366,0.9253210059805702,0.10461936692547683
7694,0.639377419419298,0.9253173512350837,0.10461993273426431
7695,0.6393394421229602,0.9253011911880067,0.10463777794766405
7696,0.6393330170608712,0.9252935089206803,0.10463911754652888
7697,0.6393147719932086,0.9252941968275594,0.10464828389368373
7698,0.6393453917699417,0.9252906919612255,0.10465064268747236
7699,0.6393461976212763,0.925289896448801,0.10465892917791676
7700,0.6393439188224717,0.9252924290221717,0.10466133975959657
7701,0.6393394143953626,0.9252840895924078,0.10467416149237464
7702,0.639360276067982,0.9252915451194779,0.104674134780892
7703,0.6393538050390086,0.9253001958367122,0.10468292838516424
7704,0.6393411747226752,0.9252959646329473,0.10468651530517932
7705,0.6393477017672246,0.9252971213925596,0.10469193801307745
7706,0.6393336210706237,0.9252940776928485,0.10469237325826573
7707,0.6393506194671036,0.925295234452461,0.10469212100368333
7708,0.6393369521903993,0.9252873869337614,0.10470291957399645
7709,0.6393385182262606,0.925292271456909,0.10470636851882077
7710,0.6393361944628647,0.9252847313826247,0.10472018203901585
7711,0.6393272816722032,0.9252764765000749,0.10472492156820157
7712,0.6393341098264236,0.92527919738315,0.10473629162379253
7713,0.639320821439419,0.9252928479151875,0.10473477959316131
7714,0.6393339557913865,0.9252998192173035,0.10473279737426687
7715,0.6393241831537386,0.925310264641312,0.10473846570489027
7716,0.6393368758575725,0.9253117595897812,0.10474199807989527
7717,0.6393509799806287,0.9253106604759966,0.10474191136416167
7718,0.6393558620141754,0.9253178508322586,0.1047458169632739
7719,0.6393818517684736,0.9253208868458592,0.10474160591844162
7720,0.6393806354258676,0.9253143767103661,0.10474426343927905
7721,0.6393854292191395,0.925313004739663,0.10474899680734025
7722,0.6393733357780244,0.9253144420423044,0.10475030168569202
7723,0.6393990182213396,0.925319672440419,0.10475426670571493
7724,0.6393946180790129,0.9253183119988815,0.1047649265179833
7725,0.6394056205611349,0.9253073977221398,0.10476996186960462
7726,0.6394127725149132,0.9253097342996957,0.10477289303622893
7727,0.6394094061267324,0.9253073554485326,0.10477363923628355
7728,0.6393986914483492,0.9253055684278689,0.10477968827031792
7729,0.6394059432154078,0.9252988046507332,0.10478638587117717
7730,0.6394022887883112,0.9253026131184272,0.10479746215248188
7731,0.6393986661083881,0.9253015716504706,0.10479676535678073
7732,0.6394142699114699,0.9253113291675998,0.1047998305747914
7733,0.6394267542938958,0.9253074476818572,0.10480739631871908
7734,0.639416917654805,0.9253124974563779,0.10481161897642975
7735,0.6394408674167753,0.9253209790791839,0.10480440127381982
7736,0.6394385292070218,0.9253185310530273,0.10480759954108952
7737,0.6394489963116229,0.925313266067416,0.10481984926377043
7738,0.6394394600822269,0.9253171975128761,0.10483096839239538
7739,0.6394845178458167,0.9253353367333765,0.10482476431444171
7740,0.639482784854018,0.9253474116127859,0.10482728090411422
7741,0.6394893904129167,0.9253428383771088,0.10483327508252474
7742,0.6394893904129167,0.9253428383771088,0.10482883694338344
7743,0.639509868973722,0.9253523653109267,0.10482923055191648
7744,0.6395545686743761,0.9253742937838452,0.10482620066811424
7745,0.6395327970568108,0.9253727680909344,0.10481342742942207
7746,0.6394983238593442,0.9253548786690214,0.10484300795427354
7747,0.6395048611332743,0.9253548363954144,0.10485356635270054
7748,0.6395140628687838,0.9253574419868337,0.10485485607458624
7749,0.6395115448690706,0.9253553090912029,0.10485787938854232
7750,0.6394970748614015,0.9253424502285346,0.10487038083756467
7751,0.6395089097025071,0.9253414856216817,0.10487059283844251
7752,0.6395258288735418,0.9253552706606509,0.10487179079067142
7753,0.639505760851476,0.9253408515175753,0.10488014952244389
7754,0.639495955355606,0.9253492024765048,0.10489159848713465
7755,0.6394940619098524,0.9253487105654403,0.10488577623765268
7756,0.63948935277503,0.9253345719653935,0.10491137313811565
7757,0.6395001508545474,0.9253402904315173,0.10490676305833681
7758,0.639490218859368,0.925326520764769,0.10491570600263873
7759,0.6395227713091561,0.9253478535641327,0.10488283790962018
7760,0.6394937392327102,0.9253451057796714,0.10488696337926977
7761,0.6395036596542087,0.9253383727469772,0.10488504359296554
7762,0.6395124805663317,0.9253348525084225,0.10488230567632378
7763,0.6395146204817251,0.9253356249625158,0.10488608298801641
7764,0.6395148883597321,0.9253301140213722,0.10489220253777833
7765,0.6395070438981857,0.9253297028144668,0.1048871921580597
7766,0.6395133447367494,0.9253308326726929,0.10488351183306646
7767,0.6395167240647717,0.9253341915029296,0.10487870375280756
7768,0.6395771357980296,0.9253473962405651,0.10487564032126978
7769,0.6395722925770071,0.9253519387318005,0.1048570166057752
7770,0.6395408817749175,0.9253600437351979,0.10486432354205737
7771,0.6395484858537834,0.9253529110247638,0.10487048211530359
7772,0.63957167053149,0.9253569462327141,0.1048751357430671
7773,0.6395480403468968,0.9253499903028188,0.10488325373249965
7774,0.6395362080577486,0.9253450250755124,0.10489342713905182
7775,0.6395559890771928,0.9253496175264654,0.10489408620289624
7776,0.6395517792706947,0.9253553436786995,0.10492118376501632
7777,0.6395712163486359,0.9253635332293111,0.10492052988273992
7778,0.6395620841508277,0.9253659927846332,0.10492279941385362
7779,0.6395426135245219,0.9253652818194228,0.10493450671156206
7780,0.6395353496330425,0.9253648129666896,0.10493801648592636
7781,0.6395338034142058,0.9253543175829636,0.10495272429126011
7782,0.6395244180755795,0.9253570730535354,0.10495431317917177
7783,0.639513240722846,0.925352592051183,0.10496634814018496
7784,0.6395118058860535,0.9253494215306506,0.10497651199017802
7785,0.6395547036160146,0.9253452056991064,0.10498413056680607
7786,0.6395402110081255,0.9253448867255255,0.10497921251102207
7787,0.6395393854822321,0.925345501614356,0.10498156047000191
7788,0.6395529755179312,0.9253472194600263,0.1049749433766935
7789,0.6395327793745595,0.9253432149965175,0.10498271133430043
7790,0.6395347106929414,0.92532886118538,0.10499222812955673
7791,0.6395440413784049,0.9253345181626209,0.10499709800072465
7792,0.6395478350010811,0.9253334497932778,0.10499909457758266
7793,0.6395465341730517,0.925328738207614,0.10500987019437148
7794,0.6395456468318196,0.9253283884895916,0.10500069270151519
7795,0.6395944615868143,0.9253417277341587,0.10496537589914012
7796,0.6396070241426018,0.9253448175505321,0.10497354205122636
7797,0.6396009445986512,0.9253394910760377,0.10497291900734566
7798,0.639570102780234,0.9253376195081598,0.10498443535795862
7799,0.6395598143399137,0.9253292954506166,0.10499028180424957
7800,0.6395532308044753,0.925315079989466,0.10500667266368983
7801,0.6395770494272008,0.9253247414302156,0.10499908954591439
7802,0.6396073585888794,0.9253257214092893,0.1050208792476376
7803,0.639600365713357,0.925324449358021,0.10502287529542982
7804,0.639602475702892,0.9253196647543086,0.10503052808409255
7805,0.6395903611840338,0.9253183389002678,0.10504984926851949
7806,0.6395903611840338,0.9253183389002678,0.10504453746255987
7807,0.6395812249444507,0.9253151760658458,0.10504291543269226
7808,0.639558038708903,0.9252970983342285,0.10504909023813909
7809,0.6395658474674473,0.9252970906481182,0.10504928327940523
7810,0.6395991159148873,0.9253018483504443,0.10505233351964247
7811,0.6395876627928456,0.9253065061333354,0.10506167599498917
7812,0.6395790587434937,0.9253023786920606,0.10506348011881082
7813,0.6395571554760651,0.9252937510331574,0.10507489689478922
7814,0.6395630713661363,0.9252950999455293,0.10507492117224373
7815,0.639566922237197,0.9252918679361138,0.1050811682984695
7816,0.6395679929526432,0.9252877673962253,0.10508439422939676
7817,0.6395577575722434,0.9252788937817898,0.10509900920891407
7818,0.6395765265529381,0.9252907342348327,0.105113559489948
7819,0.6395890362341773,0.9252952844121785,0.10512684182039744
7820,0.6395881603589058,0.9253082931539992,0.10512370259168186
7821,0.6395564971666513,0.9252913183792216,0.10513637679861154
7822,0.6395755394263817,0.925296948455076,0.1051380440307717
7823,0.6395828329064067,0.9252923713763439,0.10514919364299899
7824,0.6395951101893276,0.9253025939031513,0.10516533881664401
7825,0.6396001299851966,0.9252987508479605,0.10516654881336818
7826,0.6395827414328078,0.9252911723431243,0.10517668754969008
7827,0.6395747696801223,0.9252919832277696,0.10516771823720039
7828,0.639555738182416,0.9252833209813697,0.10519683419756125
7829,0.6395356031896844,0.9252803426135968,0.1052100407422643
7830,0.6395506950066625,0.9253102069954842,0.10522846469938005
7831,0.6395395364290309,0.9253069250263513,0.10525713458350841
7832,0.6395391711813986,0.9253013333810487,0.1052623392648517
7833,0.6395577888478842,0.9252945350164162,0.1052685701426591
7834,0.6395767445312603,0.9253081624901227,0.10527165101604889
7835,0.6395646863999979,0.9253011527574547,0.10528258402114644
7836,0.6395879855023309,0.9253025823739857,0.10536485852860084
7837,0.6395882615070685,0.9253024094365021,0.10536066655602867
7838,0.6395882479715089,0.9252983550132758,0.10537381899611334
7839,0.6395646116163374,0.9252789129970659,0.10539673302104202
7840,0.6395603579639988,0.9252769914694705,0.10540126942981524
7841,0.6395270680146303,0.9252680602092072,0.10540578294515542
7842,0.6395318255084579,0.9252603971571568,0.1054103829093256
7843,0.6395432506144256,0.9252692553993714,0.10540274331425388
7844,0.6395450637365134,0.9252772566402786,0.10540091300946493
7845,0.6394854194231209,0.925250931712222,0.10543503839069314
7846,0.6395138121454595,0.9252463315751587,0.10543382054792304
7847,0.6395148274157526,0.9252484759999551,0.10544475564916789
7848,0.6395302009103889,0.9252419697075172,0.10544267524235458
7849,0.6395399907566457,0.9252513237038514,0.1054448959239141
7850,0.6395419295460659,0.9252437567281808,0.1054617948090793
7851,0.639520361079439,0.9252381151231608,0.10548305638517863
7852,0.639520253965492,0.9252453554391402,0.10548062604407435
7853,0.6395266656548428,0.9252462816154412,0.10547752140681713
7854,0.6395361371018955,0.9252495981720708,0.10548229257619897
7855,0.6395579488818985,0.9252243569855779,0.1055442569419251
7856,0.6395618154978081,0.925220248759579,0.10554696210507175
7857,0.6395905415221973,0.9252375501940477,0.10554082828652206
7858,0.6396057601358696,0.9252424731477471,0.10554622317473511
7859,0.6396362376337157,0.9252523536426426,0.10553916496144644
7860,0.639666950421483,0.925248675838825,0.105545654537992
7861,0.6396638035148595,0.9252445752989364,0.10554214019684152
7862,0.6396489220313445,0.9252312475835349,0.10555455617362716
7863,0.6396448654713653,0.9252313820904666,0.10555354979181868
7864,0.6396600117261267,0.9252253984535346,0.10554485004156507
7865,0.6396564930686082,0.925229779536452,0.10555034831431645
7866,0.6396135392157934,0.9252291377462352,0.1056250446298428
7867,0.6395919482595115,0.9252298832989422,0.10563129419487095
7868,0.6396018955536068,0.9252291415892904,0.10563234711865242
7869,0.639638288312129,0.9252281193366096,0.10564389434528064
7870,0.639642636247981,0.9252403940548889,0.1056718020458572
7871,0.6396469303154949,0.9252507933622351,0.10567332413978774
7872,0.6396469303154949,0.9252507933622351,0.1056663545621455
7873,0.6396532742285415,0.9252506319539171,0.10566669302404462
7874,0.6396656037863715,0.9252524420329119,0.10567035365785954
7875,0.6396814212122258,0.9252444984378326,0.10567165614888455
7876,0.6396814212122258,0.9252444984378326,0.10567911198926652
7877,0.6396998429682048,0.9252516887940946,0.10567816496315514
7878,0.63970946810189,0.9252420004519587,0.10568696245220932
7879,0.6397223139427296,0.9252424885199679,0.10568406688411539
7880,0.6397046394524928,0.9252305981072076,0.10569711892493255
7881,0.639724342471278,0.9252275544074966,0.1057027413689138
7882,0.6397227818417762,0.9252297218906242,0.10570642691300362
7883,0.6397188658023037,0.925224964188298,0.10571216276140324
7884,0.6397123935078968,0.9252262054951247,0.10571164658876533
7885,0.6396864423213071,0.9252229542704333,0.1057234138042965
7886,0.6396780642581048,0.9252298909850526,0.1057303950415592
7887,0.6397055187025219,0.9252306557530355,0.1057504620305046
7888,0.6397034161014858,0.9252359322678124,0.10575074336078319
7889,0.6397191568337789,0.9252441794642519,0.10575409238661587
7890,0.6397385538843754,0.9252454130849681,0.10575849545720632
7891,0.6397196455751056,0.9252496711901194,0.10579341294378605
7892,0.6397451990958978,0.9252432840323924,0.10578774476559047
7893,0.6397638362473321,0.9252434954004278,0.105784673381523
7894,0.639760743556934,0.9252455552780101,0.1057906952248403
7895,0.6397590929604307,0.9252444215767288,0.105799746925239
7896,0.6397643300047765,0.925237534821827,0.10581513599962429
7897,0.6397488686018724,0.9252334957708215,0.10582041766875905
7898,0.6397686325009683,0.9252449711336211,0.10581348270560799
7899,0.6397777318138158,0.9252449019586276,0.10580897372813008
7900,0.6398342187647845,0.9252533989536544,0.10581684725990598
7901,0.639822190629966,0.9252558008631486,0.10581069199722253
7902,0.6398191736811605,0.9252477996222415,0.10582007329371064
7903,0.6398191736811605,0.9252477996222415,0.10581727520779267
7904,0.6397988035746647,0.9252397637938377,0.10582476180519025
7905,0.6397939421895661,0.9252393564299874,0.1058290150739529
7906,0.6397980108128387,0.9252479226000077,0.10582912641973552
7907,0.6398176854733668,0.9252500747109145,0.10582689890578223
7908,0.6397945024141684,0.9252324735181408,0.10582310347003972
7909,0.6397752519949843,0.9252290493559658,0.10583913931326343
7910,0.639792884290286,0.9252345257096126,0.10583715313725958
7911,0.6398064009024813,0.9252528378675966,0.10583242191719472
7912,0.6398032425162211,0.9252564580255863,0.10583622380296707
7913,0.6398051613720408,0.9252685521202716,0.10583670943377728
7914,0.6398235548483502,0.9252613041181819,0.10584106172729328
7915,0.6397993136170016,0.9252556778853825,0.10584971243003093
7916,0.639800264849449,0.9252524305037464,0.10589788958642725
7917,0.6397833244671939,0.925255143700711,0.1058936883154707
7918,0.6397492167693044,0.9252507895191799,0.10591010963091292
7919,0.6397437775900924,0.9252454553585752,0.10590658639022409
7920,0.6397479602301059,0.9252436068490284,0.10591739843821488
7921,0.6397669395085136,0.9252424539324712,0.10592555366388932
7922,0.6397456494093229,0.9252407437729113,0.10593204521404374
7923,0.6397301350742997,0.925245351596085,0.10595278605517586
7924,0.6397371883530698,0.9252375924676549,0.10597132121637225
7925,0.63975760620061,0.9252325273209134,0.10598383598588931
7926,0.6397359399574685,0.925223592217595,0.10598600769230135
7927,0.6397578212726566,0.9252258250326608,0.10598468803496149
7928,0.639749262528386,0.9252149684017469,0.10601096998812345
7929,0.6397446736892336,0.9252110292701764,0.10601244539050014
7930,0.6397701323354948,0.9252128278200057,0.10601525538291987
7931,0.6397687550306841,0.9252107064535403,0.10600196860653216
7932,0.6397624569291184,0.9252163442155051,0.10600768546223105
7933,0.639779774987911,0.925220490872056,0.10600332931216984
7934,0.639802514806167,0.9252416622631019,0.10603733293261872
7935,0.6398232962061989,0.9252581835573669,0.1060312598522439
7936,0.6398268228197368,0.9252613387056785,0.10603441573079045
7937,0.6398439969832083,0.9252610543195944,0.10606189213604084
7938,0.6398352484992211,0.9252676374731362,0.10606318099144463
7939,0.639830108179423,0.9252723221574137,0.10607317495956994
7940,0.6398291708414934,0.9252789129970659,0.1060895597980366
7941,0.6398119113964756,0.9252706043117435,0.10612134365030863
7942,0.6397757632129081,0.9252595170975181,0.10614415473286004
7943,0.6397877203948886,0.9252684368286158,0.10614273277596127
7944,0.6397731024845708,0.9252558661950869,0.10615103147698239
7945,0.6397597134097586,0.9252492177096069,0.10615607006407296
7946,0.6397753573340661,0.9252531606842326,0.10616439209679122
7947,0.6397644732577321,0.9252581220684839,0.10616607662483415
7948,0.6397607092127923,0.9252562428144956,0.10619931647138903
7949,0.639780725006334,0.9252639442970979,0.10620513862132655
7950,0.6397300938358765,0.9252728947726371,0.10622405437517725
7951,0.6397303308602272,0.9252708079936686,0.10622772192232213
7952,0.6397382472161346,0.9252767724153246,0.10623092758723458
7953,0.6397405913810417,0.925276115252887,0.10622811095636851
7954,0.6397405913810417,0.925276115252887,0.10622715542154225
7955,0.63973003368911,0.9252718571477356,0.10623744327923007
7956,0.6397290670591566,0.9252641172345815,0.1062405110897964
7957,0.6397359481791016,0.9252693706910272,0.106237180797283
7958,0.6397648907600509,0.925267068700968,0.10624160037757169
7959,0.6397576639784168,0.925268540591106,0.10626181852643024
7960,0.6397608506817724,0.9252691593229917,0.10625382822966738
7961,0.6397706155689253,0.9252651202719863,0.10625833124045989
7962,0.6397759324969967,0.925254840099351,0.1062526747347573
7963,0.6397934906674159,0.9252605969960267,0.10626112221787709
7964,0.6398297305976397,0.9252785901804298,0.1062600848310601
7965,0.6398253561191506,0.9252852809395169,0.10625699832517692
7966,0.639836440856442,0.9252912184597867,0.10625979138445898
7967,0.6398205259013874,0.9252921945958051,0.10626939005314807
7968,0.6397955969073229,0.9252838167354892,0.10628341265198922
7969,0.6398270393509811,0.9252995886339921,0.10628408942914609
7970,0.6398427430720242,0.9252964680731772,0.10628679835827169
7971,0.63981207214098,0.9252954535066068,0.10630468017556076
7972,0.6397954762698855,0.9252728448129196,0.1063286363968836
7973,0.6398050949767224,0.9252917219000166,0.1063286292927119
7974,0.6398058703758001,0.9252903653015343,0.10633643294744415
7975,0.6398131405225954,0.92530146020187,0.10633312602670064
7976,0.639803380481935,0.9253022211267977,0.10635049962647458
7977,0.6398296506192397,0.9253038121516467,0.10636331453346996
7978,0.6398414355344011,0.9253066214249912,0.10636889187746994
7979,0.6398649190032067,0.9253131738340914,0.10637372898771695
7980,0.6398567153291724,0.9253037429766533,0.10637804661647289
7981,0.6398745112785234,0.9252932475929274,0.10636498100321273
7982,0.6398877027035892,0.9252977247522246,0.1063627860546626
7983,0.6398617545658649,0.9252939700873032,0.10636985075109436
7984,0.6399126328984148,0.9253106489468311,0.106360346063002
7985,0.6398798456551764,0.9253004072047477,0.10638227105536825
7986,0.6398779631909836,0.9253012911074416,0.10638672967585938
7987,0.6398770415024772,0.9253156987213518,0.10638100529341386
7988,0.639893727782211,0.9253111024273436,0.10637216496773608
7989,0.6398863813092249,0.9253164135296172,0.1063703737308394
7990,0.6398836597524437,0.9253023517906742,0.10638397736366485
7991,0.6398780664051975,0.9252962989787488,0.10638460546376731
7992,0.6398854582547794,0.9253002650117057,0.10639077278469417
7993,0.6398854582547794,0.9253002650117057,0.10637917767025779
7994,0.6398888776727593,0.9252942775317184,0.10638732770922199
7995,0.6398787821674793,0.9252917219000166,0.1064007983693597
7996,0.6398882151749373,0.9253039505016336,0.10640316813244713
7997,0.6398768367583167,0.9253108718440322,0.10642054767186461
7998,0.6398724090508459,0.9253057836389595,0.10641971753712723
7999,0.6398906614917927,0.9253145304325737,0.10642924007033826
8000,0.639887707533904,0.925323038956766,0.10643928782290898
8001,0.6399094632198409,0.9253298219491778,0.10644198637997217
8002,0.6399295147393367,0.9253429267673783,0.10644729220860435
8003,0.6399208699340676,0.9253366087846446,0.10645966509772523
8004,0.6399131724602206,0.925334522005676,0.10646316021838234
8005,0.6399389106095885,0.925336616470755,0.10647620762788812
8006,0.6399385655079965,0.925336797094349,0.10647739781781008
8007,0.639948340218036,0.9253271663980409,0.10649908464206759
8008,0.6399477668021838,0.9253168093643018,0.10651667405640741
8009,0.6399692133903667,0.9253325351461424,0.10650688095043111
8010,0.639972568201223,0.9253235577692168,0.10653655315935491
8011,0.6399951122592189,0.9253336842196445,0.10652942799556953
8012,0.6400051829860414,0.9253407016384227,0.10653487672802021
8013,0.6399820551678338,0.9253262978675678,0.10654331785428647
8014,0.6399833619134375,0.9253278235604786,0.10655266706948407
8015,0.6399868928714771,0.9253281194757282,0.10655958176954756
8016,0.6399670871516692,0.9253172897462008,0.1065737227432289
8017,0.6400025406631015,0.9253109064315289,0.10657578571026603
8018,0.6400165637330811,0.9253139578173504,0.10658274144544386
8019,0.6399787763489124,0.9253144574145251,0.10661488635998148
8020,0.6400122170557982,0.9253144689436907,0.10661776816643302
8021,0.6400079021107341,0.9253214978916345,0.10662520644580982
8022,0.6400060467933154,0.9253221588971274,0.10663432412285725
8023,0.6400200270101222,0.9253060987694852,0.10664761150984933
8024,0.6400513590236873,0.9253127856855171,0.10664805571585156
8025,0.6400505710458447,0.9253280618299004,0.10663339052032249
8026,0.6400569566995704,0.9253269511869503,0.10663354190649625
8027,0.6400532639968891,0.9253303984074563,0.1066351438072176
8028,0.6400419127603276,0.92532321958036,0.10664926786544189
8029,0.640055800445871,0.9253308288296377,0.10664747208369911
8030,0.6400478501888202,0.9253315628531792,0.10664851744193118
8031,0.64002227494262,0.9253304137796772,0.1066531716911013
8032,0.6400083902117565,0.9253464354767674,0.10666074008315186
8033,0.6400037444634223,0.9253402404717999,0.1066683035502252
8034,0.6399929612494047,0.9253397331885147,0.10667597754293733
8035,0.6400188732418957,0.9253245953941184,0.10670527452427957
8036,0.6400384367354547,0.9253269204425087,0.1067040314129519
8037,0.6400402492640981,0.9253277044257676,0.10669543943887941
8038,0.6400294967666379,0.9253490295390211,0.10669895778847564
8039,0.6400258197054373,0.925352691970618,0.10669751594451124
8040,0.6400342329531725,0.9253540255107692,0.10670092699020749
8041,0.6400447592659227,0.9253613273156316,0.10670017614376309
8042,0.6400425402994857,0.9253569616049349,0.10669644812038821
8043,0.6400308005074691,0.9253416355008341,0.10670660959215139
8044,0.6400407188892101,0.9253460896018002,0.10671035632781524
8045,0.6400245395284436,0.9253480149724508,0.10670916888154647
8046,0.6400155311856963,0.9253360707569179,0.1067127462377703
8047,0.6400148492661515,0.9253256983509581,0.10672152958626924
8048,0.6400240241300247,0.9253267590341907,0.10672547152318058
8049,0.6400137538122269,0.9253201874098146,0.10672663947866073
8050,0.640006877647831,0.9253288842437112,0.10672294164793161
8051,0.6400162572468331,0.9253441181144874,0.10672946420142612
8052,0.6399953565612052,0.9253267244466941,0.10674832930751425
8053,0.6399705299422206,0.9253225854762536,0.10676472979608431
8054,0.6399597096478813,0.9253020558754246,0.10680817128009204
8055,0.6399597096478813,0.9253020558754246,0.10680346878186969
8056,0.6399532992127144,0.9252963412523559,0.10680579077635359
8057,0.6399601526322962,0.9252992273868041,0.10682303932434264
8058,0.6399807486317324,0.9253058182264563,0.10682545017810727
8059,0.639960918208278,0.9252894890849508,0.10684834582866942
8060,0.6399548817492046,0.9253000651728358,0.10687109286703632
8061,0.6399631596591564,0.9253033586711342,0.10686690317434314
8062,0.6399656523828708,0.9252953574302271,0.10687331150813961
8063,0.6399342310619385,0.9252835361924603,0.10689437818457058
8064,0.6399546345747472,0.9252853116839584,0.10689846932343382
8065,0.6399758751109635,0.9252772989138858,0.1069031992028982
8066,0.639983552794274,0.9252729831629065,0.10689822361271858
8067,0.639983552794274,0.9252729831629065,0.106894665881617
8068,0.6399781395976415,0.9252860418644447,0.10690056932798304
8069,0.6399981867987924,0.9252907995667708,0.10689909574343628
8070,0.6399981867987924,0.9252907995667708,0.10689101293494815
8071,0.6399874374108139,0.925287379247651,0.10689820113451674
8072,0.6399673476620086,0.9252851733339715,0.10690702604364495
8073,0.6399544602404917,0.9252896773946552,0.10691123439721352
8074,0.6399527069899458,0.9252893545780191,0.10691972963585823
8075,0.6399612137799157,0.9252927748971389,0.10691859980927207
8076,0.6399683106203891,0.9253034009447413,0.10691341691451639
8077,0.6399775359739336,0.9253002650117057,0.10692645944126762
8078,0.6399624616821323,0.9252843816646023,0.10693908141782425
8079,0.6399461293803675,0.9252707964645029,0.10695600961155459
8080,0.6399457736446597,0.9252613348626233,0.10696953648984088
8081,0.6399346219658607,0.9252644400512174,0.10697355568700903
8082,0.6399188811065187,0.9252574956504878,0.10698165944622753
8083,0.6399151582203411,0.9252537102411249,0.10698479232531817
8084,0.6399089804143456,0.9252434684990415,0.10698954245920389
8085,0.6399052982042095,0.925239187335559,0.10699502995662113
8086,0.6399139393710391,0.9252350598942841,0.10700751779967296
8087,0.639896370141033,0.9252335534166494,0.10702549355113881
8088,0.6398793447802067,0.9252373580412883,0.10703080848972614
8089,0.6398606175259477,0.925239871399383,0.10705079992873077
8090,0.639892386825667,0.9252448981155725,0.10705981993212907
8091,0.6398914944343119,0.925242492363023,0.10706229683159359
8092,0.6399119803852082,0.9252467005084569,0.10705368940677168
8093,0.6399662529553999,0.9252580528934904,0.10703630553246724
8094,0.6399629406706207,0.9252501092984111,0.10704345961888259
8095,0.6399477267332409,0.9252374310593369,0.10704319813649028
8096,0.6399216301492362,0.9252218128830416,0.1070583867093634
8097,0.6399343507632975,0.925220813688692,0.10705481768489694
8098,0.6399316925689683,0.9252150222045196,0.10705524898399098
8099,0.6399326889265912,0.925210437439677,0.10706141660664906
8100,0.6399495200444628,0.9252120861103539,0.10706185255819904
8101,0.639945639500047,0.9252025937640327,0.10706401626377679
8102,0.6399361303506056,0.9251950882772452,0.10707966611516183
8103,0.6399125781162829,0.9251818143646162,0.10709335189310812
8104,0.6399284681839784,0.9251739745320271,0.10710006276958636
8105,0.6399389558510686,0.9251697702296484,0.10710511861906236
8106,0.6399520557024004,0.9251998459795713,0.10711012702792035
8107,0.6399505285374588,0.9252053761359907,0.10711760289515435
8108,0.639970349896767,0.9252117786659386,0.10712111390004293
8109,0.6399756725666457,0.9252125780214182,0.10711415152192459
8110,0.6399687605291469,0.9252083391315429,0.10711821332950866
8111,0.6399902805271594,0.9252091423300777,0.10711448228584436
8112,0.6399784270449965,0.9252071285691578,0.10711512177013043
8113,0.6399793493101886,0.9252167208349139,0.10714921071831685
8114,0.6399895088836934,0.9252154641558665,0.10714856951086124
8115,0.6400060008792061,0.9252254291979761,0.10715608588650105
8116,0.6400074049810096,0.9252255060590799,0.10715383286814427
8117,0.6400208696071972,0.9252197068887971,0.10716501003309034
8118,0.6400219984710506,0.9252163672738364,0.10716810539924604
8119,0.6400224295824174,0.9252132813005182,0.10716405026414486
8120,0.6400396310427469,0.925217950612575,0.10716116939532183
8121,0.6400262800114979,0.9252216899052755,0.10716530468026275
8122,0.6399963410215339,0.9252165325252095,0.10717182643133888
8123,0.6399963410215339,0.9252165325252095,0.10716747163488852
8124,0.6399963410215339,0.9252165325252095,0.10716500414393428
8125,0.6399865893120923,0.9252292722531669,0.10717884365841403
8126,0.6399950674302594,0.9252373887857298,0.1071824380381318
8127,0.640002112822064,0.9252370928704801,0.10718517820254729
8128,0.6399958820487356,0.9252429881171427,0.10718397942595674
8129,0.63998403454642,0.9252449403891796,0.10718402713393214
8130,0.639975840649846,0.9252442755406316,0.10717635182737448
8131,0.6399857186029233,0.9252507549316832,0.10717893991328943
8132,0.6400000851404516,0.9252535449897517,0.10717733841398895
8133,0.640001192830353,0.9252492177096069,0.10718449008834327
8134,0.6400186089067106,0.9252634946596405,0.1072056814173204
8135,0.6400292019579916,0.9252629451027483,0.10720079695821863
8136,0.6400227404520386,0.9252657351608168,0.10720239016987751
8137,0.6400252361661747,0.9252603126099426,0.10722247401123634
8138,0.6400321419875649,0.9252606123682475,0.10721998587320346
8139,0.6400288451482009,0.9252574918074326,0.107222271855539
8140,0.6400098289068877,0.9252538140036151,0.10723146982965472
8141,0.6400154406228846,0.9252476766444754,0.10722699113607612
8142,0.6400088969035295,0.9252485528610589,0.10722554016317869
8143,0.6399674458628655,0.9252409512978916,0.10724123080247062
8144,0.6399795056079792,0.9252517694982536,0.10725043756309117
8145,0.6400094808887866,0.9252578953282277,0.10725029368099546
8146,0.6400042406524075,0.9252593864336416,0.10724764072201289
8147,0.6400001577924246,0.925255950742301,0.10725141436386514
8148,0.6400001402312502,0.9252667458843319,0.10725425526621499
8149,0.6399902960029513,0.9252640595887536,0.10725829273950262
8150,0.6399947955841505,0.9252651318011518,0.10725436638451344
8151,0.6399925386546995,0.9252659772732937,0.10724237393266564
8152,0.6400000707069073,0.9252685367480508,0.1072455361671651
8153,0.639998125232879,0.9252671417190166,0.10724280370543571
8154,0.6399854372119885,0.9252812495746219,0.10724875739044823
8155,0.6399955670353035,0.9252806731163432,0.10724464728497553
8156,0.6400024781968505,0.9252866298518889,0.10724724331884675
8157,0.6400111115271618,0.9252850695714815,0.10724800268691938
8158,0.640022550078887,0.9252785363776571,0.10724903018276152
8159,0.640035026144254,0.9252849734951016,0.10724897461251154
8160,0.6400450458055748,0.9252919486402729,0.1072547749401764
8161,0.6400588660057122,0.925286007276948,0.10726112760966025
8162,0.6400599876039428,0.9252880863698062,0.10725970629183605
8163,0.6400390419489935,0.9252738247919933,0.10727504492344803
8164,0.6400649773639863,0.9252787477456926,0.10727508041948935
8165,0.640030479767127,0.9252552628354219,0.10731069087241037
8166,0.6400295550035253,0.9252713690797264,0.10730640194819695
8167,0.6400481961642133,0.9252795701595035,0.10732077002187076
8168,0.6400710034199678,0.9252868220046484,0.10731702733488072
8169,0.6400769854706464,0.9252987700632365,0.10731873181391305
8170,0.6400922835053486,0.9252977362813901,0.10731513056957954
8171,0.6400915511024585,0.9252856921464223,0.10732856604400717
8172,0.6401045129269597,0.9252915105319811,0.10732932119359334
8173,0.6401072799575728,0.9252970752758973,0.10733244791466444
8174,0.6401126861882347,0.9252957955385188,0.1073347990268351
8175,0.6401139579596932,0.9253084161317653,0.10734381495187283
8176,0.6401336887415038,0.925302709194807,0.1073585385256759
8177,0.6401564124958296,0.9252967985759236,0.10736130214196102
8178,0.6401321982647785,0.9252938547956475,0.10737357228929137
8179,0.6401347898639307,0.9252955956996489,0.10737799283399661
8180,0.6401464524397317,0.9253019597990448,0.10738535477543454
8181,0.6401478275528768,0.9252917680166789,0.10739039734129456
8182,0.6401578267280711,0.9252881709170204,0.10739048690841546
8183,0.6401663091524561,0.9252839051257586,0.10739418542466934
8184,0.6401870345236949,0.9252865837352265,0.10739349258664888
8185,0.6401975255705055,0.9252888703530651,0.1073962161683024
8186,0.6401895840932446,0.925287640575404,0.10739284307553756
8187,0.6401861946025229,0.9252900617001742,0.10739384642553494
8188,0.6402136110712809,0.9253045538612985,0.10740121092527556
8189,0.6402289128858998,0.9253048958932105,0.10740716593752597
8190,0.6402384909020461,0.9253079588081976,0.10741254456153307
8191,0.640251692159665,0.9253112676787169,0.10740364912166726
8192,0.6402268597226325,0.925309761201082,0.10742231409349169
8193,0.6402539704284426,0.9253128241160691,0.10742693737337812
8194,0.6402386157595955,0.925304058107179,0.10744347426557287
8195,0.6402399185978248,0.9252976940077831,0.10744079272709371
8196,0.640228863798011,0.9252943274914359,0.1074469154753245
8197,0.6402165056842849,0.9252841971979532,0.1074491476534783
8198,0.6402183462684232,0.9252820104995496,0.10745055606879349
8199,0.6402509841318605,0.9252924751388341,0.10744566397602547
8200,0.6402455173427481,0.9252964142704045,0.10744295196986806
8201,0.6402471371522239,0.9252852578811858,0.10744631072923183
8202,0.6402532810682755,0.9253046537807336,0.10745324466217647
8203,0.640245507191688,0.925298758534071,0.10745601818014393
8204,0.6402063307159263,0.9252787477456926,0.1074614741845848
8205,0.6402176330000402,0.9252748355155085,0.10746753934723081
8206,0.6401698509749988,0.9252614808987206,0.10748682954244337
8207,0.6401604725785417,0.9252667881579391,0.10749870832571597
8208,0.6401572331689328,0.9252659234705211,0.10750694569065788
8209,0.6401709300449504,0.9252739746711457,0.10752003250787837
8210,0.6401648284238929,0.9252770299000224,0.10752780833745947
8211,0.6401772580204982,0.9252824293925654,0.10751944835522842
8212,0.6401844206781615,0.9252827637383669,0.1075358013824287
8213,0.6401871615562204,0.9252783134804561,0.1075505549951216
8214,0.6401999342397575,0.9252671148176302,0.10755437611316578
8215,0.6401983000730679,0.9252759576876242,0.10756329037059957
8216,0.6401925497249719,0.9252669034495947,0.10755105345223015
8217,0.6401911144348172,0.9252556394548307,0.10755723618534863
8218,0.6401842970010465,0.9252500516525833,0.10755634838115395
8219,0.6402122379265301,0.9252376539565379,0.10755774105174881
8220,0.6401794593386121,0.9252448712141862,0.10756394142714651
8221,0.6401740672534855,0.9252358592497638,0.10756377572004291
8222,0.6401863205066511,0.9252436491226355,0.10756827652225955
8223,0.6401900445060299,0.9252445330253294,0.10756957595982082
8224,0.6401978506804675,0.925252584225954,0.10757135125675284
8225,0.6402173247945707,0.9252569268783195,0.10757238578975153
8226,0.6402243109956198,0.925257218950514,0.10757044535105761
8227,0.6402191255569425,0.9252528647689829,0.1075790253485463
8228,0.6402169089024002,0.9252511815108093,0.10757867290944528
8229,0.6402358795315631,0.925241362504797,0.10758856979482607
8230,0.6402647087385596,0.9252438528045606,0.1075962127841278
8231,0.6402379388836719,0.9252454668877407,0.10760330047368108
8232,0.6402540685112161,0.9252498518137133,0.10760673319759931
8233,0.6402614618174234,0.925263625323517,0.10761573682157065
8234,0.6402501222903344,0.9252686405105409,0.10761586560667016
8235,0.6402371940180402,0.9252617268542528,0.10762112978149739
8236,0.6402527527641971,0.9252531722133982,0.10763349070523247
8237,0.6402383567408375,0.9252487373277081,0.10763346310645311
8238,0.6402383820080105,0.9252614962709413,0.10764616209557445
8239,0.640235306896389,0.925263221802722,0.10764773112481274
8240,0.6402385906969373,0.9252628567124789,0.10764656373688436
8241,0.6402007637675784,0.9252420388825106,0.10766975599306429
8242,0.6402084005693932,0.9252353596525891,0.10769589238948347
8243,0.6401939747847928,0.9252167054626931,0.10770216642340609
8244,0.6402110872135369,0.9252189459638693,0.1076977556027588
8245,0.6402086119863012,0.9252221856593952,0.10771394483320679
8246,0.6401937141576542,0.9252253369646516,0.10773989604214593
8247,0.6401754607736523,0.925216701619638,0.10775349869776896
8248,0.6401939294620375,0.9252259249520958,0.10775246871306689
8249,0.6401876058303719,0.9252279310269053,0.10776605663468748
8250,0.6401736299734996,0.925228568974067,0.10778502573764799
8251,0.6401720917635277,0.9252353365942579,0.10778398125817637
8252,0.6401623023510491,0.9252296027559133,0.10778725801477969
8253,0.6401724816949746,0.9252321391723392,0.10779444373839606
8254,0.6401650108888786,0.925218999766642,0.10780638238047562
8255,0.6401659166824271,0.9252201949568063,0.10780397448719428
8256,0.6401523772217825,0.9252127086852947,0.10781771197269634
8257,0.640138885519905,0.9252131314213657,0.10783322367832951
8258,0.6401279971108789,0.9252199374721085,0.10783469031030747
8259,0.6401386197625056,0.9252296219711893,0.1078362876379292
8260,0.6401341365382114,0.9252279848296779,0.10783724789061487
8261,0.6401335848491814,0.9252164095474434,0.10784353576111318
8262,0.6401173525784285,0.9252328155500528,0.10782717430414208
8263,0.6401147579920501,0.925230382896117,0.10782972900110775
8264,0.640116277395957,0.9252396830896786,0.10783644111157267
8265,0.6401338809144835,0.925234229794363,0.10784275859046442
8266,0.6401401823352381,0.9252260786743034,0.1078471471938896
8267,0.6401428054700385,0.9252369045607757,0.10784889682458994
8268,0.6401288748020554,0.9252418121422543,0.10787148481608881
8269,0.6401197569579673,0.925249844127603,0.10788089768906568
8270,0.6400992436984477,0.9252524151315256,0.10787910245177662
8271,0.6400852387900202,0.9252567193533392,0.10787769459014868
8272,0.6400879533556112,0.9252558546659213,0.1078682292354722
8273,0.6401141713077382,0.9252525150509605,0.10787958712826352
8274,0.6401143767628449,0.9252529800606386,0.10787396161155867
8275,0.6401170131870161,0.9252574725921566,0.10787242705741927
8276,0.640120323904107,0.9252585025309478,0.1078692911239047
8277,0.6401118980375977,0.9252539523536019,0.1078749127323017
8278,0.6400929359140125,0.9252602741793907,0.10788597784282429
8279,0.6401335426549991,0.9252435799476421,0.10788923826321625
8280,0.640128286836692,0.9252374810190543,0.10789442240484044
8281,0.6401137874998348,0.9252398829285485,0.1079011803589656
8282,0.6401246995114885,0.9252362089677862,0.10790475311139051
8283,0.6401211040036349,0.9252420042950138,0.10790854463570758
8284,0.6401217323577191,0.9252410973339888,0.10791271005439859
8285,0.6401491415070723,0.9252074590719042,0.10792889158564187
8286,0.640138126460037,0.9252073091927517,0.10792486197286365
8287,0.640136510324698,0.9252066558733693,0.1079237048754411
8288,0.6401366958887642,0.9252087926120554,0.10793935512667129
8289,0.6401251146281028,0.9252009527794662,0.10793803017599451
8290,0.6401162490335734,0.9251933281579677,0.10796014196575167
8291,0.6401162490335734,0.9251933281579677,0.1079504166518826
8292,0.6401473005763433,0.9251992272476856,0.1079796205391503
8293,0.6401607046784756,0.925203689034762,0.10796853581226386
8294,0.6401898150736006,0.925213581058823,0.10797580925389876
8295,0.6401784926399601,0.9252152643169966,0.10798214006432091
8296,0.6401792917431872,0.9252195493235342,0.10798919969365735
8297,0.6401780332359777,0.9252170628668258,0.10799468283867332
8298,0.6401862271230234,0.9252167861668521,0.10800745590742818
8299,0.6401948051906298,0.9252177392445394,0.10801060392077913
8300,0.6401989802163146,0.9252224700454793,0.10801583479329113
8301,0.6401880343563112,0.9252208790206303,0.10802032437791755
8302,0.6402013430789039,0.9252215861427854,0.10802277599829575
8303,0.6402136447088226,0.9252343873596258,0.1080235488616795
8304,0.6402101172099784,0.9252429150990941,0.10803218992056474
8305,0.6402095267114842,0.9252392910980491,0.10802618191182924
8306,0.6402214090481392,0.925245612923838,0.10802215115958504
8307,0.6402024602615418,0.9252342759110253,0.10803743029268316
8308,0.6401912148114347,0.9252375156065511,0.10804036549423683
8309,0.640190844772802,0.9252451594433254,0.10804317565254033
8310,0.6402484265952749,0.9252611580820845,0.10803985360465101
8311,0.6402284304556867,0.9252600090085825,0.10806152383148458
8312,0.6402294052061017,0.9252594978822422,0.10805761005966313
8313,0.6402318858451241,0.9252575456102052,0.10806130387584326
8314,0.6402376915441529,0.9252512929594099,0.1080610454970781
8315,0.6402297416627031,0.9252497019345609,0.10806084590549446
8316,0.6402185753440562,0.9252420427255658,0.10805734089597593
8317,0.6402370204268257,0.9252427152602242,0.10806177208925931
8318,0.6402541162446342,0.92524041711322,0.10806551377046841
8319,0.6402617739235122,0.9252415930881085,0.10806852988850205
8320,0.6402419094193045,0.925226474508988,0.10808453264662042
8321,0.6402057513010277,0.9252149069128639,0.1081015328561602
8322,0.6401951863087532,0.9252080124718517,0.10811933439724193
8323,0.640213690328135,0.9252168745571215,0.10812627583146033
8324,0.640211064462875,0.9252138769740728,0.10813262788648602
8325,0.6402071133855127,0.9252199028846119,0.10814290839446376
8326,0.6401787531298417,0.9252229927009852,0.10816178900207231
8327,0.6402110362945751,0.925239268039718,0.10817613364229393
8328,0.6402075648041299,0.9252402672340676,0.10817421278745198
8329,0.6402320212545225,0.9252481416541535,0.10816068922532152
8330,0.640264607164601,0.9252550399382209,0.10816370127986877
8331,0.6402846885998151,0.9252548746868476,0.1081640217751373
8332,0.6402600514876436,0.9252533528369922,0.10817170086513891
8333,0.6402753910192432,0.9252478995416765,0.10816855144463795
8334,0.6402475540043729,0.9252550783687727,0.10817270889751605
8335,0.6402717258580812,0.925261550073714,0.10816288533730758
8336,0.6402630165991688,0.9252519155343508,0.10816658666599256
8337,0.640254429194498,0.9252535180883653,0.10817439387604122
8338,0.6402494608021875,0.925254478852163,0.10817458367402227
8339,0.6402184756118077,0.925225448413252,0.10822495316166865
8340,0.6402101980227111,0.9252218359413727,0.10823742550635196
8341,0.6402113399466878,0.9252128009186193,0.10823607914025501
8342,0.6401969096989995,0.9252030818320419,0.10825262556567371
8343,0.6401692923372696,0.9251968330243018,0.10826601689020109
8344,0.6401825732735009,0.9251984970671994,0.10825187474998325
8345,0.6402022578169664,0.9252079471399134,0.10832200091385355
8346,0.6402248190409129,0.9252105565743879,0.10831210099911524
8347,0.6402142444019107,0.9252078933371407,0.1083263561101429
8348,0.6402098526482998,0.9252066405011485,0.10832403542993581
8349,0.640180451356397,0.9251941006120611,0.10834448234022917
8350,0.6401916929987826,0.9251837512644324,0.10833209620713974
8351,0.6402214072246941,0.9251935741135,0.10834404779844481
8352,0.6402156053849953,0.9251870639780069,0.10834910545831755
8353,0.6402113595150788,0.9251783825163309,0.1083529977839432
8354,0.6402154628240977,0.9251787207051877,0.10836594217792925
8355,0.6402100179120327,0.9251803078869815,0.10837187735300759
8356,0.6402071184551296,0.9251801387925531,0.10837177302826248
8357,0.6402321651905387,0.9251826867381445,0.1083820537099915
8358,0.6402581150414783,0.9251770912497869,0.10839543963779204
8359,0.6402658289498026,0.9251706195448456,0.10840665418089485
8360,0.6402583630505789,0.925177356420595,0.10839597001971986
8361,0.64026685091943,0.9251827482270276,0.10840090282770938
8362,0.640272602793956,0.9251814800188147,0.10840399696771841
8363,0.6402374662244734,0.9251516694397,0.1084345832165928
8364,0.6402344958787162,0.925157249555837,0.10844895012044807
8365,0.6402556518854328,0.9251731367459956,0.10844108764652932
8366,0.640259075487091,0.9251803655328094,0.10844196908871873
8367,0.6402657830944178,0.9251774909275267,0.10844620766244308
8368,0.640250332550827,0.9251777753136108,0.1084521451724059
8369,0.6402347202677732,0.925173144432106,0.10846929688135433
8370,0.6402239074250476,0.9251630371969543,0.10847411724899991
8371,0.6402213701352434,0.9251666611979992,0.10847895033858533
8372,0.6402209632306128,0.9251637289468886,0.10848154551598335
8373,0.6402295707963617,0.9251666727271647,0.10847948406873462
8374,0.6402294438716405,0.9251716494836367,0.10848305818867644
8375,0.6402304571828128,0.9251846505393471,0.10848950825430623
8376,0.6402251374011154,0.9251860878419884,0.10849015079826754
8377,0.6402464679752072,0.9251744895014227,0.10849646613891456
8378,0.6402358010590385,0.925157995108544,0.10850355139517238
8379,0.6402306305956276,0.9251644206968229,0.10849989237861014
8380,0.6402525622789107,0.9251639403149241,0.10849375590277528
8381,0.6402577612099938,0.9251540329186423,0.10849506548124767
8382,0.6402744650652783,0.9251486603274857,0.10849868527095688
8383,0.6402755358256368,0.9251547669421838,0.10850367547635627
8384,0.640307841982765,0.9251604162333141,0.10850693947569338
8385,0.6403093463842497,0.9251741705278419,0.10851266922264197
8386,0.6402910497395555,0.9251634983635771,0.10853200916636879
8387,0.6403287217349932,0.9251688478964026,0.10852480783857704
8388,0.6403287217349932,0.9251688478964026,0.10851999916074824
8389,0.6403054730305526,0.9251623646622958,0.10852893268467179
8390,0.640324998471784,0.925143126328011,0.10856734885566334
8391,0.6403105045029095,0.9251379766340554,0.1085760781696024
8392,0.6403149474972342,0.9251513350938984,0.10858119642834904
8393,0.6403317048605648,0.9251556470018224,0.1085962940138609
8394,0.6403196607091446,0.925149190669102,0.10859754041050039
8395,0.6403283390081069,0.9251515848924858,0.10860709118073944
8396,0.6403541463805835,0.9251546362783073,0.10860952669272637
8397,0.6403404098372852,0.9251448710750676,0.10862276232700535
8398,0.6403517904024385,0.9251424691655733,0.1086332097037006
8399,0.6403565241636661,0.9251425268114012,0.10864061738254317
8400,0.6403465773179206,0.9251478532858955,0.1086436491546417
8401,0.6403483754666426,0.9251427573947126,0.10865502483845596
8402,0.6403527947185795,0.925142865000258,0.10865403983581788
8403,0.640365292156163,0.9251460355207903,0.10864976988036998
8404,0.6403710330222212,0.9251370466146992,0.10866502922927616
8405,0.6403288584303071,0.9251460931666182,0.10869502406916715
8406,0.6403387320479418,0.9251512543897394,0.10871088453572589
8407,0.6403395211789592,0.9251524803243453,0.10871631656161837
8408,0.6403327680159555,0.9251450171111648,0.10873683034693617
8409,0.640355406619668,0.9251472960428929,0.1087363627538469
8410,0.6403802822230972,0.9251718224211203,0.10873881284728612
8411,0.6403707922412103,0.9251702890420992,0.10873809557072228
8412,0.6403570621500821,0.925169478157454,0.10874260852748968
8413,0.6403632370623656,0.925173006082119,0.1087449501377177
8414,0.6403476594509895,0.9251621033345429,0.10875743806199129
8415,0.6403676509315593,0.9251712152184002,0.10875703505071169
8416,0.6403821183472664,0.9251858034559043,0.10875407776213918
8417,0.6403749499908657,0.9251809074035913,0.10875933281067497
8418,0.6403637703732746,0.9251841970588346,0.10876147554414903
8419,0.6403666055770587,0.9251779674663704,0.10877841766291332
8420,0.6403618982203384,0.9251808574438738,0.1087895532418119
8421,0.6403713896584586,0.925175965234616,0.10878696273206452
8422,0.6403486908727334,0.925173851554261,0.10880502206389936
8423,0.6403795984748102,0.9251769375275792,0.10881148493609565
8424,0.6403746480892152,0.925168774878354,0.1088086091019282
8425,0.6403663401315449,0.9251657004342014,0.10881354342507762
8426,0.6403632283749524,0.9251658887439058,0.10881278901636704
8427,0.6403669743887448,0.9251745087166986,0.10880740725739525
8428,0.6403380786002151,0.9251836590311079,0.10882117941806194
8429,0.6403314309898795,0.9251837666366531,0.10882243535184902
8430,0.6403451557311012,0.9251922866900111,0.1088404563684128
8431,0.6403514787595854,0.9251998152351297,0.10883235289953444
8432,0.6403254975437638,0.9252040848694467,0.10892075856876533
8433,0.6403140006289506,0.9252026437237502,0.1089285341477402
8434,0.6403380768117581,0.9251979897839141,0.10893568726023123
8435,0.640333422276249,0.9252018789557672,0.10893105193528918
8436,0.6403203092831949,0.9252006607072717,0.10893434344029428
8437,0.6403372337654967,0.9252013332419301,0.10893601109554044
8438,0.640342079487202,0.9252071016677714,0.10893890334340367
8439,0.6403759455081314,0.9252186231472334,0.10893145333052313
8440,0.6403702144291413,0.9252145725670623,0.10892042404736976
8441,0.6403660746556513,0.9252178276348089,0.10892666752648131
8442,0.640374314760166,0.925220752199809,0.10892836780512649
8443,0.6403811444478472,0.9252268588145071,0.10894219833996448
8444,0.6403885868319398,0.9252287572837713,0.1089533660257043
8445,0.6404088517717577,0.9252433685796065,0.1089765115642773
8446,0.6404172085636142,0.9252466082751324,0.10898027307387663
8447,0.6404153229241563,0.9252512314705269,0.10897547770469856
8448,0.6404397909247568,0.9252591289489438,0.10897268620489632
8449,0.640441396170777,0.9252621380611582,0.10897071921646605
8450,0.6404344303496101,0.9252604048432672,0.10896812408635123
8451,0.6404367577473156,0.9252629489458034,0.10897513479725232
8452,0.6404106488633979,0.9252576070990883,0.10899200338768694
8453,0.6403973732657728,0.925250651169193,0.10899213770805537
8454,0.6403970611952149,0.9252484029819065,0.10900184812476442
8455,0.6404003777589848,0.9252484759999551,0.10900871442873085
8456,0.6404233433776727,0.9252498018539959,0.1090003699469158
8457,0.640425351019772,0.9252485912916109,0.108997789314729
8458,0.6403966673198384,0.9252483568652442,0.10901091676657178
8459,0.6403679244715483,0.9252461432654543,0.10900980254284938
8460,0.6403794814602514,0.9252536718105729,0.1090103725286574
8461,0.6403860412126031,0.9252478265236278,0.10902731668904189
8462,0.640395510073796,0.9252419504922412,0.1090308975124263
8463,0.6403667434309078,0.9252400789243633,0.10903473137712831
8464,0.6403658068103316,0.9252429996463083,0.10902859787302188
8465,0.6403886660569652,0.925257418789384,0.10903136109483647
8466,0.6403997061687025,0.9252554511451263,0.10904675154003488
8467,0.6404160309323952,0.9252597438377743,0.10904120841107091
8468,0.6404183752712054,0.9252620189264473,0.10904834878905895
8469,0.6404290949586664,0.9252657428469271,0.10905399684598485
8470,0.6404232032324164,0.9252698587590364,0.1090516552019469
8471,0.6404154927200415,0.9252865068741227,0.1090607519842204
8472,0.6404417316961103,0.9252915489625331,0.10905563784480418
8473,0.6404422687907607,0.925291406769491,0.10905896276712787
8474,0.6404512854000696,0.9252922791430193,0.10906133759062948
8475,0.6404640897429578,0.9253010374657991,0.10907231214043485
8476,0.640477149532345,0.9252958954579538,0.10907403658292229
8477,0.6404696619458117,0.925294488899754,0.10907364559878484
8478,0.6404857483505608,0.925285684460312,0.10908684162024405
8479,0.6404923076208635,0.9252850503562055,0.10910311023028481
8480,0.6404926893196411,0.9252921676944188,0.10911201711918171
8481,0.6405035195045343,0.9252891201516525,0.10911111098997128
8482,0.6405035195045343,0.9252891201516525,0.10910580936848545
8483,0.6405395561091108,0.925291306850056,0.10910423214848083
8484,0.6405371828730169,0.925287336974044,0.10910055859832932
8485,0.640508877083727,0.9252810574218623,0.10911247950997481
8486,0.6405357226563725,0.9252840088882488,0.10911304825533771
8487,0.6405330679580613,0.9252866682824408,0.1091127494916512
8488,0.6405223180758635,0.9253075168568506,0.10912014120517238
8489,0.6405099446195487,0.9253005609269553,0.10912145578357148
8490,0.640516014170308,0.9252877635531701,0.1091304289814724
8491,0.6405041304587984,0.9252808114663301,0.10913450749038797
8492,0.640517331329069,0.9252830519675063,0.10913809354139586
8493,0.6405206628834313,0.9252764957153509,0.10914768151925872
8494,0.6405154567536162,0.9252771759361196,0.10914304339856462
8495,0.6405127694544162,0.9252857997519677,0.1091947092324908
8496,0.640513044304476,0.9252844508395958,0.10918834450280394
8497,0.6405056551330449,0.9252774103624862,0.10918676558154422
8498,0.6405114733414332,0.9252802888108241,0.10919194635238959
8499,0.6405310335643056,0.9252843816646023,0.10919540230981288
8500,0.6405301024457516,0.925292655762428,0.10920769242172712
8501,0.6405349010728086,0.9252877289656735,0.1092087779799164
8502,0.6405485544754901,0.9252886897294711,0.10920622025451827
8503,0.6405522705990316,0.9252869449824145,0.10919271884753792
8504,0.6405520168705071,0.9252861994297075,0.1091905888160731
8505,0.6405125501752048,0.9252725027810077,0.10921207402092951
8506,0.6405093825478347,0.9252743474474993,0.10921092655599134
8507,0.6404863418897484,0.925272007026888,0.10922891998507639
8508,0.6404686163643091,0.9252546671618674,0.10924200958561138
8509,0.6404841829813581,0.9252671378759614,0.1092423104216513
8510,0.640492785841194,0.9252653739136288,0.10923537465253755
8511,0.640492785841194,0.9252653739136288,0.10923521404675628
8512,0.6404868363988366,0.9252641402929126,0.10924154248932469
8513,0.6404734261048467,0.9252618844195156,0.10925116465961256
8514,0.6404811046016414,0.9252607699335103,0.1092451684669246
8515,0.6404794000815957,0.9252664384399166,0.10924607692430713
8516,0.640470222367759,0.9252658197080309,0.10925257185303361
8517,0.6404792275937738,0.9252747279099631,0.10926197451456252
8518,0.6404829530019102,0.9252780944263103,0.10926807230399531
8519,0.6404696453698231,0.925279078248439,0.10927014100836809
8520,0.6404556817748297,0.9252904037320862,0.1092796594436764
8521,0.640448112666833,0.9252884745183805,0.10929503967775948
8522,0.6404680527660231,0.9252903537723687,0.10928900286217452
8523,0.6404957923085297,0.9253146879978366,0.10928727211056066
8524,0.6405381688172233,0.9253488681307032,0.10928239373612096
8525,0.6405313705978672,0.9253592712811045,0.10928734658016506
8526,0.6405198742738684,0.925346104974021,0.10929206120616086
8527,0.6405050395954127,0.9253510702013275,0.10930131131614877
8528,0.6405138260135803,0.9253656161652244,0.10932336938182585
8529,0.6405090161964848,0.9253604318837721,0.10932753348810317
8530,0.6405032989843074,0.9253616808767091,0.10932492269183901
8531,0.6405360876842352,0.9253591521463936,0.10932781916660464
8532,0.6405214838557726,0.92535746888822,0.1093427572652085
8533,0.6405119142521997,0.9253610890462097,0.10933673979940904
8534,0.6404388733004327,0.9253366241568654,0.10937694454044754
8535,0.6404330256202437,0.9253305790310503,0.10938197875406984
8536,0.6404525637025574,0.9253398292648944,0.10938500136173866
8537,0.6404356915304457,0.9253390183802492,0.10938581036840363
8538,0.6404349948058629,0.9253366664304725,0.1093840411472815
8539,0.640438199212943,0.9253400060454332,0.10939804971681327
8540,0.6404592629181991,0.9253491179292905,0.10939026481779891
8541,0.6404643088441785,0.9253521347276152,0.10938111757705499
8542,0.6404660683352498,0.9253496021542446,0.10938132418158117
8543,0.6404832582441957,0.9253536143038638,0.10938932092432307
8544,0.6404884664272121,0.9253542945246325,0.10939569320722056
8545,0.6404880182090903,0.9253560085272475,0.10939767458352342
8546,0.6405059225447968,0.9253700587370249,0.10939495772481123
8547,0.6405199000841154,0.9253671572303559,0.10940851012785698
8548,0.6405232722694022,0.9253712308688581,0.10940880081400975
8549,0.640519523672753,0.9253598246810519,0.10941493092651162
8550,0.6405416030824368,0.9253611159475961,0.10942819720319806
8551,0.6405417653851222,0.9253637445973465,0.10944738778199908
8552,0.6405400008744762,0.925359966874094,0.10945467406951714
8553,0.6405407126398321,0.9253594365324778,0.10945605883191421
8554,0.6405670160420202,0.9253620075364003,0.10945483165295468
8555,0.6405944782372617,0.92537993154581,0.10945971667965461
8556,0.6406139280863066,0.9253803581249361,0.10945626106144869
8557,0.6406166394226396,0.9253756888128795,0.10945983738556606
8558,0.6406223370628087,0.9253798124110991,0.1094679136229347
8559,0.6406136562759729,0.925380415770764,0.10947664023079676
8560,0.6406426810797392,0.9253898081976503,0.10947474212619189
8561,0.6406300784320357,0.9253801083263488,0.10948253707395757
8562,0.6406153618315488,0.9253808423498902,0.10948592424100474
8563,0.6406073703070316,0.9253976941469017,0.10949584659963621
8564,0.6406113022334933,0.9253860842771704,0.109483787425384
8565,0.640614413014638,0.9254090849624871,0.10952128659136487
8566,0.6406071697820505,0.9254074747223622,0.10951887775116319
8567,0.64059593011979,0.9253892317393716,0.1095327107736685
8568,0.640580696636161,0.9253813573192857,0.10953291546226192
8569,0.6405787616797635,0.9253833787663162,0.1095436140650336
8570,0.6405442580728926,0.925371791954916,0.10955084812442221
8571,0.6405214081816889,0.9253662617984965,0.10955533109272823
8572,0.6405207422915709,0.9253638791042782,0.10954594480517965
8573,0.6405200279710981,0.9253581952256511,0.10954954372727894
8574,0.640514702629513,0.9253544597760057,0.1095599998103398
8575,0.6405274612203679,0.9253534836399873,0.10955766581011953
8576,0.6405204428238606,0.9253543944440674,0.10957726536072862
8577,0.6405349661245909,0.9253546519287652,0.10957694452347007
8578,0.6405613571566287,0.9253589945811308,0.10958468639069022
8579,0.6405534262732892,0.9253491986334496,0.1095945704323751
8580,0.6405561259339455,0.9253530301594747,0.10959992319897235
8581,0.6405641665621851,0.9253688020579776,0.10961086674983078
8582,0.6405793595181142,0.9253736865811251,0.10960244418640226
8583,0.6405775336895434,0.9253734559978136,0.10961097644909452
8584,0.6405693670150007,0.9253722223770974,0.10960699623320129
8585,0.6405687451887975,0.9253633410765515,0.10962367009647421
8586,0.6405759684379104,0.9253658928651982,0.10962259642669044
8587,0.6405459560838656,0.92536280689188,0.10964604948437018
8588,0.6405479625786972,0.9253654931874583,0.10966318318107628
8589,0.640557282601246,0.9253502977472341,0.10969732845022429
8590,0.6405413292670534,0.9253519848484628,0.10969921948521444
8591,0.6405684080188924,0.925343426364553,0.10970929339496913
8592,0.6405630524649781,0.925352734244225,0.10970817372636756
8593,0.6405571347120396,0.9253489757362485,0.10971495483452569
8594,0.640554419343778,0.9253512239235351,0.10971825841324545
8595,0.6405690738477396,0.9253505859763734,0.1097278284683696
8596,0.6406261175624423,0.9253556588092252,0.1097313960659604
8597,0.6406230030354478,0.9253566849049611,0.10972222312522037
8598,0.6406336567057812,0.9253617116211507,0.10972779367044003
8599,0.6406290794478333,0.9253742130796861,0.10973382264077156
8600,0.6406320942235779,0.9253464354767674,0.10973930617672976
8601,0.640648401981499,0.9253459973684757,0.10975466661244396
8602,0.6406828354315811,0.9253426769687908,0.1097527163112349
8603,0.6406378293918801,0.9253278850493616,0.1097787800953247
8604,0.6406269944291699,0.9253226162206951,0.10978771715767019
8605,0.6406276486188509,0.9253138847993017,0.10979297223461093
8606,0.6406187743754933,0.9253101493496563,0.10979889410629984
8607,0.6405992739677727,0.9253081548040123,0.10980548419854361
8608,0.6405939216437652,0.9253062063750306,0.10981151017937225
8609,0.6405867556949529,0.9253080510415221,0.10982370775278405
8610,0.6405944906443498,0.925310464480182,0.10982054083759851
8611,0.6405944906443498,0.925310464480182,0.109813996842809
8612,0.6405897923275848,0.9253058105403459,0.10982776799239036
8613,0.6406075964322954,0.9253126550216406,0.10982412392275229
8614,0.6406096510719849,0.9253158024838419,0.10982975765483828
8615,0.6406042828526661,0.9253102607982568,0.10981897147722468
8616,0.6406131193212823,0.9253153989630468,0.10981083277638751
8617,0.6406163782527801,0.9253098918649585,0.10981330717245025
8618,0.6406298117486587,0.925314111539558,0.10980938380383444
8619,0.6406206410830985,0.9253194072696108,0.10981728607464643
8620,0.6406390405803122,0.9252950961024741,0.10988504153313101
8621,0.6406138105337087,0.9252754734626701,0.10990165195531686
8622,0.6406138105337087,0.9252754734626701,0.10989743673998884
8623,0.6406162569632627,0.9252808268385508,0.10989119519398975
8624,0.6406313372729207,0.9252793587914679,0.10990186859470485
8625,0.6406323534065175,0.9252775986721906,0.10991207150555753
8626,0.6406336820932259,0.9252783826554495,0.10990923386646223
8627,0.640624472471231,0.9252734866031365,0.10991185599321408
8628,0.6406147136833149,0.9252695628437867,0.10992085460323849
8629,0.640614004231485,0.9252719378518947,0.10992572586059
8630,0.6406554173016927,0.9252749930807713,0.10992475819886532
8631,0.6406543856712394,0.9252737517739447,0.10991803733646656
8632,0.6406444586815839,0.9252722376101995,0.10992656134953438
8633,0.6406333616538192,0.9252712153575188,0.10994611603099338
8634,0.6406453426344134,0.9252692438702059,0.10995166141906018
8635,0.6406427528815383,0.9252671032884646,0.10995846806614054
8636,0.6406436980106028,0.9252704121589839,0.10995428704641941
8637,0.6406428729789493,0.9252754042876767,0.10995365268132441
8638,0.6406268009197689,0.9252795240428412,0.10996255579220693
8639,0.6406580124943363,0.9252926596054831,0.10995858419553733
8640,0.640641498990619,0.9252921407930325,0.10996454298557985
8641,0.6406657727196234,0.9253165826240456,0.11000353120557259
8642,0.6406718616593403,0.9253128548605106,0.11000445633076182
8643,0.6406366685054965,0.9252977478105557,0.11001846282331802
8644,0.6406284009580975,0.9252919678555488,0.11001130326561098
8645,0.6406235675627251,0.9252887819627957,0.11001747715565094
8646,0.6406050799741301,0.9252780828971446,0.11003213207755723
8647,0.6405720738979985,0.9252731906878868,0.11005449689200418
8648,0.6405761827309642,0.9252759231001274,0.11006515571134773
8649,0.6405925686287801,0.9252963527815214,0.11007179559487076
8650,0.6405934143408085,0.9252970099439591,0.11008746380746541
8651,0.6406056637527181,0.9252970368453455,0.11008147699784278
8652,0.6406060009635971,0.9252922138110811,0.1100931184564458
8653,0.6406054206394096,0.9252937779345437,0.11008746280625065
8654,0.6406132387486031,0.9252933782568038,0.1100824436938448
8655,0.6406263854653947,0.9253053263153919,0.11008129574468328
8656,0.6406419190711855,0.9253206216750511,0.1100803166739672
8657,0.6406486379108272,0.9253267244466941,0.11010143321131237
8658,0.6406943384458326,0.9253116404550703,0.11014206730597992
8659,0.6406888302878364,0.9253062832361344,0.11014374564969368
8660,0.6406896308802483,0.925305649132028,0.11013520363599709
8661,0.6406939763670972,0.9253083277414959,0.11013644018203296
8662,0.6406871253157347,0.9253092731330728,0.11013759947339352
8663,0.640696462117088,0.9253142729478759,0.11015490188873714
8664,0.6406928444279758,0.9253094037969493,0.11016424751789317
8665,0.6407048240755382,0.9253113752842621,0.11017118604955502
8666,0.6406943374448206,0.9253206831639341,0.11018167912362715
8667,0.6407170014626709,0.9253170822212204,0.11019970456762826
8668,0.6407222998680224,0.9253206255181063,0.11021865918795022
8669,0.6407049164482793,0.9253200798042692,0.11022659152548041
8670,0.6407135190714005,0.9253279580674102,0.11022887116700042
8671,0.6407283147210563,0.9253283692743156,0.11023053739412995
8672,0.6406897359481056,0.9253265476661552,0.11023718337673573
8673,0.6406852141128309,0.9253157486810693,0.11024305026046442
8674,0.6406859098152035,0.9253199107098408,0.11025081965724919
8675,0.6406732850901465,0.9253159562060496,0.11024055734930355
8676,0.6406569810054268,0.9253165403504385,0.11025968585695065
8677,0.6406495407864627,0.9253025247281579,0.11026504696255686
8678,0.6406478541668515,0.9253023594767846,0.11027746721693792
8679,0.6406635516512504,0.9253200529028829,0.11027244721436544
8680,0.6406610320456178,0.9253131892063122,0.11027674765543903
8681,0.6406646702182673,0.9253063908416798,0.11028728808277863
8682,0.6406554284591913,0.9253038621113642,0.11028757683990772
8683,0.6406617876308153,0.9252960722384925,0.11032500159831093
8684,0.6406865353593255,0.9253013026366071,0.11031656655460169
8685,0.6406768522670843,0.9252957340496358,0.11032427510418662
8686,0.6406833065727566,0.9252996116923232,0.11031917634384823
8687,0.6406877537204652,0.9252977285952798,0.11031519763970152
8688,0.6406951539295687,0.9252998807061866,0.11034313634980894
8689,0.6407314579723846,0.9253127741563516,0.11035323659244423
8690,0.6407373737927732,0.9253072785874288,0.11035697770646002
8691,0.6407121905429737,0.9253066060527704,0.1103656519392698
8692,0.6407014920728836,0.925312216913349,0.11038236486070342
8693,0.640689825064491,0.9253107527093213,0.11038030048727922
8694,0.6406901517300411,0.9253076283054512,0.1103850852538059
8695,0.6406695511240428,0.9253169092837368,0.11039614998642072
8696,0.6406771777355146,0.9253076705790583,0.11039797862839079
8697,0.6406699165227628,0.9252972597425465,0.11040385982071566
8698,0.6406782081347704,0.925298881511837,0.11040586132213641
8699,0.6407119279003721,0.9253022749295704,0.11040830304567066
8700,0.6407123063895029,0.9253085198942554,0.1103844253863684
8701,0.6406749525131473,0.9253007031199975,0.11039883868479138
8702,0.6406635488505561,0.9252985241077043,0.1104103304439948
8703,0.6406605863098761,0.9252997654145309,0.11041378462815662
8704,0.6406513568399829,0.9253013256949383,0.11041801385060385
8705,0.6406445759913564,0.9252929170901809,0.11043655163284424
8706,0.6406531558184986,0.9252942045136698,0.11044163623777024
8707,0.6406189817693763,0.9252647244373016,0.11045481440806709
8708,0.6406098479152083,0.9252626722458297,0.11046846171112461
8709,0.6406056225318649,0.9252617460695287,0.11047562347201015
8710,0.6406078388415194,0.9252560276034049,0.11047758952990593
8711,0.640603197360416,0.9252549669201723,0.11047948763045753
8712,0.6405893237141673,0.9252522959968147,0.11050251187032334
8713,0.6405922773842966,0.9252538485911117,0.11050202356966862
8714,0.6405842115077115,0.9252543674035625,0.11049890271749793
8715,0.6405741813369651,0.9252484721568999,0.11050828063046195
8716,0.640596699102356,0.9252511622955334,0.11050855294182162
8717,0.6405860776794469,0.9252369583635484,0.11052453955005627
8718,0.6405904592378803,0.9252439911545475,0.11052466152293769
8719,0.6405842122499892,0.9252406861270834,0.11052515137578993
8720,0.6405864582761016,0.9252390143980754,0.11052350034023302
8721,0.6406003777753486,0.9252399636327076,0.11052830020293257
8722,0.6405971239704421,0.9252313974626873,0.11053261916299748
8723,0.6405886648444878,0.9252177815181465,0.11053701266776643
8724,0.6406062674509003,0.9252256328799012,0.11051387525182271
8725,0.64059490419766,0.9252168899293423,0.11051795239602379
8726,0.640604091819187,0.9252327579042249,0.11052399900373756
8727,0.640613587485258,0.9252369891079899,0.11051971407504081
8728,0.640600602733733,0.9252389067925301,0.11051670564208352
8729,0.6406006531265868,0.9252411357645407,0.11052923716720953
8730,0.6406222999220975,0.9252484414124583,0.11053437576540856
8731,0.6406322429764769,0.9252492868846003,0.11054391480841731
8732,0.6406404254808087,0.925249924831762,0.11054906350029976
8733,0.6406450046943696,0.925245593708562,0.1105774675424271
8734,0.6406549929092427,0.9252558239214798,0.11057949396176188
8735,0.6406552425154588,0.9252607161307377,0.11057423962832787
8736,0.6406471153846833,0.9252572996546731,0.11058111721722523
8737,0.6406395814882253,0.9252600820266311,0.11058676777820117
8738,0.64067015464335,0.9252728448129196,0.11056785428227223
8739,0.6406450592303222,0.9252619728097851,0.11057940743841377
8740,0.6406404496751356,0.9252652855233594,0.11057879473626285
8741,0.6406629902984942,0.9252788668804036,0.11058196432131676
8742,0.6406514359528174,0.9252718533046804,0.1105877782066578
8743,0.6406537217846776,0.9252578261532342,0.1105935508760007
8744,0.6406442505290907,0.9252581681851462,0.11060346678281027
8745,0.6406471445915728,0.9252555818090028,0.11064118562660426
8746,0.640654287089619,0.9252623686444696,0.11065320992775281
8747,0.6406475370774146,0.9252714151963887,0.11067116278307977
8748,0.6406416451114567,0.9252570613852512,0.11067528321753073
8749,0.6406364288698223,0.9252569653088715,0.11066237012191611
8750,0.6406538807311882,0.9252645668720387,0.1106729043118543
8751,0.6406597006388203,0.9252617845000807,0.11067180454305486
8752,0.640651506322721,0.925267856527282,0.11067748617531009
8753,0.6406566716415816,0.925260723816848,0.11069716982770651
8754,0.6406713008492092,0.9252613425487337,0.110694196812037
8755,0.6406949173096448,0.9252697127229392,0.11069674916084002
8756,0.6407078578141108,0.9252684099272295,0.11070246907392559
8757,0.640726050113268,0.9252843586062711,0.11070384392297654
8758,0.6407298387687792,0.9252787938623549,0.11071258750210633
8759,0.6407468484816197,0.9252891547391492,0.11071279427152296
8760,0.640733405855726,0.9253022672434601,0.1107125505358121
8761,0.6407337964139552,0.9252929324624017,0.11070491580516686
8762,0.6407458137037115,0.925293543508177,0.11070099022765208
8763,0.6407622257499138,0.9252940085178551,0.11068374861365259
8764,0.6407543874302555,0.9252901424043333,0.11068605995903934
8765,0.6407770866588278,0.9252945503886371,0.11068221584587216
8766,0.6407733874619542,0.9252930938707198,0.11068442113108942
8767,0.640787016559767,0.9252929939512847,0.11068756889710926
8768,0.6407722805066963,0.925293724131771,0.11069273591499505
8769,0.6407813373385122,0.925297551814741,0.11069284352428745
8770,0.6407937564318944,0.9252901846779403,0.1106950300322105
8771,0.6408259011742647,0.9253066214249912,0.11069134476566034
8772,0.6408298147145579,0.9253046653098991,0.11068716028563746
8773,0.640801482556194,0.9252984126591037,0.1107022855483555
8774,0.6408057716903558,0.9252986009688081,0.11070525128460997
8775,0.6408148508977946,0.9252990659784862,0.11070742510614193
8776,0.6408144664258094,0.9252974826397475,0.11071119209986066
8777,0.6407800908240827,0.9252975979314033,0.11072221917520927
8778,0.640797954865925,0.9253049420098728,0.11072632792844693
8779,0.6408035803453636,0.9252983703854967,0.11073826455281899
8780,0.6407779266996292,0.9252912492042281,0.11074875816587271
8781,0.6408011870871436,0.9252879595489849,0.11075252312528053
8782,0.6408058257476287,0.9252864376991293,0.11075006502497672
8783,0.6407943973109795,0.9252989084132234,0.11074798163536063
8784,0.6407952671107328,0.9253020981490316,0.11074805485018695
8785,0.6407982001911514,0.925301882937941,0.1107381703449005
8786,0.64080248113352,0.9253019559559896,0.11074057213345571
8787,0.6408012196278517,0.9253085275803657,0.11073319928733047
8788,0.6408040264647914,0.9253084084456549,0.11074026707337813
8789,0.6408070979517407,0.9253054031764957,0.11074446668500985
8790,0.6407929331458179,0.9253133698299062,0.11073707495951014
8791,0.6407968095327591,0.9253090425497613,0.11074917149879948
8792,0.640809108688959,0.9253131815202018,0.11075766807997146
8793,0.6408035117593517,0.9253145573339601,0.11076176762043605
8794,0.640806264492143,0.9253113637550966,0.11076561166948923
8795,0.6408013740595847,0.925325071932962,0.11077753262380305
8796,0.6407867516579974,0.9253085890692488,0.11080376348980298
8797,0.6408028687837061,0.9253058374417322,0.11081081409546635
8798,0.6407295280111337,0.9252765725764547,0.11084466020810996
8799,0.6407252090639254,0.9252712076714084,0.11084725877042619
8800,0.6407251378070374,0.9252721914935372,0.11085707744850319
8801,0.6407095470035653,0.9252640941762503,0.11088169421766605
8802,0.6407084405446625,0.9252618306167429,0.11088260951169132
8803,0.6407058082508545,0.9252587215850936,0.11089419839688298
8804,0.6406952498969032,0.9252508164205663,0.11090588449928664
8805,0.6407031480437024,0.9252521576468278,0.1109016098325945
8806,0.6406945028489753,0.9252497096206713,0.11090499970878155
8807,0.6406807797059708,0.9252543059146795,0.110925604681769
8808,0.6406682002169432,0.9252486604666043,0.11092475872632128
8809,0.6406846754684654,0.9252505320344822,0.11092694094613897
8810,0.6406964948484649,0.925248937166578,0.11094835311962088
8811,0.6406986090590888,0.925249259983214,0.11094488533063143
8812,0.640705125618627,0.925244383146177,0.11094550559323955
8813,0.6407127718946716,0.9252462547140549,0.11093342639530782
8814,0.6407157213928065,0.9252387876578192,0.110932233674836
8815,0.6407104765822939,0.9252334496541592,0.11095072750760078
8816,0.6406981100600754,0.9252353827109202,0.11095416415535402
8817,0.6406752886364149,0.9252162980988429,0.11097965039246345
8818,0.640703288830189,0.9252182080972727,0.1109798462098361
8819,0.6407003739602541,0.9252224469871481,0.1109855305061727
8820,0.6407114237512977,0.9252325350070238,0.11099124186219726
8821,0.6407169690811472,0.9252325157917479,0.11099545397294588
8822,0.6407246714598932,0.9252392219230557,0.11098932873768821
8823,0.6407397321452781,0.9252396869327338,0.11099205631114956
8824,0.6407422624750764,0.9252431341532399,0.11099762381930914
8825,0.6407631848100906,0.9252665575746276,0.11103487498008642
8826,0.640758837991851,0.9252683445952913,0.11103730668196987
8827,0.640755368292541,0.9252718878921772,0.11104398824243923
8828,0.640771874693145,0.9252707388186752,0.11104515373206704
8829,0.6407688485776681,0.9252704429034254,0.11105756976083965
8830,0.6407751314762377,0.92527073497562,0.11106774876215687
8831,0.6407894289855489,0.9252617460695287,0.11107602029233715
8832,0.6407968093879074,0.9252689979146737,0.11107104472688871
8833,0.6407953857751145,0.9252680717383728,0.11107400969113664
8834,0.6407827927613968,0.9252591673794958,0.11108367112280187
8835,0.6408006015008398,0.9252708733256068,0.11108424226930574
8836,0.6408015296993276,0.9252805578246875,0.11109082050982183
8837,0.6408026994660789,0.9252710308908696,0.11109556512897108
8838,0.6408193748629454,0.9252612810598507,0.11110151343016014
8839,0.640807365811245,0.9252618344597981,0.11110258002163124
8840,0.6407967345372063,0.925274966179385,0.11111230059016497
8841,0.6408008721002669,0.9252733943698119,0.1111025770411494
8842,0.6408129586081512,0.9252791858539844,0.11110944823007271
8843,0.6408135005160571,0.9252814916870988,0.11111054095366352
8844,0.6408137361937256,0.9252785363776571,0.11109962379698403
8845,0.6408147932096325,0.9252776102013562,0.11110391674461378
8846,0.6408144782257283,0.9252777101207912,0.11113400957265683
8847,0.6408191034439223,0.9252794548678478,0.11112647403528386
8848,0.640817698612279,0.92528765979068,0.1111234369412216
8849,0.6408243580766428,0.9252840204174143,0.11112881857378941
8850,0.6408147598533794,0.9252839166549243,0.11112336130692246
8851,0.6408195451548737,0.9252843509201608,0.11112528448722786
8852,0.6408308067777746,0.9252940008317447,0.11112057816335391
8853,0.6408273846302707,0.9252964680731772,0.11112243709100558
8854,0.6407979972064336,0.9252763458361984,0.11119762730229378
8855,0.6408063135069085,0.9252805924121842,0.11120019530492019
8856,0.6408073211011261,0.9252711500255806,0.1112009445727491
8857,0.6408192497473194,0.9252746779502456,0.11119907762277455
8858,0.6408103205286995,0.925280427160811,0.11121325400828226
8859,0.6408245164307859,0.9252908379973228,0.11121828475298237
8860,0.6408599325933283,0.9253010758963509,0.11121693350727847
8861,0.6408599325933283,0.9253010758963509,0.11121650304771181
8862,0.6408776472241623,0.9253039850891304,0.11121657091446333
8863,0.6408903799093056,0.9253022557142945,0.11122094999749042
8864,0.6408999330983516,0.9253175933475608,0.11122871322105425
8865,0.6408959626064566,0.9253220666638028,0.11124379952248274
8866,0.6408892982472356,0.9253154604519299,0.11124770202585994
8867,0.6408736159508571,0.9253121438953003,0.1112598849648847
8868,0.640876370148405,0.925306940398572,0.11127419457191773
8869,0.6408902809747808,0.9253172013559313,0.11127406848549036
8870,0.6408972108909713,0.925315621860248,0.11130927380702182
8871,0.64087737075001,0.9253155180977578,0.11131439805101831
8872,0.6408850717637763,0.9253257406245652,0.11131244557678828
8873,0.6408892513699346,0.9253287920103866,0.11131567456266386
8874,0.6408922615325878,0.9253310594129491,0.11131952012414507
8875,0.6409205403463148,0.9253319740600846,0.1113133608842158
8876,0.640935027597402,0.9253405094856633,0.11131091610653701
8877,0.6409416002962537,0.9253486644487781,0.11131758735169407
8878,0.6409439440765605,0.9253512777263078,0.1113097770915734
8879,0.6409452792518178,0.9253499365000462,0.11130795782165999
8880,0.6409431378547624,0.9253483108877005,0.11131170296365783
8881,0.6409466963273969,0.9253469927197701,0.11132364118305725
8882,0.6409431915392896,0.9253534298372146,0.11132187965090981
8883,0.6409313286785993,0.9253496136834102,0.11132524190443364
8884,0.6409349425350135,0.9253550439203947,0.11132564294002342
8885,0.6409523307058494,0.9253507166402499,0.111330213969845
8886,0.6409860296618121,0.9253515467401711,0.1113218195462201
8887,0.6409945540498152,0.925360812346236,0.1113280629140476
8888,0.6409987871387369,0.9253647284194754,0.11132750029556637
8889,0.6409987871387369,0.9253647284194754,0.11132176478699446
8890,0.6409985018793174,0.9253706736258555,0.11132642420008941
8891,0.640994588203656,0.925359463433864,0.1113262592926359
8892,0.6410178397614252,0.9253556165356182,0.1113348158561937
8893,0.6410151161530114,0.925348360847418,0.11134190189412355
8894,0.641010332635162,0.9253450097032916,0.11134258928050095
8895,0.6409951638850038,0.9253490180098556,0.11134404079214819
8896,0.6410102418908615,0.9253489642070829,0.11134306033867429
8897,0.6410203909032054,0.925347980384954,0.1113470256941118
8898,0.6410381108724561,0.9253386955636133,0.11134292754399733
8899,0.6410481647572764,0.9253335189682713,0.11135523835538054
8900,0.6410506536092858,0.925333957076563,0.11135460882954026
8901,0.6410546998242752,0.9253415701688958,0.11136825891949378
8902,0.641048422763569,0.9253451326810577,0.11138119128456883
8903,0.6410939003884449,0.9253551668981608,0.11136968421147854
8904,0.6410978430292826,0.9253555512036798,0.11137293639987735
8905,0.6410952908306934,0.9253534682677664,0.1113699577001136
8906,0.6410909512811288,0.9253492870237189,0.1113869035897035
8907,0.64109378009657,0.925360208986571,0.11138196193474298
8908,0.6410845068859156,0.9253615694281085,0.11139967840358653
8909,0.6410999844479729,0.9253748202824063,0.11141016686396218
8910,0.6410868514791807,0.9253703162217227,0.11142260552868288
8911,0.6410733596352648,0.9253650781374977,0.11144731241721448
8912,0.6410889343284542,0.925366715279009,0.11144170350217887
8913,0.6410740996733711,0.9253624418016368,0.11144188730217844
8914,0.6410637442917436,0.925376588087794,0.11145617986500019
8915,0.6410775747137012,0.9253826831733266,0.11146035953418035
8916,0.6410820865187198,0.9253808461929454,0.11146084802991646
8917,0.6410935444380348,0.9253895199685109,0.11146494381034432
8918,0.6410720895628571,0.9253836823676762,0.11145701300269133
8919,0.6410856231587432,0.9253881018811455,0.11146329672555802
8920,0.6410942767040598,0.925391979523833,0.11146191338475576
8921,0.6410970921822023,0.9253939394819803,0.11147596665723722
8922,0.6410999347369611,0.9253954421165599,0.11147627904146827
8923,0.6411157812587107,0.9253922254793652,0.11146566864662774
8924,0.6411109918013433,0.9253923523001865,0.11146032403181148
8925,0.6411160531031007,0.9253987202426376,0.11146059468002797
8926,0.6410966164029648,0.925409465424951,0.11146732400824183
8927,0.6410777208673204,0.9254024095756207,0.11146982854921506
8928,0.6410737271805423,0.9253986510676442,0.111471900416926
8929,0.641097620914876,0.925402275068689,0.11147494224521336
8930,0.6410925268678666,0.9253983974260016,0.11147475462258255
8931,0.6410925268678666,0.9253983974260016,0.11146212871052595
8932,0.6410663109911463,0.9253968794192012,0.11145869834346944
8933,0.641057302891423,0.9253927942515334,0.11145993760284775
8934,0.6410653278989263,0.925392121716875,0.11146093638013527
8935,0.6410711154522406,0.92539322851677,0.11146930016061612
8936,0.6410785682403791,0.9253984627579398,0.11145950196248319
8937,0.6410720548856571,0.9254064370974606,0.11145203926222878
8938,0.6410398010482785,0.9253850620244897,0.11148293693363544
8939,0.6410564744354873,0.9253851657869798,0.11148707521888833
8940,0.6410666150826634,0.9253763421322618,0.11150360991328272
8941,0.6410716922454667,0.9253815802164869,0.11152446424872997
8942,0.6410720207667449,0.9253802159318941,0.11152311120851795
8943,0.6410775010223074,0.9253765227558558,0.11151661660531424
8944,0.6410711731850794,0.9253678643525111,0.11152598569478601
8945,0.6410954047057819,0.9253791936792134,0.11153926275602584
8946,0.6410798058147739,0.9253752545476428,0.1115475448222461
8947,0.6410999708674685,0.9253758194767558,0.111544431265477
8948,0.6411139500453502,0.925375700342045,0.11154347334616073
8949,0.6411201147568778,0.9253827485052648,0.11154387622262159
8950,0.6411167431359664,0.9253838437759941,0.11154234048585927
8951,0.6411200120236005,0.9253823449844698,0.11154042456655827
8952,0.6410907025852514,0.9253696744315059,0.11155602818666845
8953,0.6410806310844899,0.9253763882489241,0.11154376577476859
8954,0.6410645821513997,0.9253790591722817,0.1115515397993281
8955,0.641064639440189,0.9253857883619208,0.11154966555536837
8956,0.6410280903219029,0.9253612389253622,0.1115740215133978
8957,0.6410397049868898,0.925357507318772,0.111577774439376
8958,0.6410723217625777,0.9253616040156053,0.11157819548426402
8959,0.6410816204274278,0.9253558509619847,0.11159292162784216
8960,0.6410738217688042,0.9253536027746981,0.11160881436650244
8961,0.6411086068540043,0.9253507435416363,0.11160581102033777
8962,0.6411007915395589,0.9253538756316166,0.11160251724268037
8963,0.6411114503870082,0.9253569692910453,0.11160096618117069
8964,0.6411238249505845,0.9253464739073193,0.11162568627460347
8965,0.6411114761988054,0.9253402481579103,0.11164064703441932
8966,0.6411054676978947,0.9253227853151235,0.11164616834073154
8967,0.6411051668114871,0.9253224701845979,0.11164693594511951
8968,0.6411025619577483,0.9253221166235203,0.11165292204133205
8969,0.6410958904634037,0.9253225201443154,0.11165430211290761
8970,0.6411111049207445,0.9253218437666018,0.11165705444776204
8971,0.6411078947935167,0.9253066137388808,0.11174346936610853
8972,0.6411421484707561,0.9253180083975214,0.11173775508232042
8973,0.641129928773103,0.9253120939355828,0.11174878035881473
8974,0.641129928773103,0.9253120939355828,0.11174324619409484
8975,0.6411348533265611,0.9253152721422255,0.11175462354498913
8976,0.6411253838335658,0.9253246530399462,0.11175711118871724
8977,0.6411230950758947,0.9253239190164048,0.111761564829983
8978,0.6411149211688121,0.925326401630058,0.11177339275206416
8979,0.6411153578415133,0.925329122513133,0.11176836686839844
8980,0.641152976232427,0.9253374926873386,0.11177260345377611
8981,0.6411522354587125,0.9253310094532317,0.1117744232995445
8982,0.6411588753985618,0.9253282001798873,0.11176203421966478
8983,0.6411632963889986,0.9253267475050252,0.1117686049750294
8984,0.6411847962437545,0.9253352906167142,0.1117660089181572
8985,0.6411966651586583,0.9253407246967539,0.11177301140883852
8986,0.6412003774664148,0.9253422849771614,0.11178395538695184
8987,0.6412341176309864,0.925353095491413,0.11178756614287709
8988,0.6412327005620695,0.9253559124508678,0.11179759460932553
8989,0.64124391881997,0.9253591483033384,0.11180416749370757
8990,0.6412387950613689,0.9253563505591595,0.1118031428178408
8991,0.6412363886683223,0.9253520040637387,0.11180824877957764
8992,0.6412515416690451,0.9253590868144553,0.11180767219034278
8993,0.6412589275197075,0.9253667998262232,0.11181727994947768
8994,0.6412666071312999,0.925370281634226,0.11182233023498006
8995,0.6412928645498925,0.9253750816101592,0.11183089059178314
8996,0.6412900179717401,0.9253756734406586,0.11183470465494114
8997,0.6412449141935989,0.9253661349776752,0.11185306659616005
8998,0.6412600808242106,0.9253685022996727,0.11184842761235564
8999,0.641266368924199,0.9253701855578462,0.11185234043699169
9000,0.6412897729356014,0.9253791475625511,0.11184687065664552
9001,0.641285068010474,0.9253714460799488,0.11186917883667308
9002,0.6412735728065543,0.9253640789431481,0.11198275411315878
9003,0.6412918187463672,0.9253455169865769,0.11197950616383005
9004,0.641313963996004,0.9253513507443564,0.11197636113188086
9005,0.641340017786317,0.9253568001966168,0.11197472737766835
9006,0.6413586936222563,0.9253615309975567,0.11197504402346486
9007,0.6413786221640313,0.925363733068181,0.11197594528031729
9008,0.6413518054075245,0.9253495060778648,0.11197472079526197
9009,0.6413691155286765,0.925350536016656,0.1119797750964841
9010,0.6413534539419364,0.9253456053768462,0.11199053784691528
9011,0.6413510554885997,0.9253318549253736,0.1119979023076235
9012,0.6413511230307111,0.925329706657522,0.11199413138902845
9013,0.6413924042443248,0.9253626377974516,0.11198590229305451
9014,0.6413789393612985,0.9253783751084578,0.11190166963138508
9015,0.6413879159421123,0.9253885054019406,0.11190349070543644
9016,0.6413726902232134,0.9253853348814082,0.1119118005898751
9017,0.6413700789738772,0.9253786441223211,0.11192343311802043
9018,0.6413940729703719,0.925368932721854,0.11197316998131834
9019,0.6413954576354631,0.9253709464827741,0.11196155434741735
9020,0.641384217733329,0.9253722531215389,0.1119610535683159
9021,0.641383814461938,0.9253756273239964,0.11196930813732563
9022,0.641402683691587,0.9253848160689574,0.11196804747605198
9023,0.6413980883960926,0.9253870527270784,0.11197195447851703
9024,0.6414162688950321,0.9253925713543324,0.11196942301148387
9025,0.6414120171256369,0.9253986318523683,0.1119690691937591
9026,0.6414140417852595,0.9253895660851732,0.11197535973168678
9027,0.6414232169053383,0.9253859536132939,0.11198087319567705
9028,0.6414195675930465,0.9253808154485039,0.11198776304915366
9029,0.6414147869013337,0.9253849621050547,0.11199142172246991
9030,0.6413970397993713,0.9253811267359743,0.11200423977560865
9031,0.6414155463326404,0.9253759309253564,0.11199945756567896
9032,0.6414289094505121,0.9253745858560397,0.11200554123850032
9033,0.641423739611316,0.9253693323995938,0.11201600161985963
9034,0.6414261911449672,0.9253697705078856,0.11201940164231282
9035,0.6414141550062996,0.9253699165439829,0.1120204973888523
9036,0.6414190194569551,0.925365447070796,0.1120444688881456
9037,0.6414409046731117,0.9253567925105065,0.11205024693995257
9038,0.6414591937056886,0.9253604895295999,0.11204704853357741
9039,0.6414730930178669,0.9253678412941799,0.11203987005611196
9040,0.6414704759608415,0.9253685022996727,0.11204083651290962
9041,0.6414618591027383,0.9253602935337852,0.11204743930291691
9042,0.6414738960953361,0.9253670304095346,0.11204398079584532
9043,0.641504865280413,0.9253827062316577,0.11204147521825424
9044,0.64151048530336,0.9253865223854622,0.11203937009355147
9045,0.6415170184773605,0.925386318703537,0.11203249323849787
9046,0.6415046898149888,0.9253766149891803,0.1120414595911615
9047,0.641521483909424,0.9253874754631495,0.11203694590599178
9048,0.6415397308037986,0.9253957764623615,0.11204115083895362
9049,0.6415776065424295,0.9254059567155618,0.11204859035927472
9050,0.6415792550743904,0.9254114100108775,0.11204471590044748
9051,0.6415585813436135,0.9254086430111401,0.11210700618313207
9052,0.6415573453132076,0.9254059644016721,0.11211037262056217
9053,0.6415590067785986,0.9254137043148264,0.11211289519222822
9054,0.6415500013744138,0.9254047845837285,0.11211549557274696
9055,0.6415285553518382,0.9254046808212385,0.11212610219721658
9056,0.6415553383044591,0.9254031128547207,0.11211095874067474
9057,0.6415715644559438,0.9254296453077576,0.11213961227473714
9058,0.6415635005026419,0.925429149553638,0.11215298335838829
9059,0.6415759204824908,0.9254415856802353,0.11215591386968937
9060,0.6415795893978811,0.9254390684790853,0.11215712991795306
9061,0.6415783301535927,0.9254438069661355,0.11215758032346856
9062,0.6415772153413078,0.9254523731361557,0.11215082693852098
9063,0.6415808969347327,0.9254544983456762,0.11213854051133096
9064,0.6416076891528728,0.9254584297911363,0.11214282684436434
9065,0.64161668505903,0.9254605396284361,0.11214862783575742
9066,0.6416378206486142,0.9254717536634827,0.11214935784832554
9067,0.6416402348940717,0.9254691173276218,0.11215811044813646
9068,0.6416215019253895,0.9254509319904591,0.11217153387619772
9069,0.6416328602973321,0.9254466661991975,0.11217688425459771
9070,0.6416331117065296,0.9254466008672592,0.11218199594136163
9071,0.6416416647740797,0.9254533761735605,0.11218152398995075
9072,0.6416225077270654,0.9254402482970289,0.1121970211633676
9073,0.641629672808457,0.9254383344555439,0.1122042137744579
9074,0.6416247654400068,0.9254338034934739,0.11220925753335041
9075,0.6416153585137071,0.9254315015034147,0.11221547760621636
9076,0.641626200349282,0.9254380500694598,0.11221758125304848
9077,0.6416534383510427,0.9254434687772787,0.11223265340064258
9078,0.641651855086403,0.9254434303467268,0.11223518133238478
9079,0.6416644371046168,0.9254461166423051,0.11222363359729856
9080,0.6416833862974618,0.9254514700181858,0.11221516191482586
9081,0.6416998843649444,0.9254502748280216,0.11220866744334933
9082,0.6417051291015249,0.9254562776802295,0.11220723905590946
9083,0.6416910340174922,0.9254552861719902,0.11221655162960714
9084,0.6417112292247447,0.9254552131539416,0.11222436818864584
9085,0.6417149123724365,0.9254750971214987,0.11224179486816822
9086,0.6417004892865391,0.9254714808065642,0.11225079136501148
9087,0.6417014365330445,0.9254748050493041,0.11225589331031907
9088,0.6417257477245382,0.9254813459292388,0.11225897486426957
9089,0.6417474723346794,0.9254821452847185,0.11225409211766085
9090,0.6417303857579786,0.9254818839569655,0.11226289809817419
9091,0.6417275066400739,0.9254879406119462,0.11227224042407145
9092,0.6417318171329456,0.9254943431418939,0.11227183043258271
9093,0.6417180960050648,0.9254778141615185,0.11229656205744325
9094,0.641717474941786,0.9254730795175234,0.11231166498730712
9095,0.6417393229474236,0.9254846163692061,0.11230484846847112
9096,0.6417425552641901,0.9254845395081023,0.11231930912188552
9097,0.6417472276476532,0.9254916068865982,0.11232233509984775
9098,0.6417452439573615,0.9254821375986081,0.1123250924305249
9099,0.6417533188973434,0.9254867223634506,0.11233012193783103
9100,0.6417521828420267,0.9254847931497449,0.1123341296155918
9101,0.6417817314625143,0.9254887937701984,0.11233430518631028
9102,0.6417547340796853,0.9254815496111639,0.11235066354087947
9103,0.6417440876118742,0.9254722186731608,0.11234718586648727
9104,0.641756162552429,0.9254672150153024,0.11235119162395327
9105,0.6417440188086792,0.9254558626302689,0.1123657234897717
9106,0.6417348210226943,0.9254604935117737,0.11237622953005068
9107,0.6417438472635497,0.9254635833281472,0.11238058322037046
9108,0.6417358106350463,0.9254634488212155,0.11238689103289974
9109,0.6417330157603581,0.9254660467265244,0.11239537268848776
9110,0.641732782254891,0.9254691519151186,0.11239122390599782
9111,0.6417325710270622,0.9254749510854013,0.11239461492533481
9112,0.6417397585211692,0.9254582952842046,0.11240793271831089
9113,0.6417553661097465,0.9254679413527335,0.11240290608019374
9114,0.6417590969250746,0.9254593405952165,0.11241525480520546
9115,0.6417609940085857,0.9254239422138545,0.11246091562103099
9116,0.641759898304353,0.9254298374605171,0.11246950117104705
9117,0.6417772936300328,0.9254287575620085,0.11247049562750895
9118,0.6417773406398237,0.9254344030100837,0.1124775949275586
9119,0.641781720099485,0.9254236232402737,0.11248525137648681
9120,0.6418006053694886,0.9254247761568309,0.11249220567683263
9121,0.6418116853798889,0.9254312017451098,0.11249186720161022
9122,0.6418161007082227,0.9254282771801097,0.11249378738323342
9123,0.6418205399727224,0.9254301794924291,0.11249056869333025
9124,0.6417990017626597,0.9254275277843474,0.11250758395909724
9125,0.6418051527484683,0.9254267591733093,0.11251946081125117
9126,0.641808345596485,0.9254344837142428,0.11250824896837842
9127,0.6418195937691671,0.9254478383310306,0.11250696837964119
9128,0.6418513374114769,0.925453587541596,0.11251343187600761
9129,0.6418685918867946,0.9254566312413071,0.11251789365399696
9130,0.6418751429901101,0.9254603090451247,0.11251825011620138
9131,0.6418734377394119,0.9254671304680882,0.11253036938653153
9132,0.6418811268964377,0.9254827870749354,0.1125357047753819
9133,0.6418918849100017,0.9254817648222546,0.11253311301508297
9134,0.6419084335421897,0.9254780678031611,0.11256516231425234
9135,0.6419340401179856,0.925497025594417,0.11256629309637022
9136,0.641945485574175,0.9254858538329775,0.11257707037569825
9137,0.6419489628105881,0.9254870682384179,0.11258564067862577
9138,0.6419447458811584,0.9254787826114266,0.11259135477125315
9139,0.641939146929102,0.925469805234501,0.11259346841530286
9140,0.6419296664350997,0.9254746590132069,0.1125900516826318
9141,0.641923375276355,0.9254762538811111,0.11259567582049819
9142,0.6419119530613635,0.9254814650639497,0.11261316682513266
9143,0.6418865655956681,0.9254736021730294,0.11262018773496744
9144,0.641877026169948,0.9254713040260254,0.11263563496110875
9145,0.6418792161748592,0.9254870067495348,0.11263600465071058
9146,0.6418940275392266,0.9254776988698628,0.11264899418609516
9147,0.641920701309071,0.9254892203493247,0.1126449773903346
9148,0.641923979225634,0.9254890089812892,0.11264450765382965
9149,0.6419376543607311,0.9254977135012962,0.11263707430713257
9150,0.6419499810781293,0.9255036663937867,0.11263916398576677
9151,0.6419358696361521,0.9254992853108692,0.11264087688091218
9152,0.6419067675314232,0.925482560334679,0.1126672284699199
9153,0.6418800512442273,0.9254821798722151,0.11267386827760957
9154,0.641883220642484,0.9254909228227741,0.11267047881950776
9155,0.6418827006125577,0.925497044809693,0.11267332742867367
9156,0.6418979801133561,0.9254986243053764,0.11267613524946653
9157,0.6419094111050238,0.925503773999332,0.11268087706166839
9158,0.6419163845208276,0.9255012298967957,0.11268095032072727
9159,0.6419146349998689,0.9255008263760007,0.11268473945242534
9160,0.6419192418913606,0.9255062604560405,0.11268915858910163
9161,0.6419233180129393,0.9255004728149232,0.11269485234331142
9162,0.6419194235741478,0.9255001115677353,0.11269052442032983
9163,0.6419278014390453,0.9254994467191873,0.11269035946325276
9164,0.6419289965089457,0.9255070060087475,0.11269908455503067
9165,0.6419375970484831,0.925515579864878,0.11269281531725722
9166,0.6419558805758397,0.9255133470498123,0.11270274528710124
9167,0.641947520444204,0.9255134930859095,0.11272204726265071
9168,0.6419578447420121,0.9255121672318687,0.11274118620664408
9169,0.6419503737156894,0.925503731725725,0.11274921413766396
9170,0.6419473988078835,0.9255027555897065,0.11275326531330963
9171,0.6419563862289026,0.9255090082405019,0.11274302528720256
9172,0.6419615315723676,0.9255131856414942,0.11275204602518236
9173,0.6419909758318284,0.9255136122206203,0.11275320025277766
9174,0.641962980251985,0.9255128167081959,0.11276712911466788
9175,0.641963334897785,0.9255157335870856,0.11276377305742175
9176,0.6419476231927387,0.9255187657576311,0.11277782568664509
9177,0.6419452534100561,0.925517854953551,0.11277507451601035
9178,0.6419410020814222,0.9255180816938072,0.11276691197522551
9179,0.6419349000741146,0.9255188349326245,0.11277325881162477
9180,0.6419256438679672,0.9255198341269741,0.11277107805431394
9181,0.6419270033614505,0.925513039605397,0.11277555123638307
9182,0.6419285869263678,0.9255116061458107,0.11277870791219506
9183,0.6419075636221344,0.9255060029713427,0.11278676526741717
9184,0.6419028780449004,0.9255053150644635,0.11279063753427732
9185,0.6419018011207731,0.9255027901772032,0.11279456378897793
9186,0.6419193869754357,0.9254969333610925,0.11280016356189132
9187,0.6419185872180729,0.9254845126067159,0.11280531306000917
9188,0.6419459741397827,0.9254792168766631,0.11281163925300311
9189,0.6419420007701775,0.9254732831994485,0.11280727751138037
9190,0.6419578065635198,0.9254857193260458,0.11282429407879677
9191,0.641957095639291,0.9254930057586875,0.1128472659969808
9192,0.6419557638993192,0.9254929634850805,0.11284871218789487
9193,0.6419508561805215,0.9254826026082862,0.11285413033967726
9194,0.6419491825832523,0.9254588563702625,0.11290961411787832
9195,0.6419704678957266,0.9254187656185126,0.11297880919338961
9196,0.6419673581935098,0.925418915497665,0.11298379941741517
9197,0.6419661246170604,0.9254198570461868,0.11297986922210927
9198,0.6419679890379144,0.925434752728106,0.11298066345714697
9199,0.6419646196723883,0.9254225394987099,0.11298887712098254
9200,0.6419642992771827,0.9254180661824678,0.11299584796309305
9201,0.6419632679350343,0.9254215979501882,0.11299806210703485
9202,0.6419727288917724,0.9254261096969821,0.11299127555946448
9203,0.6419899816063906,0.9254227585528557,0.11300204832754406
9204,0.6420132910609992,0.9254339956462335,0.11299177168188478
9205,0.6420111336607311,0.9254301487479876,0.11301457785273843
9206,0.6420197974364674,0.9254334076587893,0.11301530373848058
9207,0.6420229783006027,0.9254485070226338,0.11301121774061874
9208,0.6420255140533255,0.9254465816519832,0.11302013148840939
9209,0.6420315668561636,0.9254413743121997,0.11311463609845153
9210,0.6420351567344862,0.9254431574898083,0.11313458055418227
9211,0.6420272820713705,0.9254369509556752,0.11314385782469195
9212,0.6420113102149535,0.9254340532920614,0.11314808218103488
9213,0.6420292319695756,0.9254327197519102,0.11314924048280693
9214,0.642036618740631,0.9254356135724688,0.11315413665025441
9215,0.6420396979164646,0.9254330464116014,0.11315490695753005
9216,0.642055433051956,0.9254342108573242,0.11311990965700679
9217,0.6420536676819715,0.9254246493360097,0.11310280409233918
9218,0.6420443548632147,0.9254176857200039,0.11311597099225576
9219,0.6420416775677015,0.9254112524456146,0.11312505307733375
9220,0.6420262963297086,0.9254056608003121,0.11313893733966705
9221,0.6420230181467651,0.9253970062400225,0.11314562755987313
9222,0.6420093855022537,0.9253983782107256,0.11314329928553413
9223,0.641991395211477,0.9253924099460143,0.1131448227716134
9224,0.6419876223718775,0.9253960147317833,0.11315249132386443
9225,0.6419923647727901,0.9253853156661322,0.11316139815625997
9226,0.6420202783405378,0.9253779100987797,0.11318595295575558
9227,0.6420138281878538,0.9253874908353702,0.11317653288833003
9228,0.6420262194225751,0.9253963183331434,0.11317932804098245
9229,0.6420241398620339,0.925393751172276,0.11318229431845607
9230,0.6420137619581671,0.925395688072092,0.1131901960386353
9231,0.6420458298040735,0.9254110756650759,0.11318587349870529
9232,0.6420185602982386,0.9254147803702798,0.11318423416062613
9233,0.6420415218125459,0.9254220975473629,0.11318924905775775
9234,0.6420444480686301,0.9254291687689139,0.11318527833514577
9235,0.6420353621252588,0.9254216017932433,0.11318570497020172
9236,0.6420353621252588,0.9254216017932433,0.11318282390029479
9237,0.6420413388231619,0.9254242650304906,0.11317106826583766
9238,0.6420445304701192,0.9254254294762133,0.11317140095866784
9239,0.6420549851251739,0.9254255870414761,0.11316693975814014
9240,0.6420485262373881,0.9254202528808714,0.11316122519499427
9241,0.6420415704005804,0.9254201222169949,0.11315737059409149
9242,0.6420492456519632,0.9254165059020604,0.11315496767784253
9243,0.6420347639798643,0.9254124860663309,0.11315984552146723
9244,0.6420130394047957,0.9254059682447273,0.11316257879631558
9245,0.6420208472078752,0.9254032089311004,0.11316588263444845
9246,0.6420118381706296,0.9254031359130518,0.11317595340821406
9247,0.6420133116449167,0.9254118519622244,0.11318004092039219
9248,0.6419977232973098,0.9254097382818695,0.11319712797105563
9249,0.6419788977882974,0.9253993159161922,0.11320935245027373
9250,0.6419864190187027,0.9254053495128416,0.11320356410236963
9251,0.6419970537430548,0.9254184043713246,0.11320921541392714
9252,0.6420203625830122,0.9254181238282957,0.11321183480374347
9253,0.6420186113711563,0.9254103493276448,0.11322526881209513
9254,0.6420113621315857,0.9254172399256019,0.11322722882046095
9255,0.6419882167252411,0.9254111448400693,0.11324968544235228
9256,0.6419958157953609,0.9254063025905289,0.11326867780247579
9257,0.6419959274469332,0.9254125244968828,0.11327065019875268
9258,0.6420194194623728,0.9254112140150628,0.1132653559099058
9259,0.6420081068494378,0.925407190336278,0.11327327406999654
9260,0.6419834411491725,0.9254101840762716,0.11329414976701896
9261,0.6419654884660924,0.9254071480626709,0.11328975432025522
9262,0.64196259120014,0.9253990123148321,0.11330370289848136
9263,0.6419630427086377,0.9254094308374542,0.11329982155996493
9264,0.6419515701814072,0.9254112447595042,0.11332820272309063
9265,0.6419686453430855,0.925412509124662,0.11332549697196992
9266,0.6419608980681641,0.9254132162468172,0.11332630897377814
9267,0.6419501458535211,0.9254128165690773,0.11332837979965589
9268,0.6419444341797754,0.9254114100108775,0.11333670268381271
9269,0.6419589404030793,0.9254108028081574,0.11334111306050708
9270,0.6419572152153498,0.9254123554024544,0.11335299365866586
9271,0.6419614466884328,0.9254163867673495,0.11335672922477358
9272,0.6419649357317948,0.9253996310467179,0.1133742094631082
9273,0.6419247477043601,0.9253789938403435,0.1133876867587922
9274,0.6419246557725471,0.9253786979250938,0.11339403403384554
9275,0.6419157690191092,0.9253768532586022,0.11339659449384225
9276,0.6419293273217861,0.9253727719339896,0.11341161248589286
9277,0.6419402441460591,0.9253751315698767,0.11341150062899953
9278,0.6419395295554295,0.925376123078116,0.11344044565198136
9279,0.6419345482369535,0.9253776026543644,0.11344024915230674
9280,0.641963797708721,0.925374047828313,0.11343819102342106
9281,0.6419846734349474,0.9253697705078856,0.11344901962351933
9282,0.6420139660786982,0.9253794819083527,0.11344830202865816
9283,0.6420144831821446,0.9253818107997983,0.11344765345485044
9284,0.642004898185088,0.9253742399810725,0.11346784499135806
9285,0.6419891792319065,0.9253728411089831,0.11347913799574626
9286,0.6420004953645218,0.9253753736823538,0.11347715072576721
9287,0.6419766218934003,0.9253702662620052,0.11347728755560874
9288,0.6419743807493873,0.9253628606946527,0.11349414077102143
9289,0.641953992177352,0.9253655738916173,0.11351382370247465
9290,0.6419721137573745,0.9253790783875576,0.11349680897785108
9291,0.6419754160253612,0.9253889665685635,0.11350640075620241
9292,0.6419793588689365,0.9253873178978866,0.11351306498017792
9293,0.6419795821267081,0.9253895430268421,0.11351759208446138
9294,0.641972569764336,0.925381783898412,0.11351634033243096
9295,0.6419729036568329,0.9253828868552517,0.11351116820072746
9296,0.6419844847266315,0.9253971061594575,0.11352042282628103
9297,0.6419880428590935,0.9253956342693194,0.11352192923195442
9298,0.6420050616711274,0.9254046616059625,0.11351844802904629
9299,0.6420213084176094,0.9254123438732889,0.1135214327905947
9300,0.6420200141377583,0.9254087314014096,0.11353486179863453
9301,0.6420097619400464,0.9254108143373229,0.11354783072808701
9302,0.6420399925892476,0.9254007570618887,0.11355006877390778
9303,0.6420148743351186,0.9254011106229663,0.11355838856487273
9304,0.6420003903031839,0.9253977172052328,0.11355202535641058
9305,0.6419662150732302,0.9253850389661585,0.11357205218390663
9306,0.641982284168902,0.9253926597446017,0.11357590758476047
9307,0.6419853411824744,0.9253869797090298,0.11357664990412851
9308,0.6419710629990952,0.9253946466041354,0.11358891936028419
9309,0.6419722325993451,0.9253926712737673,0.11358837626413475
9310,0.6419840155304873,0.925399435050903,0.11361625242838298
9311,0.6419781831982856,0.9253912916169539,0.11362486331404845
9312,0.6419774901549863,0.9253893700893585,0.1136186712011416
9313,0.6419550212063887,0.925388313249181,0.11362692212620756
9314,0.6419407364377766,0.9253837207982281,0.11363804207766791
9315,0.6419438968716601,0.9253877137325712,0.11365657433744539
9316,0.6419121810011633,0.9253755312476166,0.11366614723087665
9317,0.6418957129342103,0.9253711924383062,0.1136722299790067
9318,0.6418808200275224,0.925372034067393,0.11368039096512346
9319,0.6418588837390419,0.9253645132083846,0.11368674308034664
9320,0.6418741971982223,0.9253586333339429,0.1136952231498454
9321,0.6418691889254665,0.9253580491895539,0.11370492272148841
9322,0.6418706812123338,0.9253491371445665,0.11370608103610894
9323,0.6418690128855516,0.9253312938393158,0.11369816766875784
9324,0.6418800898125325,0.9253400867495922,0.11370385952834822
9325,0.6418603116839692,0.9253280426146244,0.11371669611938513
9326,0.6418728862425223,0.9253295414061489,0.11371431553042616
9327,0.6418433391852533,0.9253112369342753,0.11373842076204663
9328,0.6418351717214437,0.9253055722709241,0.1137521064218312
9329,0.6418704055133169,0.9253094768149979,0.11375289208494352
9330,0.6418724476960653,0.9253046191932368,0.11374328631079017
9331,0.6418807844857362,0.9253062332764169,0.11374456782932599
9332,0.6418806936184434,0.9253124782411019,0.11375095328710569
9333,0.6418818625878958,0.9253152990436119,0.11375056239566805
9334,0.6418795782675906,0.9253121631105763,0.11374712229497146
9335,0.641883994636792,0.9253299372408335,0.11375397610022457
9336,0.6418936554294488,0.9253220128610301,0.11376229620247551
9337,0.6418949695614856,0.9253265092356033,0.11375911548325142
9338,0.6418916280720064,0.9253320124906365,0.11376729693136128
9339,0.6418671000245084,0.9253166402698735,0.11379076256880596
9340,0.6418183150181466,0.9253098111607995,0.11381170705750845
9341,0.6418098444933635,0.9253008529991499,0.1138333936185474
9342,0.6418114007459682,0.9252955034663244,0.11384293041574174
9343,0.6418033394221611,0.9252934051581901,0.1138423734977194
9344,0.6418230575104455,0.9253115712800769,0.11384963368328332
9345,0.6418219213277652,0.9253170591628893,0.11384549026403538
9346,0.6418266006930755,0.9253110217231846,0.11384477937953712
9347,0.6418299972700685,0.9253077589693276,0.11384809452348227
9348,0.6418010718185787,0.9253075706596233,0.11386014319064285
9349,0.6418037854254854,0.925320779240314,0.11385885481678254
9350,0.6418094949027616,0.9253240074066742,0.11386161234929065
9351,0.6418295736543195,0.9253278619910305,0.11386813433164347
9352,0.6418040588500937,0.9253325389891977,0.11387524258092017
9353,0.6418390168018414,0.9253456399643429,0.11387755766888796
9354,0.6418400634480306,0.9253371544984818,0.1138928047917855
9355,0.6418067772558048,0.9253314091309716,0.11390766966841494
9356,0.641809478041278,0.9253333690891188,0.11390440921715342
9357,0.6418145562168865,0.9253177547558789,0.11391542098314118
9358,0.6418076651174719,0.9253173051184215,0.11393696830366934
9359,0.6418296334811341,0.9253166979157014,0.11392370228608495
9360,0.6418242525281569,0.9253105528704513,0.11393122975628131
9361,0.6418196811196885,0.9253127318827444,0.11394082399591025
9362,0.6418198542385428,0.9253181467475082,0.11394713457598162
9363,0.6418161627236778,0.9253209906083494,0.113942530618473
9364,0.6418057017946696,0.9253117557467261,0.1139716123843485
9365,0.6418207805299528,0.9253129855243871,0.1139647489672168
9366,0.6418191060170293,0.9253162559643544,0.1139625905989178
9367,0.6418407371971571,0.9253228199026202,0.1139625969047368
9368,0.6418294588077792,0.9253305867171607,0.11396576344379615
9369,0.6418212784470578,0.9253301524519242,0.11396190128703663
9370,0.6418435445741801,0.9253390721830219,0.11397280001975572
9371,0.6418399031265465,0.9253379500109062,0.11397535576533142
9372,0.6418522163431147,0.9253349716431334,0.11397560017790909
9373,0.6418655095897339,0.9253354135944803,0.11397470019974094
9374,0.6418741300675249,0.9253341722876537,0.11397303495074772
9375,0.6418917106854126,0.9253352829306039,0.11396163551004451
9376,0.6418557978792973,0.925320660105603,0.11399212611754865
9377,0.6418397718058106,0.9253091232539203,0.1140063588346402
9378,0.641856352150558,0.9253148417200442,0.11400194212108665
9379,0.6418363295338407,0.9252956418163112,0.11401992539646612
9380,0.6418417641315848,0.925300230424209,0.11402214411135013
9381,0.6418550229437948,0.9253187731655044,0.1140181017758973
9382,0.6418554527900727,0.9253186117571863,0.11404414598623344
9383,0.641856631632607,0.9253179123211416,0.11404143786058128
9384,0.6418478853339094,0.9253168631670745,0.11405329646092562
9385,0.6418537388191953,0.9253088503970018,0.114056241014845
9386,0.6418653210475161,0.9253170822212204,0.11405752557276966
9387,0.6418657154936032,0.9253154758241506,0.11405494230950296
9388,0.6418455670969551,0.9253138540548602,0.11404838808459537
9389,0.6418661546739879,0.9253229697817726,0.1140355098601963
9390,0.641895206296085,0.9253142460464896,0.11402555415819494
9391,0.6419202693164421,0.9253106105162792,0.11402998030322174
9392,0.641936709888522,0.9253136772743215,0.11402280907601198
9393,0.6419645984617655,0.9253212327208264,0.11401351918325632
9394,0.6419669036119484,0.9253205255986713,0.11402525122206764
9395,0.6419814628153896,0.925314476629801,0.11402354760467204
9396,0.6419871333683294,0.925309357680287,0.11402689797729937
9397,0.6419922337367622,0.9253129663091111,0.11403538120385422
9398,0.6419929685302074,0.9253211404875018,0.1140358548364344
9399,0.6419821811120732,0.9253139770326263,0.11403770972616081
9400,0.6419731846390784,0.9253118326078299,0.11403674169558248
9401,0.6420086317362248,0.9253071363943868,0.11404408669931429
9402,0.6420191944320324,0.9253083546428822,0.11404903750451366
9403,0.642008595670447,0.9253038736405298,0.11407979898768424
9404,0.6420286926279688,0.9253131277174291,0.11407300931157702
9405,0.6420110755349283,0.9253180199266869,0.11408331807104001
9406,0.6420110755349283,0.9253180199266869,0.11408240284396876
9407,0.64198238180326,0.9253171859837106,0.11408548142680666
9408,0.6419931180502718,0.9253188538696634,0.11408889678822497
9409,0.641992822882013,0.925323177306753,0.11407454409449831
9410,0.6419974236831701,0.925324849035761,0.11405622302669519
9411,0.6420007208307019,0.9253306943227061,0.11407020451204393
9412,0.6419967641731539,0.9253325812628047,0.11406397873956134
9413,0.6420201541071069,0.9253364127888299,0.1140520698313712
9414,0.6420209739694773,0.925342903709047,0.11404626355520515
9415,0.6420405142242025,0.9253316089698415,0.11405921007118612
9416,0.6420586693107018,0.925340828459244,0.11406787466557873
9417,0.6420323128761338,0.925327669838271,0.11408050822319693
9418,0.6420298979793327,0.9253178585183689,0.11409872257469027
9419,0.6420332629066512,0.9253120132314238,0.11411359469307747
9420,0.6420270857826067,0.9253083661720478,0.11411286376977675
9421,0.6420239147952826,0.9253080664137429,0.11411662465519609
9422,0.6420428244377546,0.9253192958210102,0.11412523131261687
9423,0.6420684506200699,0.9253168439517986,0.11407183718045981
9424,0.6420749143926849,0.9253207561819827,0.11407236656464238
9425,0.6420751090080505,0.9253192189599064,0.11407341876497908
9426,0.6420866942790477,0.9253214364027516,0.11407893144512952
9427,0.6420760420981061,0.9253163750990653,0.11408858172146646
9428,0.642095300395764,0.9253220628207476,0.1140851794916435
9429,0.6420712025958641,0.925314695683947,0.11409338826306065
9430,0.6420702913444956,0.9253149032089273,0.11408962676662915
9431,0.6420816738572737,0.9253083392706615,0.11408696220796247
9432,0.6420909615737193,0.92531274341191,0.11407341540511232
9433,0.6421030837517944,0.925309799631634,0.11407265527578418
9434,0.6420791898908929,0.9252913145361664,0.11408909562401467
9435,0.6420835503277595,0.9252919255819417,0.11409113884782468
9436,0.6420565732874896,0.9252881324864685,0.11411176006977396
9437,0.6420516952559385,0.9252786478262577,0.11411948945770164
9438,0.6420422392148943,0.9252654738330638,0.11412261645224551
9439,0.6420461515853492,0.9252552013465389,0.11413697171149538
9440,0.6420535090287451,0.9252519424357372,0.11414111492410942
9441,0.6420492848370888,0.9252520269829514,0.11413863069646808
9442,0.642054331616088,0.9252483069055267,0.11414703101679209
9443,0.6420465106830882,0.9252468119570575,0.11414518304772468
9444,0.6420455841865673,0.9252525150509605,0.11414672865707486
9445,0.6420310684643348,0.9252469925806515,0.11415255060521907
9446,0.6420315519363402,0.9252421349588903,0.11415603838641603
9447,0.642028423888779,0.9252470694417553,0.1141569614667124
9448,0.6420361330346442,0.9252466082751324,0.114159253216534
9449,0.6420546235897797,0.9252476612722547,0.11416789177420429
9450,0.6420468960129375,0.92524464447393,0.11416049658922287
9451,0.6420424034587003,0.9252452901072019,0.11415653065916893
9452,0.642022757265253,0.925244928860014,0.11415487785870275
9453,0.6420275661927551,0.9252403133507299,0.11415543075099538
9454,0.6420330516900611,0.9252439450378852,0.11414647116010103
9455,0.6420058640426278,0.9252375463509925,0.11415898691303335
9456,0.6420066637676467,0.9252310285293891,0.11416950232614953
9457,0.6420075120270482,0.9252302945058476,0.11417272801476905
9458,0.6419980031492197,0.9252438912351125,0.11419198085919047
9459,0.641996360759776,0.9252399021438246,0.11419481443963829
9460,0.6419560852331015,0.925246116364068,0.11421288581019334
9461,0.6419983989502309,0.9252543405021761,0.11420940412057393
9462,0.6419876354469322,0.9252545057535494,0.11423036553478894
9463,0.6420766529802571,0.925231893216807,0.11431128159305594
9464,0.6421079003729069,0.9252343450860187,0.11430850920840757
9465,0.6421030325082319,0.9252292376656702,0.11431613834942597
9466,0.6420918878439345,0.9252268934020038,0.11432015176895931
9467,0.6420979230982092,0.9252325657514654,0.11431799197700401
9468,0.6420929268771014,0.9252289686518068,0.11432309660335908
9469,0.6420896256699709,0.9252296027559133,0.11433371381009975
9470,0.6420896631646471,0.925233142209744,0.11432577927673865
9471,0.6421134490218864,0.9252354672581344,0.11432908241768458
9472,0.6420964531694654,0.9252372888662947,0.11433368324207673
9473,0.6420836676015428,0.9252423655422017,0.11433920371218753
9474,0.6420807386822411,0.9252390720439033,0.11433925599406362
9475,0.6420887757271614,0.9252358477205983,0.1143635053445023
9476,0.6420890953531915,0.9252360667747441,0.11437169338421115
9477,0.6421062871954936,0.925239629286906,0.11437152725140871
9478,0.6421063902085778,0.9252513083316307,0.11438334983551521
9479,0.6421323373250323,0.9252605893099164,0.11438822490667734
9480,0.6421319610511287,0.9252565617880765,0.11439131185618275
9481,0.6421494309215974,0.925252807123155,0.11438673737543839
9482,0.6421744633043601,0.9252494636651392,0.11440495066363365
9483,0.6421647316571439,0.9252460587182401,0.11441744798361152
9484,0.6421718891224006,0.9252578453685102,0.11441905386741298
9485,0.6421550396381661,0.9252450518377802,0.11443813957798038
9486,0.6421455300976113,0.9252448635280758,0.11445581380636431
9487,0.6421431634535884,0.9252504244289368,0.1144669668236922
9488,0.6421367729952342,0.9252460664043505,0.11446888464193854
9489,0.6421505758206375,0.9252514582107831,0.11447942660444975
9490,0.642144854756869,0.9252550937409936,0.11448784067418075
9491,0.6421496767508902,0.9252568615463813,0.11447389185434864
9492,0.6421309168649156,0.9252567193533392,0.11448176545624471
9493,0.6421332117703507,0.9252553127951394,0.1144870369907561
9494,0.6421266597673188,0.9252541252910855,0.11448642827042693
9495,0.6421264179803259,0.9252539485105468,0.11449184565541404
9496,0.6421280422306653,0.9252542674841275,0.11449982823300181
9497,0.6420933119172076,0.9252658197080309,0.11446254004893489
9498,0.6420834268807483,0.9252667112968352,0.11449628568275183
9499,0.6421038926962509,0.9252885475364291,0.11445495955850288
9500,0.642089132661035,0.9252914298278221,0.11446259629504987
9501,0.6420920780293005,0.925290561297349,0.11447259443484048
9502,0.6420802687361511,0.9252872601129402,0.11448412177584119
9503,0.6420777338269686,0.9252864453852397,0.11449741905952594
9504,0.6420981695224626,0.9252900962876709,0.11448710898814154
9505,0.6421059156171192,0.9252885167919875,0.11448856050127966
9506,0.6421082477419163,0.9252869449824145,0.11449452678663574
9507,0.6421082477419163,0.9252869449824145,0.1144917961054441
9508,0.6420955702626747,0.9252784595165533,0.11450472431794179
9509,0.6421035856962182,0.9252808652691028,0.11450655696370089
9510,0.6421085687007227,0.9252872101532227,0.1145089745793483
9511,0.6421118746938719,0.9253080471984669,0.11456109826278071
9512,0.6421063355653869,0.9253102800135328,0.11456578099598588
9513,0.6421047281697428,0.9253203718764637,0.11457519898807363
9514,0.6420735471044826,0.9253198069473506,0.11459297066460157
9515,0.642071247375093,0.9253094768149979,0.11457952911550028
9516,0.6421062700241883,0.9253179930253006,0.11458160801082329
9517,0.6421125681083776,0.9253188423404978,0.11458291571150668
9518,0.6421163927654768,0.9253217861207739,0.11459205146142086
9519,0.642106952747303,0.9253158409143938,0.11460881331833495
9520,0.6421046866763636,0.9253191843724098,0.11462931358091609
9521,0.6421060925981337,0.9253215094208002,0.11462436820294937
9522,0.6421044132040299,0.9253159638921599,0.11464583149900934
9523,0.6420923916288577,0.9253155104116474,0.11464159224146879
9524,0.6420655151846117,0.9252852847825721,0.11466374218925741
9525,0.6420663524361169,0.9252872216823883,0.11466653785077188
9526,0.6420696323929798,0.9252806577441225,0.1146766304245957
9527,0.6420910262890626,0.9252855268950492,0.11467415007549109
9528,0.6420584177312822,0.9252775679277491,0.1146878442759481
9529,0.6420681397537625,0.925274001572532,0.11468345560743874
9530,0.6420804896197706,0.9252829558911265,0.11469325093711036
9531,0.6420795139777048,0.9252837783049374,0.11468597126085835
9532,0.6420822841573052,0.9252863800533014,0.11468564230461205
9533,0.6420647082079513,0.9252822257106402,0.11467920453350146
9534,0.6420687709645344,0.9252811496551868,0.11466846334521592
9535,0.6420697642225457,0.9252824755092277,0.11467289976823687
9536,0.6420793169529898,0.9252857152047534,0.1146691189291806
9537,0.6420536260382129,0.9252680294647656,0.11468926324304717
9538,0.6420518881466245,0.9252590175003433,0.11470234052284987
9539,0.642048751071817,0.9252483683944097,0.1147133351048391
9540,0.6420358443688015,0.9252428267088246,0.11471336718411905
9541,0.6420041901919242,0.9252432456018405,0.11472044533830919
9542,0.6420205532741133,0.9252352328317678,0.11471490473268384
9543,0.642036261431855,0.9252347985665312,0.11471415894568603
9544,0.6420391784335946,0.9252348831137454,0.11471392379563985
9545,0.642047018294907,0.9252324466167544,0.11471122259040163
9546,0.6420693757185523,0.9252426576143963,0.11469416734795865
9547,0.6420643287371194,0.9252407207145802,0.11469151118157597
9548,0.6420718992407362,0.9252573842018873,0.11468837067336786
9549,0.6420484863093756,0.9252507434025177,0.1146915458611683
9550,0.6420465828956016,0.9252521192162759,0.11469635088431017
9551,0.6420507372850781,0.9252428574532662,0.11470852928266713
9552,0.6420508753985157,0.9252338493318991,0.11472566625416847
9553,0.6420265860415277,0.9252315665571158,0.11473992062082128
9554,0.6420399862134586,0.9252449019586276,0.11473989825332075
9555,0.6420202099795554,0.9252539869410986,0.11475708778456416
9556,0.6420059822994113,0.9252540330577609,0.11476162499316048
9557,0.6419987284327703,0.9252445176531086,0.11477209220157364
9558,0.642018926396097,0.9252478111514071,0.11477554302663455
9559,0.6420223227798056,0.9252508586941733,0.11480026363777959
9560,0.6420398277937589,0.925248495215231,0.11480191464104199
9561,0.6420605442107382,0.9252493868040353,0.11479616322597554
9562,0.6420636825345268,0.9252519078482404,0.11482937421893807
9563,0.642068555007275,0.9252584986878926,0.11482975494615072
9564,0.6420813049933273,0.9252821757509228,0.11483555454923931
9565,0.6420862597367054,0.9252835938382882,0.11483302260270728
9566,0.6420827061688719,0.9252846929520727,0.11483415798939414
9567,0.642093809745298,0.9252835323494052,0.11483035197453315
9568,0.6420865526258428,0.9252822064953643,0.11483592046141512
9569,0.6420645660059539,0.925267249324562,0.11485000968818539
9570,0.642055155535395,0.9252617191681424,0.1148517031671078
9571,0.6420446571406546,0.92526257616945,0.11485209919997612
9572,0.6420258915911687,0.9252588599350805,0.11486548424111047
9573,0.6420463122313613,0.925269870288202,0.11486095561790151
9574,0.6420400232298566,0.9252774910666453,0.11487040141596289
9575,0.6420263959668415,0.9252682062453044,0.11487364754943728
9576,0.6420147152809581,0.925263041179128,0.1148794155121223
9577,0.6419876631706235,0.9252576340004747,0.11489211030273119
9578,0.641994321062247,0.9252529493161972,0.11489988657312276
9579,0.6419834583690263,0.9252500747109145,0.11490303275710972
9580,0.6419923199334351,0.9252451632863806,0.11490927231575813
9581,0.641985938081625,0.9252521499607175,0.11491337565520017
9582,0.6419878922794,0.9252588138184182,0.11491723928453723
9583,0.6419840365190183,0.9252503821553297,0.11492165859036657
9584,0.6419808781040011,0.9252491446915583,0.11492456849999305
9585,0.6419823580518976,0.9252494137054216,0.11491012895253881
9586,0.6420064678958742,0.9252504782317095,0.11490772151875386
9587,0.6420140376775642,0.925245190187767,0.11490896196846712
9588,0.6420005133993391,0.9252491677498894,0.11490671681685467
9589,0.6420045241090606,0.925251535071887,0.11489771294026735
9590,0.6420041841773659,0.9252507088150209,0.11489157750558412
9591,0.6419867545643485,0.9252662808746538,0.11489145393620157
9592,0.6419807846105431,0.9252589867559018,0.11490050253325186
9593,0.6419583333901789,0.9252688365063557,0.11490859661340858
9594,0.6419869171629126,0.9252788207637412,0.11490789669389628
9595,0.6419845272865685,0.9252915066889259,0.114904853312942
9596,0.6419787619841745,0.925288424558663,0.11491590619971936
9597,0.6419809501362794,0.9253176202489471,0.11494474270973543
9598,0.6419924763250668,0.9253156103310823,0.11496414745879037
9599,0.6419888475207465,0.9253130739146564,0.11497269514807114
9600,0.641991407716697,0.9253181467475082,0.11496600746714201
9601,0.641983856626032,0.9253212749944335,0.11496614756368521
9602,0.6419603988906044,0.9253114444592556,0.11498126621276851
9603,0.6419716473892682,0.9253159293046632,0.11497906411724894
9604,0.6419674319510681,0.9253151914380665,0.11499191372781659
9605,0.6419743005213095,0.9253105836148928,0.11499459299450385
9606,0.64193838976812,0.9252958493412915,0.11501391038344436
9607,0.6419511957013132,0.9253060795542093,0.1150073075654477
9608,0.6419694973590099,0.9253103069149191,0.1150059280075815
9609,0.6420091568810766,0.92531808141557,0.11500532281661055
9610,0.6419960815589119,0.9253171398670482,0.11500972259055842
9611,0.6420165151688887,0.9253174934281259,0.11500949740966687
9612,0.6420262380881878,0.9253181967072257,0.11500857234973759
9613,0.6420438251583476,0.9253121208369691,0.11499882184602032
9614,0.6420303039000671,0.9253095767344329,0.11501687731408208
9615,0.6420411121547633,0.9253151760658458,0.11502488699357957
9616,0.6420505280748251,0.9253032395364233,0.11503842216350604
9617,0.642048109804945,0.9253081970776194,0.11504513553322365
9618,0.6420747610414838,0.925329787361681,0.11503966962234712
9619,0.6420547154675803,0.9253262555939608,0.11504628168456726
9620,0.6420615356800944,0.925324487788573,0.11504284168309079
9621,0.6420824061147244,0.9253278158743682,0.11504161654810773
9622,0.6420699416543261,0.9253132391660297,0.11509334381556408
9623,0.6420812366029718,0.9253176663656094,0.11510086352578842
9624,0.6420774689598179,0.9253133083410231,0.11511303595501958
9625,0.642098586512212,0.9253227238262405,0.11512149815806984
9626,0.6421433942280397,0.9253185617974689,0.11512827724296722
9627,0.642122507527736,0.9253157986407867,0.1151397936376795
9628,0.6421280526902335,0.9253133775160165,0.11513682980033628
9629,0.6421255727595256,0.9253096651247023,0.11515582455939243
9630,0.6421156437289364,0.9253249451121407,0.11516704042101909
9631,0.6421169816625976,0.9253056798764695,0.11520070152352234
9632,0.6421271215664154,0.9252963873690182,0.11517766913939312
9633,0.6421347461031489,0.9252794702400685,0.11515282227883969
9634,0.6421139974804209,0.925276557204234,0.1151689924590804
9635,0.6421088963824895,0.9252735327197988,0.11517242827268487
9636,0.6421198802718625,0.9252725066240629,0.11517091634158837
9637,0.6421179289374106,0.9252776793763496,0.11516993783299134
9638,0.642138463991567,0.9252769530389185,0.11515658956176754
9639,0.6421605963634298,0.9252830135369544,0.11514911570604185
9640,0.6421413821968298,0.9252804194747006,0.11517191171926822
9641,0.6421601511252667,0.925288505262822,0.11517913005377964
9642,0.642150272465821,0.9252874945393068,0.11518842430544428
9643,0.6421608879009488,0.9252972443703258,0.11522936240448942
9644,0.642151995268385,0.9252995156159435,0.11523274521008856
9645,0.642149977292456,0.9253031626753195,0.11523916900585622
9646,0.6421690738989934,0.9253104145204645,0.11522601010951482
9647,0.6421841364087594,0.9253146188228432,0.11521782820091046
9648,0.6421517774912738,0.9253083046831647,0.11521785644766035
9649,0.6421518156691932,0.9253118518231058,0.11522014978991714
9650,0.6421518156691932,0.9253118518231058,0.11522014978991714
9651,0.6421526983638424,0.9253176740517198,0.11522266320662664
9652,0.6421526537798367,0.9253077935568244,0.11522914639479954
9653,0.6421504846800061,0.9253143498089798,0.11522273342596633
9654,0.6421604113708164,0.9253171590823243,0.11522633123180624
9655,0.6421526432170986,0.9253090002761543,0.11522649132123393
9656,0.6421543765715071,0.9253198069473506,0.11523959241418621
9657,0.6421571737450898,0.9253095997927641,0.11524592188973007
9658,0.6421983800732385,0.9253150915186316,0.11529524522717795
9659,0.6422146062483992,0.9253161906324162,0.11530622966136654
9660,0.6422218498194848,0.9253147648589404,0.11530102844477455
9661,0.6422287227502,0.9253132891257472,0.11529832029559406
9662,0.6422404967568588,0.9253197493015228,0.11530079122340618
9663,0.6422532740320734,0.9253264977064377,0.11529704583531403
9664,0.6422717042827396,0.9253254985120881,0.11530036805457719
9665,0.6422674881516367,0.9253124359674948,0.11530548916623266
9666,0.6422797743422712,0.925318181335005,0.1153137151562875
9667,0.6422846792943997,0.9253239459177911,0.11532018136384155
9668,0.6422965968236672,0.9253220282332509,0.11532114663734892
9669,0.6422873752110678,0.9253105567135065,0.11534409446601046
9670,0.6422991827126455,0.9253085621678625,0.11534454093886877
9671,0.6422998351198278,0.9253011258560684,0.11535570305009077
9672,0.6423053727890237,0.9252994310687293,0.11536217039383742
9673,0.6422976791026521,0.9252831019272237,0.11539635085829446
9674,0.6423071029878455,0.9252819951273288,0.11538784041642072
9675,0.6422972542743377,0.9252895966904962,0.11538579313962341
9676,0.6423046880848958,0.9252877558670598,0.11539471588464358
9677,0.6423363863229591,0.9252998730200762,0.11539916263412503
9678,0.6423077633409808,0.9252810843232486,0.11542120831643246
9679,0.6423094025616234,0.9252809344440962,0.1154197504041984
9680,0.6423199931219042,0.9252807000177296,0.11542646123306063
9681,0.6422989229830007,0.9252776447888529,0.11544210700694496
9682,0.6423224159725395,0.9252916565680784,0.11544328242568516
9683,0.6423318184331106,0.9252934858623492,0.11544452295411235
9684,0.6423399037478766,0.9253073669776982,0.11544503718770618
9685,0.6423615133967987,0.9253056721903591,0.1154374107526626
9686,0.6423529833885832,0.9252917757027893,0.11545212579859117
9687,0.6423446161000866,0.9252734212711983,0.11547427513088313
9688,0.6423338028342864,0.9252699202479195,0.11547762932551771
9689,0.6423328537350769,0.9252730177504033,0.1154758071489392
9690,0.6423286523980856,0.9252724528212902,0.11547857072591682
9691,0.6423270656033512,0.9252656621427682,0.11545807458880408
9692,0.6423356751346775,0.925256250500606,0.1154574403251927
9693,0.6423419369606906,0.9252598706585957,0.11545511511243897
9694,0.6423282783911114,0.9252546633188122,0.11547584057294107
9695,0.6423487125047868,0.9252583449656849,0.11548790815083686
9696,0.642342680256585,0.9252599283044235,0.1154953427145511
9697,0.6423374434799488,0.9252570267977545,0.11549663665508961
9698,0.6423124214112393,0.9252381420245471,0.11550735584904813
9699,0.6423282959674604,0.925244264011466,0.11551314682772997
9700,0.6423293575224062,0.9252427613768864,0.11551966164245993
9701,0.6423335289819417,0.925238560917563,0.11551360471254624
9702,0.6423094276349077,0.9252348984859662,0.11552077807394932
9703,0.6423149194592375,0.925241039688161,0.11552618096761254
9704,0.6423133517308889,0.9252400404938114,0.11551980126015442
9705,0.642319016407945,0.925242369385257,0.11552063691854587
9706,0.6423108902032307,0.9252295527961958,0.11552830459965073
9707,0.6423286482073148,0.9252394794077535,0.11553596914470993
9708,0.6423277002541128,0.9252454207710784,0.11554093081165265
9709,0.6423438271646055,0.9252603279821634,0.11552519636486853
9710,0.6423337648704096,0.925262979690245,0.11553267436907279
9711,0.6423261474220922,0.9252632909777154,0.11553005235668432
9712,0.6423254764084381,0.9252713498644505,0.11554172765440829
9713,0.6423349257563242,0.9252686866272033,0.11553160335903967
9714,0.6423341187010296,0.9252746741071904,0.11553399321564838
9715,0.6423193584195066,0.9252725181532284,0.11554929625926942
9716,0.642289029951674,0.9252567769991671,0.11557100386150362
9717,0.642304979965603,0.925258729271204,0.11558429369872192
9718,0.6423208347145805,0.9252578607407309,0.1155828953641894
9719,0.6423362237410014,0.9252654200302911,0.11558375666019799
9720,0.6423287245181178,0.9252586447239898,0.1155828671840371
9721,0.6423313374030661,0.9252500977692456,0.11560374935524265
9722,0.6423421859119592,0.925254056116092,0.1156070903455105
9723,0.6423376637039411,0.9252528955134245,0.11560198580179476
9724,0.6423307850234853,0.9252477957791864,0.11564208829478403
9725,0.6423461671937863,0.9252536948689041,0.1156242311591809
9726,0.6423667158826721,0.9252595170975181,0.11563155477600767
9727,0.6423671449232865,0.9252522883107043,0.11563701705027639
9728,0.6423471818457054,0.925235378867865,0.11564758332709013
9729,0.6423435328680724,0.9252274544880617,0.11565979644522895
9730,0.6423434331004237,0.9252356863122803,0.11568142138259732
9731,0.6423329631019826,0.9252261901229039,0.11569919274214249
9732,0.6423316706211852,0.9252367815830096,0.11570569908307503
9733,0.642342386117968,0.9252308286905191,0.11570268661172366
9734,0.6423424775239316,0.9252256559382324,0.11570020566820576
9735,0.6423596986035801,0.9252317625529305,0.11568813483326781
9736,0.6423435040230256,0.9252261209479105,0.1156966042027514
9737,0.6423377381383512,0.9252259364812613,0.11570077011625964
9738,0.6423348572830941,0.9252248143091456,0.11570484538502321
9739,0.6423454206836726,0.9252320776834562,0.11571962531033453
9740,0.6423314268239032,0.9252299140433837,0.11574739032126798
9741,0.642335193861686,0.9252280155741195,0.11574426960702627
9742,0.6423458443451197,0.9252206253789876,0.11575208207592105
9743,0.6423501106091847,0.9252217667663793,0.11575370358304891
9744,0.6423617850409266,0.9252266628186924,0.1157485036175586
9745,0.6423509661848774,0.9252194148166026,0.11576224537754046
9746,0.6423529629277842,0.9252175547778902,0.11576728224320441
9747,0.6423560194011203,0.9252197184179627,0.11578254778964611
9748,0.6423275238450336,0.9252080240010172,0.11579988195693017
9749,0.6423297315448647,0.925205583660971,0.11580381778116766
9750,0.6423046173496009,0.9251982741699982,0.11579852578844575
9751,0.642311628702982,0.925213538785216,0.11580067096453078
9752,0.6423411438007497,0.9252168361265696,0.11579458532301797
9753,0.6423683378465821,0.9252117940381593,0.11579186168090588
9754,0.6423797015111404,0.9252132351838559,0.11578405238025537
9755,0.6423638144456283,0.9252172972931925,0.11578352244045784
9756,0.6423692837630731,0.9252175778362214,0.11577844602175955
9757,0.6423919780572468,0.9252253523368723,0.11578089154129832
9758,0.6423916482454348,0.9252180582181203,0.11578348426263459
9759,0.6423817074935037,0.9252173856834619,0.11578846139419582
9760,0.6423908929185886,0.9252172281181991,0.11577997133033786
9761,0.6424000941280583,0.9252174856028968,0.11576915400647535
9762,0.6424034893529621,0.9252142113198744,0.11577168775502397
9763,0.6423951585597109,0.9252122052450648,0.11578734264889981
9764,0.6423975692077246,0.9252134158074499,0.11579293065493618
9765,0.6423980405444082,0.9252167054626931,0.1157944354294522
9766,0.6424000903230508,0.9252100877216547,0.11579929693294215
9767,0.6423916124339211,0.9252106833952092,0.11580880645594625
9768,0.6423662231581249,0.9251978206894858,0.11582845543735984
9769,0.642363423794693,0.9251911606748402,0.11582239286465491
9770,0.6423736609259768,0.9251919139136576,0.1158183681029845
9771,0.6423952895208528,0.9252049188124231,0.11582829207561669
9772,0.6424006220312924,0.9252043385110893,0.11582608059212124
9773,0.6424014189116901,0.9252076858121604,0.11582261004701014
9774,0.6424005075914102,0.9252076051080014,0.11582090033345085
9775,0.642406088572209,0.9252038773444664,0.11584444326590017
9776,0.6423924654166264,0.9251952612147287,0.11586479799854424
9777,0.6424014799769535,0.9251998690379024,0.1158621211131158
9778,0.64241798156871,0.9252003571059116,0.11587682989786299
9779,0.6424028928881744,0.9251895619638808,0.11588056681752766
9780,0.6424047769803315,0.9251822563159632,0.11588515106133626
9781,0.642408093561876,0.9251817298174021,0.11587773812178778
9782,0.6424293019759988,0.925175481009662,0.11589551860851525
9783,0.6424228462294729,0.9251728984765737,0.11590450241866779
9784,0.6424341636076266,0.9251735018362387,0.11590671789605018
9785,0.6424326754816391,0.9251746816541823,0.11590861815786252
9786,0.6424253680949362,0.9251739053570337,0.11590488109061978
9787,0.6424198662395136,0.9251694704713436,0.11591403429604925
9788,0.6424236844616258,0.9251631294302788,0.11592290443037304
9789,0.6424285286532757,0.9251686980172502,0.11592977096455181
9790,0.6424366007440917,0.9251707655809428,0.11593610977553787
9791,0.6424421121080689,0.9251678909756602,0.1159326967168683
9792,0.6424617768943038,0.9251739130431441,0.11593366380510653
9793,0.6424478531648473,0.9251908186429282,0.11594416011953901
9794,0.6424266535622857,0.9251795469620537,0.11595226746607068
9795,0.642420389837441,0.9251736478723359,0.11596439208798977
9796,0.6424255608206052,0.9251764725179011,0.11595341334222115
9797,0.6424352352572104,0.9251792664190248,0.1159469464245794
9798,0.6424562174060537,0.9251832478242025,0.11595467998529695
9799,0.6424543694810954,0.9251838396547017,0.11595836149632877
9800,0.64246621079764,0.9251841893727242,0.11594995388949274
9801,0.6424750685122423,0.9251846121087951,0.115952217867202
9802,0.6424830869522579,0.9251918139942226,0.11596314985984174
9803,0.6425017419534128,0.9251922982191767,0.1159647706132108
9804,0.6424979716800558,0.9252068480261288,0.1159744422395383
9805,0.6425099747993227,0.925205037947134,0.11597485933550399
9806,0.6425203041639397,0.9252006222767198,0.11596942617123564
9807,0.6425114260849859,0.9251998421365161,0.11597477180730217
9808,0.6425042867677382,0.9251973326214765,0.11597717103729585
9809,0.6425398270832627,0.9251944541731386,0.11598227467926743
9810,0.642542183729926,0.9251916987025669,0.11598845682533397
9811,0.6425468915326493,0.9251864952058386,0.11600032547481763
9812,0.6425539910769413,0.9251828443034074,0.11599959770835928
9813,0.642544568198698,0.9251881746209569,0.116003174140297
9814,0.642552521739656,0.9251926940538613,0.1160262158914268
9815,0.6425530040586499,0.9251933050996366,0.1160171805540648
9816,0.6425574705512364,0.925202762858461,0.11602191406902267
9817,0.6425406344745036,0.9251911760470609,0.11604667059350224
9818,0.6425501489714404,0.9251909800512462,0.11606670486922975
9819,0.6425363362949861,0.9251853115448399,0.11608424891748471
9820,0.6425339047836416,0.9251819642437688,0.11609558958361924
9821,0.6425208238981099,0.9251879863112527,0.11609054012439571
9822,0.6425333608827455,0.9252042578069303,0.1160926402605489
9823,0.642552396154481,0.9252077818885402,0.11609668134497675
9824,0.6425399242105418,0.9252157062683435,0.11608606738258535
9825,0.6425399242105418,0.9252157062683435,0.11607810679431622
9826,0.6425478071376485,0.9252101799549792,0.11608132943915626
9827,0.6425540331691192,0.9252021210682442,0.11609723448980558
9828,0.6425948583317153,0.9252220473094083,0.11608273397777749
9829,0.6426091331566116,0.9252216860622203,0.1160808795712414
9830,0.6426132887923408,0.9252346832748755,0.11609121029226509
9831,0.642625707396385,0.925228388350473,0.11609684526808602
9832,0.6426693626225729,0.9252400404938114,0.11608713606215348
9833,0.6426673998169258,0.9252326579847899,0.11609972020242923
9834,0.6426627839243727,0.9252276543269315,0.11610285616783116
9835,0.6426487213070086,0.9252278349505255,0.11610757987141368
9836,0.6426321821024227,0.9252295489531406,0.11610354109918182
9837,0.6426381437164942,0.9252269318325557,0.11610345709713557
9838,0.6426203810140655,0.9252198798262807,0.11608562349245184
9839,0.6426466597220025,0.9252367585246785,0.11610485160651736
9840,0.6426557552799657,0.925233303618062,0.11611421700732387
9841,0.6426602740298392,0.925235963012254,0.11611168087920179
9842,0.6426374033913366,0.9252318163557032,0.11611780764359574
9843,0.642644477997923,0.9252404517007168,0.1161190765318138
9844,0.6426453293923446,0.9252370582829833,0.1161269420694408
9845,0.6426527227538436,0.9252427344755001,0.11613425903923266
9846,0.6426429717618205,0.9252416968505985,0.11613350379034149
9847,0.6426175142673568,0.9252343489290739,0.11612876266309535
9848,0.6426326249335499,0.9252278311074703,0.11613299297530853
9849,0.6426174000671265,0.9252252178299406,0.1161420908555883
9850,0.6426166505242727,0.9252282423143757,0.11615006998558519
9851,0.6426155244326122,0.9252303483086203,0.11614627536965093
9852,0.6426181044649116,0.9252312860140869,0.11614759944896218
9853,0.6426206291167516,0.9252370429107626,0.11614488808980389
9854,0.6426438175512448,0.9252418736311374,0.11615233916275915
9855,0.6426384169938696,0.9252413048589692,0.11615422470093939
9856,0.6426384169938696,0.9252413048589692,0.11615824737655138
9857,0.6426361333774397,0.925235036835953,0.11615508365816582
9858,0.6426565258560079,0.9252418006130887,0.11615058103800552
9859,0.642649865095451,0.9252420427255658,0.11615150320952207
9860,0.642650343116468,0.9252498325984374,0.11614669803526212
9861,0.6426508103655563,0.9252488756776949,0.11616175014491222
9862,0.64267198585128,0.9252497365220577,0.11615766257160864
9863,0.6426591453260962,0.9252497595803888,0.11615857992952931
9864,0.6426453391868642,0.9252324235584233,0.11617571770867982
9865,0.6426432319914571,0.9252288994768134,0.11618290277532556
9866,0.642637794256634,0.9252230465037579,0.11617831753654503
9867,0.6426768612661398,0.9252282115699343,0.11615463845435478
9868,0.6426613978587126,0.9252345987276612,0.11616366328651224
9869,0.6426683981434846,0.9252368622871686,0.11617387536296848
9870,0.6426563715158102,0.9252276581699868,0.1161844577429131
9871,0.6426521689905655,0.9252310246863339,0.1161931661748378
9872,0.6426600489572881,0.9252324350875889,0.11618690409967021
9873,0.6426773720388727,0.9252322237195534,0.11619325656988978
9874,0.642683994108887,0.9252355172178519,0.11619514152553478
9875,0.6426863167153638,0.9252377807773592,0.11620582586294943
9876,0.6426914701336063,0.9252558316075902,0.11623418602997844
9877,0.6427119681406842,0.9252666997676696,0.11624383836592682
9878,0.6427054283992438,0.9252707810922822,0.1162388898104751
9879,0.6427266379983528,0.9252734712309157,0.11624445998223354
9880,0.6427160836785042,0.9252742052544571,0.1162439260991222
9881,0.6427192322990223,0.9252705351367501,0.11624329105525016
9882,0.6426953719973583,0.9252695820590627,0.11625983918664505
9883,0.6426887666126918,0.9252680986397591,0.11626380030957127
9884,0.6426837081779249,0.9252612234140228,0.11626611183388601
9885,0.6426728160982307,0.9252617691278598,0.11626288326061562
9886,0.642672371997089,0.9252631679999493,0.11626389562996109
9887,0.6426907505146384,0.9252710693214216,0.11626084670594637
9888,0.6426932722247582,0.9252789245262314,0.11626023688228863
9889,0.6427248756695715,0.9252787592748583,0.1162530835725387
9890,0.6427278502857867,0.9252739247114282,0.11624099928274965
9891,0.6427225704338682,0.9252738209489381,0.11625225733575384
9892,0.6427134411254648,0.9252773527166585,0.11626014623162187
9893,0.6427250855352088,0.9252803618288727,0.11626393774606937
9894,0.6427312674389362,0.9252786247679265,0.11626790539192688
9895,0.642727761405368,0.9252818106606797,0.11626553525904755
9896,0.6427378505173175,0.9252867067129927,0.11625816956489458
9897,0.6427572860871055,0.9252934589609628,0.1162786343769998
9898,0.6427547656745767,0.925290200050161,0.11627724675300942
9899,0.6427564862879763,0.925293947028972,0.11627852307156543
9900,0.6427651166761528,0.925307424623526,0.1162750000137039
9901,0.6427645110790562,0.9253012872643864,0.116289240319281
9902,0.6427602088775916,0.9252970983342285,0.11629192540346811
9903,0.6427744175328332,0.9252887781197405,0.11627631347397654
9904,0.6427792794462758,0.9252917603305686,0.11628291108134298
9905,0.6427908017341205,0.9252920946763701,0.11629820401028006
9906,0.6427904978589001,0.9252953997038342,0.1163025878888423
9907,0.6427867722502162,0.9252936626428879,0.11629923671492999
9908,0.6427882123102407,0.9252966986564887,0.11630469072697497
9909,0.6427781001309382,0.9252968101050892,0.1163138770362033
9910,0.642773529430714,0.9252923175735712,0.11632799031490687
9911,0.642765067985652,0.925285484621442,0.11633733362195664
9912,0.6427671742912757,0.9252724143907383,0.11634599950506325
9913,0.6427552453391769,0.9252713460213953,0.11635598877453626
9914,0.6427985655790428,0.9252692361840955,0.11636558038414878
9915,0.6428225724177695,0.9252646821636945,0.11636484294309071
9916,0.6428270961428131,0.9252632448610532,0.11636075652745521
9917,0.6428360512480782,0.9252627913805407,0.11635779835951629
9918,0.6428485851014855,0.9252642325262371,0.11636679197225334
9919,0.6428523354148302,0.9252745088558173,0.11639859844703529
9920,0.6428795926126943,0.9252802619094378,0.11639644614257726
9921,0.6428985913678671,0.9252886090253121,0.11642857375088417
9922,0.6428885481693521,0.925272810225423,0.11644957512333741
9923,0.6428874915005014,0.9252578568976757,0.11646510488002254
9924,0.6428815628775101,0.9252596746627809,0.11647008130953147
9925,0.6428652408616926,0.9252586908406522,0.11647397135187858
9926,0.6428562225638933,0.9252607814626759,0.116479770506644
9927,0.6428408183974281,0.9252532682897779,0.1164977443393915
9928,0.6428462091497222,0.9252614424681687,0.11649844383112874
9929,0.6428440168128206,0.9252593633753105,0.11650912301613198
9930,0.6428480357122652,0.9252579606601659,0.11650098614175895
9931,0.6428527457026498,0.9252612656876299,0.11649960381145355
9932,0.6428360434215847,0.9252677988814542,0.11650167368328126
9933,0.6428315978961826,0.9252676682175777,0.11650181592195305
9934,0.6428313524627381,0.925263644538793,0.1165004839581636
9935,0.6428178067123074,0.9252595324697389,0.11651052031815583
9936,0.6428309347101926,0.925264147979023,0.11651231584888616
9937,0.6428398121232564,0.9252637329290624,0.11650886142963628
9938,0.6428607229751964,0.9252655276358365,0.11649982410790884
9939,0.6428826408956639,0.9252675913564739,0.11648630489408328
9940,0.6428879868544761,0.9252600128516377,0.1164996949087428
9941,0.6428899033341163,0.9252548170410199,0.11651187467844566
9942,0.6428915031406592,0.9252418582589166,0.11654481830455189
9943,0.6428726405275818,0.9252536679675178,0.11654511047454068
9944,0.6428825654079803,0.9252487373277081,0.11654537723112128
9945,0.6428582701253469,0.9252311438210448,0.11654715922067868
9946,0.6428703638907027,0.9252269894783836,0.11654820113973956
9947,0.6428896983253847,0.9252294874642576,0.11655249781903013
9948,0.6429027045509855,0.9252295873836925,0.11655766360834914
9949,0.6429065205581908,0.9252373887857298,0.11656377091564633
9950,0.6428985799667913,0.9252430188615842,0.11656673994710758
9951,0.642892992934936,0.9252434761851519,0.11655738522216223
9952,0.642901440387458,0.9252302945058476,0.11652538528069685
9953,0.6429132441420141,0.9252299102003285,0.11652047626046763
9954,0.6429116593597604,0.925217992886182,0.11654653564814219
9955,0.6429159047134625,0.9252287457546058,0.11655226933595161
9956,0.6429145657955401,0.9252300831378122,0.11654400406700371
9957,0.6429207863706428,0.9252332959319516,0.1165483474214193
9958,0.6429203969340089,0.9252257251132259,0.11656497848964481
9959,0.6429292625436919,0.9252253408077068,0.11656532455575594
9960,0.6429141828189001,0.9252182849583765,0.1165740743615147
9961,0.6429255850194184,0.9252190919999665,0.11659437929534203
9962,0.6429280801503496,0.9252184886403017,0.11660239094387244
9963,0.6429072178382745,0.9252180159445131,0.11661416904449064
9964,0.6429037322264274,0.9252167900099073,0.11662206851226443
9965,0.6429021396714171,0.925217266548751,0.11662649246610016
9966,0.6429093629387371,0.9252218551566488,0.11662056896358455
9967,0.6429001379718715,0.9252239880522796,0.11662989152357897
9968,0.6429093938790468,0.9252255060590799,0.11663048310245973
9969,0.6429070546669724,0.9252209597247892,0.11663312689217016
9970,0.6429165998068149,0.9252178353209192,0.11666375330357576
9971,0.6429025682473907,0.9252137885838033,0.11666226182578615
9972,0.6428996081239646,0.9252093805994995,0.11666133807987114
9973,0.6428991536532823,0.9252098994119503,0.11666590249994635
9974,0.6429069797919631,0.9252136963504788,0.11670464042211216
9975,0.6429292653796216,0.9252100915647098,0.11670380495169813
9976,0.6429067939810301,0.9251960259827117,0.11671874409862351
9977,0.6429117872416087,0.9251949614564239,0.11671500717065636
9978,0.6429093649645737,0.9251935702704448,0.1167238182195822
9979,0.6429265148534891,0.9251954648966538,0.11673756987412125
9980,0.6429395862519063,0.9251977515144924,0.11673363953058409
9981,0.6429182749846863,0.9251915180789729,0.11677199870595673
9982,0.6429072580524535,0.9251863376405758,0.11677428586184896
9983,0.6428885322840355,0.9251938239120874,0.11676218968915533
9984,0.6428897942426779,0.9251870947224484,0.1167711244553434
9985,0.6428957506735501,0.9251889086444984,0.1167674007006539
9986,0.6428946481288506,0.9251846082657399,0.11677182471342933
9987,0.6429239344007033,0.9251859879225535,0.11676559538096656
9988,0.6429265007996413,0.9251820257326517,0.1167797514468617
9989,0.6429414082877831,0.9251844699157531,0.11678189275102284
9990,0.6429481913744487,0.9251907264096036,0.11677742539352222
9991,0.6429379311045653,0.9251844007407597,0.11678238490644073
9992,0.6429377009332008,0.9251852884865087,0.11678117758263272
9993,0.6429542709164139,0.9251954456813779,0.11677306014773858
9994,0.6429561847479587,0.9251974094825803,0.11677047183634817
9995,0.6429852344109903,0.9252027859167922,0.11676953348044997
9996,0.6429829706288269,0.9252023401223901,0.11677628787962539
9997,0.6429919768997245,0.9251962027632504,0.11676172452606123
9998,0.6430044402991619,0.9251961066868707,0.11676215983020845
9999,0.643009742954238,0.9252060371414836,0.11676060644272745
10000,0.6430227300974718,0.925207393739966,0.11677061851806929
