iteration,validation_average_precision,validation_auc,validation_binary_logloss
1,0.2811260780752208,0.8328730679068851,0.14020245402888096
2,0.33026399432454256,0.848046172294356,0.13804905520435723
3,0.3543342591172034,0.8564147304951095,0.13808168678305233
4,0.3598007591016142,0.8597503333062552,0.13935507477868384
5,0.3679620540446728,0.8643377114263538,0.14129929490321402
6,0.37590955742278603,0.8649101479477097,0.14351832819355242
7,0.3793274159396771,0.8670456510915249,0.1463449114944374
8,0.3868888996976649,0.8692384445805962,0.14916205434257934
9,0.39172369265870255,0.8713207098808539,0.15264628910286085
10,0.39929575170599735,0.8720538629702871,0.15564275552722145
11,0.4003891665258558,0.873406985409203,0.15883018816684671
12,0.4018629533119884,0.8745050173737223,0.16173994942288084
13,0.40262796103338905,0.8755776813309275,0.16498780752100656
14,0.40550352824346175,0.87674719796505,0.16800340242232925
15,0.40906998841545095,0.8774176439229358,0.1713365687703088
16,0.41267515157771656,0.8787313884968396,0.17428834258653636
17,0.4150011484256923,0.8795092324750861,0.17715882532814511
18,0.4163135397853036,0.879870208727626,0.18066870203377716
19,0.4170763377707279,0.8806976454115816,0.1836263511494755
20,0.420761084408893,0.8818017282664987,0.18670728659354008
21,0.4224894824623697,0.8824957187020106,0.19001225819002002
22,0.4220618480955522,0.8827549231669889,0.19305830310140598
23,0.42384692037885185,0.8831499066149118,0.1961493544656259
24,0.4249257042694069,0.8833548298468483,0.19914494580279343
25,0.4256731345961109,0.883844517703837,0.20229403340866192
26,0.42674432636355,0.8842783659689039,0.2051412528750447
27,0.42736626346179146,0.8848240932566841,0.20784107994492879
28,0.42762987807592745,0.8852643940114163,0.2107894175155801
29,0.42836819783040425,0.8857152554818127,0.2129034903935943
30,0.4290446347055112,0.8860499798243445,0.2156419213689509
31,0.4295227364619534,0.8864427170065085,0.2181703092309468
32,0.42996767126081686,0.8869140273735748,0.22065599442093
33,0.43041195552277767,0.8873166046985547,0.2229810838623086
34,0.4309765348290216,0.8876780517253554,0.22531098585910223
35,0.43077921898930505,0.8880647149587902,0.2276471092923452
36,0.43138588189161436,0.8882590198292347,0.23025819867177558
37,0.4321124063081729,0.8887127136313068,0.2325493955327432
38,0.43254950667172704,0.8891470019261931,0.2343570304831657
39,0.43343796186835437,0.8893726373040802,0.23665964533717468
40,0.43365656225742777,0.8893800486360155,0.2386697495051329
41,0.4338113832618508,0.8896865476596989,0.24091526681984413
42,0.4336959016293129,0.8897953330229835,0.24316636233592254
43,0.4343432672913947,0.8901707264970715,0.245087744398207
44,0.4346819494571578,0.8903248387748036,0.24691332051326287
45,0.4355549697253849,0.8905525301872177,0.24902150041255097
46,0.4355264235880107,0.8908135332020254,0.2509340803484841
47,0.43560643796664456,0.8908300006935177,0.2531114605006269
48,0.43555111586569634,0.8910679991799535,0.2548191762933989
49,0.4363864640507216,0.8914210914047695,0.25640024019448765
50,0.43744091824423065,0.8919252233846926,0.2581055716611988
51,0.43791046006009976,0.8921490851926092,0.25965516865072763
52,0.4387032107342403,0.8925062779573137,0.26118811203317766
53,0.43866973781082025,0.8927825225290079,0.26228974759390095
54,0.4386312066062905,0.892971510532596,0.263559981773839
55,0.43904937286655826,0.8932681482766599,0.26479522405063605
56,0.4399632758027919,0.8932964101045328,0.2661517026917196
57,0.4410562230025285,0.8935357959338923,0.2672594976402994
58,0.44054435125585223,0.8936012431637909,0.26853309450664625
59,0.44085622829039967,0.8937418029073927,0.27010931767186497
60,0.4417858112766103,0.894131688542605,0.2710040479665094
61,0.4427999968082637,0.8944052064666413,0.27193797331434494
62,0.4433355219640173,0.894536525584037,0.27309297382090086
63,0.4438255414727552,0.8948120495828829,0.27433827376359904
64,0.4446526358292968,0.895165041888264,0.27496822600092075
65,0.44515111919245387,0.895433204514892,0.275903054007854
66,0.44606995726829063,0.8956740084316169,0.2767804319342879
67,0.44669195170538223,0.8958303400737216,0.2774953493329587
68,0.4475145207656272,0.8962444407996909,0.27848222738518225
69,0.4458603660850542,0.8963643422001148,0.2796259054755674
70,0.4459851605828696,0.8966763214205002,0.280636381365312
71,0.4462629608593647,0.8968482866111208,0.2814481361402631
72,0.4468814682622811,0.8969191025891209,0.28210011270389623
73,0.44740750587058653,0.8970829704624546,0.2826571894539378
74,0.447608899302126,0.8971597547051658,0.2834608473785622
75,0.44915346932271216,0.8974070053469734,0.28381733953571936
76,0.4499760451427397,0.89778780984277,0.2842449102355094
77,0.4502652639690305,0.8981451063699647,0.28440117649503577
78,0.4516802383618918,0.8985979835228086,0.28512955600034523
79,0.4526143435268449,0.8988382916854141,0.28547992764049124
80,0.45265059257279827,0.8991993736219717,0.2859630929714595
81,0.4530198943785645,0.8993176436454671,0.2861584053722271
82,0.45247232210440785,0.8994115871296051,0.28639476055549307
83,0.45297467172598327,0.899782507287451,0.2867841532123878
84,0.4532452282422592,0.8999112208134273,0.2869323648402555
85,0.4534971105941677,0.8999211627972058,0.28727636157109243
86,0.45388158391935896,0.9001541134306486,0.28765437367336616
87,0.4546789172319228,0.9004215593274835,0.2881058658421899
88,0.455802512094911,0.9006106184275926,0.28820235909784797
89,0.4559789953094617,0.9006246916957011,0.2888024834495712
90,0.4560536947854273,0.9007635451227982,0.28887636204403894
91,0.457293167211444,0.901001633921031,0.2887653928321384
92,0.45713036622422276,0.9010099195480222,0.2887757201607627
93,0.45734322639188135,0.9012354646141124,0.2888912940551295
94,0.458385613955458,0.9014658711450189,0.2889545433248339
95,0.4586338734793014,0.9015125296780898,0.28885579513414983
96,0.45938153495845835,0.9016842181687367,0.28889684302225666
97,0.4607686566187859,0.901745288158773,0.2891166448486162
98,0.46120069852560974,0.9019385400320952,0.2891354170150248
99,0.4613970371810516,0.9020432748152089,0.2892693458386309
100,0.4627786983811939,0.9022903256181464,0.28921326058053587
101,0.46351747421806394,0.9023314520732703,0.2892316791112776
102,0.46399509486223345,0.9024285430196094,0.2892351156500816
103,0.4649539015542668,0.9027221754945142,0.2890381343087039
104,0.46503173777030077,0.9027328591879444,0.2894628766409557
105,0.46556296134335606,0.9027260012559566,0.28909412852262933
106,0.4658342004759157,0.9029970865260571,0.2891418481319541
107,0.4657332950379844,0.9030127085454075,0.28943809983457425
108,0.467069352325783,0.9031005338856818,0.28913954312534973
109,0.4676433685420176,0.9033223511882369,0.28904279218703544
110,0.46811718803125296,0.9035743633754257,0.28889315478845695
111,0.46873165839793446,0.9036283429286351,0.2884898878292548
112,0.4698287691661034,0.9038236738948155,0.28832441948708726
113,0.4701972324502727,0.9039818809478533,0.2882280955875062
114,0.4704843391845314,0.904075174955664,0.2881618900219374
115,0.4710875836320022,0.9043565211831239,0.288146811199543
116,0.4712209729313353,0.9043771968200501,0.2878396538688204
117,0.47127586599408355,0.904289897978337,0.2869333976296351
118,0.47182870804489224,0.9043028798187713,0.28677257429880876
119,0.47201884397137683,0.90439089346875,0.28660902521093634
120,0.4723861444842488,0.9045428555571028,0.28654176829985667
121,0.4726268512400494,0.9047678933399077,0.2861143395638517
122,0.4734883735189038,0.905074411578867,0.2857930019322741
123,0.47438205204937095,0.9052525813820932,0.28587808495342426
124,0.4746852480358445,0.9055214914829558,0.2855012868287778
125,0.4750768845402808,0.9056273791826266,0.28552658754753885
126,0.4757854641461296,0.9056277750173113,0.2852444453062117
127,0.4762741529305644,0.9058452496675008,0.28474622483293316
128,0.4767664282549697,0.9058820161765108,0.28504747894014515
129,0.4770624443022822,0.9059875234137177,0.2848358587246052
130,0.4773052798983776,0.906075268049833,0.28470968163544486
131,0.4796573058890875,0.9061907364860944,0.28453775073280263
132,0.48038194762130493,0.90635464278998,0.2840870021214841
133,0.4807964887930017,0.9063340440141575,0.2834988543825533
134,0.4816597881798416,0.906609056886663,0.28337853766469356
135,0.4821796432326963,0.9068344021138832,0.2834764045038432
136,0.4831831144213244,0.9070563270219837,0.2831467711614057
137,0.48383459108958987,0.9072215783951861,0.2826972200874997
138,0.48418196917758743,0.907352830259116,0.2827291556763209
139,0.4856875458089728,0.9074921640681118,0.28250098012215924
140,0.48618245749346,0.9076709160941994,0.28196682248497607
141,0.48652829839320877,0.907713919881784,0.2812276305468797
142,0.4868736722985137,0.9076802431891473,0.28085735371265313
143,0.48680005194587,0.9077265750625271,0.2808644987978424
144,0.48587008975310936,0.9077952158712891,0.2805243176783459
145,0.4864916141733612,0.9079780300067133,0.280084253660338
146,0.48579588072058755,0.9081402914829773,0.280233268689768
147,0.48574540818678275,0.9082297923953148,0.2802041879775977
148,0.48434092475839596,0.9082963156806667,0.27981496929680266
149,0.4896530799127574,0.9086114077757566,0.2794921602190812
150,0.48896061182349293,0.9087084276255747,0.2791902165355488
151,0.4909551203050592,0.9087730716569384,0.27918485369868573
152,0.49168322050649943,0.9089874853136685,0.27895311494980524
153,0.49164962676415513,0.9090819783546987,0.27865697231702286
154,0.49436506791954604,0.9090665869186598,0.2783127647073821
155,0.4945958952899299,0.9090777663662097,0.2778873913699324
156,0.4945354941934213,0.9090762253010782,0.2775755287505525
157,0.49493594908211197,0.9091524619084248,0.2761831394077118
158,0.4965861524832896,0.9092835523640366,0.2757969377142753
159,0.49618670676839266,0.9093081133297607,0.2754028515744096
160,0.49617774996285247,0.9092514359518075,0.27505333631065376
161,0.49712675873312234,0.9093554443974899,0.27472733934299287
162,0.49764690349149765,0.9092655130629712,0.27460458986208464
163,0.4977244322028457,0.9092780183645619,0.2744096540407716
164,0.4980781556437216,0.9092429504859463,0.27400285960423953
165,0.4989306217207907,0.909388083465225,0.27389901048113374
166,0.4987791789074796,0.9095981756063932,0.27358300350245096
167,0.4992414357518525,0.9096436351062446,0.273229260709488
168,0.4993275169588414,0.9096660516471723,0.27299436020763784
169,0.4994851444509401,0.9097041862838301,0.2727311106421402
170,0.5005153505612079,0.9097343926976295,0.27260555987843654
171,0.500642528000691,0.9097634615670923,0.2723046934253448
172,0.5010085960595444,0.9097298540494492,0.2719419083872842
173,0.5013989111116077,0.9098352767394419,0.27186051184515614
174,0.5025371573561686,0.9098517634462102,0.2715845476225811
175,0.5025746942682079,0.909964418766072,0.27128796574435077
176,0.5024283103819649,0.9100110965144189,0.27100770149511516
177,0.50273985304694,0.9100774084317353,0.27085574745271873
178,0.5028822218432851,0.9102499885111865,0.2686221060950771
179,0.5033329723707746,0.910305966453095,0.26846052506482526
180,0.5038522117917918,0.9104091332696908,0.2681674999955269
181,0.5035991334111767,0.9103384172111257,0.26788627408326626
182,0.5040191203047268,0.910428175608161,0.2676089288260416
183,0.5045210781654633,0.9104814019225529,0.26727337286435404
184,0.5049250839134128,0.9105807794867307,0.266824124928957
185,0.5060899715990502,0.9107101713119481,0.2665102658763999
186,0.5062859351124531,0.9107424606616608,0.26616902336444154
187,0.506261117900113,0.9108076657790823,0.2659126945007913
188,0.5060353300562445,0.9108384563372707,0.26560525761238657
189,0.5060283566929936,0.9108024661254093,0.2654784616740003
190,0.5066786314831961,0.9108484905543737,0.2651922406188789
191,0.5068392374954375,0.9109373304612184,0.2647771726405018
192,0.5077750112625116,0.9110697044972639,0.26439995434889296
193,0.5078167959104866,0.911048148800699,0.2642736294997569
194,0.5081628707552831,0.9110447899704622,0.2640249925286152
195,0.5085385321269544,0.9111006948943221,0.26394002867244687
196,0.5087056657898089,0.9111413774765714,0.2638064631155183
197,0.5087110363843037,0.9111023666233301,0.26343154926332496
198,0.5088179673217885,0.9112107177213782,0.26287282961625885
199,0.5090131233362077,0.9112662921424917,0.2627074304258075
200,0.5100423162195956,0.9112676794854155,0.262130860430935
201,0.5103234608758319,0.9114400674121071,0.26188005264676184
202,0.5104079182875783,0.9115011604604746,0.2615585610469146
203,0.5104322834368141,0.9115242918096678,0.261315480468849
204,0.5105228204359856,0.9115402904484268,0.2609644056012672
205,0.5108767221102888,0.9116458476453513,0.2605855638048846
206,0.5111618917489331,0.9116211214282539,0.2603673519390975
207,0.5113742950954382,0.9117144154360647,0.2599551766829973
208,0.5118171848721664,0.9118421393753293,0.2595942287065811
209,0.5120221280963435,0.9119382926162021,0.2591867360215184
210,0.5129845156682512,0.9119654168997383,0.2593488710791131
211,0.5134723142161933,0.9119980175369216,0.2591453570162166
212,0.5136859467600337,0.911924492205012,0.25935901902476205
213,0.5136491436080821,0.9118983017838871,0.2588923316648831
214,0.5137740982467349,0.9119217905372129,0.25858081844914244
215,0.5138197274041465,0.9119518432288046,0.25818302665573617
216,0.5139980043434622,0.9120097965010812,0.25790268777688685
217,0.5142830881854482,0.911957753847688,0.25796462036594586
218,0.5144753485452919,0.9119976947202855,0.25765856215356825
219,0.5141676823954873,0.9119166792738093,0.25733432837702663
220,0.5148321507544885,0.9119889094961194,0.25715603546566307
221,0.515121598474126,0.9120791636472743,0.2567751032314133
222,0.5153000384485258,0.912111998710824,0.25650254073676904
223,0.5155059775418565,0.9121294653966661,0.2563979927973464
224,0.5155992329990386,0.9121262064858643,0.2556358994605765
225,0.5160170451052879,0.9121389269985457,0.2553267711219733
226,0.5165154926897687,0.9121920764518338,0.25497238886482443
227,0.5166605918014221,0.9121364443848925,0.2550708526287923
228,0.5169654281659126,0.9121138933370331,0.25492450287450025
229,0.5172853950092786,0.9121946935724187,0.254819248497855
230,0.5176339077976244,0.912189420900697,0.2544422847531858
231,0.5179637680897826,0.912229392517736,0.2542126976316603
232,0.5180034685443082,0.9120819575483979,0.25374723464586946
233,0.5180963329718787,0.9120542798649142,0.2535545472005948
234,0.5178380385565408,0.9118276318419842,0.25473325986353373
235,0.5180165496498198,0.911872130578038,0.2545093262261698
236,0.5181647477065338,0.911853514818694,0.25434333575244206
237,0.5181920578671639,0.9119323935264843,0.253988715904943
238,0.5184741580801797,0.9120081247720732,0.2535308420547724
239,0.5186580282120739,0.9119975794286298,0.25318019769302014
240,0.5188067749544689,0.9119677688495151,0.25287137016659095
241,0.5188803858688745,0.9119341152152096,0.25127384124770535
242,0.5193181461531239,0.9120001350603316,0.25125303462878446
243,0.519643983231945,0.9119808890399363,0.2512880497953975
244,0.5197767749424624,0.9118397797394422,0.25103047139370627
245,0.5200437309317425,0.9119477465319713,0.2506766274591245
246,0.520098323560736,0.9119873838032087,0.25017381789635496
247,0.520466418229696,0.9120601597393561,0.2497073762404397
248,0.5206015149067242,0.9121377932972644,0.24942258780009668
249,0.5208177063771551,0.9121465400908786,0.24928237501643075
250,0.521383286516636,0.9122200615797329,0.2494258332788851
251,0.5214966169871574,0.9122815235613986,0.24946973149441168
252,0.5220072502453448,0.9122455602509235,0.24915072065710123
253,0.5224352997316819,0.9123153117026357,0.24877809732794104
254,0.5228252726074577,0.9123352571590757,0.24839112924684717
255,0.5231879118879611,0.912381016417232,0.24701136934356122
256,0.5233754681297622,0.9124317293735292,0.24684863893144607
257,0.5235861502300652,0.9124242738464592,0.24656020044916518
258,0.5238375086289482,0.9124523396785172,0.24628613261891055
259,0.5240336330956059,0.9125158807530411,0.24622453230438412
260,0.5241418934613922,0.9125476743486343,0.24593263561552176
261,0.5243856675672718,0.9125426092018928,0.24591373867858754
262,0.5244842713373837,0.9125960161398787,0.2454934447932218
263,0.5246142913418008,0.9125735803836751,0.24528456539678442
264,0.5247017480207049,0.9129208311646012,0.24547760260528775
265,0.5245966949696147,0.9129136869250016,0.2446840004831339
266,0.5247768448578087,0.9129338629647531,0.24433631529199235
267,0.524844504220981,0.9128581663066608,0.24404755704458067
268,0.5256698750633072,0.913041545371198,0.24060336746099786
269,0.5258160767084479,0.9130506188245033,0.24036969941788625
270,0.5258203176180418,0.9130592695417378,0.24049370826207636
271,0.5260127516885319,0.9131448889683326,0.24012565649383052
272,0.5264759269166788,0.9131257928270897,0.24012427766433705
273,0.5268497314057653,0.913171613574129,0.24019760706689008
274,0.5274505946699392,0.913579261810433,0.23547302222466565
275,0.5276010554566457,0.9134880084649286,0.23523956237302862
276,0.5276238162198909,0.913540339347461,0.2351113886302216
277,0.5278657601794069,0.9136745580499981,0.23475066908662368
278,0.5277323446850507,0.9136567224308578,0.23452355720145998
279,0.5280765068305188,0.9137454816335435,0.23429001871552013
280,0.5280914076163409,0.9137289372809473,0.2385217375671359
281,0.5282823292520171,0.9136939731648218,0.23834392361750395
282,0.5285751788412079,0.913738118339798,0.23806072436946069
283,0.5285230308545485,0.9138373075942714,0.23781329195245765
284,0.5288280701541578,0.9138982815079278,0.23751113866586165
285,0.528865769019374,0.9139285532536654,0.23743331458070346
286,0.5291856228227981,0.9138840737328876,0.23720091518485528
287,0.5293243555180396,0.9139285301953343,0.23681364864421195
288,0.5294484319576862,0.9138948342874218,0.23650850973089824
289,0.5298585613642416,0.9138996726939069,0.2357920106086052
290,0.5300046043948288,0.9139504663543631,0.23549846596263138
291,0.5301215776443251,0.9140180618521132,0.2351477743795143
292,0.5299696560150022,0.913920828712732,0.23514591690666556
293,0.5304737787258079,0.9140422884720357,0.2348470288691832
294,0.530769406143113,0.9140770911798433,0.23471916461000528
295,0.5310446217969672,0.9140875366038517,0.23441257774232385
296,0.5313860041158581,0.9140898770244629,0.23419552694062334
297,0.5314445843520134,0.9140107216166989,0.23339329675229314
298,0.5315609791406406,0.914028111441437,0.23342243537796536
299,0.5321969360428097,0.9143809922982177,0.2309556575080545
300,0.532520785502141,0.9143888052294205,0.2306669015179323
301,0.5328484929045411,0.9145455327062098,0.23038675817193974
302,0.5334598851512424,0.9146418896290075,0.22999379427197944
303,0.5336466847984397,0.91475042903676,0.22962789784652926
304,0.5339387259716953,0.9146853776415461,0.22942385139818322
305,0.5339881987930883,0.9146917917006594,0.22939698039379405
306,0.5338726219119625,0.9147062339020663,0.2290374777429322
307,0.5340376418815608,0.9147296650095643,0.22873670602957452
308,0.5342166697582311,0.9147423240333626,0.22850675983125784
309,0.5343748486898638,0.914745955720518,0.2279931970714696
310,0.5343162416782349,0.9147440341929226,0.2278653478002856
311,0.534538119493032,0.9147795055923332,0.22726047391269816
312,0.5347717305165403,0.914769486747451,0.22712645371788878
313,0.5349330943202962,0.9147664776352366,0.2269810013744521
314,0.5350504913144398,0.9148148924445296,0.22675636814240918
315,0.5352055496014976,0.9147255490974551,0.22657438223920337
316,0.5352167418014484,0.9146959268280447,0.22637222154194592
317,0.5353693676773947,0.9147650864492575,0.2260730667960333
318,0.5356833364284528,0.9148344113218435,0.2257712699767408
319,0.5358040676314807,0.9149247922938196,0.2250720115746986
320,0.5363510908597366,0.9150773231543406,0.22423883978303735
321,0.5366628814328893,0.9150921957779289,0.22395046066195431
322,0.5369296479466232,0.9151308722853686,0.2238960210064075
323,0.5370202884057081,0.9151849479149577,0.2238059253250772
324,0.5371117872344218,0.9152686765583986,0.22392505367760604
325,0.5374737193292544,0.9152548607749879,0.2234605155238664
326,0.5376921641993104,0.9152157346300909,0.22341726820267127
327,0.5377208456004201,0.9152872923177426,0.22315689217740436
328,0.5377913299337576,0.9153627507064132,0.22275887971649133
329,0.5378543050979683,0.9154350155162201,0.2225896349689095
330,0.5381574694127099,0.9154747450207821,0.22212532587113165
331,0.5381870456161777,0.9153337048952814,0.2219592440688871
332,0.5384348837061786,0.915362789136965,0.22178600769632215
333,0.5385476805747448,0.9153810359630107,0.22156554480440044
334,0.5385429638252692,0.9153501800728842,0.22147351221138725
335,0.5389234751296174,0.9154307497249583,0.22119862756594025
336,0.5390634614093447,0.9154027146373418,0.22093214186065963
337,0.5392567755141757,0.9153667359546459,0.22083858180420607
338,0.5391315830839423,0.9154302424416731,0.2186873244351597
339,0.5392687047906386,0.9153527818212484,0.21859050970698574
340,0.5392813113197948,0.9153586309512486,0.21846414173541528
341,0.5392342130936891,0.9153205347451426,0.21831099808159896
342,0.5391045279246582,0.9151880300452206,0.21737321819857244
343,0.5392609469842903,0.9151946977459766,0.21701941285347492
344,0.5393732534179431,0.9151730036994249,0.21685856179836713
345,0.5393641488662658,0.9152420518720371,0.21671084180374156
346,0.5394568891090191,0.915209631858448,0.21652509630749697
347,0.5395886253172509,0.9152472015659927,0.21644321839484246
348,0.5398278290169704,0.9153023340357592,0.21599314037197312
349,0.5398278290169704,0.9153023340357592,0.21342866964940557
350,0.5400791663297214,0.9153547302502301,0.21343247336537743
351,0.5398968662920008,0.9153494729507291,0.21333437353573292
352,0.5402014665671184,0.9153818430046008,0.21317383292062478
353,0.5403413280809003,0.9153871272054881,0.2130679712008413
354,0.5404814213981683,0.9153703368973597,0.21235089208955724
355,0.5406154462175295,0.9154004741361655,0.21220385548568055
356,0.5407008087849042,0.9154299618986442,0.21219627818737696
357,0.5407623494390512,0.915430722823572,0.2120107499617413
358,0.5404375855394292,0.915340445614086,0.2107993087891965
359,0.5408167471297783,0.9153903515287931,0.21048183402181458
360,0.5409408734611253,0.9154272832891762,0.2102437817952351
361,0.5409540716018493,0.9154573859404854,0.21018510024578138
362,0.5410795668946412,0.9154116497406602,0.2101094450619177
363,0.5410795306134707,0.9153271332709052,0.20999383619549764
364,0.5409042500061171,0.9152606868466571,0.20954886752125962
365,0.5409617614852904,0.9152168375869306,0.20944970784891853
366,0.5410922898776982,0.9152635230213878,0.20929249251761872
367,0.5413649933933732,0.9153162189941635,0.20912301308912973
368,0.5414622369336606,0.9153384971851043,0.20885011526470137
369,0.54164365225956,0.9152450955717482,0.2087840588247188
370,0.5420186546367046,0.9152040786436972,0.2079864291145819
371,0.5421697844986848,0.915257723851105,0.20777369740416346
372,0.5421763684085319,0.9153502031312153,0.2054689615763119
373,0.5423710285734568,0.9154189899760746,0.20523767692534514
374,0.5425167080987523,0.9154195856496292,0.20474483253809278
375,0.5425294262120932,0.915444703858356,0.2032518197348423
376,0.5426804612543729,0.9154975958269462,0.203055065242931
377,0.5429255314090617,0.9154988140754418,0.2028717107480517
378,0.5431304302554285,0.9155378979467317,0.20276043124129947
379,0.5432660104442597,0.9155598763793676,0.20261922263438176
380,0.5435981764470299,0.9156640692916993,0.20229469138459136
381,0.5436629826567377,0.9156215920026759,0.20245574381671796
382,0.5440069679468639,0.9157287094800078,0.20259628717288952
383,0.544018456564366,0.9156671591080727,0.20263868691486356
384,0.5440105070757673,0.9156737461046697,0.20242293191004337
385,0.5440191760273575,0.9156100820523796,0.20227779305210386
386,0.5443138199587542,0.9156012007518338,0.20221790795754568
387,0.5442957150950749,0.9155794490594541,0.2020818647487838
388,0.5443188623668536,0.9155675778619699,0.20197291476342097
389,0.5447564870595321,0.9155304616349376,0.20175199270124083
390,0.5448487137173679,0.915535265453926,0.2015574093588525
391,0.5450499572880524,0.9155615596375412,0.201313076743943
392,0.5452953349302337,0.9155856555935872,0.2011985962609874
393,0.5452693696822866,0.9155779041512675,0.20113007623315535
394,0.5452256237194582,0.9157003938493623,0.20063850622108953
395,0.5453188651741591,0.9156883958310568,0.20059021589323472
396,0.5454296863491442,0.915678546080603,0.2005206616575732
397,0.5455301888417308,0.915770114556633,0.20025889024203747
398,0.5457650745556063,0.9158213809128777,0.20002968141242242
399,0.545689831491418,0.9158392664917354,0.19965873761956116
400,0.5457902544621588,0.9158045022144798,0.19958996297995546
401,0.5459449666362404,0.9158416876165055,0.19949616293641198
402,0.5460170827160021,0.9158415031498565,0.19931602868919515
403,0.5460091554488532,0.9158225030849934,0.19917498537961925
404,0.5461056454027311,0.9158451117786806,0.1987987011931553
405,0.5463269614353115,0.9158779468422303,0.1986009331673449
406,0.5463294006882491,0.9158790997587876,0.1986007350690158
407,0.5463344618610675,0.9157806599000764,0.19852722620073918
408,0.5463187934345761,0.9155839262187514,0.19843078286066376
409,0.5463495103954691,0.915613394765954,0.1982169613254412
410,0.5464381209200845,0.9156087446691732,0.19813043843992162
411,0.5465463662298287,0.9155537543924488,0.198195181787988
412,0.5466959936249529,0.9155660175815624,0.19795378507578582
413,0.5468588450027297,0.9155216187649436,0.19783781503616524
414,0.546987235930842,0.9154861358363674,0.19761819728121033
415,0.5470755867082222,0.9154280749585455,0.1976230703226156
416,0.5472342440446629,0.9154106928199177,0.1984510983694919
417,0.5470775183281336,0.9153547533085612,0.19820979592187157
418,0.5471937800924329,0.9154088327812054,0.19801941571924053
419,0.5472796920089714,0.9154917697552771,0.19518871657450285
420,0.5472857414633368,0.9155549034659508,0.1949778562397437
421,0.5474963219995188,0.915549307977593,0.1948844336362062
422,0.5473823344726582,0.9156878731755509,0.19220274843956625
423,0.5474019903995175,0.9156543617342875,0.19208521020195413
424,0.5474319324484529,0.9156526861622243,0.1920095353973127
425,0.5474866155624825,0.9156405459508767,0.19203927942509252
426,0.547490378346931,0.9156367759137346,0.19204335449043647
427,0.547691927790427,0.9156353270819277,0.1918811818802074
428,0.5477508848168314,0.9156360611054691,0.19181326481866603
429,0.5477439128373325,0.9155956705954144,0.19190896399647003
430,0.5478118044512539,0.9155891335585349,0.1918385079326728
431,0.5479111196714062,0.9156429132728743,0.19160424946653506
432,0.5478695004277431,0.9157369413042264,0.19145898229643468
433,0.5479913798076271,0.9157190710975894,0.19141216808492253
434,0.5479939289165912,0.9157299776882207,0.19139623905083328
435,0.5482782002338473,0.91575423889564,0.19117939593701389
436,0.54838955615186,0.9157631086670203,0.19115750934167403
437,0.54838955615186,0.9157631086670203,0.1912267772940432
438,0.5483081640151942,0.9157722013356016,0.1910601409366466
439,0.5485169156712919,0.9159028882704183,0.19077209334262588
440,0.5485342805136283,0.9159366495102691,0.19051235176014583
441,0.5490804212285323,0.9159224955380015,0.19038515169917414
442,0.5492116449810381,0.9159661257435822,0.19014788073188613
443,0.5493246428288305,0.9160183989802868,0.18998165055241548
444,0.5494066747712141,0.9159671979559804,0.18971389502613198
445,0.5495621375950432,0.9159829967558696,0.18914124676838232
446,0.5495063611341056,0.9159638775562956,0.18880303331752654
447,0.5495456520070393,0.9159323145440139,0.1886496586212906
448,0.5496474275444142,0.9159265730195589,0.18849758008909437
449,0.5495782237454386,0.9159201243729489,0.18847678291248646
450,0.5496235839286591,0.9159444047956441,0.18843456892703478
451,0.5498561477778929,0.9159341130938432,0.18857290650871636
452,0.5497500719973023,0.9159205547951302,0.18843463350462566
453,0.5501642803822965,0.9159290018304395,0.18876370535365555
454,0.5500661886533217,0.9159270034417403,0.1888078204420728
455,0.5502084757154129,0.9159206470284548,0.1888273858780976
456,0.550174472349488,0.9159190329452747,0.18885150667189826
457,0.5499436718192389,0.9159213426214443,0.18865078341647312
458,0.5498830633635973,0.9159113545210036,0.18855232232180932
459,0.5499785613897957,0.9160063048856015,0.18750693060951726
460,0.5499433532145868,0.9160405926240134,0.1874166759769384
461,0.5500652482618995,0.9160518527757223,0.18757446024888644
462,0.5501196455270322,0.916056721926649,0.1874035219379564
463,0.5501222453343093,0.9160520026548747,0.18738795323200905
464,0.5503062523089686,0.9160421221599794,0.18713424949399857
465,0.5503914777913789,0.9160419876530477,0.18710171067415948
466,0.5505609806297833,0.9160739580291796,0.18688675699346538
467,0.550713775970636,0.9160582399334494,0.18670712485940336
468,0.5503834985853735,0.9160554268170498,0.18691835945968463
469,0.5504393513294611,0.9160742424152637,0.18682866810518922
470,0.5504745404533222,0.9160840229907241,0.1867783738013004
471,0.550702675708123,0.9160906868484249,0.18574781257001263
472,0.5509116125390696,0.9161057093511655,0.18555190075619538
473,0.5510951571711402,0.9161299590294192,0.1853872663556827
474,0.5510037868373169,0.9160713140072083,0.18532761603108297
475,0.5508730665352358,0.9160333984246963,0.1853040058744061
476,0.5506852095238167,0.9159179991634284,0.18496149757617547
477,0.5506899123493938,0.9158808252905682,0.18479738833514628
478,0.550758661464325,0.9159358078811823,0.18443810442778355
479,0.5507802330028375,0.9159062278853791,0.18445522782927545
480,0.5509633542380834,0.9158269149123524,0.1837748858404761
481,0.5511425097140525,0.9159353851451113,0.18358669099660196
482,0.5512756614662848,0.9159176225440196,0.18337196020208116
483,0.5514791332526184,0.915846572139653,0.1827985670612023
484,0.55145233294049,0.9159564950472742,0.18242174781827694
485,0.5513702924560445,0.9160031958539522,0.1822430554208934
486,0.5515938687149474,0.9160561300961496,0.1820767146403693
487,0.5516981537344435,0.9160837539768608,0.18197721019853683
488,0.5516991420212783,0.9161388441730202,0.1818200449766238
489,0.5516985991666954,0.9161012706224202,0.18171032280875504
490,0.5516792112040031,0.9160908828442396,0.1815987773191608
491,0.5517219931391081,0.9160914977330701,0.18153246063364673
492,0.5517369131913745,0.916119578937349,0.18134881051558382
493,0.5518630939891662,0.9161029000778211,0.18133911571847752
494,0.5518948264631578,0.9161040184068816,0.18125600360573238
495,0.551825081890153,0.9160835233935494,0.18108453796551996
496,0.551880758690224,0.916122541932901,0.18073529202874486
497,0.5518134504079666,0.9160404734893025,0.18041516135776392
498,0.5519426258779847,0.9160858907155468,0.18026145038239025
499,0.5522189852758592,0.9161490513276068,0.18018668087081763
500,0.5521251484446235,0.9160286138209839,0.17981080119230067
501,0.5524655428271863,0.9160782353496069,0.17959714413427885
502,0.5524799786796695,0.9160903179151265,0.17946043747966098
503,0.55239090077284,0.9160522793548485,0.1792688867842552
504,0.5523313474966751,0.9160830622269265,0.17918726166798932
505,0.5525802040935787,0.9161300666349645,0.17896900326326204
506,0.5527111428238797,0.9161932195609142,0.17888054422737568
507,0.5528116199818771,0.9162530636163446,0.17884327226945707
508,0.5526870083704696,0.916170630082503,0.1786956868592888
509,0.5528243763871187,0.9162336369723554,0.17797626181188014
510,0.5526850072839041,0.9162054366333656,0.1775732887869898
511,0.552854561593765,0.9161771709624376,0.17717605892394542
512,0.552772348237649,0.9161344669331579,0.17716360560583447
513,0.5531065896345978,0.916112949667145,0.1770764798245129
514,0.5531254107454948,0.9160961785742925,0.17715961146069242
515,0.553121253376885,0.916098707304608,0.17718030864999068
516,0.5533914755931424,0.9161179148944514,0.17696339164924638
517,0.5534495377987803,0.9161822245800134,0.17687289055669034
518,0.5536946353981065,0.9163188682503759,0.17385308543744013
519,0.5537715640052489,0.9163363848959354,0.1736810351159836
520,0.5539151129841736,0.9163005868368335,0.1736023359995623
521,0.5540941448935458,0.9162949721331998,0.17349172590148534
522,0.5543497399143187,0.9162906410099998,0.173301338136204
523,0.55468009360837,0.9163667604041631,0.17293925141748462
524,0.5548408593155861,0.9163980351873054,0.17272260769895945
525,0.5548531270947359,0.9164527180196146,0.17278428488580616
526,0.5547661863598903,0.9165048990229947,0.1707951605785504
527,0.5548143605378215,0.9165064746756229,0.17074877709531466
528,0.5548103721946944,0.9165046492244073,0.1707925087716322
529,0.5549212665177871,0.9165361968644682,0.17073997405738256
530,0.5551084626232433,0.9165512923852575,0.1705490617622198
531,0.5552480181230206,0.916527630694448,0.1704075744024404
532,0.5554522382946502,0.9165924130757985,0.1703000600934462
533,0.5554396009907444,0.9165636862382477,0.17035532926111352
534,0.5554880474356325,0.9165491633326818,0.17024647191235692
535,0.5556303358033321,0.9165410352709533,0.1701115557332318
536,0.555697507165647,0.9165675023920521,0.16983708635479036
537,0.5561008956149552,0.916633360828856,0.16945008555122737
538,0.5560056028731176,0.9165069050978043,0.16944602573430373
539,0.5558713732527044,0.9164517880002585,0.1692648622160312
540,0.5560814416427095,0.916610333242153,0.16911606736921517
541,0.5562387705923065,0.9166767143344628,0.16892810502508093
542,0.556325524672005,0.9166344560995854,0.1686337455449371
543,0.5563524257884211,0.9166211783439013,0.16856175902689396
544,0.5562018497431486,0.9166545245337915,0.1680504492217061
545,0.5565548879571,0.9167207480608386,0.16796503217154
546,0.5566216327214856,0.9166985813184982,0.1678784353662475
547,0.5566070668842619,0.9165778286813496,0.16587536289740445
548,0.5569032337297535,0.9166510965285614,0.16568684329224845
549,0.556798375887639,0.9166603544485159,0.1652045135465946
550,0.5569240344247722,0.9165602928205142,0.1650992809485247
551,0.5569268988683781,0.916623226692318,0.16484251856010926
552,0.5564958508445813,0.9165971438767383,0.1650443593969744
553,0.5565465358804006,0.9166057561634208,0.16459124508913398
554,0.5567028629767842,0.9166899267582087,0.16427637179151378
555,0.5566591546940479,0.9166749157846337,0.16450783306459202
556,0.5563764818377142,0.9166562769669585,0.16441110479528154
557,0.5564074334549609,0.9166722064307241,0.16423232635420515
558,0.5566284302513818,0.9167121088727698,0.16384628887414016
559,0.5568954439950831,0.916814480176941,0.16388872558572765
560,0.5569039418880349,0.9168072206456856,0.1638719100641323
561,0.5569677919079467,0.9167447287252288,0.16348776618148625
562,0.5568776745429374,0.9167315278306486,0.1634959265294748
563,0.5569285879357013,0.916693397037046,0.16339296128397174
564,0.5568784233343551,0.9166904032970523,0.16311505100134477
565,0.5570528008632277,0.916724967735438,0.16297856601417252
566,0.5572164262700109,0.916735021167817,0.1628507747195945
567,0.5571728231174121,0.9166731133917492,0.16269391223525695
568,0.557204056732299,0.9167196374178884,0.16260739994493564
569,0.557275436018955,0.9167032237291687,0.16244885593843064
570,0.5573809897283039,0.9166834819546538,0.16231010743613958
571,0.5575494236735608,0.916783574327097,0.16206399171165684
572,0.5576872199201711,0.9167938352844563,0.16221995280531268
573,0.5577559980094793,0.9168106947675781,0.16213598853143585
574,0.5577835585927353,0.9168374501178161,0.16205314490613446
575,0.5578239630020354,0.9168081007053244,0.16192155339182235
576,0.5578234249999627,0.9168033891196605,0.16194798072096925
577,0.5578331868996449,0.9167668954675691,0.16186620085760167
578,0.5580534884944283,0.9167213360482828,0.16170966512549007
579,0.5580672818381424,0.9167312549737301,0.16166731702322046
580,0.5591372685441482,0.916949844109925,0.15993082260381397
581,0.5592089282334737,0.9169605124311345,0.15985827335426986
582,0.5593446916813416,0.9170156833314529,0.15973846917454898
583,0.5594308134126549,0.917043849082946,0.1596361487210201
584,0.5593485355247552,0.9170206985184769,0.15966561811087948
585,0.5593750268015196,0.9169866413633764,0.15952471893370984
586,0.5593435324817417,0.917026424670711,0.15946957384920266
587,0.5594318631955545,0.9170542599194577,0.15939081215877593
588,0.5600595740506569,0.917227969857135,0.15853449596837327
589,0.5600818887032556,0.9172374660465114,0.15851067007800698
590,0.5601786575008866,0.9172564737974848,0.15850162651194122
591,0.5603055193530324,0.9172901274317902,0.1584006126857014
592,0.5603087517178834,0.9171509050713947,0.15793649318900907
593,0.5602988703623485,0.9171342031535358,0.1579372304130742
594,0.5604689898942167,0.9172235657158864,0.15734622521732947
595,0.5606725029193499,0.9172324700747634,0.1572516247693306
596,0.560688365098929,0.9172313709609787,0.15718387369076214
597,0.5606136667791439,0.9172686754977154,0.15696736047578544
598,0.5605922372775638,0.9172464933831544,0.1567586167469126
599,0.5608912386641374,0.9172015488526986,0.15648484725156067
600,0.5608521369652957,0.917253072693641,0.15637855789818014
601,0.5608996314266034,0.9171963799434669,0.1559527511592026
602,0.5608911791182437,0.9172112602531656,0.15585932670666
603,0.5609790019017126,0.9172949773674409,0.15581164803383973
604,0.5609390658081107,0.9173084434328294,0.15559630039434386
605,0.5609961742953714,0.9172911266261398,0.15549635017541008
606,0.5610363917107845,0.9173096770535456,0.15542869048192898
607,0.560985421951119,0.9172969104242019,0.15551945066063647
608,0.5610592996708209,0.9173337883818123,0.1554596493763302
609,0.5611066751265426,0.9173091851424812,0.15536209809437027
610,0.5614604969878156,0.9173698861992191,0.15516662921121124
611,0.5614514614035593,0.9173864343948704,0.15512158077207303
612,0.5613548486828437,0.9173130935296101,0.15508453243386253
613,0.5611604213747473,0.9173214406454845,0.15583341846317478
614,0.5610328513030078,0.9173016988709696,0.155727935030928
615,0.5613108622333097,0.9173549251853615,0.15525296504477964
616,0.5615057760441452,0.9174112682175132,0.15513603507856433
617,0.561569782137249,0.9173853391241411,0.1555455025275914
618,0.5616872871744332,0.9174195730597804,0.15546609419040494
619,0.5616549594437733,0.9174110491633672,0.15526283101501576
620,0.5615947519714911,0.9173927792789904,0.1551108641277902
621,0.5617284538419309,0.9173623038513278,0.1550179579519976
622,0.5618434967550313,0.9173584684822473,0.15495411577560358
623,0.5618669863766372,0.9173647672497051,0.15494034467622536
624,0.5618823986888437,0.9173841324048112,0.1548852644325557
625,0.5618883773494198,0.9173962418717173,0.1547418596256195
626,0.5619453876038478,0.9173549789881342,0.15467039398048135
627,0.5621816850619012,0.9173760812041866,0.1539672571522539
628,0.5622158300831258,0.9173637757414658,0.15374229222208258
629,0.5623588829902911,0.917366942418943,0.1535915063321291
630,0.5624093036106403,0.9173450139460245,0.1534953701735861
631,0.5623498323529291,0.917338476909145,0.15266069002552674
632,0.5624298848649855,0.9173145269891964,0.15238114723864396
633,0.562670164181216,0.917326609554716,0.15198733503430548
634,0.5626793399710609,0.9172879561056074,0.15184025796070766
635,0.5626268698407055,0.9172876525042474,0.15169793723793804
636,0.5626309427572054,0.9172922680135315,0.15167548351647722
637,0.5628417748151772,0.9173178012722188,0.1514537484357644
638,0.562872254232358,0.9172875179973157,0.15151955770578446
639,0.5629071291268414,0.9172910113344841,0.151509472231518
640,0.5623221326551501,0.9171818186073492,0.1520692960070495
641,0.5624013977769661,0.9171921986994195,0.15202377151957974
642,0.5625113662902268,0.9172238731603016,0.15195055406346808
643,0.5622110098455335,0.9171067253089219,0.15161426703940925
644,0.5623328609124522,0.9170913838326004,0.15146213959598256
645,0.5622731870108402,0.9170724875302274,0.15114618256981732
646,0.5625549380949662,0.9171132854041325,0.15006715578803353
647,0.5623722992329839,0.9170573420497207,0.1499822156016232
648,0.5624055815397765,0.9170698780957529,0.1497883240011358
649,0.5625325578987036,0.9171390069725243,0.14959862353956868
650,0.56252334042204,0.9171200799257098,0.14954009784968011
651,0.5626402659525079,0.9171686945738727,0.1492444537717437
652,0.5627558224179531,0.9171946044519689,0.14913818028778125
653,0.5626771251628045,0.9171686330849897,0.1492357352671675
654,0.5626010527490233,0.9171670651184719,0.14929619128401025
655,0.5627684798445929,0.917195353847731,0.14922303954036106
656,0.5627370039159119,0.9171503362992266,0.14921609044890846
657,0.5628249265894769,0.9171625649008436,0.14908947087246815
658,0.5628497524850802,0.9171253794988178,0.14904263580555027
659,0.5628130970683851,0.9171286768401714,0.1490109747796517
660,0.5629158084721889,0.9170897889646962,0.14894000880792657
661,0.5629850436427303,0.9169775755961814,0.1487589733066617
662,0.5628866459881149,0.9169261747330051,0.1487934610554515
663,0.5629016498574527,0.9169233078138328,0.1487334188715054
664,0.5631015525954433,0.9168708923840861,0.14839005479683895
665,0.5631536966905578,0.9168674951232975,0.14846480003368878
666,0.5631183504636545,0.9168234959844185,0.14844868083774476
667,0.5631669839925622,0.9168959222025435,0.14805060057923672
668,0.5634993101912251,0.916902278615829,0.1477957271641377
669,0.5635361064794883,0.9168799812096122,0.14764834035184562
670,0.5636535062140839,0.9169822718096245,0.14730384430295812
671,0.5637382919873878,0.9169555510468832,0.14720006437243455
672,0.5639065546337038,0.9169971790207094,0.14710023392642035
673,0.5639517192741795,0.91700061471205,0.14711510310693932
674,0.563912069627708,0.9169243531248447,0.14709730924568887
675,0.5639462300630111,0.9169586946660292,0.14705370938771276
676,0.5640503039874062,0.9169567078064956,0.14699311760741368
677,0.5640799487184402,0.9169377077416325,0.14699156070219735
678,0.5642572981085798,0.9169747932242233,0.1468610025437803
679,0.5644113922926829,0.9169601511839466,0.14679618164981295
680,0.5647385721246307,0.916966526812508,0.14643918408542791
681,0.5646914143179812,0.9169586101188151,0.14639127820950293
682,0.5648831689058719,0.9169490140100037,0.14586885047148096
683,0.5649270679621402,0.9169029742088185,0.14541260212598583
684,0.5650104887527698,0.9168952035512228,0.14540360973564992
685,0.565098553919299,0.9168890085462553,0.14531847151752855
686,0.5651201500297651,0.9169039157573402,0.1452663206252692
687,0.5651591374176308,0.9168504127429745,0.14503441767282282
688,0.5651969892436615,0.9168601203003864,0.1450460598169241
689,0.5652318076419715,0.9168906495308218,0.14496366682808687
690,0.5652611580987117,0.9168718646770494,0.14485203653022727
691,0.5656245197159723,0.916944064154918,0.14480370446891547
692,0.5655487808375984,0.9169377231138534,0.14469978342052522
693,0.5655776631834171,0.9169130852870254,0.14468843303970214
694,0.5656051488173643,0.9168706810160506,0.14455675030187726
695,0.5655880560779456,0.9168169128308767,0.1445234024708685
696,0.5656912083063251,0.9168259478536303,0.14435678323833354
697,0.5656736728705809,0.9168096725148974,0.1442598171013296
698,0.5657846483788949,0.9167990003506327,0.14422231227420818
699,0.5659044869590308,0.9168353863971788,0.14412056946700885
700,0.565940921790832,0.9168425921256614,0.14399340442254632
701,0.5659399061238177,0.9168424998923368,0.14213310837571172
702,0.5661616834090094,0.9168872868575298,0.14200267962346816
703,0.5659945179897363,0.9169183694879126,0.14166670227919118
704,0.5659730398706865,0.9169133812022751,0.14161716130657878
705,0.5659982992594143,0.9169483107309038,0.14141327193060121
706,0.5660607448685078,0.9169595055506745,0.1413802562017425
707,0.5658018059611766,0.916961046615806,0.1415690345600276
708,0.5657081461271048,0.9169870910008338,0.14149839021627303
709,0.5657483672917579,0.9170343759519007,0.1415362974135662
710,0.5655328146135549,0.9169926096280876,0.141684469632991
711,0.5656508273142564,0.9170449366675649,0.14157455379493686
712,0.5657820033367771,0.9170267398012367,0.14147650823291913
713,0.565171322015866,0.9169857574606826,0.1416765840057882
714,0.5651983068977064,0.9169830442637179,0.1416359095491076
715,0.5653972864646415,0.9170532760973289,0.1416605352885939
716,0.5654251952313195,0.9170007338467608,0.14156550352506883
717,0.5653189485686133,0.9169803003223117,0.1418420126759895
718,0.5653426037002374,0.9170018291174903,0.14170025619346274
719,0.5654085088364608,0.9170214632864598,0.1416288544876381
720,0.5653498720733295,0.9171508205241806,0.14034273702998498
721,0.5653020080610519,0.9171490219743513,0.14031105796776266
722,0.5653393605167146,0.9171521655934973,0.14030406722286187
723,0.5653732695336949,0.9171747396996879,0.1402418571466837
724,0.5656428860939283,0.9171464624995943,0.13989407109522542
725,0.565727688895469,0.9170941854198345,0.139795017633654
726,0.5658674338622319,0.9171708928014419,0.13967579236289276
727,0.565912094439935,0.9171483724980241,0.13963293428885398
728,0.5658147493777596,0.9171141885221024,0.13965856743914565
729,0.5658280240700035,0.9171241458781015,0.13970854275330877
730,0.5658664303589223,0.9171127858069577,0.13963832416959585
731,0.5659548334461566,0.9171079281851966,0.13943816154204516
732,0.5660885026868957,0.9171063717478444,0.13941749735561826
733,0.5660863943710096,0.9171052495757286,0.1393369776197123
734,0.5662168693332811,0.917155966375081,0.13925317974961035
735,0.5661656284952907,0.9171270204833842,0.13917411106238237
736,0.5661942511456289,0.9171328811425501,0.1391109160764536
737,0.5661892281653031,0.9171316436787788,0.13911251036256353
738,0.5662371692350296,0.9170957841307938,0.13901969264401134
739,0.5662516840520467,0.9170948502683824,0.13903459501251303
740,0.5660186582059582,0.9169619458907207,0.1392715546064685
741,0.5660154036908855,0.9169638405169297,0.13921172313852728
742,0.5660057631875615,0.9170073977044617,0.1391163036802171
743,0.5657914427290625,0.9169667151222124,0.13940096118070738
744,0.5658044837275817,0.9169911992268326,0.13934325314675944
745,0.5659478462786061,0.9170353444018088,0.13923661380024058
746,0.5659197019201008,0.9170160176772545,0.13916379457654438
747,0.565939658454356,0.9170358170975973,0.13910505266253648
748,0.5659297983464258,0.9170592136175986,0.13915192584107958
749,0.5658820545990332,0.9170195994046924,0.13907497235095234
750,0.5658158754021475,0.917002993563213,0.1390152271070185
751,0.5659536199019339,0.9170772490756088,0.13878967465146608
752,0.5661452470388127,0.9171773107036104,0.13861876173799897
753,0.5662211924578832,0.9171890935108253,0.13850578365514757
754,0.566013650763358,0.9171312209427077,0.1380203023935512
755,0.5661662739026478,0.9171484493591279,0.13780414798392837
756,0.5659872241206979,0.9170849236568247,0.13774278360784956
757,0.5660176192276544,0.917035125347663,0.13766252538880983
758,0.5659477984236105,0.9171020367815892,0.13758835370746095
759,0.5660522908575699,0.9171513508657969,0.13749683267623744
760,0.5660548285911589,0.917148772175764,0.1374247504144793
761,0.5662448729243638,0.9171527497378863,0.1373666732380893
762,0.566474128429395,0.917221544268856,0.13670903590206662
763,0.566754482183898,0.9173566584032525,0.13659646196706257
764,0.5668848089050753,0.9174449756545913,0.13647012255218066
765,0.5669284076207176,0.9174621810126803,0.1364167329934713
766,0.5671045756371738,0.917546712854656,0.13595282998764346
767,0.5670585529016993,0.9176015071355659,0.13590652964859853
768,0.5670322033393095,0.917577495726734,0.13595442070814062
769,0.5670062535724242,0.9175887520353877,0.13594671752583065
770,0.5669974982066679,0.9175768039767996,0.1359118027544364
771,0.5670788236079451,0.9175877451549277,0.13581432246841094
772,0.5670870501103921,0.9175974334970636,0.13575763441919456
773,0.5671554921669869,0.9176482156283542,0.1356962846865462
774,0.5672386402336403,0.9176894016508336,0.13563228243167982
775,0.5673660256137237,0.9177406795362437,0.13553357535184993
776,0.567392743659724,0.9177666701184989,0.13546703067378976
777,0.5674665082957829,0.9178631500190627,0.13537711804494912
778,0.5673816374606159,0.9178454834943508,0.1353663530686869
779,0.567564629165466,0.9178192123690668,0.13527973699452495
780,0.5674978381744535,0.917795039551917,0.1351478611414566
781,0.5674890175524873,0.9177951548435727,0.13510589254010588
782,0.567544449843779,0.9178184168566423,0.1350329897420342
783,0.5675379759322403,0.9177843404862659,0.13500117214508428
784,0.5674959650147791,0.9178055541509189,0.1349678652324806
785,0.5675440740769977,0.9178139473834555,0.13495069064537768
786,0.5678137034507902,0.9177543339113365,0.13472876093657601
787,0.5678612610502823,0.9177881950706223,0.13465131038329453
788,0.5679316299113397,0.9178165260734885,0.13460655680547928
789,0.5679227604671359,0.9178558559003106,0.13455007162142055
790,0.5679869862628407,0.9178929798134533,0.13445360086284247
791,0.5679494255054962,0.917859791188826,0.13441859076900925
792,0.568082685715668,0.9179230478772658,0.13416973546354719
793,0.5681528153769445,0.9179343925761889,0.13415247199186334
794,0.5681696683427039,0.9179619857124585,0.13410337501230768
795,0.5682569663081498,0.9179669816842065,0.13404364720130515
796,0.5683440337329251,0.9179448149418662,0.1338718782894694
797,0.5684985305303493,0.9180183133723894,0.13377255568072063
798,0.5685101623800537,0.9180269448743478,0.13369764135246986
799,0.5686054993924831,0.9179688686243052,0.13360541032535103
800,0.5685773178573946,0.917929800125236,0.13352271958648526
801,0.5685314427399404,0.9179230824647625,0.13339714039888634
802,0.5684483821401847,0.917932663201353,0.13337571758066213
803,0.5684210722647614,0.9179105079881784,0.13332761339288088
804,0.5684779441598357,0.9179108961367526,0.1333309299318344
805,0.5684314161366864,0.9179655059510132,0.13309579039122613
806,0.5684889196792126,0.9179722697281489,0.1329962810583137
807,0.5686149751757028,0.9179774463234909,0.13289999640121056
808,0.5688335539959417,0.9179886142418753,0.1328957170518206
809,0.5688411763935688,0.9180123681660093,0.1328551048908285
810,0.568896178522759,0.9180128792923496,0.13288244991587297
811,0.5689608939531785,0.9180004201074212,0.13280138434129493
812,0.5691810695965388,0.9179637727331222,0.1324065866660992
813,0.5691472904274906,0.9179384008827528,0.13232103179028173
814,0.5691606286320999,0.9179300576099337,0.13225504818114256
815,0.5692520909431255,0.9178905241011864,0.13219732240424628
816,0.5692520909431255,0.9178905241011864,0.13219393066424687
817,0.5692453919628426,0.9179084365814305,0.13206265340638568
818,0.5691895878529105,0.9178937484244915,0.13202880863602898
819,0.5694113768432161,0.9179513020190282,0.13192052299305804
820,0.5695080225606308,0.9179758822000282,0.13186520876628063
821,0.5695452324544407,0.9179579543475634,0.13183952710203162
822,0.5696364473207094,0.9179697448408887,0.13166676898945298
823,0.5696370981413564,0.9179731152002909,0.1316513206867966
824,0.5697342633528197,0.917939815127063,0.13164723181682508
825,0.5697861396207821,0.9179930222261791,0.13043307666673423
826,0.5699675154191656,0.9179887641210277,0.1304127176221015
827,0.5701261521690562,0.9179019571903789,0.12989383615549951
828,0.5701294117902169,0.917911307343658,0.13006220355894677
829,0.5701298935446302,0.9178656672202127,0.13003531396718512
830,0.5701651613328045,0.9178721350820986,0.1299775777848271
831,0.5701480452095062,0.9178636227148512,0.1298763812833608
832,0.570085483708113,0.9178646142230904,0.12982956404967913
833,0.5701233599854556,0.9178653828341286,0.1296507580566285
834,0.5700743293850341,0.9178611055137013,0.12963168603263284
835,0.5702919309026295,0.9178832030810481,0.12962281172868742
836,0.5702356041373907,0.9178750173734918,0.12950969029202453
837,0.5704747689882773,0.9179586191961114,0.12943387717944368
838,0.5705486214349946,0.9179693643784248,0.1294049105050789
839,0.5708608121680028,0.9179408258505782,0.12902104160375102
840,0.5706330859786636,0.917888863901344,0.12910562887609825
841,0.5706109770932525,0.9178852360572439,0.12910144059292886
842,0.570757364778871,0.9178191739385149,0.12751634891159827
843,0.5708050249009406,0.9177814850962592,0.12749071666793693
844,0.5708754967473452,0.9178582501236945,0.12740945552502506
845,0.570783717973896,0.9178442076000275,0.12741920864094286
846,0.5708974265276138,0.9178606520331887,0.12737623524400402
847,0.5708956976605829,0.9178575237862634,0.12736022762407057
848,0.5709486185237417,0.9178271982377532,0.1273428890769719
849,0.5709389420203963,0.9178253881587584,0.12734727097912138
850,0.5711571385959036,0.9178182631344347,0.1272230700401024
851,0.5711768768505308,0.9177815043115352,0.12654381157871544
852,0.5712948709629609,0.917826287433673,0.12643105424483794
853,0.571294877624528,0.9178263220211698,0.12641906014123228
854,0.5713945541246689,0.9178207226897568,0.12616273760824454
855,0.5716751719733802,0.9178117799003279,0.12609297129502545
856,0.5716628947290874,0.9178474665108293,0.12620232687394037
857,0.5716383385081408,0.9178344961995605,0.12619877862692352
858,0.5716436122395265,0.9178339735440545,0.12618254305473703
859,0.5716728936278865,0.917841698084988,0.1261343944006582
860,0.5716786145912379,0.9177823959003394,0.1265604483151353
861,0.5716649736964977,0.9177710012416989,0.12651918155633998
862,0.5716257350952052,0.9177780071313115,0.12651567542923461
863,0.5716257350952052,0.9177780071313115,0.12654333677538693
864,0.5717588696586138,0.9177928221090719,0.1264699855636082
865,0.571815816859665,0.9177994475362208,0.12644371548485633
866,0.5721257925036856,0.9178389541435817,0.12590255980943996
867,0.572141476206783,0.9178277093640935,0.12583910103694368
868,0.5720808325564757,0.9177907199578825,0.12580072269167067
869,0.5721838778174937,0.917868211322749,0.12581408227091276
870,0.5722255247164331,0.9178729728681303,0.125719422727176
871,0.572375007030237,0.91785846149173,0.12567610470099502
872,0.5724667795358387,0.9178567743905013,0.1256394174381565
873,0.5724911151819462,0.9178600448304686,0.12564095001325382
874,0.5724300434839111,0.9178472512997385,0.125637813520181
875,0.5723977365730175,0.9177980063905242,0.125621312107204
876,0.5724860248862216,0.9178079406881924,0.1255757502903876
877,0.5729822518952176,0.9178565899238521,0.12485003915617787
878,0.5730194790815755,0.9178617165594766,0.12484951809449994
879,0.5729273190716826,0.9178655403993914,0.12473257168541375
880,0.5729691303075842,0.9178858624752401,0.1246752147345476
881,0.5729427660526579,0.9178829033227431,0.124614819469328
882,0.5726753941872815,0.9178869961765214,0.12450473684300332
883,0.5726451092006002,0.9178823691380716,0.12442438451504796
884,0.572709288241937,0.9179215375565758,0.12319731809347823
885,0.572748319682761,0.9178822730616919,0.12309274915794836
886,0.5729044494560066,0.9179466826666889,0.12293110343800151
887,0.5728720839358574,0.9179759436889113,0.12267858126381188
888,0.5729455777530856,0.9179688878395811,0.12262282482570436
889,0.5729455777530856,0.9179688878395811,0.12262128784714235
890,0.5729858147155985,0.9179504603899414,0.12236987588435362
891,0.5731000318738075,0.9180023877516789,0.12228137042203288
892,0.5730726034994095,0.9178937099939396,0.12204141642276753
893,0.5730645372178729,0.9179006467085589,0.12201455144696473
894,0.5730334668304594,0.9178943171966597,0.12203565199316138
895,0.5730956424265276,0.9179232092855838,0.12193054786113347
896,0.573128123779205,0.9179223791856626,0.12186997362302006
897,0.573134323521312,0.9179079523564765,0.12186756973249813
898,0.5730952465878414,0.917909232093855,0.12189903344902964
899,0.573303819762253,0.917990301343104,0.12168050419335062
900,0.5732769020297858,0.9179659978620777,0.12164454765850795
901,0.5733377405979417,0.9179778383151204,0.12155319691450202
902,0.5733719513606482,0.9180145010616402,0.12144054626223287
903,0.573539052458804,0.9181265069051746,0.12130944360817161
904,0.5735832977651786,0.9181409760079678,0.12127432600982435
905,0.573637632358761,0.9181273331620406,0.12124567423365501
906,0.5736441321718624,0.9181248966650497,0.12126181809156134
907,0.5735648037427858,0.9181061886723811,0.12122716940732017
908,0.5736006139820811,0.9180036444307262,0.12118251367477957
909,0.5735457295743485,0.917975555540337,0.1211477862032284
910,0.5735673976496714,0.9179987560645236,0.12110625256520756
911,0.5737239769950842,0.9180779114722876,0.12089196814085788
912,0.57357969125576,0.91789784896438,0.1204915750561577
913,0.5738033023133792,0.9179788913122426,0.12019960072972145
914,0.5738452693369377,0.9179897748445428,0.12012340496925003
915,0.5738750430329036,0.9179792371872098,0.12006330567338518
916,0.5736498578188608,0.9177795097658912,0.1202716590489332
917,0.5736675214756906,0.9178042590413196,0.12024184566035961
918,0.5738760602347968,0.917822217638226,0.12009259862079918
919,0.5738351008245531,0.9176975028111757,0.11993821510545843
920,0.5737702622309616,0.9176740524884017,0.12014901195955698
921,0.5742322317906811,0.9177526852406597,0.11970435764354884
922,0.5742716901593461,0.9177893825746762,0.11863694171038106
923,0.5742416955140393,0.9177572930638334,0.11855348598902289
924,0.574216128413583,0.9177735991470077,0.11849502492903759
925,0.5741853151558376,0.9177673349670469,0.118359583480523
926,0.574144347208151,0.9177692334363111,0.11834788598130545
927,0.5742260028273688,0.9177504639547595,0.11827415853677897
928,0.5742260028273688,0.9177504639547595,0.11830199850974087
929,0.574210882005899,0.9177957274587961,0.11777254556149044
930,0.5742111063123579,0.9178110727781728,0.11769297686357894
931,0.5742256812786268,0.9178080598229033,0.11762803497171245
932,0.5743444102871764,0.917847139851138,0.11761338151945808
933,0.5743316474147616,0.9178465595498042,0.11761617376962885
934,0.5738373522120397,0.9177779302702077,0.11755210545399636
935,0.5735311232305831,0.9177275324444362,0.11787266677057669
936,0.5736393822539306,0.9177017762885478,0.11789779215128841
937,0.5737049244631838,0.9176643795184866,0.11785526238310814
938,0.5737320527235329,0.9176239813223214,0.11788120572849521
939,0.5736755643119711,0.917617567263208,0.1178341493416793
940,0.5737937925473328,0.9176344267463298,0.1177384035155187
941,0.5738095153499314,0.9176528541959695,0.11774169377319839
942,0.5738151848122897,0.9176478005783937,0.11753958026058256
943,0.573709791099746,0.9176121716137202,0.11756419858523641
944,0.5737720722605673,0.9175900394588766,0.11752560790748114
945,0.5737127374667441,0.9175898818936138,0.1174874060406951
946,0.5739512010324439,0.9176437461551674,0.11730972314804544
947,0.5741514476486272,0.9177009385025162,0.11715721215120868
948,0.5742663997981143,0.917748519368833,0.11711686441111639
949,0.5743946675134952,0.9178073757590793,0.11704881092893654
950,0.5744631627613536,0.917849718541171,0.11687638135474727
951,0.5745063730946991,0.9178601754943451,0.11681340273473603
952,0.5745851186551147,0.9178678961922233,0.11675646645471154
953,0.5745403387449827,0.9178698100337083,0.11671217369007938
954,0.5745859547943987,0.917881508293709,0.11666212238603463
955,0.5746583256051351,0.9178507023632999,0.11664965715374688
956,0.5747127838686771,0.9178118721336525,0.11660552914971807
957,0.5746268499729398,0.9178047240509977,0.11655747648388762
958,0.5746245200817655,0.9177980063905242,0.11653610183672945
959,0.5745810323617787,0.9177129365208218,0.11632185338756211
960,0.5745789712191268,0.9177153076858744,0.11624613227815683
961,0.5745906838838338,0.9176802167489276,0.11621469733436872
962,0.5745369854613147,0.9177075139699475,0.11621415647746548
963,0.5749204713862629,0.9178605482706985,0.11588136506840563
964,0.5750967957595021,0.917883445193525,0.11584142365356326
965,0.5750750430939064,0.9178683112421839,0.11580072222585486
966,0.5752701736117783,0.9178793484966917,0.11574025882480185
967,0.5753198010360061,0.9178971802727768,0.11570593758567332
968,0.5752734501923851,0.9178838102837682,0.11567886994518374
969,0.5753044187853095,0.91790066976689,0.1156367122523858
970,0.575298574538828,0.9179222024051238,0.11565536825541503
971,0.5753548267833719,0.9179533618966105,0.11558493325526457
972,0.5754607650465184,0.9179615437611116,0.11555706131792201
973,0.5757894886970605,0.9180262146938616,0.11545625795655065
974,0.5757803551833586,0.9180354956721473,0.11547092782846095
975,0.5758107467287708,0.918049411374993,0.11544391904023558
976,0.5758261546123428,0.9180255075717064,0.1153771802089855
977,0.5758910573812899,0.9180116994744061,0.11531326112554979
978,0.5759891856846495,0.9180433047602948,0.11533039073905134
979,0.5760004597088716,0.918079510183247,0.1155409515057908
980,0.5759911497375906,0.9180416599326732,0.11545062984222347
981,0.5760692502948354,0.918034604083343,0.11535797126828455
982,0.576000146982516,0.9180377361733234,0.11529273893475372
983,0.5760755645863259,0.918043446953337,0.11529706414589444
984,0.5762078359190782,0.918003982619583,0.11527286952786112
985,0.5762525870806043,0.9180363180859581,0.11520225911230002
986,0.5763736468313773,0.9180442924254789,0.11515515651972275
987,0.576425480280932,0.9180352228152286,0.1151020326150028
988,0.5763711351955477,0.918034219777824,0.11508290850181285
989,0.5764588180945995,0.9180504835873912,0.11504913128408262
990,0.5763280127802047,0.9179943557663303,0.11496173416988774
991,0.5762834077693805,0.9179923958081829,0.11494421185402537
992,0.5762137293156397,0.9179719930281752,0.1149687305525623
993,0.5762534824298214,0.9179831878479459,0.11497068316569657
994,0.5763853014555015,0.9179359682288171,0.11498080349400419
995,0.57649157052819,0.9179444344794023,0.11493875522267355
996,0.5767033478274214,0.9180504067262873,0.11476332654994799
997,0.5767033478274214,0.9180504067262873,0.11477545484381774
998,0.5768545198386534,0.9180843447466769,0.11470557228415681
999,0.5768597691213319,0.9182181906728605,0.1140314468398752
1000,0.5769300290829066,0.918239777113867,0.11399351223261452
1001,0.5769702270044237,0.9183101549835752,0.11392577288004851
1002,0.5769639513855646,0.9182970040487124,0.11383023375239724
1003,0.5769960277317185,0.9183190132257899,0.11380353920209829
1004,0.5770473554187919,0.918282189070952,0.11375394974917533
1005,0.5769425137074926,0.9182601453063779,0.11380954992205271
1006,0.5770937581479144,0.9183086139184438,0.1137142753786496
1007,0.5771373027910057,0.9183158965080301,0.11369992407354917
1008,0.5770351054126546,0.9182849560706894,0.11368744829303798
1009,0.5771453895968317,0.9183130449610787,0.11363389756156639
1010,0.5770481680408676,0.9183074994324384,0.11363670458157638
1011,0.5769684485448202,0.9182775082297298,0.1136226234058139
1012,0.5771229479608948,0.918362774095247,0.11355284762309252
1013,0.5772133757644279,0.9183374944782022,0.1134758350956141
1014,0.5772262919995467,0.9183343393298906,0.11348447117374959
1015,0.5771336897276268,0.9181890603145145,0.11320488673485676
1016,0.5771016963697507,0.9181279480508712,0.11304644806842921
1017,0.5771280541592663,0.9181883493493043,0.11295756240604883
1018,0.5772970989207438,0.9181869812216563,0.11287499372854835
1019,0.5772740013744873,0.9181988793205269,0.11283154182893021
1020,0.5773836215360482,0.9182176872326305,0.11278255781113385
1021,0.5773319980658852,0.918162012892082,0.11281333026095995
1022,0.57737672637636,0.9181818276846455,0.11276050643846283
1023,0.5772588522928072,0.9181827192734499,0.1127304101186568
1024,0.5772394401839656,0.9181412949815487,0.11272539413642063
1025,0.5773202962947153,0.9181560984301435,0.11266769196465012
1026,0.577447306410102,0.9182332093325459,0.11259526923783351
1027,0.5774469697746423,0.9182344045227102,0.11259287727951614
1028,0.5774266684231908,0.9181945212959406,0.1125613406386166
1029,0.5775029942866986,0.9181698796260576,0.112556999893995
1030,0.5775617468197355,0.9181983797233522,0.11246109364850897
1031,0.5775617472211517,0.9181983874094625,0.1124728467025028
1032,0.5775980795190492,0.9181879266132333,0.11249531448375087
1033,0.5780040755997492,0.9182623934936646,0.11189871876837826
1034,0.5780119712116447,0.9182140324871441,0.11184842058538574
1035,0.5779784355374045,0.9182253349124601,0.11181314591015355
1036,0.5779180126699774,0.9182321678645893,0.11180321639754519
1037,0.5778824393160814,0.9182141477787998,0.11188524276700541
1038,0.5778410525363077,0.9181368908403,0.11184322301266732
1039,0.57788573426554,0.9181571706425417,0.11187586988921114
1040,0.5778577309536916,0.9181378285457666,0.11185782434148563
1041,0.5777484454671629,0.9181217338306278,0.11185636714303748
1042,0.5777978634545812,0.918123732219327,0.11183536509983966
1043,0.5776754155200557,0.9180352919902222,0.11164458444418564
1044,0.5778082023140145,0.918009804848197,0.11162251222650493
1045,0.57786535694677,0.918046390733613,0.11156121087182613
1046,0.5778714285663993,0.9180116072410816,0.11153229996443695
1047,0.5779612528370263,0.9180361489915296,0.11144288220786251
1048,0.5781443979215632,0.9180281477506225,0.11115143769555785
1049,0.578277254809175,0.9180592764976676,0.11119177457236369
1050,0.578348116009103,0.9180673007969059,0.11116191816094455
1051,0.578334471310234,0.9180954550192334,0.11115522781008565
1052,0.5784105162069839,0.9181727926618921,0.11094855304666286
1053,0.5784446379220144,0.9181618976004263,0.11094662231857283
1054,0.5784390983745251,0.918161248124099,0.11097032127132754
1055,0.5784031610693484,0.9181588577437704,0.11093954579689429
1056,0.5785578476721142,0.9182022612090948,0.11090589028058995
1057,0.5785654052698033,0.9182269374664747,0.1109081087779743
1058,0.5786721862827334,0.918211572931822,0.11082687009893875
1059,0.5786362778084394,0.9182248314722301,0.11082266369517542
1060,0.5786723472258413,0.9182338434366524,0.11080202436222013
1061,0.5787707063537454,0.9182519326974353,0.11078493673493602
1062,0.5787145568205005,0.9182663902710629,0.11073427581832584
1063,0.578894553049993,0.918294717430874,0.11068426517542865
1064,0.5789259853037915,0.9183093018253229,0.1106934657284945
1065,0.5790184427517774,0.9183111234334833,0.11064202013114768
1066,0.5790766907386738,0.9183273142250019,0.11060531497313712
1067,0.5789790141010004,0.9183191438896664,0.11056519595167513
1068,0.5790670344404072,0.9183958820157153,0.11049378103883437
1069,0.5789942315763007,0.9183894141538294,0.11048400302567533
1070,0.5790596797694656,0.9183538351488733,0.1103777795295192
1071,0.5790244616962282,0.9183373138546083,0.11034889377855403
1072,0.5790366345903745,0.9183391316197135,0.11029445612109522
1073,0.5790961748152529,0.9183422137499765,0.11024496843892503
1074,0.5789612588797733,0.9182602298535921,0.10998114627352303
1075,0.578983443036748,0.9182725929621408,0.10991012699008758
1076,0.5790982088226834,0.9182778886921936,0.10986925850823014
1077,0.5791004278825532,0.9182670551196109,0.10982957955179004
1078,0.5791004278825532,0.9182670551196109,0.10984103508181688
1079,0.5791091289204915,0.9183091750045016,0.1097792401920199
1080,0.5792063593415239,0.9183378672545557,0.10973256936586295
1081,0.5791159587142595,0.9182537888930924,0.10953300478237435
1082,0.5792249079892994,0.9182644533712467,0.10950638544549374
1083,0.5791422431259053,0.9182168494465989,0.10952264132721086
1084,0.5790646000299314,0.9181912393268077,0.10965139627154746
1085,0.5791369831980637,0.9181914045781809,0.10960723846822769
1086,0.5791590436055242,0.9181993366440946,0.10953551546557327
1087,0.5792845135154355,0.9182102893513883,0.10949351653842905
1088,0.5792891747061133,0.9181995480121301,0.10958477215639605
1089,0.5792643325357911,0.9182204849768093,0.10953855078281846
1090,0.5791290628136957,0.9181382090082305,0.1093628516809517
1091,0.5791180352420159,0.9181599261131135,0.10933655888336061
1092,0.5792160436985969,0.9181726658410708,0.10916774443346543
1093,0.5792590609768233,0.918178511128016,0.10908329083864259
1094,0.5792372761248555,0.9181531392776466,0.10907797360962311
1095,0.5793518974024757,0.9181043824364415,0.10886175425593135
1096,0.579350633743559,0.9181131253870004,0.10883853065614972
1097,0.5794708560890497,0.918142086650918,0.10876459168747436
1098,0.5794298240625199,0.9181577432577651,0.10877034748948398
1099,0.5793042153225441,0.9181312722936112,0.10878606470996377
1100,0.5793647706243452,0.9181401266927707,0.10880840845821442
1101,0.5795308509885776,0.9181738418159592,0.10876547755916065
1102,0.5795242509789382,0.9181562137217992,0.10874032536829484
1103,0.5795024090488363,0.91815139453059,0.10872983886032205
1104,0.5795721673988631,0.9181616247435078,0.10868767590789849
1105,0.5796741882676586,0.9182400038541232,0.10847533808102401
1106,0.5799173334409757,0.9182897137730156,0.10832235968485084
1107,0.579868486973217,0.9182909742951182,0.10833045849574337
1108,0.5799531693714424,0.9183386896683665,0.10827501489485078
1109,0.5799531693714424,0.9183386896683665,0.10827279783377695
1110,0.5799535669154214,0.9183393852613561,0.10820676217422445
1111,0.5798610319637628,0.9183369718226962,0.10814626108034592
1112,0.5798592222888179,0.9182833842611164,0.1080683214662092
1113,0.5799600996099474,0.9182867354052427,0.10803719062414982
1114,0.5800325240039501,0.9183034181078258,0.1078925596745681
1115,0.5800508381847709,0.9182917429061563,0.10785699173383223
1116,0.5801686243146548,0.9183113232723532,0.10781478640381344
1117,0.5803286928293911,0.9183492503840307,0.10771195606167706
1118,0.5803277182292291,0.9183276447277483,0.10772871879813829
1119,0.5803435612143181,0.9182987026791067,0.10772655545301951
1120,0.5804388337476536,0.9183043711855131,0.10769894002511614
1121,0.5805252871222998,0.9183310458315922,0.10764378861381886
1122,0.5806113865957033,0.9183654027449974,0.10762291910602129
1123,0.5807136201933252,0.9183831807183099,0.10759055465956947
1124,0.5807461740994823,0.9183708790986443,0.1075676018575972
1125,0.5808224208168088,0.9184052283259393,0.10752027273789029
1126,0.5808064381233837,0.9184411916364144,0.10740828927365877
1127,0.5809394830771151,0.9184354462689042,0.10731395471439815
1128,0.580984764622777,0.9184338859884967,0.10727175875879269
1129,0.5808168919852761,0.918375002696864,0.10699887788846144
1130,0.5808165738355621,0.9183732541067522,0.10699636845553266
1131,0.5807881146575022,0.9182724392399332,0.10689459599646894
1132,0.5806986036769803,0.9182298351300885,0.106873011423078
1133,0.5808128950710973,0.9182435548371194,0.10671319071839257
1134,0.5808137461575226,0.9181904553435488,0.10680564859508415
1135,0.5809256971284038,0.9182364989877893,0.10674942986121513
1136,0.5809622248400518,0.9182736344300975,0.10671419763473082
1137,0.5810993040942322,0.91828990208272,0.10669336092774162
1138,0.5812649537851282,0.9182796910850781,0.10680226352193821
1139,0.5812557791397734,0.9182645532906817,0.10677301418748561
1140,0.581351918070976,0.918251886580773,0.10674096719941667
1141,0.5812018397422062,0.918181232011091,0.10655414519922476
1142,0.5812789215112883,0.9182033910673209,0.1065264530842639
1143,0.5812800430499013,0.9181883455062491,0.10650378577215203
1144,0.5812884301148088,0.9181732422993494,0.10648100879614734
1145,0.5812929427575545,0.9181816854916035,0.10641715422155942
1146,0.5813821009594239,0.9182004396009343,0.10639968830396289
1147,0.5814743734732344,0.9182061273226167,0.10633581969094515
1148,0.5815897206435956,0.9182319257521122,0.10628806138389175
1149,0.5815662026793835,0.9182285208052132,0.10624075762835979
1150,0.5816526073366137,0.9183244934224919,0.10599290940708646
1151,0.5816554397915995,0.9183470559995168,0.10593966417077819
1152,0.5816177404217885,0.9183804598352349,0.10591309779997458
1153,0.5815792471520339,0.918359530556666,0.10588745005204162
1154,0.5816359327311871,0.9183704794209044,0.10585122363464365
1155,0.5817499458814007,0.9183521672629206,0.105809893696699
1156,0.5818990482490222,0.9183980571849533,0.10579926791862587
1157,0.5819036464522955,0.9183948021172067,0.10579083487130773
1158,0.5820100734658549,0.9184271337405265,0.10575263662749994
1159,0.5823206178836673,0.9184818511603325,0.10566376086019305
1160,0.5824843658047082,0.9184591617624863,0.10543702243202063
1161,0.5825150368999135,0.9184602685623813,0.1053927325655386
1162,0.5825896446779704,0.9184997636405766,0.10534829822056463
1163,0.5825956805190118,0.9185174609097301,0.10536169930230956
1164,0.5825239935774482,0.9185399619978719,0.1052880559817668
1165,0.5825145736241639,0.9185214845885148,0.10539040673402271
1166,0.5824417110431319,0.9185097594271278,0.10538196804361388
1167,0.5824138266498479,0.9185614523624985,0.10535246121307204
1168,0.5823832108732472,0.9185575362892592,0.1053123300604832
1169,0.5824844052525913,0.9185610795861451,0.10529655518367591
1170,0.5827404417201665,0.9185986761950762,0.10505922655655421
1171,0.5827237925201646,0.9185931844692087,0.10502051761430044
1172,0.5828512889516325,0.9186125457812596,0.10497825367655779
1173,0.582812449306159,0.9185522213439304,0.10474787032460402
1174,0.5828754524140908,0.9185735195557976,0.1046632553973605
1175,0.5828610392065956,0.9185718478267896,0.10464253524651874
1176,0.5828214090719651,0.9185068002746308,0.10454933402278002
1177,0.5828079237356969,0.9184895526429347,0.10450454449639475
1178,0.582807900164182,0.9184962011284148,0.10449681241425823
1179,0.5828282553726073,0.9185177299235934,0.10447845184685671
1180,0.5828236955300531,0.918495682315964,0.104454962975092
1181,0.5827402445580395,0.9184213230410782,0.10442280919834382
1182,0.5828895243899584,0.9184719053334989,0.1043670292414997
1183,0.5830478596192382,0.9185425368448497,0.10430393366003911
1184,0.5831585846347913,0.9185137869489677,0.10403302201695329
1185,0.5831223846506279,0.9185210810677197,0.10400454018674427
1186,0.5831467750582509,0.9185108585409123,0.10395142039600587
1187,0.583231031014237,0.9185057050039015,0.10390815674913396
1188,0.5832573704244532,0.9185045943609513,0.10387439685642316
1189,0.5833145132439009,0.9184653413952331,0.1038580998768394
1190,0.58364994710048,0.9185046020470617,0.10366458846427863
1191,0.583713645123605,0.9184750258943137,0.10362183904742492
1192,0.5837534988068239,0.9184684350546616,0.10358423277074988
1193,0.5838460957370155,0.9184845951017387,0.10354835068912512
1194,0.5838420735024025,0.9184930113926064,0.10352087057049622
1195,0.5838929916457419,0.9184869970112329,0.1034591277726316
1196,0.5840100817831282,0.9185051669761748,0.1034413298817591
1197,0.584068252087961,0.9185370143745406,0.10333985085002151
1198,0.584068252087961,0.9185370143745406,0.10335853252521526
1199,0.58409348378662,0.9185270531754861,0.10339619793045343
1200,0.5840977077175264,0.9185394777729179,0.10339271649046108
1201,0.5841211210222028,0.9185208005246908,0.10339394441670259
1202,0.5842005723928881,0.9185591619016049,0.10333202339117067
1203,0.5844239071295103,0.9185705988338526,0.10338723094402687
1204,0.5844359948736182,0.9185422370865448,0.10336383699796144
1205,0.5842932478121027,0.918529086151682,0.10332987199902674
1206,0.5843279346456728,0.9184931997023108,0.10330184927509939
1207,0.5844235350626271,0.9185279486073455,0.10327176922009115
1208,0.5843877671411257,0.9185001056724886,0.1032648513485721
1209,0.5843716011504069,0.9184720359973754,0.10324825443617962
1210,0.5844605634371776,0.9184157429249411,0.10314372192007809
1211,0.584393010117426,0.9184124455835875,0.10311974451767923
1212,0.5844220372632896,0.9184021077651243,0.10309555556988365
1213,0.5843919979534442,0.9184330597316307,0.1030134784572413
1214,0.5843120640690761,0.9183093517850404,0.10302424838979062
1215,0.5843512215221625,0.9183624474355558,0.10298200962454697
1216,0.5844320045843839,0.9183609524870866,0.10296809507720503
1217,0.5845527715528033,0.9183489467826706,0.10275436418739128
1218,0.5842156599958879,0.9182250313111,0.10255986521399414
1219,0.5842156599958879,0.9182250313111,0.10256518391336272
1220,0.5842423286611284,0.9182324829951148,0.10252701410205271
1221,0.5835896894304596,0.9181275791175729,0.10300715918808537
1222,0.5837815847562845,0.9181635193697169,0.1029288952304344
1223,0.5838754266811523,0.918178391993305,0.10291769418869075
1224,0.5839031788162471,0.9182205733670787,0.10279452120028146
1225,0.5838898248772053,0.9181956242527803,0.10275998729020694
1226,0.5839314102413284,0.9182136404955146,0.1027367118574495
1227,0.5840060264827589,0.9181989792399619,0.10261668848223565
1228,0.5840789019226522,0.918201177467531,0.10254427069662735
1229,0.5842744384324015,0.9182560332373239,0.10248220188381785
1230,0.5844349693441581,0.9182961816349017,0.10243250330248856
1231,0.5844217601947652,0.918270502340117,0.10242005671551398
1232,0.584329940067462,0.9182931187199146,0.102378163733593
1233,0.5843580294501846,0.9183066923908484,0.10238473721819022
1234,0.5843417630605743,0.9183059545242517,0.10239810719527144
1235,0.5843639073360309,0.9183036794355788,0.10236608128573481
1236,0.5844278855693831,0.9183380248198185,0.10232672579589577
1237,0.5843503996305711,0.9182829845833765,0.10229552725694503
1238,0.5843665370522866,0.9182682887403272,0.1021950246467928
1239,0.58442069758995,0.9182613673979286,0.10216023610899189
1240,0.584530591169301,0.9182916429867214,0.10203998145285982
1241,0.5846042584000023,0.9182850290887381,0.10201740492010818
1242,0.5845152336160929,0.9181699526441062,0.10185850779291007
1243,0.5845253298046031,0.918153350645682,0.10181940963639254
1244,0.5845016061873429,0.9181241280540116,0.1018098139620033
1245,0.5845410606509112,0.9181378823485393,0.10179252888456886
1246,0.584499909544462,0.91812510419003,0.10178996164271259
1247,0.5846334848966616,0.9181568439828505,0.10096784443247922
1248,0.584644216498406,0.9181731001063074,0.10093123510847199
1249,0.5845171823409401,0.9182123300136946,0.10093269283597381
1250,0.5845958003905296,0.9182420714178158,0.10088162076913061
1251,0.5846265152930407,0.9182608293702019,0.10085379382178061
1252,0.5846206956962257,0.9182625241575411,0.10085502087822565
1253,0.5847142116930776,0.9182585389093082,0.10082191881405099
1254,0.584975303891009,0.9183366874366121,0.10069170161036065
1255,0.5850348315836345,0.9183103394502243,0.10068914999626279
1256,0.5850418491000281,0.9183267185514473,0.10067264710172646
1257,0.5849996314700796,0.9183250083918875,0.10065926182826501
1258,0.584779038491885,0.9182351692906933,0.10060572983909576
1259,0.584888877145152,0.9182552454110097,0.10058887051922825
1260,0.5848426327383409,0.9182493424782368,0.10057869798970048
1261,0.5849519899044573,0.9182617670756684,0.10053620083707021
1262,0.5849929761928745,0.9182728081732314,0.10051165976863251
1263,0.584949231351132,0.9182599224091769,0.10048142430596504
1264,0.5850625067571137,0.9182695108318778,0.10041308994884726
1265,0.5851256260051194,0.918227952033045,0.10037066368193001
1266,0.585097474140753,0.9182277368219544,0.10035890448524493
1267,0.584547026052001,0.9181324021518373,0.10050496610528668
1268,0.5846849629005503,0.9181459412352743,0.10045096154983801
1269,0.5846090021632522,0.918124662238683,0.10043699066057069
1270,0.5845615531283291,0.9181122760718033,0.1004089956756846
1271,0.5844934754000545,0.9180820235413417,0.10041898451181011
1272,0.5844181356832802,0.9180805939248108,0.10038455823857895
1273,0.584447732819372,0.9180482892028773,0.10039664155650592
1274,0.584588427848717,0.9180780882528263,0.10033926794730284
1275,0.5846759673541291,0.9180606292530947,0.10025756648636988
1276,0.5848803319009374,0.9181180867712517,0.1000788567977411
1277,0.5848648910788034,0.9181000090396344,0.10000510486382493
1278,0.584996962563317,0.9180765779321364,0.09998577652580264
1279,0.585144938861224,0.9180949976956657,0.09988148458470021
1280,0.5851168237546885,0.9180837221717361,0.0998679354967558
1281,0.5851972053995684,0.9180600451087058,0.09983573176389708
1282,0.5851991659790262,0.9180654830318007,0.09982734644098923
1283,0.585178823219416,0.9180706903715842,0.0998142941843127
1284,0.585162688581502,0.9180432701727982,0.09980676106859815
1285,0.585165672740734,0.9180404532133433,0.0998382121011112
1286,0.5851278874223251,0.9180133558311933,0.09982646622174665
1287,0.5852203910834607,0.9180384394524234,0.09976182398931153
1288,0.5852203532048378,0.9179679232327282,0.09970645963524372
1289,0.5851612920039816,0.9179500607122016,0.09970223668694464
1290,0.5851547170129751,0.917959679879344,0.09965146752558746
1291,0.5851569253002263,0.9179842331589578,0.09961337689576083
1292,0.5852489695191125,0.9179884374613365,0.0995115086263608
1293,0.5852686201374036,0.9179987791228548,0.09948815824911811
1294,0.5854204630938439,0.9180817391552576,0.09941171708764
1295,0.5854503524261571,0.9181038251934388,0.0993846368086111
1296,0.5854450135487814,0.9180611480655455,0.09937713418587828
1297,0.5853477693701603,0.9180199543569558,0.0993550171684757
1298,0.5853556332448491,0.9179530198646985,0.09924919682062283
1299,0.585296224282846,0.9179388851077069,0.09924342958711474
1300,0.5853453193015192,0.9179751174320453,0.09920423809284255
1301,0.5854497764531857,0.917994290434392,0.0991896100535826
1302,0.5855315906159303,0.9179929376789648,0.09914682110046957
1303,0.5858878031710181,0.9180167415628163,0.0987727502852786
1304,0.5860345321547014,0.9179936332719544,0.09871667508323621
1305,0.5860730229432998,0.9179979298076576,0.09868014758292973
1306,0.586032051680074,0.9179891176821052,0.09864677069186785
1307,0.5861087707084935,0.9179879609224928,0.09860986594267317
1308,0.5859571526820185,0.917929700205801,0.09858272489718521
1309,0.5860030159884894,0.9179660785662367,0.09851491997311713
1310,0.5858707695640286,0.9179767468874462,0.09849555695081583
1311,0.5859839265776688,0.9179658902565323,0.09848108297824222
1312,0.5859476768274856,0.9180023224197407,0.09845315623698053
1313,0.5860173655826333,0.918088195487978,0.09842017871488688
1314,0.5861159211026747,0.9180906012405274,0.09839223291402711
1315,0.5860835068661021,0.9180942213985172,0.0982950041107809
1316,0.5860444136872706,0.9181125258703907,0.09828050441917235
1317,0.586085860739666,0.9181720355800195,0.0981999102307866
1318,0.5860943836273552,0.9181604026519571,0.0981842532560356
1319,0.5860634979008098,0.9180680425065577,0.09809316030211201
1320,0.5860228299536162,0.9180499878332715,0.09808186733749549
1321,0.5860188524628646,0.9180481354806697,0.0980615456327951
1322,0.5860505022202587,0.9180561751521287,0.09798669802319065
1323,0.5860641163566351,0.9180461563072464,0.09796494835530234
1324,0.5861712301492925,0.9180662170553421,0.09792007776687649
1325,0.5862206368145536,0.9181211612154043,0.09788242789214477
1326,0.5862154848533643,0.9181148393896156,0.0979161086121895
1327,0.5861823122088256,0.9180100738620605,0.09788267936261205
1328,0.5861748114974297,0.9179983256423423,0.09788497959328968
1329,0.5861606451917796,0.9179646258913745,0.09787922425301178
1330,0.5860961324155552,0.9179336739248682,0.0979580959809838
1331,0.5862291629121248,0.9179810856967565,0.09792030834748755
1332,0.5862453672858082,0.9179832032201667,0.09791932778552916
1333,0.586240869726653,0.9179893021487544,0.097954686967344
1334,0.586352474070754,0.9180371135983826,0.09787450315977692
1335,0.5863220042624927,0.9180257535272387,0.0978609011856326
1336,0.5870233012786801,0.9181228560027435,0.09740817359418366
1337,0.5872087038747021,0.9181664900513793,0.09735046144141156
1338,0.5871561835435455,0.9181329132781777,0.09734251214703703
1339,0.587112862911922,0.9181229636082888,0.09732244652953081
1340,0.5872110309586367,0.9181505260001169,0.09726766547184983
1341,0.5872366607407065,0.918168499969244,0.09724854715764217
1342,0.5872175522184994,0.9181320793352012,0.09725599187384076
1343,0.5870854891577627,0.9180634462125495,0.09726368228800364
1344,0.5869499121246344,0.9180432817019637,0.09723609775314729
1345,0.5870938306256127,0.9180504566860048,0.09717765305359857
1346,0.587230862288327,0.918080036681808,0.09703051948699147
1347,0.587230862288327,0.918080036681808,0.09705266527263344
1348,0.5871618445601433,0.9180746640906514,0.0970410366105327
1349,0.5871617518959606,0.918083257162058,0.09703251544470874
1350,0.5869605305086967,0.9180753443114201,0.09721721595522768
1351,0.586967261250328,0.9180746333462099,0.09719369585764286
1352,0.5868543483677169,0.9180392349648479,0.09719995087177662
1353,0.5868093878762959,0.9180354610846505,0.09719806852457032
1354,0.5868305790108752,0.9180768277307237,0.097155165997896
1355,0.5868305790108752,0.9180768277307237,0.09715893488742054
1356,0.5868121973565484,0.9180622125918334,0.09734298049942909
1357,0.5868637247656356,0.918046571357207,0.0973220491906831
1358,0.5868566629267514,0.9180424592881529,0.09732371126944632
1359,0.5869743994967747,0.9180598952295533,0.09727848115442413
1360,0.5872155974118058,0.918193199284955,0.09709126792882515
1361,0.5872273972866072,0.9181596686284157,0.09705312854884156
1362,0.5872834009703705,0.9181808630777927,0.09699737822136692
1363,0.5871567764715124,0.9181248082747804,0.09696525526397183
1364,0.5872284708239539,0.9181499187973967,0.09694589752722745
1365,0.5872229505132274,0.918162435628153,0.09691252142899155
1366,0.5872484531448479,0.9181557102815692,0.09689458573206455
1367,0.5873337919754096,0.9181633080016813,0.0968698608789891
1368,0.5874317650099997,0.9182139287246539,0.0968055408031007
1369,0.5874508257664951,0.9181819276040806,0.09679210359324422
1370,0.5874705056429064,0.9181679504123518,0.09676448316383965
1371,0.5874344341815986,0.918155545030196,0.09684975446099167
1372,0.5874614716894084,0.9181851288690545,0.09676602202725174
1373,0.5875993971030693,0.9181841604191463,0.09669738364571906
1374,0.5876617513928741,0.9182294892551213,0.09666435992013737
1375,0.58742468333485,0.9181201620210547,0.09661465601172635
1376,0.5877657879948358,0.9181818738013079,0.09634759051012615
1377,0.5878152601629457,0.9181943445154018,0.0963294060879518
1378,0.5877723475674347,0.9181681733095528,0.09632821412282229
1379,0.5880481813002248,0.9182280212080384,0.09620389074819637
1380,0.5879002019379873,0.9182092325112108,0.09606492692780588
1381,0.5879627259213451,0.9181720740105714,0.0960377093888717
1382,0.5880285564958105,0.9181619206587575,0.09599789261714381
1383,0.5881533905716437,0.9182138979802124,0.095970893132472
1384,0.5881595851206205,0.9181979800456123,0.09594220909694544
1385,0.5882499945746457,0.9182179370312179,0.09588343442394562
1386,0.5882402016117027,0.9182236285959554,0.0958845134489053
1387,0.5882134502993752,0.9182428669302403,0.09583589173556875
1388,0.5885340893658079,0.918364284415937,0.0955839433970907
1389,0.5884988507687089,0.9183438547345429,0.09536850032703717
1390,0.588465140134723,0.9183365298713494,0.09536238025436364
1391,0.5885526029973501,0.9183761786717524,0.09528887256828682
1392,0.5885541324220158,0.9183791916270219,0.0952901517171873
1393,0.5885908793775466,0.9184417450363618,0.09522664483579146
1394,0.5886043882574247,0.9184469485330901,0.09523380487728152
1395,0.5885728411706381,0.91843586516192,0.09524120017260931
1396,0.5884551300677388,0.9184124609558083,0.09523841118111401
1397,0.5883286049072838,0.918360798764879,0.09517866010096464
1398,0.5882996361482007,0.9183389663683403,0.09515099499868009
1399,0.5882572369104653,0.9183527821517511,0.0951146359134666
1400,0.5883586040767446,0.9183854865514244,0.09498479509619945
1401,0.5883372221136289,0.9183804329338485,0.09498071697134275
1402,0.5883748574410416,0.9183735615511674,0.09497088808838086
1403,0.588274464116686,0.9183350848825976,0.09496756073883228
1404,0.5882603276483405,0.9183318682454029,0.09495433280457907
1405,0.5882321781114237,0.9182855786456303,0.09498679369520556
1406,0.5882545234496459,0.9182840913832715,0.09496663034844749
1407,0.5880398427791066,0.9182634464907868,0.09509136547209018
1408,0.5880616054585553,0.918254726598559,0.09508076812120986
1409,0.5880303552605171,0.9182037484714536,0.09509151686335067
1410,0.5880712597674933,0.9181776694989292,0.09507388874841412
1411,0.5881923872150246,0.9182384551028813,0.0950363857675745
1412,0.5881877178593837,0.9182338088491557,0.09501815136532804
1413,0.5882184768451426,0.9182479320769817,0.09501686750491971
1414,0.5882332632466071,0.918250395475359,0.09501124591348657
1415,0.5882687665649763,0.9182495423171066,0.09484652359648728
1416,0.5883095338781443,0.9182693378943942,0.09482585448263428
1417,0.588250482913673,0.9183308575218878,0.094789609259919
1418,0.5883893819100001,0.9183609717023625,0.09476130469138962
1419,0.5883637281770911,0.9183905401690002,0.09475059741524793
1420,0.5883747390231263,0.918393376343731,0.09474919036369019
1421,0.588332498251756,0.9183584698734334,0.09475661563602322
1422,0.5883192276994796,0.9183709444305825,0.09474908090428996
1423,0.5883225169673327,0.9183823659906095,0.09475004813733466
1424,0.5882376840335879,0.9183229292990293,0.09475840476340101
1425,0.5883203535862144,0.9183033066592253,0.09470788757059144
1426,0.5883516080915452,0.9182977995611369,0.09471161851755562
1427,0.5883276414532346,0.9182488697824482,0.0946964458776399
1428,0.588367762124181,0.9182684732069762,0.09468362548150704
1429,0.5883507200695036,0.9182889413189222,0.09468168247511394
1430,0.5883244591939654,0.9183171378148568,0.09463793648403795
1431,0.5883133850957195,0.918328140481868,0.09461323370346411
1432,0.5882417933939449,0.9183068115255593,0.09464901896334439
1433,0.5882663128674434,0.9183499306047995,0.09460049258240268
1434,0.5882481394031326,0.9183645918603522,0.09457717285617288
1435,0.5882482639624121,0.918367266626765,0.09455208411467993
1436,0.5882868147867237,0.9183653720005559,0.09455137015035382
1437,0.58832169311556,0.9183800255699983,0.09452868607439187
1438,0.5883064514332993,0.9183878192859252,0.09451432431713745
1439,0.5884258318805853,0.9183807480643742,0.09447050197055357
1440,0.5884895776481532,0.9183933878728966,0.09443329129441247
1441,0.5884587068093431,0.9183931803479163,0.09443758569343796
1442,0.588366970706714,0.9183850330709118,0.09442988940169747
1443,0.5883557913176369,0.9183903518592959,0.09442466028332377
1444,0.5882659644846967,0.9183876732498278,0.09442598619011372
1445,0.5882707955588565,0.9183610754648527,0.09441662752879745
1446,0.5883173777857581,0.9183625281397148,0.0944095237426924
1447,0.588304795178873,0.9183786074826329,0.09439628459060799
1448,0.5883861241584069,0.9184078838770761,0.0943559042501666
1449,0.5884231843932327,0.9184013622124173,0.09426587473964522
1450,0.5884190337602063,0.9183911973314378,0.09425226991894026
1451,0.5885444605706575,0.9183975575877785,0.09422418291167611
1452,0.5886668932303114,0.9184195168051384,0.09419065687739629
1453,0.5887838533957496,0.9184691383337615,0.09413894084627988
1454,0.5887741296877037,0.9184948214716013,0.0941245236167971
1455,0.5887543890301713,0.9185187867637709,0.09410719541117861
1456,0.5886669766615367,0.9184831424268766,0.09405730452572839
1457,0.5887047309774129,0.9184963317922913,0.09404267339813333
1458,0.5888272686344626,0.9185182448929889,0.09397737450837869
1459,0.5889057560920304,0.918539500831249,0.0939433515236703
1460,0.5889214486618052,0.9185125879157482,0.09393200793478271
1461,0.5890236338020342,0.9185526287077806,0.09394105089115873
1462,0.5891175867907443,0.9185837305534393,0.09392156927819427
1463,0.5891220925779168,0.9185286172989487,0.09389396971195835
1464,0.5890623759772426,0.9185095057854852,0.09388978728888817
1465,0.5890029101382152,0.9184678662824933,0.09388463116289829
1466,0.5893704195546129,0.9185591503724393,0.09372232262642805
1467,0.589419134833173,0.9185588198696929,0.09369313731897906
1468,0.5894851056904036,0.9185188982123713,0.09369378764980446
1469,0.5893506812306685,0.9184853944572183,0.09366190338921226
1470,0.5893876442191778,0.9184855174349845,0.093649072361956
1471,0.5894167569631715,0.9185246282076608,0.09349658476617992
1472,0.5894208246453556,0.9185210426371678,0.0935041356043069
1473,0.5894386179679171,0.918549231446992,0.09346959780479488
1474,0.5893658212206925,0.9185636313747917,0.093497335641862
1475,0.5893336065513484,0.9184346469134245,0.09335168244428979
1476,0.5893534501421763,0.9184704411294712,0.09324250733175839
1477,0.5892757149979869,0.9184634813565207,0.09322009632569479
1478,0.5893086858672024,0.9184853752419424,0.09319747186481918
1479,0.589283193978631,0.9184418987585694,0.09318749820039496
1480,0.5892467548234287,0.9184096439963534,0.09318702702041083
1481,0.5892800212631296,0.9184035412247105,0.09316434144304184
1482,0.5892016007776599,0.9183177334884114,0.09315008050398065
1483,0.5892282626391039,0.9183362647005412,0.09312606512299386
1484,0.589137669691203,0.9183367412393848,0.09310639787358688
1485,0.5890973359187657,0.9183560948653254,0.09307143548732708
1486,0.5892369068699077,0.9183675625420147,0.09304616962700833
1487,0.589232713086212,0.9183713786958191,0.09303358818917622
1488,0.5891946749741693,0.9183747106246695,0.09302918574071188
1489,0.5892290567660979,0.9184058163133835,0.09300918338830637
1490,0.5892660038955526,0.9184105509573784,0.09298770984571196
1491,0.5893286594474326,0.9184538045435504,0.09291186402169885
1492,0.5892881439841341,0.9184605145179134,0.09291997422546047
1493,0.5893002533050022,0.9184546577018027,0.0928951319637964
1494,0.589291955227821,0.9184542695532285,0.09291485125242767
1495,0.5892501039815994,0.9184430555181818,0.09290478287918169
1496,0.5893385478672645,0.9184387282380371,0.09289405421533395
1497,0.5893249012816052,0.9184890223013185,0.09285296747222262
1498,0.5892555595737523,0.9184787651870143,0.0927924169130464
1499,0.589316955815609,0.918507084660715,0.09277793837884941
1500,0.5892968145272088,0.9184954478895974,0.09277200780548096
1501,0.5892370743748662,0.9184359612382997,0.09278070901533855
1502,0.589245188925032,0.9184664520381831,0.09276272275309823
1503,0.5894324861293424,0.9185220379884622,0.09273034162071563
1504,0.5894325039424338,0.9185174839680612,0.0927277064546862
1505,0.5892320980740616,0.918568554328491,0.09279264584433437
1506,0.589128328218812,0.9185655029426696,0.0927840950844556
1507,0.5891194882654682,0.918675733294706,0.09213154552015843
1508,0.5891492044599712,0.9186605340114266,0.09206302481062358
1509,0.5892764728904379,0.9186810905136419,0.09203813966879945
1510,0.5893954156868598,0.9186875199449761,0.09201194866723424
1511,0.5894500151314802,0.9187043256253252,0.09199910813731751
1512,0.5894842339002498,0.9186879964838197,0.0919649645927751
1513,0.5895668223144884,0.9187683970414655,0.09192477460609808
1514,0.5895666859618636,0.9187683393956376,0.09192984689246587
1515,0.5895363910769412,0.9187420644272984,0.09192846073984126
1516,0.5895054169909267,0.9187377717346503,0.09192630778188705
1517,0.5895705229337346,0.9187539202525619,0.09190734124734862
1518,0.5896460350034733,0.9187777664100205,0.09188521259407627
1519,0.5896816037167771,0.9187722900563737,0.09187463811336145
1520,0.5897259373107703,0.9187778778586211,0.09181966456217841
1521,0.5896076492496334,0.9187964359721372,0.09180069223516828
1522,0.5896507574256389,0.9187881157576492,0.09178918200019494
1523,0.5897451180663268,0.9188168425952001,0.09174713574377537
1524,0.5897377371940347,0.9188336943922115,0.09174203047261922
1525,0.5898443982782161,0.9187976849650742,0.09171640865183926
1526,0.5898272186855685,0.9187773475170047,0.0916582807794238
1527,0.5899561032359071,0.9187960593527285,0.09162519439087637
1528,0.5899448090800571,0.9187894300825244,0.09162335333695039
1529,0.5898743591460398,0.9187758141379836,0.09162307613540187
1530,0.5898461757402991,0.9187510840778311,0.09161300107252503
1531,0.5904804971420587,0.9188978926291731,0.09105483518760225
1532,0.5904804971420587,0.9188978926291731,0.09105486249515274
1533,0.5905160661771779,0.9188760410173584,0.09103376363444625
1534,0.5905490890659446,0.9188798302697766,0.09102161840414556
1535,0.5905055278312304,0.9188552116582246,0.091061458756838
1536,0.5905996041218169,0.9188837002263537,0.09103732410037196
1537,0.5906324154812098,0.9189117391570254,0.09101822673366312
1538,0.5904790482702655,0.9188763868923256,0.09098229196728329
1539,0.5903792418576962,0.9188551924429487,0.09097665871952507
1540,0.5904447049475741,0.9188637701421344,0.09095328455643488
1541,0.590607029696542,0.9188778126658014,0.09095029989691303
1542,0.5905544960163045,0.918868293418094,0.09095059159989333
1543,0.5906309674613439,0.9188470374798339,0.09090490167335029
1544,0.5905911855898331,0.9188836925402433,0.0908907853570253
1545,0.59060735959345,0.9188576289399396,0.09089231244809555
1546,0.5906744672959878,0.9188778972130156,0.09086810703761465
1547,0.5908775641565724,0.9188785812768395,0.09083907807847257
1548,0.5908704049496624,0.9188699228734948,0.0908432361441635
1549,0.5907589418758702,0.9188635049713262,0.09083933354907739
1550,0.5907806777187784,0.9188579555996308,0.09081906538703072
1551,0.5907742147014361,0.9187762522462753,0.09081229774976947
1552,0.5908247757162781,0.9187753337560848,0.090795156468805
1553,0.5909228936127663,0.9188192329755287,0.09069572393901426
1554,0.590920049110295,0.9188181799784065,0.09070520412073861
1555,0.5912525527557493,0.9188322532465151,0.09057861396879761
1556,0.5915031265203707,0.918804610150528,0.09045389447229377
1557,0.5915324486078779,0.9188233335154173,0.09044050105451525
1558,0.5915295491732154,0.9188542893249788,0.09044129148998901
1559,0.5915574622762694,0.9188601038674824,0.09040877229517151
1560,0.5916649007368544,0.918910301854384,0.09024519525839991
1561,0.5917060836263117,0.9189456541190838,0.09023001929533228
1562,0.5917556481422936,0.918962217686956,0.09015039120542644
1563,0.5915533361598292,0.9189321726814746,0.09029569881352584
1564,0.5916373576929241,0.9189516685004573,0.09027931935278943
1565,0.591666894202005,0.9189138489943252,0.09027949629994991
1566,0.5916942283597836,0.9189384637628218,0.09026738253488013
1567,0.5916482532925864,0.9189475641175135,0.09026352319489749
1568,0.591614200920098,0.9189318767662249,0.09026017361101105
1569,0.5916415927107768,0.9189264888028474,0.09024863483562483
1570,0.5916592119268461,0.9189322572286888,0.0902332700630916
1571,0.5916233983237359,0.9189061628839436,0.09022485904622872
1572,0.5916994620831727,0.9189180801980902,0.0902088239381308
1573,0.5918644980871007,0.918976886628619,0.09018120215884602
1574,0.5918786234896621,0.918976602242535,0.09015538676293788
1575,0.5919657058068921,0.9189995606542445,0.09012925356200648
1576,0.5919091298441058,0.9190372533395554,0.09011740760082887
1577,0.5920064728652419,0.9190639933175726,0.0900887393122591
1578,0.5919653390681092,0.9190599081499049,0.09008574070922698
1579,0.591941928030577,0.9190466572956072,0.09009158470024951
1580,0.591941928030577,0.9190466572956072,0.09009869574389265
1581,0.5919793123712026,0.9190605922137288,0.0900685746324173
1582,0.5919579116718459,0.9190708416419225,0.09005850424150631
1583,0.5920583105092627,0.9190576522765079,0.09003937506891478
1584,0.5920354629793065,0.9190428949445755,0.09002768601419028
1585,0.5921037066283174,0.9191058518747104,0.08988734907198402
1586,0.5920748318706468,0.9190754994248138,0.08988706921506688
1587,0.5922265559113434,0.9191031117763593,0.08970227566795959
1588,0.5923049938230938,0.9191387484271432,0.08966840321816538
1589,0.5923251003457743,0.9191524988786157,0.08966713659564544
1590,0.5922248770406552,0.9191497587802647,0.08965644489894461
1591,0.592205458517273,0.9191540476298575,0.08963962567953286
1592,0.5921191642792887,0.9190893228943349,0.08958820442182143
1593,0.5920998547965133,0.9190742504318767,0.08959875029208725
1594,0.5921693594049773,0.9190903989497883,0.08958854523036659
1595,0.592262731596888,0.9191130883476345,0.08956032916907464
1596,0.5922755126987367,0.9190920015038029,0.08953917605870229
1597,0.5922743401641285,0.9190725479584273,0.08953249888640821
1598,0.5922681660347588,0.9190674290089131,0.08952479826208486
1599,0.5922148193010754,0.919047579628853,0.08951165852296247
1600,0.592279319713415,0.919069177599025,0.08950241463392418
1601,0.5923665370791039,0.9190979390240726,0.08947365987046396
1602,0.5924288287461965,0.9191417690685231,0.08945770002806895
1603,0.5925154435035275,0.9191522337078075,0.08938779200361785
1604,0.5925256238642659,0.9191694621242277,0.08937469446997673
1605,0.5926105141509878,0.9191435522461316,0.08937483906091184
1606,0.5926675547346557,0.9191364656523598,0.08935567451384693
1607,0.5927056692009529,0.9191718102309493,0.08932339466282135
1608,0.592632221368486,0.9191942421440977,0.08930966456193253
1609,0.592585036610158,0.919217899991852,0.0893203012193369
1610,0.5925722403643294,0.9191944035524157,0.08932341583808608
1611,0.5923888745345987,0.9191121544852232,0.08924892161808044
1612,0.5923112802873686,0.9190774709121267,0.08925696966170485
1613,0.59234837299066,0.9191050333039548,0.08923864286047892
1614,0.5924212597704015,0.9191803840870798,0.08926803969252671
1615,0.592382610067736,0.919157279639273,0.08922655701496975
1616,0.5923061295594856,0.9191616991527424,0.08920883765729545
1617,0.5922959953248179,0.9191479832887666,0.08923286576394522
1618,0.5923098154453276,0.9191526218563818,0.08923065044267914
1619,0.5923199067674184,0.9191751805903515,0.0892139036347382
1620,0.5923961334938207,0.9191550775686487,0.08919847877701095
1621,0.5924218889238797,0.9191635515053443,0.08918285115439564
1622,0.592417650100408,0.9191787815330653,0.08917153862440153
1623,0.5924394516303825,0.9192153213018189,0.08915817720456205
1624,0.5925317060623622,0.91921655107948,0.08912721758028713
1625,0.5926080303276291,0.919212139252121,0.08910151925191641
1626,0.5926029679984923,0.9191995763047024,0.08909930964259263
1627,0.5926871406265221,0.919229202417168,0.08907239857870293
1628,0.5925899256957613,0.9192053062999919,0.08908230165718967
1629,0.5925923717620832,0.9191982043339993,0.08908636210338595
1630,0.5925758310122755,0.9191934043580661,0.08908255215796936
1631,0.5925590449860737,0.9191764372693989,0.0890855656667867
1632,0.5925373512962302,0.9191643892913759,0.08908527444502982
1633,0.5925899375813218,0.9191528562827485,0.08907533030244871
1634,0.5925166223939149,0.9191240794854801,0.08910455534181226
1635,0.5925091746323302,0.919127641997642,0.08907236562182663
1636,0.5925429861537433,0.9190928738773312,0.08906054742438384
1637,0.592432962499244,0.9190787006897877,0.08906581910365215
1638,0.5924368553240369,0.919104433787345,0.08904677392510638
1639,0.5926056760329258,0.9191204132108282,0.08902696110199479
1640,0.5926141354795966,0.9191043031234685,0.08900969047921214
1641,0.5926197566220257,0.9191258818783645,0.0889940215768694
1642,0.59264134068986,0.919113257442063,0.08899730178581525
1643,0.592656476102059,0.9190765408927705,0.08896674883188907
1644,0.5927132350702732,0.9190897955901234,0.08896115703376421
1645,0.5927021069309184,0.9190786238286839,0.08896097943955068
1646,0.5927752349233825,0.9190682629518896,0.08894709456374593
1647,0.5925681370730035,0.9189743194677517,0.08888771919199799
1648,0.5925451489417916,0.918952506286489,0.08888095302780484
1649,0.5925282560708628,0.9189369688143527,0.08887545641818248
1650,0.5928128440274177,0.9190346093175842,0.08881527040242647
1651,0.5928330539230652,0.9190063551758217,0.08879958210114507
1652,0.5928512237463058,0.9190367460562702,0.0887836041440809
1653,0.5928499314802066,0.9189664719490521,0.08879619792951889
1654,0.5928533568064471,0.9189647195158851,0.08878956355591833
1655,0.5928698591667827,0.9189332871674799,0.08879440708249378
1656,0.5928261694867936,0.9189304932663562,0.08878062362546803
1657,0.5928347331373305,0.9189047524826885,0.08874145062269165
1658,0.5928447978925616,0.9188787542143232,0.08871672209629322
1659,0.5927585775919881,0.9188607917743615,0.0887217708906728
1660,0.5928173452488208,0.9188738082022927,0.08870559491913006
1661,0.592682229226277,0.9187851796634835,0.0886693297817975
1662,0.5927807187021825,0.9187737926909533,0.0886548922765422
1663,0.5928143821718185,0.9187718173605852,0.0886542305846442
1664,0.592941675626582,0.918814625152355,0.08859875007198133
1665,0.5929705952933297,0.918849497035156,0.0885554876967191
1666,0.5929718933792896,0.9188548273527055,0.08855501901711003
1667,0.59300871133509,0.9188609839271211,0.08854813266123339
1668,0.5931088882689847,0.9188888460772541,0.08854621548617655
1669,0.5931553245654059,0.9188681358528311,0.08853377925377606
1670,0.5932088209011048,0.9189210431936422,0.08850481298956009
1671,0.5932088074524565,0.9189234604753572,0.08850835555268365
1672,0.5931992002791504,0.9189337598632684,0.08850377898835218
1673,0.5931447596048954,0.9188790155420761,0.08851021417246789
1674,0.5931469648761292,0.9188783161060314,0.0884867615796022
1675,0.5932634299362981,0.918921746472742,0.08843908405708308
1676,0.593209707212882,0.9189168850079258,0.08843679498423108
1677,0.5931586546151337,0.9188857178303288,0.08843198768392913
1678,0.5931465323234991,0.9188811023210447,0.0884287833631885
1679,0.5935815918397387,0.9189242982613888,0.0882963440949328
1680,0.5935817040020186,0.9189225342990562,0.0882950599944909
1681,0.5935584683576091,0.9189101904057835,0.08830400920566574
1682,0.5935406500665396,0.9189087185156455,0.08830357993163551
1683,0.5936467964920445,0.9189637894965289,0.08826665401990404
1684,0.5937525326198448,0.9189800379338755,0.08824912153030166
1685,0.5937833120725325,0.9189830854766418,0.08825000712845721
1686,0.59377326402094,0.9189803492213459,0.08821989438663233
1687,0.5938328499865098,0.9189946607588763,0.08820590581346754
1688,0.5938734689164642,0.9189934578826016,0.08816310622108578
1689,0.5939108139838292,0.9190415191308171,0.08824754684526255
1690,0.593933133674064,0.9190487248592998,0.08823061774304804
1691,0.5938944826348447,0.9190322035650348,0.08823855923044693
1692,0.5943392403484843,0.9191398975006452,0.08808578586613844
1693,0.5943557676056686,0.9191458311778598,0.08808907118280053
1694,0.5944088178340036,0.9191305166029246,0.08806935776250768
1695,0.5945729201637646,0.9191580559364215,0.08803054934377297
1696,0.5946646808902227,0.9191610535194703,0.0880133174995146
1697,0.594647592204121,0.9191391173604415,0.08801059182140193
1698,0.5946517363230635,0.9191350744663809,0.08799959298941586
1699,0.5943383363283105,0.9191036959207484,0.0879868387311036
1700,0.594379496587177,0.9191038650151767,0.0879624747506244
1701,0.5943906231626365,0.9191648350857781,0.0879054938105588
1702,0.5944538624767339,0.9191518340300677,0.08788730618375776
1703,0.5943615875300851,0.919093292770347,0.08796719093526265
1704,0.5943081398270872,0.9190748422623761,0.08795985746725275
1705,0.5943448445388011,0.9190490438328807,0.08794712211217298
1706,0.5944418582000963,0.9190866096973702,0.0879271307308549
1707,0.5942929096628442,0.9189795959825285,0.08787164056321635
1708,0.594288805471621,0.918951622383795,0.0878572061678414
1709,0.5944527060131808,0.9189904948870495,0.08779653330113045
1710,0.5945285579738915,0.918977267091083,0.08775332734354323
1711,0.5945731335074953,0.9190172348650668,0.08760124946587192
1712,0.5945732092263835,0.9190176768164137,0.08759574431530144
1713,0.5946341875694391,0.9189966437753547,0.08759016838493743
1714,0.5946449558613763,0.9189756991245651,0.08759886705101906
1715,0.5946830294447444,0.9189821593003408,0.08758272923054745
1716,0.594562811317082,0.9189362078894249,0.08758788138127939
1717,0.5946482352781867,0.9189659339213254,0.08756070177387823
1718,0.594670582961289,0.9189768097675152,0.08755610544360878
1719,0.5945500208465045,0.9189223575185175,0.0875306960904443
1720,0.5945945065469996,0.9189320689189845,0.08751816971020927
1721,0.5946104483110761,0.9189381524753514,0.08752780101035093
1722,0.594584891632066,0.9189336791591094,0.08753229397203564
1723,0.5946196866813741,0.918961452918973,0.08751260142380618
1724,0.5947318442752756,0.9190181187677606,0.08748324980373177
1725,0.5944492163128153,0.9189115047306587,0.08746673851598
1726,0.5944492163128153,0.9189115047306587,0.08746291285145641
1727,0.5944700874228603,0.9189106169849097,0.08745695836194242
1728,0.5945387171939731,0.918936592194944,0.0874330757452675
1729,0.5946012931162553,0.9189698653667855,0.08742407504816581
1730,0.5945424367714274,0.9189095101850148,0.08749895082248292
1731,0.5945598236069799,0.918851695262725,0.08751694797550581
1732,0.5945857284866259,0.9188588279731591,0.08750926138928217
1733,0.5946630545041787,0.918864023783777,0.08749503874606707
1734,0.5945917579233969,0.9188986919846528,0.08741640414447226
1735,0.594572665204558,0.9188767827270103,0.08741082783778757
1736,0.5945208878300593,0.9188591853772918,0.08739280441491498
1737,0.594498581108039,0.9188473141798076,0.08739798348474687
1738,0.5945226306458601,0.918857859523251,0.08739558083961445
1739,0.594577311632366,0.9188521948598999,0.08737747021636982
1740,0.5946028047334148,0.9188833581944417,0.08735546256063363
1741,0.594285417939911,0.9188156743064221,0.0874463109224611
1742,0.594285417939911,0.9188156743064221,0.08744668686159598
1743,0.5942950460637224,0.918822138325253,0.08743039009357277
1744,0.5943252619749677,0.9188202821295959,0.08743733328285123
1745,0.5943252616655048,0.9188202975018166,0.08744374197237063
1746,0.5943664154783614,0.9188474486867393,0.08742492935258746
1747,0.5943664251691928,0.9188475063325672,0.08742603801883277
1748,0.5944601659100409,0.9188605765632709,0.08740929482377513
1749,0.5944619701150436,0.9188577672899264,0.08740383301669505
1750,0.5946315824389665,0.9188973430722808,0.08735531096075115
1751,0.5945084028414475,0.918905909242301,0.08737582791093527
1752,0.594589662337178,0.9189163777246406,0.08729541693638161
1753,0.5946621493049353,0.9189114509278861,0.08728212526549431
1754,0.594625708695549,0.9188974775792125,0.08726540442640175
1755,0.5946760166942773,0.9188948412433516,0.08726018511778572
1756,0.5946610184152232,0.9188861559386206,0.08724127637770872
1757,0.5947020362375331,0.9188885078883973,0.08722887131932573
1758,0.5947546788276136,0.9188967166542847,0.08722321708894291
1759,0.594800154494844,0.9189220500741022,0.08720811848670434
1760,0.5948021432634538,0.9189143216901136,0.08719143527985347
1761,0.5947949531165604,0.9189233336545359,0.08718523356445503
1762,0.5948452047885859,0.918900025524804,0.08719688916163858
1763,0.5948841850599357,0.9188790885601248,0.08719965339025004
1764,0.5949224485213215,0.9188168963979728,0.08719861954317576
1765,0.5948842953033847,0.9188279567108117,0.08717834654243249
1766,0.5949158494587847,0.9188550886804585,0.08715639753081895
1767,0.5949685956799939,0.9188553307929355,0.08714362702607041
1768,0.5949618615835759,0.9188429254107797,0.08713869155790614
1769,0.5949058376489322,0.9188368456974679,0.0871435472161578
1770,0.5949349183809237,0.9188404581693473,0.08714014353007007
1771,0.5949729674696633,0.9188366958183155,0.08712572821346191
1772,0.5951075070246263,0.9188760640756897,0.08709421341219312
1773,0.5951139915237569,0.9189134531596405,0.08710072292047676
1774,0.5951119889302675,0.9189249016210537,0.08709713091950627
1775,0.5950302158182994,0.9189153324136288,0.08709658741995013
1776,0.5950390432364654,0.9189186643424792,0.08708852797804563
1777,0.5951841631074803,0.9190246404324194,0.08696066433409191
1778,0.5951822969244632,0.9190257164878728,0.08696292841906635
1779,0.5951196180756236,0.9189744655038489,0.0869641776341166
1780,0.5951516248898773,0.9189862098805118,0.0869466577492089
1781,0.5951613327940336,0.9190178343816765,0.08693801009352956
1782,0.5952388277053736,0.9190248095268477,0.08693112815940437
1783,0.5947002130557321,0.9189088184350804,0.0869951689167096
1784,0.5947094636870428,0.9189179456911585,0.0869939980544543
1785,0.5946902960241237,0.918948962989603,0.08698208589549991
1786,0.5946685406435048,0.9189303664455349,0.08697602689038658
1787,0.5946956952798578,0.9189090605475574,0.08696766371901957
1788,0.5946779724932113,0.9189004175164335,0.08695910347318862
1789,0.5947174633643936,0.918879738036452,0.086958319690567
1790,0.5946698215613978,0.9188460152271531,0.08696311648737425
1791,0.5946858705398393,0.9188642735823643,0.0869578033859265
1792,0.5947049705896318,0.9188717291094345,0.08693810387340109
1793,0.5947529088008527,0.9188947297947511,0.08692820919769907
1794,0.5948285185333477,0.9189037994050013,0.08689884262364077
1795,0.5948047623280758,0.9189060399061775,0.0869046429983777
1796,0.5946502808920338,0.9188783468504729,0.08687239277524866
1797,0.5948759268991957,0.9189341326396219,0.08681735051349866
1798,0.5948659347806946,0.9189335484952329,0.086818877871208
1799,0.5948778460754913,0.9189229109184649,0.08680902685955078
1800,0.5948632117155477,0.918952909807284,0.08676584595581902
1801,0.594863211764597,0.918952909807284,0.08676938854099428
1802,0.5947963845403369,0.9189217695310733,0.0867710492519464
1803,0.5948508105045727,0.9189267424444901,0.08675950732145378
1804,0.5949449147567497,0.9189427333971388,0.08673918500191975
1805,0.5949769705652364,0.9189535631266663,0.08672806268875947
1806,0.5949208937814267,0.9189567259610883,0.08673084825435357
1807,0.5950685305029323,0.9190082767034171,0.08670345475778923
1808,0.5950660233868693,0.9189946799741522,0.08669305081697688
1809,0.5950492470395574,0.9189634705229481,0.0866744246009805
1810,0.5951056892963431,0.9189577443707139,0.08665741082973667
1811,0.5952085276781751,0.9189471375383874,0.08660009334497576
1812,0.595008646429088,0.9188597118758529,0.08659914319854688
1813,0.5950512773734608,0.9188648154531462,0.08658903743786325
1814,0.5950577346149347,0.9188495008782112,0.0865813831633969
1815,0.5949439319871308,0.9187791037932269,0.08658392317052116
1816,0.5949457790922899,0.9187813250791271,0.08658041404329438
1817,0.5949463184635391,0.9187539125664516,0.08657309844303113
1818,0.5948939514589524,0.9187638660793955,0.08655986553235359
1819,0.5949991360392859,0.9187686852706047,0.08653807581603538
1820,0.5950004257744521,0.9187297435923568,0.08653802760147063
1821,0.5950502960595151,0.918740504146891,0.08653191894972118
1822,0.5952692103515911,0.918831426989649,0.08628670580038579
1823,0.595134599134078,0.9188095792208896,0.08629154885029278
1824,0.5951062945640321,0.9187893878089174,0.08629574026327619
1825,0.5950669030904957,0.9188053864476765,0.08627288758285968
1826,0.5951011229790162,0.9188188486700096,0.08625820364429965
1827,0.5951645689671133,0.9187969509415328,0.08625209644011259
1828,0.5951143590551549,0.9188598463827846,0.0863695021441641
1829,0.5950926477826541,0.9188672750084683,0.08637460882936777
1830,0.5951369328685927,0.9188765329284229,0.08636457115513127
1831,0.5951389944833342,0.9189117122556391,0.08635496931711616
1832,0.5951725262321201,0.9189226034740496,0.08633683779484644
1833,0.595131968907518,0.9189005443372548,0.08631626470324538
1834,0.5951427112296739,0.9189071428630172,0.08631341073468424
1835,0.5951834571743658,0.9189494472145571,0.08628577932121599
1836,0.5952076745817559,0.9189762871120093,0.08627300028468293
1837,0.5952692060690667,0.9189724632720945,0.08626331217282873
1838,0.595242168850729,0.91894940494095,0.0862646323286806
1839,0.5951730337818407,0.9189374876268034,0.08627190619522557
1840,0.5949895984423675,0.9189101327599557,0.08627791296753065
1841,0.594977821812668,0.9188606918549266,0.0862601316931231
1842,0.5950724147144549,0.9188921126741662,0.08622930842444003
1843,0.5950107427008086,0.9188519373752021,0.08622685845147587
1844,0.5948920686684191,0.9188119811303838,0.08624199187358018
1845,0.5948449121965184,0.9188121502248122,0.08623889201541629
1846,0.5947965195396733,0.9188093102070263,0.08624314317611516
1847,0.5948104121450839,0.918798868626073,0.08624716514833035
1848,0.594811138141816,0.9188104477513627,0.08623179514312669
1849,0.5945999497164107,0.9187534821442701,0.08621564510163066
1850,0.5947039675858181,0.9187784466307893,0.08618699392527494
1851,0.5947472886265063,0.9187613488782457,0.08617222987707117
1852,0.5948061041229205,0.9187957749666444,0.08615397863085131
1853,0.5948199137662996,0.9187824241929117,0.08614302362717385
1854,0.5948128932894555,0.9187299357451164,0.08611047275882192
1855,0.5948393387878359,0.9187309925852939,0.08610692833957731
1856,0.5948136290402721,0.9186921162389842,0.08609941700562483
1857,0.5947495892192559,0.91869102481131,0.08610071938956146
1858,0.5948261446759482,0.9186980230148124,0.08608810930765055
1859,0.5948219889273587,0.9186881578921378,0.08609495017974864
1860,0.594570926091332,0.9185245206021154,0.0860538028491895
1861,0.5945959439052576,0.918553904602104,0.08603758336667348
1862,0.5945945561654593,0.9185494351289171,0.08603317555149279
1863,0.5946065938888634,0.9186048712000437,0.08600716291484785
1864,0.5945679782944332,0.9185526863536084,0.08598312414821811
1865,0.5945457308742059,0.9185351658649938,0.08593416459669823
1866,0.5945855366413475,0.9185865513559494,0.08591855824851109
1867,0.5946586213097322,0.9185753680653443,0.08590551517472454
1868,0.5946564598314814,0.9186147824393807,0.08589189734950128
1869,0.5946317466384676,0.9185710984310274,0.0858953438862607
1870,0.5944942735416507,0.9185212424760377,0.08591145199442529
1871,0.5944619950291187,0.9185116079366745,0.08590216530203473
1872,0.5945033386164147,0.918503618224933,0.08590014910575067
1873,0.5944871478998464,0.9184977921532638,0.0858689247940642
1874,0.594487957524529,0.9185175915736065,0.08584727751242323
1875,0.5944619703393695,0.9185004938210628,0.08584581707365786
1876,0.594434966334841,0.9185046251053929,0.08584742605929085
1877,0.5945818833088578,0.9185343511372934,0.08581204569380814
1878,0.5943178206730425,0.9183954708088099,0.08581137333298336
1879,0.5943081469985855,0.9183973769641846,0.08582012064086099
1880,0.5943951846271365,0.9184025535595265,0.08580939623906032
1881,0.5943952306484704,0.9183990217918062,0.08581463140721593
1882,0.594423667419032,0.9183996751111886,0.08581046157807996
1883,0.5944859266146788,0.9184237134214068,0.08578753329786
1884,0.5946824425345985,0.9185191595401243,0.08563465880866036
1885,0.5945569489732081,0.9185060431927583,0.08568162211706386
1886,0.5944882119124005,0.9185153741307615,0.0856760481146116
1887,0.5948871929461623,0.9186662870650472,0.08563355619680345
1888,0.5949540555785575,0.9186945642651407,0.08557576385056617
1889,0.5951762552298367,0.9187776664905856,0.08548363964643958
1890,0.5953029670126576,0.9187517489263791,0.08546806360048413
1891,0.5952352259417961,0.9187306044367196,0.08547075822255104
1892,0.595314982553696,0.9187439283090659,0.08547285196716337
1893,0.595273472090165,0.9187476214851042,0.08547070309178888
1894,0.5952046572421565,0.9187289442368772,0.08549583018744181
1895,0.5946662686347433,0.918689937226691,0.08555324986698
1896,0.5947031942352323,0.9186663985136477,0.08555233356148019
1897,0.5946045675609151,0.9186024347030528,0.08554516760661925
1898,0.5946439012870292,0.9185992910839067,0.08553975284925111
1899,0.5947235338636802,0.9186054822458191,0.08552422415194459
1900,0.5946942883853583,0.918592123785976,0.08552761078801831
1901,0.5949865407475479,0.9186127994229022,0.08541869743002285
1902,0.5950230950111182,0.9186336787417536,0.08541310273603928
1903,0.5950128226415394,0.9186286366533434,0.0854163433046302
1904,0.5949565298597393,0.9186283637964248,0.08539186598644835
1905,0.5949468433595017,0.9186247359523247,0.08538487843917202
1906,0.5949549067146038,0.9186277719659254,0.08537693907306432
1907,0.5948588149457046,0.9186093829468377,0.08538516028827042
1908,0.5948403929239128,0.918571694104582,0.0853382338676647
1909,0.5948545360450384,0.9185696495992205,0.08532876802473766
1910,0.5948627347923542,0.9185735003405215,0.08532137592695646
1911,0.5948338434630791,0.9185610142542069,0.08531284264986849
1912,0.5949147967250457,0.9185289670169712,0.08530351060499951
1913,0.5948569089183292,0.9185394316562555,0.08529617221490962
1914,0.5948509523387298,0.9185432247517288,0.08529439510170411
1915,0.5949436342746743,0.9185404500658811,0.08528181436008724
1916,0.595005514514024,0.9185541620868017,0.0852709992549314
1917,0.5950245518437332,0.9185858480768495,0.08527186733157249
1918,0.5950257664963979,0.9185869010739718,0.08527139696570687
1919,0.5950556473903813,0.9185930538053322,0.08525716470749092
1920,0.5953593277399938,0.918701059028413,0.08503061159733806
1921,0.5953906096026744,0.9187114045329866,0.0850187091763101
1922,0.5953309830133937,0.9186858405298577,0.08502288764414628
1923,0.5953787911572893,0.9186798299915394,0.08501670520347754
1924,0.5953925787218979,0.9186535972968073,0.08501976300653354
1925,0.5954004494549254,0.9186619559418472,0.08501011984355762
1926,0.5953365612216049,0.9186517372580949,0.08502254047386211
1927,0.5953748278134912,0.9186763443404814,0.08501026383084623
1928,0.5953896592482509,0.9186764250446403,0.08500482063019253
1929,0.595402523982852,0.9186836115578471,0.08500457141124437
1930,0.5952698723660131,0.918670414506322,0.08500223678448202
1931,0.5951944514720829,0.918744816054815,0.08494769231197194
1932,0.5952394612500219,0.918800601843964,0.0849272823523101
1933,0.5952474007804842,0.9187954483069531,0.08492373361115058
1934,0.5952130634726875,0.9187835040914203,0.08492173884894877
1935,0.5952104321189505,0.918784868376013,0.0849215244681717
1936,0.595318775698934,0.9188847263220896,0.08487883113522507
1937,0.5952180967919986,0.9188529250403861,0.08488284954831482
1938,0.5952231201410115,0.9188354660406545,0.08488259414738088
1939,0.5952904673325918,0.9188396165402605,0.08486893436348437
1940,0.5952914965291214,0.9188127997011394,0.08486368959553575
1941,0.5952885312080404,0.9188099443111327,0.08486005555985737
1942,0.5952450420285935,0.9188398355944064,0.08484009218425441
1943,0.5953006430409991,0.9188661220919111,0.08482199089689253
1944,0.5953360018777898,0.9188674095154,0.0847809908821374
1945,0.5952131977670783,0.9188403620929675,0.0848512300694219
1946,0.5952141796253192,0.9188556651387371,0.08483608217685891
1947,0.595197314160164,0.9188567411941905,0.08483228066950757
1948,0.5952290125145719,0.9188760294881929,0.0848194348072119
1949,0.5954490990141491,0.9189130919124525,0.0847702072442256
1950,0.5954626607969102,0.918916888850981,0.08476690015475039
1951,0.5955184568092053,0.9189638586715224,0.0847136053670819
1952,0.5955214990036747,0.9189718560693744,0.08470962700704789
1953,0.5955664253772613,0.9189817557795458,0.08470645173662976
1954,0.595635589411072,0.919001021015217,0.08468953723502938
1955,0.5956016439487304,0.9189914095341849,0.08468831703032398
1956,0.5956018925950017,0.9189930505187514,0.08468711846584843
1957,0.5953904809044469,0.9189903142634556,0.08475785325942158
1958,0.5953673741567681,0.9189802377727454,0.08475266897018695
1959,0.595358800783769,0.91898546817086,0.08475391296459142
1960,0.5953310479117764,0.9189660107824292,0.08475813711572604
1961,0.5953800052430795,0.9189710336555635,0.08475153339630977
1962,0.5953436626162134,0.9189439785470206,0.08475201794884354
1963,0.5954084049990647,0.9189591086553066,0.08474477115077365
1964,0.5952770816698307,0.9189261659862115,0.08475344686832037
1965,0.5955770797888137,0.9189788850173183,0.08467799185572912
1966,0.5954910803231265,0.918973643090038,0.08468173000457167
1967,0.5954150675739378,0.9189229647212376,0.08469081715550808
1968,0.5954174849453137,0.9189233105962047,0.08468972059386048
1969,0.5953945931331751,0.9189408579862057,0.08469045916550826
1970,0.5954060633948486,0.9189430100971125,0.08467888715588853
1971,0.595367968095086,0.9189316846134654,0.08467852646367272
1972,0.5952878501507328,0.9189079960212696,0.08469288681583305
1973,0.5953203290860519,0.9188920550283384,0.08468364995157511
1974,0.5953433174617889,0.9188912710450794,0.08467579270709935
1975,0.5954234211366733,0.9189383830586628,0.0846428983126437
1976,0.5954861068561198,0.9189473796508645,0.08463266341934371
1977,0.5954618672641261,0.9189382754531176,0.08463352650364839
1978,0.5956779102512606,0.9189475602744583,0.08458209328734424
1979,0.5956096515934994,0.918904398921611,0.08458057920576667
1980,0.5956001408754211,0.9189364038852397,0.0845708170306385
1981,0.5955835903883896,0.9189146560359152,0.08457486646048532
1982,0.595583513377613,0.9189142140845682,0.08457169850855974
1983,0.5956545314452505,0.9189342709896088,0.08455104271449679
1984,0.5956430424620016,0.9189353739464485,0.08455000855294566
1985,0.5957097507904463,0.9189273073736032,0.08453026793065353
1986,0.595693239981503,0.9189129074458033,0.08453092351638153
1987,0.5958478341413024,0.9189547122001684,0.08449579773818205
1988,0.5958488990337444,0.9189470414620077,0.08450281656784807
1989,0.5959194716430913,0.9189578442901488,0.08448991805156866
1990,0.5958865897825586,0.9189183530550087,0.08448739752561096
1991,0.5959298560892997,0.91894356349706,0.08446741719546697
1992,0.595913809017915,0.918936976500463,0.08447082136210925
1993,0.5959741077492976,0.9189516146976846,0.0844662536666817
1994,0.595955242679849,0.9189250130696542,0.0844510066249487
1995,0.5959379260073698,0.9189356352742015,0.08445284387197409
1996,0.5960181247158763,0.9189413575833805,0.08443912275662552
1997,0.5960666516866293,0.9189745500510631,0.08442296068873228
1998,0.5959646706067631,0.9189661376032505,0.084426827574186
1999,0.5959881808272438,0.918981782680932,0.0844172297438219
2000,0.5959661428016253,0.9189984077376873,0.08440867099115858
2001,0.5960785881514158,0.9190375377256396,0.08438351717277948
2002,0.5960590996974992,0.9190228457256453,0.08438795583480811
2003,0.5958922484974217,0.9189980926071616,0.08437246946659054
2004,0.5959287542342872,0.918989195934395,0.0843740358545777
2005,0.5959131046509092,0.9189894956926999,0.08436141430938597
2006,0.59614206971995,0.9190970397491579,0.0842600877403139
2007,0.5961473202538449,0.9191263161436011,0.08424694014550244
2008,0.596145302752285,0.9190994301294866,0.08424504454901426
2009,0.5961009664153427,0.9191032885568982,0.08423913526982099
2010,0.5960723879432754,0.9190741812568833,0.08424198928506972
2011,0.5960190997965316,0.9190770942927179,0.0842465342249072
2012,0.5962138270991518,0.9191295135655199,0.0842029519599985
2013,0.59629181980792,0.9191514727828798,0.08418669829862231
2014,0.5964628206681387,0.9191857413060157,0.0841483100417299
2015,0.5965211508381199,0.9191759645736105,0.08414275981570203
2016,0.5964836528424391,0.919179903705181,0.08414619451108994
2017,0.596541162049867,0.919191206130497,0.08413786272288913
2018,0.5966086130276606,0.9192022087975081,0.08412695410181537
2019,0.5965995470646588,0.9191943651218638,0.08412811625417567
2020,0.5966196296254824,0.9191834431590117,0.08413295057757167
2021,0.5965529735758782,0.9191611303805741,0.08414321011457222
2022,0.5965341877650857,0.9191738009335381,0.08413710366020202
2023,0.5965627252404424,0.919195437334262,0.08412348247275421
2024,0.5964766297134391,0.919171160754622,0.0841339331811899
2025,0.5964588136951103,0.9191689932714944,0.08413676832658283
2026,0.5964876732251992,0.919166606734221,0.08413338632356004
2027,0.5964660899032563,0.919195579527304,0.08412603568114391
2028,0.5964833435150978,0.919219533290308,0.08411623574341223
2029,0.5965833899235562,0.9192481794236999,0.08410500972339012
2030,0.5965708781277538,0.9192351898971551,0.0841032374448946
2031,0.5965014932626794,0.9192222580164383,0.0841071740333113
2032,0.5965208108008975,0.9192230227844213,0.08410631305067348
2033,0.5965208108008975,0.9192230227844213,0.08410640462458777
2034,0.596411833131784,0.919144505323819,0.0840793991733713
2035,0.5965304782423576,0.9191800574273886,0.08405352815209706
2036,0.5965406432801307,0.9191652078621315,0.0840514075472937
2037,0.5965604518784626,0.9191603194959289,0.08404656584544049
2038,0.5965593564704706,0.9191593779474072,0.08404638415285015
2039,0.5967010526558606,0.9191574602628669,0.08404223145878176
2040,0.5967798832535774,0.9191922668137297,0.08402200266550044
2041,0.5969029054881321,0.9192399668147573,0.08399645199174662
2042,0.5969198053464689,0.9192744851364806,0.08394424603626482
2043,0.5969099284924401,0.9192695737119468,0.08392123908206699
2044,0.5968970367979978,0.9192800690956727,0.08391730479953302
2045,0.5966704255007336,0.9192680595482017,0.0839311006084841
2046,0.5966411601371306,0.9192550392772154,0.08394558519892938
2047,0.5966624394405645,0.9192608422905534,0.08394017006804341
2048,0.5966485619254932,0.9192564573645808,0.0839386166238752
2049,0.5967216782302237,0.9192539747509275,0.08392416898835718
2050,0.5967462764612687,0.9192446514990348,0.08391735346861179
2051,0.5966953290141136,0.9192522799635884,0.0839143775145072
2052,0.5967802015616831,0.9192625985667756,0.0838857761154625
2053,0.5967901989585765,0.9192661687650479,0.08388785615166583
2054,0.5968097756455423,0.9193095376428755,0.08387312504353961
2055,0.5967739665089622,0.9193242411720353,0.08387480901061066
2056,0.59691402370223,0.9193744314728265,0.08385258896221277
2057,0.5968746682357016,0.91934921718772,0.08386012844586836
2058,0.596935902092958,0.9193342369585864,0.08384715170443341
2059,0.5968686975727668,0.9193118665343211,0.08385998255366867
2060,0.5968364397840096,0.9193190953211349,0.08385704339471668
2061,0.596718086162845,0.9192819406635506,0.08386191391838003
2062,0.5968837396785751,0.9193042188544914,0.0838379166464548
2063,0.596888623412357,0.9192733514351993,0.0838402827456468
2064,0.5969014061692206,0.9192589707226755,0.08384406612146326
2065,0.5969770586965336,0.919248967250014,0.08383246002668064
2066,0.5969719625167091,0.919258355833845,0.08382654750191666
2067,0.5970162507512564,0.9192467959238312,0.08381932797668938
2068,0.5969960763956695,0.9192106135592103,0.08382623285271447
2069,0.5970196250123361,0.9192029620363255,0.08382174783698487
2070,0.597044512915221,0.9192530178301851,0.0838065062123098
2071,0.5970225577588983,0.9192904876182949,0.08379827517141972
2072,0.5969493564274779,0.9192937849596485,0.08380293898537733
2073,0.5974556797513171,0.9194108444207589,0.08364735317923568
2074,0.5974732200055197,0.9194283687524287,0.08363868959650922
2075,0.5975271539650037,0.9194540096166615,0.08363048933194696
2076,0.5975347585509287,0.9194528297987179,0.08363100671168411
2077,0.5976017496384303,0.9194492096407282,0.08362456854940245
2078,0.597645154505267,0.9194599932535935,0.08361498149139307
2079,0.5976497966750858,0.9194898038327082,0.08361091793872621
2080,0.5975515237508477,0.9194666263668527,0.0836205995318736
2081,0.5976376787913172,0.9194810839404803,0.08361177745008444
2082,0.5976867537174375,0.9195189457202196,0.08359735945724246
2083,0.5973945092724702,0.919392028822545,0.08365743257057921
2084,0.5973935140973914,0.919391767494792,0.08365930670159707
2085,0.5974679288324505,0.9193855917051005,0.08362157521513582
2086,0.5974505140421046,0.919398435195548,0.08361797030267923
2087,0.5974720591252219,0.9194179809742482,0.08360753744399584
2088,0.5975487619853583,0.9194296523328624,0.08359405036474196
2089,0.5973917595365141,0.9193587825520898,0.0835959111885766
2090,0.5974380002708524,0.9193883587048378,0.08358841717529801
2091,0.5975108427512258,0.9194145260676316,0.08357378889816319
2092,0.5975418591619135,0.9194038923339188,0.08357743079423877
2093,0.5975735166595205,0.919441588862285,0.08356868149964732
2094,0.5975422626522647,0.9194378495695843,0.08357334821638089
2095,0.5975316202238931,0.9194288452912724,0.08356995307179484
2096,0.5976190110791448,0.9194524762376404,0.08354728004184432
2097,0.5976705986163442,0.9195179196244837,0.08352271077351993
2098,0.597652535767667,0.9194993077081949,0.08352529368151665
2099,0.5977115318152554,0.9194814490307235,0.083511069196325
2100,0.5977350881408581,0.9194717837469187,0.08350662577221499
2101,0.5977284024003475,0.9194789741031806,0.08350288154839511
2102,0.5977046481755377,0.9194912834089566,0.08350249881310477
2103,0.5977143580193836,0.9194809340613279,0.08350382801680545
2104,0.5975883191551943,0.9194443212745256,0.08350459157436863
2105,0.5975630150317409,0.9194394405944333,0.08350643844282978
2106,0.5975240506318354,0.919436692809972,0.08351092158736931
2107,0.5975877917209704,0.9194593360911558,0.08349836076286643
2108,0.5975916704399795,0.9194592553869968,0.0834976033374668
2109,0.5976078553901496,0.9194696431651774,0.08349431714609595
2110,0.5975920070669609,0.919449186582397,0.08348971515108185
2111,0.5976009785416284,0.9194560848664645,0.08346955167272
2112,0.5974895060629526,0.9194502703239609,0.08346915715805427
2113,0.5975550522079882,0.9194571570788627,0.08345744838670492
2114,0.5975418735397235,0.9194741702841922,0.08345340592505897
2115,0.5975041095438588,0.9194509697600056,0.08345789235744634
2116,0.5974530785819526,0.9194527490945589,0.08346454565191472
2117,0.597437441623089,0.9194647163684229,0.0834597684053302
2118,0.5974773149044054,0.9194682596653088,0.08345072906080983
2119,0.597516615967681,0.9194660191641326,0.08344921322173186
2120,0.5975031873388181,0.9194561463553476,0.08345263691839341
2121,0.5976418165794684,0.9194771409658546,0.08342928931015785
2122,0.5977223236613043,0.919482206112596,0.0834160414029997
2123,0.5977243637799288,0.9195015712677023,0.0834094310365759
2124,0.5976806065760504,0.91948188329596,0.08341403959734
2125,0.5976107734385254,0.9194193990616135,0.08342618065866918
2126,0.5976677249753797,0.9194102141597077,0.0834179481713403
2127,0.597643642728856,0.9194193644741169,0.08341828245500149
2128,0.597496597893952,0.9194334338991702,0.08341750963533773
2129,0.5974454495155169,0.9194245487555691,0.08341562281024424
2130,0.5975023630786793,0.9194377880807013,0.08340584272602344
2131,0.5974466477959246,0.9194467039687438,0.08340793272852692
2132,0.597416781321591,0.9194327728936774,0.08341203253911725
2133,0.5974253743412711,0.9194309897160688,0.08341029968139768
2134,0.5974250271012367,0.9194456048549593,0.08340522653042137
2135,0.597858317620537,0.9194483449533103,0.08333117565059134
2136,0.5978043315222721,0.9194238301042484,0.08333750413997336
2137,0.5977711023895592,0.919433772088027,0.08333237981798657
2138,0.5979019694807285,0.919412477719215,0.08332894653895609
2139,0.5979159140478378,0.9194183729658776,0.08332069286422093
2140,0.5977764426007548,0.9193963906901865,0.08335749916464338
2141,0.5976538774586061,0.919308077281903,0.08336186562643753
2142,0.597628776880741,0.9192674100718744,0.0833674523563973
2143,0.5975686321075944,0.919256845513155,0.08337296279891196
2144,0.5976305794598605,0.9192473224223924,0.08336637878876238
2145,0.5976614091805903,0.9192294483727002,0.08336657267215257
2146,0.597735237510716,0.9192335066389816,0.08335362052617006
2147,0.5978258658329989,0.919264842911007,0.083333208666465
2148,0.5977698801504617,0.9192663686039177,0.08333542385424828
2149,0.5977658310915166,0.9192699311160796,0.08333080500063103
2150,0.5977873343524011,0.9192571990742326,0.08332726124771803
2151,0.5977215346831501,0.9192314659766753,0.08333379370749565
2152,0.5976572972481039,0.9191987346756156,0.0833446578620426
2153,0.5977019304237112,0.919227572961767,0.08332929036219679
2154,0.5978920017890738,0.9193080964971789,0.08329082096837337
2155,0.5976661083786491,0.9193186918003399,0.08330049278866354
2156,0.5978804086431728,0.9193667722638313,0.0832685334074995
2157,0.597890485015057,0.9193801960556127,0.0832621697491655
2158,0.5978873960108381,0.9193616225698757,0.0832628363345804
2159,0.5979136495365847,0.9193732016951655,0.08325956519605411
2160,0.5979715707448272,0.919385503314831,0.08324898074085184
2161,0.5978940585013125,0.919371741334193,0.08326138520761148
2162,0.5974939216226857,0.9193084269999253,0.08331830696427353
2163,0.5974458696099648,0.9193135152049979,0.08331515224649254
2164,0.5974934082794855,0.9193318465782578,0.0833051296759344
2165,0.5975517685525981,0.919360216011676,0.08328933972715397
2166,0.5975051035508626,0.9193222965861088,0.08329496422280817
2167,0.5977938292347245,0.9193719373300078,0.08323184328399894
2168,0.597759171515453,0.9193540479080948,0.0832311402776556
2169,0.5977255987685084,0.9193462695643887,0.08322201584422244
2170,0.5980847981310986,0.9193744775894889,0.08314534563911945
2171,0.5980819395040181,0.9193826094942724,0.0831428781517072
2172,0.5980505859044531,0.9193924131280641,0.08314250121283237
2173,0.5981158520786369,0.9193988656177293,0.08312961411056706
2174,0.5980976744917642,0.919392835864135,0.08313319198030181
2175,0.5980936735935032,0.9194053680671121,0.08312953991119104
2176,0.5981341267955719,0.9193994881926703,0.08312714628676941
2177,0.5981333932112106,0.9193991615329791,0.08312830503100249
2178,0.5980736228457497,0.9193768410684311,0.08313904698835634
2179,0.5980943123166832,0.9194112594707196,0.08313145316176208
2180,0.5979588977585549,0.9193784782099425,0.08314463243468342
2181,0.5978658190242004,0.9193477222392508,0.08315935336659669
2182,0.5976830793803192,0.919294176951278,0.08319938188425213
2183,0.5976859750712277,0.9192536250329052,0.08320655099269796
2184,0.5976536929073011,0.9192135573394864,0.08320455343321043
2185,0.5978476441812162,0.9192304629392706,0.08316284839755117
2186,0.5977972600400928,0.9192289141880287,0.0831551033544868
2187,0.5979001970793202,0.9192534828398632,0.08314126325660134
2188,0.5978593638330436,0.9192575449491998,0.0831414533409825
2189,0.5978299253643665,0.9192454162670177,0.08314265965612458
2190,0.5978504903069427,0.9192475530057038,0.08314098390392724
2191,0.59785079763832,0.919243548542195,0.08313537538513754
2192,0.5980127614324299,0.9192548740258422,0.0831209449653826
2193,0.5979608848244089,0.9192325766196254,0.08313137133048396
2194,0.5977841707360652,0.9191978776743082,0.08317447543737709
2195,0.5975106374595073,0.9191569337643059,0.08319636223392363
2196,0.5974083270386038,0.9191336410067947,0.0832038099827336
2197,0.597545810193386,0.9191664184245166,0.0831780212269343
2198,0.5974487515018388,0.9191266504894027,0.08319217969913109
2199,0.5974806462664928,0.9191576831600681,0.08318101305682686
2200,0.5975446274957801,0.9192025854169168,0.0831440508599308
2201,0.5975581172200751,0.9191930661692093,0.08314280407887056
2202,0.5976502531449025,0.9192179653237902,0.08312159628722564
2203,0.5975545758407425,0.9191767254985382,0.0831743138722122
2204,0.5975710213876023,0.9191928355858978,0.08316726708071946
2205,0.5975649513140739,0.9191933928289006,0.08316417683650196
2206,0.5974993380603291,0.9191706803727232,0.08316431070623455
2207,0.5975893673544689,0.9191772097234923,0.08314945489305177
2208,0.5975719587464734,0.9191907564930396,0.08314716027240783
2209,0.5975170037340978,0.9191432255864405,0.0831555459164847
2210,0.5978359137207765,0.9192996340896489,0.08312535571017453
2211,0.5978923791037468,0.919257225975619,0.08312605461689965
2212,0.5978882353421388,0.9192079234205768,0.0831244582455967
2213,0.5979040357473212,0.919188346897435,0.08312630296054976
2214,0.5978359748716987,0.9191833547687422,0.08313204868697086
2215,0.5979115912047996,0.9191903875597414,0.08312582507153518
2216,0.5978492501376053,0.9192010059212334,0.08313981197465493
2217,0.5979425337601453,0.9192181497904394,0.08312430958190273
2218,0.5976822405469329,0.919087570461168,0.0831383401862983
2219,0.5976794533727933,0.9190987460656627,0.08313441315717345
2220,0.5977029663947184,0.9191052139275486,0.08312825547405873
2221,0.5976811215457934,0.9190907025511484,0.08312915438440656
2222,0.5977080811531937,0.9190580327389718,0.08312814417317219
2223,0.5977121912152585,0.919011781569751,0.08313453785779017
2224,0.5977283481885014,0.9190009364680027,0.08314700758083013
2225,0.5977641014620078,0.9190127538627143,0.0831298336892693
2226,0.5977511774922126,0.9189760565286978,0.08313025152460946
2227,0.5977874976244593,0.9189738506150184,0.08312098100943993
2228,0.597808763891289,0.9189750035315756,0.08312156373092904
2229,0.5977850829355383,0.918980572118547,0.08312259431732878
2230,0.5978575667341541,0.9189939536367212,0.08311139220438866
2231,0.5978385886011757,0.918974004337226,0.08311450189250892
2232,0.5976932014241968,0.9189091412517164,0.08313016552171236
2233,0.5976877345986101,0.9188944915253293,0.08312665867625607
2234,0.5977367348311062,0.9188870167829832,0.08312077756468586
2235,0.5977385412061559,0.9189131687735563,0.08310918124732775
2236,0.5977184856006513,0.9189110474070911,0.08310973791729502
2237,0.5976723758830782,0.9188768672742245,0.08311946144774317
2238,0.5976685938266069,0.9188265770539983,0.08312660663171549
2239,0.5977897874653187,0.918832495358992,0.08311323778048843
2240,0.5978518737763788,0.9188385750723038,0.08310250998547149
2241,0.5978542180352874,0.9188464149048929,0.08309882145254668
2242,0.5978184218129281,0.9188351970267912,0.08310518650603234
2243,0.5978184218129281,0.9188351970267912,0.0831060515556107
2244,0.5978297224294057,0.9188281142760746,0.08310114351902521
2245,0.5978970829241829,0.9188591469467399,0.08307601847997478
2246,0.5979458042930073,0.9188558073317792,0.0830714516250995
2247,0.5979872765883594,0.9188299781578421,0.08305595921616535
2248,0.5980527554438704,0.9188419339025405,0.08304837246224386
2249,0.5980521649853184,0.918840754084597,0.0830482118386721
2250,0.5980251737571451,0.918830700652218,0.0830539303454132
2251,0.5980028019055241,0.9188268998706343,0.0830544666712099
2252,0.598036561458655,0.9188152246689648,0.08305090803869399
2253,0.5978913356262237,0.918780494979206,0.08306681287512624
2254,0.5978956341183138,0.9187781161280428,0.083068570866386
2255,0.5978980654629011,0.9187742461714657,0.0830713696714717
2256,0.5979162662774051,0.9187847646135229,0.08306331519401539
2257,0.5979056338773767,0.918796128527722,0.08306259238709625
2258,0.5979056342503558,0.9187961362138323,0.08306409854911664
2259,0.5979527819632717,0.918783780791394,0.08306537586028995
2260,0.5979501296725276,0.9188029230492992,0.08306384318289997
2261,0.5978633156477622,0.9187540317011624,0.08307798791929737
2262,0.5978333728485243,0.9187451158131199,0.08308024173810616
2263,0.5975365348190219,0.9185907825597144,0.08310665566253159
2264,0.5976230987638539,0.9186076920025538,0.08309657848188613
2265,0.597505866043513,0.9185941068024545,0.08311112201851868
2266,0.5975466494815116,0.9186009820281906,0.0831068779640446
2267,0.5976593917163414,0.9186146978921664,0.08309433785168271
2268,0.5977221056490349,0.9187030574171122,0.08307433578216207
2269,0.5975640591178912,0.9186381366857749,0.08309721447394858
2270,0.5975705148807393,0.9186428598006043,0.08309524873919082
2271,0.5976187405170303,0.9185955018314886,0.08309066190003976
2272,0.5976102133473838,0.918592204490135,0.08309537111790014
2273,0.5977631135940364,0.9186362535887314,0.08307676709529632
2274,0.597730280429571,0.9186166194197618,0.0830798027616615
2275,0.5977387808276518,0.9186150783546303,0.08307820714499577
2276,0.5978144291942846,0.918616561773934,0.08306759952832053
2277,0.597848459804335,0.9186082530886116,0.08305725967645348
2278,0.5978542301654118,0.9186086220219098,0.0830542142587725
2279,0.5979259492979705,0.9186267843007414,0.08304265903131725
2280,0.5979000813440362,0.9186053631111081,0.08304907490097649
2281,0.5978628019142607,0.9185697456756002,0.08305607796098444
2282,0.5978760486314737,0.9185606299486878,0.0830556900709225
2283,0.5980190560152165,0.9185414531032859,0.08304297086893585
2284,0.5979966576162508,0.9185722398184191,0.08303951798561916
2285,0.5979247653329356,0.9185633200873213,0.08304350332797589
2286,0.5979699033214579,0.9185213154940863,0.08301953452943951
2287,0.5979656964052549,0.9185183217540928,0.08301906816120039
2288,0.5979743927692001,0.918447874709391,0.08302189497431801
2289,0.5980314425497061,0.9184813054464954,0.08301107825935734
2290,0.5979955056035589,0.9184683505074474,0.08301502700356084
2291,0.5979382576444016,0.9184731658556013,0.0830215042309134
2292,0.5979790551861778,0.9184891068485327,0.0830148178362958
2293,0.5979654457141258,0.9185087794480541,0.08301376292680539
2294,0.5978670510485613,0.9184862245571396,0.08302156385685128
2295,0.5978738501434184,0.918494229641102,0.08302262075781734
2296,0.5978600160780578,0.9184816474784074,0.08302554369915716
2297,0.5978583345435351,0.9184806521271129,0.08302439916268484
2298,0.5978403554193112,0.9185256658325622,0.08301490021061594
2299,0.5978135202896917,0.9185774702165337,0.08300326549024716
2300,0.5978228011998267,0.9185630818178995,0.0830046977714488
2301,0.597852159689379,0.9185760098555612,0.08299797393114672
2302,0.5979526334588883,0.9186134911728365,0.08297972252147606
2303,0.5980509438524338,0.9186621596237723,0.0829577854119219
2304,0.5981132537173355,0.9187046407558509,0.0829468883465819
2305,0.5982642921789956,0.918690298473879,0.08293265658211511
2306,0.5983589505169468,0.9187292862687891,0.08291592232030659
2307,0.5982732459794198,0.9186754489086219,0.08293136550813934
2308,0.5982656577424065,0.9186652801845872,0.08293469668446328
2309,0.5983623278343729,0.9187145712104637,0.08291689929773896
2310,0.5983279743956902,0.9187345474113453,0.08289592327485923
2311,0.5983917833639855,0.918752694317956,0.08288816953389616
2312,0.598372285915529,0.918762140547615,0.08288563771315649
2313,0.5982495297092493,0.9187092601081901,0.08290524354147787
2314,0.598249547032788,0.918709317754018,0.08290524607186775
2315,0.5982875586218256,0.9187333406920154,0.08289617099601
2316,0.5983083235920952,0.9187591583367869,0.0828883522640754
2317,0.598341498448678,0.9187534936734357,0.08288593886602386
2318,0.5984369519534457,0.918744977463133,0.0828710545201488
2319,0.5984745372366725,0.9187549386621875,0.08286820584090954
2320,0.5984444165748128,0.9187785158057827,0.08286560955701516
2321,0.5984302312003756,0.9187698112857756,0.08286923864016107
2322,0.5984327222957495,0.9187701456315772,0.08286993780793374
2323,0.5984083833918981,0.9187567448981271,0.08287529085835996
2324,0.5984373642280988,0.9187616371073849,0.08287144599900675
2325,0.598465521205722,0.9187706183273657,0.08286844093404548
2326,0.5984990860117345,0.9187637700030158,0.08286603675776494
2327,0.5984922364724153,0.9187453925130936,0.08286730309695936
2328,0.5985007449159646,0.9187522754249402,0.08286435570697609
2329,0.5985913295485209,0.9187803489431087,0.08284374967853038
2330,0.5985782804337793,0.9187442895562539,0.08285130002035965
2331,0.5986676014564652,0.9187590468881863,0.08284209810152665
2332,0.598694844779597,0.9187852065648698,0.08283237303007897
2333,0.598657945018638,0.9187429252716611,0.0828420201009454
2334,0.598661998522705,0.918716208351975,0.08284428567684889
2335,0.5988215857428223,0.9187162160380854,0.08282833392548256
2336,0.5988220153990673,0.9187286483216275,0.08282328496874171
2337,0.5988220153990673,0.9187286483216275,0.08282305621041322
2338,0.5988809464616592,0.9187546504330482,0.08281535453157207
2339,0.5987410596877012,0.9187216731764563,0.08283248053405916
2340,0.5986929205441042,0.9187393127997818,0.08283395461068567
2341,0.5987718778403203,0.9187693923927599,0.08281858183809218
2342,0.5989143632775862,0.9188316498868501,0.08279295487889508
2343,0.5988844218350604,0.9188247093291756,0.08279169084567857
2344,0.5988843995392803,0.9188246862708445,0.0827916623436637
2345,0.5988672021860426,0.9187932654516048,0.08279535330811585
2346,0.5988637268160417,0.9187954444638979,0.0827943691358993
2347,0.5988623603569023,0.9188003558884318,0.08279246511649489
2348,0.5989025176046444,0.9188010706966973,0.08278449767648159
2349,0.598981793387792,0.9187871127202444,0.08277716878113299
2350,0.5990080853076083,0.918789299418648,0.08277397367128772
2351,0.5990975379340562,0.918789280203372,0.08276489928010501
2352,0.5991616390388296,0.9187652265209331,0.08274613763804606
2353,0.599220535095277,0.9187694846260844,0.08273833567448809
2354,0.5992514448350568,0.9187748456880755,0.08273119556686709
2355,0.5992625191948029,0.9187814788013348,0.0827295653109197
2356,0.5992846237402846,0.9188001752648378,0.08272302334589697
2357,0.5992801173441948,0.9187909135018281,0.0827248283219435
2358,0.5993135670344448,0.9187914822739963,0.08272454940596607
2359,0.5994036113692104,0.9187993374788063,0.08271367941828504
2360,0.5994482174957838,0.9187953906611254,0.08270855889902086
2361,0.5995741512661412,0.9188371762002144,0.08268967846797712
2362,0.59957741771418,0.9188384828389793,0.08268917969051477
2363,0.5995501640381937,0.9188170385910148,0.0826958303410299
2364,0.5995525570332579,0.9188169386715799,0.08269594962240702
2365,0.5996288547482581,0.918835193183736,0.08268451503545204
2366,0.5995839798058896,0.9188273302928157,0.0826852319246665
2367,0.5995296789390337,0.9188310119396884,0.08269017236472583
2368,0.5995533851843222,0.9188197710032555,0.08268895847492934
2369,0.5995405106644993,0.9188324569284402,0.08268765799758131
2370,0.5995675238810526,0.9188431752093672,0.08268417944512212
2371,0.5995628598732393,0.91882489763888,0.08268647997209112
2372,0.5995803821672315,0.9188350240893075,0.08268254266621622
2373,0.5996150797437747,0.9187948295750674,0.08267473012530109
2374,0.5995765805139102,0.9187881541882011,0.08268149958953266
2375,0.5993920202474379,0.9187843687788383,0.08270104774530163
2376,0.5994747364787361,0.9187884577895612,0.08269382792595883
2377,0.5995638107581691,0.9188419723330924,0.08267241496763296
2378,0.5995480665046228,0.9188458230743936,0.08267397545563215
2379,0.5995479780482105,0.9188458000160624,0.08267469181651056
2380,0.599614407354455,0.918857555921891,0.08266712511491622
2381,0.5996086150903237,0.9188597695216808,0.08266761710406577
2382,0.5994501685775451,0.9188104938680249,0.08269010204251115
2383,0.5995335044479333,0.9188306622216661,0.08267876848295447
2384,0.5995329189088318,0.9188454502980401,0.08267921398037129
2385,0.599536935618969,0.9188301241939394,0.08268008561577027
2386,0.5995224262587523,0.9188399662582829,0.082682242360238
2387,0.5995422229594585,0.9188887615300398,0.08267059613999023
2388,0.5996198773182145,0.9188740810592112,0.08266438175478584
2389,0.5997687935611946,0.9189340480924078,0.0826326089393569
2390,0.5998536251860189,0.9189351356770267,0.0826226693162099
2391,0.5998473466365432,0.9189284756623811,0.08262421758226288
2392,0.5998077356648581,0.9188826971889489,0.08263552336587918
2393,0.5998694511244149,0.9188908214076221,0.08262969606360156
2394,0.5998888134738505,0.9189185452077682,0.08262226056902626
2395,0.6000390199084567,0.9189561110722578,0.08260635235286026
2396,0.6000460765794051,0.919001666648489,0.08259867741676019
2397,0.6000609951677589,0.9190192294107108,0.08259520778402099
2398,0.5999988278213778,0.9190066049744091,0.08260300118638172
2399,0.6001034356457705,0.9190209626286018,0.08259080069530936
2400,0.6000951641660439,0.9190213853646728,0.08259164168161112
2401,0.6001801397659738,0.9190225805548371,0.08258402882841624
2402,0.6002519456164014,0.9190106593976354,0.08257931011973509
2403,0.6002542906161111,0.9190209856869329,0.08257679870993144
2404,0.6001899863363604,0.9189824475294801,0.08258733082314385
2405,0.6001188505234621,0.9189548390209897,0.0825993221826961
2406,0.6001360120048691,0.9189634858951689,0.08259499191859604
2407,0.6001304346506933,0.9189350972464748,0.08260103721086638
2408,0.6001693602105526,0.9189595467635984,0.08259199569722511
2409,0.6001790560972873,0.9189422414860744,0.08259359307838254
2410,0.6001816225762702,0.9189284564471052,0.08259459476214824
2411,0.6002214317430843,0.9189190217466119,0.08259245787853801
2412,0.6001055683493163,0.9188863442483249,0.08260838529714026
2413,0.6001576237352206,0.9188810100877202,0.08260556097257504
2414,0.6001904263158206,0.9188850107081737,0.08260217109611427
2415,0.6003426587817721,0.9189489514604374,0.08258032667833377
2416,0.60033478244813,0.9189360426380517,0.08258296988995362
2417,0.6004579977548605,0.918958855013664,0.08256568286024936
2418,0.6004138349563249,0.9190285949362106,0.08255845045168218
2419,0.600432078089845,0.9190654652077107,0.08255277415710484
2420,0.6004407880270898,0.9190536554991096,0.08255386756488334
2421,0.6004629740811127,0.9190584132014357,0.08255094448060499
2422,0.6003986946528483,0.9190552695822897,0.08255797276745516
2423,0.6004417830128452,0.9190634245454045,0.08255410674041658
2424,0.6005137253815303,0.9190638972411929,0.08254751443588658
2425,0.6004837382769318,0.9190014552804535,0.08255916315681949
2426,0.6004844236301409,0.9189718406971535,0.08256275118955923
2427,0.600482450157592,0.9189649039825343,0.08256407245458715
2428,0.6004298850165871,0.9188991377790549,0.08257826664689057
2429,0.600519307570851,0.9188991185637789,0.08257115315107069
2430,0.600513596153553,0.9189126691763816,0.08256854921626125
2431,0.6004624601831562,0.9188864518538702,0.08257710032962072
2432,0.6004572133190351,0.9188892803424906,0.08257815445952278
2433,0.6003678283049576,0.9188685854902884,0.08258848834791023
2434,0.6003030754190044,0.9188777703921943,0.08259378046343509
2435,0.6003527826603264,0.9189023121426425,0.08258889576292193
2436,0.6003432251988712,0.9188970625292519,0.08258953561724862
2437,0.6001743655730251,0.9189145407442595,0.08259990523783889
2438,0.600101924569099,0.9188872281510188,0.08260872886947492
2439,0.6001314759088217,0.9188976735750273,0.08260756882155387
2440,0.6001160916778023,0.9189064357408622,0.08260825758723812
2441,0.6000888229344977,0.9189145176859282,0.08261049413462507
2442,0.6001222899739341,0.9189106784737927,0.08260914404910658
2443,0.6000847878385559,0.9188819247348555,0.08261550349555469
2444,0.6002633697935217,0.91896602615465,0.08258860376877791
2445,0.6002973603723514,0.9189711412611089,0.08258141263823005
2446,0.6002260459272932,0.918950373390858,0.08259210139698639
2447,0.6003897132782433,0.9190070930424183,0.08256537279432594
2448,0.6003489002894457,0.9190115087128325,0.08256936620962946
2449,0.6001012444285926,0.9188681896556038,0.08260457682441745
2450,0.6001087213535722,0.9188597656786256,0.08260524595117277
2451,0.6000469308232076,0.9188577058010434,0.08261231899497895
2452,0.6000514883779728,0.9188610646312801,0.08261077503775846
2453,0.6000533676756342,0.9188574521594008,0.08261095805779163
2454,0.6000710164225126,0.9188730472773649,0.0826069617448249
2455,0.5999216002803661,0.9188275070733545,0.08262689100754955
2456,0.599988223020903,0.9188421106830793,0.08261818294863468
2457,0.600005898154047,0.918834751232389,0.08261697225459434
2458,0.6001308576027178,0.9188797265072864,0.0825983046829973
2459,0.6001729039585232,0.9188623443686587,0.08259652360251414
2460,0.6001189198512697,0.9188524177571009,0.08260501796895452
2461,0.6003025798340346,0.9188769902519905,0.0825842736549071
2462,0.600407202139428,0.9189114432417756,0.08256873691628351
2463,0.6004131742837123,0.9189141295373541,0.08256817625406329
2464,0.6003560449024774,0.9189173192731623,0.08257470917317766
2465,0.6002897945216057,0.9189036994855663,0.08258376143427079
2466,0.6002429413235778,0.9188837501860712,0.08259258283237429
2467,0.6002406265300589,0.9188931848865645,0.08259157654051011
2468,0.6001837110791512,0.9188417763372777,0.08260424063372336
2469,0.6001495749525412,0.9188230721876643,0.0826123118835544
2470,0.6001931622801558,0.918822541846048,0.08260913579285956
2471,0.6002394996945906,0.9188500581212138,0.08260170337772096
2472,0.6002438479079887,0.9188446701578363,0.08260094212824101
2473,0.6002386034417307,0.9188301549383808,0.0826044368596218
2474,0.6002290692283145,0.918841680260898,0.08260351060193798
2475,0.6001734105505497,0.9188531287223112,0.08260640733023343
2476,0.6001517582264345,0.9188664564377127,0.0826088467378877
2477,0.6000645586900153,0.9188471373992688,0.08262268189172499
2478,0.6001292210385576,0.9188389978083747,0.08261993811223793
2479,0.6000834881709801,0.9188308274730392,0.08262714857756008
2480,0.6000643489196982,0.9188445971397877,0.08262531767301373
2481,0.6001367819271931,0.9188991108776685,0.08261071591950224
2482,0.6002977727773335,0.9189071812935692,0.08259538067146975
2483,0.6002719560598525,0.9188805950377595,0.08260323148871179
2484,0.6002309255849652,0.9188895378271884,0.08260549074360414
2485,0.6002362408328098,0.9189125807861122,0.08260010778692707
2486,0.6002321954124707,0.9189272804722168,0.08259708798561656
2487,0.6004020374178894,0.9189647233589403,0.08257321148584351
2488,0.6004107180797951,0.9189606612496036,0.08257321088063214
2489,0.6007242861846723,0.9190332719343778,0.08253304913154337
2490,0.6007427700124855,0.919030597167965,0.08253255395718896
2491,0.6007316919655615,0.9190265850183459,0.08253300269376791
2492,0.6009005053551362,0.9190819596005895,0.08250839631740635
2493,0.6010053819973843,0.9190702459683681,0.08250231875998398
2494,0.6009768357529867,0.9190802455979743,0.08250737101214493
2495,0.6010161967513399,0.9191069855759916,0.08249990464635497
2496,0.6010377731065982,0.9191059133635934,0.08249895081286254
2497,0.6010398446687244,0.9191376377841931,0.08249362670303317
2498,0.6010398446687244,0.9191376377841931,0.08249360383595095
2499,0.6010649139571637,0.919132599538838,0.08249403174546738
2500,0.6013884524962618,0.9191917787457204,0.08245145853397862
2501,0.6014415354209766,0.9192123314048806,0.08244421929900356
2502,0.6015225864969426,0.9191926895498006,0.08244142723516297
2503,0.6015906285463849,0.9192540785134177,0.08242861496439083
2504,0.6018276920579833,0.9192804303428607,0.08240290650019591
2505,0.6016191240975859,0.9193046415905625,0.08242199772778123
2506,0.6016174142149668,0.919263251886158,0.08242858683617643
2507,0.6014312395414924,0.9191473030679979,0.08246031362864845
2508,0.6015590412840366,0.9191525027216709,0.08244981720275156
2509,0.6014798670843831,0.9191341367609143,0.0824598964745506
2510,0.6014659391791667,0.9191553965422296,0.08245892882970804
2511,0.6014869754302546,0.9191059786955317,0.08246536217454721
2512,0.6014749922025571,0.919071110655786,0.08247642470842913
2513,0.6015104976309771,0.9190814600034146,0.08247306330259536
2514,0.6015084499253847,0.9190816521561742,0.08247234928431414
2515,0.6015076858646224,0.9190586399416919,0.08247619209692862
2516,0.6016646117904273,0.919080199481312,0.08246088290762436
2517,0.6016795526102822,0.9190680861713508,0.08246480708320851
2518,0.6016241591559004,0.9190316540081425,0.08247593263888499
2519,0.6016287161309481,0.9190333603246471,0.082475486919226
2520,0.6015509228536913,0.9190087109686537,0.08248786304848432
2521,0.6016577176958926,0.9190229264298042,0.08247799275113113
2522,0.6017100703705833,0.9190261622822748,0.08247396803930408
2523,0.6018162103102997,0.9190560881530453,0.08246290000448732
2524,0.6018122311931874,0.9190259547572945,0.0824683684291053
2525,0.6014979586992889,0.9189661914060232,0.08250149111627168
2526,0.6015230266386502,0.9189856142069572,0.08249597626957875
2527,0.6015162726365646,0.9189799841311028,0.0824973572296124
2528,0.6015804092469031,0.9190145677847644,0.08248691406073884
2529,0.6016162196859238,0.9189927699757224,0.08248969266210526
2530,0.6013528622996347,0.9188831967861236,0.08253209718397593
2531,0.601328984048655,0.9188570371094402,0.08253798482610841
2532,0.6012653913086679,0.918852621439026,0.08254459028836157
2533,0.6011269892318282,0.9188311733480065,0.08256038725230616
2534,0.6010838697197036,0.9187875085549291,0.08257400477646193
2535,0.601178980623331,0.9188097713736492,0.08256338425091643
2536,0.6011366479250669,0.9188104439083075,0.08256950865076264
2537,0.6011907056746721,0.918860880164631,0.08255859962175452
2538,0.6011345563739235,0.9188373683529739,0.08256833291709008
2539,0.601098077259448,0.9188358810906151,0.08257144531618903
2540,0.6012303674639848,0.9188636279490924,0.08255290168281706
2541,0.6012765136246659,0.9188792538114979,0.08254737719148116
2542,0.6012936230836861,0.9188793998475951,0.08254595390834503
2543,0.6012830020970102,0.9188777396477528,0.08255440789362795
2544,0.6013383058687274,0.9189336676299438,0.0825423298908323
2545,0.6013576793256578,0.9189577981734866,0.08253757209540519
2546,0.6014809372550886,0.9190494127661789,0.08251797750704291
2547,0.6015184975835512,0.9190553080128415,0.08251532506832941
2548,0.6015008853424153,0.9190562495613633,0.08251711421245439
2549,0.6014696012990105,0.9190584132014357,0.08251928286833636
2550,0.6015423658372332,0.9190734933500042,0.08251037070887099
2551,0.601596141895448,0.9190429295320721,0.08251463317033429
2552,0.6016112963834135,0.9190303396832672,0.08251486309220096
2553,0.6015058019511045,0.91902949036807,0.0825265858096393
2554,0.6015669672345261,0.919029870830534,0.08252444391537497
2555,0.6015791192463271,0.919026043147564,0.08252383827418953
2556,0.6015700187696132,0.9190066318757955,0.0825281519481539
2557,0.6013916755024687,0.9189327875703052,0.08255397070030918
2558,0.6013773506378939,0.9189812638684813,0.08255125053978472
2559,0.6012988575424547,0.9189640585103923,0.08256252274800198
2560,0.6013274154465003,0.9189780587604522,0.08256193925484197
2561,0.6013274131018825,0.9189952718046516,0.08255977291494077
2562,0.601153021559231,0.9189554231653787,0.08258453780271524
2563,0.6012969443875105,0.9189877701609193,0.08256540440637058
2564,0.6013200089045496,0.9189921550868919,0.08256328913224902
2565,0.6013172274748361,0.9190089338658547,0.0825638290823216
2566,0.6012668462544098,0.9189890076246907,0.08257276314041552
2567,0.6013337439274762,0.9189969665919907,0.08256847662531963
2568,0.6010797217175786,0.9188905062770965,0.08261179404287547
2569,0.6011043451878346,0.9188975429111508,0.08261024020559117
2570,0.6009334619517634,0.9188500696503794,0.08263726608764445
2571,0.6008889000244337,0.9188551962860039,0.08264202535803371
2572,0.6009075879079459,0.9188598502258398,0.08264077342354789
2573,0.6008182265687436,0.9188438246856944,0.08265128065459587
2574,0.6009406835781724,0.9188311925632824,0.08264372976073112
2575,0.6008948180991538,0.918819440500509,0.08265140743633322
2576,0.6008493215127977,0.9188014626883267,0.08265949324027945
2577,0.6008179378132712,0.9188093601667437,0.08266449022698844
2578,0.6008499235616099,0.9188096061222759,0.08266530340487396
2579,0.60084705420145,0.9188086415154231,0.08266487945247782
2580,0.6008995328099778,0.9188090988389908,0.08266051010180617
2581,0.6009379586176378,0.918827637737231,0.08265444818801468
2582,0.6010493686508458,0.9188267307762059,0.08264420913536415
2583,0.6009197171655715,0.9187872895007833,0.08266297852037438
2584,0.6009764898373398,0.9188070850780707,0.08265667029387974
2585,0.600959815870935,0.9187748802755723,0.08266612328029302
2586,0.6009827728714344,0.9187485361322396,0.08266918187951093
2587,0.6008639385985264,0.9187304084409049,0.0826816915273999
2588,0.6008199750415993,0.9187279834730795,0.08268500982516566
2589,0.6008258089900952,0.9187312346977708,0.0826844015059809
2590,0.6009021840425958,0.9187770746600862,0.08267724261632461
2591,0.601023382714056,0.9188255048416001,0.08265982262205099
2592,0.6009776525784517,0.9188317843937818,0.08266640997247904
2593,0.6009988325636086,0.9188256969943596,0.08266653072132361
2594,0.6010343035137903,0.9188451812841767,0.08265997280299581
2595,0.601109259048559,0.9188351970267912,0.0826544992777369
2596,0.6012333312461112,0.9188497468337433,0.08264070094149988
2597,0.6012327123392344,0.9188483863922058,0.08264085767596231
2598,0.6011950182758804,0.9188651075253408,0.08264418758215589
2599,0.601218755194258,0.9189086877712039,0.0826398777885357
2600,0.6011291774068109,0.9188847071068136,0.08265458087500656
2601,0.6010877036863836,0.9188714754677919,0.08266223439048276
2602,0.6011422959889147,0.9188987726888118,0.08265226436647
2603,0.6011357120192624,0.9189116161792593,0.08264973993642274
2604,0.6011345727003415,0.9189092296419858,0.08265021815936037
2605,0.6013368452675769,0.9190146677041994,0.08262767030376815
2606,0.6013500910212306,0.9190294019778007,0.08262427891002863
2607,0.6013688061972193,0.9190351473453109,0.08262361123134773
2608,0.6014018985158679,0.9190427950251404,0.0826203122586378
2609,0.6014402689581954,0.9190322112511451,0.08262009223163047
2610,0.6014420692452528,0.9190339098815394,0.08261984902324555
2611,0.6014247384361275,0.9190320306275511,0.08262269837544785
2612,0.6013879771059444,0.9190131727557301,0.0826288579395184
2613,0.6012034397866368,0.918968827741884,0.08265235981175088
2614,0.6012352956056519,0.9189974815613863,0.08264673584835804
2615,0.6012770431499209,0.9190033921802697,0.08264336899702346
2616,0.6012292069411806,0.918992016736905,0.08264514293367041
2617,0.6012157179932053,0.9189841845904263,0.08264987823588804
2618,0.6012339743343431,0.9189645196770152,0.08265528125740858
2619,0.6009894946021822,0.9189654189519298,0.08268678237422424
2620,0.6010523471538546,0.9189774861452288,0.08268145705958582
2621,0.6011143147801967,0.9189769903911091,0.08267914787006898
2622,0.6010894857104214,0.9189733279595124,0.08268331561696113
2623,0.6010457389208368,0.9189783008729292,0.08268807703216127
2624,0.6010497820864829,0.9189894764774239,0.08268520202483011
2625,0.6010673519853665,0.9189944801352823,0.08268211301520711
2626,0.6011017771239041,0.9190271345752381,0.08267491220512094
2627,0.6011612206843255,0.9190598966207393,0.08266626438918255
2628,0.6012196284171799,0.9190929392092694,0.0826587582243342
2629,0.6012501642685864,0.9190989920211948,0.08265726507708608
2630,0.6013917822000235,0.9191063706871611,0.08264359459655414
2631,0.6014532009434402,0.9191228996675366,0.08263540324416613
2632,0.6014882715871301,0.9191251286395472,0.08263172649468713
2633,0.6014384976287566,0.9191210511579898,0.0826391043142997
2634,0.6014333271104555,0.9191236721216298,0.08264356218276057
2635,0.6015189155144431,0.9191414693102182,0.08263364691618819
2636,0.60148771743101,0.9191114435200128,0.08264691066993694
2637,0.6015001962597185,0.9191061554760704,0.08264640893737327
2638,0.6015477941992488,0.9190953603340396,0.0826440376711272
2639,0.6015486413841221,0.919151357491224,0.08263747124169882
2640,0.6015618291290725,0.9191596700196016,0.08263744426014372
2641,0.6015721663039819,0.9191575563392468,0.08263800752950022
2642,0.6016318084519668,0.9191663530925783,0.08262945254238875
2643,0.6016616677753722,0.919207001087331,0.08262187685052276
2644,0.6016922774276403,0.9192284299630746,0.08261876081128389
2645,0.6018857890330623,0.9193793890140226,0.08260816906305671
2646,0.6019595396607863,0.9193917713378472,0.08260506275504013
2647,0.6019525105110469,0.9193889966519995,0.08260573246291755
2648,0.6019487929657009,0.9193929088821837,0.08260544116642395
2649,0.6017104618955993,0.9192813565191617,0.08264907821885943
2650,0.6017339831958641,0.9192731746546605,0.08265083414212392
2651,0.6017563684010643,0.9192627791903696,0.08265084710372135
2652,0.6017417307538838,0.9192545973258684,0.08265565900662135
2653,0.601778500874077,0.9192646430721371,0.08265581597216094
2654,0.6015581069135689,0.9191622986693522,0.08269641513338478
2655,0.6016117624615382,0.9191565417726764,0.08269181905589094
2656,0.601632128854233,0.9191385485882733,0.08269509582161942
2657,0.6016584490142552,0.9191423954865192,0.08269464875665755
2658,0.6017519821746712,0.9190926279217989,0.08271176415028897
2659,0.6018196910511128,0.9191045606081663,0.08270719743382132
2660,0.6018390116046984,0.9191228458647639,0.08270617930800651
2661,0.6019133763498294,0.9191674060897006,0.08268997485572713
2662,0.6018939624720414,0.9191410273588713,0.08269335330780728
2663,0.6018956758674279,0.9191373802994953,0.08269409223084498
2664,0.6019236450503089,0.919102842762496,0.08269883793376988
2665,0.6018542758875451,0.9190733626861277,0.08271125929392315
2666,0.601898738260362,0.9190803416743542,0.0827053621092543
2667,0.6020274854424575,0.9191405200755861,0.08268859841816284
2668,0.6020289181004205,0.9191165394111959,0.0826935241755864
2669,0.6020384340069976,0.9191157592709921,0.0826944102318781
2670,0.602058283438054,0.919114790821084,0.08269558476591633
2671,0.6022323263980551,0.9191261355200071,0.08268021599763895
2672,0.602270985807191,0.9191299363015908,0.08267971633095933
2673,0.6023287101117348,0.9191398091103758,0.082672278367784
2674,0.6023151449185061,0.9191381988702509,0.08267305505693764
2675,0.602359148656671,0.9191525257800021,0.08266920208050092
2676,0.6023647711309644,0.9191094528174241,0.08267566262246935
2677,0.6025598139856915,0.9191361197773927,0.0826462610909267
2678,0.6025861397032839,0.9191449434321107,0.08264166495452858
2679,0.6026725758850311,0.9191938117219163,0.08263248186589944
2680,0.6026706401491739,0.9192023394613846,0.08263287655861065
2681,0.6026261800308005,0.9191606807431169,0.08264796438291343
2682,0.6026632815685048,0.9191925050831514,0.08264791275903308
2683,0.6026759696173725,0.9191763142916328,0.0826496631515837
2684,0.6026607512147094,0.919178009078972,0.08265191745218037
2685,0.6027050565204748,0.9191796193190969,0.08265083740971978
2686,0.6027004291178734,0.9191570913295687,0.08265640777090336
2687,0.6026182946641322,0.9191205861483117,0.0826723155642428
2688,0.6027932973660384,0.9192118049063194,0.08264301573166367
2689,0.6027869867210034,0.919203918957068,0.08264178032979659
2690,0.6027215793125444,0.9191645391705283,0.08264975480179453
2691,0.602704563000656,0.9191628021095821,0.08265351678979045
2692,0.6027306771700595,0.9191633324511984,0.08264942718769569
2693,0.602755609853033,0.9191902261514233,0.08265118423782465
2694,0.6028994121787299,0.9192619529335035,0.08262530887581071
2695,0.6029617338776326,0.9193043110878161,0.08261303655361552
2696,0.602851457447744,0.9192835931772827,0.08263093194924924
2697,0.6028336398318872,0.9192711839520717,0.08263693294822497
2698,0.6027328297342215,0.9191542205673412,0.08268045345323598
2699,0.6027791827283959,0.9191634131553574,0.0826740794219043
2700,0.6027500356747022,0.9191830434812718,0.08267869789763929
2701,0.602754489069291,0.9191700501116719,0.08268058247086386
2702,0.6028257565615903,0.919176398838847,0.08267845403938197
2703,0.6028466358514204,0.919177205880437,0.08268120793786367
2704,0.6028773818674769,0.9191721061461989,0.08267649167227598
2705,0.6026986732863215,0.9191222386620437,0.08271000925016762
2706,0.60274737558849,0.919049474255062,0.08272256388613508
2707,0.6027749327617252,0.9190462691470329,0.08272219884628021
2708,0.6028166324161633,0.9190497432689253,0.0827188214984411
2709,0.6028242170290999,0.9190514188409885,0.08271580638506498
2710,0.6028968117535773,0.9190746693248926,0.08270414827564855
2711,0.602912626331531,0.9190814254159179,0.08270372652006319
2712,0.603000758053341,0.9190708531710882,0.08269863781982344
2713,0.6030154384086389,0.9190644813855818,0.08270272227548844
2714,0.6028433432378362,0.9189666102990389,0.08273580099715637
2715,0.6028325235483322,0.9189343709090437,0.08274441986792683
2716,0.6028805583112506,0.9189317076717965,0.08274451664976899
2717,0.6028075702720819,0.9189073619171632,0.08275206164364651
2718,0.6026710531671704,0.9188623366825482,0.08278020810420034
2719,0.6026484993241836,0.9188367342488675,0.08278739150446683
2720,0.6026295314635198,0.9188389555347677,0.08279031875633938
2721,0.6025572569457849,0.9187537434720231,0.08281346386825114
2722,0.6026413329179235,0.9187571945355845,0.08280709703829381
2723,0.6025290518380597,0.918737602640222,0.08281877458096186
2724,0.6026689344640165,0.9188044948588722,0.0828082271941143
2725,0.6026853365597746,0.918811058797138,0.08280391024095081
2726,0.6026972839719996,0.9188067814767107,0.08280338500987022
2727,0.602708374691493,0.9188586089190132,0.08279613222079145
2728,0.6026551358210805,0.9188279067510943,0.08280810950868027
2729,0.602750425428438,0.9188882119731476,0.08279825186823916
2730,0.6027319746201706,0.9188516376168971,0.08281079671992453
2731,0.6029178452252179,0.9189599694996693,0.08279998820824219
2732,0.6029239074380639,0.9189373262184855,0.08280391494950327
2733,0.6028280546248099,0.9188762869728907,0.08282607775832519
2734,0.6028777040155064,0.9188723708996513,0.0828216110065663
2735,0.6028532588180965,0.9188869591371555,0.08282444658606608
2736,0.6029139670677421,0.9189102749529977,0.08281800475415638
2737,0.6031423630910349,0.9189658224727248,0.08280791711644894
2738,0.6033446065308851,0.9189993070126019,0.0827906219463865
2739,0.603302679831689,0.9190041761635286,0.0827954098632155
2740,0.6033376706514464,0.9190123503419193,0.08279397719791966
2741,0.6033427608525243,0.9190152441624779,0.08279695698124018
2742,0.6032641816407368,0.9189953409796451,0.08281126457770589
2743,0.6033522965830305,0.9190545278726379,0.08278739541370574
2744,0.6034103275164632,0.9190501045161132,0.08278596832478541
2745,0.603592783149607,0.9191226882995011,0.08277417551811216
2746,0.6035884869511227,0.9191229765286404,0.08277282561362424
2747,0.603605234253888,0.9191098640243295,0.0827736562969007
2748,0.6036015728691381,0.9190979928268452,0.08277404258285379
2749,0.6036386076461453,0.9191335526165253,0.08278822060183923
2750,0.6035863628844804,0.919139570840954,0.0827921873115576
2751,0.6035840185210193,0.9191917556873893,0.08281431894192737
2752,0.6036126873074611,0.9192485598861638,0.08281647050111722
2753,0.603660602388211,0.919247699041801,0.08281275278224326
2754,0.6037172483729827,0.9192619875210003,0.08280874333715198
2755,0.6037199043435646,0.9192781706264086,0.08280752418835843
2756,0.603723517773991,0.9192838583480909,0.0828064241409819
2757,0.6036830999668592,0.9192705613771308,0.08281554320290951
2758,0.6035322683586472,0.9192443017810125,0.08283862113633828
2759,0.6034994520513641,0.9192411158882593,0.08284241514312438
2760,0.6034612912060846,0.9192430105144683,0.08284557042633496
2761,0.6035897624951994,0.9192523645108026,0.08283458244152143
2762,0.6036736273588726,0.919274754150344,0.08283397590327507
2763,0.6036714422289325,0.9192767256376568,0.0828340937058801
2764,0.6036681094315417,0.9192776441278474,0.08283196253858602
2765,0.603681950897862,0.9192568877867622,0.0828370664499708
2766,0.6038223108898124,0.919289803554471,0.08282080536115238
2767,0.6040431423876648,0.9193448668492441,0.0828237578516701
2768,0.6040152241193392,0.9193130386661542,0.08283448086194097
2769,0.6040088833774713,0.919324979038632,0.0828352745412829
2770,0.6040211956011554,0.9193328880462145,0.08283716434047975
2771,0.6040238849370475,0.9193550240441132,0.08283436699547114
2772,0.604028721249297,0.9193192452002873,0.08284556263231065
2773,0.6040439993182536,0.9193124929523172,0.08284915280030528
2774,0.6040922377980494,0.9193062864181841,0.08284846710982531
2775,0.6044681462407621,0.9193897960074792,0.08281309831078783
2776,0.6045732382927549,0.9193943192834387,0.08282003990651543
2777,0.6045877746534745,0.919397005579017,0.08282019756398122
2778,0.6045799820808758,0.9193920480378209,0.0828257734586798
2779,0.604639140625188,0.919397670427565,0.08282314392920109
2780,0.6046258807442744,0.919396402219352,0.08282436121372981
2781,0.6047207451482677,0.9193869483035828,0.08281935382268873
2782,0.6047396574229318,0.9194049607032618,0.08281579063246333
2783,0.6047284898827742,0.9194069014461332,0.08282155818630964
2784,0.6047031767231001,0.9194062096961989,0.08282999141334894
2785,0.60474097056434,0.9194455548952418,0.08282583744330829
2786,0.6047346578593418,0.919449467125426,0.08281805345895592
2787,0.6047213737750229,0.9194142532107131,0.08282894574551074
2788,0.6048089123836978,0.9194244987958516,0.08282819847407784
2789,0.604753122660706,0.9193621260101057,0.08284464795163998
2790,0.6048026357095139,0.9193790085515587,0.08283651272507078
2791,0.6047129159185916,0.9193678483192848,0.08284467276123615
2792,0.6046239896893062,0.9193379608790663,0.08286018699547527
2793,0.6046071617056883,0.9193435256229825,0.08286636162754855
2794,0.6046190781636377,0.9193303631589541,0.08286908598628251
2795,0.6045562382542501,0.9192877475199439,0.08288876975201928
2796,0.604621760285026,0.919299918475733,0.08288242527166083
2797,0.6046096426257361,0.9193051027571854,0.08288375210220103
2798,0.6046259767312682,0.919302397246331,0.08288319716516603
2799,0.6046326265990425,0.9193104638191765,0.0828842427460259
2800,0.6046635063146676,0.9192939271526906,0.08288950748944134
2801,0.6045562004626831,0.9192810068011393,0.08290482797170849
2802,0.6045465862115017,0.9192652502748573,0.08291023162996097
2803,0.6046096119849228,0.919299776282691,0.08290177964701737
2804,0.6045421704571011,0.919287951201869,0.08291168556831774
2805,0.6045561341646317,0.9192766295612771,0.08291402626571498
2806,0.6044776977782932,0.9192502738887789,0.0829267715559349
2807,0.6045710285280729,0.9192698350396998,0.08291798795422115
2808,0.6045709808251111,0.9192697812369272,0.08291767875559405
2809,0.6045183535827202,0.9192394749036928,0.0829264862445454
2810,0.6044667133003583,0.9191840388325663,0.08293210846992602
2811,0.6044368128288646,0.9191785970664161,0.08293287725944995
2812,0.6043844428193345,0.9192117011438292,0.08293532085241057
2813,0.6044380241517303,0.9192192373750583,0.08293377188104228
2814,0.6044703729236467,0.9192280917742178,0.08293073021986463
2815,0.604414076471906,0.9191886697140711,0.08294572857397205
2816,0.6045083072442606,0.9191972281979809,0.0829361188178692
2817,0.6045366647643277,0.919198580953408,0.08293757423398303
2818,0.604524508135603,0.9191942997899255,0.08293917399046614
2819,0.604557964806589,0.9192022087975081,0.08293514583522098
2820,0.6045402909858301,0.919213184563133,0.08293543282570649
2821,0.6044917120821477,0.9191506542121242,0.08296199573880282
2822,0.6044810993171129,0.9191391135173863,0.08296674323889563
2823,0.6046796149983892,0.9192639782235891,0.08293031648693458
2824,0.6047759624861853,0.9192921362889718,0.0829240020178842
2825,0.6048317442558991,0.9193043725766991,0.08291830352935625
2826,0.6048163989641215,0.9193176349601624,0.08292357331736468
2827,0.6049239012046669,0.9193477798850787,0.08291485092297368
2828,0.6049277095293073,0.9193636709182924,0.08291684930531716
2829,0.6049761713151315,0.9193812797971764,0.08291082295197219
2830,0.6050022847078618,0.9193821060540425,0.0829079389657016
2831,0.6049665602268895,0.9193710111537068,0.08291417415326645
2832,0.6049826440423516,0.9193734745520841,0.08291450555736718
2833,0.6050315403329286,0.9193501779515177,0.08291939890712836
2834,0.6052059613607752,0.9193837047650019,0.08290234977088257
2835,0.6049376183083052,0.919368013570658,0.08293015035965626
2836,0.6049024937433846,0.9193111363538349,0.08294498381818112
2837,0.6047507412778093,0.9192632634153236,0.08297437195339581
2838,0.6047611269940234,0.9192710686604161,0.08297353199994652
2839,0.6047551793646907,0.9192469227446525,0.08298476517666745
2840,0.6046948496721433,0.9192177155252028,0.08298240711530604
2841,0.6047699710831619,0.9192215047776209,0.0829773593612118
2842,0.6047780772003253,0.9192324536418593,0.08297592800470417
2843,0.6047632928391926,0.9192287566227658,0.08298184160559206
2844,0.6047645042440128,0.9192287527797106,0.08297887126904913
2845,0.6045845798310509,0.9191781243706276,0.08297288829193704
2846,0.604579547007698,0.9191669333939122,0.08297651639134285
2847,0.6044646501189408,0.9191719562670465,0.08300034861726636
2848,0.6044297808168665,0.9191733436099704,0.08299834727347317
2849,0.6045192031125033,0.9191896266348136,0.08298900993458827
2850,0.6045173564243068,0.9191867866170276,0.08299082419147615
2851,0.6045012237468573,0.9191973242743606,0.08299159127476302
2852,0.604539869245272,0.9191860064768239,0.08298845960939008
2853,0.6045576530629718,0.919165419230167,0.0829916829329404
2854,0.6045898147976871,0.9192212396068127,0.08299419644471884
2855,0.604427719332601,0.9191295058794094,0.08303414620929127
2856,0.6043884205111787,0.9191141490308672,0.08304424560001535
2857,0.6042981200745007,0.9191391135173863,0.08308120435413324
2858,0.6042274541188354,0.9191174540583312,0.08309296166076259
2859,0.6042452022483422,0.9191054598830809,0.08309643843879362
2860,0.6042327223428345,0.9191022970486589,0.08310169236480966
2861,0.6042367754160922,0.9191015668681727,0.08310731872518
2862,0.6042559716667316,0.9190916863732772,0.08311074889136322
2863,0.6042366948677838,0.9190731359458715,0.08311263611526541
2864,0.6041934330908513,0.9190856719919037,0.08310310114467885
2865,0.6041259135981962,0.9190649079647081,0.08312241317977824
2866,0.6042223813143287,0.9191287641697576,0.08312501511827454
2867,0.6042220093381535,0.9190938461702944,0.08313724293669121
2868,0.6042246263354399,0.9191108017297961,0.08313586387059589
2869,0.6041579388556667,0.9190859064182704,0.0831479589591329
2870,0.6041449588431094,0.9190657495937948,0.08315651191417929
2871,0.60409041256157,0.9190587360180718,0.08316403878370864
2872,0.6040720801420343,0.9189998834708805,0.08317457757818346
2873,0.6040079527566954,0.9189586705470149,0.0831927349089755
2874,0.6040283966951054,0.9189603845496299,0.08318853332174844
2875,0.603982413604312,0.9189404390931899,0.08320760051074197
2876,0.6039926144312208,0.9189546353390645,0.08320980747154406
2877,0.6039229178125439,0.9189563877722315,0.0832189205814171
2878,0.6039922328594519,0.9189412768792216,0.08321777097272673
2879,0.6040736996164705,0.9189551234070737,0.0832106330295745
2880,0.6041201586399427,0.9189454504371587,0.08319250767215343
2881,0.6041170620054149,0.9189530673725468,0.08319976748413592
2882,0.6040878702860134,0.9189390632794316,0.08320996435701107
2883,0.6040644730605372,0.9189325416147729,0.08321969508309614
2884,0.6040419648636614,0.9189148981483922,0.08322917909126415
2885,0.6040224810668027,0.918886305817773,0.08324287136843767
2886,0.6040434003276526,0.9188885924356115,0.08324256828057273
2887,0.6040825192968514,0.9188891765800005,0.0832433343907693
2888,0.6039748040962439,0.9188360309697675,0.08326618409216116
2889,0.6040041446924548,0.9188256124471454,0.08326630428843662
2890,0.6040289965194227,0.9188685278444606,0.08326115814546026
2891,0.603997615568008,0.918864930744802,0.08326347654673583
2892,0.6038958757246987,0.9188458576618903,0.08327220444248022
2893,0.6038119398771166,0.9187222611639004,0.08332395856123281
2894,0.603807736251569,0.9187144174882561,0.0833346865417335
2895,0.603909325233821,0.9187301740145383,0.08332609677128272
2896,0.6038766241255916,0.9186712138618017,0.08334294803832737
2897,0.6038940725022134,0.918662294130704,0.08334489605522104
2898,0.6038658308639131,0.9186280601950647,0.08336978733687511
2899,0.6038640678533065,0.9186248281856493,0.08337175765441372
2900,0.6038481172677618,0.9186144634657998,0.083378800377572
2901,0.6038674672895838,0.9186675744885361,0.08337272590248959
2902,0.6038619796806002,0.9186706796771302,0.08336865275705642
2903,0.6038570777891216,0.918688688233754,0.08336519676765343
2904,0.6038594105986214,0.9186770245612501,0.08337566772928133
2905,0.6038072844684156,0.9186456498586728,0.0833880969250793
2906,0.6035275760143095,0.918549231446992,0.08341035154353607
2907,0.6035809880099469,0.9185637043928404,0.0834067417892022
2908,0.6034910958323781,0.9185310691681605,0.08342518265051459
2909,0.6034483865586103,0.9185143057614185,0.08343545919091533
2910,0.6034257720357616,0.9185312421056441,0.08343731442756624
2911,0.6033742611127063,0.9185322067124969,0.08344477388291192
2912,0.6033690447543231,0.9185406230033647,0.0834474717233692
2913,0.6033859961024738,0.9185130221809847,0.08346220921676258
2914,0.6034200156657601,0.918517399420847,0.08346130038299715
2915,0.6034507432889215,0.9185198551331138,0.08345967493547342
2916,0.603450742304276,0.9185198666622795,0.08345999035902897
2917,0.6034385924802663,0.9185130798268125,0.08346535193500422
2918,0.6035635388030344,0.9185501307219066,0.08344986366110566
2919,0.6036265063207399,0.9185300584446453,0.08344327866783141
2920,0.6036265187273568,0.9185301007182524,0.08344236830929871
2921,0.6035681551474078,0.9185201664205843,0.08344982731670018
2922,0.6035987157641144,0.9185332597096192,0.08344299394933345
2923,0.6035659330246352,0.9185295434752497,0.08345013275629673
2924,0.6036412907342371,0.9185430325989693,0.0834434428069428
2925,0.6036557043537767,0.9185319376986336,0.08344651245896337
2926,0.603689780734163,0.9185490700386739,0.08344432089654624
2927,0.6037594231746138,0.9185644806899889,0.08344195806119417
2928,0.6038240091479539,0.9185787268955811,0.0834348995429141
2929,0.6038013221724092,0.9185760905597201,0.08343908907194746
2930,0.603793401533894,0.9185717286920787,0.08343804059568756
2931,0.6038030995603706,0.9185536740187925,0.08343914209081771
2932,0.6037677531837997,0.9185467642055595,0.0834428325653905
2933,0.603776375233578,0.9185593194668678,0.0834380232293972
2934,0.6037569751945197,0.9185122920004984,0.08345422603201126
2935,0.6037548973306781,0.9184956938451296,0.08345827715610064
2936,0.6037702512770486,0.9184987029573439,0.08345877106370854
2937,0.6037752132475085,0.9185134910337179,0.08346042802899381
2938,0.6038361692394033,0.9185282329934297,0.08345815664767645
2939,0.6037911482909617,0.9185406729630822,0.08346859704382259
2940,0.6037628326577333,0.9185378598466826,0.08347086731127386
2941,0.6037032968070695,0.9185041677818252,0.08348308041608533
2942,0.6037280170074184,0.9185049709803601,0.08348264205661415
2943,0.6037367017409725,0.9185289823891919,0.08348356976647762
2944,0.6037586009838234,0.9185290285058542,0.08348916039785799
2945,0.6038351763947453,0.9185428173878786,0.0834821406842085
2946,0.603785200733547,0.9185176415333239,0.0834978744915407
2947,0.6036772724294484,0.9184868279168045,0.08351893698973696
2948,0.6037187584606186,0.9185004515474557,0.08351644622390546
2949,0.603612109668969,0.9184442199639047,0.08354449099130697
2950,0.6036349480166392,0.9184451999429782,0.08354337318565842
2951,0.6036275346458287,0.9184459723970716,0.08353879898689238
2952,0.6035834250442669,0.9184428326209808,0.08355204167052692
2953,0.6035558356921041,0.9184291628736673,0.0835594447156187
2954,0.6035907739449111,0.9184323987261379,0.08356000520170441
2955,0.6035977303678315,0.9184596421443851,0.08355512525584899
2956,0.6036065555265677,0.9184909899455761,0.0835536740595228
2957,0.6036018282199164,0.9184785768773099,0.08355605444977537
2958,0.6036112665383945,0.9184718054140639,0.08355588121486732
2959,0.6036336550975236,0.9184592001930382,0.08356546904996097
2960,0.6036300617342953,0.918438405421401,0.08357246813896897
2961,0.6036300617342953,0.918438405421401,0.08357260656993208
2962,0.6035866563282838,0.9184246050102111,0.08358341493143381
2963,0.6035910863667722,0.918404659553771,0.08359113388931443
2964,0.6036535884771039,0.9184227065409468,0.08358453840480054
2965,0.6036255531303781,0.918405063074566,0.08356749421988822
2966,0.6036277995007361,0.9184075034146122,0.08356544644375326
2967,0.6036490442979979,0.9184009433194016,0.08356633426254063
2968,0.6036107440750947,0.918391704614723,0.08357053493357579
2969,0.6036999369803373,0.9184068500952297,0.08356447403949437
2970,0.6036806904257982,0.9183791800978564,0.08357113232168156
2971,0.6036585211270844,0.9183572900554898,0.08358188621213934
2972,0.6036561675254495,0.91834853173271,0.08359224634346595
2973,0.6036745333739656,0.9183482473466259,0.08359763001120228
2974,0.603697686985456,0.9183682811933354,0.083596352521662
2975,0.60343076762304,0.9182345659310283,0.0836564714124137
2976,0.6034471034587178,0.9182439237704177,0.0836525861004211
2977,0.6037090906338428,0.9184011700596578,0.08358734713053817
2978,0.6037096811313253,0.9183972616725288,0.0835876026707712
2979,0.6037120202448413,0.9183904825231723,0.08359439969813948
2980,0.6038080064764998,0.9183728505859572,0.08359068875332358
2981,0.603786757842872,0.9183426864457649,0.08360223309671541
2982,0.6039305227239082,0.9183387011975321,0.08359699267594035
2983,0.6038681053996084,0.9183444273497663,0.08360770289085598
2984,0.6039130947480502,0.9183484356563303,0.08360717284287017
2985,0.6039394439859527,0.9183444773094839,0.08361041714986768
2986,0.604044553921734,0.9183646610353456,0.08360755752029256
2987,0.6040892923820506,0.918367850771154,0.08360300111637635
2988,0.6041260031321827,0.9183755829981978,0.08360058239564669
2989,0.6041537661866514,0.9183558412236829,0.08360528253152649
2990,0.6041608100988642,0.9183519251504435,0.08360303186876797
2991,0.6041912465464051,0.9183492849715275,0.08360218858861679
2992,0.6040299544699091,0.9182402767110417,0.08364576153946839
2993,0.6040299598585523,0.918240303612428,0.0836459854247237
2994,0.6040000422745445,0.9182522785724024,0.0836458748574501
2995,0.604078106541616,0.918227467808091,0.08364152966925206
2996,0.6040812839678726,0.9182360762517182,0.08363827452948919
2997,0.6040953532864056,0.9182816126126735,0.0836369572263754
2998,0.6040553350584384,0.9182635540963321,0.0836476489863697
2999,0.6040658630139447,0.9182484970060948,0.08365072481058308
3000,0.6040246192594196,0.9182122262512045,0.08365795424760619
3001,0.6040249260257893,0.9182125567539509,0.08365861818837231
3002,0.6039724247060907,0.918193441397432,0.0836749532398798
3003,0.6039833365769213,0.9181985027011182,0.08366781447316961
3004,0.6039668240676601,0.91820276849238,0.08367224484914824
3005,0.6039569153418513,0.9181665899708142,0.0836801446705235
3006,0.6040417129527441,0.9181942100084701,0.08366833367962467
3007,0.6040648408010968,0.9182160424050089,0.08366589838180412
3008,0.6041011625453107,0.9181935297877014,0.08367447367532395
3009,0.6040104631738445,0.9181571129967139,0.0836923582775693
3010,0.603993153828137,0.9181484661225346,0.08369863899275504
3011,0.6039947490686833,0.918136706373651,0.08370304279976937
3012,0.6041091940188272,0.9181847330343698,0.08368452922222998
3013,0.6040724697127489,0.9181707481565307,0.08369273381662774
3014,0.6041329631026109,0.9182031028381816,0.08368520185690721
3015,0.6041885136113437,0.9181778654947439,0.08369043740278766
3016,0.6041245013743356,0.9181779039252959,0.08369765388297339
3017,0.6041373022635419,0.9181938871918341,0.0836966897694531
3018,0.6041122124462797,0.918194628901486,0.08370499109858158
3019,0.6041022307351872,0.9181751522977792,0.08370787339547077
3020,0.6041711634685643,0.9182176411159682,0.08370318401992223
3021,0.6041103028467314,0.9182151892467565,0.08370764152998016
3022,0.6041522150038962,0.9182382860084529,0.0837133659711726
3023,0.6041717811409537,0.9182460950966005,0.08371221108615734
3024,0.6041950147519985,0.9182588002370612,0.08371113550674729
3025,0.6041952065115009,0.9182547996166076,0.08371007985855024
3026,0.6041777448890197,0.9182466638687687,0.08371792647004297
3027,0.6041750930445834,0.9182369908988537,0.08371732700540181
3028,0.6041675589253195,0.9182432819802009,0.08371834649685551
3029,0.604215527325486,0.9182419561261601,0.08371793134155221
3030,0.6042093330651218,0.9182367910599837,0.08371571694711998
3031,0.6046611006940837,0.9183150817803297,0.0837547774512086
3032,0.6047052766436359,0.9183185597452774,0.08375094666274072
3033,0.6046779705557878,0.9183008009872409,0.08375796485188051
3034,0.6046562317265535,0.9183115077390024,0.0837589554241903
3035,0.6044689687498327,0.9182198816171444,0.08380879724861084
3036,0.6044940934243299,0.9182680850584021,0.0838095271226322
3037,0.6045496455191751,0.918281923900144,0.0838087331285413
3038,0.6046661397011618,0.9183201622992919,0.08380147939301424
3039,0.6045788393517753,0.9182875040162809,0.08381595692801773
3040,0.6045906509734859,0.9182883072148158,0.08381442848633527
3041,0.6045266008744703,0.9182439622009697,0.08383610577468288
3042,0.6043873043276884,0.9182178909145556,0.08385937899078821
3043,0.6044455341899593,0.9182347465546222,0.083855274552813
3044,0.6044230145019103,0.9182151661884254,0.08386529664094323
3045,0.6043944363091039,0.9181898212394424,0.08387293386439827
3046,0.6044820877984038,0.918186892831387,0.08386920018478146
3047,0.6044682837688403,0.9181806901403091,0.08387321562634295
3048,0.6044925427376515,0.918192050211453,0.08387233411540121
3049,0.6045344110771147,0.9181911125059864,0.08386977291172397
3050,0.6045565661208281,0.9181926574141731,0.08386861126666104
3051,0.6046227073319733,0.9182330133367312,0.08386352113002898
3052,0.6046352228713802,0.9182432781371457,0.08386927272097716
3053,0.6045708160193062,0.91821324466083,0.08389012102232213
3054,0.604597074134508,0.9182185096464412,0.08388999580816273
3055,0.6046001354108669,0.9182063041031555,0.08389214486360964
3056,0.6045994336321373,0.9182045286116574,0.0838949252042715
3057,0.6046207823537436,0.9181830766775826,0.08390090181119261
3058,0.6046330551144373,0.9181994288774192,0.08390250368785285
3059,0.6046215798804306,0.9182099165750348,0.08390619369547736
3060,0.6046475492447978,0.9182162653022099,0.08390919230405497
3061,0.6046875722072772,0.9182256000832683,0.08390519333536918
3062,0.6045370551638077,0.9181418983412136,0.08393451959041723
3063,0.6045318127020197,0.918156832453685,0.08393698853730991
3064,0.6045761641167633,0.9181428283605698,0.08393955602911932
3065,0.6045173827478646,0.9181226331055424,0.08395430588351835
3066,0.6045219037130419,0.9181231365457724,0.08395274464153893
3067,0.6045342124099812,0.9181342429752737,0.0839504703983512
3068,0.6045695517048857,0.9181417676773371,0.08394730854092824
3069,0.604591146488878,0.9181708134884689,0.08394065338153936
3070,0.6046314874004454,0.9181797293765114,0.08393995724327193
3071,0.6046733703129484,0.9181874577605,0.08393402745250945
3072,0.6046657629141147,0.9181799676459332,0.08394171405388033
3073,0.6046577634725326,0.9181812589124774,0.08394784698299108
3074,0.6045932294893928,0.9181538963595192,0.08394959257432578
3075,0.6046519339179235,0.9181661557055777,0.08394456368680138
3076,0.6046246516114632,0.9181920425253426,0.08394868279155156
3077,0.6045708638549803,0.9181949132875701,0.08395898058645354
3078,0.6045480818831002,0.9181497381738027,0.08399953751549658
3079,0.6046221541926193,0.9181710133273387,0.08399285073057315
3080,0.6046796190771039,0.9182041366200279,0.08398418724567673
3081,0.6046875992763354,0.9182052626351987,0.08398508294977167
3082,0.6046394158925243,0.9181650642779035,0.08403018363535246
3083,0.6045475440428306,0.91813709067917,0.0840494505731335
3084,0.6045467267782733,0.9181445731076264,0.0840522847784149
3085,0.6048040020902814,0.9181908550212886,0.08404467729408129
3086,0.604886683075037,0.9181989984552379,0.0840403656848672
3087,0.604948434397569,0.9182197240518816,0.08403555970723575
3088,0.604988334079025,0.9182459413743929,0.08402027848021663
3089,0.6048245747475656,0.9181611712629952,0.08406155621917841
3090,0.6048638487577797,0.9181660173555908,0.08405994751479094
3091,0.6048429373317966,0.9181672740346382,0.08405932954487984
3092,0.6048608553845021,0.9181802097584103,0.08405708979340135
3093,0.6048202897263583,0.9181431204327642,0.0840733616301149
3094,0.6047918894045714,0.9181258997024545,0.08408206627338347
3095,0.604842233139773,0.9181363335972974,0.0840840245643575
3096,0.6046441155507389,0.9180660825484105,0.0841292127640397
3097,0.6045951896627246,0.9180727579352768,0.08413084016581464
3098,0.6047053204281384,0.9180521668455647,0.08415911245186879
3099,0.6047596388580534,0.9180702253619061,0.08415778910287078
3100,0.6048612443365448,0.9181171029491229,0.08414621675088618
3101,0.6048087389840785,0.9180901131725182,0.08415598048241675
3102,0.6048274293151045,0.9180751675308814,0.08415676547271614
3103,0.6048019611110008,0.918052635698298,0.08416615575253782
3104,0.6047249813869254,0.9180617514252105,0.084179595772925
3105,0.6047772545783985,0.9180805439650932,0.08417693854844294
3106,0.604785005318943,0.9180793449318737,0.08417507933164889
3107,0.6047375514954422,0.9180403763522395,0.08419681955198868
3108,0.604808156206965,0.9180277903464897,0.08419282504076064
3109,0.6048232174169849,0.9180542958981404,0.08419037178056633
3110,0.6048773585380868,0.9180627390903945,0.08418965673330679
3111,0.6048537052191475,0.918046732765525,0.08420254115357916
3112,0.6048831188721239,0.9180538270454072,0.08420143526037993
3113,0.604911878100205,0.9180379014246967,0.08421914030752747
3114,0.6048878890202362,0.9180352266582839,0.08422285437869331
3115,0.6049333836553469,0.9180361720498608,0.08421987785822263
3116,0.605004114960913,0.9180751175711639,0.08420767713858679
3117,0.6049919557022666,0.9180562251118461,0.08421517306385862
3118,0.6049945888145283,0.9180671048010912,0.08421389936603603
3119,0.6049675357185157,0.9180618974613077,0.08424165139461148
3120,0.6049887203485301,0.9180747524809207,0.08424432586606914
3121,0.6050609640376351,0.918087488365823,0.08423031673149006
3122,0.6050387313362166,0.9180818851913548,0.08422418962666811
3123,0.6049876093557607,0.9180434392672265,0.08423548683532503
3124,0.604999277781207,0.9180354879860368,0.08423595302087616
3125,0.6050054743664709,0.9180146778421789,0.08424430466009218
3126,0.6051193191074765,0.9181325481879345,0.08422356281235273
3127,0.605089141351264,0.9181032948518225,0.08423447066672263
3128,0.605175188267746,0.9181339432169687,0.08422704774078983
3129,0.6053475334552112,0.9182057622323736,0.08422042217527653
3130,0.6053285033590562,0.9181931570113478,0.08422677739791912
3131,0.6053296180189137,0.9181678697081928,0.08423190978497282
3132,0.6053926462120829,0.9181580776035667,0.08423261297531148
3133,0.6054782210911162,0.9181636308183173,0.08423346904779387
3134,0.6054838185859801,0.9181595456506496,0.08423489404967907
3135,0.6054680170388753,0.9181860281439691,0.08423812665654856
3136,0.6054767219307096,0.9181843179844091,0.08424289149991747
3137,0.6054678225503556,0.9181758671060447,0.08425398779720286
3138,0.6054668511234774,0.9181611174602226,0.08425605665548615
3139,0.6056382304078123,0.9181660750014187,0.08424958460642866
3140,0.6055519737643784,0.9180737071699089,0.08428240919422791
3141,0.6055652559357969,0.9180796869637857,0.08428768515717164
3142,0.6055925679734783,0.9180666705358547,0.08428900408086523
3143,0.6056282847670373,0.918072884756098,0.08428393861130642
3144,0.6057322907355988,0.9181016961408631,0.08424969470289859
3145,0.6056730766048191,0.9180838259342261,0.08426562804755813
3146,0.6055964817961473,0.9180227674733554,0.08426002044795054
3147,0.605560507597452,0.9179886757307583,0.08427482346374687
3148,0.6055763315561772,0.9179631809026229,0.08428166788546303
3149,0.6056248262924131,0.9179921191082092,0.08428054283489321
3150,0.6056231831599346,0.9179875535586426,0.08428109423803333
3151,0.6056284569536041,0.9179918001346283,0.08428336179426914
3152,0.6055746045900723,0.9179681576590949,0.08430255136449544
3153,0.6056660501809839,0.9180279517548078,0.08431400479770929
3154,0.6056660167960237,0.9180001741518891,0.08431601525144994
3155,0.6058104622942084,0.9180078910067121,0.08430788708411327
3156,0.605853706283467,0.9180092629774151,0.08430905230080812
3157,0.6058528183038859,0.9179937831511068,0.08431442306007252
3158,0.605881684900434,0.9180229634691702,0.08431751506053899
3159,0.6058978581620399,0.9180386854079555,0.0843154143729677
3160,0.6059117185490879,0.918026445277173,0.08431728056168497
3161,0.606028344188909,0.9180815047288909,0.08430396661025286
3162,0.6059974011246664,0.9180688841356445,0.0843091839280489
3163,0.6059598107548906,0.9180487964861624,0.08432137160356988
3164,0.6059296819757941,0.9180309531809118,0.08432925504840932
3165,0.6059528304468501,0.9180544918939552,0.08433202040779708
3166,0.6059376542496941,0.9180613709627465,0.08434052572604976
3167,0.605905991644534,0.9180485812750717,0.0843467924867579
3168,0.605999910214422,0.9180414370354721,0.08434252322562469
3169,0.6060114510643174,0.9179993209936367,0.08433949274387652
3170,0.6062335124797644,0.9181233133263111,0.08435704162884146
3171,0.6062248950350022,0.9181067651306598,0.08436371252560734
3172,0.6062322154199771,0.9180837951897847,0.08437071077279389
3173,0.6062263543176819,0.918057835351971,0.0843729129119052
3174,0.6063296142854268,0.9180734573713215,0.08437808880362918
3175,0.6063561112440338,0.9180703675549481,0.08437298751311478
3176,0.6063901761245066,0.9181187439336893,0.08437672717966818
3177,0.6064014583316442,0.9181150546007062,0.08437715531600255
3178,0.6064189505847466,0.9180980490814872,0.08437692208056888
3179,0.6064527279332331,0.9181070034000816,0.08437225305480227
3180,0.6064927855286436,0.9181033717129263,0.08437759755337747
3181,0.6065417386352251,0.9181351883668506,0.08438816759469477
3182,0.6065352129250214,0.9181868851452766,0.08438931824495109
3183,0.6065569088249694,0.9181992943704875,0.08440068624999447
3184,0.6066067759569879,0.9182026570437795,0.08439004694628004
3185,0.6066375125630719,0.9182258921554628,0.08439005555765867
3186,0.6066929915876259,0.9182403151415937,0.08438068110441259
3187,0.6067024090124831,0.9182613097521007,0.08437642594779335
3188,0.6065927312608012,0.918287304177411,0.08436303228019942
3189,0.6065901106902442,0.9182848945818064,0.08436349782347115
3190,0.6063551030307539,0.9182741417133826,0.0844071696758626
3191,0.606615519099391,0.918374218713605,0.08436622453619975
3192,0.6065583810108505,0.9183107237557434,0.08438473546226642
3193,0.6065625632043956,0.9182877422857028,0.0843840772032472
3194,0.6065858021678366,0.9182805826738824,0.08438530471965867
3195,0.6066131478583183,0.9183038408438968,0.08437958125068508
3196,0.6066245789588584,0.9183000631206443,0.08437783003490595
3197,0.6065817902123507,0.9182886569328381,0.08438135244003599
3198,0.6065330660133624,0.918276828008961,0.08438855023122667
3199,0.6065570286809852,0.9182723931232709,0.08439282035233658
3200,0.6065795380596873,0.9182700872901564,0.0843946702150469
3201,0.6065967002217876,0.9182778694769177,0.08439627953316409
3202,0.6065171634799779,0.91824830101028,0.08442051138913295
3203,0.606557558030558,0.918230107987007,0.08442479226062564
3204,0.6065584201220335,0.9182266300220594,0.08442388393788519
3205,0.6066951313910973,0.918261678685399,0.08444060938942839
3206,0.6067759133630228,0.9182927651588371,0.08446698370654293
3207,0.6067476367452593,0.9182809669794014,0.08446311739544847
3208,0.6067572322662766,0.9182845679221152,0.08446958308323546
3209,0.6068663584720548,0.9182821736987313,0.08447563614097933
3210,0.6068490408240508,0.9182649952420286,0.08448469563042191
3211,0.6068517259923681,0.9182450959022509,0.08449376015797554
3212,0.6068935277696625,0.918253719718099,0.08449010127197715
3213,0.6069248875754458,0.9182619746006487,0.08449785941367488
3214,0.6069403569271019,0.9183238631614407,0.08454609536829648
3215,0.6068664400947668,0.9183133024457765,0.0845606071759174
3216,0.6068417327182838,0.9183023920120899,0.08456790235267231
3217,0.6068660269214086,0.9182919734894678,0.0845672378901828
3218,0.6067825332798265,0.9182772007853145,0.08458170654547767
3219,0.6067843380953805,0.9182700296443286,0.08457979770715787
3220,0.6067843551464536,0.9182644149406949,0.08458961082325776
3221,0.6068004337296162,0.9182695876929816,0.0845887875655548
3222,0.6067728617414072,0.9182502494392617,0.08459657101751145
3223,0.6067496442138851,0.918275075575794,0.08461014933664264
3224,0.6067401162890594,0.9182489428004968,0.0845999624487487
3225,0.6067818040253792,0.9182893986424899,0.08458943031186263
3226,0.606885939828513,0.918306423376985,0.08457844307930135
3227,0.6068618670162563,0.9182893294674965,0.08459239420368865
3228,0.6068368400654733,0.9182756750924037,0.08460396438731453
3229,0.6068989575572807,0.9182672088418186,0.08460071101906236
3230,0.6067569688228277,0.9182442389009434,0.08462410835567043
3231,0.6070501340267709,0.9184343048815125,0.08459437378155342
3232,0.6071012768166925,0.918440722783681,0.08459246662364228
3233,0.6069989881547707,0.9184220878090611,0.08461043189246836
3234,0.6069963526419189,0.9184318606984112,0.08461223517192124
3235,0.6070456565881946,0.9184190556385156,0.08463308969970675
3236,0.6070816171558264,0.918419628253739,0.08463395582205265
3237,0.6070761295700254,0.9184151779958282,0.0846344929058386
3238,0.6070628895357112,0.9184085833131208,0.0846443685020934
3239,0.6070859201747391,0.9184199087967679,0.08463864342878794
3240,0.6070166947405965,0.9184352272147582,0.08465707070773064
3241,0.6070166947405965,0.9184352272147582,0.08465553324277422
3242,0.6069960568322919,0.9184342126481879,0.08465210961034952
3243,0.6070834697091981,0.9184644574925391,0.08464411164576556
3244,0.6068445105358397,0.9183012121941463,0.08474300153959177
3245,0.6071928928420945,0.9182534737625668,0.08481315212195553
3246,0.6071858835921374,0.9182431974329867,0.08481687872707583
3247,0.6071830146537032,0.918251986500208,0.08482232025543436
3248,0.6072487153837112,0.9182624088658853,0.08481114156268564
3249,0.6072634269551359,0.9183008278886272,0.08480891426127993
3250,0.6072956905468935,0.9183141440748632,0.08480393913393004
3251,0.607182695181905,0.918303099134245,0.0848291876967219
3252,0.6071941067052475,0.918301246781643,0.08482420079078393
3253,0.6070328383851749,0.9182499612101225,0.08485581307508604
3254,0.6070469016324475,0.9182457300063575,0.08485736778534435
3255,0.6071344223757431,0.9182354037170598,0.0848621712445205
3256,0.6071487743042656,0.9182199392629723,0.08486222391242362
3257,0.6067660468521051,0.9180220949386971,0.08496912944910111
3258,0.6067946553583732,0.9180271716146041,0.08497580121203702
3259,0.6068000000866043,0.9180287741686186,0.08497573221841534
3260,0.6067840911584909,0.9180405492897231,0.08497687425580187
3261,0.6068853506853068,0.9180632041000726,0.08496965016005824
3262,0.6068881837836645,0.918064503052727,0.08497053858367372
3263,0.606962506920913,0.9181075298986427,0.08497050798879956
3264,0.6070126206575557,0.9181042786739514,0.08496817903417671
3265,0.6069552326607361,0.9180990790202782,0.08498233548938107
3266,0.6069646288733559,0.918084971164673,0.0849857877982482
3267,0.6069520720996442,0.9180776232431482,0.08498775374756128
3268,0.6069478570327373,0.9180791335638383,0.08498648775576463
3269,0.60697062948967,0.9180732690616171,0.084992894671672
3270,0.6069557351734188,0.9180583849088634,0.08499558420334395
3271,0.6069481546653058,0.9180581927561038,0.0849963881502445
3272,0.6069454204706562,0.9180555948507949,0.08499552498123876
3273,0.6067984777152468,0.9180146739991237,0.08503183967149835
3274,0.6068391706895603,0.9180491154597433,0.08502875810255806
3275,0.6067419636376236,0.9180082099802929,0.08505153672309855
3276,0.606740438879229,0.9179978721618297,0.0850498504701597
3277,0.6067720945007411,0.9180147162727308,0.08504818075609195
3278,0.6067857594774335,0.9180037097626645,0.0850505266898475
3279,0.6068324281852977,0.9180019880739391,0.0850423339235308
3280,0.6068620816908328,0.9180126871395902,0.08504902809905712
3281,0.6068737670364134,0.9180100239023429,0.08504857580413547
3282,0.6069715488559405,0.9180238089413122,0.08504575768052705
3283,0.6069195971388567,0.9180233785191307,0.08505489878216975
3284,0.6069025884358892,0.9180326325960301,0.08505814823982348
3285,0.606913791286006,0.9180134365353523,0.08506308120087774
3286,0.6066476370217329,0.9178655442424466,0.0851458517615021
3287,0.6065876243090504,0.9179190972165296,0.08510940435651025
3288,0.6065892002590831,0.9179130751490457,0.08511516785827103
3289,0.6065799677534989,0.9179282475309389,0.08511668465367268
3290,0.6065401268695737,0.9178953240771197,0.08520102601863648
3291,0.6065804294246785,0.9179160573598738,0.08520017552150473
3292,0.6066575823678705,0.9179494880969782,0.08519423531916348
3293,0.6066987903484732,0.9179811049120326,0.08518853198413008
3294,0.6067001760361292,0.9179806821759615,0.08518681073841185
3295,0.6066948336788013,0.9179876381058568,0.08519223565567437
3296,0.6067612198406449,0.9179965155633474,0.0851972055378488
3297,0.606718077646768,0.917984521388097,0.08520355718692359
3298,0.6066381571610672,0.9179468363888965,0.08526203296835244
3299,0.6066533899132175,0.9179453568126481,0.08526620924949509
3300,0.6066687888111889,0.917935403299704,0.0852737255851412
3301,0.6067832676042253,0.9179578698003492,0.08526767111343951
3302,0.6069464225349092,0.9179666473384049,0.08528394553528659
3303,0.6069826784773783,0.9179453452834826,0.08528999205419857
3304,0.6070032029391209,0.9179537308299087,0.08529086053616698
3305,0.607070900647086,0.9179630579248568,0.085356479756235
3306,0.6070991744439957,0.9179649909816177,0.08536444175440033
3307,0.6070453311900008,0.9179601794765189,0.08537592322882764
3308,0.6070234260107951,0.9179313949931401,0.08535790214358983
3309,0.6069819420429453,0.9179331320540863,0.08535392871456103
3310,0.6070530484771911,0.917961170984758,0.08534872404214373
3311,0.6070531174561894,0.9179614246264006,0.08534864687296996
3312,0.6070223245054869,0.9179466903527993,0.08535713689266156
3313,0.6071035941163316,0.9179529276313739,0.085348876562923
3314,0.6071173984496328,0.9179377052897634,0.08534984816520085
3315,0.6070774140773885,0.9179303919557353,0.08536476710909006
3316,0.6072171562628108,0.9179384354702496,0.08536689227846246
3317,0.6071783821996718,0.917923393752233,0.0853807239321368
3318,0.6072114111569293,0.9179333242068458,0.08538389296251489
3319,0.6072298985230188,0.9179123295963387,0.08539738680487746
3320,0.6069550299014569,0.9177269521431024,0.08550687536405804
3321,0.6070475770743113,0.9177697637779274,0.08548737820855999
3322,0.6068876568376078,0.9176784181990983,0.08553110279607386
3323,0.6068447065162682,0.9176738603356421,0.08553652269849607
3324,0.606824603247634,0.9176783836116017,0.08553926170630125
3325,0.6069210328512973,0.9176708051067655,0.08553976635889476
3326,0.6069228138918181,0.9176652096184078,0.08554341103130057
3327,0.6071294371238877,0.9177189124716434,0.08554654235824022
3328,0.6071395833751714,0.9177104808085549,0.08555367551379744
3329,0.6072272768876313,0.9177226479212888,0.0855516089109609
3330,0.6072374513682197,0.9177288429262562,0.08555595557792008
3331,0.6072495905821805,0.9177426740818878,0.08555859005805329
3332,0.6072555150482206,0.9177411599181426,0.08555980122722114
3333,0.6072468838585532,0.9177156305025105,0.08556812810607722
3334,0.6072881566752468,0.917707563929665,0.08558183485962319
3335,0.6073630866850196,0.9177283125846399,0.08557409327891581
3336,0.6073930652021714,0.9177573968263235,0.08556754756018184
3337,0.6073046587593921,0.9176716236775211,0.0855999665282899
3338,0.6073449151837765,0.9177048584188108,0.08559280980705435
3339,0.6073368376833239,0.9177040821216622,0.08559409170701353
3340,0.6072478929851466,0.9176712124706157,0.08560430333552274
3341,0.6072694534860867,0.9176762929895779,0.08560357903629745
3342,0.6072499433681322,0.9176605518355165,0.08561052800802955
3343,0.6072349524601524,0.9176426355122173,0.08561162536736606
3344,0.6072318507801869,0.91764017211384,0.0856096613588957
3345,0.6072688419797064,0.9176407831596153,0.08560630269320932
3346,0.6072413411463358,0.9176565896456149,0.08560656481753469
3347,0.6072294035418723,0.9176554905318304,0.08559919552251596
3348,0.6072233463792577,0.9176625502242157,0.08559975857522362
3349,0.6072921019851175,0.9176662741446956,0.0855956538671479
3350,0.6072920169697741,0.9176601329425008,0.08559737590799513
3351,0.6072432166788635,0.9176634302838544,0.08560305820356096
3352,0.6072192908354408,0.9176556980568107,0.08561499151548259
3353,0.6071670595709557,0.9176824572501039,0.08562614705293403
3354,0.6071766669073715,0.9176853818151041,0.08562669265655425
3355,0.6072093598970043,0.9176945820892307,0.08562575550465563
3356,0.6072552165337304,0.9177308797455074,0.08563577362998892
3357,0.6073312881174877,0.9177260951417948,0.08563357068046522
3358,0.6073392251635127,0.917737620464312,0.08563604599108267
3359,0.6073299692940293,0.9177232435948434,0.08563693362048369
3360,0.6073782718057293,0.9177320749356717,0.08563498818572626
3361,0.6073738924522619,0.9177280012971695,0.08563770178420364
3362,0.6074047710942644,0.9177260336529118,0.08563864060874082
3363,0.6075437992384578,0.9177271020222548,0.08563613552064503
3364,0.6075492856338607,0.9177407986709547,0.08563494424812507
3365,0.6075834581935196,0.9177504985422561,0.0856327621350036
3366,0.6075832124292078,0.9177258991459801,0.08563227555465551
3367,0.6076671131312912,0.9177223673782599,0.08563065175995653
3368,0.6076072986927001,0.9177103616738439,0.08564900984893077
3369,0.6076023431112472,0.9176890596189216,0.08565520535401124
3370,0.6075978702487964,0.9176880681106824,0.08566230619899244
3371,0.6076217456457507,0.9177075447143891,0.08565920984219727
3372,0.6076233931421231,0.9176944898559061,0.08566078038099934
3373,0.6074161128735724,0.9175554212177183,0.08576242693753029
3374,0.6074128794687645,0.917571008649572,0.08576060640071283
3375,0.6075072796335469,0.9175745442603475,0.08575508935953531
3376,0.6075123498961275,0.9175783335127656,0.08575321535082579
3377,0.6075631361616253,0.917623793012617,0.08576655014941359
3378,0.607581158689814,0.9176374397015994,0.08577599499818005
3379,0.6075120504479747,0.9176138856163353,0.08579036332925581
3380,0.6074425685817854,0.9176119218151327,0.08579649160412667
3381,0.6072702901400288,0.9174747093726021,0.08585247719849869
3382,0.607311028006917,0.917457723068659,0.08585278868932522
3383,0.6074416688589234,0.9174742520490344,0.08583378190679822
3384,0.6074879033738613,0.9174727647866756,0.08583005502012753
3385,0.607467428271463,0.9174821187830099,0.08585978680249258
3386,0.607484385830504,0.9174707356535349,0.08586608710674755
3387,0.6075181443718257,0.9174734719088307,0.08586909456683489
3388,0.6075192908970892,0.9174776377806575,0.08587420558025458
3389,0.6075326196217417,0.9174823109357694,0.08587377910811424
3390,0.6075174832430529,0.9174621195237972,0.08588378721082866
3391,0.6075318491625898,0.9174344841139205,0.08589814192832748
3392,0.6075556437086607,0.9174328162279677,0.08590037079288317
3393,0.6074354273661058,0.91737635021805,0.08593413403059913
3394,0.6074868281818995,0.9173618426847049,0.085926096101598
3395,0.6075309106514671,0.917380642910698,0.08592458629498144
3396,0.6075715910934602,0.9173690945298498,0.08592187541653341
3397,0.6075407165436812,0.9173871799475775,0.0859374113405008
3398,0.6075762109034103,0.917373268087787,0.0859398636363899
3399,0.6075760944018194,0.9173669462619982,0.08594145614638542
3400,0.6077098070165236,0.917400084926908,0.08594035251375408
3401,0.6076746685095458,0.9173784369970185,0.08594950661679743
3402,0.6076967789218374,0.9173589065905391,0.0859515401527584
3403,0.6076451869482167,0.9173603823237324,0.08596080311245437
3404,0.6077563749168114,0.9173838633909479,0.08595066918207064
3405,0.6077938364288232,0.917444326178264,0.08594141391469132
3406,0.6077814947588854,0.9174516856289543,0.08594582696188112
3407,0.6077638671083198,0.9174600442739942,0.085950995544948
3408,0.607739928948758,0.9174344802708653,0.08596055239549551
3409,0.6077939038468962,0.9174647251152165,0.0859577241910695
3410,0.6078378945394588,0.9174841825036473,0.08594768545387102
3411,0.6078841316398661,0.9174858311743241,0.08595225778696595
3412,0.6079225981936135,0.9175133551356003,0.08595535745696059
3413,0.6079319167288946,0.9175028828102055,0.08595872912645244
3414,0.6078404748876186,0.9175050733516642,0.08596694823722972
3415,0.607839484160171,0.9175207607029529,0.08596482563687012
3416,0.6080872051882714,0.9175864769467148,0.08595873984696421
3417,0.6080970274224468,0.9175764811601637,0.08596304770600946
3418,0.6080317408306474,0.9175698787913459,0.08597755750834576
3419,0.6080848093974225,0.9175808314986396,0.08597117907010449
3420,0.6080809128088194,0.91755756948557,0.08598254330541953
3421,0.6079956097895582,0.9175041164309218,0.08600853679544539
3422,0.6079871088060246,0.9175077404319666,0.08601181207502036
3423,0.6080289974212421,0.9175305835520204,0.08601880635820842
3424,0.6080330061720086,0.9175315750602597,0.08601668320435207
3425,0.6080348650159808,0.9175333121212059,0.08601387336054651
3426,0.6080430487407344,0.9175522391680203,0.08601329084193048
3427,0.6080476670739086,0.9175259872580124,0.0860118714693813
3428,0.6080815127862179,0.9176112262221432,0.08608210891852203
3429,0.608095495127607,0.917606587654528,0.08608401124416233
3430,0.6082206182158224,0.9176316751188133,0.08608738162318197
3431,0.6083749317352498,0.9176889289550451,0.0860883913104283
3432,0.6083749370291567,0.9177027216801247,0.08608499097089319
3433,0.6083552886195599,0.9176808008933166,0.08610036922770718
3434,0.6084191087357281,0.9177057269492839,0.08608785493855524
3435,0.6084244354838492,0.917717717281479,0.08611015226034827
3436,0.6084291806808193,0.9177102848127401,0.08610066211063022
3437,0.6083317097857159,0.9176516090460877,0.0861358794149387
3438,0.6083439647684945,0.91765497940549,0.08613927086713288
3439,0.6083937808397082,0.9176794212365031,0.08613564821494751
3440,0.6083949017363283,0.9176850244109713,0.0861417640143969
3441,0.6084075761880529,0.917687072759388,0.08614558639434378
3442,0.6084745568279396,0.9177241966725306,0.08617213331991758
3443,0.6085294629795074,0.9177127136236206,0.08618292524953469
3444,0.6085216227023293,0.9176963691098944,0.08618954873349048
3445,0.6085403024647351,0.9177016379385609,0.08619746032459658
3446,0.6086321678353244,0.9176954659919245,0.08619785522099375
3447,0.6087111293358791,0.9177200384868143,0.08618878887440436
3448,0.6087392156217659,0.9177168180065643,0.08618689015356973
3449,0.6089430302906382,0.9178144854111822,0.08613992505711912
3450,0.6089288139638847,0.9177727690470866,0.08615140683389363
3451,0.6089437082549701,0.9177538535294377,0.08615718904883514
3452,0.6089938434004816,0.9177621929592016,0.08615351599625656
3453,0.6089557293789889,0.9177377357559676,0.0861659628334555
3454,0.6089988803490695,0.9177338811716114,0.08616677358779898
3455,0.6090048565317706,0.9177350302451134,0.08617138774172875
3456,0.608945675495535,0.9177442036178537,0.08618343588632042
3457,0.6088853780760476,0.9177474894300418,0.08619496510733653
3458,0.6089193952237963,0.9177924185882769,0.086212286874973
3459,0.6089120063906066,0.9177919420494333,0.08621281724920407
3460,0.6088658576683252,0.9177853243083948,0.08622588697951394
3461,0.6091438166847609,0.9179678540577347,0.08613776376977095
3462,0.6092110608015769,0.91801772154189,0.08613441070840355
3463,0.6092383451973459,0.9180313567017068,0.08613084811567459
3464,0.609092521813976,0.9179467287833513,0.08619277552283072
3465,0.6090122590268927,0.9179155539196439,0.08622984619960489
3466,0.6090183907158346,0.9179019072306615,0.08623455807279992
3467,0.6090387065356063,0.9179120413671995,0.08623778345058154
3468,0.6090515780673081,0.9179113765186515,0.08623559556356386
3469,0.6091125920881624,0.9179341312484359,0.08623384003954011
3470,0.6091282431729992,0.9179293927613857,0.08623652382707901
3471,0.6090946651312577,0.9178995514378295,0.086250124204726
3472,0.6091571331086466,0.9179220678981922,0.08624059221570256
3473,0.609182698680838,0.9179359413274307,0.08623431857737747
3474,0.6093658735088331,0.917980105717683,0.08625510944515592
3475,0.6096482959329015,0.918092745665324,0.08626477057040864
3476,0.6096856557985119,0.9180987754189182,0.0862582207296869
3477,0.6097064919697376,0.9180967385996671,0.08632795146809066
3478,0.6097083790061144,0.9181217722611796,0.0863285165252569
3479,0.6098513489353128,0.9181593803992764,0.08633629952599517
3480,0.6098733391176898,0.9181934452404872,0.08632839468046415
3481,0.6098532274009669,0.9181959585985819,0.08633797888748514
3482,0.6098147886673788,0.9181843410427403,0.08635954494080984
3483,0.6098604232385069,0.9181756480518989,0.08635573723356238
3484,0.6098334909237682,0.9182012620147452,0.08637991229156002
3485,0.6098009871421491,0.9181828345651055,0.08638455794527856
3486,0.6097992450358185,0.9181840489705458,0.0863851848787382
3487,0.6097587991336213,0.9181686882789484,0.08640163818597543
3488,0.609810509980302,0.9181884684840151,0.08640012965801437
3489,0.6098168299302746,0.9181759401240933,0.0864000283525846
3490,0.6098202997465787,0.9181749985755716,0.0863986331821686
3491,0.6098256107123751,0.9181703561649012,0.08640771423578994
3492,0.6099018406164677,0.9181719087591982,0.08640714472140831
3493,0.609884267668283,0.9181806094361501,0.0864109040048223
3494,0.6100379698566188,0.9181966465054611,0.08640213315705259
3495,0.6100764429675913,0.9182134560288655,0.08640157478643243
3496,0.6100675551893885,0.9181913623045739,0.08645541560269986
3497,0.6100550327315494,0.9182152161481428,0.08646160559331983
3498,0.610161547258004,0.9182133676385961,0.08645764177514216
3499,0.6101558361831143,0.918207241808622,0.08645457389049226
3500,0.6102082991156774,0.9183208040895088,0.08648224526658285
3501,0.6102439604474473,0.918343270590154,0.08650453307878335
3502,0.6102568754089779,0.9183747452121662,0.08650597749897972
3503,0.61035142644123,0.9184427211723802,0.0864750330736285
3504,0.6103465790385649,0.9184442545514013,0.08646250249240195
3505,0.6103336044165368,0.918447751731625,0.08646111808154837
3506,0.6102619022155356,0.9184440816139178,0.08648210517762976
3507,0.6102612029109639,0.9184331673371761,0.08648644574343851
3508,0.6102442050915629,0.9184748337415541,0.08650838377773652
3509,0.6102602506252526,0.9184907170886576,0.08650982074168309
3510,0.6102503861897477,0.9184774662343599,0.08651928001067241
3511,0.6102555391557968,0.9184767821705359,0.08651308897889128
3512,0.6103216452152165,0.91847837703844,0.08650561314486602
3513,0.6102760754485315,0.918439089485225,0.08652887657937913
3514,0.610199972098748,0.9184040408218853,0.08660409908378315
3515,0.6102106194773486,0.918422810303437,0.08660529420576343
3516,0.6102409505063771,0.9184303811221627,0.08660670997593346
3517,0.6102513539533355,0.91843616876328,0.08660336975387306
3518,0.6102262255308739,0.918404901666248,0.08661464721154277
3519,0.6102276693995641,0.9183988949709849,0.08661928609001313
3520,0.6102475400211331,0.918382819471122,0.08663893715801109
3521,0.6102761124716255,0.918387150594322,0.08664148460053714
3522,0.610261234841185,0.9184171610123065,0.08665394488140934
3523,0.6102380557053391,0.9184088177394875,0.08666302395384604
3524,0.6102089368060902,0.9184113618420237,0.08666919782509229
3525,0.610159878803161,0.9183734539456221,0.0866982125258409
3526,0.6100498350879688,0.9183432091012709,0.08670983175369498
3527,0.6099996879503728,0.9183185597452774,0.08672540587327511
3528,0.609979828540391,0.9183471905064485,0.08673029527268573
3529,0.6099938800540826,0.9183599456066266,0.08673610817658214
3530,0.6100052380053791,0.9183645995464627,0.08673215673782776
3531,0.6100488390198398,0.9183658446963444,0.08672712902158222
3532,0.61007332830008,0.91839678129063,0.08673371318526803
3533,0.6100309935192563,0.9183723010290649,0.08676372510777347
3534,0.61011306809763,0.9183917930049924,0.08675161516440545
3535,0.6101685221745814,0.9183999902417143,0.08675944736498081
3536,0.6102405656753456,0.9184133563876677,0.08675507873033522
3537,0.6102334410480301,0.9184158966471488,0.08676235948499526
3538,0.6102817245080426,0.9184301697541273,0.08679249193400768
3539,0.610367406383658,0.9184397889212697,0.08678119192583389
3540,0.610414283832098,0.9184443006680636,0.08678112690353904
3541,0.6103817051214689,0.9184409456808821,0.08678749554441097
3542,0.6104088212313569,0.9184471637441808,0.08678644138663952
3543,0.6103262495489876,0.9184336208176885,0.08679509752359481
3544,0.6102997269980096,0.9184359189646926,0.08679876003867622
3545,0.6102891748714665,0.9184281444640418,0.08679851537591218
3546,0.6103212031764218,0.9184235289547577,0.08680089666481677
3547,0.6103212031764218,0.9184235289547577,0.08677972796684705
3548,0.610316857927059,0.9184268339822217,0.08678173485320566
3549,0.6102766706962077,0.9184033951886132,0.08682240038785327
3550,0.6103988102439604,0.918438908861631,0.08682469596378517
3551,0.6103687962546954,0.9184242745074647,0.08683358438932838
3552,0.6103807361750283,0.9184182255385944,0.08684245931278124
3553,0.610385696725228,0.9184079684242903,0.0868332525951854
3554,0.6103413081454411,0.9183925270285338,0.08684195380813285
3555,0.6104166775593529,0.9183999364389416,0.08684335163082779
3556,0.6104139847875276,0.918403571969152,0.08684522954384076
3557,0.6102436111132109,0.9182910011965045,0.08690317428260226
3558,0.6102468680897875,0.9183016003427206,0.08690498302458709
3559,0.6102253232752344,0.918292865078272,0.0869170823411923
3560,0.6102501544597475,0.9182908782187383,0.08692361963103407
3561,0.6102666440805282,0.9182948096641985,0.0869245141615758
3562,0.6102859005835927,0.9182949902877925,0.08691507312613762
3563,0.610259374124173,0.9182684924222523,0.08695824994285706
3564,0.6102374604863217,0.9182700258012734,0.08696568992854198
3565,0.6102134387205224,0.9182534468611805,0.08697576554674737
3566,0.6102191427377209,0.9182647877170483,0.0869794019615747
3567,0.6101836539023537,0.918243989102356,0.08698882384702553
3568,0.610159450405493,0.9182360685656079,0.08700474215022032
3569,0.6102035083280752,0.9182459605896689,0.08701232746357017
3570,0.6101811345315007,0.9182335667366787,0.08700898332445267
3571,0.6101840283792729,0.9182161922841613,0.08701687843138513
3572,0.6101971417939008,0.9182191668088789,0.08701133155371638
3573,0.6102106089157184,0.9182103162527746,0.08701638406530378
3574,0.6102012621947228,0.9182111040790887,0.08703190801823835
3575,0.6101758540535412,0.9181921616600535,0.08703809638096813
3576,0.6101718922616339,0.9181764128198818,0.08704682602608246
3577,0.6101515636542099,0.9181684845970233,0.08705626806679045
3578,0.6101855328672094,0.9181764435643233,0.0870521669412047
3579,0.6102695091240566,0.9181568555120161,0.08705901788817529
3580,0.6102491730651406,0.9181851058107233,0.08707122988406117
3581,0.6102298682964966,0.9181877267743633,0.08707995923568791
3582,0.6102244087516021,0.9181832150275694,0.08708015424329116
3583,0.610217540057886,0.9181752752755453,0.08707991059767992
3584,0.6101820685991766,0.9181753213922076,0.0870885399621121
3585,0.6100327338807284,0.9181430589438813,0.0870597385029133
3586,0.610105822630761,0.9181313760561014,0.08706164532421921
3587,0.610105822630761,0.9181313760561014,0.0870397900297306
3588,0.6100974968809345,0.9181331092739924,0.08703652491675377
3589,0.6102314530212454,0.9181569054717336,0.08704542683380359
3590,0.6102248599044523,0.9181458759033361,0.087057332706018
3591,0.6102297770416419,0.9181556680079621,0.08706507889436411
3592,0.6102926717721626,0.918168138722056,0.0870609504692115
3593,0.610275810516284,0.9181713476731403,0.08707127086152612
3594,0.6103680970896554,0.91822855539271,0.08705901723835174
3595,0.6104312792353805,0.9182514177280398,0.08704244492143275
3596,0.6104082811898424,0.9182619323270417,0.08706808494454145
3597,0.6103962786351473,0.9182614826895843,0.08706594798993247
3598,0.6104296792787447,0.9182727889579555,0.0870900233565965
3599,0.6104646485862133,0.9182775812477784,0.08709006118929655
3600,0.610462441986506,0.9182648761073178,0.08709750848542297
3601,0.610449018611956,0.9182603720466341,0.08709975364801863
3602,0.6104597690551261,0.9182504684934076,0.08710200115734783
3603,0.6103951467523664,0.9182438853398659,0.08709597936556011
3604,0.6103826302757069,0.9182547458138349,0.08712027049391684
3605,0.6103717186220784,0.9182656716197423,0.08713104033097205
3606,0.6102896594910636,0.9182197202088264,0.08716609772019317
3607,0.6102614761076122,0.9182240743903575,0.08717514300449804
3608,0.6102821160735059,0.9182222643113627,0.08717956930333824
3609,0.6103163906493774,0.9182381707167973,0.08716920282446436
3610,0.6103399464988507,0.9182388394084003,0.08717338257458439
3611,0.6104023661329826,0.9182549110652081,0.08717216394979815
3612,0.6104113939897418,0.9182495346309962,0.0871684729876526
3613,0.610519465292077,0.9183088176003689,0.08715413711054021
3614,0.6105643091669618,0.9183451998038596,0.08714892315108526
3615,0.6105910697146477,0.918337167818511,0.08714072863165863
3616,0.610586245031054,0.9183346352451403,0.08714378981561831
3617,0.6106145850285049,0.9183661444546493,0.08714954033963916
3618,0.6106138900419456,0.9183480820952528,0.08715753488385088
3619,0.6106228828885557,0.9183514601407654,0.0871524544336324
3620,0.6106797793721417,0.918361363693992,0.08715257444655396
3621,0.610712603566517,0.9183561140806015,0.08714702726182894
3622,0.6107062414592521,0.9183511872838469,0.08715301636423928
3623,0.6106596322216159,0.9183353692686818,0.08716524575091192
3624,0.6106859368807239,0.9183399002307516,0.08716014138059666
3625,0.610728799497611,0.9183450499247072,0.08716249976569812
3626,0.6107147372669294,0.9183354807172822,0.08717271796966916
3627,0.6107300468425535,0.9183380171337082,0.08716869214563068
3628,0.6106429673107566,0.9182909781381734,0.08719801920685798
3629,0.6105852937645937,0.9182612982229351,0.08721962624786198
3630,0.6107251455195749,0.918284744702654,0.08722632376351215
3631,0.610732381935519,0.9183023958551451,0.0872218744222743
3632,0.6107506831934384,0.9182877615009787,0.08722158037133985
3633,0.6107557985075818,0.918330680741349,0.08722573485688698
3634,0.6107997357779371,0.918373553865057,0.08722991069193514
3635,0.6108039945448863,0.9184004783097235,0.08722851220268396
3636,0.6108130384479374,0.9184026650081271,0.08723309941220721
3637,0.6107976055674483,0.9183927576118452,0.08724156357199729
3638,0.6108108306933913,0.9183725008679348,0.08724655766016737
3639,0.6108290754083914,0.9183908898870226,0.08725569418236527
3640,0.6108493188258952,0.918390536325945,0.08725760859113041
3641,0.6108023859281477,0.9183787919492821,0.08725754929071361
3642,0.6108632280711586,0.9183784038007078,0.08725617727417094
3643,0.6108195066425354,0.9184054550661955,0.0872818827829712
3644,0.6109049103680505,0.9184146053806047,0.08727240158720453
3645,0.610848463967611,0.9183971310086524,0.08728616761312494
3646,0.610871468138316,0.9183955553560241,0.08728648314445388
3647,0.6107040775271442,0.918341721838912,0.08732784698070076
3648,0.6107810858604161,0.9183692880737954,0.0873272845810402
3649,0.6107814424325506,0.9183672589406546,0.0873269367039329
3650,0.6107796615214931,0.9183667785587558,0.087319529012312
3651,0.6107293318650697,0.9183497499812056,0.08733240403073726
3652,0.6107752427702429,0.9183306538399627,0.0873359369398803
3653,0.6108143664865188,0.918353969655805,0.08732745137116373
3654,0.6108034967273034,0.918339927132138,0.08733279943984204
3655,0.6108078110463389,0.9183370371546346,0.08734352099410536
3656,0.6108554264391174,0.9183598572163573,0.08733405042507861
3657,0.6109428907126246,0.9183874465095716,0.08733236468026136
3658,0.6109253248811061,0.9183580048637553,0.0873421616843602
3659,0.6109736051198176,0.9183756137426393,0.08733548848082406
3660,0.6109008310142501,0.9183542232974475,0.08736110860534846
3661,0.6109151986751448,0.9183466486356666,0.08736655509597803
3662,0.6109000492438601,0.9183315992315396,0.08737372850865664
3663,0.6109004703008617,0.9183222298629845,0.08738606950884056
3664,0.6109399993057243,0.9183131564096791,0.08740368919890655
3665,0.6109095278705359,0.9182930956615835,0.08741002501382235
3666,0.6108936408954083,0.9182240013723089,0.08744442693173843
3667,0.6108565203700083,0.9182075492530373,0.0874482942839957
3668,0.6108379685278288,0.9181729233257686,0.08747145579233355
3669,0.6109306616945788,0.9181908934518406,0.08746540307575563
3670,0.6109783890817067,0.9182127758080967,0.08747077297028048
3671,0.6109914530344359,0.9182245124986492,0.08747979691299174
3672,0.6109673880849877,0.9182152238342532,0.08748911846267805
3673,0.6110241916392462,0.9182225679127227,0.08749108808471683
3674,0.6110534598917302,0.9182078643835629,0.08748760834718453
3675,0.6110440339668569,0.918203656238129,0.08749125256224508
3676,0.6110971252218108,0.9182117650845816,0.08748112699032355
3677,0.6110181769813973,0.9181665400110968,0.08750946837975646
3678,0.6110278003239574,0.9181592574215103,0.08756550186684926
3679,0.6110736172840145,0.9181616285865629,0.08756608246895149
3680,0.6111544101689093,0.9181742683950853,0.0875823109027929
3681,0.6111526054070681,0.9181673816401835,0.08758465720949743
3682,0.6111836114319471,0.9181655830903542,0.08758627347948891
3683,0.6111624400318103,0.9181682117401048,0.0875956697310745
3684,0.611138719415968,0.918164249550203,0.08760526616268544
3685,0.611207351247065,0.9181869504772149,0.08759460917730581
3686,0.6112177120712806,0.9181853363940348,0.08760139354711345
3687,0.6112205282591403,0.9181874154868929,0.08760456186902657
3688,0.6112483448852625,0.9181895791269653,0.08760554342093196
3689,0.6111668451563658,0.9181614633351898,0.08762808978806315
3690,0.6111918893766193,0.918163945948843,0.08763109584579512
3691,0.6111831721511473,0.9181546611275021,0.08762991572850282
3692,0.6112140956498698,0.9181928610960982,0.08762312231251305
3693,0.6113402705985889,0.9182244164222695,0.08764767877201572
3694,0.6113369908346263,0.9182028991562564,0.08764859115187089
3695,0.6113497022277098,0.9181956088805596,0.0876510228617715
3696,0.6113444977614065,0.9182010660189305,0.08765347618372664
3697,0.6113444678777632,0.9182064655114734,0.08765165504943082
3698,0.611302709080967,0.9182042826561251,0.08766965335047361
3699,0.6113241356559995,0.918219247513038,0.08768513711131255
3700,0.6113587247709757,0.9182058813670845,0.08769302481744105
3701,0.611346561064318,0.9181898635130494,0.08769816372817076
3702,0.6113732054170727,0.9182069996961449,0.08769331377325906
3703,0.611426279449351,0.9182133368941545,0.08769911873184148
3704,0.6114178641135855,0.9182220260419408,0.08770086354723859
3705,0.6114474927654154,0.9182144129496079,0.08770834343944613
3706,0.6114898204400732,0.9182671665682114,0.08771889697489962
3707,0.6114713073286555,0.9182384589459365,0.08773070379518783
3708,0.6115069319957709,0.918234562087973,0.08773128345429473
3709,0.6114967307049618,0.9182438545954243,0.08773165166510254
3710,0.6115229762436086,0.9182494923573892,0.0877345716677262
3711,0.6115419006400447,0.918247374833979,0.08772568986811821
3712,0.6115262003532717,0.9182480742700238,0.08773105745194994
3713,0.611527757456493,0.9182927574727267,0.0877647126174414
3714,0.6115377566517849,0.9182858707178249,0.08776320267104391
3715,0.6115364810311714,0.9182651797086778,0.0877782417093541
3716,0.6115101962219386,0.9182682157222785,0.08779101320457355
3717,0.6115450323057491,0.9182617286451166,0.08778770661636608
3718,0.6115252138133231,0.918242417292783,0.08779576171378749
3719,0.6114668706131438,0.9182342392713371,0.0878218093673479
3720,0.6115407349483482,0.9182557757526261,0.08782477606282728
3721,0.6115551616083003,0.9182349502365473,0.08780339443814161
3722,0.6115470306619999,0.9182355612823226,0.08782117675437671
3723,0.6115287163808328,0.9182399231499642,0.08782589015438917
3724,0.6115752879406796,0.9182435971107266,0.08783854518922567
3725,0.6115672527664178,0.9182598224897419,0.08785816746870626
3726,0.6115147548712189,0.9182367180419351,0.08786933800272825
3727,0.6114664036749132,0.9182366642391624,0.08788669100875834
3728,0.6112827983404281,0.9180896981225576,0.08796004817604425
3729,0.6112893296913687,0.9180705020618798,0.08797804683791034
3730,0.611345196811705,0.9180620050668531,0.08797917592665593
3731,0.6112377219882728,0.9180667128094617,0.08796641538852178
3732,0.6111498577284763,0.9180187668529018,0.0879896232414361
3733,0.6113126609312798,0.9180346771013916,0.08800126126067384
3734,0.6111824187342411,0.9180497803082913,0.08802771777883327
3735,0.6111730198388986,0.9180500070485476,0.08802831758038882
3736,0.6111899930569411,0.9180605408628254,0.0880240148092967
3737,0.6112120423450393,0.9180605216475495,0.08801991721928802
3738,0.6112379687802145,0.9180855591521172,0.0880175557921824
3739,0.6113192526661396,0.9180817122538713,0.0880577741513516
3740,0.6112730390947245,0.9180552182313861,0.08807039076394775
3741,0.6112683808638675,0.9180419558479229,0.08807299197469569
3742,0.6112638751485459,0.9180413870757547,0.08807390472408584
3743,0.6112771778837904,0.9180438158866352,0.08807561246306318
3744,0.6113688099178919,0.918068511359291,0.08805156241717134
3745,0.6113222964771862,0.9180466751196972,0.08807441233462857
3746,0.6113547959935011,0.9180530507482586,0.08807598365413354
3747,0.6113991135408312,0.9180459948989284,0.08808838847430966
3748,0.6114311407841537,0.9180591727351775,0.08808543597811766
3749,0.6114850581030261,0.9180771121168079,0.08807908043325999
3750,0.6114655616292257,0.9180584771421879,0.08803696713096032
3751,0.611494421518925,0.9180495420388695,0.08804136758327454
3752,0.611434727505211,0.9180259533661086,0.0880559502003338
3753,0.6113826990638582,0.9180106618495046,0.08807110432034923
3754,0.6114040717887117,0.9180223716386708,0.08808346342288839
3755,0.6114134551656935,0.9180195469931056,0.08808596638360218
3756,0.6115490489269664,0.9180376554691645,0.08808386165009977
3757,0.6115464047047804,0.9180158038573498,0.08808974714553035
3758,0.611500589724304,0.9180125411034928,0.08809910520265513
3759,0.6115361404130584,0.9180322982502286,0.08809762550362352
3760,0.6115422189517549,0.9179881223308108,0.08811144091792679
3761,0.6114634832707923,0.9179701944783459,0.0881313267227502
3762,0.6114565069189954,0.9179446343182722,0.0881879845619581
3763,0.6113158262285918,0.917853042783911,0.08824242056946291
3764,0.6113144350429223,0.917852981295028,0.08824179941151784
3765,0.6113047482526975,0.9178226173159658,0.08825685479785668
3766,0.6113159598596176,0.9178198541592837,0.08826588319837447
3767,0.6113567783751455,0.9178489691454088,0.08827374126615928
3768,0.6113481690878,0.9178457678804349,0.08827174510125121
3769,0.6112608055999644,0.9178299191208282,0.08827728768141395
3770,0.6112351029602254,0.9178359642466433,0.08827527967703265
3771,0.6113017554364841,0.9178733840750357,0.08827080989749952
3772,0.6112515525777364,0.9178614475456132,0.08827800187471553
3773,0.6112515525777364,0.9178614475456132,0.08826865148384933
3774,0.6112706152059577,0.917859833462433,0.08827026377799797
3775,0.6112958335012351,0.9178597066416118,0.08826396367636116
3776,0.6113279112889701,0.9178617280886421,0.08826496414189654
3777,0.6113373157550138,0.9178322864428258,0.08827781032162274
3778,0.6115588163965574,0.9178814006881636,0.08827729804706526
3779,0.6115945833254882,0.9179112112672783,0.08828430170533869
3780,0.6115924684118338,0.9179343387734162,0.08828272616633256
3781,0.6115804823588994,0.917914912129427,0.08829269500845413
3782,0.6114976764127557,0.9179043860012595,0.08831747099198871
3783,0.6114941928052549,0.9178875457334136,0.08833521461984074
3784,0.6114922074847357,0.9178920344218764,0.088334209814785
3785,0.611274787223374,0.9177860698611018,0.08843088359891031
3786,0.6112799823086135,0.9177704324695306,0.08843210077983024
3787,0.6112964624034927,0.9177818963031646,0.08843793886627957
3788,0.6112968339967383,0.9177727190873691,0.08843960241140968
3789,0.6112089953027181,0.9177358296005931,0.08848104369911003
3790,0.6111823747566516,0.9177194466563149,0.08850031023589716
3791,0.6112538260399707,0.9177248346196923,0.08849979942613032
3792,0.6111805639822475,0.9177136128985353,0.08851374848638974
3793,0.6111817903333941,0.9176897782702422,0.08852046187866962
3794,0.6111739779932415,0.9177061689006308,0.08853413429522924
3795,0.6111445332011693,0.9176953968169311,0.08853293887094915
3796,0.6111562621335103,0.9177245041169458,0.0885249441532783
3797,0.6112228014241569,0.9177056155006833,0.08852814963833767
3798,0.6112641370856071,0.9177193774813214,0.08851822604414432
3799,0.6112901322028602,0.9177187280049942,0.08851415077645133
3800,0.6112341789956711,0.9176819115362668,0.08853366106958174
3801,0.6112495167137413,0.9177067530450198,0.08853974000033214
3802,0.6111923877729439,0.9176916114075683,0.08855120058605968
3803,0.6111843596324409,0.9176940901781663,0.08855813787269175
3804,0.6111559571319225,0.9176875992579491,0.08856325890255401
3805,0.6111509440450016,0.9176887713897822,0.08856142395321163
3806,0.6111844723798273,0.9177183936591926,0.08854545771434189
3807,0.6112401167053815,0.9177552639306927,0.08855211620778455
3808,0.6113149742757625,0.9178493496078727,0.08862218326094104
3809,0.6113011176698678,0.9178604637234844,0.08863577122230376
3810,0.611299410894428,0.9178581463612043,0.08863081008111971
3811,0.6112994105543114,0.9178581425181491,0.08862720659347532
3812,0.6113128322055168,0.9178659823507382,0.0886234644394511
3813,0.611354346165247,0.9178753325040174,0.08862018860093993
3814,0.6113490851354862,0.9178801670674474,0.08861565113616762
3815,0.6112969860374969,0.9178518053201397,0.0886294699661719
3816,0.6112749252376461,0.9178400417282007,0.08863632631621302
3817,0.6113416579605165,0.9178712434932944,0.0886303473852733
3818,0.6112864864937441,0.9178497492856126,0.08864605589650029
3819,0.6113005204085395,0.9178529313353105,0.08865098333337909
3820,0.6113012451664299,0.9178444727708357,0.08865425566733338
3821,0.6113003561122871,0.9178226096298554,0.08866267798837396
3822,0.6113496106552663,0.9178321173483974,0.08866219503331582
3823,0.6114280023151203,0.9178592185736025,0.08865775264700243
3824,0.6114137085726017,0.9178599987138063,0.08866620811210398
3825,0.6113253703924616,0.9178542149157443,0.08869619388821044
3826,0.6113082209739972,0.9178577505265197,0.0886990576791972
3827,0.6113150500245926,0.917858703604207,0.08869954473707778
3828,0.6112607424019516,0.9178392462157762,0.0887168413134971
3829,0.6112660676074115,0.9178407373211902,0.08872236570119053
3830,0.6112264044771104,0.9178074026604657,0.08875222061890543
3831,0.6112599990341008,0.9178353762591991,0.08874993234244402
3832,0.6112910802161872,0.9178897670193139,0.0887574499855485
3833,0.6114549554103447,0.9179348268414255,0.08874101708940631
3834,0.611439856129099,0.9179364024940536,0.08874807499466146
3835,0.6114086950489579,0.917896822868644,0.08875842103741233
3836,0.6114028863735677,0.9179016881765156,0.0887610617872976
3837,0.6114594666938601,0.9179190011401499,0.08876035225953449
3838,0.6114609050669736,0.9179313988361953,0.08875840868151111
3839,0.611485196558549,0.917944991722405,0.08875927560829329
3840,0.6115229548007111,0.9179430317642577,0.08875324394579932
3841,0.6114661321700244,0.9179385008021879,0.08876533076360445
3842,0.611459338803268,0.9179340390151114,0.08876562870978495
3843,0.6114309055349706,0.9179142126933822,0.0887754718677646
3844,0.611473655970591,0.9179117147075082,0.08876454049369331
3845,0.611497057076368,0.9179344886525687,0.0887837546897588
3846,0.6114919365918644,0.9179377321911497,0.08879425265033805
3847,0.6114917744045789,0.9179473628874577,0.08879865762767289
3848,0.6114885395638519,0.9179553449130888,0.08879594499938709
3849,0.6115026763626918,0.9179512828037523,0.08880781400976699
3850,0.611497991586452,0.9179612555319723,0.08881350420820122
3851,0.6114636467181243,0.9179399035173325,0.08884364170549844
3852,0.6114584067005079,0.9179602486515123,0.08884989312596282
3853,0.611554198567268,0.9179694258673078,0.08881756185192585
3854,0.611500470099914,0.9179031908110952,0.08889429194718344
3855,0.6115237801898471,0.9178897170595964,0.08890446281611379
3856,0.6116010904098172,0.9179053621372779,0.08887038780673924
3857,0.6116483955590756,0.9179141896350511,0.08885945546857538
3858,0.6119485469220237,0.9179979720812648,0.08890978724951756
3859,0.6119081056584084,0.9179575162392717,0.08893432342334999
3860,0.6119055870052087,0.9179601141445806,0.08894014994128419
3861,0.611949895921471,0.9179689301131883,0.08893969363983804
3862,0.6119054619495652,0.9179689185840226,0.08895416526905905
3863,0.6118838548762825,0.917920534519171,0.08896741549759202
3864,0.6118344105974214,0.9179001355822185,0.08898812175807107
3865,0.6118011207799193,0.9178853667211204,0.08899802747764134
3866,0.6119238928752936,0.9179532542910651,0.08903979050740872
3867,0.6119967271662016,0.9179384700577463,0.0890610324499129
3868,0.6120484163940882,0.9179330013902098,0.08907464064626434
3869,0.6120578353076098,0.9179233630077914,0.08908732955048995
3870,0.6121577215040335,0.9179507755204671,0.0890758505004462
3871,0.6121709532170151,0.9179664897731421,0.08907630329992235
3872,0.6122054473396209,0.9179700445991935,0.08907454210250634
3873,0.6122217228614113,0.9179744717987732,0.08907686957226349
3874,0.6122227261974462,0.917983230121553,0.08907482196017939
3875,0.6122121384401417,0.9179819273258433,0.08907853178022904
3876,0.612192897753183,0.9179734264877614,0.08908235489584897
3877,0.6121109550468097,0.9179918616235114,0.08909031481338743
3878,0.6121516952413492,0.9179710975963158,0.089133979660883
3879,0.6121117128900453,0.9179466365500266,0.08914552103091183
3880,0.6120848951910274,0.9179542919159667,0.08915717712349203
3881,0.6121335213202926,0.9179661977009476,0.0891605127663698
3882,0.6121078350329967,0.9179686457271041,0.08916159510163343
3883,0.6121103416741548,0.9179943173357783,0.08916256433569225
3884,0.6121567683000485,0.9179998974519152,0.08915564538268207
3885,0.612172656306366,0.9180065151929537,0.0891512701599419
3886,0.6122134156971952,0.9180142551061079,0.08914387465196309
3887,0.6122092797629018,0.9180121798563049,0.08915162373271715
3888,0.6122426842122789,0.9180060386541101,0.08915757941646078
3889,0.612209427146232,0.9179674505369397,0.08917211591433252
3890,0.612205818542403,0.9179626889915584,0.08918680075198003
3891,0.6121850895622728,0.9179639341414402,0.08918986063946682
3892,0.6121197892028876,0.9179468901916692,0.08922019543369074
3893,0.6121391787850031,0.9179824960980115,0.08923869994255346
3894,0.6121588607546566,0.9179818696800155,0.08924029209545792
3895,0.612211634503995,0.9179725003114604,0.08924706273454087
3896,0.6121304018343647,0.917989778687598,0.08924358360718047
3897,0.6121310526618797,0.917986896396205,0.08924553211981652
3898,0.6121504515542385,0.9179609749889434,0.08933297106086636
3899,0.6121025801989288,0.9179576776475896,0.08935441581251949
3900,0.6121093411585261,0.9179425705976348,0.08935377383614738
3901,0.6120701749774351,0.9179401533159198,0.08937081696217831
3902,0.612121052868871,0.9179554986352965,0.08937354687175043
3903,0.6121547656733155,0.9179760090208495,0.08937593256790714
3904,0.6122209113369417,0.9179745102293252,0.08937371204513801
3905,0.6121986597037649,0.9179767392013358,0.08938764187135047
3906,0.6122014681985211,0.9179706671741344,0.0893896450572735
3907,0.6121811510041315,0.9179816813703111,0.08938900076594553
3908,0.612365174084192,0.9180104043648069,0.08932833655469366
3909,0.6124072615093787,0.918023985721851,0.08932058897523748
3910,0.6125887813373884,0.9181084906624404,0.08942837924895242
3911,0.6126175952079002,0.918118213592073,0.08941777649372813
3912,0.6126520821191557,0.9181732768868461,0.08942700343314572
3913,0.6126608547133643,0.918177827064192,0.08942271328788647
3914,0.6126600963107168,0.9181865085258679,0.0894216935652327
3915,0.6126756235231531,0.9181637537960835,0.08942415384290202
3916,0.6126813719037416,0.9181692263066751,0.08942525416083172
3917,0.6126758415798088,0.9181705406315503,0.08943015916340662
3918,0.6126906825928419,0.9181688112567145,0.08942786834064122
3919,0.6126899645710592,0.9181677697887578,0.0894311237036039
3920,0.6127052549126935,0.9181572936203078,0.08942812910351866
3921,0.6126796841492342,0.9181427784008523,0.08944953669056849
3922,0.6126481113421787,0.9181484353780931,0.08945601980703223
3923,0.6127048801182278,0.9181573935397428,0.0894600293373267
3924,0.6126922164541619,0.9181736611923652,0.08945851773148808
3925,0.612682765924109,0.9181949594042323,0.08944438249988602
3926,0.6127494932848125,0.918216126952223,0.08944041237452721
3927,0.6126603634198979,0.9181363066959111,0.08955815677653611
3928,0.6126602795735688,0.9181583619896508,0.08957543185007864
3929,0.6126423031549908,0.9181506412917726,0.08957722485381542
3930,0.6126419602988492,0.9181403303746958,0.08957249452322656
3931,0.6126304605075065,0.9181630236155972,0.08956992114616996
3932,0.6126426233336657,0.9181371790694394,0.08957589676775608
3933,0.6126741850209878,0.9181446153812335,0.08957102302335478
3934,0.6128104219868389,0.9181636000738759,0.089620040185015
3935,0.6128294543922017,0.9181765434837583,0.08962104666938997
3936,0.6128612173635563,0.9181637384238627,0.08960759134747057
3937,0.6128463146126105,0.9181694684191521,0.08962838472425266
3938,0.6128383299657508,0.9181611405185537,0.08963526580060252
3939,0.612967236966048,0.9182177602506791,0.08966397058054487
3940,0.6129676111617952,0.9182203735282088,0.08966502331059589
3941,0.6129744234489475,0.9182265762192867,0.08966302709953232
3942,0.613066237160088,0.9181987870872024,0.08974989973182644
3943,0.6130517074462412,0.9182423096872376,0.08976647951060182
3944,0.6130238861239183,0.918243243549649,0.08977278566509132
3945,0.6130033134939425,0.9182387702334069,0.08977921185043701
3946,0.6130607975567793,0.9182651335920156,0.08977366138729885
3947,0.6130505616136591,0.9182316375229729,0.0897811627327088
3948,0.6130287316051274,0.9182180062062113,0.08978605491125584
3949,0.6130478570053554,0.9182242396417307,0.08978463693969033
3950,0.6130805593250899,0.9182487583338478,0.08978905737083763
3951,0.6131387554668674,0.9182636847602086,0.0897945365497153
3952,0.6131592837307484,0.9182640383212861,0.08979591428702147
3953,0.6131979840676929,0.9182697875318515,0.08978592033305441
3954,0.6131235250691348,0.9182267875873222,0.08978808671067126
3955,0.6131443174603127,0.9182312378452331,0.08979045300394099
3956,0.6131208177634849,0.9182423135302928,0.08981016080022303
3957,0.6131241452904445,0.9182567941622516,0.08981025188555634
3958,0.6131248310414676,0.9182601030327708,0.08980928052245735
3959,0.6131637003146614,0.918266655441871,0.08980243200493175
3960,0.6132187200246927,0.9182900020021549,0.08979795188602556
3961,0.6132263834609389,0.9182829845833765,0.08979686956175782
3962,0.6132589347140828,0.918288291842595,0.08979775363087494
3963,0.6132452078376922,0.9182976035653222,0.08979919469087336
3964,0.6133450488363809,0.9183566751666593,0.08981408931681557
3965,0.6133237148246324,0.9183578319262717,0.08981745714944078
3966,0.6133399663570954,0.9183657294046887,0.08981026129204163
3967,0.6133086340878704,0.9183674395642486,0.08982534806652726
3968,0.6133025887876389,0.9183476593591817,0.08983732229459797
3969,0.6133283581408177,0.9183523824740112,0.08983788849423048
3970,0.6133108429003062,0.9183348158687342,0.0898492593829818
3971,0.6133121906398908,0.9182881189051114,0.08983543179836545
3972,0.6133048017334181,0.9182977380722539,0.08983246724025344
3973,0.6132633620466711,0.9182681350181195,0.08985320288250558
3974,0.6132855165355993,0.918281078428002,0.08983873200718782
3975,0.6133134659805141,0.9182626394491967,0.0898454676867959
3976,0.6133053308047958,0.9182501495198268,0.08985335465010541
3977,0.6131822773966248,0.9182332208617116,0.08985805154094782
3978,0.6131958803772793,0.9182535544667257,0.08986324076843133
3979,0.6130564951859717,0.9182125759692268,0.08986542626647478
3980,0.6130866606856905,0.9182225909710539,0.0898656487842554
3981,0.6130554815109897,0.9182131063108431,0.08987353382571067
3982,0.61306842332803,0.9181994480926952,0.08987301460561387
3983,0.6131367360656598,0.9181546073247294,0.0899150762023952
3984,0.6131061781462337,0.9181453186603334,0.08994092869158311
3985,0.6131391732887301,0.9181537656956427,0.08993812536040553
3986,0.6132641602317075,0.9181978609109014,0.08991272831651273
3987,0.6130926416810244,0.918120369546035,0.0899645908565746
3988,0.6131506421298403,0.9181294583715611,0.08996087099598078
3989,0.6131252266071658,0.9181276713508975,0.08996841341791982
3990,0.6131154325111734,0.9181280940869685,0.08997761731760255
3991,0.613166430085556,0.9181258151552403,0.08996982950944667
3992,0.6131819868331203,0.9181233594429734,0.08996607896280821
3993,0.6132038475275188,0.918124477772034,0.08996603876040248
3994,0.6131903091569472,0.9181074991542012,0.08996598315324711
3995,0.6131850038282924,0.918104232557289,0.089984981589855
3996,0.6131917523346544,0.9181248505483874,0.0899787203722137
3997,0.6131217684804608,0.9180803863998305,0.09002398845173286
3998,0.6131262161525606,0.9180915158876628,0.090020875090902
3999,0.6131281118081372,0.9181061886723811,0.09001990959746009
4000,0.6131246038615434,0.918106123340443,0.09002099854791672
4001,0.613142530819026,0.918119381880851,0.0900183636283203
4002,0.6131149493485613,0.9180931645583397,0.09003989154165609
4003,0.6131425264484875,0.918094521156822,0.09003865997661763
4004,0.6131454205229973,0.9181027990977029,0.09003307372229868
4005,0.6130956275848488,0.918086443054811,0.09004214035849828
4006,0.6130968083153553,0.9180598529559463,0.09004897513514112
4007,0.6130935649082309,0.9180521975900062,0.09005248530460536
4008,0.6131060326827639,0.9180295197213256,0.09006273768438412
4009,0.6131073334569678,0.918053058434369,0.0900718060196094
4010,0.6130908108216959,0.9180884106990688,0.09007651135782341
4011,0.6131181254406124,0.9180867697145023,0.0900709200839938
4012,0.6131244135543635,0.9180839143244955,0.09007676757909419
4013,0.6131742000521477,0.9180878303977349,0.09007398407643054
4014,0.6131293555382955,0.9180834954314797,0.09011114261518506
4015,0.6131262862487696,0.9180904705766509,0.09011356553237555
4016,0.6131694511572383,0.9180899248628139,0.09011541603814739
4017,0.6131879047307917,0.9180928378986485,0.09011468821771348
4018,0.6131878771552655,0.9180928263694829,0.09010977903748571
4019,0.6132035653091136,0.9180947709554094,0.09011154396147215
4020,0.6132298013641804,0.9181007276909551,0.09011872379786752
4021,0.6132425894712861,0.9180674698913344,0.09012920013823994
4022,0.6132432080696505,0.918059042071301,0.09013120850123775
4023,0.6132382377523778,0.918054349700913,0.09012975512884773
4024,0.6132383522721011,0.9180553219938763,0.090129680857826
4025,0.6132797090105456,0.918050983184566,0.09012762143107118
4026,0.6133519038758697,0.9180728002088839,0.09011390470455186
4027,0.6133582369658728,0.9180782112305924,0.09011361738868595
4028,0.613388167171397,0.9180931991458364,0.09012214189859317
4029,0.6133805353114559,0.9180893291892593,0.09011851380400841
4030,0.6133778957640181,0.9180925342972884,0.09011850245141732
4031,0.6133597867200998,0.918089263857321,0.09012614129930528
4032,0.6135035845230837,0.9181702831468526,0.09022995586079073
4033,0.6136711262031744,0.918269998899887,0.09017088685139069
4034,0.6137055514605388,0.9182674278959644,0.0901693097056896
4035,0.6137483243638623,0.918267520129289,0.09014898794440272
4036,0.6137373115436473,0.9182954399252498,0.09016136571583204
4037,0.6136998561436562,0.9182970040487124,0.09017118743685353
4038,0.6137099676663906,0.9183074225713346,0.09018294522277615
4039,0.6137159290291732,0.9183070382658155,0.09016557759770798
4040,0.6137340949460678,0.918304248207747,0.09017414590121718
4041,0.6135215838087966,0.918248158817238,0.0901777338976582
4042,0.6135161099307007,0.9182607870965948,0.09016643877558528
4043,0.6135178276784402,0.9182861589469642,0.09017416391440149
4044,0.6134778594005743,0.9182787841240531,0.09018257534015518
4045,0.6134726281314118,0.9182688421402746,0.0902007004561826
4046,0.6135169286476098,0.9182549648679807,0.09021308796462206
4047,0.6134970863095556,0.9182289550704498,0.09021871679152037
4048,0.6135090206793352,0.9182201698462837,0.09022755497243355
4049,0.6133555332366132,0.9181288857563378,0.09034218189343568
4050,0.6133502043429169,0.9181124759106732,0.09034936379872206
4051,0.6133676655361766,0.9180775463820444,0.09038038662004629
4052,0.6133627314896876,0.9180810704636544,0.09037673599595863
4053,0.6133879580754125,0.918091458241835,0.09037542828214949
4054,0.6133401423097732,0.9180828574843181,0.09039866963660174
4055,0.6133306956591147,0.9180789798416307,0.09040235738120837
4056,0.6133821084258609,0.9181056199002129,0.09040442410936003
4057,0.6134076221725331,0.9181136787869479,0.09042802573446657
4058,0.6134274479631581,0.918110539010857,0.09043031809767182
4059,0.6133967396572716,0.9180996285771705,0.09043859859262553
4060,0.6133967699110584,0.9180895943600674,0.09044234357699178
4061,0.6134614679936787,0.9181022495408107,0.09044377685683316
4062,0.6134401636443806,0.9180969269093714,0.09044267254849835
4063,0.6134410047653328,0.9181035946101274,0.09044543350665243
4064,0.6134533462793578,0.918090309168333,0.09044808393350402
4065,0.6134605599111106,0.9180748216559143,0.09045333987974884
4066,0.613455239131051,0.9180704367299416,0.09042902499072557
4067,0.6136427867437168,0.9180947325248575,0.09045489309986023
4068,0.6136353629960584,0.9180944942554357,0.09046048783000514
4069,0.6135990437717014,0.9180762166849484,0.09046733219483362
4070,0.6135933384950674,0.9180570129381602,0.0904835943533963
4071,0.6135731290994203,0.9180815508455532,0.09049246271619134
4072,0.6136028592505987,0.9180744027628984,0.09049591846306229
4073,0.6135750897459173,0.9180411372771673,0.09050942272620337
4074,0.6135884379716843,0.9180333896779027,0.090509716494933
4075,0.6135856794253995,0.9180258572897289,0.09050881986520641
4076,0.6135766667253452,0.9180254268675475,0.0905097839202121
4077,0.6135443496778208,0.9179963080383672,0.0905240203863607
4078,0.613577009761873,0.9180126333368175,0.09052021594963011
4079,0.6135670499075081,0.9180109231772575,0.09052200163278623
4080,0.613501192528469,0.9179691991270515,0.09055399866994997
4081,0.6135149291256129,0.9179686572562696,0.09055978966530491
4082,0.613440102360072,0.917961390038904,0.09055702619174572
4083,0.6134424881026653,0.9179498301288902,0.0905588508304231
4084,0.6134544778621958,0.9179505372510453,0.09055831186024041
4085,0.6134309085530895,0.9179338353331863,0.09057512417935294
4086,0.6134119329027852,0.9179316102042308,0.09058324678491085
4087,0.6134205359006043,0.9179045935262398,0.09058735167075391
4088,0.6134212341254076,0.9179043936873699,0.09058653113944515
4089,0.6134234501905871,0.9179079907870284,0.09058539655007515
4090,0.6133842639376783,0.9178958083020737,0.09060025716938633
4091,0.6134289814039514,0.9178958428895705,0.09061229289656353
4092,0.6134457980371059,0.9179010502293539,0.090613752275929
4093,0.6134386177600069,0.9179030985777706,0.09062032537924045
4094,0.6134652536982003,0.9179032177124815,0.0906269899501484
4095,0.6135491852113188,0.9178864619918499,0.0907217733980098
4096,0.6136399617539608,0.9179039017763054,0.09072498684910947
4097,0.6136134084052621,0.9179031639097088,0.09074463703549952
4098,0.6135979165337377,0.9178903127331509,0.09075255989869994
4099,0.6136447353963297,0.9178926108801551,0.09075143444563487
4100,0.6136595171011592,0.917886788651541,0.09074965052949555
4101,0.6136502695806612,0.917893617760615,0.09075426413509168
4102,0.6136370851381084,0.9178914464344322,0.09075793800448129
4103,0.6136608269199568,0.9179009234085326,0.09081354405911489
4104,0.6135464746875025,0.9178196082037514,0.09087049795295646
4105,0.6135770859416931,0.9178135707640468,0.09086902992188035
4106,0.6135861608070414,0.9178257993656638,0.09087606736546286
4107,0.6135857686371329,0.9177902126745974,0.09089072912683324
4108,0.6136124249741203,0.9177978065516543,0.09089642014082147
4109,0.6136203947660881,0.9177853127792291,0.09090462690837932
4110,0.6136393218247003,0.9178076755173842,0.09091196374846171
4111,0.6136814799002545,0.9178163223915634,0.09091383525495532
4112,0.6137113765788007,0.9178145123125685,0.0909358863432808
4113,0.6137538530675439,0.917804447351024,0.0909329848801423
4114,0.6137300061244365,0.9177539572919279,0.0909714747306229
4115,0.6137619480840042,0.9177585458998256,0.09098839665854405
4116,0.6138044680157149,0.9177473933536621,0.09098291547845044
4117,0.6138634437395454,0.9177630538035644,0.09097923480246342
4118,0.6138402746672995,0.9177594029011331,0.09098513647092414
4119,0.6139190287310229,0.9178199118051116,0.09101930056669873
4120,0.6139218511609792,0.9178249423643562,0.09102143271027054
4121,0.6139052691300771,0.9178265987211435,0.0910260136019681
4122,0.6138584616925555,0.9178390233185751,0.09104086290389671
4123,0.613872149756133,0.91783952291575,0.09103782577590461
4124,0.6138835826388807,0.9178284971904077,0.09105652095438557
4125,0.6140245811389817,0.9178584807070059,0.09106642435420138
4126,0.6137817063535856,0.9178015804318517,0.09109202556379759
4127,0.613798021629013,0.9178109920740138,0.09109604515273141
4128,0.6138375179661155,0.9178448532332996,0.09109985269164957
4129,0.6138285660675035,0.9178448955069066,0.09109981085797392
4130,0.6138223745863202,0.9178361333410717,0.0911075398994117
4131,0.613837898140726,0.9178416173808289,0.09111719633238721
4132,0.6138209092164412,0.917864164585633,0.09113245895465111
4133,0.6138503259807916,0.9179087248105698,0.09112082921754971
4134,0.6138847116230698,0.9179017842528954,0.09112476144524295
4135,0.613869776405629,0.9178961080603786,0.0911240277009262
4136,0.6138782412116247,0.9178995091642225,0.09112683259252322
4137,0.6139713958383588,0.9178982601712854,0.09112531592470564
4138,0.613932725825375,0.9178906317067318,0.09112482714827422
4139,0.6139161932386623,0.917896377074242,0.0911317252170015
4140,0.61395048048629,0.9179402493922996,0.09112615607562002
4141,0.6139123767334257,0.9179281629837247,0.09113713298250505
4142,0.6139035475015363,0.9179269985380019,0.09113718810746613
4143,0.613914612777734,0.9179249770909715,0.0911356400688727
4144,0.6140127563109717,0.9179749752390033,0.09110029885292585
4145,0.614009654131066,0.9179743027043449,0.09109960254799572
4146,0.6140543841154318,0.9179804208482085,0.09109133278922335
4147,0.6140400595861603,0.9179392271396188,0.09111854475511408
4148,0.6140636044729079,0.9179196160289804,0.09111583595967986
4149,0.6140468001753373,0.9179030255597219,0.09111944115981406
4150,0.61405348086722,0.9179065611704974,0.09112142623780767
4151,0.6140541324286296,0.9179082136842295,0.09113788288514095
4152,0.6140692384942017,0.9179032215555367,0.09113379409616446
4153,0.6138057585557744,0.9178785337689913,0.09113734089073994
4154,0.6137790985271534,0.9178704595100355,0.09113923123572269
4155,0.613792877573419,0.9178761011150556,0.09113300408899148
4156,0.6137707179126057,0.917874437072158,0.09114821810153072
4157,0.6137713152186793,0.9178629079065856,0.0911525800651334
4158,0.6137632602121088,0.9178574661404356,0.09115278943686746
4159,0.6137865835681973,0.9178567205877286,0.09116298684082741
4160,0.6137630243129958,0.9178589265014081,0.09116996881057106
4161,0.6137553265197767,0.9178558443711451,0.0911750451719172
4162,0.6137144242146972,0.9178711435738595,0.0911815782210113
4163,0.6137245798086363,0.9178676963533534,0.0911800924580822
4164,0.6137820789725693,0.9178759204914616,0.09116902518803176
4165,0.6135800739935449,0.9177603252343789,0.09124442219661416
4166,0.6136055629052141,0.9177597065024932,0.09124470332548983
4167,0.6136392094170964,0.9177953124088355,0.09122894331422388
4168,0.6136701649296482,0.9178100120949402,0.09122141114865003
4169,0.6136591908494029,0.9177972685239276,0.091229703181423
4170,0.6136679945021473,0.9177927644632441,0.09123158963956844
4171,0.6136614616456537,0.9177982331307805,0.09123289072509314
4172,0.613687005162902,0.9178021761054063,0.0912342705272999
4173,0.6135254156277993,0.9178106423559914,0.0912765641644193
4174,0.613547599031939,0.9177988633918318,0.09128868343116536
4175,0.6136145206571515,0.9178150887708472,0.09128983057560193
4176,0.6135703405659286,0.91779248007716,0.09130205291736317
4177,0.6135291659940388,0.917819396835716,0.09131454446727634
4178,0.6135165589731464,0.9178205728106044,0.09131360155864703
4179,0.6134865741140022,0.917808075195124,0.09133944840113323
4180,0.6135213616048252,0.9177984329696505,0.09134591653811022
4181,0.6134936443144224,0.9177959157685005,0.09137933076594534
4182,0.6134473118216733,0.9177549641723878,0.09141082654160364
4183,0.6134242464065154,0.9177521741143193,0.09142376044139182
4184,0.6134032719585347,0.9177275439736018,0.09144272329252741
4185,0.6134032719585347,0.9177275439736018,0.09143878210595748
4186,0.6133869816153055,0.9177136936026943,0.091448483121094
4187,0.613307891836247,0.9177218447227539,0.09147951877140584
4188,0.6133208080616463,0.9177214681033452,0.09147693772566233
4189,0.6133386372822419,0.9177359564214144,0.09149792914956012
4190,0.6134084492187702,0.917727244215297,0.09150012567658758
4191,0.6133891558308422,0.9176912424742699,0.09150949799403442
4192,0.613383290114338,0.9176837869471999,0.09151100754973437
4193,0.6134078131941447,0.9176713815650441,0.09151721013339471
4194,0.6134184454011128,0.9176798555017397,0.09151883468375041
4195,0.6134415228721413,0.9176962153876868,0.09151039953799905
4196,0.6134219267664969,0.9177025448995859,0.09151456337106698
4197,0.6133815124144857,0.9176930717685408,0.09152333854651457
4198,0.6134515297677394,0.917713124830526,0.09152737467299543
4199,0.6134866643955719,0.9177016840552232,0.09152961564226517
4200,0.6134190256346793,0.9176939710434554,0.09154615735325684
4201,0.613406058313225,0.9176720540997025,0.09156077978212494
4202,0.613400463823885,0.9176509864711467,0.0915704667237984
4203,0.6134644683453041,0.9176748018841638,0.09157659997172761
4204,0.6134231544108992,0.9176693409027378,0.09158572722667783
4205,0.6133705539436441,0.9176733492093018,0.09158750764928712
4206,0.6133838703727678,0.9176750094091441,0.09159391425310763
4207,0.613432791432293,0.9176914576853606,0.09160069795038324
4208,0.6134296680505699,0.917690297082693,0.0916077121368186
4209,0.6134832660334202,0.9177133323555063,0.09160343930126252
4210,0.613628478830593,0.9177573007499438,0.09162083471237593
4211,0.6136554191119324,0.9177688952474543,0.09162186318937128
4212,0.6136904551414069,0.9177927375618578,0.09160962257802846
4213,0.6136976262085188,0.9178038209330278,0.09160108097098098
4214,0.6137024656550525,0.9178193084454466,0.09160423611758678
4215,0.6137405713566706,0.9178469899719855,0.09160377183739477
4216,0.6137723074115397,0.9178683881032877,0.09159440282008068
4217,0.6135942505798039,0.9177724923471128,0.09161085337104542
4218,0.6136240232823744,0.9177878722539863,0.09160991748488195
4219,0.6136087066645165,0.917801787956832,0.09163168191854364
4220,0.6136886912435039,0.9178405067378788,0.09162985860481782
4221,0.6136762529885961,0.9178404875226028,0.09163509643956726
4222,0.6136257832569803,0.9178177174205976,0.09165253289622788
4223,0.6136327053589529,0.9178171947650917,0.09165616796717246
4224,0.6137234040756595,0.9178343962801255,0.09165190332928887
4225,0.6137143735123359,0.9178138666792964,0.09166353177455755
4226,0.6137120403160392,0.9178153693138761,0.09164858478307399
4227,0.6136025558462725,0.917764275895115,0.09159291885431398
4228,0.6135874573297966,0.917753376990594,0.0916013423935645
4229,0.6135685000749649,0.9177545760238135,0.09159551168346827
4230,0.6135548107786223,0.9177426087499495,0.09160163224843455
4231,0.613548158312762,0.9177363676283198,0.09161358014628368
4232,0.6135545118316492,0.9177441382859155,0.09161715870946295
4233,0.6135805509861951,0.9177381354337075,0.09162236119423034
4234,0.6135438884768832,0.9177406680070782,0.09163562555583477
4235,0.6135909602465307,0.9177335199244234,0.09164034372527755
4236,0.6136217929193559,0.9177295077748042,0.09163585141880093
4237,0.613732593769631,0.9177593068247534,0.09164727855395363
4238,0.6137097661229146,0.9177684110225003,0.09165327568324098
4239,0.6136897832920167,0.9177598025788729,0.09167057094420317
4240,0.6137118689128244,0.9177738643178159,0.09167260435325045
4241,0.6136763472971262,0.917787664729006,0.09167535727735057
4242,0.6137325252769483,0.9178018840332117,0.0916689721194683
4243,0.6137304671082402,0.9178181555288893,0.09167918908367723
4244,0.613731935598509,0.9178083711103737,0.09168111366678669
4245,0.6136930185786876,0.9177881989136775,0.09169342853730869
4246,0.6136545605867824,0.9177831452961016,0.09170066908893511
4247,0.6134753100378241,0.917723881542005,0.09175863348427218
4248,0.6134639023502599,0.9177208685867354,0.09177840370972985
4249,0.6135366370203498,0.9177296345956255,0.09181175332003495
4250,0.6135854510497918,0.9177334891799819,0.09182684459344898
4251,0.613637366930285,0.9177557865861986,0.09184122884080795
4252,0.6136558716615883,0.9177436540609614,0.09185210298607023
4253,0.6137030792337201,0.9177355029409018,0.09186457333069858
4254,0.6136561283632345,0.9177093701656047,0.09189976880879144
4255,0.6136541841617215,0.9177203190298432,0.09190434348858273
4256,0.6136242792442201,0.9176748941174885,0.09196615593724188
4257,0.6136444066896123,0.9176742292689405,0.09196710542553586
4258,0.6136809665213229,0.917710384732175,0.09199430999200818
4259,0.6136862455401528,0.9177258069126556,0.09198537267149752
4260,0.6135729291066641,0.9176648445281647,0.09201630322905134
4261,0.6136203553148116,0.9176783874546568,0.09202304945012876
4262,0.6136390573883219,0.9176823803890001,0.09202182744559831
4263,0.6136484467130153,0.9176974759097893,0.09201255608391899
4264,0.6136484463829406,0.9176974835958998,0.09201120297096971
4265,0.6136398280604027,0.9176858890983892,0.09201783511918887
4266,0.6136980707774569,0.9176817385987832,0.09201936350307055
4267,0.6136842749469194,0.9176811582974493,0.09201533405735123
4268,0.6136964702820586,0.9176871765218781,0.09201813579193666
4269,0.6136789977686558,0.917667511608467,0.09202751732151038
4270,0.6136870865223842,0.9176534652417448,0.09202449694660039
4271,0.6136621260904619,0.9176594027620145,0.09203435387030655
4272,0.6137095826572146,0.9176864963011093,0.09204031581547752
4273,0.6137462331637713,0.9176922493547299,0.09202376107420976
4274,0.6137946257435639,0.9176992360290667,0.09202479350763755
4275,0.6138317337677849,0.9176965958501506,0.09202166902416856
4276,0.6138664152751606,0.917717755712031,0.09202032763186581
4277,0.6139163610857887,0.9177306376330303,0.09202415228438708
4278,0.6138962084973932,0.9177249422252376,0.09203578129500067
4279,0.6138944008064202,0.9177432390110009,0.09203998372942876
4280,0.6139210059443447,0.9177444457303308,0.09203185175659125
4281,0.6139515353475128,0.9177537843544442,0.09203500639899005
4282,0.6140259966658209,0.9178369480687721,0.09207929483950064
4283,0.6140278850508776,0.9178261798281276,0.09208096206644675
4284,0.6140184306340718,0.9178282128043236,0.09207829395863257
4285,0.6140016262749413,0.9178098583727325,0.09203708484752086
4286,0.6140435194774113,0.9178218448618725,0.09202682301217463
4287,0.614043672290865,0.9178117260975552,0.0920383850290068
4288,0.6140916323261147,0.9177933524506883,0.09205420788433798
4289,0.6140572788110231,0.9177870959568377,0.09207009381720742
4290,0.6140612394940081,0.9177859276680597,0.09207165472988853
4291,0.6140515878698213,0.9177660321713371,0.09207578818002693
4292,0.6139384274782443,0.9177371285532475,0.09214261487576834
4293,0.6138948979831744,0.9177012344177659,0.09215807306841266
4294,0.6138948979831744,0.9177012344177659,0.09215522918605833
4295,0.6139210450325523,0.9177299151386544,0.092158847803908
4296,0.6139502672817277,0.9177470820661916,0.09214906803013274
4297,0.6139805872565433,0.917742478086073,0.09214379084926087
4298,0.6139921498150682,0.9177454910413426,0.0921386469475521
4299,0.6138465973736367,0.9176520240960483,0.0921593448685569
4300,0.6138769867544971,0.9176665854321661,0.09216107545652635
4301,0.6138059260432694,0.9176206686087469,0.09218149871770108
4302,0.6138153603880138,0.917609346968155,0.092190106308615
4303,0.6137605860628074,0.9175956925930622,0.09220459179407184
4304,0.6137611735512245,0.9176041127269852,0.09219705812614638
4305,0.6137522715780208,0.9175797900306829,0.09221257573847763
4306,0.6138514851224881,0.9175952006819978,0.09218849759173005
4307,0.6138360466440357,0.9176066414573006,0.09219873243493294
4308,0.6138319886426165,0.91760975048895,0.09221755994103187
4309,0.6137753626672278,0.917588959560368,0.09222348689166569
4310,0.6137753666012201,0.9175994434149284,0.09221835716500558
4311,0.613811983589142,0.9176110648138253,0.09222399507954299
4312,0.6138186745847335,0.9176143506260134,0.09223061886352704
4313,0.6137806229181958,0.9176106920374717,0.09223394643321058
4314,0.6138750743012761,0.9176921379061294,0.09219265850451905
4315,0.6138375532858937,0.9176758933118381,0.09220312645794768
4316,0.6138360539862042,0.9176956197141322,0.0922032523883423
4317,0.61383589614588,0.9176744636953071,0.09222782538656678
4318,0.6138010879468815,0.9176753014813387,0.09226528687141207
4319,0.6137810954119891,0.9176701325721071,0.09227136201082363
4320,0.6138210356328082,0.9176750363105305,0.09226564390435046
4321,0.613790004395808,0.9176480926505881,0.09227877670791432
4322,0.613796880481147,0.9176604442299712,0.09228427951167557
4323,0.6138026928653149,0.9176518665307855,0.09228058584664077
4324,0.6137638620188706,0.917671058748408,0.09229244458021928
4325,0.6137427600794144,0.9176434886704696,0.09230964528157715
4326,0.6137212757652672,0.91763019938562,0.09232071635121396
4327,0.6136815908588718,0.9176241657889705,0.09232941302512988
4328,0.6136898177254418,0.9176180438020516,0.09233548089981251
4329,0.613763965188859,0.9177112417334826,0.09235137900285025
4330,0.6137610437381347,0.9177265063487002,0.09235861448032484
4331,0.6137263666230496,0.9176893939647232,0.09242961095192206
4332,0.6137478682697383,0.9176924491935998,0.09243559109635062
4333,0.613705545985662,0.9176885254342501,0.09244438717261996
4334,0.6137410975220423,0.9177025064690341,0.09244178531464763
4335,0.6137678172479506,0.917729845963661,0.0924344978304492
4336,0.6137678152207731,0.9177298382775506,0.09243485025958538
4337,0.6137677190727242,0.9177243696100142,0.09244328585602168
4338,0.6137287927543523,0.9176969570973386,0.09245680274197958
4339,0.6138479780489935,0.9177263410973271,0.09243455656004
4340,0.6138356308427677,0.9177316560426558,0.09243083483228968
4341,0.6136974520384175,0.9177115145904011,0.09247254385559696
4342,0.6137069619111515,0.9177088551962092,0.0924823440221603
4343,0.6137540426611496,0.9176960347640928,0.09250292830262531
4344,0.6138024323126634,0.917721625668608,0.09250317753109054
4345,0.6137967435999817,0.9177174021509534,0.09250216196692994
4346,0.6138265441581081,0.9177100465433182,0.09249616650668065
4347,0.6138179380094367,0.917721725588043,0.0925003305111027
4348,0.6138415523237725,0.9177527236712116,0.09251122221760485
4349,0.6138198502837915,0.9177458753468617,0.09252148979607872
4350,0.6137945836470751,0.9177293732678726,0.09253637842636091
4351,0.613772080905809,0.9177025910162482,0.09250730486754509
4352,0.6138078707721524,0.9177466362717894,0.09251469171404755
4353,0.613725885518701,0.9177179363356249,0.09254558898223213
4354,0.613725885518701,0.9177179363356249,0.09254410771133247
4355,0.6137389617899017,0.9177117029001055,0.09254612323724536
4356,0.6137486605788187,0.9177095008294812,0.09254605508819119
4357,0.6137650208702109,0.9177062803492313,0.09255681216772702
4358,0.6137666694106434,0.9177055655409658,0.09256663826497762
4359,0.6137605424262345,0.9176854663623182,0.09256329546891827
4360,0.6137470813686431,0.9176646485323499,0.0925748752730574
4361,0.6137370976644025,0.9176708589095381,0.09257302650063394
4362,0.6137479911254714,0.9176915998784027,0.09257302251881934
4363,0.6137373595502256,0.9176738718648078,0.09258433859423593
4364,0.6137556309512023,0.9176761507965359,0.09258826274453984
4365,0.6137495857788304,0.9176620544700962,0.09259216942481173
4366,0.6137248985125469,0.9176781184407935,0.09259928224526306
4367,0.6136672530744748,0.917664790725392,0.09262775274409975
4368,0.6134885037267862,0.9175741561117732,0.09269070299501818
4369,0.6135815446365553,0.9175628844308987,0.0927343189457322
4370,0.6135635277681125,0.9175617430435071,0.09275262261511386
4371,0.6135943326496388,0.9175873185758016,0.0927664439806741
4372,0.6135880511801114,0.9175711431565037,0.09276002387771635
4373,0.6136596914223091,0.917577899247529,0.09275249255415723
4374,0.6136022738790791,0.9175689603011553,0.09275664401420153
4375,0.6136165276126857,0.9175772305559259,0.09275666719923988
4376,0.6135932826996907,0.9175684760762013,0.09275869077006563
4377,0.6134697928073237,0.9174639526611231,0.09280501752463458
4378,0.6134706527834347,0.9174643177513663,0.09280212386924572
4379,0.6134759354810159,0.9174637451361429,0.0928038339112451
4380,0.6134970596276843,0.9174506134165561,0.09281006338140531
4381,0.6135608765639934,0.9174529922677191,0.09280378820850135
4382,0.6135863312234598,0.9174769959904406,0.09280377882650984
4383,0.6136368980596744,0.9174854084382532,0.09282458157510054
4384,0.6136852270659617,0.9174926525972877,0.09281750650919024
4385,0.6136642274190875,0.9174707433396453,0.09284068550409837
4386,0.6136827683397581,0.9174657934845596,0.09284099715030102
4387,0.6136880162095141,0.9174620388196382,0.09283792384903236
4388,0.6137301323005958,0.9174972681065718,0.0928394396595004
4389,0.6137174519564107,0.9175081208944306,0.09283860987447312
4390,0.6137756742437724,0.9175130745925714,0.09290397962432716
4391,0.6137180706438469,0.9174875144324977,0.09292178045698134
4392,0.6136433364199124,0.91744313867421,0.09289907861572666
4393,0.6136636375117364,0.9174402217953203,0.09289568023479401
4394,0.6136728218276651,0.9174644176708012,0.09287412779685598
4395,0.6135964299714805,0.9173995622714021,0.09291263234675166
4396,0.6136051746337979,0.917406329891593,0.0929109923422957
4397,0.6136048674794009,0.9174056073972172,0.09291461154377316
4398,0.6136530225380772,0.9174146116755291,0.0929203095680301
4399,0.613717437359441,0.9174200841861208,0.09291449358363803
4400,0.6136338710264128,0.9174054997916719,0.09287569337414134
4401,0.6136193544215819,0.9173768267568936,0.09288003819052017
4402,0.6136480822384278,0.9173838019020648,0.09288169770507261
4403,0.613642134728121,0.9173899853778668,0.09284895570743815
4404,0.6136910730304888,0.9173889208515789,0.09283884683430027
4405,0.6136990398216375,0.9173941512496935,0.09284351836294555
4406,0.6137132977944442,0.9173742826543573,0.09285305980378533
4407,0.6137067031154775,0.9173876910739178,0.09285533373724482
4408,0.6137023702370953,0.9173721958753888,0.09286221063096249
4409,0.6137354056502727,0.9173733142044492,0.0928629789444576
4410,0.613735412532287,0.9173733411058356,0.09286413509079437
4411,0.6137350501034737,0.917370750886637,0.09287353125249219
4412,0.6137458486344491,0.9173796975191211,0.09287498804361384
4413,0.6138887198091348,0.9174137662033871,0.09285352112331696
4414,0.6139474338051177,0.9174158606684661,0.09284779567240656
4415,0.6139724576115417,0.9174278510006613,0.09285308702738822
4416,0.6139842516984937,0.9174400065842296,0.09285061968126286
4417,0.6140217599876544,0.9174754049655917,0.0928665749573033
4418,0.6140294351921561,0.9174898894406056,0.09286671915815459
4419,0.6140296093959474,0.9174900008892061,0.09286791779255718
4420,0.6140115722248645,0.9174618236085476,0.09287632961350402
4421,0.6140173644534739,0.9174619734877,0.09288194990835437
4422,0.6139759316036921,0.917407498180371,0.09290426634618554
4423,0.6140847774286681,0.917438623084361,0.09291829318745022
4424,0.6140765326580261,0.9174464552308397,0.0929287045340134
4425,0.6142037789077732,0.9174925257764664,0.09295378443486302
4426,0.6141831609841779,0.9175064107348706,0.09299007083951201
4427,0.6141433517898276,0.9174783871764196,0.09299382413528588
4428,0.6141672580705213,0.9175034746407049,0.09298977024259554
4429,0.6142503853880901,0.9175546910372321,0.09304466724196622
4430,0.6142802326099297,0.9175614932449196,0.09304531651748445
4431,0.6142800646260524,0.9175514398125407,0.09304515425143257
4432,0.6142712931399255,0.9175678496582053,0.09305007275682954
4433,0.6142609920808333,0.9175869381133377,0.09305223572197685
4434,0.6142499002694595,0.9175823648776607,0.09305337172402887
4435,0.614242011291089,0.9175959116472081,0.09305819445564267
4436,0.6141811684659573,0.9175950584889557,0.09307296673971362
4437,0.6141651530947121,0.9176021604549482,0.09306587028155185
4438,0.6141692324730565,0.9176107304680237,0.09306932668511136
4439,0.6141435508257181,0.9176010843994948,0.09308005860630748
4440,0.6141631549891191,0.9176220943822226,0.09306230833378683
4441,0.6142229824715674,0.9176649828781515,0.09308184787706053
4442,0.6142110816722325,0.9176438576037679,0.09306283740261805
4443,0.6141996205194419,0.9176520625266001,0.09307165334773324
4444,0.6141664984607756,0.9176031596492978,0.09313977712077808
4445,0.6142252439989776,0.9176339578935966,0.09313340306471875
4446,0.6142271639179372,0.9176227822891019,0.09312871497520464
4447,0.6142417266923709,0.917619016095015,0.09314610951475041
4448,0.6142310544443348,0.9176259335943583,0.09315368499211714
4449,0.6142323909225819,0.917632174715988,0.09314873105529689
4450,0.6143201798096385,0.9176530271334531,0.09314262211521553
4451,0.6142490709900998,0.9176409099804366,0.09316930368142746
4452,0.6142437784078579,0.917597560317885,0.09321512451843639
4453,0.6142655703383079,0.9176000775190348,0.09321627194526483
4454,0.6142739758975263,0.9175946895556574,0.0932172885421846
4455,0.6142637851400127,0.9176016531716631,0.0932266733245305
4456,0.6142817426939073,0.9175941707432067,0.09323556076064572
4457,0.6142787947320542,0.9175795018015436,0.09324612884370201
4458,0.6142727857401341,0.9175494106794,0.09326891669246501
4459,0.6142936354772115,0.9175417975870671,0.09326548030175483
4460,0.614313393392047,0.9175662317319699,0.09326855032135709
4461,0.6143451071546522,0.9175928448891658,0.09326824425611892
4462,0.6143854897961201,0.9176000583037589,0.09327873645277747
4463,0.6143718599031929,0.9175987132344422,0.09328305826000619
4464,0.6144899217477408,0.9176657591753,0.09334996289569805
4465,0.6146560228677993,0.9177596104261134,0.09328074742220314
4466,0.6146735141305784,0.9177615434828744,0.09328282973685867
4467,0.6145619583359903,0.9176802667086451,0.09323465332250844
4468,0.6145282401958425,0.9176628269241894,0.0932478672325704
4469,0.6144934819450039,0.9176545528263638,0.09325671922114873
4470,0.6145246986984634,0.9176822766265099,0.0932464789551651
4471,0.614537217567859,0.9177097083544615,0.0932563983089602
4472,0.614537217567859,0.9177097083544615,0.09325866674386211
4473,0.6144779651286821,0.9177034595467213,0.09328673583209231
4474,0.6144905802231128,0.917693037181044,0.09329260964952364
4475,0.6144391874526507,0.9176512785433413,0.09333647356447948
4476,0.6145311389371123,0.9176783836116017,0.09332581832729997
4477,0.6145665512251258,0.9176920917894671,0.09329686004465212
4478,0.6143343906752906,0.9176321516576569,0.0932986807496163
4479,0.6143343906752906,0.9176321516576569,0.09329447318978934
4480,0.6143754060335839,0.9176284776968945,0.09330538255090569
4481,0.6143522761601217,0.9176161453327875,0.09331514466987637
4482,0.6143826495623036,0.9176278051622362,0.09331851617865744
4483,0.6142481680306549,0.9175844209121877,0.09330837132769279
4484,0.6142824879653194,0.9175956810638967,0.0933010502552084
4485,0.6143031399561123,0.9175960807416365,0.09330841281862301
4486,0.6143018057338112,0.9175771229503805,0.0933097946100728
4487,0.614284306991543,0.9175516703958522,0.0933260836938318
4488,0.6142789095294521,0.917554667978901,0.09332876154607526
4489,0.6142327940716266,0.9175454177450568,0.09332848552501195
4490,0.6142414024979445,0.9175295574562845,0.09332881868780783
4491,0.6142714901324668,0.9175186316503772,0.09333691041123664
4492,0.6142852938966531,0.9175170521546938,0.09335497744911285
4493,0.6142312253619991,0.917486292340947,0.0933310492528035
4494,0.6142809261367063,0.9175159222964677,0.09333106021060962
4495,0.6142663375785936,0.917509339142926,0.09333581492460821
4496,0.6142340809330794,0.9175035515018087,0.09335286031825644
4497,0.6142087702826756,0.9174841325439298,0.09335938775738647
4498,0.6142494668474325,0.91752795490227,0.09336902048597862
4499,0.6142242531837652,0.917510711113629,0.0933748212123975
4500,0.6142153330823588,0.9175118640301863,0.09338851529670913
4501,0.614308252864788,0.9175289848410612,0.09339972954624141
4502,0.6143329428239125,0.9175420051120474,0.09339025582096244
4503,0.6143428229730359,0.9175422049509173,0.0933889673234298
4504,0.6143943740633236,0.9175749823686392,0.09340049928349604
4505,0.6144103952286825,0.9175448451298334,0.09340245047024513
4506,0.6143924731697308,0.917534684091909,0.09340180134956282
4507,0.6144244662744227,0.9175407753343864,0.09339918848142863
4508,0.6144221117449425,0.9175486497544721,0.09339576528952379
4509,0.614443344877014,0.9175280894092017,0.09340331169434885
4510,0.6144396272822616,0.9175665583916611,0.09341529367330331
4511,0.6144660300993846,0.9175739947034552,0.09340962668563645
4512,0.6144740452692065,0.9175889249728713,0.09342161762670534
4513,0.6144862612767616,0.9176021373966171,0.09351085652369884
4514,0.6144951100545384,0.9176066606725767,0.09356305645051477
4515,0.6145278206614386,0.9176464708812977,0.09356199775861086
4516,0.6145156013518358,0.917651635947474,0.09356426349692763
4517,0.614533676002793,0.9176398838847006,0.09357054720335722
4518,0.6145349386014747,0.9176408139040568,0.09358241173252846
4519,0.61453862174656,0.9176383697209556,0.09358603326389284
4520,0.6145271343711363,0.9176209991114933,0.0935664248966779
4521,0.6145101773785947,0.917626390917926,0.09359226260823737
4522,0.6145589390146564,0.9176587801870736,0.09359809008330698
4523,0.6145898084321161,0.9176698943026853,0.09360118454262341
4524,0.6146101316821083,0.9176798093850774,0.093601353768143
4525,0.6146120327203578,0.9176839675707938,0.09360435074428507
4526,0.6146563173040034,0.917708713003167,0.09359278781324125
4527,0.6146711022414852,0.9177073371894088,0.09359744317468838
4528,0.6146524764847703,0.9177024910968132,0.09360282201769861
4529,0.6146707880672868,0.9176833718972393,0.09360893280919916
4530,0.6147550799495706,0.917719127682734,0.09360605081452954
4531,0.614724638606929,0.9176620083534338,0.09362770782356666
4532,0.6147092909360183,0.9176417669817442,0.09364134958734707
4533,0.6147788950908252,0.9176621236450896,0.09363798864093123
4534,0.6147590758871636,0.9176511017628025,0.09356680490022432
4535,0.6147555032344397,0.9176723115844002,0.09356830331951685
4536,0.6147864597131123,0.9176664970418966,0.093566440593417
4537,0.6147753813303402,0.9176463056299244,0.09357947481829901
4538,0.6147808781852756,0.9176345996838134,0.09358845360233338
4539,0.614763329931363,0.9176339425213758,0.09359744078461135
4540,0.6147824877596828,0.9176391114306074,0.09359684541479948
4541,0.6148146677409734,0.9176342230644047,0.09359391858779759
4542,0.6148124494935107,0.9176233241598837,0.09361205282484053
4543,0.6148089825067559,0.9176280818622099,0.09361757781129147
4544,0.6148507842546923,0.9176580538496426,0.0936328573882397
4545,0.6148366315015915,0.9176468590298719,0.09357579553379766
4546,0.6148658565130315,0.9176319018590695,0.09358591611387246
4547,0.6149070689297439,0.9176739564120219,0.09358166447906069
4548,0.614937286075629,0.9176888943675484,0.09358066953847975
4549,0.614929003207821,0.9176934483879494,0.09356401714020848
4550,0.6149883185298173,0.9177069874713865,0.09355765835192853
4551,0.6150079622649127,0.9177088974698162,0.09355347354375644
4552,0.6150184094555514,0.9177242389461377,0.09355447605547242
4553,0.6150136579389164,0.917728093530494,0.09357001416362852
4554,0.6150165935301238,0.9177441536581362,0.09360194475666743
4555,0.6150145400674878,0.917750413995042,0.09360197034395343
4556,0.615023506866427,0.9177661628352136,0.09357207083849675
4557,0.6150142031907182,0.9177474625286555,0.09357709576465509
4558,0.6149426368015048,0.9177257262084966,0.093637439101397
4559,0.6149622905190322,0.9177254687237988,0.09364316599154773
4560,0.614978890843567,0.9177093855378254,0.09364204592403651
4561,0.6149734908150342,0.9177184051883581,0.09364021467444066
4562,0.6149812729638044,0.9177242735336344,0.09365332444674841
4563,0.614971781975152,0.917710565355769,0.09365406975300754
4564,0.6149993601618157,0.91771179513343,0.09366343505603839
4565,0.6149965839849371,0.9176966842404201,0.09367730863493287
4566,0.6150370381147596,0.9177146236220505,0.09367486697147596
4567,0.6149586995878711,0.9176645755143013,0.09373974952948703
4568,0.6149641954567399,0.917664790725392,0.09373931474143267
4569,0.6149751760386593,0.9176502601337158,0.09374503097991643
4570,0.614976563227636,0.9176528349806935,0.0937480214259866
4571,0.6149087567840907,0.9176873302440858,0.09369741978397331
4572,0.6149298004648784,0.9176798670309053,0.09370142745456682
4573,0.6149285912259665,0.9176563244748067,0.09371185216758716
4574,0.615083051848076,0.917723397317051,0.0937595962882666
4575,0.6150789373598812,0.9177267599903428,0.09376033391645634
4576,0.6151541262292849,0.9177259606348632,0.09376948862993928
4577,0.6151994660759668,0.9177202882854016,0.09376743969076484
4578,0.6151989052346662,0.9177110111501712,0.09377058444003768
4579,0.6151919484532301,0.9177157534802766,0.093766901794951
4580,0.6152410974861148,0.9177233050837263,0.09377115101422465
4581,0.6152539761842291,0.9177257108362757,0.09376950821817327
4582,0.6153127237875692,0.917732666766171,0.09377053527001133
4583,0.6154404213794857,0.9177700520070667,0.09376931181756124
4584,0.615482660870464,0.9177846210292948,0.093758246785953
4585,0.6155213657581183,0.9178025757831461,0.09375122322486384
4586,0.6155607263465874,0.9178106192976603,0.09377059881076909
4587,0.6155502671650358,0.9178140742042767,0.09377268463205328
4588,0.6155520045097858,0.917819477539875,0.093766113537364
4589,0.6155090282721567,0.9178229977784297,0.09378099812925143
4590,0.6154643208767316,0.9177975913405636,0.09379797224824923
4591,0.6154623195686465,0.9177885985914173,0.09380888715668509
4592,0.6154627736476013,0.9177828032641896,0.09381457086302479
4593,0.6154587059153245,0.9177785989618109,0.09379915781881099
4594,0.6154683384506093,0.9177780916785258,0.09379516698258074
4595,0.6154278029407486,0.9177629846285709,0.09380269938735411
4596,0.6154116559145636,0.9177633458757588,0.09380916463500491
4597,0.615456658277806,0.9177462711815463,0.0938281132365852
4598,0.6154187258515239,0.9177318520384706,0.09383751009610959
4599,0.6154152958830352,0.91773395418966,0.0938401105787415
4600,0.6153573346913278,0.9177989479390459,0.0937969540167402
4601,0.6152583734741269,0.9177955506782574,0.09382431689605848
4602,0.6152578611915056,0.9177935215451166,0.09382358511971184
4603,0.6152361307790002,0.9177922225924622,0.09382057275525378
4604,0.6152548371746513,0.9178103579699073,0.09383898395093263
4605,0.615238125429319,0.9178113033614842,0.09383283708996114
4606,0.6152229610208149,0.9178111880698285,0.09383255558853673
4607,0.615207790616124,0.9178034327844535,0.09383246338725615
4608,0.6152642906044774,0.9178270406724904,0.09382425107948614
4609,0.6152429503969521,0.9178153039819378,0.09383062703967378
4610,0.6152932585702756,0.9178269638113866,0.0938776389812913
4611,0.6152691478613629,0.9178084210700912,0.09388543278723115
4612,0.6153485217124268,0.9178324401650334,0.09388388409559703
4613,0.6153837300501753,0.9178346038051058,0.09388433934956018
4614,0.6153854586482903,0.9178322326400531,0.09388439209273673
4615,0.6154157362902974,0.9178452221665978,0.09387453709999116
4616,0.6154589795782371,0.9178812738673423,0.0938243012405955
4617,0.6154891567315212,0.9178942441786111,0.0938189826115238
4618,0.6154525836353165,0.9178874265987027,0.09383373429930279
4619,0.6154271876174926,0.9179028872097351,0.09385450495430367
4620,0.6153746082522377,0.9179438080614063,0.09387100478155971
4621,0.6153760692701198,0.9179459294278716,0.09387013851332443
4622,0.6153872228399478,0.9179175484652878,0.09388751815489264
4623,0.6154755759799605,0.9179184823276991,0.09391076886808439
4624,0.6154722774857811,0.9179038287582568,0.09392071916812532
4625,0.6154139504451687,0.9178754477956731,0.09393795554014481
4626,0.6153875996295752,0.9178911658914033,0.0939330775060458
4627,0.6153791883440923,0.9178966768325468,0.09393630384141012
4628,0.6153315888360134,0.9178943556272117,0.09396322784346178
4629,0.6153571727178241,0.9178846365406342,0.09396536446131579
4630,0.6153964801355928,0.917882899479688,0.09397693469822549
4631,0.6154521960154385,0.9179124333588289,0.09397191413507598
4632,0.6154008921372526,0.917875405522066,0.09400242305272376
4633,0.6154847719090064,0.9178955008576585,0.09399241911294866
4634,0.6154791740235627,0.9179042245929415,0.09399908301967845
4635,0.6154733172058615,0.9178920959107595,0.09400508759872335
4636,0.6154731029215862,0.9178762317789321,0.09401124777775802
4637,0.6154580125226672,0.9178773539510477,0.09400873306505875
4638,0.6154373619711107,0.9178707477391749,0.0940047221352937
4639,0.6154830613240371,0.9178753824637349,0.09400356227219545
4640,0.6154638503954681,0.9178676387075255,0.09401316003034205
4641,0.6154076501341103,0.9178773155204958,0.09401048697546942
4642,0.6154034641901358,0.917868918444904,0.09401750718679766
4643,0.6154098294035969,0.9178961080603786,0.09402037174528292
4644,0.615413465210085,0.9178895556512784,0.09402960316514687
4645,0.6155296799200223,0.9179046742303988,0.09406572176001302
4646,0.615536619244277,0.9179113649894859,0.09406906795503245
4647,0.6155301521912375,0.9179497840122278,0.09406825519102337
4648,0.6155099262174001,0.917946786429179,0.0940780559567662
4649,0.6155042707330749,0.9179409526713995,0.09408165978425195
4650,0.6156070949097564,0.9179797406274398,0.09406074352490199
4651,0.6156025903708198,0.917968242206309,0.09406758412653776
4652,0.6156810754075761,0.917982223241093,0.09407119716876595
4653,0.6156898358520801,0.9179801556774004,0.09407199585515816
4654,0.6157273892488012,0.9179779997234384,0.09407676418003229
4655,0.6156552769358064,0.9179192778401236,0.09413411808237308
4656,0.6156858051979729,0.9179096240854845,0.09413863030822145
4657,0.6156795455725801,0.9178944786049777,0.09414617564401936
4658,0.6156929280417324,0.9178961733923169,0.09413915069866512
4659,0.6157315839011613,0.9179006543946693,0.09413429444345868
4660,0.6154927760343955,0.9179025682361542,0.09424583134464119
4661,0.6154615443793782,0.9178762433080976,0.09426012382488572
4662,0.6154722635895644,0.9178785414551017,0.09426009059128891
4663,0.6154933044218532,0.9179038441304775,0.0942647049701481
4664,0.6155101636389863,0.9179210802330081,0.09426421700950442
4665,0.6155927380862112,0.917937678388377,0.09426160855203322
4666,0.6155927404694467,0.9179376860744873,0.09425633597589848
4667,0.6156013750078693,0.9179484850595734,0.09425742995787156
4668,0.6155019658923478,0.91786742733949,0.09429566618897256
4669,0.6155184914662187,0.9178627080677157,0.0942995241330667
4670,0.6155300018870035,0.9178656979646542,0.09430538739390337
4671,0.6155591141878988,0.9178636611454031,0.09430607508655689
4672,0.6155723935416697,0.9178551410920451,0.09430666184952366
4673,0.6155793232179333,0.9178623737219141,0.09430050876267447
4674,0.6155482043463989,0.9178356606452832,0.09431054359006955
4675,0.6156059145780818,0.9178416327530496,0.0943142034013366
4676,0.615607631119986,0.9178314179123527,0.09431791083515824
4677,0.6156045032347889,0.917811015132345,0.0943243418948318
4678,0.615625468481483,0.9178283818987519,0.09430465314854908
4679,0.6156462566263909,0.9178568781529914,0.0943014719807842
4680,0.6157200722127718,0.9178863351710286,0.09429369220968052
4681,0.6157389653502047,0.9178780610732028,0.09429755540030695
4682,0.615754685226883,0.9178905894331247,0.09429450682486896
4683,0.6157820776975441,0.9179221101717993,0.09428343050546596
4684,0.6157563310452431,0.9179078216926,0.09428103912965399
4685,0.6157757315024636,0.9179127484893546,0.09427859189004552
4686,0.6157980103678639,0.9179433699531145,0.09428041443270488
4687,0.6158221323796752,0.9179554525186342,0.09427748292854801
4688,0.6157929118727552,0.9179023491820084,0.09431348284809098
4689,0.6158006120654597,0.917895047377146,0.09431364927837953
4690,0.6158711575280165,0.9179132250281983,0.09431316840909433
4691,0.615887748324071,0.9179222254634549,0.09431238286684675
4692,0.6159086888229625,0.917918317076326,0.094309136666117
4693,0.6159331665211564,0.9179330398207618,0.09430599277364583
4694,0.6159754633869585,0.9179487579164919,0.09429344049434413
4695,0.6159262381494583,0.9179417789282656,0.09430760202188934
4696,0.6157906338435161,0.917893679249498,0.09434195934106233
4697,0.615801736506639,0.9179185246013063,0.09434163363139152
4698,0.6158369191641765,0.9179151158113521,0.09438492137417506
4699,0.6157973279951806,0.9179057387566867,0.09440033317548452
4700,0.6158269957278039,0.9179125678657606,0.09439965077821823
4701,0.6157969777079142,0.9179124641032704,0.09440505868461908
4702,0.615824740032755,0.917902422200057,0.09439911199046745
4703,0.6158455918139942,0.9179023069084012,0.09439940121353957
4704,0.6157158758045274,0.917830599341597,0.09447712989721224
4705,0.6157624036393857,0.9178438501958948,0.09450332424000817
4706,0.6157851956346473,0.9178504909952644,0.0944914771452194
4707,0.6158544644377947,0.9178740220221974,0.09449163480469593
4708,0.6158508456099921,0.917874175744405,0.09449787997829572
4709,0.6158781283428741,0.9178641107828603,0.09449638287995943
4710,0.615910641072904,0.9178807281535052,0.09449231495292551
4711,0.6158769813478128,0.9178740681388596,0.09450147064725391
4712,0.6160541568243918,0.9179155347043678,0.09449647303939171
4713,0.6160542778315611,0.9179306955570954,0.0945060601622351
4714,0.616096210092437,0.9179540920770967,0.0945177918260849
4715,0.6160938055810994,0.9179422631532196,0.09454509356320553
4716,0.6160905362915114,0.9179100814090522,0.09456411283827067
4717,0.616073011074252,0.9178960465714956,0.09457520105826556
4718,0.6161040660007124,0.9179069224176853,0.09457857666274448
4719,0.6160663726275206,0.9178892520499183,0.09459753203879116
4720,0.6160043443863247,0.9178916155288607,0.0946124592710402
4721,0.6160581055430284,0.9178889023318959,0.09464561007755162
4722,0.6160303419583114,0.9178970957255627,0.09467371087275035
4723,0.6160260749344163,0.9178774769288138,0.09468473665080096
4724,0.6160186585444332,0.9178656902785438,0.09468597421004027
4725,0.6160400790834971,0.9178636726745687,0.09468995578060381
4726,0.6160354462413635,0.9178558559003106,0.09469221749774422
4727,0.6159610965088902,0.9178334432024382,0.0947081508772598
4728,0.6160434144637216,0.9178450684443902,0.09470380955436702
4729,0.6160547497767929,0.917834807487031,0.09474765836354364
4730,0.6160593127833102,0.9178245196282853,0.0947539272287125
4731,0.616078605720794,0.9178049046745916,0.094779271002
4732,0.6160889548892096,0.9177920688702546,0.09481390317769013
4733,0.6160941300438232,0.9177861198208193,0.0948150885113079
4734,0.6160750470009853,0.9177786143340317,0.09482472302463302
4735,0.6160804503098901,0.91775641684725,0.09483341392283838
4736,0.6160892004276034,0.9177443150664543,0.09485059224765718
4737,0.6161166150935374,0.9177439999359286,0.09484703908219493
4738,0.6161444691956102,0.9177398110057706,0.09484316151243395
4739,0.6162082705079899,0.9177400108446406,0.09483747072538658
4740,0.6162766699221661,0.9177618932008967,0.09487201632207737
4741,0.6162422813227275,0.9177632459563239,0.09489822329125272
4742,0.6162331060304622,0.9178018148582183,0.09509216572015732
4743,0.6162401390191554,0.9177925185077118,0.0950939392504379
4744,0.6162220709080565,0.9177946206589012,0.09511156358509457
4745,0.6162452622928714,0.9178009578569107,0.095110899906837
4746,0.6162049696282745,0.9177701942001087,0.09513809551423441
4747,0.6162203279106285,0.917793951967298,0.09512940739151628
4748,0.6161755940183984,0.9177841867640583,0.0951484473599576
4749,0.6161938002790611,0.9177960733337633,0.09513383022282343
4750,0.6162060594225633,0.9177933486076331,0.09513800645790726
4751,0.6162089557507875,0.9177933447645779,0.09512968497604773
4752,0.6162188193993343,0.9177823613128426,0.09514246849216716
4753,0.6161997975014689,0.9177950510810825,0.09513910781639272
4754,0.6162052164895749,0.917775136369084,0.09515405239161105
4755,0.6162835695594697,0.9177957274587961,0.09514892467809861
4756,0.6163206396186623,0.9178049892218059,0.09515060911331244
4757,0.6163137978016043,0.9178149542639155,0.0951499310313715
4758,0.6163534998528214,0.9178381278867157,0.09514332373019373
4759,0.6163545546965719,0.9178272289821947,0.09515212611888317
4760,0.6163730297148952,0.9178346998814856,0.0951499952158241
4761,0.6163879907154776,0.9178332126191268,0.0951491360349946
4762,0.6163308569879999,0.9177826572280924,0.09514941993815008
4763,0.6164138711289696,0.9178288699667612,0.09513106547369496
4764,0.6164139977345506,0.9178284088001383,0.09513386722131062
4765,0.6163819769361405,0.9178021030873575,0.09515286225679137
4766,0.6164060130621127,0.9178222022660052,0.09514623215206165
4767,0.6163820635467833,0.9178116146489547,0.09514886906201672
4768,0.6163996512876244,0.9177999509764507,0.09515614896240486
4769,0.616364915638988,0.9177882488733949,0.0951864261206514
4770,0.6163704894089614,0.9177946514033427,0.09518565800060586
4771,0.6163730050747701,0.9177775421216334,0.09519053122644608
4772,0.6163894304110706,0.9177750057052075,0.09518559981819999
4773,0.6164067284307394,0.917783395094689,0.09518901307004686
4774,0.616365087286755,0.9177750095482627,0.09520265971761255
4775,0.6163870937987797,0.917791615389742,0.09520363626860946
4776,0.6163899490577203,0.9177935061728959,0.09521136345298255
4777,0.6164158272487076,0.9177886293358588,0.09521155138933123
4778,0.6164109472893464,0.9177837563418769,0.09521266989147423
4779,0.6164599919139155,0.9178066302063723,0.09522050820031533
4780,0.6164427313283192,0.9177938751061941,0.09522477286171681
4781,0.6164680727865435,0.917793548446503,0.0952230482813346
4782,0.6165255099114654,0.9177998664292366,0.09522029927750775
4783,0.6164614778916822,0.9177938866353598,0.09523354044623339
4784,0.6164445420803959,0.9177861774666471,0.0952372616792567
4785,0.6164763804749421,0.9177884832997616,0.095236477811807
4786,0.6164926421807341,0.9177919497355436,0.09523583018760642
4787,0.616493375808797,0.9177908006620416,0.09523027994465774
4788,0.6164213814834316,0.9177614128189979,0.09526381220046118
4789,0.616456656918738,0.9177816080740253,0.09527074208458182
4790,0.6164333224080896,0.9177865002832831,0.09527535762117348
4791,0.6164069152503051,0.9177952893505044,0.09528565815687244
4792,0.6164713776158532,0.9178128175252294,0.09530193103193337
4793,0.6165493561438767,0.9178381855325436,0.0953272588811692
4794,0.6165607495389209,0.9178765238511265,0.09533584683540049
4795,0.6165547046235524,0.9178823576089061,0.09532782613989596
4796,0.6165521690446579,0.9178801747535578,0.0953291723929863
4797,0.6165548461770506,0.9178858547891297,0.09533088406839484
4798,0.6166466137407794,0.917939150278515,0.09538263213119151
4799,0.616679917874468,0.9179518515759205,0.09537014384021918
4800,0.6166711421559704,0.9179439963711106,0.09537747983995552
4801,0.6166738116860764,0.9179434545003287,0.09537765998962204
4802,0.6166738928058391,0.9179330129193755,0.09538502359863296
4803,0.6166774390658896,0.9179350458955713,0.09539332435758079
4804,0.616674385573813,0.9179355416496909,0.09540253890173854
4805,0.6166938784086577,0.9179325440666422,0.09542195295651561
4806,0.6167338868808251,0.9179292313530677,0.0954196444602245
4807,0.6167641229339414,0.9179345885720036,0.0954082934013599
4808,0.6167117149836037,0.917915538547423,0.09543164494785733
4809,0.616716493886322,0.9179210302732906,0.09542870787931686
4810,0.6167085706055456,0.9179343272442506,0.09542224671393613
4811,0.6167050042575435,0.9179350535816817,0.0954360258497944
4812,0.616526068375479,0.9178060537480937,0.09551362323252391
4813,0.6165355613353632,0.9177990824459776,0.09550894162615559
4814,0.6165394501969576,0.9177822998239596,0.09551169640841833
4815,0.616532367252088,0.91779046631624,0.09552422394297444
4816,0.6165419369583365,0.9178070029827258,0.09552631737353237
4817,0.6165211180351773,0.9178015343151894,0.0955331590336776
4818,0.6165205312007119,0.9178190202163072,0.09553960275605172
4819,0.6165920343978423,0.9178195044412614,0.09554372645972757
4820,0.616613635892291,0.9178156806013466,0.09554410945343407
4821,0.6166486714783966,0.9178189664135347,0.09553771464268389
4822,0.6166311519527353,0.9178299268069386,0.09553752951886624
4823,0.6165951182278858,0.9178125907849731,0.0955298551625523
4824,0.6165831623170324,0.9178585844694961,0.09556679215270796
4825,0.6165628368811752,0.9178252536518267,0.09558215336343856
4826,0.6165862715018133,0.9178385544658418,0.09558156437258629
4827,0.6166019270135426,0.9178491574551132,0.09557883841449209
4828,0.6165750667973635,0.9178582347514738,0.095590103689145
4829,0.6165773185841753,0.9178486117412761,0.09559652469783413
4830,0.6167678721991818,0.9179060769455434,0.09562915083047
4831,0.6166852431049143,0.9178889561346686,0.09565678075638318
4832,0.6166768611724702,0.9178979258254838,0.09566392370375038
4833,0.6167170290078252,0.9179193008984549,0.0956703549928728
4834,0.6167411536705554,0.9179188627901631,0.09568125550956176
4835,0.6167845709091182,0.9179347461372664,0.09566064882302525
4836,0.6168090842653389,0.9179226558856364,0.0956589308874682
4837,0.6168137654557106,0.9179275173504526,0.09565491621465017
4838,0.6167436770702228,0.917890293517875,0.09566411400289687
4839,0.6168165776701724,0.9178952203146296,0.09567898352340373
4840,0.6168350155579443,0.9179039478929677,0.09567477801826069
4841,0.6168369862251859,0.9178912888691694,0.09568337475047076
4842,0.6168247985554192,0.9178874573431443,0.09568867352543886
4843,0.6168684926633278,0.9179100391354451,0.09568190614072863
4844,0.616874388119215,0.9178947783632826,0.09568347278798571
4845,0.6168842039486564,0.9178901551678881,0.09567975954014321
4846,0.6168592625269658,0.9178685648838265,0.09569086818342824
4847,0.616843838947466,0.9178681190894243,0.09568423957124184
4848,0.6168705254211284,0.9178812392798456,0.09567681910942956
4849,0.6168767274607468,0.9178637687509484,0.09571202975048848
4850,0.6168671430548969,0.9178627618704884,0.09572905772268259
4851,0.616929005456522,0.9178666664145623,0.09576170773681461
4852,0.6169604034527844,0.9178527314964405,0.0957713382525616
4853,0.6169897892316113,0.9178608249706723,0.09577644681084062
4854,0.6170153064203227,0.9178657825118683,0.09577927625353715
4855,0.6170160480840202,0.9178657402382613,0.0957730350389358
4856,0.6170014995151486,0.9178703634336558,0.09578553000696188
4857,0.6168755493517009,0.9178125984710835,0.09582239262818573
4858,0.6168690590842107,0.9178317099845471,0.09582654099392614
4859,0.6168398072280613,0.9178221292479566,0.09583770120861192
4860,0.6168787137646078,0.9178196120468066,0.09585222148778888
4861,0.6168670141122119,0.9178216219646714,0.09585851264344832
4862,0.6168524664549747,0.9178074487771279,0.09585825037174608
4863,0.6168136106454041,0.9177918690313847,0.09586442509534863
4864,0.6168567795794595,0.9178062151564117,0.09586242099052646
4865,0.6168417048201377,0.9177990786029224,0.09587217137869201
4866,0.6168453331269962,0.9178022299081788,0.09587015887575061
4867,0.616821484423457,0.9177981447405111,0.09587251635521034
4868,0.6168624559770236,0.9178266140933642,0.09587280379320116
4869,0.616866201829955,0.9178188088482718,0.09587923838625703
4870,0.6168551687806234,0.9177864042069034,0.09588933149715495
4871,0.6168515157915562,0.9177853243083948,0.09588871020132449
4872,0.6168432663914992,0.9178085901645195,0.09590394515752317
4873,0.6168244355169941,0.9177979487446963,0.09590940175557282
4874,0.6167573418779522,0.9177899398176789,0.0959285646113813
4875,0.6166038894658399,0.9176993052040601,0.09599325701073888
4876,0.6165823336210522,0.9176946627933897,0.09600291559366383
4877,0.6166158230781951,0.9177119296403617,0.09605172201593012
4878,0.6166062891283749,0.9177163683691071,0.096055845747429
4879,0.6166212142845798,0.9177200461729246,0.09605017429408547
4880,0.6166059355765323,0.9177357335242132,0.09605218092850612
4881,0.6166270988545192,0.917756236223656,0.09605684494186263
4882,0.6167274040168765,0.9177990132709842,0.09618098835634165
4883,0.6167248591976809,0.9177932448451429,0.09619394463486763
4884,0.6167220849658978,0.9177872343068245,0.09620746248624834
4885,0.6167420956803591,0.9177841598626719,0.09622361351668822
4886,0.6166931933713323,0.9177597564622106,0.096241264486725
4887,0.6166871040975433,0.9177800746950042,0.09620000553132106
4888,0.6166455620600093,0.9177671197559562,0.09621643843225156
4889,0.616654414035683,0.9177894210052281,0.09623048733254122
4890,0.6166670146065373,0.9177882834608916,0.09623917768511939
4891,0.6166792875329972,0.9177922725521797,0.09624212025639683
4892,0.6167433946205766,0.9178070990591055,0.09625925267693564
4893,0.616774820865198,0.9178116031197892,0.09625990293493716
4894,0.6168057386177167,0.9178207419050327,0.09624997272938228
4895,0.6168463600305606,0.9178235627075427,0.09624543815962654
4896,0.616892462546966,0.9178058615953342,0.09624704304336373
4897,0.6168811744816713,0.9178100658977129,0.09624350034887212
4898,0.616841186614442,0.9177907852898208,0.09625399963897077
4899,0.6167960160761624,0.9177581193206994,0.0962266962716969
4900,0.6167276742307574,0.9177368595393841,0.09624257388234222
4901,0.6167333226768981,0.9177408985903897,0.09624277555171631
4902,0.6167442620013532,0.9177294539720315,0.09624656073044442
4903,0.6167453213250266,0.9177248922655201,0.09625815652536251
4904,0.6167275953269207,0.9177259760070839,0.09626412976447253
4905,0.6166452964864998,0.9176921686505709,0.09629276205646224
4906,0.6166497154974591,0.9176982483638827,0.09628884508021694
4907,0.6166583499933549,0.9176952008211164,0.09629164673546273
4908,0.6164227776217384,0.9175768539365171,0.09637994741222676
4909,0.6164494265188738,0.9175737218465366,0.09638230697128695
4910,0.6164581251909561,0.9175533959276327,0.0963853228085275
4911,0.6164563459401777,0.9175541722247813,0.0963867646065177
4912,0.6164192718081756,0.917556704798152,0.09639711970042408
4913,0.6163950540173814,0.9175563704523504,0.09640274499082897
4914,0.6163867193016348,0.9175560437926592,0.0963945385353101
4915,0.6164292836253181,0.9175746787672792,0.09638484164324099
4916,0.6164311181299494,0.9175785564099667,0.09639026385556526
4917,0.6164402411472677,0.9175873224188568,0.09639111226026802
4918,0.616412370293025,0.9175751629922332,0.09639695984086596
4919,0.6164281602335988,0.9175744174395262,0.09639131500450446
4920,0.6164229406148879,0.9175811658444412,0.09639803585988224
4921,0.6164209647734233,0.9175832257220234,0.09641174526604461
4922,0.6164383968579277,0.917581546306905,0.09643180459227398
4923,0.6163043588807039,0.9175532037748733,0.09641652963413941
4924,0.6162936301109563,0.9175531000123831,0.0964274629838976
4925,0.6162735813382502,0.9175265560301805,0.0964698283446079
4926,0.6162748279244283,0.9175267520259953,0.09647700696686734
4927,0.6162464391829541,0.917519311871146,0.09648211629297844
4928,0.6162879929274755,0.9175241848651279,0.09648183359040645
4929,0.6162925767827357,0.9175376778319027,0.0964551743911519
4930,0.6163435591983086,0.9175777070947695,0.09643879243480326
4931,0.6163783090580776,0.9175870572480486,0.09644386392624475
4932,0.6165060696598482,0.9176154343675771,0.09644894647754262
4933,0.6165362577251866,0.9176090779542916,0.096458800374794
4934,0.6165032547707638,0.9176632150727637,0.0965304159876986
4935,0.6165308970538385,0.9176772768117067,0.09654835242981705
4936,0.6165252360836408,0.9176686837403002,0.09655430118653029
4937,0.6165035315500288,0.917660682499393,0.09656428361579175
4938,0.6165045810536932,0.9176734721870679,0.09656925140922562
4939,0.616452972915605,0.9176687067986313,0.09657201415544801
4940,0.6164906622854135,0.9176621082728689,0.09657790220221009
4941,0.6165466799282041,0.9176699865360098,0.09657577251936866
4942,0.6165601681149303,0.917675831822955,0.0965815508777283
4943,0.6165771859951923,0.9176960731946447,0.09657837505024469
4944,0.6165580517570304,0.9176847592401631,0.09658521930295877
4945,0.6165381547229215,0.9176755935535331,0.09660288680266511
4946,0.6165413201987475,0.9176797786406359,0.09660155882735293
4947,0.6166201922463599,0.9177040898077726,0.09657402238108297
4948,0.6166089918722151,0.9177126905652895,0.0965675964701217
4949,0.6166486950848351,0.9177048046160381,0.0965661061107609
4950,0.616615673404347,0.9176933561546249,0.0965682193887891
4951,0.6166284590766788,0.9176992398721219,0.0965718252365581
4952,0.6166087328079889,0.9176963191501769,0.09656866453823265
4953,0.6166209834975142,0.9177018300913204,0.09658231469415889
4954,0.6165836173504822,0.9176881795592828,0.09659162366210752
4955,0.6165727717015277,0.9176912424742699,0.09654015125523727
4956,0.6165639176424172,0.9176879259176403,0.0965398277488134
4957,0.6165736074396077,0.9177417555916972,0.09654138527427135
4958,0.6165588982701358,0.9177413059542399,0.09654885674316217
4959,0.6165889047409633,0.9177526506531629,0.09657453973657662
4960,0.6165833654604743,0.9177576696832421,0.09657219154068651
4961,0.6165957892091775,0.9177603982524275,0.09656607421884683
4962,0.6166183974175884,0.9177535806725191,0.09656421658400116
4963,0.6166321778734829,0.9177589993803381,0.09656047937758655
4964,0.6166370701765925,0.9177677769183937,0.09656432787164909
4965,0.6166391767581407,0.9177662665977038,0.09656126072351434
4966,0.6166384626349024,0.9177693218265804,0.09656942206826324
4967,0.6166478236476073,0.9177698098945897,0.09656918366356486
4968,0.6166876467789667,0.9177770847980657,0.09657484731425907
4969,0.6166560662398897,0.9177877146887234,0.09658627694592498
4970,0.6166357256374487,0.9177597065024932,0.09659865395923248
4971,0.6166234422630088,0.9177653058339061,0.09660660851876064
4972,0.616636352041016,0.9177799440311277,0.09659057218720701
4973,0.6166155945955941,0.9177517552213035,0.09660635442138686
4974,0.616582052497145,0.9177482119244177,0.09661889869018653
4975,0.6166082559917745,0.9177558519181369,0.09661073732411707
4976,0.6166639383909703,0.9177592530219807,0.09662172407540967
4977,0.616562965417359,0.9176765965909379,0.09667729567176496
4978,0.61656428991952,0.917667027383513,0.09668354410156228
4979,0.6166078476861386,0.9176770885020024,0.09668791161492293
4980,0.6165990062820438,0.9176634994588478,0.09669238634808168
4981,0.6165982675058435,0.9176412481692934,0.09669322462765038
4982,0.6164816516323576,0.9175992627913344,0.09674922812641493
4983,0.6164438104561574,0.917592283803108,0.096756654827483
4984,0.6164287926475507,0.9176127365428332,0.09676719108490009
4985,0.6164552701973972,0.9176086283168343,0.09676857929714901
4986,0.6164745325045405,0.9176141085135363,0.09676194708743305
4987,0.6164747395404412,0.9176193773422028,0.09676771857816177
4988,0.6165136631265163,0.917611502922117,0.09680498525317704
4989,0.6165272972331372,0.9175884445909724,0.09680756974164903
4990,0.6165275913850732,0.917609650569515,0.09681408010523157
4991,0.6166616151888702,0.9176917151700584,0.096835977621317
4992,0.6166729984054198,0.9177017340149407,0.09684367458331317
4993,0.6166915104423741,0.91771219481117,0.09685382494342941
4994,0.6167222847957063,0.9177261643167883,0.09685533349238841
4995,0.6167385679190733,0.9177300957622484,0.09685035761335692
4996,0.616783928905211,0.9177539496058175,0.09688472936099644
4997,0.6167531118456501,0.9177465056079129,0.09688627501686138
4998,0.6167117059637662,0.9177367019741214,0.09689142515218147
4999,0.6167518117978409,0.9177492380201536,0.09690006190137178
5000,0.6169022448301444,0.9177981716418975,0.09694045791038348
5001,0.6168455418484,0.9177613052134526,0.09696041801381108
5002,0.6168331224105719,0.9177546413557518,0.09697770059616835
5003,0.6168295554947082,0.9177550717779331,0.09698683801028664
5004,0.6168177683082658,0.9177520434504428,0.09700443777362058
5005,0.6168414409287536,0.9177630115299572,0.09700119741162418
5006,0.6168207417405168,0.9177642566798391,0.09700851188031724
5007,0.6168300740314426,0.9177523470518029,0.0969973712974872
5008,0.6168489288259743,0.9177608824773815,0.09699172124827764
5009,0.6168595355666624,0.9177848785139926,0.09700611673451714
5010,0.616856149494324,0.9177841137460097,0.09701769757831252
5011,0.6168583115364278,0.9177906853703859,0.09701305714223203
5012,0.6168756247536347,0.9178000893264376,0.09700615989877577
5013,0.616910795043827,0.9178379203617354,0.09701045901226972
5014,0.6169073673167575,0.9178416481252705,0.09700241810448111
5015,0.6169292484494029,0.9178424474807502,0.09699597691128975
5016,0.6169222910809585,0.9178415751072219,0.09700040419877118
5017,0.6169593109078235,0.9178353647300336,0.09701467621630129
5018,0.6169477848930311,0.9178335546510387,0.09708100852108204
5019,0.61695222234538,0.917829369563936,0.09708815682870263
5020,0.6168929850450564,0.9177972992683692,0.09709612105575148
5021,0.6169643690270484,0.9178329858788705,0.09708325148571358
5022,0.6169250511994654,0.9178094279505512,0.09709637524259943
5023,0.6169734836208094,0.9178126330585803,0.09709009814376963
5024,0.6169535876745903,0.9178101235435406,0.09708553785485935
5025,0.6169169862346777,0.9178120373850257,0.09709410539045436
5026,0.616789341026479,0.9177525930073351,0.09705756609363385
5027,0.6168408064788162,0.9177635995174014,0.09705220709531617
5028,0.616851336245817,0.9177704824292481,0.09704875480709328
5029,0.6169225481452929,0.91775420324746,0.09704635381122427
5030,0.6169708739328801,0.9177705208597999,0.09704609180290516
5031,0.6169975749786746,0.9177752516607398,0.097043679277424
5032,0.6170309417111566,0.9177940480436778,0.09702869755858758
5033,0.6170072260927405,0.917774732848289,0.09704152580127108
5034,0.616984369543299,0.9177563207708701,0.09705761897459848
5035,0.6170007437666702,0.9177559902681237,0.09706715326870499
5036,0.6170148496735479,0.9177577926610082,0.09706826805276031
5037,0.6170393258714988,0.9177674233573162,0.09708630014921618
5038,0.6170790497522058,0.9177649445867182,0.09710079597194864
5039,0.6170814770643432,0.9177565551972368,0.09711137773565191
5040,0.617116498911648,0.9177622736633606,0.09710708221450443
5041,0.6172663371943203,0.9178419786280169,0.09712599501514907
5042,0.6172392736478634,0.917801668822121,0.09711614040703465
5043,0.6172432638670006,0.9177958811810037,0.09711383933579948
5044,0.6172315656202549,0.917799674276477,0.0971447024216497
5045,0.6172068616193485,0.9177910888911809,0.09715387170878138
5046,0.6172615501533499,0.9178021069304128,0.09714356213108906
5047,0.6172717711570624,0.9177997165500841,0.09714312177298738
5048,0.6172504150102288,0.9178199041190012,0.09717111947406944
5049,0.6172068211540893,0.91781091521291,0.09718300374603993
5050,0.6171932030077433,0.917804408920472,0.09718882370216891
5051,0.6171716974510515,0.9178028063664575,0.09718707165850707
5052,0.6171454107742229,0.9177724077998987,0.0971976048618699
5053,0.6171457540091952,0.9177554829848386,0.09721607658005832
5054,0.6171529398633182,0.9177461366746147,0.09722455951677429
5055,0.6170980307527082,0.9177445956094832,0.09728539331704125
5056,0.6169074096091789,0.9176091586584506,0.09741908182322498
5057,0.6168383390882712,0.9176004041787261,0.09745888712657953
5058,0.6168424084104456,0.9175938363974051,0.09744714797844634
5059,0.6168704340400105,0.917610011816703,0.09744577339454857
5060,0.6169420677073297,0.917620288146283,0.09743864357568698
5061,0.6169363272111258,0.917616318270271,0.09743437396279783
5062,0.6169521418122751,0.9176279358261127,0.09743129841398791
5063,0.6170374716037135,0.9176436731371188,0.09745050173846975
5064,0.6171811262555866,0.9176795672726004,0.09735619061146536
5065,0.6171894741855298,0.9176678267389926,0.09737121078592176
5066,0.6172722497755974,0.9177055962854074,0.09737198723417949
5067,0.6172788468582969,0.917698156130558,0.09739465216568571
5068,0.6172574971311919,0.9176868690774629,0.09739387360331424
5069,0.6172596109919266,0.9176723192705106,0.0974027771952373
5070,0.6172559945679088,0.9176718158302807,0.09739751952576128
5071,0.6172326434403741,0.9176739602550771,0.09739737767107483
5072,0.6172796987614734,0.9176932370199139,0.0974009379571959
5073,0.6172438014120136,0.9176827262639672,0.09742042748465356
5074,0.6172041107914333,0.9176895553730412,0.09742608452596908
5075,0.6172245669005316,0.9177056654604008,0.0974180038398737
5076,0.6172939013916026,0.9177318674106913,0.09741302598202554
5077,0.6172786567234348,0.9177404566390427,0.09741800409432257
5078,0.6172958788019087,0.9177471627703506,0.09743480863149183
5079,0.6173449654634515,0.9177894671218904,0.0974809032377472
5080,0.6174044052211649,0.9177866693777115,0.09750365399923268
5081,0.6173742295758919,0.9177768772730854,0.09750234213289957
5082,0.6173568914796403,0.9177645602811991,0.09750458214249032
5083,0.6174075572236124,0.9177597718344315,0.09749769053575418
5084,0.6174298236398382,0.9177362638658296,0.09750238989669885
5085,0.6175098954873576,0.9177200346437591,0.09755619318913379
5086,0.617509383043764,0.9177187472202701,0.09755483726998433
5087,0.6175059916591449,0.9177070028436072,0.0975617844615258
5088,0.6175139328671363,0.9177232743392848,0.09756881676333648
5089,0.6175394509519844,0.9177437693526171,0.09757518963309203
5090,0.6175903631361113,0.917782065397593,0.09768275054332205
5091,0.6176013813592387,0.9177820154378755,0.09770841125750251
5092,0.6176246167319712,0.9177946321880668,0.09770615117486886
5093,0.6176446307634621,0.917806242057798,0.09771081799701632
5094,0.6177065110538515,0.9177833528210819,0.09773416524215402
5095,0.6177124964537772,0.9177751863288015,0.09772531970325335
5096,0.6176949445286237,0.9177690220682756,0.09773714963263853
5097,0.6176989144842245,0.9177802322602671,0.09772885766089014
5098,0.6176883557493372,0.9177639031187615,0.09773238675837348
5099,0.6176863167882554,0.9177802630047085,0.09778465416878114
5100,0.6176846136448452,0.9177779725438149,0.0977846588005396
5101,0.6176448780959068,0.9177579809707126,0.09779987409228963
5102,0.6175791126263847,0.9177105384543827,0.0978540871938136
5103,0.6175758419147297,0.9177020606746319,0.09784680546050584
5104,0.6176255067764596,0.9176991399526869,0.09784512308800825
5105,0.6176457037440859,0.9177200692312557,0.09785127560333749
5106,0.6176649777564269,0.9177191622702308,0.09784585093611421
5107,0.6176930484844901,0.9177498874964808,0.09784881848048115
5108,0.6177375801269921,0.9177616856759164,0.09786138091855472
5109,0.6177142444273968,0.9177629577271845,0.09786955504597797
5110,0.6177334716369777,0.9177616549314749,0.09787343668488563
5111,0.617672254565981,0.9177403759348837,0.0978758429476899
5112,0.6176736445258135,0.9177411983486945,0.09788155063043445
5113,0.617669160952189,0.9177404527959875,0.09788349507795564
5114,0.6177349480187038,0.9177579463832158,0.09789464526239235
5115,0.6178105464032734,0.9177613090565078,0.09790831535999624
5116,0.6178064106371365,0.9177663319296421,0.09790521598120193
5117,0.6177871523470602,0.9177789563659436,0.09791432146010808
5118,0.6177725565596845,0.917771066573637,0.09788712012423385
5119,0.6178175957990878,0.9177795174520015,0.09788191040653349
5120,0.6178400463200059,0.9177745368524743,0.09788071820244654
5121,0.6178620881226241,0.9178017917998872,0.09788814044293065
5122,0.6179675120192063,0.9178066916952553,0.09790335280755987
5123,0.617979859110025,0.9178110497198416,0.0978991623932504
5124,0.6180027086262917,0.9178131019113135,0.09790064021224026
5125,0.6180184196375429,0.9178135169612741,0.09789715289522123
5126,0.6180841201038957,0.9178364177271559,0.09796538600103376
5127,0.6180876904137823,0.9178327821969454,0.09796824684613978
5128,0.6181407046418212,0.9178352494383778,0.09798035543763098
5129,0.6181407215542672,0.9178352801828193,0.0979770952862102
5130,0.618145291583861,0.9178343693787392,0.09797519858024624
5131,0.6181643516536004,0.9178393922518735,0.09796955130299159
5132,0.618189952862851,0.9178261029670238,0.09798030353623798
5133,0.618286635061118,0.9178823845102925,0.09796774435073749
5134,0.6182672929026024,0.9178498261467164,0.09796635917087482
5135,0.6182675116181857,0.9178515094048899,0.09797838178947986
5136,0.6182651175174295,0.9178360103633056,0.09798221532817161
5137,0.6182920975967062,0.9178223137146058,0.09798803625505316
5138,0.6183118888347832,0.9178235857658739,0.09800372738853803
5139,0.61826705847111,0.9178116684517273,0.098029176795137
5140,0.6183040671984494,0.917828362683476,0.0980132696503387
5141,0.6182420077735974,0.9178172600970299,0.09803543146320577
5142,0.6182420839886676,0.9178110612490072,0.09804142490243761
5143,0.6182362647255714,0.9178100658977129,0.09804628249519137
5144,0.6182352865619495,0.9178203575995136,0.09805305232712211
5145,0.618251045623329,0.917849856891158,0.09805183820552317
5146,0.618288646026035,0.9178775230454761,0.09805320379269146
5147,0.6183249353561571,0.9178846865003517,0.09806220575487552
5148,0.6182974700468093,0.9178809587368166,0.0980708865489474
5149,0.6182856767574529,0.9178999011558518,0.09807556716244724
5150,0.6183227909876766,0.9179076372259509,0.09808057090175175
5151,0.6183121955089143,0.917909493421608,0.09808224434171149
5152,0.6182753771755283,0.9179174639180736,0.09809344676953353
5153,0.618268202402263,0.9179180250041314,0.0980905439951672
5154,0.6183032195638626,0.9179209918427388,0.09809113507452827
5155,0.6182932598029032,0.9178784223203907,0.09814386806914949
5156,0.6183052600266206,0.9178714279599436,0.09814969955592388
5157,0.6182669539712953,0.9178518629659674,0.09816969220642728
5158,0.6182773608731424,0.9178489806745744,0.0981733088153142
5159,0.6182711942041106,0.9179118223130536,0.09820240178764433
5160,0.618256378318549,0.917903790327705,0.09821162350122961
5161,0.6182823374833534,0.9179179366138621,0.09820206229521132
5162,0.6182830178426375,0.9179162149251366,0.09820523985537918
5163,0.6182916693897398,0.9179374862356174,0.09818921622377873
5164,0.6182877780205757,0.9179388620493757,0.09819327216598897
5165,0.6182961959628717,0.9179431316836927,0.09819534194732793
5166,0.618316081507855,0.9179146008419565,0.0982347496766794
5167,0.6183283779621538,0.917922728903685,0.09822841839085006
5168,0.6183312901001403,0.9179131174226529,0.09824032459631118
5169,0.6184569926814086,0.9179297847530152,0.09825776686253851
5170,0.6184886902928621,0.9179492306122804,0.09825728463601065
5171,0.6185557496838299,0.9179615860347187,0.09825961108011227
5172,0.6186118774995101,0.9180153119462854,0.09829078511191808
5173,0.6184722945868663,0.917927140731044,0.09838115507046459
5174,0.6184612498066304,0.9179208688649726,0.09838454227975861
5175,0.6184406553673725,0.9179124064574425,0.09839107214323536
5176,0.6184685897038337,0.917923735784145,0.09838736508615879
5177,0.6184489463187381,0.9179305341487773,0.09840370681567916
5178,0.6184365583788531,0.917929942318278,0.09839917635122623
5179,0.6184588523645007,0.9179452261487716,0.09841404360204954
5180,0.6184240634156349,0.9179349421330811,0.09842353530429551
5181,0.6183902543641367,0.9179280169476275,0.09843645573465054
5182,0.618363794605978,0.9179026643125341,0.09847225426872169
5183,0.6183592527317128,0.9179235052008335,0.09847979341723748
5184,0.6183945785518234,0.917939330902109,0.09847124307868697
5185,0.6184248882087497,0.9179474743360582,0.09847041126935512
5186,0.6184248166945587,0.9179404569172799,0.09847495163317474
5187,0.618415657551379,0.9179323865013793,0.09848332119946074
5188,0.6184123561578552,0.9179244698076864,0.09849966512061675
5189,0.6184665926231591,0.9179216682204523,0.0985073734500117
5190,0.618470704649406,0.9179060423580467,0.09851881366978497
5191,0.618490104017391,0.9179344655942375,0.0985098390070742
5192,0.61847705489749,0.9179222293065101,0.09852362144408564
5193,0.6184862398303614,0.917911084446457,0.09851337245155188
5194,0.6184055238448526,0.9178821385547602,0.09852825340199822
5195,0.618413239390925,0.9178946938160684,0.09854235059296684
5196,0.6184247675635843,0.9178894211443467,0.09854563082249689
5197,0.6184253430389488,0.9178787720384132,0.09855374003383931
5198,0.6184093673039869,0.917857393122387,0.09856309026645102
5199,0.6184070827255275,0.9178629002204753,0.09857039038450008
5200,0.6184164363606568,0.9178658978035241,0.0985686637997117
5201,0.6184211525890257,0.917872945966744,0.09857122966230447
5202,0.618394864046995,0.9178765469094576,0.09857470485459223
5203,0.6183933667107953,0.9179100468215555,0.09857966636763285
5204,0.6183812221736872,0.9179012769696102,0.0985916735311746
5205,0.6183900203455029,0.9178903780650892,0.0985868707900448
5206,0.6183849874259222,0.9178928568356872,0.0985830637276636
5207,0.618360852712997,0.9178881875236304,0.09860330461055083
5208,0.6183437825290772,0.9179075373065159,0.09861299879034754
5209,0.6183662006268237,0.9178929144815151,0.09860906358442213
5210,0.6183549192889317,0.9179016036293014,0.09861126901709392
5211,0.6183545940557004,0.9179032330847022,0.0986060424617303
5212,0.6184258225870023,0.9179099200007341,0.09860974441770426
5213,0.6184384585557535,0.9179197159484154,0.0986190946193585
5214,0.6184396953416875,0.9179088516313911,0.09862593011482627
5215,0.6184533596717081,0.9178998473530792,0.0986349974629387
5216,0.6184909926224211,0.9179149620891445,0.09865106490361676
5217,0.6184184023426291,0.9178861468613242,0.09862555194738477
5218,0.6184139772845504,0.9178836411893398,0.09862212236781262
5219,0.6184002812311403,0.917878768195358,0.09862729611908336
5220,0.6183908733517384,0.9179034521388482,0.09865144820100254
5221,0.6184069260753998,0.9179141243031128,0.09863913024916215
5222,0.6183243245316006,0.9178684034755085,0.09867315535184247
5223,0.618349318929575,0.9178727768723155,0.09866408133994875
5224,0.618398802783681,0.9178735839139056,0.09868443020843103
5225,0.6184787640989033,0.9178725616612249,0.09874679441286756
5226,0.6184716213151327,0.9178610747692597,0.09875606031666342
5227,0.618532890709286,0.9178762971108703,0.09875923451615974
5228,0.6185121574006117,0.9178629962968551,0.09876954380450467
5229,0.6185539164923137,0.9178497992453301,0.09876729042637933
5230,0.6185556403774672,0.9178404875226028,0.09875318266542135
5231,0.618593576519805,0.9178490498495678,0.0987427698993264
5232,0.6185861260461838,0.9178438348236739,0.09873863713404414
5233,0.6185549316166773,0.917829469483371,0.09874802440929047
5234,0.6186003355673607,0.9178489114995809,0.0987371503251692
5235,0.6185740252468976,0.9178608019123412,0.09875626472076697
5236,0.6186251341151828,0.9178812200645696,0.09876077390145283
5237,0.6186704590075152,0.9178714894488267,0.09871166151176665
5238,0.6186405479013691,0.9178705940169672,0.09872764677701369
5239,0.6186512481937421,0.9178800633049572,0.09872897780600194
5240,0.6186732394071437,0.917887714827842,0.0987349847302337
5241,0.6186973390293805,0.9178769619594183,0.09874645130645439
5242,0.6187269205403091,0.9178831684935513,0.09875038578146035
5243,0.6187476550720562,0.9178795637077825,0.09874997860391777
5244,0.6187302875565779,0.9178721081807123,0.09874327569310583
5245,0.618754714614736,0.9178664435173611,0.09875051997056569
5246,0.6189004186647088,0.91788787623616,0.09878284920305547
5247,0.6189796528243792,0.9179290814739153,0.09877539973373922
5248,0.6190024130789713,0.9179458295084366,0.09877361565601671
5249,0.6189852601105427,0.9179509792023922,0.09879249175851156
5250,0.6189802173948112,0.9179491345359007,0.098799983386383
5251,0.6190250099651945,0.9179466903527993,0.09884300607905261
5252,0.6190077313433701,0.9179843023339512,0.09885450850239474
5253,0.6190100309554348,0.9180011541309626,0.09885493667566646
5254,0.6189877311355169,0.9179992633478088,0.0988656359233927
5255,0.618957249126244,0.9179817505453045,0.09887031967902285
5256,0.6189380300591303,0.9179823001021968,0.09887575037870089
5257,0.6190718324082111,0.9180150121879805,0.09890672576735507
5258,0.6190656937208071,0.9180218835706616,0.09891074879010678
5259,0.6190822428231464,0.9180136440603326,0.0989125568998213
5260,0.6190681656999272,0.9180040902251284,0.09891879492803085
5261,0.6190515152413165,0.9179997129852662,0.09892945148454907
5262,0.6190453794522898,0.918015323475451,0.09893760762239251
5263,0.6190415951633734,0.9180133827325796,0.09893380342304373
5264,0.6191072511105312,0.9180131752075994,0.09892501325248323
5265,0.6191108461948652,0.9180375286483432,0.09893211681471965
5266,0.6191367745670022,0.9180151121074155,0.09893845556259209
5267,0.6191468343022464,0.9180091169413179,0.09894824523031497
5268,0.6191576072608483,0.9180175831919032,0.09894150206263402
5269,0.6191605498667426,0.9180061462596555,0.09893548516798356
5270,0.6192362446102622,0.9180219412164895,0.09895154064036114
5271,0.619198497059333,0.9180299232421206,0.09895687836328938
5272,0.6192014992022814,0.9180309147503599,0.09895858895525973
5273,0.6191384400085337,0.9180152504574024,0.0989663565636063
5274,0.6191852917457508,0.9180195200917193,0.09896786725593512
5275,0.6191927576429987,0.9180200465902804,0.09897281197537422
5276,0.6191956978135703,0.9179915541790962,0.09896396069430667
5277,0.6192161000528558,0.9179920537762709,0.09895892233574147
5278,0.6192273807505408,0.9179958084411923,0.09898801264190474
5279,0.6192312795325202,0.9180001203491164,0.0989866917449102
5280,0.6192197586939517,0.9180108885897609,0.0989491053415253
5281,0.6192346011983314,0.9180580198186202,0.09895449141548995
5282,0.6192415478778026,0.9180555218327463,0.09895388517847477
5283,0.6192257592441319,0.9180401188675417,0.09896371798221468
5284,0.6192221560537555,0.9180226713969757,0.0989624623360806
5285,0.6192091443377554,0.9180069648304111,0.09895811917007521
5286,0.6192204130079331,0.9180115649674744,0.0989545111690557
5287,0.619210234886248,0.9180063268832495,0.09895647758210374
5288,0.6192008710444702,0.9180090938829868,0.09896151354328546
5289,0.6191926815762993,0.9179744564265525,0.09891211507463744
5290,0.6192127440465329,0.9179820925772165,0.0989033845950819
5291,0.6191773174744756,0.9179814738453308,0.0989163394535076
5292,0.619175243296896,0.9179550989575567,0.09892553788608857
5293,0.6191744210296477,0.9179505103496589,0.09893757384837835
5294,0.6191497330740174,0.917943177800355,0.09894587304745188
5295,0.6191717655905694,0.9179540536465448,0.09893414129281569
5296,0.6191831739210615,0.9179573778892848,0.09893934766611871
5297,0.6191610322302904,0.9179460677778584,0.09895165935465881
5298,0.6191954059218501,0.91794126395887,0.098961468488993
5299,0.619169535434719,0.9179394231354336,0.09896825215209275
5300,0.6191548764272945,0.9179339275665108,0.09897553107221814
5301,0.6193180255463677,0.9180441271741057,0.09897106899607887
5302,0.619305749450237,0.9180319370030406,0.09897423262510063
5303,0.6193165413734608,0.918037040580334,0.09898579748553026
5304,0.6192650169657165,0.9179960697689453,0.09902595448174314
5305,0.6192762694425703,0.917991592609648,0.09904774036966886
5306,0.6193045817318903,0.9179809511898249,0.09905347684259443
5307,0.6193583244291827,0.9179853476449631,0.09905199601878079
5308,0.619366430007694,0.9180077103831181,0.09905355728646441
5309,0.6193845360028666,0.9180237167079875,0.09905938754058856
5310,0.619361767484319,0.9180328285918449,0.09906252002135765
5311,0.61936786635886,0.9180355148874232,0.09906110437073652
5312,0.619443876972629,0.9180606907419778,0.09905769562988816
5313,0.619500395730132,0.9180682730898692,0.09905309746038031
5314,0.6194471204060722,0.9180431817825287,0.09906681100142398
5315,0.6194821679176998,0.9180414831521344,0.09908960812807156
5316,0.6194821748159104,0.9180415715424038,0.09908719958372698
5317,0.6194709698696845,0.9180523090386068,0.09909551206436201
5318,0.6194541251323512,0.9180572127770302,0.09907294440555359
5319,0.6194991586058499,0.9180834493148174,0.09907745458114998
5320,0.6194950419751363,0.918077899943122,0.09908486574722564
5321,0.6194569671379223,0.9180666090469716,0.099093725392901
5322,0.6194606462427128,0.9180540653148289,0.09908910474179783
5323,0.6194395458185799,0.9180232785996958,0.09910232797044076
5324,0.6194207253339737,0.9179645375011052,0.09912912999258722
5325,0.6193869832901499,0.9179435966933708,0.09914062822169804
5326,0.6193854093703786,0.9179410064741722,0.0991371948275011
5327,0.6193558553288154,0.9179283551364842,0.09914743089753823
5328,0.6193663470219527,0.9179261031061424,0.09914638692625138
5329,0.6194080778511726,0.917934334930361,0.09915492302880677
5330,0.6193790730983361,0.9179140282267331,0.09916229191665521
5331,0.6193703419123436,0.9179179020263654,0.09915818684782575
5332,0.6193727297231469,0.9179406260117083,0.0991657986114819
5333,0.6193558313243063,0.9179387083271681,0.09917333353354717
5334,0.619383200823192,0.9179322404652821,0.09917944063307636
5335,0.6193810281855966,0.9179243007132579,0.09918133505993942
5336,0.6194655053188826,0.9179505141927141,0.09918905702228863
5337,0.6194243575652567,0.9179464174958808,0.09919900005350969
5338,0.6194018247440423,0.9179365254718198,0.0992296803123755
5339,0.6194021054703304,0.9179377129758737,0.09922776598653843
5340,0.6193941963298855,0.9179154501571537,0.09923336293279865
5341,0.6194169630500631,0.9179236204924892,0.09924568045244228
5342,0.6194692291032226,0.9178926147232103,0.09933348859123377
5343,0.6194646468177331,0.9178956430507005,0.09933574206488635
5344,0.6194728671640298,0.9178953625076716,0.09933611719022419
5345,0.6194317663283458,0.917887292091771,0.09934135434389414
5346,0.6194175455706263,0.9178691836157122,0.09934511310326166
5347,0.6194428855347408,0.9178805052563042,0.09933996177785435
5348,0.6195023996399293,0.9178585959986617,0.09934631768362671
5349,0.6195198015102514,0.9178664089298645,0.09935348098379437
5350,0.6194954892359974,0.917854895136513,0.09937469907914785
5351,0.6194908432731276,0.9178555868864473,0.09938036479862213
5352,0.6195071157705799,0.9178575430015394,0.09938417565518239
5353,0.6195476177837783,0.9178565937669073,0.09938876683899583
5354,0.6195510162900877,0.9178503718605534,0.09940450438537927
5355,0.6195367083548009,0.9178551026614933,0.099419124158928
5356,0.619526564263576,0.9178525547159018,0.09943058517900573
5357,0.6194845962631137,0.9178180056497369,0.09945055106735075
5358,0.619516764507907,0.9178443651652903,0.0994356152878268
5359,0.6195293811667065,0.9178336276690874,0.09944008721775961
5360,0.6195396532149875,0.9178353647300336,0.09946941818220087
5361,0.6195784685374003,0.9178441192097581,0.09946402354171936
5362,0.6195776105760223,0.9178301304888637,0.0994735734721902
5363,0.6195527161113149,0.9178158035791126,0.09947732682351416
5364,0.6195396130829474,0.9178083941687049,0.09949794503417086
5365,0.6195354654322733,0.9178081251548414,0.0994966429549389
5366,0.6195436742235662,0.9178263181781146,0.09947105824463705
5367,0.6195551415560929,0.9178015420012997,0.09945785389229984
5368,0.6195388731142328,0.9177945668561285,0.09946376108803777
5369,0.6195364696178257,0.9177919113049917,0.09946662242245344
5370,0.6195045035146743,0.917801930149874,0.09947146488217666
5371,0.6195029177294556,0.9177991439348607,0.09947702036692563
5372,0.6194392443875942,0.9177778265077176,0.09951523313396123
5373,0.6194654921610995,0.9177947897533296,0.09951588928744257
5374,0.61945106208528,0.917781903989275,0.09952091825405658
5375,0.6194541862387306,0.9177784951993208,0.09952092430982351
5376,0.6195025103419597,0.9177959388268316,0.09951602452873079
5377,0.6194667768182073,0.9177947974394399,0.0995253211276012
5378,0.6194682930624311,0.917782065397593,0.09953165547478558
5379,0.6194643457148977,0.9177737836136569,0.09953671276647347
5380,0.6194742089446729,0.9177763392453587,0.09954771255468675
5381,0.6194362360669321,0.917749891339536,0.09955365208840694
5382,0.61936897510418,0.9177409600792727,0.09956873166280943
5383,0.6193717090649473,0.917742155269437,0.09957306527939924
5384,0.6193590356367522,0.9177447378025252,0.09958018876816652
5385,0.6193542847828586,0.9177367865213355,0.0995776678348866
5386,0.6193775704796317,0.917763207525772,0.09956437749179146
5387,0.6193892961872786,0.9177685762738734,0.0995648078433609
5388,0.6193979654673447,0.9177770002508516,0.09955909020150042
5389,0.6193979654673447,0.9177770002508516,0.09955044794308153
5390,0.6194420385213121,0.9177918498161086,0.09954791654274482
5391,0.6192946486500384,0.9177189893327472,0.09952181115866994
5392,0.6193215999331534,0.9177201998951322,0.09952097725658547
5393,0.6193817154433092,0.9177102809696849,0.09954893827973647
5394,0.6192975491660757,0.9176362406683799,0.09961813756141083
5395,0.6193504883442603,0.9176507597308905,0.09961365953444055
5396,0.619335111418009,0.917648857418571,0.09962323552135477
5397,0.6193312603013683,0.9176407793165602,0.09962636646187518
5398,0.6193532788380264,0.9176389615514549,0.09962687307016065
5399,0.6193542052149716,0.9176330278742404,0.09962635787560192
5400,0.6193423485181915,0.9176344498046609,0.09962823975208214
5401,0.6193477299501267,0.9176246884444764,0.09963788809560162
5402,0.6193499152641434,0.9176398339249832,0.09965113250652687
5403,0.6193562658282001,0.9176335697450223,0.09965011693324631
5404,0.619365350467519,0.9176444340620465,0.09965554838541077
5405,0.6193648987091678,0.9176453563952923,0.09967208887418942
5406,0.6193934010014137,0.9176551139124216,0.09967492310780221
5407,0.6194058569047685,0.9176372283335639,0.09967866314730928
5408,0.6194016691949564,0.9176336965658436,0.0996844399428852
5409,0.619385052562659,0.9176504791878616,0.09969365341883145
5410,0.6194140141109582,0.9176518281002336,0.09969066007045518
5411,0.6194034410342192,0.9176560823623298,0.09969024743297586
5412,0.6194034410342192,0.9176560823623298,0.09968475858725641
5413,0.6194605540086815,0.9176786487824098,0.09968499301747707
5414,0.6194722649903156,0.9176834372291774,0.09968483541569688
5415,0.6194895607176916,0.9176821882362405,0.09968733392320737
5416,0.619491808273473,0.9176829952778306,0.09968143441954352
5417,0.6195037255237278,0.9176910580076207,0.09967144926601716
5418,0.619474034074119,0.9176530386626186,0.09966765599522613
5419,0.6194632004094663,0.9176432158135511,0.09967851016322853
5420,0.6194416423697124,0.9176380853348715,0.09968928643605866
5421,0.6194204658143773,0.9176036515603623,0.09969128489769288
5422,0.619406397566811,0.9175941207834892,0.09969575353415105
5423,0.61940381891832,0.9175992512621689,0.09969893513792176
5424,0.6194289235865835,0.9176064608337067,0.09970069782239532
5425,0.6194392903630705,0.9176261219040626,0.0997018984262616
5426,0.6194434751741641,0.917639626400003,0.09969949698004055
5427,0.6194458190050818,0.917630722041126,0.0997019374548917
5428,0.6194339216324316,0.9176264255054226,0.09971835074077404
5429,0.6194249813062246,0.9176131515927938,0.09973074390722757
5430,0.619489437953698,0.9176160838439044,0.09974854538590212
5431,0.619458337958747,0.9175797093265239,0.09975622352906317
5432,0.6194657937309243,0.9175903353741263,0.0997493599530804
5433,0.6194590398671433,0.9175936250293696,0.09975081067348172
5434,0.6194385361897176,0.9175679880081921,0.0997564681353183
5435,0.6195083814429451,0.9176369670058109,0.09973816564728952
5436,0.6195116581141618,0.9176210260128796,0.09974847621089772
5437,0.619529051737758,0.9176292155634912,0.09974860849863362
5438,0.6195305291748354,0.9176182705423079,0.09974340018748966
5439,0.6195311211101726,0.9176358755781368,0.0997388951416853
5440,0.6195401915427912,0.9176444379051018,0.09973969714178392
5441,0.6195562285973825,0.9176288312579721,0.09975071304914439
5442,0.6195147602994955,0.9176120678512301,0.09975789121875327
5443,0.6194946942475782,0.91760824016826,0.09976621883410135
5444,0.6194838531030362,0.9176019106563609,0.09977045918030608
5445,0.619493740033033,0.9176112454374192,0.09977148637273661
5446,0.6195197732290472,0.9176197770199427,0.09975399716336085
5447,0.6195068720603035,0.9176165027369202,0.09976710903199006
5448,0.6194873376757944,0.9176154266814668,0.0996904095156121
5449,0.6193698380420881,0.9175611512130077,0.09966583682720516
5450,0.619387319589642,0.9175473546448729,0.09967163275847446
5451,0.6193670825652658,0.9175329470309628,0.09967199481487846
5452,0.6193704774439138,0.9175308948394909,0.0996688398837474
5453,0.6193265320878419,0.9175341153197407,0.09966941060913614
5454,0.6193994384089789,0.9175566394662138,0.09969674700503309
5455,0.6194639386212499,0.9175701093746573,0.09971500483248416
5456,0.6194655153910326,0.917562304129565,0.09971556230628321
5457,0.6194491500947453,0.9175505751251227,0.0997247949517014
5458,0.6194485215826507,0.9175368976916989,0.09973702382069663
5459,0.6194321005703404,0.9175194655933536,0.09974302198939854
5460,0.6194471209018182,0.917522374786133,0.09973944059577929
5461,0.6194387223739933,0.9175179283712773,0.0997595995848517
5462,0.6194406209680904,0.9175275014217574,0.09976132308300381
5463,0.6194458462580066,0.9175280471355945,0.099786669334165
5464,0.619516837217098,0.9175781259877853,0.0998059085777394
5465,0.6195406667671203,0.9175942399182001,0.09979732059988587
5466,0.6194935311476372,0.9175724651674892,0.099813841826731
5467,0.6195113852302435,0.917550559752902,0.09981620279499548
5468,0.6195176959617995,0.9175535265915092,0.09982232693597415
5469,0.6195333176658984,0.9175606362436122,0.09981962402096427
5470,0.6195283314320308,0.9175536995289929,0.09981218191954494
5471,0.6195747286374439,0.917579955282056,0.09981348931331474
5472,0.6195815409029223,0.9175821573526803,0.09982094354724094
5473,0.6195950508966359,0.917584324835808,0.09981779579561784
5474,0.6196153442625227,0.9175932753113473,0.09983852866490667
5475,0.6196355196396752,0.9175815309346843,0.09984719316680321
5476,0.619638594520908,0.9176046545977671,0.09985835175888799
5477,0.6196619998723635,0.9176152844884247,0.09985543530492347
5478,0.6197201789164286,0.917632939483971,0.09987120802497523
5479,0.6197767698569936,0.917648150296416,0.09985735015790603
5480,0.6197705954980709,0.9176520932710417,0.09985905404682795
5481,0.6197825971031677,0.9176497144198786,0.0998600028543893
5482,0.6198358828398136,0.9176582152579605,0.09985636719974288
5483,0.6198522695215161,0.917664006742133,0.09985868924450862
5484,0.6198722712462199,0.9176726574593674,0.09990404856832198
5485,0.6197811074468506,0.9176610783340777,0.09991870042552489
5486,0.6197431379254404,0.9176335735880775,0.09993012890361566
5487,0.6197827940492439,0.9175979715247903,0.09991261426202479
5488,0.6197905939887847,0.917600261985684,0.09991475563106272
5489,0.6197995575693795,0.9176077328849749,0.09991677540476494
5490,0.6197884643106553,0.9175914268018005,0.09986665658736285
5491,0.6198889375734087,0.917619561808852,0.09988663174748422
5492,0.6198491453966185,0.9175834370900589,0.09991451990951725
5493,0.6198821403878718,0.917617647967367,0.09997684245412915
5494,0.6199119684017165,0.9176337849561129,0.09996699314036821
5495,0.6199123403158283,0.9176341961630183,0.09996569118012255
5496,0.6199229605511288,0.9176404411277034,0.099968165650338
5497,0.6199082745768358,0.91761508849261,0.09998387311116232
5498,0.6199506962276605,0.9176207531559611,0.09998063486847868
5499,0.6199916001529011,0.9176280588038788,0.09998424999354309
5500,0.619992537330817,0.9176329856006333,0.0999828261612274
5501,0.6200466316179086,0.917631609786875,0.0999741695993741
5502,0.6200723599739424,0.9176267829095555,0.09997934586741464
5503,0.6200450771472432,0.9176198346657706,0.09998976199865865
5504,0.6200907170480737,0.9176259681818549,0.09998516830214559
5505,0.6200829729291351,0.9176266599317893,0.0999741526716223
5506,0.6200690378406554,0.9176306720814085,0.10000749615608899
5507,0.6201109436700147,0.9176323976131892,0.1000102683715627
5508,0.620083448356324,0.9176270019637013,0.1000176588271214
5509,0.6201062510030714,0.9176313907327291,0.10002588169452173
5510,0.6201144257976768,0.9176424010858506,0.10004683297956951
5511,0.6201209392881838,0.9176432580871582,0.10003983695133796
5512,0.6201400181905391,0.9176473201964948,0.10004398001001685
5513,0.6201024549777473,0.9176279127677814,0.1000620347071621
5514,0.620125455039566,0.9176713930942096,0.10006351418247261
5515,0.6201089578267971,0.9176638069032631,0.10006738435608949
5516,0.620142759781988,0.9177005234525556,0.10003281572136337
5517,0.6201603098499748,0.9176737296717656,0.10004219825850774
5518,0.6201742924238374,0.917681654051569,0.10004446204906955
5519,0.6202003725039305,0.9176798593447949,0.10004021029906596
5520,0.620221752933614,0.9176832412333628,0.10004364969960532
5521,0.6202385982497327,0.9176918189325486,0.10004481591293767
5522,0.6202150117451182,0.9176782952213323,0.10008080256008037
5523,0.620154791851877,0.9176528926265214,0.10020768025246685
5524,0.6201555369741365,0.9176329356409159,0.10022142950912347
5525,0.6201321100640689,0.917627582265035,0.10023206496026026
5526,0.6201946121717364,0.9176784643157606,0.10027253096422815
5527,0.6202187563322052,0.9176846132040659,0.1002722101757867
5528,0.6202829384116046,0.9176883448106561,0.10026916481227849
5529,0.620271015063413,0.9176768771339668,0.10030470838391327
5530,0.6202682002228689,0.9176961039390862,0.10032401138582095
5531,0.6203019659835989,0.9177516668310342,0.10032475442555087
5532,0.6203257592170159,0.9177562323806008,0.10032016498141264
5533,0.6203750265477156,0.9177620161786628,0.10031865333134264
5534,0.6203919789702929,0.9177612168231831,0.10031093687134447
5535,0.6204255704268328,0.9177643296978877,0.10031335803378386
5536,0.6203883134307112,0.9177744868927569,0.10032858256511318
5537,0.6203805901316861,0.917774067999741,0.1003356717455933
5538,0.6203598432332996,0.917753073389234,0.1003476196118112
5539,0.6203674976171752,0.9177562439097663,0.10036679657853333
5540,0.6203077954329697,0.9177149579678521,0.10032469743084141
5541,0.6203099925209237,0.9177305453997058,0.1003234310382419
5542,0.6203457653399509,0.9177320941509476,0.10030066269801365
5543,0.6203599620025927,0.9177536498475126,0.10032233790685949
5544,0.6203075200028446,0.9177537651391683,0.10033168438904261
5545,0.6203124490592247,0.9177501027075715,0.10032961547589475
5546,0.6202886825077425,0.9177483618035701,0.10033069262421664
5547,0.6203471536505114,0.9177616626175853,0.1003326554799444
5548,0.6203006161756162,0.9177500873353507,0.10034524788723359
5549,0.6202821034361029,0.9177433197151598,0.10035639591502409
5550,0.6202873932176983,0.9177505369728081,0.10037173258409578
5551,0.6203329503690996,0.9177713048430589,0.10037109367351538
5552,0.6203500785985875,0.9178053696842697,0.10038321166276362
5553,0.6203512955635629,0.9178160572207552,0.10039125029203991
5554,0.6203653210670703,0.917821472085519,0.10040548466074908
5555,0.6203574108703093,0.9178153231972138,0.10041472532606195
5556,0.6203512381343853,0.9178058654383894,0.10041549008877487
5557,0.620351685609774,0.9178070106688362,0.10041740107282929
5558,0.6203579119949691,0.9178137821320823,0.10041870021566443
5559,0.6203239493966296,0.9178022875540067,0.10046629876338141
5560,0.6203393199979176,0.9178138513070757,0.1004758741381115
5561,0.6203316126009636,0.9178062343716876,0.10047592344529324
5562,0.6203320365486242,0.917809304972785,0.10048300909312353
5563,0.6203129423429767,0.9178095778297036,0.10047873941803978
5564,0.6203270667477819,0.9178209302147371,0.10046436858165206
5565,0.6203292896633428,0.9178340158176616,0.10045561447747921
5566,0.6202939433471525,0.9178057539897888,0.10048436411881148
5567,0.6203174873575563,0.9178084249131464,0.10047797049693692
5568,0.6203289324216171,0.9178302688388507,0.10050672389720036
5569,0.6203285478410855,0.9177724385443402,0.1005452638647198
5570,0.6203187510853302,0.9177721195707593,0.10054263020834932
5571,0.6203822399012341,0.9177591915330976,0.10060549766389328
5572,0.6204418851010268,0.9177548181362906,0.10066533655977326
5573,0.6204411680189189,0.9177458522885306,0.10066603838248915
5574,0.6204638359263639,0.9177334968660923,0.10067546259508489
5575,0.6204473323159229,0.9177471819856265,0.10065027043386507
5576,0.620468535466747,0.9177534461655874,0.10064521994947938
5577,0.6204586625188746,0.9177611092176379,0.10065492935356274
5578,0.6205329012856288,0.9177737144386635,0.10069381005547748
5579,0.6205002433794069,0.9177597410899899,0.10070626741212228
5580,0.6205329687699824,0.9177464556481955,0.10070559167824307
5581,0.6205706919364892,0.917746709289838,0.100695671417813
5582,0.6205574461607022,0.9177353991784116,0.10070434753986687
5583,0.6205463617803721,0.9177421091527748,0.10070398591076754
5584,0.6206116969,0.9177485385841089,0.1007090697803104
5585,0.6206295123095849,0.9177488767729657,0.10070564276154843
5586,0.6206125407765751,0.917753961134983,0.10070769834990206
5587,0.6206241590295657,0.9177620277078284,0.10069684249422188
5588,0.620620050742333,0.9177195811632466,0.10076349917525709
5589,0.6205357337052785,0.917690558410446,0.10079347853831915
5590,0.6205467279034078,0.9177083632851447,0.10082236608493743
5591,0.6205557467187468,0.9177051466479501,0.10082804687971056
5592,0.6205711141033422,0.9177108612710188,0.10082399058091522
5593,0.6205556584746631,0.9177080289393431,0.10083160048373385
5594,0.6205289169170054,0.9176918304617141,0.10084353222284242
5595,0.6206155569820087,0.9177303993636086,0.10083689714838939
5596,0.6206263876864647,0.917742032291671,0.10084448929009532
5597,0.6206658681110625,0.9177327782147716,0.10084649409672164
5598,0.6206861488085512,0.917723297397616,0.10084947526617447
5599,0.6207083174007889,0.917731356284351,0.100843682371064
5600,0.6207119908548427,0.9177180823717221,0.10085270480101327
5601,0.6207092784466536,0.9177343269660134,0.10085509620708667
5602,0.6207535462463055,0.9177546797863037,0.10084819012087042
5603,0.6207971520921656,0.9177769233897478,0.10084653777951591
5604,0.6208237138055378,0.9177659322519022,0.10086401378521638
5605,0.620845134712546,0.9177788064867912,0.10087175766953663
5606,0.6208182111480353,0.9177645449089783,0.1008567113627978
5607,0.6207851085851076,0.9177426702388326,0.10085916862919378
5608,0.6207801769687776,0.9177545452793721,0.10086228246456859
5609,0.6207689423101104,0.9177531387211721,0.100872141267882
5610,0.6208182153963244,0.9177854203847745,0.10086879091366605
5611,0.6208322339478898,0.9177965652448277,0.10086696968566217
5612,0.6208438616457104,0.9177681881252991,0.10088685986289443
5613,0.6208427663421265,0.9177803629241434,0.10089716426513287
5614,0.6208302917061411,0.9177520357643324,0.10092225736877773
5615,0.6208358146327445,0.9177558442320265,0.10092090888530782
5616,0.6209732410077162,0.9178059499856035,0.10101172846729091
5617,0.6210107414826522,0.9178139550695659,0.10100856602645354
5618,0.6209935980178115,0.9178002007750382,0.1010266994292452
5619,0.6209911281162189,0.9178101811893685,0.10106233155266614
5620,0.6209782219643641,0.9178026026845324,0.10107543795671718
5621,0.6210061903119003,0.9178090974478048,0.10103879708155045
5622,0.6209917248098451,0.9178138551501309,0.10105487115304318
5623,0.6209991033191209,0.9178100159379954,0.10105818122567996
5624,0.6210173161769886,0.9178229939353745,0.10105745598845726
5625,0.6210323219963547,0.91781988106067,0.10106036165786204
5626,0.6210292653376528,0.9178188780232652,0.10105941654899372
5627,0.620954686558016,0.9177863657763514,0.10104018144172841
5628,0.6209345617760024,0.9177804051977506,0.10104214741907615
5629,0.6208696023140408,0.9177485693285504,0.10107991329716991
5630,0.620882637129455,0.9177437731956724,0.10108253280830626
5631,0.6209291488442052,0.9177366866019006,0.10108553290037883
5632,0.620823487912997,0.9176928104407878,0.10101761502578827
5633,0.6207742349458353,0.9177091818559003,0.10104711769092357
5634,0.6208281983269386,0.917730729866355,0.10105004127746928
5635,0.6208306891742612,0.9177293425234311,0.10108847800776868
5636,0.6208206523042603,0.9177434234776499,0.10108265779642357
5637,0.6207485814694859,0.9177703632945372,0.10106937731591958
5638,0.6207780905415945,0.9177906123523373,0.10108477690388379
5639,0.6207768070356773,0.9177909159536973,0.10107857448812985
5640,0.6207554623453614,0.9177823305684012,0.10108290968936728
5641,0.6208057003822421,0.9177867500818705,0.10107914380985897
5642,0.6208009765356834,0.9177871881901623,0.10108332161933713
5643,0.6209013169579121,0.9178143585903609,0.10109774021522429
5644,0.6209288423896692,0.9178130135210442,0.10109718988819577
5645,0.6209333349702078,0.9178137129570888,0.10109297241186106
5646,0.6209355123547176,0.9177900973829417,0.10111439286127348
5647,0.6209519061119899,0.9178052467065037,0.10112518067727862
5648,0.6209642691732173,0.9178103810282384,0.10113126328653738
5649,0.6209960636707659,0.9178177327928184,0.10112505162747644
5650,0.6210059907464326,0.9178352379092123,0.10113746422734449
5651,0.6209777096332548,0.9178222560687779,0.10114901179466161
5652,0.6209749362928381,0.9178354031605854,0.10114979340330367
5653,0.6209904187334168,0.9178632653107184,0.10114659545928244
5654,0.6209932015745506,0.9178627003816053,0.10114727117019569
5655,0.6209671284540317,0.9178402223517946,0.1011677841347542
5656,0.6210023727196701,0.917853342542216,0.10115133883105956
5657,0.6210184549829988,0.9178495187023011,0.10115589951803666
5658,0.6209914050784331,0.91785100596466,0.10116442788336276
5659,0.6210113420597989,0.9179211494080015,0.10119111628081616
5660,0.6209192860372548,0.9178757206525917,0.10124336276348855
5661,0.6209407826154516,0.9178786567467574,0.10123824553615442
5662,0.6209137934513094,0.9178781878940241,0.10124338253656585
5663,0.6209755677974876,0.9178775384176969,0.1012278529237877
5664,0.6210223647166006,0.9178870922529011,0.10124231150364821
5665,0.6210282489047705,0.9178906009622902,0.10123987857932829
5666,0.6210475640197065,0.91788807607503,0.10124233709296242
5667,0.6209465297207057,0.917854752943471,0.10120689872968881
5668,0.6209398275718377,0.9178456910193311,0.10121401834781009
5669,0.6209340373511938,0.9178583039264672,0.10122192225577131
5670,0.6209340373511938,0.9178583039264672,0.10121764767803951
5671,0.6209243386819989,0.9178579849528863,0.1012284136355574
5672,0.6209059986838718,0.9178713587849502,0.1012483046294289
5673,0.6208906906600004,0.9178810010104238,0.10124906467338464
5674,0.6208728059462442,0.9178755976748255,0.10125856616991213
5675,0.6208469959738694,0.9178662744229328,0.10127599248388144
5676,0.6208456912817977,0.9178714125877229,0.10125160194494259
5677,0.6208464960583371,0.9178654289507908,0.10126134784765804
5678,0.6208579445227681,0.9178745293054825,0.10126042804739283
5679,0.6208416387393517,0.9178860776863308,0.10127944488929126
5680,0.6208345285970095,0.9178965730700567,0.1012780881396699
5681,0.6208240435342114,0.9179018265265024,0.1012799016310166
5682,0.6208694191374938,0.9179238203313591,0.10127157820174797
5683,0.6208423363514335,0.9179211839954983,0.10128045093089347
5684,0.6207691862288508,0.9179219257051501,0.10129115854600396
5685,0.6207806947015282,0.917920031078941,0.10130482964224882
5686,0.6207624160743416,0.9179095126368839,0.10130715667053468
5687,0.6207628937825993,0.9179376668592114,0.10130917651298836
5688,0.6207472635178944,0.9179287125406169,0.10130061797551534
5689,0.6205192451885376,0.9177759472537294,0.10143820111090841
5690,0.6205347711879158,0.9177709973986437,0.10144325304989424
5691,0.6205713090148549,0.9177587534248058,0.10144649433872605
5692,0.6205793055235195,0.9177632997590965,0.10145927775953775
5693,0.6205910448988086,0.9177725230915543,0.10145746893026775
5694,0.6205881357277564,0.9177678191920009,0.10146772120091654
5695,0.6205939247866528,0.9177797710936442,0.10147949659389903
5696,0.6206010616717055,0.9177776958438411,0.10147691016130755
5697,0.6206194952763784,0.9177886024344725,0.1014715294656859
5698,0.6206420650397555,0.9178006158249987,0.10146467975076351
5699,0.6206295222992253,0.9177941172186712,0.1014703262414654
5700,0.6206028343398088,0.917789640059374,0.10148133139275634
5701,0.6205730763807265,0.9177571470277361,0.1014912744817276
5702,0.6205773349725292,0.9177666585893333,0.10149537032666567
5703,0.6205998478066994,0.9177754514996097,0.10148760149936815
5704,0.6205890016758052,0.9177872381498797,0.10149826619780769
5705,0.6206222810588772,0.9178119912683634,0.10151129437588893
5706,0.6206149508714675,0.9178187012427265,0.10151490603763208
5707,0.6206407412742505,0.9178032098872525,0.10151587761191792
5708,0.6206410544430905,0.9178146737208865,0.10152295863390245
5709,0.6206068332835414,0.9177876455137299,0.1015336738909056
5710,0.6205588399579308,0.9177724731318369,0.10156390808477508
5711,0.6205991882656816,0.9177935868770549,0.10157544789386337
5712,0.6205915280066017,0.9178033213358531,0.10157822350001186
5713,0.6205746403220617,0.9178011115791184,0.10158597495502429
5714,0.6205605653204077,0.9177953393102218,0.10158972899651858
5715,0.620445608925943,0.9177020683607423,0.10164450462229824
5716,0.6204525351948781,0.9176934752893358,0.10164645549478663
5717,0.6204508699297169,0.917713082556919,0.10166063676514853
5718,0.6204582251242242,0.917713466862438,0.10166268934718921
5719,0.6204687484202598,0.917726702344515,0.10166646559466454
5720,0.6204992464845713,0.9177417748069732,0.10166993291247614
5721,0.6204899641422772,0.9177406372626367,0.10170763024601234
5722,0.620483755128573,0.9177358449728138,0.1017081180112313
5723,0.6204810450206765,0.9177169294551649,0.10171857656030504
5724,0.6205387344236936,0.9177201115048629,0.10174283144417319
5725,0.6205212175679443,0.9177067146144678,0.10175493531376602
5726,0.6205311844992533,0.9177051159035086,0.10176183394485175
5727,0.6204675330608168,0.9177183129550336,0.10177251471573677
5728,0.6204564056089957,0.9177007079192048,0.10178326462197078
5729,0.6204704273008165,0.9177043165480289,0.10178201709415033
5730,0.6204730987465186,0.9176927796963462,0.10179087950037778
5731,0.6204303180661792,0.9176800514975545,0.10180694407064969
5732,0.6204383657362745,0.9176779570324755,0.10180587533653686
5733,0.6204436836482429,0.9176819807112602,0.10181051335005194
5734,0.6204515002044757,0.917686730727476,0.10180984223254073
5735,0.6204510262229815,0.9176660281891634,0.10183679266178397
5736,0.6204287809164604,0.9176619238062197,0.10180171319017736
5737,0.6204309177818954,0.9176622389367453,0.10179185327017165
5738,0.6204338131517242,0.9176642719129412,0.10178383393294324
5739,0.6204527339936713,0.9176823496445585,0.10179297373053224
5740,0.6204823209227581,0.9176848322582117,0.10178131453780734
5741,0.6204424627889317,0.9176708627525934,0.10178947090569841
5742,0.6204408671141363,0.9176714084664305,0.10178768456811374
5743,0.6204434578179421,0.9176557095859762,0.10177537240172842
5744,0.6204999295491674,0.9177045970910578,0.10179510616663602
5745,0.6206321037379282,0.917778622020142,0.10183494440001581
5746,0.6205908322825272,0.917757708113794,0.10173411541387817
5747,0.6205814634701086,0.9177654710852793,0.10174945693881708
5748,0.6205556883327387,0.9177593029816982,0.10177780722223605
5749,0.6205460351844335,0.917764760120069,0.10178009310415846
5750,0.6205712120004356,0.9177716622471916,0.10178511846587478
5751,0.6205756140063214,0.9177736913803324,0.10177902454178471
5752,0.6205337692329838,0.917790627724558,0.10179914501865311
5753,0.6205700879052904,0.917799754980636,0.10178618450524216
5754,0.6205572355644466,0.917800519748619,0.10179349132780724
5755,0.6205506459643877,0.9178112534017667,0.10179603597835084
5756,0.6204968428463046,0.9178163992526672,0.10181738877269077
5757,0.6204827631589357,0.9178252882393234,0.10183402525870955
5758,0.6205151245451722,0.9178397265976751,0.10184005053410788
5759,0.6204600001535787,0.9178136898987577,0.10185136238885197
5760,0.6204355083456771,0.9178037556010896,0.10185168879230198
5761,0.6204710753612596,0.9178495302314666,0.10186991212560022
5762,0.6204604978799516,0.9178428663737659,0.10187127704998843
5763,0.6204386826482141,0.917848650171828,0.10187835113876524
5764,0.6203984692905682,0.9178549105087337,0.1018755814484713
5765,0.6203929151788481,0.9178651138202651,0.10187884687304673
5766,0.6203831499140462,0.9178574584543252,0.10190202440505312
5767,0.6203964996925655,0.9178348958773003,0.10190778071214159
5768,0.6204193032622217,0.9178392692741074,0.10193370653867859
5769,0.6204204517033423,0.9178514594451724,0.10193679460749186
5770,0.6203939303570483,0.9178493880384246,0.10195484358975983
5771,0.6202863891843876,0.917798767315452,0.101951979860621
5772,0.620296000998328,0.9178001392861551,0.10195130640948798
5773,0.6203188026892048,0.9178073719160241,0.10195616535209169
5774,0.6203648003303747,0.9178200001953809,0.1019600158156758
5775,0.6202890066675463,0.9177355490575642,0.1020441914921022
5776,0.6202443189969943,0.9177191353688444,0.10202431299473413
5777,0.6202840919594256,0.9177450260316645,0.10200981818360344
5778,0.620335214359084,0.9177469437162047,0.10200712958568117
5779,0.6203066997563528,0.9177414750486682,0.10201985546415458
5780,0.6203147060288345,0.9177583422179004,0.1020143701850033
5781,0.6202974436107618,0.9177352954159216,0.10203212531504173
5782,0.6202940125670621,0.9177300112150343,0.10202389468513924
5783,0.6201748357441559,0.9176979293903018,0.10200711437761045
5784,0.6201892229171936,0.9176911156534486,0.10201534534687166
5785,0.6202170797682233,0.9176998393887317,0.10201971122657803
5786,0.6202222226426946,0.9176888251925549,0.10201870164896577
5787,0.620234103254764,0.9177089089989818,0.10201991209834908
5788,0.6202709286340486,0.9177087860212157,0.10202366493846844
5789,0.6202719639035171,0.917711349339028,0.1020210495027686
5790,0.6202701629747651,0.9177171023926485,0.10202206374133979
5791,0.620313865971026,0.9177398494363226,0.10201593098128725
5792,0.6203803534570376,0.9177412329361913,0.10203928600737447
5793,0.6204048926285205,0.9177556559223221,0.10201852653845736
5794,0.6204153571450869,0.9177748058663376,0.10202592668171043
5795,0.6204212342745886,0.9177697868362585,0.10201575256925832
5796,0.6203719178503089,0.9177510135116517,0.1019995907569985
5797,0.620395982708387,0.9177574698443721,0.10199543507447417
5798,0.6203813246964854,0.9177565321389056,0.10199884967387951
5799,0.6203750140058658,0.9177685685877631,0.10199588361585607
5800,0.6203362525860893,0.917764195190956,0.10200314385135842
5801,0.6203394329968076,0.9177521702712641,0.10200232093673992
5802,0.6203725018824485,0.9177718736152272,0.10199905564052057
5803,0.6204367559529071,0.917796449953172,0.10198565965366066
5804,0.620439440827473,0.9178124639641518,0.10199437998316188
5805,0.6204477657183606,0.917810392557404,0.10200583775536796
5806,0.6204142923706052,0.9177803975116402,0.10202012041363562
5807,0.6204004743028597,0.9177806434671724,0.1020326900719214
5808,0.6204333457155544,0.9178076024993356,0.10204829046212001
5809,0.6204618784801335,0.9178149504208603,0.10204492873694172
5810,0.6204558388870954,0.91780557720925,0.10205590279828244
5811,0.62047512874969,0.9178133632390665,0.10205674126374643
5812,0.6204760866070096,0.9178090167436458,0.10206075773326663
5813,0.6204944465520317,0.9178166029345923,0.10206562900391485
5814,0.6204760540640386,0.9178020300693089,0.1020704719366901
5815,0.6204688135694229,0.9177974222461353,0.10206748783353772
5816,0.620468430031239,0.917799370675117,0.10206965071982109
5817,0.6204827249479588,0.9178035288608334,0.1020608068237207
5818,0.6204363117498317,0.9178182631344347,0.1020260882276679
5819,0.6204555142113518,0.9178304725207758,0.10201628649845547
5820,0.620434532826791,0.9178323556178192,0.10202060383848627
5821,0.6204337539861243,0.9178277554807559,0.10202672572017528
5822,0.6204704837687138,0.917844641865264,0.10202192011518073
5823,0.6204469550558286,0.9177135821540938,0.10210881515888197
5824,0.6204266901618959,0.9177085977115114,0.10211474933986442
5825,0.6204293367655517,0.9177242773766896,0.10211314990997707
5826,0.6204185640701204,0.9176977218653215,0.10212274864274981
5827,0.620442710260595,0.9177072872296913,0.10213042641086997
5828,0.6204492923593432,0.9177083210115377,0.10214101415889486
5829,0.6204663008096347,0.9177009654039026,0.10213866971901947
5830,0.6204710181031388,0.9177370247907574,0.10219663599946245
5831,0.6204171657456412,0.9177178402592451,0.10221613454379659
5832,0.6204567609259857,0.9177407948278995,0.10224787540250296
5833,0.6204636768465851,0.917742677924943,0.1022480389708454
5834,0.6204365108451596,0.9177193313646591,0.1022629742575679
5835,0.6204677131706393,0.9177062419186794,0.10226794500945324
5836,0.6205327546813579,0.9177127751125037,0.10228891481310819
5837,0.6205149763472779,0.9177194197549285,0.10229315184952205
5838,0.6204727807294969,0.9176770539145056,0.10234126521337099
5839,0.6204399541640708,0.9176688028750111,0.10235993834030392
5840,0.6204582409763553,0.9176666891946562,0.10236828090277315
5841,0.6204402301845807,0.9176445032370399,0.10236093682029171
5842,0.6203927595077338,0.9176368786155416,0.10235609752684591
5843,0.6203958275897773,0.9176367287363891,0.10236440448617176
5844,0.6204008270881219,0.9176303761661587,0.1023666739102119
5845,0.6203914039709392,0.9176347457199107,0.10237321332804449
5846,0.6203854617795784,0.9176321285993257,0.10238668160178124
5847,0.6204132293895851,0.9176391191167177,0.10239296589151388
5848,0.6204301819665035,0.9176591760217583,0.10240395343289867
5849,0.6204103002785274,0.9176634302838544,0.10240811558305957
5850,0.620384726997893,0.9176546335305228,0.10240033398256371
5851,0.6203908065985354,0.9176518934321718,0.10240135926645914
5852,0.6203775371519857,0.9176332277131103,0.10240522672090129
5853,0.6204128189793203,0.9176476852867379,0.10240405552187389
5854,0.6204081550856428,0.9176404987735312,0.10241279624428011
5855,0.6204202996375043,0.9176271403136882,0.10241822272046539
5856,0.6204392359843997,0.9176284738538394,0.10242132027015236
5857,0.620437071455022,0.9176254455263491,0.10241922879891513
5858,0.6204847772791269,0.9176529118417973,0.10243006407127674
5859,0.6205234538202021,0.9176852165637308,0.10244922304073491
5860,0.6205650215960666,0.9177035556231011,0.10245213604180738
5861,0.6205367622222406,0.917691123339559,0.10247543383102756
5862,0.6205523301801753,0.917697026272332,0.10247362623698847
5863,0.6206006211352642,0.9177269752014335,0.10246813338289247
5864,0.6205804740383403,0.9177224865129707,0.10247008903708671
5865,0.6205911321880649,0.9177063687395007,0.1024918086734312
5866,0.6206114464930196,0.9177176442634304,0.1024925694079922
5867,0.6206572516216519,0.917719611907688,0.10249525552583615
5868,0.620664179223914,0.9177059921200921,0.10250785377602807
5869,0.6205960595610349,0.917706514775598,0.10247953669952879
5870,0.6205960595610349,0.917706514775598,0.10246506601236138
5871,0.6205662797172525,0.9176931640018653,0.10249527877596545
5872,0.6205915134113968,0.9177159610052569,0.10249967267990562
5873,0.6206081024182594,0.9177159879066432,0.1025072232630394
5874,0.620647997715287,0.9177242466322482,0.10250386904068497
5875,0.6207476160946398,0.9177939750256291,0.10253682854537072
5876,0.620686124355258,0.9177735684025662,0.1025151402877572
5877,0.620710195962128,0.9178081789576141,0.10251322534156451
5878,0.6207440619318803,0.9178177750664255,0.10251587277110245
5879,0.6207612014481845,0.9178082173881661,0.10252133370118272
5880,0.6207748420301561,0.9178095932019243,0.10252395517823643
5881,0.6207978368475155,0.9178177520080943,0.10253290289465006
5882,0.6207866117300992,0.9178072527813131,0.10251967739261952
5883,0.6207072925525866,0.9177781954410159,0.10249674679666673
5884,0.6207022830436338,0.91778361799189,0.1024930025142631
5885,0.6206886378095264,0.9177858008472384,0.10249585331617121
5886,0.6206886378095264,0.9177858008472384,0.10249676891921998
5887,0.620651907616966,0.9177868576874159,0.10249866406788705
5888,0.6205909790816732,0.9177490766118356,0.10253595460455436
5889,0.6205912394999816,0.917745783113537,0.10253252955234986
5890,0.6205959023598459,0.9177553792223484,0.10253436334304812
5891,0.6206602457824839,0.917801346005485,0.10257015720989178
5892,0.62072157192819,0.9178161225526934,0.10256619454790099
5893,0.6207933239663407,0.9179045474095775,0.10271006749712994
5894,0.6207824636503944,0.917908002316194,0.10272034405379456
5895,0.620785447608236,0.9179003546363644,0.1027306289759748
5896,0.6207538344535224,0.9178675772186424,0.10275704716079313
5897,0.6207564720455772,0.9178765392233473,0.10277192859289977
5898,0.6207228077043377,0.9178544877726628,0.10277468822373681
5899,0.6207293284969267,0.9178613706845093,0.10277434749573276
5900,0.6207162751079909,0.9178332472066234,0.10278890830394777
5901,0.6206946477102623,0.9178398611046067,0.10279206355231212
5902,0.6206916470742393,0.9178393461352112,0.10279663300384478
5903,0.6207100195954899,0.9178293196042185,0.10280421203065769
5904,0.6207065764665248,0.9178220831312943,0.10280566918838863
5905,0.620718375053784,0.9178272520405258,0.10280539948056332
5906,0.620707258735406,0.9178307146332527,0.10280630037834539
5907,0.620670748399466,0.9178263835100527,0.10280720910704579
5908,0.6206737983442199,0.9178156229555187,0.10280934170357614
5909,0.6206729459943887,0.9178246349199409,0.10281672772470425
5910,0.6206984870086882,0.9178382431783715,0.10281568006565
5911,0.6206944498777903,0.9178266871114128,0.10281805085478782
5912,0.6207097196290137,0.9178208302953021,0.10282035317772745
5913,0.6207034662744629,0.9178082827201043,0.10282610839507143
5914,0.6207169770984168,0.9178414675016765,0.10284795421067382
5915,0.6206851444178413,0.917864383639779,0.10286729768133371
5916,0.6206414740170181,0.9178408064961837,0.10288258430254282
5917,0.6206266337221439,0.9178366406243569,0.10289137956095787
5918,0.6206227190644127,0.9178394614268669,0.10290082667279117
5919,0.6206428007524198,0.917848934557912,0.10289931362949449
5920,0.6206245790986035,0.9178722157862577,0.10290466029165939
5921,0.6206589958044565,0.917868092188038,0.1029042295657728
5922,0.6205584725571429,0.9177993245584547,0.10296151298902746
5923,0.6205197781206964,0.9177750402927043,0.10295037255582024
5924,0.6205609922077828,0.9177664894949049,0.10295559952163984
5925,0.6205462561750871,0.9177566973902789,0.10296017621030311
5926,0.6205618660637023,0.9177624081702923,0.10295392430018147
5927,0.6205703739492044,0.9177653212061269,0.10295907684181439
5928,0.6205763958806911,0.9177587303664747,0.10296488402866447
5929,0.6206487103340274,0.9178070452563329,0.10298847437668898
5930,0.6206462575428519,0.917823689528364,0.10299529033057127
5931,0.6206847597625987,0.9178289852584169,0.1029708731513281
5932,0.620674098096308,0.9178255265087453,0.10297052506636534
5933,0.6206717556591627,0.917831264190145,0.10296409151377518
5934,0.6206982834980436,0.9178456641179448,0.10295195638738168
5935,0.6206837709129164,0.9178456871762759,0.10296036793331763
5936,0.6207087762008742,0.9178314755581806,0.10296097440050274
5937,0.6206970002527101,0.9178266602100265,0.10297407961582551
5938,0.6207100008450015,0.9178127445071808,0.10299048946394156
5939,0.6207259299345707,0.9178105078490598,0.1029866357239669
5940,0.620717431323147,0.9178001008556032,0.1029887077792036
5941,0.6207175644627011,0.917800158501431,0.10298114283826858
5942,0.6206866962464785,0.9177962808587435,0.10298619509780323
5943,0.6206815331626965,0.9177790409131579,0.1029883781843342
5944,0.6206859642810696,0.9177790409131579,0.10298721634943017
5945,0.6207274330417163,0.9177954584449328,0.10298083485010369
5946,0.6207017513779061,0.9178009155833037,0.10299143655443627
5947,0.6207395970469911,0.9178038209330278,0.1029884042591644
5948,0.6207470234428731,0.917805335096773,0.1029892548380374
5949,0.6207657289554813,0.9178232629492379,0.10299029500827313
5950,0.6207472606943414,0.9177985328890854,0.10300582494864112
5951,0.6207174727672821,0.9177891904219166,0.10302184419419826
5952,0.6207036613743516,0.9177905201190126,0.10303030165698719
5953,0.6207200361462176,0.9177229054059866,0.10313242537975388
5954,0.6207204077143814,0.9177242812197448,0.1031249172311093
5955,0.6207855172328862,0.9177309604496664,0.10311246898269619
5956,0.6207609035327561,0.9177192199160586,0.10310617239715603
5957,0.6207805593501984,0.9177348726798505,0.1030919251972166
5958,0.6209349375045495,0.9178272597266363,0.10314279650341567
5959,0.620989842904998,0.9178346576078784,0.10314911002515383
5960,0.6209584856993388,0.9178396343643505,0.10315511855627957
5961,0.6209560321524429,0.9178195889884755,0.10316069340556265
5962,0.6209441898139229,0.9178190432746385,0.10316655884818236
5963,0.6209297244843519,0.917822098503515,0.10316710990102845
5964,0.6209473033381366,0.9178236510978122,0.10315421431781098
5965,0.6209123957477861,0.9177970955864441,0.10316390052192516
5966,0.6209099169374288,0.9177930296340522,0.10316007212759676
5967,0.6209233820308916,0.9178062958605707,0.10315607757885976
5968,0.6209011377535752,0.9178323556178192,0.103207659921601
5969,0.6209379579464447,0.9178427126515583,0.10320075187396256
5970,0.6209380725911875,0.9178389733588577,0.10320397764942905
5971,0.6209563276443167,0.9178491612981684,0.1032139657838997
5972,0.6209602304784951,0.9178586113708824,0.10322186881623736
5973,0.621018037042044,0.9178608441859483,0.10322967802420846
5974,0.6210286207939235,0.9178609902220455,0.10322991670225404
5975,0.6210550911305843,0.9178809164632096,0.10321779715121608
5976,0.6210534643498751,0.9178917961524545,0.10322835987988245
5977,0.6210562083373237,0.9178958121451289,0.10323444194280475
5978,0.6210196724117889,0.9178833721754764,0.10324831538778682
5979,0.6210315743529402,0.9178860161974477,0.10324794004889179
5980,0.6210182771728834,0.9178763240122566,0.10323798874304092
5981,0.6209110924297097,0.9178170256706633,0.10326208032717718
5982,0.6208837742914834,0.9178115646892372,0.10327351361605437
5983,0.6209251617218547,0.9178485540954482,0.10326955075739025
5984,0.6209506229445012,0.9178449185652378,0.10326973348804198
5985,0.620954789623855,0.9178380471825567,0.10328420248881225
5986,0.6210131553915283,0.91786793077972,0.10323524764516841
5987,0.6210008905489184,0.9178893327540774,0.10323970673189117
5988,0.621008044654568,0.9178952164715743,0.10325233894107276
5989,0.6210123593423201,0.9179090399410955,0.1032515910381103
5990,0.6209910351571861,0.9179055004872648,0.10325974422089468
5991,0.6210127121252035,0.9178955277590448,0.1032615611398368
5992,0.6210421263450691,0.9179127292740786,0.10325569746486161
5993,0.621034723110285,0.9179010348571331,0.10326563518105826
5994,0.621028160198323,0.917906611130215,0.10326229898244446
5995,0.6210421555351547,0.9179045474095775,0.10327238062818496
5996,0.6210152321712146,0.9179012231668375,0.10328427382242272
5997,0.6210247317963549,0.9178970534519555,0.10329218336257831
5998,0.6210427316318514,0.9178999549586245,0.1032944629011466
5999,0.6210025469072616,0.9178750404318229,0.10328668214839203
6000,0.6210423070778092,0.9178826343088798,0.1032783375703422
6001,0.6210455460790925,0.9178960504145508,0.10329228622340202
6002,0.62104021758574,0.9178991210156482,0.1032882669886148
6003,0.6210656862535823,0.9179227481189609,0.10330277980575892
6004,0.6210936099161007,0.9179511444537654,0.1033437276471853
6005,0.6212447643054612,0.918016795365589,0.10334037666320847
6006,0.6212465551729436,0.9180171796711081,0.10336348727035251
6007,0.6212561428635412,0.9180251732259048,0.10336533002656147
6008,0.6212736675501959,0.9180433893075091,0.10336614682213578
6009,0.6212978369852666,0.9180452570323318,0.10336691349452601
6010,0.6213110620018649,0.918046994093278,0.10336758060311957
6011,0.6212931688418959,0.9180415638562934,0.10337402622304098
6012,0.6213524630959761,0.9180568938034493,0.10336398836296837
6013,0.621409498211606,0.9180805862387004,0.10335898876045878
6014,0.6214165504207815,0.9180740684170968,0.10336171797244136
6015,0.6214155264337831,0.9180805631803692,0.10340807611509394
6016,0.6213767623829014,0.9180655522067941,0.10339728539332706
6017,0.6213368328738577,0.9180486927236723,0.10340704843179042
6018,0.6213793326017443,0.9180437428685866,0.10340418611642165
6019,0.6214048829786553,0.918044861197647,0.1034225789934952
6020,0.621372359186233,0.9180439503935669,0.10342811208162905
6021,0.6213552732362739,0.9180489233069837,0.10343414474304125
6022,0.6213295874572141,0.9180374171997426,0.10344129696481107
6023,0.6213583559345706,0.9180274444715226,0.10344562104771403
6024,0.6213507000571199,0.9180200734916667,0.10345350973402238
6025,0.6213382387208402,0.9180068187943138,0.10347127178876271
6026,0.6213333310622327,0.9179905203972498,0.10347556526627062
6027,0.6213315223274106,0.9179916156679793,0.10347206714294946
6028,0.6213206226800243,0.9179925649026114,0.10347497615164263
6029,0.6213050303761505,0.9179820964202717,0.10348206500543923
6030,0.6213141792814829,0.9179924726692867,0.10348327012844231
6031,0.6213223344587634,0.9179877802988988,0.10348644229528335
6032,0.6213324615636556,0.9179846174644769,0.10348178484947927
6033,0.6213413845211925,0.9179792295010994,0.10348217878279833
6034,0.6213607833236283,0.9179971765688403,0.10347968631331209
6035,0.6213706942171461,0.9180067688345963,0.10347719428869935
6036,0.6213827619664358,0.9179957584814749,0.1034528146466067
6037,0.6213519049007443,0.9179815468633794,0.10346620027549328
6038,0.6212895954728631,0.9179589958155201,0.10348538875744882
6039,0.6212460106953028,0.9179465289444813,0.10343647740730968
6040,0.6212526456011501,0.9179463560069977,0.10343867976296671
6041,0.6212537265323818,0.9179486003512292,0.10343980898256266
6042,0.621271449544887,0.9179611402403165,0.10345168849981652
6043,0.6212552198043729,0.9179483697679177,0.10345378363833369
6044,0.6212503856363926,0.917941102550552,0.1034644609285661
6045,0.621263537748463,0.9179570935032006,0.10346519012124629
6046,0.621459608871316,0.9180576547283771,0.1035242105204415
6047,0.6214322267557695,0.918060029736485,0.1035254359960357
6048,0.6214812110435692,0.9180735457615908,0.1035249928224553
6049,0.6214675317776025,0.9180637421277993,0.10353533400814702
6050,0.6214496079318703,0.9180794217929775,0.10354231497683901
6051,0.621426057094745,0.9180706365688115,0.10355044752399091
6052,0.6214365073062477,0.9180727156616697,0.10355849469915879
6053,0.6214175106685458,0.9180673968732856,0.10356838751400237
6054,0.6214113829376997,0.9180611057919384,0.10356874364401654
6055,0.62139990797567,0.9180397845217402,0.10349554197298846
6056,0.6213683935387924,0.9180341659750513,0.10350873977357918
6057,0.6213619604799893,0.9180501876721415,0.10350810285587568
6058,0.6213768451972326,0.9180447113184946,0.10350527859944418
6059,0.6213768451972326,0.9180447113184946,0.10349525034141895
6060,0.6213671274948652,0.9180414600938033,0.10350282938838501
6061,0.6213938096276042,0.9180556063799604,0.1034975592919767
6062,0.6213966795934203,0.9180516057595068,0.10348871238678305
6063,0.6214014407201052,0.918064118747208,0.10350916685845818
6064,0.6214023094027423,0.9180849365771763,0.10354176186582187
6065,0.6213715164771196,0.9180792949721562,0.10354224717119173
6066,0.621378772661343,0.9180791181916175,0.10355491764752792
6067,0.62135605433207,0.9180642301958085,0.10356399254222415
6068,0.6213568665290372,0.9180664476386535,0.10356203885875563
6069,0.6214149570605666,0.9180376593122196,0.10360942668768588
6070,0.6214393880533591,0.9180510715748353,0.10361197622202775
6071,0.6214382503026712,0.9180397499342434,0.10361782970302118
6072,0.6214666080494327,0.918032851650176,0.10361910435853643
6073,0.621497760762273,0.9180174179405299,0.10362607469082462
6074,0.6215002794262193,0.9180165955267191,0.1036269983278749
6075,0.6215021738740926,0.9179961312578283,0.10363560068346528
6076,0.6214738102143162,0.9179999935282951,0.103641474872581
6077,0.6214843822798293,0.9180074029387029,0.10363976360009869
6078,0.6214849200419288,0.9180185170543145,0.1036433474552585
6079,0.6214704084341139,0.9179958161273027,0.10366602550751772
6080,0.6214638422493604,0.9180057734833019,0.10366113201807454
6081,0.621466255526157,0.9180067150318237,0.10366030370447404
6082,0.6214772646268576,0.9180069955748527,0.10366487440958276
6083,0.621467693737768,0.9180290201241508,0.1036593825728389
6084,0.6214786687620447,0.9180450302920755,0.10374238694082831
6085,0.6215046123964897,0.9180383779635403,0.10378635414326909
6086,0.6214941500331104,0.9180440272546707,0.10378229826680681
6087,0.6215474278333927,0.918058277303318,0.1037753277657976
6088,0.6215986336984203,0.9180615362141198,0.10377779854895579
6089,0.6216204027344507,0.9180820350705072,0.10379751844823795
6090,0.6216795225841945,0.9180908202946734,0.10379351635072012
6091,0.6217047082810944,0.9180890102156785,0.10379471138946565
6092,0.6216638697542884,0.9180714820409535,0.10380757446415914
6093,0.621669843036019,0.918074575700382,0.10380809624125784
6094,0.62167213232237,0.9180854707618478,0.10380500671702077
6095,0.6216475845672347,0.9180571666603679,0.1038211905820417
6096,0.6217001350765059,0.9180889102962435,0.10380874296141428
6097,0.621711447324989,0.9180983757411784,0.10380462292466415
6098,0.6216947515445553,0.9181052086933075,0.10382065394944923
6099,0.62169475589881,0.9181106927330647,0.10382291111436533
6100,0.6216679985334745,0.9181227522402533,0.10380303139481611
6101,0.6216846270255014,0.9181167724463765,0.10381625925770056
6102,0.6217384920381293,0.9181259842496687,0.10381947674214245
6103,0.6217718756678743,0.9181573089925286,0.10384613316454736
6104,0.6218337870028745,0.9181459373922192,0.10384651931103772
6105,0.621863242227702,0.9181614133754723,0.10384692548604847
6106,0.621877796212963,0.9181658674764384,0.10385064138737608
6107,0.6219013378130405,0.9181829690720372,0.10385342389815996
6108,0.6219221137409415,0.9181804403417217,0.10384761436754743
6109,0.6219365693204829,0.9181988370469198,0.10384395697455766
6110,0.6218022560429818,0.9181334705211803,0.10390636908284057
6111,0.6218015168122458,0.9181380821874092,0.10389916145151341
6112,0.621812845635412,0.9181616747032253,0.10389941777544522
6113,0.6218778347932291,0.9181822235193302,0.10389931581270095
6114,0.6218762440297688,0.9181900326074778,0.10392930685936703
6115,0.6218912973113634,0.9181699526441062,0.10392204381919615
6116,0.6219190388752427,0.9181901248408024,0.10392951449560187
6117,0.6219809079037318,0.9181951784583783,0.10395359818337331
6118,0.6219751862155929,0.9181878343799087,0.1039589067253167
6119,0.6219731679993139,0.9181845139802239,0.10396236332403339
6120,0.6219946254187021,0.9182051281282672,0.10396321743947301
6121,0.6219923357169563,0.9181876921868667,0.10397329922972112
6122,0.6219949663626835,0.9182112731735171,0.10396257225160666
6123,0.6219911879335474,0.9181938372321167,0.10397031322668208
6124,0.6220664284793529,0.9182380169945896,0.10398160528272368
6125,0.6220314503252469,0.9182145474565396,0.10399584047827594
6126,0.6220259606373629,0.9182145282412637,0.10399801995614759
6127,0.6220944145767837,0.9182347734560086,0.10401036492526412
6128,0.6221634084186612,0.9182427362663638,0.10403922067229128
6129,0.6221731412166124,0.918246648496548,0.10404669046205337
6130,0.6221693430739654,0.9182368832933083,0.10405017498509328
6131,0.6220913375049657,0.9181893485436539,0.10407904084119493
6132,0.6221294618494541,0.9181800176056507,0.10406143122549533
6133,0.6221367160441239,0.9181749332436333,0.10405232402048502
6134,0.6221617518753424,0.9182000514523602,0.10405081972090262
6135,0.6221943833947197,0.9182183174936818,0.10406327524914001
6136,0.6221580404607238,0.9182054816893447,0.10407723010862255
6137,0.6221492404775222,0.9182136981413425,0.10409972689809162
6138,0.622209988881438,0.9182698528637898,0.10414233309539248
6139,0.622238033298728,0.9182744260994667,0.10413160971928495
6140,0.6222002227777799,0.9182754560382579,0.10415202196013029
6141,0.6222358182553317,0.9182762477076272,0.10415220356984005
6142,0.6222092580215675,0.9182631198310955,0.10416861903015222
6143,0.6222156372534305,0.9182631390463716,0.10416900565878191
6144,0.6222217301276934,0.9182581161732372,0.10414743582166981
6145,0.6222098695384862,0.9182523554335063,0.10414626639288575
6146,0.6221196767268652,0.918192030996177,0.10419782176981521
6147,0.6221500196813687,0.9181944943945543,0.10419751978989596
6148,0.6221413436482192,0.9181873463118995,0.10419927048353161
6149,0.6221412134665829,0.9181816931777139,0.10420459584335696
6150,0.6220822222071236,0.9181861050050729,0.10420862300636376
6151,0.6221965919982883,0.9181858590495406,0.10423862261988424
6152,0.622161735571709,0.9181607946435866,0.1041738124258814
6153,0.6221487459824172,0.918143254939696,0.10418463671120028
6154,0.6222201577358123,0.9181550377469109,0.10424810715637366
6155,0.62222415068227,0.9181592228340135,0.10425882945482122
6156,0.6222611582853905,0.918169203248344,0.10425006318950222
6157,0.6222140016793142,0.9181605179436129,0.10426696985964297
6158,0.6223142735551558,0.9182051973032606,0.1042988223503327
6159,0.6223243994917511,0.9182074109030504,0.10429853777857644
6160,0.6223633937302673,0.9182185480769932,0.10434194579202123
6161,0.6223788563789291,0.9182182598478539,0.10433685753868205
6162,0.6223712162550201,0.9182133099927682,0.10433302283488957
6163,0.622303063475293,0.9181324828559962,0.10443298482712265
6164,0.6222907716762403,0.9181062386320986,0.10444624442906171
6165,0.6222985419924342,0.9181089672012841,0.10444217714640285
6166,0.6222833122139255,0.918094421237387,0.10444492626263252
6167,0.6222377128691617,0.9180885913226627,0.10443148116438815
6168,0.6222563794820066,0.9180844830966638,0.10442080497844783
6169,0.6222273041343673,0.9180893791489768,0.1044341299909939
6170,0.6221823964060608,0.9180335280278896,0.10445155228988426
6171,0.6221666656315892,0.9180158153865154,0.10444630338193216
6172,0.62220428050527,0.9180122182868569,0.10446765012046733
6173,0.6222244219892715,0.9180378360927585,0.10436021128087408
6174,0.6221957395082206,0.9180455606336918,0.10436499868810693
6175,0.6222044717281565,0.9180505681346054,0.10436432541544134
6176,0.622197110752384,0.9180351997568975,0.10437394643557248
6177,0.62221136845757,0.9180363219290133,0.10438271433895323
6178,0.6221926582971693,0.9180352420305047,0.10439538335740432
6179,0.6222816223258661,0.9180750253378394,0.1044148002654948
6180,0.6222876751257704,0.9180615823307821,0.10442025867401451
6181,0.6222910691103858,0.9180745372698301,0.10442740936319109
6182,0.6223008305435518,0.9180701292855263,0.10443131756825012
6183,0.6223176382686124,0.9180647028915969,0.10449406615977179
6184,0.622354260185979,0.9180827537218279,0.10448867806437347
6185,0.6223107664200832,0.9180776424584243,0.1044848740377485
6186,0.6222957371376047,0.9180596800184626,0.10449223691580017
6187,0.622350798862472,0.918067846510743,0.10450739090639448
6188,0.6223278734931093,0.9180595916281933,0.1045127268626707
6189,0.6223579532156533,0.918084225611966,0.1045197858987806
6190,0.6223448154509076,0.9180652101748822,0.10444395316428909
6191,0.6222915908083537,0.9180378053483169,0.10444413038992567
6192,0.6223241687782474,0.9180447420629362,0.10443472544108462
6193,0.6223336074620326,0.9180400496925483,0.10444227328713859
6194,0.6223508538162043,0.9180493998458273,0.10443930373303104
6195,0.6224752806886638,0.91803333587513,0.10448971648295967
6196,0.6224329442757278,0.9180369675622853,0.10451006678654765
6197,0.6224384906799076,0.9180028412321914,0.10452405428555459
6198,0.6224510252205012,0.9179988521409034,0.10452567492065427
6199,0.6224637711983877,0.9180054045500037,0.10452312469745494
6200,0.6224645247779079,0.9179904589083668,0.10448966258117301
6201,0.6224969900400279,0.9179838181089972,0.10457288344741866
6202,0.6225012265120513,0.9179783686567367,0.10458277051418186
6203,0.6225359075822551,0.9179827420535438,0.10460312605915024
6204,0.6225532274827854,0.9179879955099896,0.10461250044971183
6205,0.6226120736701061,0.9180008197851611,0.10460174018210036
6206,0.6226296623809727,0.9180063883721324,0.10460257741852913
6207,0.6226379381179161,0.9180077334414493,0.10463483138760667
6208,0.6226540378902832,0.9179994824019547,0.1046368242909686
6209,0.6226573582411236,0.9179997591019284,0.10463619413541646
6210,0.6226195299816791,0.9179946824260214,0.10463892000267827
6211,0.6225876562291216,0.9179871961545099,0.10465193602547326
6212,0.622587141089999,0.9179735033488652,0.10464665339748376
6213,0.6225899804071131,0.917971001519936,0.1046448539690301
6214,0.6225354586291855,0.9179750982167694,0.10465138644897046
6215,0.6225388824285127,0.9179657365343247,0.10466115472621489
6216,0.622536137684512,0.9179632885081682,0.10468364695803466
6217,0.6225029509296633,0.9179431470559134,0.1046959501645754
6218,0.622490808887514,0.9179222485217862,0.10470645167378112
6219,0.6225169277955607,0.9178892558929735,0.10469309261110113
6220,0.6225314372734666,0.9178882720708447,0.10470410934360168
6221,0.6225276693698644,0.9178860123543925,0.10471283337950012
6222,0.622522457668575,0.917878768195358,0.10471656567028101
6223,0.6225041329833796,0.9178688300546346,0.10472424136236291
6224,0.6225055536481157,0.9178690721671117,0.10472786630612951
6225,0.6225601199642188,0.9178793984564092,0.10474368225844115
6226,0.6225657028389113,0.9178754516387283,0.1047538203974806
6227,0.62258530969707,0.9178941135147346,0.10473841035081707
6228,0.6225733927163792,0.9179164147640065,0.10479100610591935
6229,0.6225565060012002,0.917899278580911,0.10479430179695799
6230,0.6225336250037151,0.9178844905045369,0.10480361339382967
6231,0.6224346724737471,0.9178224021048752,0.10484987886595239
6232,0.6224548272841052,0.9178339197412818,0.10485615110031789
6233,0.6225009303579813,0.9178471936539107,0.10484821419867861
6234,0.6225133071091017,0.9178464404150933,0.1048495411247584
6235,0.6224993099747299,0.9178341349523725,0.1048541160369251
6236,0.6224982837184574,0.9178559788780768,0.10487389026375235
6237,0.6224848511486306,0.9178511750590883,0.10488128836056025
6238,0.6224725167286137,0.9178513825840686,0.10487951496054014
6239,0.622469596483634,0.9178546299657048,0.1048794613309303
6240,0.6224770337015755,0.917845587256841,0.10488565336707556
6241,0.622478410463933,0.9178459830915257,0.10488160319350572
6242,0.6224653196731067,0.9178426742210064,0.10488728253113266
6243,0.622482512817819,0.9178438732542259,0.10489616751136571
6244,0.6224769531168172,0.9178325708289099,0.10489737340448754
6245,0.6224638412682301,0.9178290083167481,0.10490335288485163
6246,0.622463922335433,0.9178213683230289,0.10491008519085605
6247,0.6224510072305847,0.9177908928953662,0.10491148558953899
6248,0.6224644843258528,0.9177902203607078,0.10491049215231987
6249,0.6224819279786985,0.9178038055608071,0.10491096946103094
6250,0.62248352803448,0.9178099736643882,0.10490662878524842
6251,0.6224762275254363,0.917795120256076,0.1048984178629966
6252,0.622470787752827,0.917800961699966,0.10490053515956552
6253,0.6224486653264305,0.9177859776277771,0.10491176756620206
6254,0.6224513804743813,0.9177849323167653,0.1049179100103415
6255,0.6225021971383599,0.9178322595414394,0.10491610169726434
6256,0.6224930729705915,0.9178204805772797,0.10492439670609395
6257,0.6224753544268821,0.9178204536758935,0.10493279516574655
6258,0.6225189845686248,0.9178226595895729,0.10493450222031148
6259,0.6225117672221089,0.9178306569874248,0.10493806786820999
6260,0.6225050507992594,0.9178196043606963,0.10493924480342043
6261,0.6225061942671276,0.9178064188383368,0.10495710035072615
6262,0.6225155146560271,0.9178043512746442,0.10495950948949459
6263,0.6225492409345031,0.9178003314389146,0.10497769091348416
6264,0.6225690732563236,0.9177998856445125,0.1049801832503021
6265,0.6225890985618592,0.9177950203366411,0.10499102713457789
6266,0.6226222099595893,0.917826368137832,0.10498049624812258
6267,0.6226211000182428,0.9178316369664985,0.10497026018660915
6268,0.6225900008905373,0.9178176789900457,0.10497917464583637
6269,0.6225896471438797,0.9178221138757359,0.10498244981253203
6270,0.6225693956885108,0.9178064534258336,0.10498572987604286
6271,0.6225655113739293,0.9177862466416405,0.10499587868119747
6272,0.6225796511943616,0.9178153923722072,0.10500370623773843
6273,0.6225945731063259,0.9178307761221358,0.10500378087538685
6274,0.6225945731063259,0.9178307761221358,0.10500020955418435
6275,0.6226091391594674,0.9178415904794426,0.1049821612405364
6276,0.6226208674266059,0.9178513057229648,0.10498124950182877
6277,0.6226694749454313,0.9178866349293334,0.10500504507199415
6278,0.6226592248613835,0.917880240085496,0.10501200167971757
6279,0.6226620720224915,0.9178871076251218,0.10501692848702691
6280,0.6227095860471195,0.9179218219426599,0.10508451097537834
6281,0.6227112407732689,0.9179349037025293,0.10508880544112799
6282,0.6227040020318668,0.9179354955330287,0.1050890666666777
6283,0.6228333460822403,0.9179584808461245,0.10509561655894709
6284,0.6228313471699525,0.9179550874283912,0.10508376571771283
6285,0.6228642528208853,0.917970697918576,0.10509359710817578
6286,0.6228951475686703,0.9179724503517429,0.10509693135990726
6287,0.6228503950979106,0.9179788567247459,0.10512110844047862
6288,0.6228665812156257,0.9179825191563427,0.10511534378077225
6289,0.6228520484942804,0.9179776269470848,0.10511357546849934
6290,0.6228496001976754,0.9179775154984844,0.10513077469138363
6291,0.6228478236390804,0.9179691107367821,0.1051408514139088
6292,0.6228420814875714,0.9179685342785036,0.10513982807627073
6293,0.6228598843267595,0.917961048006992,0.10513824496363003
6294,0.6228541194461075,0.9179514864856774,0.10513600684263458
6295,0.6228152077471452,0.9179134440823441,0.10517423594430529
6296,0.6228469931593273,0.9179371442037054,0.10517038996628315
6297,0.6228771033445399,0.9179535578924252,0.10518216216834331
6298,0.6228595750021468,0.9179473936318993,0.1051825624578651
6299,0.6228354603997032,0.9179297540085737,0.1051917307292892
6300,0.6228615513359586,0.917938566134126,0.10519944650442471
6301,0.6228914619764925,0.9179551604464398,0.10519347198243209
6302,0.6228727503384013,0.9179586422544426,0.10520301001704106
6303,0.6228400826218421,0.9179568360185029,0.10521776986444795
6304,0.6228172773984816,0.9179364370815504,0.10523075574537677
6305,0.6228243133391452,0.9179501798469125,0.10523434922178097
6306,0.6228167784954294,0.9179528546133253,0.10523805963066339
6307,0.6228189316785279,0.9179602332792915,0.10523726047532425
6308,0.6227981686760351,0.9179530313938641,0.10524813832489983
6309,0.6228961060151236,0.9179926686651014,0.10525506466918459
6310,0.6228946348758826,0.9179910622680317,0.10524562654811974
6311,0.6228820649917183,0.9179922574581961,0.10524454487381776
6312,0.6228891196056147,0.9179842600603441,0.10524303918084874
6313,0.6229030934269233,0.917989332893196,0.10523910347758887
6314,0.6228160526505799,0.917913805329532,0.1051795335949997
6315,0.6227834264291611,0.9179144240614178,0.10518264722984492
6316,0.6228686149487122,0.9179464251819911,0.10519395338441616
6317,0.6228435579594693,0.9179500607122016,0.10520691008279737
6318,0.6228393019313684,0.9179383393938698,0.10520549534534154
6319,0.622827728298566,0.9179245581979557,0.10521244439133076
6320,0.6228423922777238,0.9179305610501637,0.10520263853067544
6321,0.6228645825483221,0.9179225636523117,0.10519671376188187
6322,0.6229035094897212,0.9179329360582716,0.10518493528875886
6323,0.6228997722211332,0.9179217873551633,0.10519491929243593
6324,0.6228548399439656,0.9179041707901688,0.10521668736530966
6325,0.6228548399439656,0.9179041707901688,0.10539224592149757
6326,0.6228295138305282,0.9178974300713643,0.10541046973303193
6327,0.6228536850710428,0.9179112420117198,0.1053955676652958
6328,0.6228657302486525,0.9179205037747296,0.10540701185289181
6329,0.6228011204187414,0.9178757898275851,0.10545302807519441
6330,0.6228248086520978,0.9178821308686499,0.1054470443102079
6331,0.6228318697069783,0.9178545992212633,0.10546258099492146
6332,0.6228330283907423,0.9178450300138383,0.10547041936670509
6333,0.6228227745312765,0.9178189433552034,0.10542581705238747
6334,0.6228714251572148,0.9178262682183971,0.10544191420065842
6335,0.6228668077939653,0.9178175329539484,0.10545216187307721
6336,0.6228699020474034,0.9178206304564323,0.105456312205591
6337,0.6229251434692082,0.9178406796753624,0.1054390952698179
6338,0.6229518782720326,0.9178439270569986,0.1054539288511221
6339,0.6229078734103266,0.9178850054739325,0.10541950602450804
6340,0.6229164422970977,0.9178831070046682,0.10541924356443642
6341,0.6229387981347068,0.9178999741739005,0.10541928314680689
6342,0.6229199097669353,0.9178730920028412,0.1054261839239945
6343,0.6229255746353943,0.9178701097920131,0.10543711219009705
6344,0.6229569980086613,0.9178623660358038,0.105454380035528
6345,0.6229315002406999,0.9178582116931426,0.10545791536946088
6346,0.6229252028437989,0.9178620778066645,0.10544455714534705
6347,0.6229214083451494,0.9178634036607053,0.10544885466181454
6348,0.6229139577842251,0.9178913388288868,0.10547045533077637
6349,0.6229524363532642,0.9179327477485673,0.10545753349098097
6350,0.6229708790476196,0.9179321559180679,0.10546843317753982
6351,0.6229929452244646,0.9179336470234819,0.1054717617470224
6352,0.622970133123801,0.9179253652395458,0.10546876259993844
6353,0.6229580485181893,0.9179315256570166,0.10548482649605775
6354,0.6229598129748191,0.9179278401670886,0.10548978520193203
6355,0.6229484457509501,0.9179147084475019,0.1055010509737713
6356,0.6229784527093734,0.9179189127498806,0.10549559750532034
6357,0.6230012949581851,0.9179486234095603,0.10550579198034267
6358,0.6230359796435732,0.9179465904333644,0.10549365171100257
6359,0.6230378269559596,0.9179263260033435,0.10549962807775873
6360,0.6230590629333023,0.9179174831333495,0.10550207854054655
6361,0.6230697324950448,0.9178982563282302,0.10551328278216597
6362,0.6230344038119707,0.9178794292008507,0.10552917701843097
6363,0.6229497204210546,0.9178177558511496,0.1056803987665881
6364,0.6229599433479273,0.9178238125061301,0.10569472115757084
6365,0.6229619394781282,0.9178306416152041,0.10569346051860183
6366,0.6229827058165921,0.9178497070120054,0.1056939070480175
6367,0.6229873070445189,0.9178894903193401,0.10574598919387483
6368,0.6230319431720456,0.9178662936382087,0.1057217175704372
6369,0.6230526548030116,0.917863438248202,0.10573073879181369
6370,0.6230898588959987,0.9178775576329729,0.10573215311340306
6371,0.6231039970802251,0.9178839985934726,0.10573663853258841
6372,0.6230916133252687,0.9178796251966654,0.10574454800305834
6373,0.6231217611425504,0.9179012270098927,0.10574627633874983
6374,0.6231073233269413,0.917942593655966,0.10579229046022838
6375,0.6231433831015714,0.9179581849308749,0.10583367437123295
6376,0.6231183726429559,0.9179539114535027,0.10583632827663592
6377,0.6231395569847252,0.9179498339719453,0.10583669891488798
6378,0.6231250401526284,0.9179392886285019,0.10584608301154966
6379,0.6231084851248597,0.917934354145637,0.10585777493659469
6380,0.6231658368089471,0.9179387851882719,0.10587475403502088
6381,0.6231993754056285,0.9179313027598155,0.1058810969538482
6382,0.6232193393968175,0.9179391656507359,0.10587385172653105
6383,0.6232535859246986,0.9179408450658542,0.10587754937790697
6384,0.623230192540073,0.9179369712662219,0.10588260442078744
6385,0.6232648098284331,0.9179475973138244,0.10587292540122178
6386,0.623237135817915,0.9179502374927404,0.10588450378535133
6387,0.6232251824817117,0.9179649832955072,0.10588457343619082
6388,0.6232135695750853,0.9179494150789296,0.1058996635148386
6389,0.6232237082792476,0.91795022980663,0.10590381703388975
6390,0.6232117938811507,0.9179509484579507,0.10579911458574699
6391,0.623241302366674,0.917938704484113,0.10580400358384112
6392,0.6232612799840722,0.9179496418191858,0.10581005303759564
6393,0.6232466581538497,0.9179477279777009,0.10581163348110756
6394,0.6232435690026165,0.9179616513666569,0.10580544283525024
6395,0.623228069521446,0.9179556946311113,0.1058154361587171
6396,0.623241071497688,0.9179490307734105,0.10582545583357927
6397,0.6232331004448475,0.9179501106719191,0.10583342407609604
6398,0.6232244968731546,0.9179649064344034,0.10584512647366619
6399,0.6232230666550383,0.9179654636774062,0.10585736205466946
6400,0.6232050398417589,0.9179595799599091,0.10586537847962958
6401,0.623201186482842,0.9179608404820117,0.10586531623993288
6402,0.6231828086837442,0.9179439464113931,0.10587211488440333
6403,0.6231770483521872,0.9179397036784626,0.1058682740314778
6404,0.6231913345845244,0.9179467710569583,0.10586405083939439
6405,0.6231947832967221,0.9179436389669778,0.10586592020397864
6406,0.6231787357771013,0.9179376822314321,0.10585929878290003
6407,0.6231513468604177,0.9179291890794606,0.10585942737290538
6408,0.6231890531792375,0.9179352418913861,0.10586645376797922
6409,0.6232708252120337,0.9179406721283706,0.10590985961282333
6410,0.6232647585966821,0.9179330667221481,0.10591848653439119
6411,0.6232432630295709,0.9179285434461886,0.10592823865013176
6412,0.6233001340682106,0.9179282129434422,0.10593254941270808
6413,0.6232723164393202,0.9179239317799597,0.10593883171986833
6414,0.6232864577677941,0.9179256073520229,0.10593581722588102
6415,0.6233138504269186,0.9179338161179103,0.10594267379556581
6416,0.6233323622786466,0.9179358529371614,0.10594055546943254
6417,0.6233257469959071,0.9179236704522067,0.10594111042663962
6418,0.6233973116389199,0.9179379435591851,0.10594841440133422
6419,0.6234005840917215,0.9179398843020565,0.10594713966495532
6420,0.6233703357674901,0.9179026912139203,0.10596709692136198
6421,0.6234086831383638,0.9179225060064838,0.10594351585881635
6422,0.6234366085377299,0.9179150005196963,0.10595398840858555
6423,0.6234448740186865,0.9179169758500644,0.10594940297337041
6424,0.6234640509224741,0.9179330090763202,0.10596389826296952
6425,0.623454941742317,0.9179360796774176,0.10597633187275117
6426,0.6234701004711761,0.9179384739008015,0.1059828884174994
6427,0.6234908659516313,0.9179415483449541,0.10598755456554233
6428,0.6234736358495866,0.9179062767844134,0.1060004504333788
6429,0.6234749438950843,0.9179058002455697,0.10600029909033243
6430,0.6234739557835002,0.9179066341885461,0.10599766575648094
6431,0.6234750854576289,0.9179156845835204,0.10600975696256729
6432,0.6234748794132651,0.9179161918668055,0.10601836852785654
6433,0.6234514164472461,0.9178774154399307,0.10603640982651656
6434,0.6234707871875852,0.9178931565939921,0.10606036528682236
6435,0.6234707871875852,0.9178931565939921,0.10606052944840656
6436,0.6234572584504591,0.9178996897878164,0.10604987892036417
6437,0.6235637999118611,0.9179035328430072,0.1060844126570504
6438,0.623561160995205,0.9179003892238611,0.10608362019530113
6439,0.6235587080961087,0.9179001009947219,0.10607747221779579
6440,0.6235944577653517,0.9179292121377918,0.10608270542357813
6441,0.6236167517182364,0.9179291967655709,0.10608800784027575
6442,0.6236053978549462,0.9179336662387578,0.10609314013861454
6443,0.6235994993695656,0.9179344540650719,0.10605967049752855
6444,0.6236283674791221,0.9179392655701708,0.10605420372758793
6445,0.6236100052303997,0.9179396690909658,0.1060327157047064
6446,0.6235799306236839,0.9179215952024037,0.1060435039886236
6447,0.6235709416668952,0.917900304676647,0.1060576376102501
6448,0.6235522452435086,0.9178945093494193,0.10606324067016759
6449,0.6235358080532074,0.9178845673656407,0.10606951917942176
6450,0.6235509752920987,0.9179001893849912,0.10607428248567702
6451,0.6235791591495046,0.9178896017679407,0.10608207870608659
6452,0.6235771263059864,0.9178899437998527,0.1060692560897779
6453,0.6235866550670902,0.9178781264051411,0.10607654598346566
6454,0.6235851838811631,0.9178820424783805,0.10607085159495326
6455,0.6235916832523423,0.9178893442832429,0.1060852546897759
6456,0.62359480228448,0.9179182709596637,0.10613327485889947
6457,0.623576518981844,0.9178943979008187,0.10614435550628952
6458,0.6235716773714235,0.9178973147797085,0.10615533223937798
6459,0.623571227833988,0.9178998511961344,0.10617221775158912
6460,0.6235797406699339,0.9178948244799449,0.1061893660493487
6461,0.6235880882898374,0.9178906893525597,0.10617956047789695
6462,0.6235831419268281,0.9178877878458906,0.10618198472408472
6463,0.6235615905762201,0.9178934217648003,0.10618779959711719
6464,0.6235965529727435,0.9179029871291701,0.10615691825722304
6465,0.6235663610344763,0.9178861161168826,0.1061675611415069
6466,0.6235105803348887,0.9178581694195355,0.10619685669993537
6467,0.623539927699998,0.9178496724245088,0.10622375556329625
6468,0.6235306834487113,0.9178700752045165,0.10623674550770702
6469,0.6234108123417387,0.9178318560206444,0.10626593168478458
6470,0.6233797338406091,0.9178025796262013,0.10629322717747396
6471,0.6233882432897141,0.9177899282885132,0.10630409564777091
6472,0.6234401869069373,0.9178228133117805,0.10631336801282944
6473,0.623443632095731,0.917816153297135,0.10630986124023044
6474,0.6234463882675991,0.9178184437580287,0.10631382369853935
6475,0.6234555110521466,0.9178098929602292,0.10631577274899019
6476,0.6235047411019264,0.9177890059552675,0.10633413484867583
6477,0.6234944780982233,0.9177952355477317,0.1063406845009759
6478,0.6234717388884595,0.9177946245019564,0.10636228530423329
6479,0.6234462533415333,0.9177682995738997,0.10636921737765934
6480,0.623410277216894,0.9177358257575379,0.10637508409834834
6481,0.6233984439629606,0.9177235587253689,0.10638419682476673
6482,0.6233929171395165,0.9177245848211049,0.10636355040277028
6483,0.6233616138167014,0.9177111533432132,0.1063733104364487
6484,0.6233998357985047,0.9177367211893973,0.10636223107467949
6485,0.6234438410180323,0.9177547220599108,0.10636573003551977
6486,0.6234090399081808,0.9177471281828539,0.10636952713687654
6487,0.623416753910558,0.9177381623350939,0.10637822077985008
6488,0.6234275372377946,0.9177430699165724,0.10637550221574935
6489,0.6234176528535201,0.9177356143895024,0.10638258805597853
6490,0.623436166839156,0.9177317482759805,0.10638076028331563
6491,0.6234388675346952,0.917718059313391,0.10639083977092255
6492,0.6234391486063746,0.9177182091925434,0.10638531706617241
6493,0.6234319475709127,0.9177068798658411,0.10640038009604277
6494,0.6234482805327602,0.9177103386155128,0.1063934376515114
6495,0.6234741223753832,0.917711652940388,0.1064048407234878
6496,0.6235068853943748,0.9177158264983252,0.10639228348555395
6497,0.6235111814291192,0.9177418747264081,0.10639841760664295
6498,0.6235207254443349,0.917750779085285,0.10639816368098151
6499,0.6234981046420073,0.9177504639547595,0.10640688711107216
6500,0.6234987389356534,0.9177504601117042,0.10639082274563633
6501,0.6234868616903936,0.9177407487112372,0.10639845031594385
6502,0.6235255453747127,0.9177640337826379,0.10639012679755333
6503,0.6235751958621394,0.9177660360143923,0.10639171751331661
6504,0.623591522675564,0.9177777112160619,0.10639030658787833
6505,0.62359775181915,0.9177828724391831,0.10641991422640185
6506,0.6235973562861873,0.9177831491391568,0.10641088442051444
6507,0.6235960029455725,0.9177860045291635,0.10641005558464961
6508,0.6236325936832416,0.9177816695629083,0.1064099304469809
6509,0.6235948803191899,0.9177600984941227,0.10641827600988615
6510,0.6235031659384196,0.917745883032972,0.1064017939775911
6511,0.6235030850219796,0.9177477738161259,0.106407890998917
6512,0.623511383388327,0.9177444303581099,0.10640635385978006
6513,0.6235091076692887,0.9177273748791733,0.10641630457118113
6514,0.62352574965002,0.9177215757088906,0.1064146633090667
6515,0.6235540570827772,0.9177297383581157,0.10642246106633149
6516,0.623565770669459,0.9177269675153231,0.1064287825720083
6517,0.6235847159952774,0.9177268791250538,0.10642784877197635
6518,0.623601839124212,0.917753073389234,0.10645843679120763
6519,0.6236087523821014,0.9177495685229,0.106465248334703
6520,0.623607282036706,0.91772710586531,0.10645931236646376
6521,0.6235755185093881,0.9177221752255003,0.10647367119534669
6522,0.623550024642809,0.9177205034964924,0.10647745094692213
6523,0.6235865310249256,0.9177181899772675,0.10646986874668829
6524,0.623581185704722,0.9177307029649686,0.10648869405166797
6525,0.6235726409996483,0.9177344999034971,0.1064863600116921
6526,0.623563623776945,0.9177313639704614,0.10648675902920283
6527,0.6235840170905452,0.9177413866583989,0.10649617677498974
6528,0.623572603190395,0.9177740949011274,0.10651554521777036
6529,0.6235965179327663,0.9177789525228884,0.10652604005890841
6530,0.6235611534594867,0.9177729919442876,0.10655560669263606
6531,0.6235644736549013,0.9177670006212453,0.10656424865656874
6532,0.623579504903816,0.9177853012500636,0.1065704164847333
6533,0.6236496943583039,0.9178136053515435,0.10659033146269378
6534,0.6236490368004335,0.9177958196921207,0.10661616045021323
6535,0.623614298038215,0.917792964302114,0.10661770805011357
6536,0.6235746482067502,0.9177336505882999,0.10667991869902557
6537,0.6235899166360442,0.9177514977366057,0.10668717568668998
6538,0.6235976116877071,0.9177491534729394,0.1066956657273455
6539,0.6236127150387947,0.9177680113447604,0.10669591136021932
6540,0.6236302024509351,0.9177885985914173,0.10670497286532049
6541,0.6236429114865369,0.917796592146214,0.10670153315626289
6542,0.6236120488700404,0.9177686646641429,0.10670533625239569
6543,0.6236039165019782,0.9177570471083012,0.10671744535742819
6544,0.6236029689662609,0.9177609593384853,0.10671778452096943
6545,0.6236358176971357,0.917753557614188,0.10671641875062958
6546,0.6236527065887826,0.9177468860703768,0.10671581790164134
6547,0.6236675093923386,0.9177509328074928,0.10672357077369808
6548,0.6236730670598648,0.9177737797706017,0.10670433697545223
6549,0.6236639089088301,0.917766028328282,0.10670747793027698
6550,0.6236779389114179,0.9177643719714947,0.10670575862650838
6551,0.6237165128516212,0.9177719389471654,0.10669349279495784
6552,0.623618822857881,0.9177203843617814,0.10671258590695876
6553,0.6236677089154551,0.9177306799066375,0.10670149314398722
6554,0.6236523331451193,0.9177056001284626,0.1067168319959503
6555,0.623659482660493,0.9177026909356831,0.10670706492991741
6556,0.6236702803990809,0.9176946397350585,0.10665911823510837
6557,0.6236697336094912,0.9176941324517733,0.10665777212145806
6558,0.6236828288066913,0.917708328697648,0.10667513611819855
6559,0.6236850304338905,0.9177081634462748,0.10667905714322895
6560,0.6237304732966378,0.9177090319767479,0.10667695345471119
6561,0.6237193481711167,0.9177124945694748,0.10667950617092885
6562,0.6237309187667831,0.9177281511763219,0.10668149398433309
6563,0.6237467240260186,0.9177451413233202,0.10667687574716345
6564,0.6237756779112966,0.9177476393091942,0.1066876436765079
6565,0.6237889196664155,0.917760428996869,0.10668876845592064
6566,0.623735594817961,0.9177339503466048,0.10669358123448638
6567,0.6237334212996382,0.9177421706416578,0.10669515018860733
6568,0.6237487906494751,0.9177566551166717,0.10668834784470689
6569,0.6237066565305099,0.9177376934823606,0.10668865393325366
6570,0.6237159000533656,0.9177330741300213,0.10668877949872892
6571,0.6237241443426045,0.9177466708592862,0.10669324646652896
6572,0.6237148927723684,0.9177506445783534,0.10663843397809898
6573,0.6237268012013482,0.917738688833655,0.10663869241402865
6574,0.623721711129135,0.9177346459395943,0.10665326291822351
6575,0.6237270539574936,0.9177261950612299,0.10665492108058937
6576,0.6237523777454775,0.9177415634389376,0.10666665572709352
6577,0.6237671042860813,0.917744753174746,0.10667843874959622
6578,0.6237743943804213,0.9177572776916126,0.10667581919687683
6579,0.623780821363841,0.9177501411381234,0.10667498229999935
6580,0.6237672731127712,0.9177484924674466,0.10668164579181517
6581,0.6237322821306955,0.9177462942398774,0.10666798796342994
6582,0.6237717341440988,0.9177481734938657,0.10667962614683492
6583,0.6237964901594465,0.9177597487761003,0.10667782081940722
6584,0.6238178812904099,0.9177681765961336,0.10668293357367266
6585,0.6237935578137894,0.9177707206986699,0.10669341775807235
6586,0.623864953224039,0.9178002430486453,0.10669820989351685
6587,0.623911743224941,0.9178183515247041,0.10670047622827397
6588,0.6239318663349623,0.9178406758323072,0.10670281398134397
6589,0.6239024418990978,0.917857273987676,0.10674129959517294
6590,0.6238902633643809,0.9178622123135962,0.106763287138521
6591,0.623905885760371,0.917872504015397,0.10675772292910017
6592,0.6239322358345076,0.9178653559327422,0.1067619690218397
6593,0.6239233757073092,0.9178895940818302,0.10677444115861201
6594,0.6239160711410804,0.917909797022968,0.10678841022778819
6595,0.6239621072196275,0.9179144125322521,0.10680384368866117
6596,0.6239635519799012,0.9179008196460424,0.10681769004270988
6597,0.6239432607231978,0.9178945516230264,0.10683076906837578
6598,0.6239432126050669,0.917856709058563,0.10684154177661777
6599,0.623926882026292,0.9178703864919869,0.10683329075282819
6600,0.623931417163087,0.9178719275571184,0.1068270426160608
6601,0.6239378877725905,0.9178783147148454,0.10682804144788367
6602,0.6239533148180502,0.9178857279683084,0.10685929950148802
6603,0.623950851820734,0.917877438498262,0.10686177850408574
6604,0.6239493154877275,0.917888621788867,0.10685343511026024
6605,0.6239117169674147,0.917899943429459,0.10689647514939975
6606,0.6239324310774607,0.917901353830714,0.10696483839504793
6607,0.6239397827636339,0.9179224445176009,0.10697248659992861
6608,0.623930347536516,0.917899197876752,0.10698937648832342
6609,0.6239020315589086,0.9178927338579211,0.10695850838931019
6610,0.6238873124003247,0.9178902320289919,0.10696636575936097
6611,0.6238940721026361,0.91789069703867,0.10696877310670243
6612,0.6238743500290591,0.9178810740284724,0.10698151548136044
6613,0.6238475801607866,0.9178644681869932,0.10697293799975797
6614,0.6238336858981742,0.917862389094135,0.10698472566560985
6615,0.62380625951387,0.9178402953698434,0.1069927996109463
6616,0.623838967892207,0.9178392270005002,0.10700030894969746
6617,0.6238770716597474,0.9178786721189781,0.10698197445304018
6618,0.6238858344773442,0.9178943287258253,0.10699045602833691
6619,0.6238837596958935,0.9178881221916922,0.10699490820057707
6620,0.6238940161376231,0.9178827534435907,0.10699910341919526
6621,0.6239085302356255,0.917888641004143,0.10699425340717005
6622,0.6239198048391359,0.9178773654802133,0.10701070435071842
6623,0.6239209366046363,0.9178797212730453,0.10700864765919045
6624,0.6239533359135455,0.9178896248262718,0.10701891001393253
6625,0.6239338570018051,0.9178868578265345,0.10700045986582894
6626,0.6239338570018051,0.9178868578265345,0.10696775904190048
6627,0.6239515854386758,0.9179028833666799,0.10697003599811004
6628,0.6239647722627368,0.9179105963784477,0.10697077255681604
6629,0.6239701160904461,0.9179226981592434,0.10697875039462933
6630,0.6239760126119096,0.9179333703235082,0.10699260564035334
6631,0.6239634056911525,0.9179411525102694,0.10699680456429601
6632,0.623979137323565,0.9179594877265845,0.10699838351935728
6633,0.6239127533327812,0.9179552526797643,0.1070164931497874
6634,0.6239011843570328,0.9179346116303347,0.10702555849777953
6635,0.6239233976214342,0.9179548107284173,0.10702472834001113
6636,0.6239617825865343,0.9179521321189494,0.10702635108590897
6637,0.6238650474203209,0.9179509792023922,0.10706038474029768
6638,0.6238513636603568,0.9179460908361895,0.10706551570401034
6639,0.6238410166068578,0.9179564593990942,0.1070726637842908
6640,0.6238384304052987,0.917975071315383,0.10708529999977645
6641,0.6238384304052987,0.917975071315383,0.10708349628666156
6642,0.6238447641642823,0.9179813892981166,0.10708120059712714
6643,0.6238543821185909,0.9179786914733727,0.10708880419677343
6644,0.6238314861357835,0.9179886449863167,0.10709348167684299
6645,0.6238574761052001,0.9179785992400481,0.1070674118405247
6646,0.6238732042796317,0.917986957885088,0.10705774733379417
6647,0.6238700020736215,0.9179861777448843,0.10705990464464055
6648,0.6238546266862057,0.9179748945348443,0.10706945309301184
6649,0.6238791518255141,0.9179773963637734,0.10706503774903436
6650,0.6239212915734004,0.917983249336829,0.10707169565575077
6651,0.6239315475911161,0.9179923919651277,0.10706782376991014
6652,0.6239287182957267,0.9179924227095693,0.10706261045344012
6653,0.6239511803189762,0.9179903897333733,0.10706260780456578
6654,0.6239087714264785,0.9179894174404101,0.10707175468950354
6655,0.6239244968787967,0.9180062922957527,0.10707180569786022
6656,0.6239418647894067,0.9180026221780455,0.10707487650639781
6657,0.6239318556615824,0.9180018535670074,0.10707550547502892
6658,0.623956760485052,0.9180083483302798,0.10708055934439449
6659,0.6239301898107507,0.9179984524631636,0.10708689864305414
6660,0.6239249178873337,0.9180038673279274,0.10708770235472231
6661,0.6238936557090744,0.9179952627273552,0.1071022022648372
6662,0.62386846441577,0.9179844983297659,0.10711540966954927
6663,0.6238359573593526,0.9179917693901869,0.10712473811039908
6664,0.6238592164883071,0.9180008159421059,0.1071430649272128
6665,0.6238404458246287,0.9179921460095956,0.10715843642152408
6666,0.6238315210281533,0.917989778687598,0.10715802062887213
6667,0.6238228014065378,0.9179833530993191,0.10717930341730487
6668,0.6238081502721944,0.9179851900797003,0.10721292535896423
6669,0.6238158610538249,0.917987522814201,0.10721664386941818
6670,0.6238307802942631,0.918003256282152,0.10722455041455325
6671,0.6238179195085446,0.9179769198249298,0.10723032878578585
6672,0.6238153717656525,0.9179976800090702,0.10717086538375198
6673,0.623813896307509,0.9180025875905489,0.1071764515656694
6674,0.6238101779680443,0.9179991595853186,0.10718078984103481
6675,0.6237972284915656,0.9179942981205024,0.10718956830679802
6676,0.6237988202899454,0.9179860624532286,0.10719044124554894
6677,0.6238136458473837,0.9180070340054045,0.10719648091528022
6678,0.6237928442678997,0.9180018112934003,0.10720946212168726
6679,0.6237825929271225,0.9179997744741492,0.10722602983668582
6680,0.6237995125837485,0.917997614677132,0.10723650523307426
6681,0.623806037999751,0.9179958353425787,0.10723375962095542
6682,0.6238156684679904,0.9180075643470208,0.10724400186492535
6683,0.6238130192758067,0.9180050740472573,0.10724026524036265
6684,0.6237976391256341,0.9180170297919557,0.10725015067750675
6685,0.623767497446719,0.9179916579415863,0.1072763132918001
6686,0.6237355949291502,0.9179698639755995,0.10729131829394443
6687,0.6237130277935067,0.917977427108215,0.1073040642718059
6688,0.6237317701078184,0.9180028373891362,0.10730839166927975
6689,0.6237317333612054,0.9180061155152139,0.1073081129064962
6690,0.6236980056879804,0.9179964617605748,0.10731395220094628
6691,0.623712605981627,0.9179952127676377,0.1073457769857455
6692,0.6237290722952608,0.9179929722664616,0.1073460965813548
6693,0.6237414172645315,0.9179938446399899,0.10734972037874774
6694,0.6237157647317765,0.917973480290534,0.1073814103451404
6695,0.6237849499655226,0.9179986868895302,0.10740070092862478
6696,0.6237246838422245,0.9179695296297979,0.10742440487269067
6697,0.6236610873351967,0.9179695834325706,0.1074545686265402
6698,0.6236730625931906,0.9179708631699491,0.10745939899116616
6699,0.6237191546745827,0.9179494996261437,0.10746491473495359
6700,0.6237612053983698,0.917955952115809,0.1074637484993246
6701,0.6237522373510764,0.9179509599871163,0.10748605483975152
6702,0.6237484868611523,0.9179488885803684,0.1074818915680841
6703,0.6237072022550167,0.9179148852280407,0.10749326065632749
6704,0.623717628979524,0.9179071606871072,0.10748207938710837
6705,0.6237306748265675,0.917900769686325,0.10748798050902304
6706,0.6237273443186745,0.9179152733766149,0.10749210605000088
6707,0.623752134393683,0.9179273982157418,0.10748376068364354
6708,0.6237410722284287,0.9179378666980813,0.10748853518733749
6709,0.6237407269007754,0.9179381972008277,0.10748302110561817
6710,0.6237195586426993,0.917926879403291,0.10749683288958731
6711,0.623721853308884,0.9179170719264441,0.10752432403584222
6712,0.6237432850093748,0.9179220179384747,0.10752348825223086
6713,0.6237340835399547,0.9179264912547167,0.10754133315465948
6714,0.6237120678480789,0.9179201386844864,0.10755358836136358
6715,0.6237120678480789,0.9179201386844864,0.10755630156147264
6716,0.6237120678480789,0.9179201386844864,0.10755055531508188
6717,0.6237299240425977,0.9179395345840341,0.10754478826577399
6718,0.6237161547369469,0.9179378128953086,0.10754685421011696
6719,0.6237090916488565,0.9179328015513399,0.10754769573899309
6720,0.6237083795355578,0.9179445574571684,0.10754650629731068
6721,0.6236903156569724,0.917944326873857,0.10755547396092825
6722,0.6236664798761146,0.9179440386447177,0.10756230233115358
6723,0.6236716731049544,0.9179397574812352,0.10756308107292697
6724,0.623678657135497,0.9179342465400916,0.10756807835478302
6725,0.6237413743199753,0.9179755709125578,0.10757432824220181
6726,0.6237553193332017,0.9179731728461188,0.10759978027364443
6727,0.6238010245888,0.9179965424647337,0.10762241237039401
6728,0.6237927208461155,0.9179969344563632,0.10763250900842919
6729,0.6237985115718202,0.91799908656727,0.10764622352962877
6730,0.6238019230924928,0.9180009811934791,0.10764676049946709
6731,0.6237895586824587,0.9180027720571979,0.10765003016112651
6732,0.6237641646430818,0.9180328170626793,0.10766967945210787
6733,0.6237718331550949,0.9180290047519301,0.1076684798572936
6734,0.6238070466047474,0.9180393425703932,0.107670281218084
6735,0.6238546860746272,0.9180417982826601,0.10768605825063363
6736,0.6238302735953138,0.9180418059687705,0.10769602767320328
6737,0.6238341265724717,0.9180402495314182,0.10770081470329355
6738,0.6238305671230523,0.9180300654351627,0.10771283781644736
6739,0.6238382475686582,0.9180216645165157,0.10772171909897567
6740,0.6238115281937042,0.9180179982418637,0.107742306667139
6741,0.6238434472800981,0.9180536079912612,0.10774247571482357
6742,0.623840639398008,0.9180571512881471,0.1077454758740022
6743,0.6238214202394343,0.9180545111092311,0.1077588453828214
6744,0.6238351568009972,0.9180642301958085,0.10775819442289218
6745,0.6238240323557952,0.9180502645332453,0.10776863090657442
6746,0.6238318917305071,0.9180217605928955,0.10777951847588713
6747,0.623809420949821,0.9179971535105091,0.10780274706907456
6748,0.6238122901519594,0.9179802440676698,0.10781017019497867
6749,0.6238539562358657,0.9179882529946873,0.10781562719543199
6750,0.6238360046639831,0.9179869079253705,0.10782518248065281
6751,0.6238405069514872,0.9179887487488069,0.10782177997689973
6752,0.6239843753354485,0.9180231171913779,0.10784732200735435
6753,0.6239921676046463,0.9180361297762537,0.10783385811451254
6754,0.624017876766037,0.9180253692217196,0.10784832049035907
6755,0.624012275310435,0.9180152504574024,0.10785864966774353
6756,0.6239891571125301,0.9180046090375792,0.10788025067602228
6757,0.6240426160496655,0.9180366908623115,0.10787241141418447
6758,0.6241305688123479,0.9180923882611911,0.10782550081717888
6759,0.6241551597917806,0.9180943712776696,0.10781510360218206
6760,0.6241534892787693,0.9180903245405537,0.10781922958973562
6761,0.6241449223931765,0.9180846944646993,0.1078247798871539
6762,0.6241441032078099,0.918080839880343,0.10783016582986801
6763,0.6241099263306068,0.9180535003857159,0.10784519921762842
6764,0.6239379041143666,0.9179758091819796,0.10782904867910621
6765,0.6238803045131583,0.9179622585693771,0.10786052202884536
6766,0.6238915384138376,0.9179583002225306,0.10786160033225593
6767,0.6239122180620391,0.9179565631615844,0.10786045116098157
6768,0.6238955818518482,0.9179742335293515,0.10785184651867517
6769,0.6239318536525509,0.9179796983538326,0.1078463116158762
6770,0.6239193459000052,0.917971908480961,0.10785300221760048
6771,0.6239134551581613,0.9179623008429841,0.10785695825369114
6772,0.6238991410695449,0.9179526624605657,0.10792755895146605
6773,0.6239243180609934,0.9179583578683584,0.10792465953581133
6774,0.6239378999108078,0.9179668202758885,0.10793458134715542
6775,0.6239337871833223,0.9179507908926878,0.10793970258555353
6776,0.6239500980460738,0.9179756439306065,0.10792191269399913
6777,0.6239601241052167,0.9179847442852982,0.10792517597676013
6778,0.6239496620400947,0.9179827881702061,0.10793031084346376
6779,0.6239222527225691,0.9179734495460925,0.10795740406790283
6780,0.6239284155522691,0.917972069889279,0.10797166734729152
6781,0.6239286772276638,0.9179755785986682,0.10793870480927117
6782,0.6239145998940167,0.9179632347053955,0.1079475510021091
6783,0.6239348773618222,0.9179785608094962,0.10793234580119132
6784,0.6239502680054271,0.9179882184071906,0.10793071381965731
6785,0.6239822578413302,0.917991873152677,0.1079255101968637
6786,0.6239767916307497,0.9179797214121639,0.10793359648249289
6787,0.6239758427023855,0.9179917079013038,0.1079286865608785
6788,0.6239791591036554,0.9179948822648913,0.10793277965582496
6789,0.62397258968335,0.9179845790339249,0.10794142453408948
6790,0.6239794211315931,0.9179720353017823,0.10801333585138326
6791,0.6239889634214576,0.9179925649026114,0.10801337311572484
6792,0.6240145573261059,0.9180057081513637,0.10801148901642872
6793,0.6239928630493706,0.917986734987887,0.10802969358020185
6794,0.6239614752895272,0.9179762357611059,0.10804915446934117
6795,0.6239830476054951,0.9179777729831822,0.1080458319200656
6796,0.6239878571332178,0.9179902705986625,0.10805531363704503
6797,0.6240266814602898,0.9179925456873353,0.1080582871417356
6798,0.6240350761138354,0.9179940329496942,0.10806640652498233
6799,0.6239919129358644,0.9179602371223468,0.10809144348548991
6800,0.6238969246978567,0.9179283013337115,0.10812585454283333
6801,0.6239098807310461,0.9179254536298153,0.10812589222735133
6802,0.6239362613749547,0.9179446151029963,0.10813148843426841
6803,0.6239434250482415,0.9179459909167546,0.10811698143264573
6804,0.6239593892065386,0.9179465520028124,0.10811429636766715
6805,0.6239639190147861,0.9179453606557033,0.10812367385400397
6806,0.6240042463150184,0.9179531620577406,0.10811684026078197
6807,0.6240083332235167,0.917950410430224,0.1081164574061911
6808,0.6239695467819636,0.917922144759296,0.10814312387545175
6809,0.6239586152612848,0.917923374536957,0.1081412437683194
6810,0.6239917429424843,0.9179389888701971,0.10814298782448606
6811,0.6239934696451532,0.9179484927456838,0.1081376128216867
6812,0.6240175866348273,0.9179479393457363,0.10814065956435151
6813,0.6239910260698007,0.9179468056444551,0.10818678015127166
6814,0.6239803712186287,0.9179436120655915,0.10819940485319558
6815,0.6239930186154222,0.9179373017689683,0.10820630209641709
6816,0.6240013902762669,0.9179515902481675,0.10821546499849183
6817,0.623975366507959,0.9179446266321619,0.10822796673018399
6818,0.623969329868811,0.9179394269784887,0.10822835901160151
6819,0.623947108489159,0.9179690108173472,0.10825150221923195
6820,0.6239954828391393,0.9179832608659945,0.10823815391742962
6821,0.6240129324805411,0.917972834657262,0.10824384201468293
6822,0.6240107692979824,0.91797662390968,0.10824418246780222
6823,0.6240160119692566,0.9179806629606856,0.1082429506182489
6824,0.6239951527939124,0.9179710322643776,0.10825147537408748
6825,0.6240630138028846,0.917962981063753,0.10825517073234778
6826,0.6240343766726907,0.9179504680760519,0.10825979755893932
6827,0.624040848519148,0.9179485657637324,0.10826370693302073
6828,0.6240177040799605,0.9179287086975618,0.10828168730573196
6829,0.6240381815762903,0.917915415569657,0.10828923321696775
6830,0.6240962010478891,0.9179308415931926,0.10831722615704366
6831,0.6241617925021774,0.917930507247391,0.10832662995973491
6832,0.6242174045469565,0.9179684727896205,0.10835980083270254
6833,0.6241973685492123,0.9179654521482405,0.10835823769607869
6834,0.624217062191242,0.9179622854707634,0.10836474323436329
6835,0.6242326060991177,0.9179540536465448,0.10836809556093924
6836,0.6242402174596843,0.9179675696716507,0.10836547741894961
6837,0.6242658566630513,0.9179729192044762,0.10836244615253413
6838,0.62432246755828,0.9179854821518948,0.10833312918555886
6839,0.6243415967615017,0.9179828650313099,0.10832445034587983
6840,0.6243375228577828,0.9179834376465333,0.1083341744877627
6841,0.6243899052297676,0.917991711744359,0.1083463662043258
6842,0.6244254722801815,0.9180103505620342,0.108340140370059
6843,0.6244300455796183,0.9180132174812065,0.10832855267148608
6844,0.6244415941723747,0.918013167521489,0.10832692927844141
6845,0.6244485015644787,0.9180222256025735,0.10833630077199354
6846,0.6244553096936312,0.9180435391866615,0.10834517030176181
6847,0.6244594703693145,0.918034784706937,0.1083358432560373
6848,0.6244595711328158,0.9180411488063328,0.10833324103290641
6849,0.6244944125285263,0.9180535849329301,0.1083304725600716
6850,0.6245287077321714,0.9180536810093098,0.10833496778227486
6851,0.624548264412148,0.918051306001202,0.10833453693364865
6852,0.6245442258645505,0.9180638843208413,0.10835331116574441
6853,0.6245583961793157,0.9180735765060324,0.10834788866839351
6854,0.6245571033967681,0.9180629312431541,0.10835709053483016
6855,0.6245607995896656,0.9180758554377605,0.10836804641273264
6856,0.6245644880852677,0.9180636460514195,0.10836695081555096
6857,0.6245669282230163,0.9180622817668268,0.1083680053166813
6858,0.624566930017067,0.9180623086682131,0.10836069126213467
6859,0.6245587244194386,0.9180809167414468,0.1083386613902012
6860,0.6245588264074277,0.9180763127613283,0.10834533639234771
6861,0.6245531630433033,0.9180687265703816,0.10835197267341103
6862,0.6245459296719367,0.9180726118991795,0.10835234585989159
6863,0.6245242217520577,0.9180698987022149,0.10835592963758109
6864,0.624538636597565,0.9180588883490933,0.10836277936514066
6865,0.624539184247867,0.9180458680781071,0.10836813604565554
6866,0.6245303929383832,0.9180462562266813,0.10837449531302312
6867,0.6245409065224263,0.9180504144123978,0.10835967181073537
6868,0.6245162633561789,0.9180466789627524,0.10837206241243913
6869,0.6244751949860612,0.9180412717840989,0.10837673123332575
6870,0.6244796977589582,0.9180557216716162,0.10838122723925596
6871,0.624503834206543,0.9180756056391731,0.10837842954209351
6872,0.6244826009383482,0.9180855783673931,0.10838192124110534
6873,0.6245076849237757,0.9180752905086474,0.10839327812603707
6874,0.6245093531456399,0.9180789106666372,0.10840115431121629
6875,0.6245028344174055,0.9180757593613807,0.10840837076279919
6876,0.6244928729749948,0.9180780767236608,0.1083997913645809
6877,0.6244894263321035,0.9180623816862618,0.1084262478617003
6878,0.6244436608925862,0.9180677465913081,0.10853095834209246
6879,0.6244652661120388,0.9180787223569329,0.10853967345538036
6880,0.6244341410511474,0.9180699525049876,0.10854166484655761
6881,0.6244652428536992,0.9180824808649094,0.10853559530218582
6882,0.6244509629588186,0.9180724274325304,0.10854041303263168
6883,0.6245090657583252,0.9180998899049235,0.10854133354884683
6884,0.6244931301462084,0.9180884952462829,0.10855671857798073
6885,0.6244665954113119,0.9180468019405185,0.10860177228834739
6886,0.6244623601049525,0.9180240010940717,0.1086130776923082
6887,0.6244523001389112,0.9180181980807337,0.10862079708658734
6888,0.6244152256380849,0.9179956124453776,0.10861701696442758
6889,0.6244644551785775,0.9179955932301016,0.10862647065682964
6890,0.6244558328258459,0.9179868541225978,0.10863017051973485
6891,0.6244521801602297,0.917974909907065,0.10862580482386282
6892,0.6244583912681312,0.9179761973305539,0.10862780802915352
6893,0.6244183940118974,0.9179528930438772,0.10864066134506065
6894,0.62441682815573,0.917932962959658,0.108650217909678
6895,0.6244178615250745,0.9179238818202422,0.1086618734348868
6896,0.6244138868252405,0.9179043245123765,0.10867344621726098
6897,0.6244148112083864,0.9178906931956148,0.10865631145390464
6898,0.624447013008309,0.9179066649329876,0.10866895458522384
6899,0.6244643304593906,0.9179134479253993,0.10866991576103631
6900,0.6244702776799567,0.9179185822471342,0.10867173909395288
6901,0.6244810965788558,0.9179144970794664,0.1086571857186434
6902,0.6244504259094632,0.91790731825237,0.108665465917632
6903,0.6244291107201315,0.9178749443554431,0.10869585446615278
6904,0.6243720350544106,0.9178225981006899,0.1087358039938209
6905,0.6244005420783617,0.9178288123209333,0.10875532411558705
6906,0.6243534357692834,0.9178199886662154,0.10877334065076753
6907,0.6243351129003223,0.9178082865631595,0.10877231434415144
6908,0.6243432391944687,0.9177891519913648,0.10878151832080385
6909,0.6243685818371593,0.9177972070350445,0.10878615572535624
6910,0.6243728329502906,0.9177977181613849,0.10878770275960048
6911,0.6243486810720884,0.9177875071637431,0.10881063385948171
6912,0.6243391595789475,0.9177761470925992,0.10882217425018426
6913,0.6243593067499014,0.9177989940557083,0.10881947147349291
6914,0.6243351633832785,0.9177874764193016,0.10883661112382662
6915,0.6243210732495299,0.9177760702314954,0.10884450608676895
6916,0.6243292404262717,0.9177889790538811,0.1088704457461125
6917,0.6243177582485571,0.9177746137135782,0.1088892930444499
6918,0.6243164059677392,0.9177632613285447,0.1089099428705606
6919,0.6243306326831943,0.9177694217460154,0.10890429303697709
6920,0.6243811486399843,0.9177818309712263,0.1089036946646968
6921,0.6243993074780966,0.9177843251140452,0.10889503943004349
6922,0.6244045600629033,0.9177760932898266,0.10889548284132193
6923,0.6243243504015591,0.917726844537557,0.10894408957357503
6924,0.6243264718818375,0.9177153269011503,0.10895708629409628
6925,0.6243384306158415,0.9177201998951322,0.10896563213345645
6926,0.6243401590682959,0.9177130325972015,0.10896087660763282
6927,0.6243525107462393,0.9177213720269655,0.1089565560094155
6928,0.624339372155581,0.9177146658956575,0.10895165572859532
6929,0.6243610268050905,0.9177169678857168,0.10895590670882505
6930,0.6243599643334389,0.9177114953751252,0.1089663732225657
6931,0.6243932463477924,0.9177258876168146,0.10897212544928878
6932,0.6243977543214507,0.9177367173463421,0.10896091456833938
6933,0.6244101458397062,0.9177369325574328,0.10895755041659794
6934,0.62445685270021,0.9177177864564725,0.10899191931433251
6935,0.6244481261756818,0.9177166719704671,0.10898958865280817
6936,0.6244421153369744,0.9177232320656777,0.10900406519679948
6937,0.6244433361782402,0.9177184743633516,0.10899994225500517
6938,0.6243978712961162,0.9177161339427404,0.10898504887625331
6939,0.6244247745566923,0.9177398648085433,0.10898958083670611
6940,0.6244171755350941,0.9177461136162834,0.10899391711698578
6941,0.624427557360853,0.9177545491224272,0.10899296319936187
6942,0.6244644675756247,0.9177632651715998,0.10897979676150574
6943,0.624475469640493,0.917789640059374,0.1090016167285135
6944,0.6244617153680003,0.9177760048995571,0.10901519286675375
6945,0.6244526798900937,0.9177791831061999,0.1090100463254583
6946,0.6244359334156269,0.9177752093871326,0.10901820734841569
6947,0.6245017356807898,0.9177980140766346,0.10906155133452512
6948,0.6244995869413076,0.9178055349356429,0.10905887969388306
6949,0.6245223137749027,0.9178073642299137,0.10905735029198126
6950,0.6245209342154506,0.9177949434755373,0.10906020014135727
6951,0.6245268048888185,0.9178073027410307,0.10905151630607733
6952,0.624525284940785,0.9178077562215432,0.10907059716979352
6953,0.6245343838966774,0.9177955276199262,0.1090632866835079
6954,0.6245602248293997,0.9178075256382318,0.10906944619487713
6955,0.6245601527335378,0.9178069338077324,0.10907281840035657
6956,0.6245931647332873,0.9178038516774694,0.10907170695594025
6957,0.6246098713302706,0.917807491050735,0.1090766305241774
6958,0.624612469424965,0.9178036364663787,0.10908017705385636
6959,0.6245695920948616,0.9177771193855625,0.10909688689238224
6960,0.6246158707038447,0.9177725077193336,0.10908392695497734
6961,0.6246411090787731,0.917786557929111,0.10909473452143252
6962,0.6246095724414996,0.9177795981561605,0.10909759082158078
6963,0.6246013498954712,0.9177716699333021,0.10911841619391044
6964,0.6246083850565315,0.9177811930240647,0.10910753180528493
6965,0.6245921926302939,0.9177675271198064,0.10911243316167062
6966,0.6245627524595114,0.9177671543434529,0.10912288211172674
6967,0.6245815638190994,0.9177827533044721,0.10912981471434133
6968,0.6245850331793819,0.9177849284737101,0.10912832513115
6969,0.6245326344734504,0.9177892134802478,0.10917008249528108
6970,0.6245405843278424,0.9177983753238226,0.10916800053545868
6971,0.6245623682555291,0.9177968995906293,0.10918254222986329
6972,0.6244532287811947,0.9177321479537203,0.10916057972875322
6973,0.6244728824247611,0.9177331202466835,0.10917054303138075
6974,0.624493326583638,0.9177381777073146,0.10917835971301289
6975,0.6244591993616554,0.9177191123105133,0.10919461225479118
6976,0.6244709568754058,0.9177169448273856,0.1092160651745904
6977,0.6244670556493759,0.9177207302367486,0.1092249115261143
6978,0.6244578001334116,0.9177013074358145,0.10924963858581242
6979,0.624474464293615,0.9177159225747049,0.10926866659706697
6980,0.6244377401427947,0.9176904969215629,0.10928526521053919
6981,0.6244553487383004,0.9176880258370752,0.10930085529078507
6982,0.6244743960773564,0.9176807739919303,0.10935518254722788
6983,0.6244808070816062,0.9176743753050377,0.10935678472434669
6984,0.6245052732921178,0.9176881872453932,0.10935611441510754
6985,0.624541826016278,0.9176988709388235,0.10935433822922759
6986,0.6245375938756125,0.9177045586605059,0.10936636203605174
6987,0.6245266142697001,0.9176950932155711,0.10937586786630525
6988,0.6245430712783387,0.9177062227034035,0.1093735591994707
6989,0.6244982894982228,0.9176993590068327,0.10939960558936683
6990,0.6244842848235669,0.9176967111418064,0.10938998778281024
6991,0.6245059509709308,0.9177003774164584,0.10939646682319011
6992,0.6244895115549746,0.9176874916524037,0.1093963479917103
6993,0.6245002213725229,0.91768540103038,0.10940838338805663
6994,0.624477628326595,0.9176769155645188,0.10942302601278603
6995,0.6244574670836028,0.9176823227431722,0.10940851455320731
6996,0.6243756100144431,0.9176618776895574,0.1094306209199509
6997,0.6243426839843625,0.9176568701886438,0.10943310095576093
6998,0.624334613042145,0.9176697136790913,0.10944000409036973
6999,0.6243459285792727,0.9176762968326331,0.10943450508315364
7000,0.6243513670087651,0.9176808162655374,0.10943200314557651
7001,0.6243159649430008,0.9176860850942039,0.10943799974344412
7002,0.624293780442463,0.9176818846348804,0.1094463626508306
7003,0.6243339556990626,0.9176804396461287,0.10945636462297248
7004,0.6243384755106713,0.9176683071208915,0.10946775924560057
7005,0.6243581164289984,0.9176649751920412,0.10946769291937475
7006,0.6243584340534846,0.9176648675864958,0.1094713850384859
7007,0.6243391486054244,0.9176552099888015,0.1094936531746838
7008,0.6243676325332385,0.9176630113908386,0.10949270036695291
7009,0.6243979829467597,0.9176634917727375,0.10948907687437555
7010,0.6244374863893529,0.9177033788425624,0.1094959899882361
7011,0.6244214093174563,0.917681796244611,0.10951646430484673
7012,0.6244405378599092,0.9176779570324755,0.10952072618611107
7013,0.624421857865205,0.9176820345140329,0.10954615224991061
7014,0.6244210554644373,0.9176853702859384,0.10954514062576536
7015,0.6244186260145268,0.9176908466395852,0.10954431029020528
7016,0.6244144365220249,0.917689390121668,0.10953898613768437
7017,0.624419041209107,0.9176835256194469,0.1095468821345746
7018,0.6244049872250236,0.9176729649037827,0.10954896386716927
7019,0.6244183957467867,0.917674140878671,0.10954620412783277
7020,0.6244741152612859,0.9176806087405571,0.10955733049082098
7021,0.6244660246350159,0.9176864348122263,0.10955968408655527
7022,0.6244659703029835,0.9176877875676535,0.10956460214735321
7023,0.6244750962942792,0.9176876684329425,0.10961140501494433
7024,0.6244691210042433,0.9176868306469109,0.10960838151909638
7025,0.6244859866436689,0.9176831951167005,0.10961866675489147
7026,0.6244410230028449,0.9176407293568426,0.10965420889832747
7027,0.6244216832522039,0.9176475046631439,0.1096539244876386
7028,0.6244189722968769,0.9176404065402066,0.1096559700273778
7029,0.6244378620146447,0.9176490111407787,0.10967213149531793
7030,0.6244184118258955,0.9176590261426059,0.10968035961705777
7031,0.6244221336098369,0.9176489727102268,0.10968649971224938
7032,0.6244534452386055,0.9176650635823105,0.1096821049081447
7033,0.6244716194725727,0.9176722616246827,0.1096765380919457
7034,0.624472468902016,0.9176719810816538,0.10967401746672531
7035,0.6244596614660561,0.9176683839819954,0.10967402603626467
7036,0.6244403881701783,0.9176838445930278,0.10968077621805337
7037,0.6244651303518127,0.9176862196011356,0.109687663384158
7038,0.6244632623707006,0.9176734299134608,0.10969214001848356
7039,0.6244578559211579,0.9176902394368651,0.10965067642984058
7040,0.6244542425426859,0.9176943130753673,0.10964829274108366
7041,0.6244384889588029,0.9176751516021863,0.10966681609227842
7042,0.6244734324432338,0.9177176519495408,0.10968966190388076
7043,0.6244770240562549,0.9177153076858744,0.10968626834966427
7044,0.6244440115650121,0.9177254956251851,0.10970498565294247
7045,0.6244343289438128,0.9177243427086279,0.10970361049086101
7046,0.6244638655701427,0.9177446955289181,0.10969879835812299
7047,0.6244631666495181,0.9177364291172028,0.1096975970738648
7048,0.6244662132938987,0.9177345537062697,0.10968999565192482
7049,0.6244502819623028,0.9177314600468411,0.10969195911345321
7050,0.6244560805562219,0.9177266062681352,0.10969652428735134
7051,0.6244310147253391,0.9177273057041799,0.10968960598351446
7052,0.6244370079964816,0.9177444265150547,0.10969886039924717
7053,0.6244043467496762,0.9177351340076035,0.10970830285776888
7054,0.6244259614028558,0.9177477200133533,0.10970020306184008
7055,0.624448085495841,0.9177339465035496,0.1097048633309037
7056,0.6244621446728322,0.9177401030779652,0.10969932154743829
7057,0.6244546405608382,0.9177125944889097,0.1097287145027974
7058,0.6244404810291612,0.9177110265223919,0.10975588994680271
7059,0.6244687530098906,0.9177201537784699,0.109757259350319
7060,0.6245057393124147,0.9177374475268284,0.10977057909196639
7061,0.6244975212992323,0.9177387541655933,0.10976632272203526
7062,0.624535530483128,0.9177528389628673,0.10978642778668135
7063,0.6245499180735697,0.9177620507661596,0.10978475853679834
7064,0.6245536321236994,0.9177681458516921,0.10979793345395515
7065,0.6245673304714903,0.9177718851443927,0.1097910044619171
7066,0.6246003820512365,0.9177960349032114,0.10976325380036694
7067,0.6245936442144445,0.9177998856445125,0.10977011126882193
7068,0.6245978702814851,0.9178185782649604,0.10977704034903546
7069,0.6246426657044074,0.9178307761221358,0.10978648367036221
7070,0.6246110477195153,0.9178282128043236,0.10979526594122967
7071,0.6246069013312947,0.9178532541519465,0.10980584798365146
7072,0.6246234553635419,0.9178640339217565,0.10980697930414686
7073,0.6246477358244272,0.9178791409717114,0.10982148944155275
7074,0.6246116174025245,0.9178822845908575,0.10983624472709551
7075,0.6246186681967169,0.9178752517998584,0.1098413139224794
7076,0.6246338668361003,0.9178715855252064,0.10987081566385759
7077,0.6246347215089417,0.917875324817907,0.10987346854825232
7078,0.62463494828324,0.9178774577135379,0.10987558468245974
7079,0.6246522873464614,0.9178811316743002,0.10988211457605672
7080,0.6246594116030146,0.9178866695168301,0.10989072149137226
7081,0.6246737657985011,0.9178869539029142,0.10989615880813197
7082,0.6246905143295781,0.9178829148519088,0.10988276791091031
7083,0.6246877001161601,0.9178848440656145,0.10988432414347611
7084,0.6246664001278498,0.9178841907462321,0.10989724180554572
7085,0.624678286900198,0.9178871575848393,0.10989767744418745
7086,0.6246805793621282,0.9178843137239981,0.10990213589357713
7087,0.6246796630933256,0.9178894634179537,0.10990713929562343
7088,0.624712498976974,0.9178820693797668,0.1099511649655799
7089,0.624746680195933,0.9178782801273487,0.10996220128268336
7090,0.6247616810627945,0.9178909468372575,0.10995237575576691
7091,0.6248029150734212,0.9179190933734745,0.10996501332589141
7092,0.6246895717110402,0.9178422822293769,0.11010244687780976
7093,0.6247305087153782,0.9178630462565726,0.11010913589793793
7094,0.624673590809856,0.9178063150758466,0.11010384547042165
7095,0.6246784427740699,0.9178085478909125,0.11013564926273801
7096,0.6247292893008212,0.9178459523470841,0.11014038526678104
7097,0.6247182325407162,0.9178359027577603,0.1101405815415349
7098,0.6247173152784824,0.9178347383120374,0.11014490440174429
7099,0.6247438998752334,0.9178370364590416,0.11018190850410477
7100,0.624737655147148,0.9178185090899669,0.11022945189735017
7101,0.6247331179671411,0.9178066801660898,0.11024026816721792
7102,0.6247516641784722,0.917808336522877,0.11023700926683015
7103,0.6247762018312996,0.9178153846860968,0.1102434245504581
7104,0.6247548506536987,0.9178011500096703,0.11024417915307724
7105,0.6247708374757808,0.9178149542639155,0.11024388285358921
7106,0.6247924515919023,0.9178162993332323,0.11021532496021746
7107,0.6248336763562302,0.917817644402549,0.11021085626683111
7108,0.6248578353674928,0.9178447725291405,0.11026642419754697
7109,0.6248699145209312,0.9178487039746006,0.11026890104219852
7110,0.6248524072602321,0.9178498684203235,0.1102682286642034
7111,0.624849741664829,0.9178482504940881,0.11027521046251035
7112,0.624847800602431,0.9178454988665716,0.11025970807999029
7113,0.6248387435621162,0.9178407911239629,0.11026456891594552
7114,0.6248285214852436,0.9178374976256645,0.11029345631335984
7115,0.6248586040927558,0.9178300382555392,0.1102936971743381
7116,0.6249230139223261,0.9178377051506448,0.11032066039186347
7117,0.6249503202340647,0.9178660745840629,0.11035281799368371
7118,0.6249404949790358,0.9178547760018021,0.11035485829256371
7119,0.6249491841855824,0.9178675772186424,0.11036005333655874
7120,0.6249247752765593,0.9178427741404414,0.11037975398226664
7121,0.6249343919759704,0.9178260568503616,0.1103374210118252
7122,0.6249286153112584,0.9178037017983169,0.11033745349676836
7123,0.6249334612848558,0.9177505600311392,0.11040560775627133
7124,0.6249517352919162,0.9177491765312705,0.1104083231116828
7125,0.6249394910143898,0.9177477622869603,0.11040916133253309
7126,0.6249304423241782,0.9177495031909617,0.11040852940141928
7127,0.6249394697784534,0.9177596911302724,0.1104157034305096
7128,0.6249709538960811,0.917796369249013,0.1103772814362498
7129,0.6249320139557606,0.9177790485992683,0.11039525005343584
7130,0.6249383332545005,0.9177703056487093,0.1103895827729224
7131,0.6249419295390001,0.9177668776434791,0.11039082068611454
7132,0.624927371293173,0.917746989832867,0.11040466126582764
7133,0.6249317174226512,0.9177481235341483,0.11040460910142193
7134,0.6249301388929763,0.9177436963345685,0.11041361198561375
7135,0.6249727303330361,0.9177462558093256,0.11042069868788652
7136,0.6249983305943391,0.9177522855629199,0.1104253670753571
7137,0.6249833736768955,0.9177411906625842,0.11042933592794651
7138,0.6250025255802061,0.9177378356754026,0.11042625496962176
7139,0.624965220648097,0.9177290658234574,0.11043794456649615
7140,0.6249649604064186,0.9177283471721367,0.11041896534032267
7141,0.6249526156712948,0.917737339921283,0.11041951742163267
7142,0.6249505661542475,0.917727025161151,0.11042584261760081
7143,0.6249415684923003,0.9177176596356511,0.11042935487662979
7144,0.6248153002165693,0.9176715506594725,0.11038952383793739
7145,0.6248212219102242,0.9176761315812598,0.11039255610828604
7146,0.6247950802431688,0.9176584958009895,0.11039532034349278
7147,0.6247967050375822,0.9176590261426059,0.11039861580349909
7148,0.6247755914067428,0.9176427123733211,0.11041662936771426
7149,0.6247472003395128,0.9176358871073023,0.11044898700112511
7150,0.6247393730003585,0.9176330893631235,0.11045176538930346
7151,0.6247569205562661,0.9176461403785512,0.11048252531357013
7152,0.6247553548621069,0.9176435232579664,0.11047845971667208
7153,0.6247565985266258,0.9176481233950297,0.11049433431289572
7154,0.6247794189984714,0.9176614895409831,0.11049061997368748
7155,0.6247813865011669,0.9176486844810875,0.11048189434392493
7156,0.6248052162411311,0.917659191393979,0.11049170753414955
7157,0.6247972862535826,0.9176425778663894,0.11050061907421278
7158,0.6247983509194613,0.9176378854960014,0.11052417363208367
7159,0.6247941163937764,0.9176337234672299,0.11053816654485644
7160,0.6248067823219886,0.9176382275279135,0.11053031927087455
7161,0.6247932540943651,0.917632436043741,0.11053809771490992
7162,0.6249047967350692,0.9176676807028954,0.1105419848835434
7163,0.6249058369397267,0.9176737181426001,0.11054396136938346
7164,0.6249256295818173,0.9176783413379945,0.11057751571598057
7165,0.624922378446711,0.9176885792370227,0.11056516477936794
7166,0.6249246741222654,0.9176873571454721,0.11056314684312675
7167,0.62491889362633,0.9176834257000119,0.11056482435503674
7168,0.6249295090107756,0.9177059959631472,0.11057959378197348
7169,0.6249333820796377,0.9177056116576281,0.11058402789011353
7170,0.6249438168432387,0.9177133092971752,0.11058244465548735
7171,0.6249701100074578,0.9177155382691858,0.11057383124754959
7172,0.6249278799542376,0.9176966919265304,0.11058893714706941
7173,0.6249506787714508,0.9176988978402099,0.11058763920347853
7174,0.6249356605322217,0.9176987748624438,0.11058954253664097
7175,0.6249535429149583,0.9176985711805187,0.11059120914218387
7176,0.6249970476117255,0.917727025161151,0.11059578264627516
7177,0.6250072030655459,0.9177285047373994,0.1106108229266126
7178,0.6250034584576504,0.9177238315822875,0.11063092170611141
7179,0.6249997182173505,0.9177181284883844,0.11063785859774866
7180,0.6249847553755904,0.9177067261436335,0.11064181946133134
7181,0.6250161713993069,0.9177225057282467,0.11063622646117982
7182,0.6250216617991523,0.9177240160489367,0.11063178307932521
7183,0.625040502432651,0.9177210338381087,0.11064021184509008
7184,0.625016559215228,0.917729845963661,0.11064436931592056
7185,0.6250054091914916,0.9177444956900482,0.11065043402279988
7186,0.6250036982405457,0.9177312986385231,0.11066230177222133
7187,0.6250136667494196,0.9177248499919131,0.11067618766554176
7188,0.6250184161033263,0.9177238238961771,0.11068312436980951
7189,0.6250211383164671,0.9177221252657828,0.11069351255669213
7190,0.6250385145604637,0.9177223865935358,0.11069310720733257
7191,0.6250101019238052,0.91770867072956,0.11070267348565094
7192,0.6250213953735868,0.9177130863999742,0.11069561469181967
7193,0.6250229454854104,0.9177091587975692,0.11069907639034272
7194,0.6250240989936228,0.9177070105297176,0.11070674183609407
7195,0.6250432805813642,0.9177031021425885,0.11070198047376438
7196,0.6250443399327719,0.9177006003136594,0.11071013404334273
7197,0.6250241099020368,0.9176944322100783,0.11071775844132747
7198,0.625026440495765,0.9176766119631588,0.11075138082765193
7199,0.6250285645554933,0.9176949279641978,0.11078182152970546
7200,0.6250702430821847,0.9176952815252754,0.11079751948905525
7201,0.6250702430821847,0.9176952815252754,0.11079128538537153
7202,0.625060561294312,0.9176845478721276,0.11079804564784629
7203,0.6250633279424089,0.9176739833134082,0.11079698123031081
7204,0.6249981438759706,0.9176509019239326,0.11083086842861131
7205,0.6250401430423309,0.9176746020452939,0.1108382762238934
7206,0.6250313391306223,0.9176728649843477,0.11084487599764306
7207,0.6249906783872741,0.9176313715174532,0.11094105498551737
7208,0.6249929051932068,0.9176326320395557,0.11093313548246357
7209,0.6250242288086695,0.9176764044381784,0.11094638501069473
7210,0.6250724540711965,0.917678814033783,0.11096757218057438
7211,0.6250715801808245,0.9176781414991246,0.11096883283782567
7212,0.6250727481296655,0.9176746520050114,0.1109687203133111
7213,0.6250736963332512,0.9176736066939996,0.11096923172066978
7214,0.6250523346921845,0.9176780454227449,0.11099098028554852
7215,0.6250528082015182,0.9176775804130668,0.11098909773942085
7216,0.6249769667921262,0.9176289619218486,0.11102858111162146
7217,0.6249739967592467,0.9176364981530777,0.1110235091066661
7218,0.6250228946922058,0.9176588532051222,0.11102673297271745
7219,0.6250411616587337,0.9176560516178882,0.11102572116534534
7220,0.6250664784658285,0.9176545950999709,0.11102025153679757
7221,0.625053924154669,0.9176583074912852,0.11102051445005935
7222,0.6250807195610719,0.9177032404925755,0.11102299471148833
7223,0.6250959828527343,0.9177091972281212,0.11103486620535759
7224,0.6251100041993806,0.9177018762079827,0.11102974751497051
7225,0.6251283886381676,0.9177359179908624,0.11104225164755349
7226,0.6251004667628183,0.9177192852479968,0.11105487734323201
7227,0.6251164742054084,0.9177203689895607,0.11106316096071712
7228,0.6251278335215628,0.917742032291671,0.11105976482644356
7229,0.6251270353925487,0.9177379740253895,0.1110737935609502
7230,0.6251780363225072,0.9177778649382695,0.11105959178077877
7231,0.6251882614031276,0.9177749711177109,0.11106350020445153
7232,0.6252302999010724,0.9177792638103589,0.1110702369901728
7233,0.6252273992516325,0.9177654095963963,0.11108890921706727
7234,0.6252522691273267,0.9177806780546691,0.11107498413632484
7235,0.6252511736835697,0.9177777880771657,0.11108703690050799
7236,0.625250931688013,0.9177773653410947,0.11109799901595412
7237,0.625266315459847,0.9177813582754379,0.11110904884299239
7238,0.6252647632330256,0.9177840906876785,0.11111459524196475
7239,0.6252832855783419,0.9178007503319304,0.1111080684811242
7240,0.6253185774637956,0.9177902511051493,0.1111177283510741
7241,0.6253125573085853,0.9177948089686055,0.11111814955384679
7242,0.6253088349089213,0.9177854280708849,0.11111479917814998
7243,0.6253013461418717,0.9177887792150112,0.11112578112355587
7244,0.6252866936975426,0.9177800362644523,0.11112058269071098
7245,0.6252899105402611,0.9177755283607135,0.11112572660922429
7246,0.6253046575517235,0.9177742755247214,0.11111946056433
7247,0.6253544560861567,0.9177869422346301,0.11113036630880495
7248,0.625405611760902,0.9177980755655176,0.1111212925604705
7249,0.6254493611529806,0.9178120066405842,0.11111822884310894
7250,0.6254434022047529,0.9178034020400121,0.11113258904252538
7251,0.6254447735384647,0.9177917844841704,0.11110006320855956
7252,0.6254628572562599,0.9177970840572784,0.11110356118874892
7253,0.625507926370463,0.9178358912285947,0.11110698260648698
7254,0.6255003669122567,0.9178374745673333,0.11113306283779972
7255,0.6254914626269543,0.9178394460546462,0.11113932492320913
7256,0.6255039575351296,0.9178411024114334,0.11113792312694526
7257,0.6255011538032501,0.9178513825840686,0.11113394997746444
7258,0.6255222356709499,0.917851713086815,0.11113320320353542
7259,0.6255256278270052,0.9178499222230961,0.111154462551821
7260,0.625508873938183,0.9178263758239423,0.11116719442376835
7261,0.6255005253613123,0.9178202692092443,0.11115732096017703
7262,0.625472918671078,0.9177983292071603,0.11120938836625752
7263,0.6254752339178953,0.9177968304156359,0.11120986985293996
7264,0.6254619756399075,0.9178177673803151,0.11121300734573038
7265,0.6254640327661637,0.917822763352063,0.11121342669126655
7266,0.6254411570846112,0.917821168484159,0.11122303790282229
7267,0.6254917912611844,0.9178457217637727,0.11122824912889155
7268,0.6255127757777421,0.9178487155037662,0.11122959895318013
7269,0.6255141228860395,0.9178495302314666,0.11124063970189355
7270,0.625516389491127,0.9178499529675377,0.11122139485267775
7271,0.6255115005404565,0.9178548413337403,0.11122030200362513
7272,0.6255280273799164,0.9178692758490368,0.11122216816875152
7273,0.6254956362897733,0.9178638648273282,0.11123463687034829
7274,0.6254891094498494,0.9178638840426041,0.11129530344601692
7275,0.6254901334375338,0.9178323978914263,0.111339600657795
7276,0.6254264193316454,0.917782388214229,0.11138765163595778
7277,0.6254632432687866,0.9178047355801633,0.11139928854094765
7278,0.6254821477788702,0.9178192008399012,0.11137694852929694
7279,0.625479279429051,0.917819054803804,0.11137525227369656
7280,0.6254812971987187,0.91782169498272,0.11137989536166153
7281,0.6254593596294856,0.9178193353468329,0.1113453882458922
7282,0.6254264344695104,0.917801607333238,0.11131322425633516
7283,0.6253817365175768,0.9177802361033222,0.11132630011759728
7284,0.625383763223151,0.9177906085092821,0.11133368869948371
7285,0.625392068196593,0.9178085248325814,0.11134217586696178
7286,0.6253977731318487,0.9178080828812344,0.11134038069398276
7287,0.6253987362521587,0.9178255111365244,0.11134982949387406
7288,0.6254124067111462,0.9177930603784937,0.11141241159713404
7289,0.6254143761649933,0.9177926914451955,0.11140497052089901
7290,0.6255148975173196,0.9178493649800935,0.11135177788762357
7291,0.6254958744493293,0.9178468862094954,0.11135864244494006
7292,0.6255076828381514,0.9178535346949754,0.11135792087198493
7293,0.6254887937313914,0.917861766519194,0.11136233939726753
7294,0.6254935634150444,0.9178773731663237,0.11136625939776988
7295,0.6255116374794429,0.9178828034033082,0.11136169158165447
7296,0.6255084247177444,0.917895773714577,0.11135871793728044
7297,0.6255006811326503,0.9178911543622378,0.11136053275239934
7298,0.6255268077744244,0.9178920344218764,0.11135506997007531
7299,0.6255398617153667,0.917883625817119,0.11141069587013282
7300,0.6255468023734202,0.9178923841398988,0.11142478079015791
7301,0.62557215360846,0.917879033366166,0.11143611426073212
7302,0.6255747466993075,0.9178716201127032,0.11144243813834129
7303,0.6255864216301216,0.9178727576570396,0.11143691412181352
7304,0.6255709027089563,0.9178810970868035,0.11143337285993779
7305,0.6255437397539007,0.9178773731663237,0.11144050997690982
7306,0.6255423538630149,0.9178754170512315,0.11144435741340974
7307,0.6254903807417184,0.917878064916258,0.11146276630695953
7308,0.6255175578434815,0.9178744639735443,0.11146886391429749
7309,0.6255184572383846,0.9178698215628739,0.1114786808213213
7310,0.6255374617156346,0.9178965769131119,0.11148553832622307
7311,0.6255357780998739,0.917911687806122,0.11149266783800055
7312,0.6255084689847358,0.9178807973284987,0.11154729307212931
7313,0.6255066373342263,0.9178691029115532,0.11155488483163954
7314,0.6254910508657091,0.9178707861697267,0.11156588287451666
7315,0.6255047141777337,0.9178677616852916,0.11157356189248746
7316,0.6254972109930377,0.9178442729319657,0.11157051050074374
7317,0.6255117452720834,0.9178466902136807,0.11156094761862627
7318,0.6254988087747326,0.9178456910193311,0.11156312894226228
7319,0.6254988087747326,0.9178456910193311,0.1115528292330397
7320,0.6255284793524982,0.9178598449915987,0.11155526287475304
7321,0.6255599812451763,0.9178583577292398,0.11154850836973412
7322,0.6255615916886138,0.9178642260745161,0.11156518918677447
7323,0.625540481089693,0.9178530043533591,0.11159128346508153
7324,0.6255258435287285,0.9178515209340555,0.11158669326365002
7325,0.6255187356547874,0.9178643990119997,0.11160101657733225
7326,0.625444527636743,0.9178210262911168,0.11158846110013179
7327,0.6254548585669815,0.9178307223193631,0.11157964168432344
7328,0.62545642514541,0.9178391078657894,0.11157894835250952
7329,0.6254673485167189,0.9178435427514795,0.11157966824382656
7330,0.6254715490877407,0.9178470168733719,0.11157389691376189
7331,0.6254156972416082,0.9178242467713668,0.11159995340580854
7332,0.625447165333117,0.9178783416162317,0.11164354190131763
7333,0.6254456794748852,0.9178832261393792,0.111650458159751
7334,0.6254854226386218,0.9178942288063904,0.11168458042828693
7335,0.6254685139347502,0.9178889407624479,0.11169676786526953
7336,0.6254618763318619,0.9178797135869349,0.11170419533881171
7337,0.6254478910664711,0.917875505441501,0.11169903995170165
7338,0.6254705484304711,0.9178814122173292,0.11170939066774918
7339,0.625454321281635,0.9178850439044844,0.11172372768473657
7340,0.6254070720728503,0.917850241196677,0.11175924993793927
7341,0.6254274792506889,0.9178525739311778,0.11176359412859413
7342,0.6253845836028202,0.9178587612500348,0.11173435433128148
7343,0.6253845836028202,0.9178587612500348,0.11173700937907388
7344,0.625419888813182,0.9178560211516839,0.11174255968368699
7345,0.625414167065043,0.917856224833609,0.11174709725489833
7346,0.6253764180375126,0.9178501912369594,0.1117572830571499
7347,0.625362109649438,0.9178326400039033,0.11176589906901728
7348,0.6253414766843866,0.9178324824386405,0.11178580433410373
7349,0.6253253722526506,0.917821433654967,0.11179186780419523
7350,0.625377906829977,0.9178239623852826,0.1117928584756876
7351,0.6254092539006487,0.9178413060933585,0.11182069939469248
7352,0.6254283484493016,0.9178423706196464,0.11181743227081362
7353,0.6254537975576151,0.9178595529194041,0.11182754363210248
7354,0.6254458131550336,0.9178516016382144,0.11183489100449522
7355,0.6254499086533157,0.9178465518636938,0.11184927402725497
7356,0.6254402766274119,0.9178382201200402,0.11185630330414288
7357,0.6254548623930094,0.9178316292803882,0.11187010644595885
7358,0.6254680861287358,0.9178495917203497,0.11186749410161523
7359,0.6254680861287358,0.9178495917203497,0.11186389644246378
7360,0.6254997352811263,0.9178547913740228,0.11185387642005913
7361,0.6255090133075779,0.9178484541760132,0.11185492909421481
7362,0.6255355306591092,0.9178448724485755,0.11185703330018465
7363,0.6255522956990005,0.9178495071731355,0.1118600868227713
7364,0.6255716738164367,0.9178440999944821,0.11187074261935583
7365,0.6256105417830187,0.9178774769288138,0.11185552174336143
7366,0.6256327627410797,0.917877580691304,0.1118605931613545
7367,0.6256240767212131,0.9178761433886626,0.11185628097846155
7368,0.625637918934994,0.9178780380148717,0.11186181850248457
7369,0.6256422528807978,0.9178823691380716,0.11187168157945321
7370,0.6256713940022414,0.9178879146667119,0.11186092956907509
7371,0.6256931890092717,0.9178964923658977,0.1118616192672911
7372,0.6257121451941199,0.9179081329800705,0.11186517812156144
7373,0.6257004154525309,0.9179152464752286,0.11189521163593816
7374,0.6256767133588805,0.9179136631364899,0.11190712750187043
7375,0.625670691808256,0.9179140974017266,0.1119128141545677
7376,0.6256328758714771,0.9179014037904315,0.11192829932706967
7377,0.6256566345415415,0.9178925878218239,0.11196437434557041
7378,0.6256464084349783,0.9178717238751932,0.11198081361574812
7379,0.6256438202510171,0.9178621623538786,0.11199495743502794
7380,0.6256269031339696,0.9178652636994176,0.1120133393330916
7381,0.6256589452589653,0.9178809010909887,0.11201378359132698
7382,0.6256399835455875,0.9178735493264089,0.11202510175312332
7383,0.6256602337387603,0.9178763393844773,0.11202509173732009
7384,0.6256440377180522,0.9178721273959883,0.11202222609269384
7385,0.6256439174200051,0.9178760165678413,0.11201884086815303
7386,0.6256465562604171,0.9178801324799506,0.11201894016673207
7387,0.6256679262932456,0.9178767736497139,0.11202695471752747
7388,0.6257005078698938,0.9178806512924014,0.11202031189996406
7389,0.6257008918925081,0.9178808588173817,0.11201663820928821
7390,0.6257243561175608,0.917878587571764,0.11201916825402766
7391,0.6257067973293293,0.9178750404318229,0.112025533221686
7392,0.6257004746082627,0.917857796643182,0.11203347429124239
7393,0.6256822694380185,0.9178533809727678,0.11203007362351239
7394,0.6256798201486413,0.9178639609037079,0.11202491315897045
7395,0.6256595507369754,0.9178616665997591,0.11204513121653681
7396,0.6256647077487781,0.9178583154556328,0.11204940706177026
7397,0.6256815194156696,0.9178867425348788,0.11205214024037138
7398,0.6256991222249599,0.9178815928409232,0.11205520304285407
7399,0.6256778370941914,0.9178434197737134,0.11208439507801995
7400,0.6257095650549741,0.9178493534509279,0.11207528677259686
7401,0.6257118526210923,0.9178628233593715,0.11207926651688606
7402,0.6257344150598831,0.9178653136591352,0.1120761793574992
7403,0.6257409555019108,0.9178556599044959,0.11204374499068187
7404,0.6257420892509935,0.9178695179615138,0.11204445115554947
7405,0.6257682686576418,0.9178806935660085,0.11207738638519162
7406,0.6257851656560289,0.9178833183727038,0.11208319987846979
7407,0.6257893704734891,0.9178832299824344,0.11208214830649701
7408,0.6257669774227067,0.917879655941107,0.11209238184113071
7409,0.6257725313363603,0.9178823460797405,0.11209203787572747
7410,0.6257804924379314,0.9178778958218297,0.11208149894649506
7411,0.6258344389864483,0.9178814775492674,0.11207781125258949
7412,0.6257896354486336,0.9178753594054038,0.11207949617064164
7413,0.625776035158309,0.917881246965956,0.11208849272713406
7414,0.6257814758698778,0.9178774077538204,0.11208273733518878
7415,0.6257727073091742,0.9178641991731298,0.11208450187112083
7416,0.6257707677928851,0.9178772309732817,0.11209909646446246
7417,0.625793413879275,0.9178767582774932,0.11209802270758454
7418,0.6257932671116803,0.9178770196052461,0.11209861975882826
7419,0.6257908313662818,0.9178848479086698,0.1121045896618414
7420,0.6258123531422248,0.9178953125479541,0.112088720680116
7421,0.6257970381700952,0.9178916578024677,0.1121009962916643
7422,0.6257748573460234,0.9178814813923226,0.11210652335821474
7423,0.6257802322640851,0.9178866848890509,0.11210393155843713
7424,0.6257747331161416,0.9178734378778084,0.11211226065100283
7425,0.625771396694996,0.9178767582774932,0.11211887207004263
7426,0.6257808960536877,0.917880482197973,0.1121129824240967
7427,0.6257469099717923,0.9178679653672167,0.11212098863885829
7428,0.6256884234272084,0.9178224751229238,0.11212453520915389
7429,0.625658030430916,0.9178161840415765,0.11212589424875673
7430,0.6256162297830534,0.9178066955383105,0.1121438656354128
7431,0.6256063843348592,0.9177967766128632,0.11214707970743977
7432,0.6255540758482702,0.9177527544156531,0.11217353609523226
7433,0.6255597178760228,0.9177559210931303,0.1121888654144284
7434,0.625570622009219,0.9177681996544648,0.11219259262182973
7435,0.6255913177366457,0.9177564437486363,0.11226787807459529
7436,0.6255770603707483,0.9177525007740105,0.11227128883397376
7437,0.6255989421496524,0.9177402106835105,0.11230474685728974
7438,0.6256256904012291,0.9177558442320265,0.1123087887211659
7439,0.6256250495222073,0.9177658822921847,0.11230308248876976
7440,0.6256567313416407,0.9177722387054702,0.11227927987449624
7441,0.6256473807375331,0.9177767158647675,0.11228555589212412
7442,0.6256632475351906,0.9177862427985853,0.11228016187712106
7443,0.6256441697058616,0.9177781224229673,0.11228524693958174
7444,0.6256545738968259,0.9177655594755487,0.1122948858529319
7445,0.6256549942185035,0.9177750249204836,0.11229539354950076
7446,0.6256548954201787,0.917776546770339,0.11230527086752624
7447,0.6256505730947034,0.9177874341456945,0.11230722497956788
7448,0.6256742078175056,0.9177928105799064,0.1123131540941157
7449,0.6257053961905065,0.9177991669931919,0.11231121428118482
7450,0.6257193964173816,0.9177970955864441,0.11232289586353952
7451,0.6257600341720413,0.9178041898663262,0.11234020662830961
7452,0.6257677086325526,0.9178165068582125,0.11235622126245821
7453,0.6257582965740562,0.9178265333892052,0.11236204290245848
7454,0.6257449608129094,0.9178282320195995,0.11236812759599094
7455,0.6257645961511328,0.9178351187745013,0.11237458246183485
7456,0.6257502956982471,0.9178233513395072,0.11240073614165519
7457,0.6257724836974771,0.917812506237759,0.1124090922645386
7458,0.6257853515700114,0.9178087054561753,0.1124163168164248
7459,0.6257706189845824,0.9177958696518382,0.11242246177884396
7460,0.6257660264746359,0.9177858892375078,0.11241509667006024
7461,0.6257699095376701,0.9177993245584547,0.11246103578941244
7462,0.6258356558327904,0.9178450223277279,0.11246980142200487
7463,0.6257954448701845,0.9178333624982792,0.11248266430456585
7464,0.6257980255650252,0.9178427203376687,0.1124870828931405
7465,0.625824222457381,0.9178559750350216,0.11248567480467057
7466,0.6258060535460427,0.917864506617545,0.1125172102676467
7467,0.625818379792098,0.9178699752850815,0.11251470633445243
7468,0.625825256306451,0.9178724694279002,0.11251840471615839
7469,0.625858836631744,0.9178911505191826,0.11254745411746507
7470,0.6258462153978623,0.9178928222481905,0.1125624506929435
7471,0.6258791830562361,0.9179094434618905,0.11257235155380241
7472,0.6258881996474404,0.9178940481827964,0.11257648020193407
7473,0.6258844267424424,0.9178910160122509,0.11258066685587369
7474,0.6258659165851811,0.9178876994556212,0.1125315655850035
7475,0.6258567945966581,0.9178666356701207,0.11253866059049605
7476,0.6258477302463274,0.9178493111773208,0.11256339489167225
7477,0.625866510925219,0.9178111112087247,0.11265265582555901
7478,0.6259271940637625,0.9178260760656375,0.11267159052451224
7479,0.6259250701483585,0.9178105539657221,0.1126750526975327
7480,0.6259034166249553,0.9178083864825944,0.11267756962935115
7481,0.6258986802180944,0.917812606157194,0.1126794546693325
7482,0.6259061942470998,0.9178068031438559,0.11268938027085533
7483,0.6259145326180355,0.917804186023271,0.11269266404300042
7484,0.6258863546309741,0.9177895247677182,0.11270925686154988
7485,0.6258937633975501,0.9177919343633228,0.11271619946552665
7486,0.625903230089554,0.9177987442571208,0.11273095604127553
7487,0.6259034350855113,0.9178165568179301,0.11273542152230025
7488,0.6258871869205459,0.9178143240028642,0.112739816236828
7489,0.6259446299715802,0.917838838851926,0.11273575568010379
7490,0.6259376466662397,0.9178312180734828,0.11274304262650824
7491,0.6259765217295028,0.917847601017761,0.11276183317318748
7492,0.6259823345140649,0.9178510597674326,0.11275637988841988
7493,0.6259970419863647,0.9178656825924334,0.11272145448284342
7494,0.6260034012111982,0.9178697677601012,0.1127211185124581
7495,0.6260489964713404,0.9178703595906006,0.11273542008285686
7496,0.6260691536991264,0.9178651099772099,0.11273460117128806
7497,0.6261043650170776,0.9179051353970217,0.1127405200891341
7498,0.6261183832280791,0.917917068083389,0.11275134084116478
7499,0.6261149010886967,0.9179135132573375,0.11275844112988175
7500,0.6261234838639814,0.9179336201220956,0.11276249959985958
7501,0.6261278785586096,0.9179270484977193,0.11276825055787663
7502,0.6261164368467854,0.9179251192840137,0.11277615309087044
7503,0.6261247229755341,0.9179270946143816,0.11276401197030012
7504,0.6261120465787525,0.9179199234733957,0.11277819401318226
7505,0.626104063066231,0.9179107808450969,0.11277083148614236
7506,0.6262149669303321,0.9179270715560505,0.11280855156444815
7507,0.6261005669013082,0.9178361871438444,0.1127867486318619
7508,0.6260867175131141,0.9178223290868265,0.11279838342523524
7509,0.6260827652331742,0.9178228363701117,0.11280114499960739
7510,0.6260942759349265,0.9178409294739498,0.11277100021542423
7511,0.6260336176726988,0.9178231399714718,0.11280323756556794
7512,0.6260401027702546,0.9178481774760395,0.11280398365792836
7513,0.6260425040723758,0.9178465979803562,0.11280107439917038
7514,0.6260387997198232,0.917872926751468,0.11281333213657435
7515,0.6260554640603518,0.9178760396261725,0.11283398366302619
7516,0.6260640061685958,0.9178787412939716,0.11283982362891556
7517,0.6260505847427822,0.9178886141027567,0.11285868699966177
7518,0.6260345586395792,0.9178765200080713,0.11286701445698212
7519,0.6260394443534308,0.9178846019531375,0.11286617636829614
7520,0.6260590696650893,0.917906834027416,0.11287484762589564
7521,0.626047571304426,0.9178973685824812,0.11287785807656153
7522,0.6260429379193313,0.9178708207572235,0.11291180598923849
7523,0.6260534361013567,0.9178558328419795,0.11295794102835696
7524,0.6260521894863718,0.9178484926065652,0.11295561900463762
7525,0.6260429244878116,0.9178522664867625,0.11294374324307822
7526,0.6260190262877218,0.9178454565929645,0.11295196471681587
7527,0.6260820032586636,0.9178943325688805,0.11297035368681631
7528,0.6260750577341881,0.917888441165273,0.11300066460454515
7529,0.6260735738329773,0.9178906086484007,0.11300114841149156
7530,0.626168869377071,0.9179338468623518,0.113041301276122
7531,0.6261825641975618,0.9179426628309594,0.11303972388008633
7532,0.6261624710605934,0.9179377821508672,0.11304760516730394
7533,0.6261368130918612,0.9179010656015747,0.11301753031698031
7534,0.626159078204801,0.9179151004391313,0.11302092012228025
7535,0.6262028395672963,0.9179285972489613,0.11305387881394674
7536,0.6261860455338462,0.9179259878144868,0.11305661038774663
7537,0.6261830173566181,0.9179254267284289,0.11307084378507731
7538,0.6261693335289573,0.917923355321681,0.11307256449016548
7539,0.6261951383111705,0.9179210341163458,0.11307869702727551
7540,0.6261901228630299,0.9179186129915756,0.11308442465920249
7541,0.6261978547399979,0.917914792994716,0.11310402621561869
7542,0.6262240547606625,0.9179261415366944,0.11309851623156092
7543,0.6262528657137254,0.9179336201220956,0.11308942577388643
7544,0.62627603671776,0.9179523742314264,0.1130876630163672
7545,0.6262559113675294,0.9179487002706641,0.11309064780472722
7546,0.6262159419918675,0.9179656135565586,0.1131121051227152
7547,0.6262279371611442,0.9179599911668145,0.1131203486404255
7548,0.6262185393660176,0.9179589035821956,0.11312368581935389
7549,0.6261918022584206,0.9179556254561179,0.11312168653421298
7550,0.626118638114376,0.9179356530982915,0.11311868224162445
7551,0.6261323552606892,0.9179287663433896,0.11312045487291304
7552,0.6261027893935597,0.9178962271950896,0.11312859544896785
7553,0.6261009120652016,0.9178916616455229,0.11311882489182772
7554,0.6261239994080408,0.9179029371694526,0.11311538768878635
7555,0.6260873671125139,0.9178902358720471,0.11313592269157578
7556,0.6260854954698691,0.9178734647791947,0.11314301769837636
7557,0.6260036589730065,0.9178575737459809,0.11311969839250258
7558,0.6260051019301242,0.9178566052960728,0.11311875144120312
7559,0.626003499535476,0.9178499222230961,0.11313967605945197
7560,0.6260153663987615,0.9178488000509805,0.11313614381528775
7561,0.6260210353677569,0.9178380702408878,0.11314904296402134
7562,0.626046292152884,0.9178350226981216,0.11314124979069763
7563,0.6260200120085381,0.9178269292238899,0.11314451071110138
7564,0.6260189525818335,0.9178268024030686,0.11314224732258772
7565,0.6260156300211507,0.9178190279024177,0.11312984797113321
7566,0.6260190395452851,0.9178141856528773,0.1131315993459047
7567,0.6260205181650341,0.9178186282246779,0.113129830301379
7568,0.6260777110975235,0.9178628502607579,0.1131561021580382
7569,0.6260535404167641,0.9178672275006201,0.11316794272245191
7570,0.6260640381297423,0.9178756245762119,0.11316226687368562
7571,0.6260541782333208,0.9178749136110016,0.11316395643510005
7572,0.6260593903163546,0.9178712588655152,0.11315845989924535
7573,0.6260440903268587,0.9178546722393119,0.11315907345182372
7574,0.626056987196603,0.9178629655524135,0.11315794489541457
7575,0.6260622088623877,0.9178673235769998,0.11315078881703768
7576,0.6260772064220674,0.9178701213211787,0.11314414778453998
7577,0.6260846489475781,0.9178754823831698,0.11313984879281812
7578,0.6260734968223638,0.917886627243223,0.11314368451273983
7579,0.6260873894214222,0.9178948129507793,0.1131375584407333
7580,0.6260797211382557,0.9178944055869291,0.11314591531620916
7581,0.626087971160626,0.9179139206211877,0.11315481505180985
7582,0.626110109399028,0.9179445920446652,0.11316357985588484
7583,0.6261141078528746,0.9179357607038368,0.11315962749035957
7584,0.6260994238199574,0.9179353110663795,0.11316931607802658
7585,0.6260450278207039,0.9179324249319313,0.11328807929531613
7586,0.6260529759217672,0.9179187628707282,0.11329770806161583
7587,0.6260452417860638,0.9179120797977514,0.1133058249993
7588,0.6260387890820736,0.9179136477642692,0.11331707441103561
7589,0.6260385422533765,0.9179139821100708,0.11331961818174419
7590,0.6260343689524366,0.9179193277998411,0.11331685321246268
7591,0.6260240680887673,0.9179169028320158,0.11332297578096992
7592,0.626026702532553,0.9179206036941645,0.11331746414296542
7593,0.6260138159142388,0.9179140743433953,0.11332251794708083
7594,0.6259953849854549,0.9179009195654775,0.11333638709576602
7595,0.6259727072717403,0.9179118184699984,0.1133451545312177
7596,0.6260207982575093,0.9179174600750184,0.11335979056542608
7597,0.6260160999367677,0.917905423626161,0.11337238702459582
7598,0.6260156219342867,0.9179084327383753,0.11340800697960514
7599,0.6260102131901149,0.9179223791856626,0.11340012053062044
7600,0.6260055135890713,0.9179115494561351,0.11343774158332406
7601,0.6260514309554629,0.9179503873718928,0.11346627147942837
7602,0.6260474135399304,0.9179487502303816,0.11346840700351536
7603,0.6260393158667313,0.9179518131453686,0.1134528403410068
7604,0.6260299746016155,0.9179654982649028,0.11350200229182669
7605,0.6259856538335118,0.9179607136611904,0.11351114265351009
7606,0.6259805136426798,0.9179707209769071,0.11350738462293603
7607,0.6259915085396767,0.9179736455419073,0.11349968793653838
7608,0.6259922009291822,0.9179731843752844,0.1134937781446431
7609,0.6259644950849659,0.9179533849549416,0.11351343042533084
7610,0.6259734728785763,0.9179642146844691,0.113519274158277
7611,0.6259857541278937,0.9179718316198572,0.11351433766216974
7612,0.6259829370974255,0.9179684920048965,0.11350667076194752
7613,0.6259775780886253,0.9179653791301919,0.11353137500383384
7614,0.6260283962434146,0.917993848483045,0.11355201965119126
7615,0.6260324231181981,0.9179921729109819,0.11354871141100402
7616,0.6260463476101112,0.9180157731129083,0.11355556053969014
7617,0.6260444613344256,0.9180095435204441,0.11355387627695984
7618,0.6260505220106325,0.9180182980001687,0.11354363698849906
7619,0.6260583977606263,0.918013209795096,0.11355928446939827
7620,0.6260474186069744,0.9180042862209431,0.11356632496468848
7621,0.6260575897575925,0.9180109616078095,0.11355041215105799
7622,0.6260301680217231,0.918011880098,0.11355329497200621
7623,0.6260486116167088,0.9180341928764376,0.11355623113586538
7624,0.6260648166532701,0.9180282015533952,0.11356261823931608
7625,0.6260482623739905,0.9179927993289779,0.11359162508949458
7626,0.6260372719513124,0.9180030026405094,0.11359320088197608
7627,0.6260203817320782,0.9179773464040559,0.11360205315469496
7628,0.626034881971774,0.9179742681168481,0.1136249919862015
7629,0.6260044504745372,0.9179619280666307,0.11364086067633546
7630,0.6260308712606835,0.9179796176496737,0.11365041613076525
7631,0.6260221151529349,0.917988952430732,0.11369757014801402
7632,0.6260122938985708,0.9179900092709095,0.11369787355782275
7633,0.6260106243187207,0.9179844522131037,0.11370961851383202
7634,0.6259985089903815,0.9179823577480247,0.11370713220588806
7635,0.6259983882989323,0.9179885373807715,0.11371814872240017
7636,0.6260272573803582,0.917996484818906,0.11374911681415341
7637,0.6260163202344006,0.91798780335723,0.1137103114472966
7638,0.6259985594238338,0.9179725579572883,0.11372767289786047
7639,0.6260053007461649,0.9179794331830246,0.11373046852022915
7640,0.6259768822877344,0.9179741528251925,0.11377545152007587
7641,0.6259751787793754,0.9179713858254551,0.1137805341838784
7642,0.6260006774905271,0.9179744564265525,0.11378468185999802
7643,0.62601078337876,0.9179706556449688,0.1137826039535967
7644,0.6259968195944206,0.9179680500535495,0.11377849588174264
7645,0.6259641732211408,0.9179566092782466,0.11379063082744326
7646,0.6259454414393111,0.9179457257459465,0.11380825399843862
7647,0.6259939557128394,0.9179805322968091,0.1137780979572307
7648,0.6259804379310838,0.9179814507869997,0.11378175700647551
7649,0.6259711449541212,0.9179718354629124,0.11378918147835543
7650,0.6260149927215796,0.9180016498850823,0.1137936136030837
7651,0.6260526462090519,0.9179803824176567,0.11381889967075288
7652,0.626063576083565,0.9179857204213167,0.11383222449892762
7653,0.626084556111998,0.9179807090773479,0.11384304463230856
7654,0.626078201235086,0.9179859048879657,0.11383491634919149
7655,0.6260882722148164,0.9179739337710465,0.11384679564726913
7656,0.6261212503859425,0.9179899170375849,0.11384240378900812
7657,0.6261385793574841,0.9179859740629592,0.11384430573295715
7658,0.6261465400574602,0.9179867811045492,0.11383795814544592
7659,0.6261392770199294,0.9179699216214274,0.11383593541336934
7660,0.6261271003104153,0.9179684881618413,0.11383533384881984
7661,0.6261384874820278,0.9179736147974658,0.11383261625310384
7662,0.6261404710574923,0.917961309334745,0.11383995501084102
7663,0.6261444234481724,0.9179693528492592,0.11384217746647891
7664,0.6261426732241648,0.9179675197119332,0.1138400566651467
7665,0.6261904163460079,0.9179790719358366,0.11384346517011594
7666,0.6262306164032735,0.9179845675047593,0.11384666223419425
7667,0.6262386226623753,0.917991673313807,0.11384765045993155
7668,0.6262409205974826,0.9179933719442014,0.1138584946789255
7669,0.6262611865828901,0.9179970612771845,0.11385489062053547
7670,0.6262541843160919,0.9179899900556335,0.1138579477109841
7671,0.6262691750388305,0.9179964156439124,0.11385109760830157
7672,0.626282623225669,0.9180242701079351,0.11385640755608784
7673,0.6262713536127644,0.9180467596669113,0.1138987890075274
7674,0.6262718665096514,0.9180337163375939,0.11390562165810704
7675,0.6262865758316924,0.9180335779876071,0.11390772601225004
7676,0.6262891186595252,0.9180393118259517,0.11390583623747395
7677,0.6262983625854871,0.9180557139855058,0.11389781771629755
7678,0.626288832134154,0.9180603794545074,0.11389148394709633
7679,0.6262915060926882,0.9180734881157631,0.11387316913738867
7680,0.6262913702248203,0.9180967424427223,0.11387779445998497
7681,0.6262759383164563,0.9180952090637011,0.11388759122690488
7682,0.6263078672279108,0.9181003971882087,0.1138910821523509
7683,0.6262901203597282,0.9181173373754895,0.11386364388296108
7684,0.6262761693671758,0.9181275714314625,0.11388597321374816
7685,0.626279091626725,0.9181198737919154,0.1138960945132162
7686,0.6262663448354499,0.9181135980827889,0.11389899532474862
7687,0.6262976498774078,0.9181369907597351,0.11393673241103887
7688,0.626313737962208,0.9181383857887693,0.11395279104400764
7689,0.6262822427917784,0.9181113767968887,0.11397708281506892
7690,0.6262855751714639,0.9181115305190963,0.11398121965360782
7691,0.6262691535212512,0.9181163035936433,0.11398711572583557
7692,0.6262905043200817,0.9181216838709103,0.11398082082812226
7693,0.6262932588974326,0.9181252617552929,0.11399099497265347
7694,0.6262926949608889,0.9181232210929866,0.11398836074759974
7695,0.6262945947677957,0.9181228214152467,0.11398672110196183
7696,0.6262946753727154,0.9181223333472375,0.11399345051426889
7697,0.6263065810915486,0.918139085224814,0.11400601116075726
7698,0.6263236680251618,0.9181422634314568,0.11400706295847013
7699,0.6263468233189443,0.9181608984060767,0.11401965392777366
7700,0.6263588777313848,0.9181685653011823,0.11400658229185837
7701,0.626345937232828,0.9181728157202232,0.11401385337786356
7702,0.6263299003027306,0.9181597762339611,0.11402019919618481
7703,0.6262957404674651,0.9181528472054521,0.11403136141362728
7704,0.626311062767243,0.9181542268622656,0.11402581272288631
7705,0.6263041512466617,0.9181420712786972,0.11401457998919046
7706,0.6262990385874305,0.9181508372875873,0.11401320913111355
7707,0.6263281802827336,0.918186489310592,0.11401615910302813
7708,0.626290023991895,0.9181982413733653,0.11400372488836355
7709,0.626317581961164,0.9182223757599632,0.11403863890547533
7710,0.6263178630346685,0.9182370869752334,0.11404691379450593
7711,0.6263279260412455,0.9182082986487995,0.11405321895242744
7712,0.6263427577570205,0.9182041366200279,0.11405729120815919
7713,0.6263517928352673,0.9182084677432278,0.1140474200224274
7714,0.6263376738429425,0.9181951784583783,0.11406564144992562
7715,0.626326715166599,0.9181752752755453,0.11408711056459464
7716,0.6263650552405357,0.9181923384405922,0.11409351684496878
7717,0.6263589569411689,0.9181910625462689,0.11408711060906217
7718,0.6262797778457789,0.9181259765635583,0.11418378292351594
7719,0.6262933775578555,0.9181314452310948,0.11418372855860266
7720,0.6263040018072304,0.9181236246137816,0.11417963801523744
7721,0.626279852118384,0.918117629447684,0.1141905424221035
7722,0.6262749126824354,0.9181252386969617,0.11419707945522134
7723,0.6262880961407267,0.9181322830171263,0.114197547229272
7724,0.6262970345749242,0.9181311570019555,0.11420049137439017
7725,0.6262894895176541,0.9181119263537809,0.11417538939646146
7726,0.6263064511602588,0.9181151468340308,0.1141777090711456
7727,0.6262958330425697,0.918102779882427,0.1141832410284373
7728,0.6262930575378669,0.9181140054466391,0.114194489037925
7729,0.6262413196932374,0.9180792834429907,0.11421861953109162
7730,0.6262341988480788,0.9180809667011642,0.11422023638155236
7731,0.6262254660299851,0.9180825961565651,0.11421223456673776
7732,0.6262143308108564,0.9180734650574319,0.11419706395023811
7733,0.6261903949141505,0.9180741030045936,0.11419909632246514
7734,0.6261991250127075,0.9180872116658492,0.11419231155274931
7735,0.6261418244862039,0.9180736572101914,0.1141920486411016
7736,0.6261021603868853,0.9180488310736592,0.11419219415097329
7737,0.6261213348187816,0.9180480048167932,0.11419563626881443
7738,0.626119840394103,0.9180481047362281,0.11418002396507732
7739,0.6261112467773621,0.9180496381152492,0.11419433645899174
7740,0.6260977727507053,0.9180604563156112,0.11419818032987553
7741,0.6260872475679682,0.9180462101100191,0.11421301079744833
7742,0.6260645395154428,0.9180388276009976,0.11422129629643041
7743,0.6260572780765811,0.9180391196731921,0.11422281915360075
7744,0.6260649735723262,0.918046571357207,0.11423130516491886
7745,0.6260175944230536,0.9180352305013391,0.1142063218686319
7746,0.6260235066656633,0.918026403003566,0.11420578813440699
7747,0.6259809723599817,0.9180075874053519,0.11424815696281224
7748,0.6259869237764235,0.9180169683030727,0.11423041669782946
7749,0.6259911633926047,0.9180172334738808,0.11422923663265695
7750,0.6259729259252967,0.9180257074105764,0.11423164804122682
7751,0.6259991255021331,0.9180237589815947,0.11423059663584577
7752,0.6260161581406576,0.9180280632034084,0.11423365990347704
7753,0.6260663166402806,0.9180342274639343,0.11422619461950313
7754,0.6261325918941975,0.9180625354084694,0.11422008166750122
7755,0.6261605354207694,0.9180697219216761,0.11422368267726478
7756,0.6261728096090563,0.9180684075968009,0.11423145729606685
7757,0.6261970385055148,0.9180742990004083,0.11422111730468613
7758,0.6261939317250685,0.9180687304134368,0.11422426625641333
7759,0.6261993235289138,0.9180705942952044,0.11422294256726771
7760,0.6262085123785043,0.9180640303569386,0.11422325552179609
7761,0.6262413600101219,0.9180548070244807,0.11424947735320869
7762,0.626242855355395,0.9180595839420829,0.1142470432973252
7763,0.6262434039107284,0.9180599375031604,0.11426213921324878
7764,0.6262361553766923,0.9180941445374133,0.1143019902600158
7765,0.6262258431166289,0.9180942367707379,0.1143085920569662
7766,0.6262574072183421,0.9181023071866385,0.11431731397820451
7767,0.6262401616105683,0.9180995824605083,0.11432342791017586
7768,0.6262294229191184,0.9181137787063829,0.1143095636648803
7769,0.6262220959926718,0.9181074760958701,0.11430614358025346
7770,0.626256741166785,0.9181252694414033,0.11431137181072208
7771,0.6262514035029917,0.9181137710202725,0.11432043617570022
7772,0.6262292756191773,0.9180977108926304,0.11435339637024587
7773,0.6262110444885985,0.918082311770481,0.11433517407760482
7774,0.6262014684509393,0.918076831573779,0.1143480532886614
7775,0.6262592386841549,0.9180955357233924,0.11434007174238367
7776,0.6262345518622592,0.9180861010228991,0.11433699955138184
7777,0.6262434616140558,0.918079590887406,0.11433957119154675
7778,0.6263047301944604,0.9181048897197267,0.11433540446666669
7779,0.6262833616058934,0.9181039827587016,0.11434890512179878
7780,0.6263000049137418,0.9181064154126374,0.11435253979323104
7781,0.6263382913374791,0.918110677360844,0.11436403672773496
7782,0.6263312061722035,0.9181172143977234,0.11438724762123664
7783,0.6263564258725343,0.9181112307607914,0.11439570751814902
7784,0.626401086002171,0.9181234401471324,0.1143941486435447
7785,0.62638351378181,0.9180953589428537,0.11440594432288102
7786,0.6263814209243916,0.9180928263694829,0.11440839713331044
7787,0.6263386261125885,0.9180760130030233,0.11443984758657635
7788,0.6263508267774185,0.9180821811066046,0.11443320102404482
7789,0.6263489784396966,0.9180790528596793,0.11443457921158767
7790,0.6263644832148758,0.9180829266593116,0.11442823143452142
7791,0.6263755271162422,0.9180936295680178,0.11442611423178391
7792,0.6263784561090532,0.9180767893001719,0.11443187363046634
7793,0.6263784561090532,0.9180767893001719,0.11442441893757999
7794,0.6263657233044848,0.9180650141790674,0.11442206211225524
7795,0.6263593803246919,0.9180697987827799,0.11442381604723281
7796,0.6263617843545446,0.9180742951573531,0.11442965813383967
7797,0.6263408211095486,0.9180541882925951,0.11442955268468574
7798,0.6263405831191219,0.9180449034712542,0.11443287116057514
7799,0.6262580674576409,0.9180052738861272,0.1144643863209955
7800,0.6262196192314782,0.9179960774550556,0.1144780908259256
7801,0.6261794126236865,0.9179957469523092,0.11449882178279636
7802,0.6261836332742214,0.9179981104312516,0.11450460805840208
7803,0.6262009346083063,0.9180060886138276,0.11449852115980705
7804,0.6261996377693065,0.9180065190360089,0.11450506819951363
7805,0.6261639480714459,0.9180058042277435,0.11449923910650328
7806,0.6261639563241569,0.9179678732730108,0.11450804228895964
7807,0.6261724668407859,0.9179700599714142,0.11450716534572937
7808,0.6261624995226729,0.9179726655628336,0.11452125018102385
7809,0.6261854927675882,0.917980570727361,0.11453514448134305
7810,0.6261849605312485,0.9179742950182345,0.11454333736065227
7811,0.6261812692173212,0.9179686880007112,0.11454541765562003
7812,0.6262072043563472,0.9179686380409937,0.11454438384522976
7813,0.6261998098875823,0.9179723350600872,0.11454517492430052
7814,0.6261592025972704,0.9179493266886601,0.11453345857038255
7815,0.6261848582221096,0.9179506410135354,0.11453001698677628
7816,0.6262509445604714,0.9179957315800885,0.11454669462326694
7817,0.6262725611340599,0.9179986868895302,0.11453372259962036
7818,0.62624787884421,0.917993345042815,0.11452527995924057
7819,0.6262511976536097,0.9179974878563106,0.11453632355043838
7820,0.6263548263268337,0.9180288241283361,0.11455741881285444
7821,0.6263733790628727,0.9180377246441579,0.11454694345264094
7822,0.6263763390627687,0.9180379206399726,0.11452588049863502
7823,0.6263506311453392,0.9180485428445199,0.11449365403088398
7824,0.6263437786622513,0.9180450226059651,0.11450010016578753
7825,0.6262980117146989,0.9180347885499921,0.1145055045540688
7826,0.6262912479606186,0.9180235745149455,0.11451562378783912
7827,0.6262852693481648,0.9180177676585523,0.11452004870392572
7828,0.6262848927795073,0.9180105542439593,0.11454058449747796
7829,0.6263172422205829,0.9180205077569032,0.11455242515681989
7830,0.6263088973865902,0.9180072492164952,0.1145501015016815
7831,0.6263160929263119,0.9180051047916987,0.11455492868317625
7832,0.6263149197843941,0.918004666683407,0.11454688599398581
7833,0.6263136127220542,0.9180065651526712,0.11456098836102513
7834,0.6263156492895091,0.9179977376548981,0.11456255121050744
7835,0.626306577157587,0.9179818120341876,0.1145679993262089
7836,0.6263000038908525,0.9179885066363299,0.11457185747617751
7837,0.6263083895263045,0.9179955278981634,0.11457468156270595
7838,0.6263260231019859,0.9180158115434602,0.11460412824982961
7839,0.6263227141099382,0.9180136248450567,0.11460011333994266
7840,0.6262973272441437,0.918009985471791,0.1146007185103249
7841,0.6263113247212508,0.9180113420702734,0.11462623049323574
7842,0.6263154745540244,0.9180049587556015,0.11462743497237385
7843,0.6262992301013053,0.9179894789292932,0.11462712879405708
7844,0.6263245716797715,0.9180050586750365,0.1146286528040523
7845,0.6263041818781568,0.9180040364223557,0.1146432279619139
7846,0.6263251223714802,0.9180129984270605,0.1146371588954614
7847,0.6263154138592884,0.9180022993614095,0.11467953033822413
7848,0.626321526122528,0.9180096588120998,0.11468815582123328
7849,0.6263305794063756,0.9180118455105033,0.11469164535085469
7850,0.626321832441632,0.91800241081001,0.11470544749985373
7851,0.6263451377312348,0.9180072146289985,0.11470248257374079
7852,0.6263327528534316,0.9180038019959891,0.1147182226968265
7853,0.626326276334767,0.9180030026405094,0.11471524235979887
7854,0.6262822401128626,0.91799062415974,0.11472963924424964
7855,0.6263244414571343,0.9180174333127507,0.11472630947587212
7856,0.6263137373920786,0.918017840676601,0.11472524656436403
7857,0.6263070610828467,0.9180288548727776,0.11472312260660358
7858,0.6263083561544528,0.9180404724286193,0.1147234550248835
7859,0.6262644421869924,0.9180363449873444,0.11473149158302474
7860,0.6262869028746281,0.9180317102627843,0.1147130381222867
7861,0.6262773421260186,0.918026545196608,0.11471291624009367
7862,0.626278416135744,0.9180390466551435,0.11472473243023738
7863,0.6262752753239929,0.918040003575886,0.11471842650312278
7864,0.6263121894618823,0.9180349922319172,0.11472445422687316
7865,0.6263291453476426,0.918042924297831,0.1147268984106173
7866,0.6262997551615486,0.9180144280435916,0.11481095700044261
7867,0.6263065000003575,0.9179981911354106,0.11480995885936064
7868,0.6263244361929896,0.9179984447770532,0.1148028981894084
7869,0.6263046454739236,0.9179928108581435,0.11479693766289135
7870,0.6263037880063095,0.9180009273907064,0.1147987618944185
7871,0.626323437803164,0.9179906356889056,0.11479963637543893
7872,0.6263231088179995,0.9179906971777886,0.1147904701224622
7873,0.6262778851891954,0.9179725694864539,0.11478253257138483
7874,0.6262797905666373,0.9179731920613947,0.11478632499094693
7875,0.6262821876497201,0.9179724119211911,0.11478815159790236
7876,0.6262835554406859,0.9179738953404947,0.11478774457679078
7877,0.6262754771840245,0.9179552603658747,0.11480625264808236
7878,0.6262726815389088,0.9179518323606445,0.11482956792361777
7879,0.626277971794945,0.917965905628753,0.11483274246013177
7880,0.6262879274668778,0.9179642223705795,0.11483246204108806
7881,0.6263035953936846,0.9179604139028855,0.11483694901499866
7882,0.6263368652215608,0.9179718047184708,0.11482916883322014
7883,0.6263515901121454,0.9179785415942203,0.1148272517777784
7884,0.6263517431246839,0.9179835644673546,0.1148326247998205
7885,0.6263689365870165,0.9179780496831559,0.11483140725067138
7886,0.6263810733589456,0.9179750559431623,0.1148379389802174
7887,0.6263961947020794,0.917977507812374,0.11485930955651003
7888,0.6263705298333897,0.9179809012301074,0.11486678768350765
7889,0.6263607405602899,0.9179651831343772,0.11488391568032384
7890,0.6264099995542155,0.917963426858155,0.1149545854080763
7891,0.6264200968908279,0.9179641070789238,0.11496276962714579
7892,0.6264178785851228,0.9179576007864858,0.11497559892065709
7893,0.6264184849733065,0.9179631809026229,0.11497466790946614
7894,0.6264298183680868,0.9179746946959744,0.11498796965765135
7895,0.6264274367371879,0.9179800788162966,0.11499152383257684
7896,0.6264337261148469,0.9179807167634583,0.11499057114283409
7897,0.6264356770887237,0.9179862776643193,0.11498917187792507
7898,0.6264296941993737,0.9179831532604492,0.11498908522190825
7899,0.6264224835754828,0.9179667818453365,0.11499633237272666
7900,0.6264241630626582,0.9179665013023076,0.11499683860410963
7901,0.6264152637487314,0.9179722735712041,0.11499684722687877
7902,0.6264141578773887,0.9179652715246466,0.11493761373841004
7903,0.6264094752803002,0.9179653022690881,0.11493844260877513
7904,0.6264142846214299,0.9179650909010526,0.11494246899610042
7905,0.6264418794449723,0.9179419403365835,0.11495324626402698
7906,0.6264401171283633,0.917946421338936,0.11495105512933562
7907,0.6264372698371182,0.9179326747305186,0.11496163234549221
7908,0.6264279402651041,0.9179295080530414,0.1149661263069926
7909,0.6264162486810378,0.9179495764872475,0.1149529536476788
7910,0.6264289885941743,0.9179595492154675,0.11495317193114599
7911,0.626416315966642,0.9179322289361165,0.11496281003751278
7912,0.6264035710657214,0.9179311067640008,0.11498748632438376
7913,0.6264150170229706,0.9179401417867543,0.11498242875847844
7914,0.6264439313659635,0.9179510829648824,0.1150030133461832
7915,0.6264353342795087,0.9179346884914386,0.11501353947204027
7916,0.62643088846001,0.9179351650302823,0.11502113231943167
7917,0.6263936832133854,0.9179424399337583,0.1150588919626208
7918,0.6263923356687926,0.9179500299677601,0.1150658824930527
7919,0.6263749224621653,0.9179352803219379,0.11507936117140263
7920,0.6263461858014296,0.9179083635633819,0.11510355211462518
7921,0.6263420922264415,0.9179161111626465,0.11509476771403458
7922,0.6263368459013273,0.9179138937198014,0.11509705743355175
7923,0.6263088522246021,0.9179019187598271,0.11510445251344753
7924,0.6263194937471371,0.917905381352554,0.11510388489038265
7925,0.6263542516097741,0.9179172986667005,0.11510524204296764
7926,0.6263298547209765,0.9179216490051764,0.11512110454797178
7927,0.6263289765474086,0.9179211839954983,0.11511731150786002
7928,0.6263219307918475,0.9179191856067991,0.11511304457117152
7929,0.6263018579638263,0.9179026604694789,0.11511003684319801
7930,0.6262872474607744,0.917886000825227,0.11511998026611844
7931,0.6262881812448234,0.9178862121932624,0.11511474707398373
7932,0.6262853772559626,0.917887634123683,0.11511347225076647
7933,0.6263024517766113,0.917892449471837,0.11511817357149356
7934,0.6263241818311966,0.9179079292981454,0.11513229630659537
7935,0.6262856858023529,0.9178692527907056,0.11520434237925452
7936,0.6263039703648773,0.9178613284109023,0.1151856748663786
7937,0.6262941533728658,0.9178637572217828,0.11519772619570183
7938,0.6263047690743732,0.9178665895534585,0.11525379785138289
7939,0.6263104246649627,0.9178674696130971,0.1152586432237999
7940,0.6263179373576674,0.9178730074556269,0.11525636451459532
7941,0.6263310019523995,0.9178852206850232,0.11525891967840823
7942,0.6263331552317816,0.917881650486751,0.11526175674287327
7943,0.6263652297431241,0.9179065880718837,0.11525806037690367
7944,0.6263874273668464,0.9179114456936449,0.11525787757343148
7945,0.6263957191299582,0.9179150466363586,0.11525068314597098
7946,0.6264034455935469,0.9179252038312278,0.11524840406360654
7947,0.6264065011472149,0.9179285895628508,0.11524502613766088
7948,0.6264100475006622,0.9179210341163458,0.11524953361414103
7949,0.6264083561901318,0.9179312374278773,0.11525673766627151
7950,0.6264044048002502,0.9179466826666889,0.11526983836114851
7951,0.6263984135339696,0.917948677212333,0.11527126532177033
7952,0.6264311897446485,0.9179615552902771,0.11528234767152144
7953,0.6264249598238596,0.9179619933985689,0.11528295727067754
7954,0.6264567067610842,0.9179765547346866,0.11528728998647263
7955,0.6264758237716629,0.9179828381299235,0.11528676244118397
7956,0.6264500130519441,0.9179592417710523,0.11530064926524208
7957,0.6264655878936094,0.9179575277684372,0.11531876794451566
7958,0.6264686909722816,0.9179453260682066,0.11532321570047178
7959,0.6264598807111821,0.9179370673426016,0.1153341020238476
7960,0.6264481314829192,0.9179294696224896,0.1153524384941883
7961,0.6264393037145182,0.9179297040488562,0.11534714487358444
7962,0.626446261012497,0.9179350497386265,0.11534892538863817
7963,0.6264256335933533,0.9179334817721087,0.11533784845767324
7964,0.626424769975711,0.9179496110747443,0.11534730910223051
7965,0.6264708335755507,0.9179495534289164,0.11535483863887612
7966,0.6264428122292856,0.9179435236753222,0.11535292826742552
7967,0.6264533904006191,0.9179507793635223,0.11535515862489647
7968,0.6264441265107579,0.9179493728053224,0.11536133690792033
7969,0.6264271794095978,0.9179424629920895,0.11536883470874842
7970,0.6264326257464885,0.9179396998354074,0.11534811417882296
7971,0.6264250861598536,0.9179292505683436,0.11535964659127111
7972,0.6264046286491034,0.9179166338181525,0.11537928805380852
7973,0.626390349728928,0.9179145047655768,0.11538601659020875
7974,0.6264541119596239,0.9179652254079843,0.11540128275885737
7975,0.626419235830327,0.9179486656831674,0.1154289753100118
7976,0.6264288624302795,0.9179708324255076,0.1154318679926904
7977,0.6264444718945834,0.9179737800488389,0.11542214335509864
7978,0.6264593271490191,0.9179740106321503,0.11542829850955576
7979,0.6264500938601287,0.9179723850198047,0.11542703632831823
7980,0.6264505113378492,0.9179663437370448,0.11543154293295743
7981,0.6264551746047956,0.9179686918437664,0.11542809219516945
7982,0.6264615170379927,0.917961170984758,0.1154279370786908
7983,0.6265243384763689,0.9179659517454154,0.11544304295053315
7984,0.6265035975047382,0.9179628926734835,0.11543201422632794
7985,0.626493924313544,0.9179657749648766,0.11543997832824979
7986,0.6265296919574065,0.9179690377187335,0.11543980343411951
7987,0.6265552473432713,0.9179785223789443,0.11544974296451933
7988,0.6265887289613108,0.9179899669973024,0.11545061282607581
7989,0.6265799345158354,0.9179820656758302,0.1154482910273025
7990,0.6265541482753609,0.917970498079706,0.11545463777070263
7991,0.6265330500296377,0.9179583617114137,0.11546237116168455
7992,0.6265103618400896,0.9179344848095135,0.11548476029252149
7993,0.6265042730154664,0.9179241162466089,0.11546986924687647
7994,0.6264867593111809,0.9178977913185522,0.11548880834548136
7995,0.6264789060737,0.9178954547409962,0.11548616798096717
7996,0.6264727243368379,0.9178830186143989,0.11549785565298297
7997,0.626464694116771,0.917876431617802,0.11549969539484575
7998,0.6264719911372153,0.9178793830841885,0.11550001815680601
7999,0.6264760747760445,0.9178863889738011,0.1154908469840178
8000,0.6264842785641833,0.9178976721838412,0.11548065363154443
8001,0.6264765409949956,0.917895008946594,0.11550204821564126
8002,0.6264532968310899,0.91788092414932,0.11550828948608136
8003,0.6264553100916287,0.9178740604527492,0.11550903875324214
8004,0.6264657688140302,0.9178818042089586,0.1155173329886626
8005,0.6265062541912477,0.9179019341320478,0.11552926311166159
8006,0.6265115004594579,0.9178748559651737,0.11558258039885069
8007,0.626493635037947,0.9178805705882424,0.11557548488595541
8008,0.6265026665031461,0.9178813661006668,0.11557629055735223
8009,0.6265016686016793,0.917880705095174,0.11558534064254822
8010,0.6264764726840854,0.917865655691047,0.11560409337387699
8011,0.6264659718605536,0.9178460292081879,0.11561130029698777
8012,0.6264756381716914,0.9178477278385823,0.11560333259190983
8013,0.6264715676066117,0.9178213836952496,0.11559259149521166
8014,0.6264715676066117,0.9178213836952496,0.11559262460846194
8015,0.626465110136402,0.9178121065600191,0.11560616769270438
8016,0.6264363538096972,0.9177972262503206,0.11561035768379198
8017,0.6264446282887531,0.9178009386416348,0.11562691186339294
8018,0.6264552980235597,0.9177979333724756,0.11564441180465478
8019,0.6264484699377407,0.9178093126588954,0.11565267663187469
8020,0.6264696016123316,0.9178095201838757,0.11564782011796466
8021,0.6264479695167131,0.9177796711742091,0.1156685053042548
8022,0.6264500604276221,0.9177836717946627,0.11566849222363237
8023,0.6264259543456139,0.9177650137617116,0.11575097615132598
8024,0.6264680674911967,0.9177838946918638,0.11577190574199421
8025,0.6264940306747322,0.9178240430894415,0.11576788171182054
8026,0.6264763982732217,0.9178095816727588,0.11577415179899156
8027,0.6264703558711961,0.9178186359107882,0.11577466439227625
8028,0.6264820451160018,0.9178033981969569,0.1157835488750307
8029,0.6264902492045783,0.9177943209005963,0.1157821661130147
8030,0.626499621894893,0.9177958196921207,0.11577830899826091
8031,0.6264859813668698,0.9177808202477112,0.11579408666099728
8032,0.6264849865013006,0.9177976528294467,0.11579699899563257
8033,0.6264810040386364,0.9178033828247361,0.11579562056197534
8034,0.6264981205443073,0.9178192277412875,0.11580029922798986
8035,0.6264997898017453,0.9178215220452365,0.11578769285571243
8036,0.6265614672401406,0.9178362947493898,0.11576880393562858
8037,0.6265742841103075,0.9178367712882334,0.11577858326715891
8038,0.6265654689312143,0.9178352379092123,0.11578482848933129
8039,0.6265563100251728,0.917824654135217,0.11579557238929801
8040,0.6265403711057058,0.9178168681054004,0.11581406815025995
8041,0.6265249593240902,0.9178187973191062,0.11577724145912774
8042,0.6265425102781998,0.9178509982785495,0.11578347169857986
8043,0.6265226027236926,0.9178360257355264,0.115797235544259
8044,0.6265862932014674,0.9178329589774842,0.11585508771992566
8045,0.6265722233880653,0.9178434697334309,0.11586922078081326
8046,0.6265772951194083,0.9178434351459341,0.11588139058893983
8047,0.6265709509142093,0.9178354569633581,0.11589028630909089
8048,0.6265608368401872,0.9178259146573194,0.1158934631079762
8049,0.6265520157340835,0.9178325669858547,0.11588333037887705
8050,0.6265635757523624,0.9178195505579236,0.11585950955262464
8051,0.6265613869855146,0.9178153693138761,0.11586379467913954
8052,0.6265462009149193,0.9178164453693295,0.11587202146349064
8053,0.6265812210900864,0.9178273096863537,0.11586410031512544
8054,0.6265594933227391,0.9178202653661891,0.11585686715443166
8055,0.6265327948002941,0.9177918190716672,0.11586950718603918
8056,0.6265239625541835,0.9177790370701027,0.1158700703971872
8057,0.6264895062395323,0.9177278667902378,0.11590732622985249
8058,0.6265157120461842,0.9177363407269334,0.11590651581320491
8059,0.6265046189344331,0.9177383775461845,0.11591472333180054
8060,0.626512544382228,0.9177484770952258,0.11592307580663248
8061,0.626505602992457,0.9177396918710597,0.11593473003458354
8062,0.626471462203331,0.9177256455043376,0.11594978395227493
8063,0.6264685373551023,0.9177201038187525,0.11595894919629765
8064,0.6264801608215276,0.9177288160248699,0.1159457222516424
8065,0.6264582023682936,0.9177137320332462,0.11594506150230344
8066,0.6264669763456571,0.9177171677245868,0.11593849902730201
8067,0.6265168028381539,0.9177684417669417,0.11597576185262247
8068,0.6265190704687152,0.9177741986636175,0.11597686680881443
8069,0.6265347690379103,0.9177739411789197,0.1159797264764442
8070,0.6265059755513082,0.9177552639306927,0.11599420111625576
8071,0.6264978872651327,0.9177479429105543,0.11600166646983148
8072,0.626506758554666,0.9177506791658501,0.1159839942036473
8073,0.6264748577170666,0.9177474971161522,0.1160023780985222
8074,0.6264956398392797,0.9177494801326306,0.11599013928283598
8075,0.6265021165678812,0.917762461973065,0.11598587102315464
8076,0.6265065544761722,0.9177544376738267,0.11599176763737912
8077,0.626441997677622,0.9177070374311039,0.1160324531392335
8078,0.6264409071272137,0.9177067107714127,0.1160341122053099
8079,0.6264641333165174,0.917717152352366,0.11603874020825006
8080,0.6264283747666624,0.9177272019416898,0.11606623707356607
8081,0.6264287643025945,0.9177351685951002,0.1160728863152636
8082,0.6264093075937452,0.917710968876564,0.11608915572341404
8083,0.6263968518786066,0.9177048276743692,0.11608935961456253
8084,0.6264205165188255,0.9177156305025105,0.11608722168820026
8085,0.6264344091246371,0.9177328819772618,0.11606961390096569
8086,0.6264326805688741,0.9177346459395943,0.11606257580391509
8087,0.6264375058965529,0.9177272096278002,0.11606480075021385
8088,0.6264229197089198,0.9177157265788902,0.11607096086413655
8089,0.6264244280867314,0.9177188087091532,0.11606979505487537
8090,0.62645344733668,0.9177277976152444,0.11607607317444718
8091,0.6264487341311562,0.9177273249194559,0.11609032441335969
8092,0.6264127387264556,0.9177181515467155,0.11609383168510867
8093,0.6264103235982453,0.9177194351271493,0.11608664675989461
8094,0.6264244675544429,0.9177188432966499,0.1160974906413625
8095,0.6264163260341609,0.9177263526264926,0.11609957272893523
8096,0.6264278146075609,0.9177228093296068,0.11609731392830568
8097,0.6264784330689754,0.917728032041611,0.11609490338544513
8098,0.6264855200949748,0.9177257377376621,0.1160966208400813
8099,0.6265042060890016,0.9177234664920444,0.11608505762907854
8100,0.6264867514790636,0.9177220637768998,0.11609248205872304
8101,0.6264951868195353,0.917729219545665,0.11609492553945919
8102,0.6264811876709165,0.9177282895263088,0.11610083173292454
8103,0.626466823272381,0.9177369133421568,0.11611119613060804
8104,0.6264381505515136,0.9177253380599223,0.11611760487330594
8105,0.6264006604398461,0.9177272595875177,0.11611704257468829
8106,0.626415695675209,0.9177209185464529,0.1161165782158232
8107,0.6264007991716823,0.9177148426761963,0.11611047155038387
8108,0.6263825951740396,0.9177025410565307,0.11610929469946402
8109,0.6264021152680945,0.917725434136302,0.11611546928407111
8110,0.6264155282580761,0.9177173445051255,0.1161267553017307
8111,0.626426805424961,0.9177180708425565,0.11615192911306603
8112,0.6264668191706432,0.9177577042707388,0.11615891097553199
8113,0.6264485902428105,0.9177441575011914,0.11616763899373134
8114,0.6264829477802667,0.9177791831061999,0.11622393540208735
8115,0.6264883585724256,0.9177844749931976,0.11621883665314364
8116,0.6264790767717158,0.917784663302902,0.11622875631390528
8117,0.6264785871387835,0.9177740564705754,0.11623049480739221
8118,0.6264793669044585,0.9177777957632761,0.11622728386370072
8119,0.626483331856169,0.9177637801409954,0.11623533377367608
8120,0.626529328993442,0.9177778879966006,0.11621883480191514
8121,0.6265055536020842,0.9177706207792349,0.11622805591280068
8122,0.6265037972283972,0.917764537222868,0.11622730268543452
8123,0.6265150485408555,0.917771850556896,0.11622518860101086
8124,0.6265256223342571,0.9177689336780062,0.11622710375701535
8125,0.6265500286341255,0.9177795328242223,0.11624024952959937
8126,0.6265884247692644,0.9177954469157672,0.11622737582207793
8127,0.6265895438627028,0.9177866155749389,0.11623457876432079
8128,0.6265722934114472,0.9177855164611542,0.11625048992933504
8129,0.6265969016674656,0.9177881796984015,0.11624537972552895
8130,0.6266117277505403,0.9177987826876728,0.11624911624786897
8131,0.6266167848186759,0.917801488198527,0.11624792703589447
8132,0.6266172603606263,0.9178025066081527,0.11624670872911523
8133,0.6266390020529192,0.9178102426782516,0.1162530558121967
8134,0.6266492007404549,0.9178114532406367,0.11624715098078221
8135,0.6266679168330188,0.917814804384763,0.11624062650983384
8136,0.6267177131034437,0.917827778539087,0.1162526997968767
8137,0.6267551118899136,0.9178212953049802,0.11626041069440936
8138,0.6267524377434812,0.9178215989063403,0.11625793247533267
8139,0.6267522076073481,0.9178198311009526,0.11626288769060746
8140,0.6267509929335408,0.9178211646411037,0.1162618150938277
8141,0.6268189216049914,0.9178340465621031,0.11626830025388696
8142,0.6268397027129919,0.9178392731171625,0.11625823435661488
8143,0.6268324923599897,0.9178330857983055,0.11625923744593793
8144,0.6268556412394005,0.9178343924370703,0.11626285350513241
8145,0.6268722305736111,0.917848972988464,0.116269885424912
8146,0.6268725424415276,0.9178402377240155,0.11626799642034881
8147,0.6268572079684837,0.9178313295220832,0.11628133473440981
8148,0.6268288944893073,0.9178194352662679,0.11628891818579092
8149,0.6268305034745314,0.9178365291757563,0.1163210562304897
8150,0.626831953301465,0.9178358720133187,0.11631807247034472
8151,0.6268322578937244,0.9178288814959268,0.11631694560487137
8152,0.6268350029691736,0.9178278861446324,0.11632046569872831
8153,0.6268507066069072,0.9178254304323654,0.1163226674157051
8154,0.6268658660559553,0.917838957986637,0.11632068162528762
8155,0.6268228181719709,0.9178310874096063,0.11634293538307491
8156,0.626837126597524,0.9178151003000127,0.11634753696988964
8157,0.6268577567906319,0.9178257455628911,0.11634883004391083
8158,0.6268289029251408,0.9178229593478778,0.11635675499293371
8159,0.6268203994323673,0.9178179134164124,0.11636398886738943
8160,0.6268340823073331,0.9178145738014516,0.11636484554251696
8161,0.6268295666009195,0.9178154538610903,0.11635957783231766
8162,0.626819227394539,0.917800600452778,0.11636995719690138
8163,0.6267703752766091,0.9178027179761881,0.11638838216931122
8164,0.6267606691547793,0.9177996512181459,0.1163918063660243
8165,0.6267516511079361,0.9177999125458989,0.11641020092412509
8166,0.6267380963931736,0.9177946398741772,0.11641300726059173
8167,0.6267352210528,0.9178009578569107,0.11640896207529873
8168,0.6267505659307304,0.917814462352851,0.11640980017642448
8169,0.6267182871784965,0.9177842520959966,0.11643400822060461
8170,0.6267221557903387,0.9177994014195585,0.11645666760568302
8171,0.626723676616057,0.9178169411234491,0.11646589011795225
8172,0.6267468627589108,0.9178266986405784,0.11645963392795039
8173,0.6267127361217949,0.9178151733180614,0.1164464480825704
8174,0.6267399003910437,0.91783166771094,0.11645468339809002
8175,0.6267678319463544,0.9178397727143374,0.11645618300238113
8176,0.6267788217377243,0.9178475664302642,0.11645133361668503
8177,0.6268148757593774,0.9178635765981888,0.11645205948546518
8178,0.6268415747378056,0.9178671967561786,0.11644988821973054
8179,0.6268306679618091,0.9178555868864473,0.11644851399306674
8180,0.6268369638488641,0.9178603100012768,0.11644161226615164
8181,0.6268344910351024,0.917856386241927,0.11646618632436223
8182,0.6268035223062232,0.9178515593646074,0.11647515086973037
8183,0.6268099475006021,0.917848630956552,0.11647681940304148
8184,0.626817532781089,0.9178541957004682,0.11648037492081209
8185,0.6268166678334024,0.917849153612058,0.11648343240613296
8186,0.6268152795277389,0.9178394076240942,0.11646455383224757
8187,0.6268178738712653,0.9178223060284953,0.11646880731429918
8188,0.6268158816541198,0.9178154308027591,0.11646058961263836
8189,0.626813052397049,0.9178103579699073,0.11645958285555959
8190,0.6268073471246974,0.9178016803512866,0.11646683342873518
8191,0.6268150578801175,0.9178019647373707,0.11646650516790172
8192,0.6268250116324467,0.9178020262262537,0.11645780790904929
8193,0.626831749757938,0.917792218749407,0.11646073417210827
8194,0.6268081717366164,0.9177934600562336,0.1164806794124593
8195,0.626802122305681,0.9177880913081321,0.11647490080705107
8196,0.6267762804779189,0.917776181680096,0.11648125018906338
8197,0.6267762855256888,0.9177762047384271,0.1164812500478495
8198,0.6267963890002585,0.9177554714556729,0.11655802722737311
8199,0.626822117122172,0.9177688376016264,0.11656235060815383
8200,0.6268107820701855,0.9177580309304301,0.11657621993481958
8201,0.6268053833345434,0.9177430622304621,0.11657757553808898
8202,0.6268185227019736,0.9177482157674728,0.11657676438285158
8203,0.6267857267339079,0.9177446455692007,0.11658193600031015
8204,0.62686488835456,0.9177537612961131,0.11660748675740784
8205,0.6268725410901054,0.9177527313573219,0.11660432057839322
8206,0.6268593453512786,0.9177460674996212,0.11661556321870863
8207,0.6268659471079658,0.9177548604098976,0.11661647219331744
8208,0.6268498755817526,0.9177504716408698,0.1166451748626059
8209,0.6268726769480134,0.9177644257742674,0.11664821778994071
8210,0.626881995734859,0.91777948670756,0.11665524911785104
8211,0.626887479813908,0.9177788679756743,0.11665437279998302
8212,0.6269006738481498,0.9177747789649513,0.11665183368138123
8213,0.6268963486333481,0.9177785297868175,0.11665430002636944
8214,0.6268933018989673,0.9177790716575994,0.11666024889675812
8215,0.6268752932146113,0.9177664126338011,0.11667302185256387
8216,0.6268705594962884,0.917772980415122,0.11667035211756017
8217,0.626866620985608,0.9177701173390049,0.11666966320555495
8218,0.6268600259184907,0.9177613820745564,0.116671365669592
8219,0.6268399311110805,0.9177526660253837,0.11666978322565838
8220,0.6268380737307265,0.9177614589356602,0.11666899594309921
8221,0.6267642452443594,0.9177108420557427,0.11673455839224504
8222,0.6267884399680369,0.9177228516032139,0.11676335367344365
8223,0.6267877343898972,0.9177232051642914,0.11675780570091182
8224,0.6267627261143336,0.9177124676680884,0.11676853139712366
8225,0.6267895093851924,0.9177164183288246,0.11677936544570224
8226,0.6267861540696251,0.9177185550675107,0.1167847835281965
8227,0.6267896126806961,0.9177238584836739,0.11678309528420402
8228,0.6267774779464886,0.9177294193845349,0.11679091906649097
8229,0.6267912320341524,0.9177437655095619,0.1168020517567891
8230,0.6267872972258055,0.9177461482037802,0.11680222880210506
8231,0.6268118812327392,0.9177569933055285,0.11680648333555976
8232,0.6268272876493293,0.9177602560593855,0.11681299052206467
8233,0.6268268206019879,0.9177667392934923,0.1168081346752619
8234,0.6268362227467016,0.9177693871585187,0.11681245991507334
8235,0.6268359316898909,0.9177646063978614,0.11681850651411779
8236,0.6268316046051586,0.9177573929832683,0.11682607079782156
8237,0.6268055463096472,0.9177440229942597,0.11682749901703174
8238,0.6267945533223422,0.9177332624397256,0.11687191476509873
8239,0.626795013820685,0.9177349956576166,0.11687395588954473
8240,0.6267748681922383,0.9177353530617494,0.11689399945535135
8241,0.6267854477252088,0.9177513978171707,0.11689987663678134
8242,0.6267607676960021,0.9177415864972688,0.11688914752200752
8243,0.6267773539950035,0.9177442036178537,0.1168958381157579
8244,0.6267379034196615,0.9177382315100873,0.11690762716773731
8245,0.6267288236693871,0.9177436502179063,0.11691687713172792
8246,0.62673726318239,0.9177510211977621,0.11690833887912805
8247,0.6267240415676861,0.9177411791334186,0.11691136984897248
8248,0.6267363259996198,0.9177550295043261,0.11689805202937141
8249,0.6267845465640679,0.9177608286746088,0.116905732031448
8250,0.6267952423310991,0.9177564437486363,0.11693371976478192
8251,0.6267880542595574,0.9177622275466983,0.11694293045316388
8252,0.6267938081205978,0.9177584767248321,0.11694346323910036
8253,0.626800736921095,0.9177574775304825,0.11694534987181497
8254,0.626793273999878,0.9177591531025457,0.11695563473468425
8255,0.6267880520644182,0.9177552331862512,0.11695625702980579
8256,0.6267937255673596,0.9177581001054235,0.11695970354909417
8257,0.6268432645879523,0.9177743139552732,0.11695477642206019
8258,0.626831007700534,0.9177689682655029,0.11697748539020449
8259,0.626805452777669,0.9177615012092672,0.11697632932644952
8260,0.6268187313924606,0.9177482503549695,0.11700377217212339
8261,0.626795449801839,0.9177395496780177,0.11700168685292633
8262,0.6267868791961453,0.9177363291977678,0.11701560561068805
8263,0.6267880686755654,0.9177396150099559,0.1170191052384303
8264,0.6268097334588716,0.9177700827515082,0.11703197278125309
8265,0.6267755830826681,0.917763388149366,0.11700953541733146
8266,0.6267764844052717,0.9177698406390312,0.11701855277207157
8267,0.6267528638300157,0.9177240506364334,0.11709346846224644
8268,0.6267372558914214,0.9177171254509796,0.11710697451619198
8269,0.6267347712904547,0.9177130518124774,0.1171051325667942
8270,0.6267077976956351,0.9177121410083973,0.11712853514063341
8271,0.6266921212204499,0.9177090435059135,0.11713310683358058
8272,0.6266992437145801,0.9177119450125825,0.11713089753501893
8273,0.6267123872046536,0.9177139472443369,0.11714482648509159
8274,0.6267143252206805,0.9177256608765583,0.11715663915807717
8275,0.626729554509095,0.9177324899856323,0.11714991026051763
8276,0.6267340294018933,0.9177406718501334,0.11716482883744106
8277,0.6267770569646973,0.9177578656790568,0.11716313320082315
8278,0.6267841265871836,0.9177647754922899,0.11716552426729628
8279,0.6267906621450143,0.917755552159832,0.11714316469270093
8280,0.6267890060365676,0.9177613782315012,0.11715042828234332
8281,0.6267569089163699,0.9177342308896337,0.11716529477734751
8282,0.6267586038340759,0.9177225249435227,0.11717185372445489
8283,0.626760037194321,0.9177227632129444,0.11717059085336776
8284,0.6267536226100949,0.9177289121012497,0.11716282060187984
8285,0.626737384842842,0.9177350840478861,0.1171668027906525
8286,0.6267301093167575,0.9176822612542891,0.11723397078686369
8287,0.6267228027644454,0.9176833642111288,0.11721823881102025
8288,0.6267213877186102,0.9176883755550976,0.11720786863060173
8289,0.6267252109424231,0.917688383241208,0.11719975515438612
8290,0.6267429456475623,0.9176914730575814,0.11719378680337472
8291,0.6267249869894246,0.9176805626238949,0.11719881237018911
8292,0.6267528012508863,0.9176743714619825,0.11720193859254137
8293,0.6267678454524437,0.9176844210513063,0.11720433293977306
8294,0.6267803605336427,0.9176981292291717,0.11720729225351652
8295,0.6267712445278529,0.9176950125114121,0.1172154943565236
8296,0.6267412085888324,0.9176816079349067,0.11720425056326349
8297,0.626745584209931,0.9176716428927971,0.11720715411601425
8298,0.6267247539192523,0.9176692525124684,0.11728995784850768
8299,0.6267758751394479,0.9176720771580337,0.11729059535990374
8300,0.6267809548446157,0.9176782567907804,0.11728807260064801
8301,0.6267684921376935,0.9176729956482242,0.1172862383415684
8302,0.6267300006973564,0.9176522854238013,0.11729691346807447
8303,0.6267203603027194,0.9176496952046027,0.11731175042099919
8304,0.6267187847896878,0.9176630728797217,0.11731856906981572
8305,0.6267737578059936,0.9176851550748477,0.11733612829426475
8306,0.6267676185435399,0.9176900242257745,0.11734515759910401
8307,0.6267747093902333,0.9176916575242305,0.11734952235289461
8308,0.6267812570354584,0.9176926836199665,0.11735149282308811
8309,0.6268001425683364,0.9177116221959465,0.11736012309217411
8310,0.6268165942655342,0.9177150617303422,0.11735828873876272
8311,0.6268159300224447,0.9177245925072153,0.11735879402160583
8312,0.6268195924195565,0.9177170293745999,0.11736802609052575
8313,0.6268241096195865,0.9177165105621491,0.11737132703557707
8314,0.6268577568413002,0.9177264064292653,0.11737847983087661
8315,0.6268541654234469,0.9177271481389171,0.11739051006701239
8316,0.6268345807994338,0.9177240775378197,0.11740462057525626
8317,0.6268455657895656,0.9177318943120777,0.11740345362912682
8318,0.6268462590178042,0.9177116644695535,0.11741139136800445
8319,0.6268656854321012,0.917726441016762,0.11740722269266196
8320,0.6268688871767856,0.9177237816225701,0.11741757284235627
8321,0.6268694104422147,0.9177138780693435,0.11738781104469169
8322,0.6269021963186605,0.9177036939730879,0.1173880358769907
8323,0.6268972193574098,0.9177063303089488,0.11739917324687413
8324,0.6268794282935831,0.9176951393322333,0.11741056162452349
8325,0.6268643786421024,0.9177023489037712,0.1174183436528713
8326,0.6268796029849171,0.917700892385854,0.11742092874407026
8327,0.6268671732132989,0.9176948203586525,0.11742367361187996
8328,0.6268982531926449,0.9177099120363866,0.11746741041067665
8329,0.6269075357914581,0.9177222713018801,0.11747028870063678
8330,0.6269323305177555,0.917723539510093,0.11746383868684841
8331,0.6269424141564496,0.9177249768127343,0.117452889173525
8332,0.6269328347982115,0.9177212874797512,0.11746286012127283
8333,0.6269541693730091,0.9176987518041126,0.11750062105280004
8334,0.6269555566059948,0.9176996895095791,0.11751012094587406
8335,0.626936280731544,0.9177105230821619,0.1175093544450905
8336,0.626951585192475,0.9177037593050262,0.11752242870933412
8337,0.6269399544119735,0.9177105115529963,0.1175220858866131
8338,0.6269029164999572,0.9176784950602022,0.11752840912048494
8339,0.6269387265377753,0.9176848706887637,0.11752439219895756
8340,0.6269262451773745,0.9176799784795058,0.11754360298859559
8341,0.6269328567946043,0.9176778494269301,0.11753999667293138
8342,0.626926347403214,0.9176790254018186,0.11754133656252443
8343,0.626929123043903,0.9176836216958266,0.11754346313788372
8344,0.6269442598087666,0.917678429728264,0.1175460490787895
8345,0.6269458594732426,0.9176848591595981,0.11754649189544844
8346,0.6269330129905105,0.917668176457015,0.1175354034408908
8347,0.6269432486362166,0.9176705091915158,0.1175296878258623
8348,0.6269134046419085,0.9176617623979016,0.11755142465322463
8349,0.6269576229829829,0.9176594988383943,0.11756498887696144
8350,0.6269957151380994,0.9176613627201619,0.11754177312113162
8351,0.6269938367081896,0.9176494223476841,0.11754878739206888
8352,0.6269988335945503,0.9176317058632548,0.11755784657156482
8353,0.6269997527300322,0.9176367056780579,0.11756018517986133
8354,0.6269977635374977,0.9176410060568164,0.11758692035256711
8355,0.6269653764544683,0.9176178977659544,0.11756454222561552
8356,0.6269890451125621,0.9176361176906137,0.11757137535989388
8357,0.6270006466312428,0.9176467936979337,0.11756770330654519
8358,0.6269879113279465,0.9176388462597992,0.11757254354238408
8359,0.627005480443172,0.9176503100934332,0.1175745586991047
8360,0.6270080651568825,0.9176531193667776,0.11757494849371103
8361,0.6269632240507229,0.9176288581593585,0.1176192418930736
8362,0.6269658197905154,0.9176474201159297,0.11762055557639955
8363,0.6269734259681884,0.9176578578538278,0.1176300827115436
8364,0.6269270066365141,0.9176268251831625,0.117653652828513
8365,0.6268929379738007,0.9176128403053233,0.11768654494380261
8366,0.6269021332317399,0.9176191160144499,0.1176904734150367
8367,0.6269061734447691,0.9176145158773865,0.11768993321323704
8368,0.6269060130121046,0.917616560382748,0.11768990675409856
8369,0.6269060130121046,0.917616560382748,0.11768041672341911
8370,0.6269355082302104,0.9176295729676239,0.11767737992540749
8371,0.6269319408939326,0.9176316213160406,0.11767932543256868
8372,0.6269337136321645,0.9176414364789978,0.11768272167635867
8373,0.6269389519933948,0.9176358947934127,0.11768601075623376
8374,0.6269531380170826,0.917640594849911,0.11769233913797958
8375,0.6269775512601587,0.9176494684643465,0.11769697583504113
8376,0.6270229945182414,0.9176737604162072,0.11766000329295544
8377,0.6270268989571044,0.917681915379322,0.11766236267882339
8378,0.6270244967564513,0.9176819000071011,0.11767282451389897
8379,0.6270232610377803,0.9176872649121475,0.11767283753619585
8380,0.6269825871944049,0.9176831951167005,0.11768021969435681
8381,0.6269621957401679,0.9176756934729682,0.11768999238971135
8382,0.6269562505876667,0.9176854356178767,0.11769320863768008
8383,0.6269879543705205,0.9176920725741912,0.11770600500289806
8384,0.6270224461491141,0.9176941785684356,0.11771002668134926
8385,0.6269663645437226,0.9176906045271083,0.11772203753784731
8386,0.6269781700579233,0.9176846516346178,0.1177363872997536
8387,0.6269576927053934,0.917661385778493,0.11774746181773058
8388,0.6269287622895935,0.9176588532051222,0.11775291547244787
8389,0.6269490289796675,0.9176652288336837,0.11774725400746205
8390,0.6269473981578872,0.917666101207212,0.11774675016028648
8391,0.6270157298832998,0.9176831182555967,0.11776128839038687
8392,0.6269899788597683,0.9176881065412342,0.11776157574204293
8393,0.62701353013581,0.9176946973808864,0.11774890792381021
8394,0.627018810379535,0.9176910157340137,0.11775062126414473
8395,0.626998754109206,0.9176616202048596,0.11777554484324106
8396,0.6269974589382096,0.9176623465422906,0.11777127655794814
8397,0.6270047080073133,0.9176668928765813,0.11777882081225113
8398,0.6270019543181201,0.9176535382597935,0.11779074793452905
8399,0.6270059938241449,0.917676658079821,0.11779055620240977
8400,0.6270000610832529,0.9177086322990081,0.11779824336381817
8401,0.6270021894403307,0.9177113185945864,0.11779959307175161
8402,0.6270243548556268,0.9177128558166627,0.11781456291678717
8403,0.6269973966225885,0.9177212452061442,0.11782826722889644
8404,0.6270153532916677,0.9177178594745211,0.11783686111518668
8405,0.6270039624339101,0.9177123908069846,0.11783434998845002
8406,0.6270230494576685,0.9177040244758343,0.11781030518537253
8407,0.62703686655051,0.9177091856989555,0.11781472443467493
8408,0.6270653391923249,0.9177336044716375,0.11781054453707311
8409,0.6270842095542412,0.9177304032066637,0.1178158476005327
8410,0.6270596548453787,0.9177081442309989,0.1178137290713308
8411,0.6270763762826922,0.9177121256361764,0.11781613778115277
8412,0.6270834010825368,0.917717455953726,0.11781174633831461
8413,0.627080898930877,0.917712014187576,0.1178072475694551
8414,0.6270612171728225,0.917705488679862,0.11780839899062012
8415,0.6270667469861714,0.9177201576215251,0.11781347605489499
8416,0.6270947652433527,0.9177249806557896,0.11780581425741367
8417,0.6271068623823356,0.9177282088221498,0.11780439636227477
8418,0.627118114272562,0.9177381085323212,0.11783103124574751
8419,0.6271430962336942,0.9177480735744308,0.11782350100563131
8420,0.6271284533567572,0.9177491381007187,0.11783243383976458
8421,0.627149794701915,0.9177458753468617,0.11788235049118823
8422,0.6271364373798253,0.9177267907347844,0.11790395804355573
8423,0.6271566881266347,0.9177371054949164,0.11791027153449164
8424,0.6271519330739498,0.9177377165406917,0.11790841434427463
8425,0.6271070170345113,0.9177074678532853,0.11793184742967133
8426,0.6271206036328947,0.9177241159683717,0.11795518207645478
8427,0.6271302207188091,0.9177248038752508,0.1179611673718459
8428,0.6271434382691692,0.9177132670235681,0.11796480852121151
8429,0.6271317554623751,0.9177228592893243,0.11795978557815938
8430,0.627113957245765,0.9177089628017545,0.11797832372772572
8431,0.6271231626897593,0.917714492958174,0.11798734287209374
8432,0.627154114874485,0.9177174982273332,0.11799016602918155
8433,0.6271578914633521,0.9177101387766429,0.11798987079065154
8434,0.627206164838677,0.9177263334112167,0.11798975607529479
8435,0.6271922125054888,0.9177089897031409,0.11795173235234335
8436,0.6271592819487456,0.9177087706489949,0.1179631217141145
8437,0.6271477697348781,0.9177042435299803,0.11797284905496215
8438,0.6271484716604301,0.9176962461321283,0.11797992401211388
8439,0.6271357904139659,0.9176960770376998,0.1179905827580933
8440,0.6271579937527534,0.9177130479694222,0.11800151287910322
8441,0.6271669846151,0.9177254033918605,0.1180041694486292
8442,0.6271834899716565,0.9177390500808429,0.11801443786133974
8443,0.6271657552065006,0.9177311103288188,0.11803054990857291
8444,0.627139675178714,0.9177074985977268,0.1180403255406277
8445,0.6271665183188196,0.9177249883419,0.11806762259397788
8446,0.6271591705754775,0.9177510173547069,0.11807212337484727
8447,0.6271569670147533,0.917743304342939,0.11807454383872942
8448,0.627170125895619,0.9177381969225905,0.11808950625414531
8449,0.6271747377751998,0.9177378164601266,0.11808994850234887
8450,0.6271783419195236,0.9177401991543449,0.11809397960009335
8451,0.6271667560364428,0.9177501910978408,0.11811366493362284
8452,0.6271680065028706,0.9177443573400613,0.11810784639188472
8453,0.6271683772965385,0.9177368710685497,0.11810196392763649
8454,0.6271739628291353,0.9177405373432017,0.11809942774672191
8455,0.6271724061750171,0.9177483848619012,0.11810122969474542
8456,0.6271642899931718,0.9177561785778281,0.1180787692497467
8457,0.6271641899176176,0.9177436771192926,0.11808421103929444
8458,0.6271860268904097,0.9177456486066055,0.11808495715334023
8459,0.6271598238148371,0.9177608171454433,0.11809968206512562
8460,0.6271554150475281,0.9177596373274998,0.1181115824654603
8461,0.6271246536368715,0.9177416249278207,0.11811794064674482
8462,0.627107858284551,0.9177460098537934,0.11812990779349934
8463,0.6271247298906747,0.9177548796251737,0.1181269168426814
8464,0.6271253942265704,0.9177459253065792,0.11814455339517639
8465,0.6270981848143337,0.91772680226395,0.11816239571707868
8466,0.6270996180626908,0.9177222174991074,0.11817419450604824
8467,0.6270907076747512,0.9177076177324377,0.11817104814240133
8468,0.6271245284751226,0.9177125752736338,0.11816541066351881
8469,0.6271353093182076,0.9177166220107497,0.11816226763513372
8470,0.6271637117135445,0.9177222444004938,0.11816069791994233
8471,0.6271701226742593,0.9177187011036079,0.11816221082906841
8472,0.6271667769533691,0.9177050082979632,0.11815357969928805
8473,0.6271591154901636,0.9177011114399998,0.11813882014085804
8474,0.6271470042390593,0.9176838369069173,0.11815906255736984
8475,0.6271380508136891,0.9176778609560957,0.11815986553542736
8476,0.6271478184227143,0.9176647791962264,0.11815910571769864
8477,0.6271205146853404,0.9176574735483087,0.11815406257631923
8478,0.6271514336480434,0.9176682917486707,0.11815453754673406
8479,0.6271501380575727,0.9176795096267726,0.11815987574161096
8480,0.6271895731729867,0.9176757780201823,0.11816451586870906
8481,0.6271671769697452,0.9176599138883549,0.1181597135647073
8482,0.6271859116271206,0.9176586379940316,0.11817140888427799
8483,0.627192724911893,0.9176496029712781,0.1181745815095898
8484,0.6272002859797429,0.9176417131789715,0.11817274422727111
8485,0.6272219667070398,0.917652742747369,0.11817989510353126
8486,0.6272113860541324,0.9176521893474214,0.11818132748302293
8487,0.6272147054771837,0.9176579462440972,0.11819529222087058
8488,0.6272283289935946,0.9176940286892832,0.1182417144595315
8489,0.6272075507662276,0.9176850551554128,0.11824802328256236
8490,0.6272263314492015,0.9176836985569304,0.11825691953875846
8491,0.6272230953597716,0.9176818807918252,0.11824350384819218
8492,0.6271939969196054,0.9176696675624291,0.11826805123367445
8493,0.6272065927865461,0.9176743291883754,0.1182631644121947
8494,0.627217735725435,0.9176706206401163,0.11826960592557427
8495,0.6272360186143879,0.9176868844496836,0.11827221834243844
8496,0.6272206805975137,0.9176833718972393,0.11827474793871352
8497,0.627234562326168,0.9176841097638359,0.11829964168052007
8498,0.6272527384871167,0.9176839445124627,0.1182980958685693
8499,0.627223047517964,0.9176625540672709,0.11832069502967539
8500,0.6272369743785867,0.9176861542691973,0.11832651477487885
8501,0.6272447605913161,0.9176858737261684,0.11832802430798729
8502,0.6272434397102313,0.9176867230413656,0.11833669378292265
8503,0.6272542438122289,0.9176793059448475,0.11836239005527842
8504,0.6272817872365208,0.9176916459950649,0.11834490753040816
8505,0.6272683008901336,0.917667350200149,0.11836205811298904
8506,0.6272857355224939,0.917678994657377,0.11837380426742501
8507,0.6272877916937344,0.917672388445504,0.11837632179720561
8508,0.627300643036403,0.9176756166118644,0.11837257621433281
8509,0.6272820182373907,0.9176552983790708,0.11837936435063812
8510,0.6272776538525044,0.9176518281002336,0.11838207902917575
8511,0.6272457376963517,0.9176471357298457,0.11838432067023143
8512,0.6272609362999392,0.9176648291559438,0.11836534796715434
8513,0.6272373803627806,0.917652039468269,0.1183614193198227
8514,0.6272432963638944,0.9176540839736306,0.11836556847510377
8515,0.6272720756621607,0.9176524045585122,0.1183717172398631
8516,0.6272663138317631,0.9176802667086451,0.11836502102142392
8517,0.6272747001034452,0.9176856585150778,0.11836950947480938
8518,0.6272686107776507,0.9176840213735665,0.11837836701238781
8519,0.6272655858936527,0.917690781307647,0.11837933466310746
8520,0.6272860630842201,0.917674502125859,0.11840575789424336
8521,0.6272697562784969,0.9176663855932962,0.1184174478651665
8522,0.6272870369488514,0.9176750785841377,0.11840511620634496
8523,0.6273013186149786,0.9176877568232119,0.11839897139395952
8524,0.6273052360853993,0.9176899512077258,0.11840299261533956
8525,0.627294879309393,0.9176919150089283,0.11841350272991058
8526,0.627299194177665,0.9176947165961623,0.11840972482789765
8527,0.6272993725263004,0.9176855931831395,0.11843047861185238
8528,0.6272530977286126,0.9176759202132244,0.1184254655659144
8529,0.6272704767841832,0.9176776688033362,0.11842400260920065
8530,0.6273356845736764,0.9177046201493889,0.11844447106445856
8531,0.6273476838683717,0.9177120103445208,0.11844471329492139
8532,0.6273250174382418,0.9177145775053882,0.11845439142665005
8533,0.6273400750338645,0.9177222328713281,0.11846579879240338
8534,0.6273356236132125,0.9177210568964398,0.11846342958074776
8535,0.6273391677361587,0.9177262565501129,0.11847170244891563
8536,0.6273858780864208,0.9177457946427027,0.11846562091270257
8537,0.6273798101788687,0.9177372476879584,0.11847365318160225
8538,0.6273887659581869,0.9177420515069469,0.11848586519505903
8539,0.627388967581523,0.9177466208995687,0.11849149896525676
8540,0.6273446446102612,0.917723216693457,0.1185198725407013
8541,0.6273449066541773,0.9177170140023792,0.11851990610691618
8542,0.6273013294900026,0.9176810737502352,0.11862846241717581
8543,0.6273258663082507,0.9176854894206493,0.11862552452383318
8544,0.6273298603245059,0.9176785373338093,0.1186267409335793
8545,0.6273488809778668,0.9176815848765756,0.11862722939392585
8546,0.6273709227036564,0.9177103309294024,0.11863701547579907
8547,0.6273935917323259,0.9177185281661243,0.1186349512867391
8548,0.6273667667120523,0.9177306491621959,0.11864531004179615
8549,0.6273731476936223,0.9177386504031031,0.11864740063254316
8550,0.6273597464261198,0.9177257108362757,0.11866582283885742
8551,0.6273591067730803,0.9177218946824713,0.11866399573462877
8552,0.6273662069693566,0.9177197541007301,0.11867115789880316
8553,0.6273661736376004,0.9177116567834432,0.11867195914516897
8554,0.6273949273345995,0.9177195465757498,0.1186816114979096
8555,0.6273924576290246,0.9177175866176025,0.11868806329914584
8556,0.6274086454644217,0.917721787076926,0.11868666147369955
8557,0.6273961934772855,0.9177091856989555,0.11868966189843656
8558,0.6274319107133037,0.9177104001043959,0.1187314829635141
8559,0.627474398764479,0.9177098159600068,0.11873644350143342
8560,0.6274668361649687,0.917709416282267,0.1187276450331488
8561,0.6274185400117372,0.9176908043659782,0.1187551185259008
8562,0.6274077740840056,0.9176935367782187,0.11876747732343847
8563,0.6274044020778261,0.9176916114075683,0.1187743381868194
8564,0.6274158130116523,0.917692330058889,0.11877574876590351
8565,0.6274078035857227,0.9176776265297291,0.11879637449938753
8566,0.6274045617969892,0.9176843172888162,0.1187988420838759
8567,0.6275031136071613,0.9176966996126408,0.1188064275387099
8568,0.6275089234949237,0.9176917920311622,0.11881133203726754
8569,0.6275083555397579,0.9176907928368127,0.11881190671723474
8570,0.627521465395812,0.9176952815252754,0.11880888972409163
8571,0.6275445194942195,0.917701076852503,0.11880706558354573
8572,0.6275635045413216,0.9177095162017019,0.11882559278458837
8573,0.6275480018247652,0.9177110188362816,0.1188239141939098
8574,0.6275300265389148,0.9176901472035406,0.11881846252955665
8575,0.6275130331103101,0.9176728496121269,0.11881440161383398
8576,0.6275289322605075,0.9176796479767594,0.11881265689024859
8577,0.6275505272835464,0.91770182240521,0.11882077214736941
8578,0.6275494381078298,0.9177030637120367,0.11881490859735498
8579,0.6275598404589721,0.9177100772877598,0.1188179263487752
8580,0.6275384223366961,0.9176982253055516,0.11879444872484649
8581,0.6275668024051997,0.9177237508781285,0.11880209730679303
8582,0.6276150308420164,0.9177538227849962,0.11883003994002386
8583,0.6276115492176033,0.917749729931218,0.11883996160018574
8584,0.6275906504693509,0.9177324323398044,0.1188511856996318
8585,0.6275728317459751,0.9177160609246918,0.11883178344550187
8586,0.627569520469553,0.9177160762969125,0.1188482340268981
8587,0.6276045587705587,0.9177221214227276,0.11886524371709373
8588,0.6276162880848405,0.9177384582503435,0.11885869261730406
8589,0.6276241036140158,0.9177221752255003,0.11884633903863605
8590,0.6276416427442841,0.9177256493473928,0.1188599508099983
8591,0.6276426936733711,0.9177194235979838,0.11886889252582025
8592,0.6276446904395819,0.9177211760311507,0.1188654864634811
8593,0.6276440843757639,0.917724949911348,0.11886937221431496
8594,0.6276599477795082,0.917732524573129,0.11887490683123755
8595,0.6276626561077684,0.9177291157831748,0.11887682303979905
8596,0.6276478232291142,0.9177223827504806,0.11888808599735283
8597,0.6276180005873769,0.917688948170321,0.1189317568683939
8598,0.6276094369683735,0.9176826570889738,0.11894384360236933
8599,0.6276208098210443,0.9176978679014188,0.11896078597745487
8600,0.6276200211151266,0.917697752609763,0.11894402085122083
8601,0.6276220230989216,0.9176876684329425,0.11895008745751237
8602,0.6276037615398232,0.9176875646704523,0.1189494615959053
8603,0.6276456003589703,0.9176895400008204,0.11894950206361879
8604,0.6276423647036145,0.9176967687876342,0.11895457825632996
8605,0.627640232804051,0.9177000430706568,0.11895776309818351
8606,0.6276516337099886,0.9177024027065439,0.11896323327379536
8607,0.6276509036447012,0.9177099427808282,0.11898076434034453
8608,0.6276028149885299,0.9177092395017282,0.11900080075574217
8609,0.6276160561575657,0.9177147196984302,0.11898836381777436
8610,0.6276169440385736,0.9177126751930688,0.11898505546649772
8611,0.6276248108015985,0.9177109227599017,0.11898633982053701
8612,0.6275986689906,0.9176948703183699,0.11899338783380072
8613,0.6275915084492308,0.9176829722194995,0.11900095962084774
8614,0.6276003256113053,0.9176914999589677,0.11901873500282842
8615,0.6275524106935575,0.9177154037622541,0.11904008306097982
8616,0.6275573585453533,0.9177134745485485,0.11903608910721329
8617,0.6275410100657305,0.9177097121975167,0.11904761600521585
8618,0.6275467171620442,0.9177086822587256,0.11905078103406637
8619,0.6275412592377766,0.917707118135263,0.11905220380080303
8620,0.6275547517031753,0.9177170101593239,0.11906576600031936
8621,0.6275531750071217,0.9176998009581797,0.11904628132352639
8622,0.6275146406942114,0.9176705091915158,0.11903923216426217
8623,0.6275210710172362,0.9176789869712666,0.119034378226928
8624,0.6275325198285598,0.9176841251360567,0.1190421554017612
8625,0.6275082245236759,0.9176857084747952,0.11904436432075823
8626,0.6274888263460145,0.9176643641462658,0.11906404083610682
8627,0.6274745520064292,0.9176563590623035,0.11906894607465889
8628,0.6274312519492513,0.9176605902660685,0.11910368750976794
8629,0.6274340753914532,0.9176641297198992,0.1191022822783004
8630,0.6274393653050832,0.9176749786647026,0.11908221622351206
8631,0.627415603420105,0.9176632419741501,0.11912034541679305
8632,0.6273932114752607,0.9176494338768497,0.11912962664893317
8633,0.6273806318305453,0.9176459443827365,0.11915406702077116
8634,0.6274059957166868,0.917654053229189,0.11915510098786614
8635,0.6274125696699774,0.9176602136466597,0.11914918144515456
8636,0.6273924926133048,0.9176580884371393,0.11914246290990126
8637,0.6273939341225906,0.9176676038417916,0.11913259637062312
8638,0.6273998261306006,0.9176601483147215,0.11912910876312319
8639,0.6274050408100773,0.9176588455190119,0.11912935817519084
8640,0.6274265088233928,0.9176648099406679,0.11912142866302895
8641,0.627426596898644,0.9176816156210171,0.11913096741533673
8642,0.6274562424679698,0.9176833757402945,0.11914121087917204
8643,0.6274915344387013,0.9176952354086131,0.11917914047666382
8644,0.6274695662920347,0.9176845786165692,0.11917505549812567
8645,0.6274716108375663,0.9176776495880602,0.11917138110354913
8646,0.6274663329405206,0.9176703016665355,0.11917238806550746
8647,0.6274654614226045,0.9176587955592944,0.11917055478647891
8648,0.6274629987694883,0.917659875457803,0.1191692386788792
8649,0.6274758179418563,0.9176728841996237,0.11917272812147879
8650,0.6274760792134471,0.9176736028509443,0.11918072209903671
8651,0.6274670344779645,0.9176664009655169,0.11919125833795675
8652,0.6274554389385231,0.9176526620432099,0.1192084895832494
8653,0.6274628330913903,0.9176688067180663,0.11919740461285776
8654,0.6274612082130606,0.9176689104805564,0.11919569299827036
8655,0.6274632009067374,0.9176546719610748,0.11919922714250522
8656,0.627463311044571,0.9176366979919476,0.11918268962700039
8657,0.6274564198465249,0.9176315675132679,0.11918594047428563
8658,0.6274478692942449,0.9176300840939643,0.11919109770280155
8659,0.6274536325135724,0.9176304145967107,0.1191843043918175
8660,0.6274503479205339,0.9176320824826635,0.11917452512557897
8661,0.6274443381138952,0.9176352914337478,0.11916952473612827
8662,0.6274352280879167,0.9176367786961066,0.11916854613026716
8663,0.6274314762387745,0.9176326858423284,0.11917322507623322
8664,0.6274321403578202,0.9176384465820594,0.11917285303669682
8665,0.6274355748238819,0.9176385772459358,0.1191723898564264
8666,0.627426943196764,0.9176367056780579,0.11918461172258171
8667,0.6274409606560566,0.9176387117528675,0.11918419859023181
8668,0.6274244554096271,0.9176398147097072,0.1191998383404924
8669,0.6274253612581159,0.9176434617690833,0.1191942155265715
8670,0.6274375663961652,0.9176517051224674,0.11919348781671654
8671,0.6274328873590317,0.9176415709859295,0.1192002514829172
8672,0.6274354285575592,0.9176502447614949,0.11920091381868579
8673,0.6274130598176245,0.9176362521975454,0.1192007708732871
8674,0.6274304337702888,0.9176285968316055,0.1192156022545476
8675,0.6274357786631141,0.9176339386783205,0.11922048730814504
8676,0.6274640392239702,0.917642328067802,0.11922788600556015
8677,0.6274177307936132,0.917631467593833,0.11923604436830833
8678,0.627416583902085,0.9176414672234393,0.11922939139270028
8679,0.627422305454668,0.9176653172239531,0.1192500739388289
8680,0.6274082003263808,0.9176604057994193,0.11926015697028833
8681,0.6274177257375345,0.9176629691172316,0.11925108403587836
8682,0.6274122396349839,0.9176363405878148,0.11929396031231666
8683,0.6274190708303915,0.9176475085061991,0.11932136129916301
8684,0.6274182139275543,0.9176489458088405,0.119318149522699
8685,0.6274101375732339,0.9176543645166595,0.11932176937985114
8686,0.6273872005056149,0.9176415056539912,0.11933036707530675
8687,0.6274125441766074,0.9176526543570995,0.11933116001948114
8688,0.6273741302562144,0.9176212911836878,0.11938002221683676
8689,0.6274128307711007,0.9176407831596153,0.1193698507329611
8690,0.627422487922871,0.9176484462116656,0.11938200824832641
8691,0.6274155484213134,0.9176539955833611,0.11939690221292039
8692,0.6274223796449933,0.917649983433742,0.1194054435947153
8693,0.6274157379857731,0.9176454793730584,0.11939231875329612
8694,0.6274122410501753,0.9176354336267898,0.11939873567473627
8695,0.6274121898341464,0.9176353606087412,0.11939579422096844
8696,0.6274075146162076,0.9176342422796807,0.11939671473192284
8697,0.6274157862856854,0.9176326935284388,0.11939243802014074
8698,0.6274266151837499,0.9176377817335113,0.11938632190311325
8699,0.6274270647394633,0.917635176142092,0.11938548248260655
8700,0.6274186723423908,0.9176347418768555,0.11939389220988168
8701,0.6274421760546748,0.9176577464052273,0.11938322617942465
8702,0.627450895424715,0.9176720271983162,0.11938995637113008
8703,0.6274583129079397,0.9176800783989408,0.11939001249658807
8704,0.62742951266899,0.9176577579343929,0.1193994383254713
8705,0.6274223319291234,0.9176596026008844,0.1194030566512283
8706,0.6274423218777819,0.9176452142022503,0.11940893214733524
8707,0.6274372731158936,0.9176314599077225,0.11941240443415997
8708,0.6274403998675904,0.9176321209132153,0.11940363496184886
8709,0.6274407234386535,0.9176232703571111,0.11940085999923039
8710,0.6274412114497315,0.9176248460097393,0.11940303109902062
8711,0.6274674642289717,0.9176377586751802,0.11940900983284031
8712,0.6274492008698686,0.9176212489100807,0.11941561253326383
8713,0.627505459135536,0.9176144774468347,0.1194561192421382
8714,0.6275162221520897,0.9176266484026238,0.11945285667031487
8715,0.6275127143232943,0.9176294653620786,0.11946045406716965
8716,0.6274907304462026,0.9176118449540289,0.11947355555816427
8717,0.6275248968188541,0.9176138394996729,0.11947546812716453
8718,0.6275244469991734,0.9176135820149752,0.11947797448965243
8719,0.6275196449560939,0.9176069143142193,0.11947681463547538
8720,0.6275172050100156,0.9176006309189824,0.11948046976699235
8721,0.6275452741803476,0.9176039090450601,0.11948306177128788
8722,0.6275484836033036,0.9175984173191924,0.11947711081319615
8723,0.6275736778352867,0.9176051272935555,0.11946717916395914
8724,0.6275720882492104,0.9176273286233925,0.11943737420176545
8725,0.6275700232903689,0.9176133399024982,0.11944656749973213
8726,0.6275956381107369,0.9176237661112306,0.11946407630847485
8727,0.6275935576262298,0.9176208953490032,0.11945741230702595
8728,0.6275946221954447,0.9176126174081223,0.11946605317542568
8729,0.627567994286739,0.917581019808344,0.11945376280895581
8730,0.6275418883812202,0.9175746787672792,0.11945891865248393
8731,0.6275379347280788,0.917578141360006,0.11945203916984008
8732,0.6275208977925409,0.917572276857785,0.11943701537829264
8733,0.6275312887784529,0.9175706128148874,0.11943909075431862
8734,0.6275273103446047,0.9175634186155702,0.11944310037754254
8735,0.6275335215454864,0.9175615432046372,0.11944513503019032
8736,0.6275086560144516,0.9175628575295124,0.11944821182451099
8737,0.6275408621504776,0.9175762736351833,0.11944396768162958
8738,0.6275368151861828,0.9175758931727195,0.11944263637983756
8739,0.6275134183493781,0.9175616085365754,0.11938613862277775
8740,0.6275034487285531,0.9175592412145779,0.11939614609265474
8741,0.6275102288587364,0.9175514398125407,0.1193996653574806
8742,0.6275062329760489,0.9175537725470415,0.11940138136689404
8743,0.6274836979732786,0.9175404640469159,0.11940331593714867
8744,0.627474273561594,0.917545844324183,0.11940104391482821
8745,0.6274452103987057,0.9175175824963101,0.11942385029141232
8746,0.6274374953264751,0.9175149653757253,0.11942613070989132
8747,0.6274587516219361,0.9175372512527764,0.1194202037839556
8748,0.6274469306210816,0.9175524697513318,0.11940736586323761
8749,0.6274514007693296,0.9175474238198663,0.11940982476262428
8750,0.6274993355535972,0.9175566740537104,0.11944272370015298
8751,0.6274953628855994,0.9175498372585261,0.11944637211359374
8752,0.627519405998252,0.9175546487636249,0.11944114834784403
8753,0.6275274799768608,0.9175559169718379,0.11944753540882669
8754,0.6275283576544425,0.9175510747222976,0.11944118542600048
8755,0.6275486033861138,0.9175635761808331,0.11945533870646051
8756,0.6275390867146277,0.917559202784026,0.11946331993660898
8757,0.6275271005485976,0.9175531922457076,0.11945936010568518
8758,0.6275275540969374,0.9175419359370539,0.1194427225050581
8759,0.6275266295167699,0.9175641526391117,0.11945672836784958
8760,0.6275143023130447,0.9175853701468198,0.11947054291110118
8761,0.6274970784437514,0.9175802780986921,0.11946807339904322
8762,0.6274840649697817,0.9175566509953793,0.11946460012564056
8763,0.6274744775753517,0.9175464592130135,0.11947151402495776
8764,0.6274688107371083,0.9175399875080722,0.1194588040056224
8765,0.6274869101457909,0.9175353412543467,0.11946476757492192
8766,0.6274876231166439,0.9175374395624808,0.11946164185440239
8767,0.627497595097897,0.9175254261719544,0.1194637031542615
8768,0.6275188854561233,0.9175329585601284,0.11946064634474468
8769,0.6274938397168394,0.9175256490691556,0.11945931191608107
8770,0.6274659704138005,0.9174987476828202,0.11945154059654543
8771,0.6274952254412147,0.9175124673898513,0.11944916558810896
8772,0.6274984706610475,0.9175194348489121,0.11943025705210567
8773,0.6275127745631364,0.9175348262849511,0.11943448447460511
8774,0.6275290674298827,0.9175508402959309,0.11942549263349893
8775,0.6275439112089993,0.9175614394421471,0.11943568223180796
8776,0.6275540777486199,0.9175705090523972,0.11944112081591222
8777,0.6275534817940609,0.9175709125731922,0.11944971744632069
8778,0.6275494360483976,0.9175732529938034,0.11947951991093274
8779,0.627519851859298,0.9175688834400515,0.11948040697878277
8780,0.6275196059547541,0.9175602135075411,0.11948506650046598
8781,0.6275430115831534,0.9175634493600118,0.11950544240223017
8782,0.6275457478718561,0.9175556671732505,0.11953206661058863
8783,0.6275419249272676,0.9175447874840055,0.11953335558034724
8784,0.6275967848694048,0.9175971222095932,0.11949598342997984
8785,0.6275789106203139,0.9175976487081543,0.11950113813228203
8786,0.6275863054188989,0.9175984403775236,0.11949459634006954
8787,0.6275657871210049,0.917592203098949,0.1195168708476941
8788,0.6275721873373944,0.9175883638868134,0.11951990483055583
8789,0.6275756937503343,0.9175942014876483,0.11951776240710554
8790,0.6275964315196152,0.9175800206139944,0.11951909267541012
8791,0.6275555644645412,0.9175427160772577,0.11955816242374752
8792,0.6275370350903395,0.9175349569488276,0.11956999848648148
8793,0.6275610710737886,0.9175434116702472,0.11957063455501787
8794,0.6275490024759228,0.9175348224418959,0.11958269437094488
8795,0.6276000470899826,0.9175410136038081,0.1195880148561384
8796,0.6275833826664782,0.9175437229577177,0.11959010194794352
8797,0.6275781164471059,0.9175378815138278,0.11959124851420812
8798,0.6275720797146698,0.9175410366621393,0.11959138056736211
8799,0.6275902753863069,0.9175495451863317,0.11959838787668994
8800,0.6275959001990676,0.9175594487395582,0.11962096782741956
8801,0.6275560638586374,0.9175358754390182,0.11964550349876067
8802,0.6275700720119164,0.917535168316863,0.11964053593724312
8803,0.6275650044355923,0.9175266367343395,0.11964963471376161
8804,0.6275448908586909,0.9175192964989253,0.11964236317384828
8805,0.6275470022555412,0.9175214639820528,0.11964785446892667
8806,0.6275322692805406,0.9175243578026114,0.1196542305997006
8807,0.627516633704151,0.9175291270341032,0.11965352183134316
8808,0.6275174963219468,0.9175411173662983,0.11965813343639169
8809,0.6275429141533747,0.9175490801766536,0.1196511011323927
8810,0.6275517763641654,0.9175515743194723,0.11966573640073114
8811,0.6275557729946996,0.9175409867024218,0.1196640668648396
8812,0.6275718396011778,0.9175423932606217,0.11966626124251603
8813,0.6275464113255387,0.9175227898360936,0.11969828839041595
8814,0.6275627133769759,0.9175306450409035,0.119687686039787
8815,0.6275445478033672,0.917514073786921,0.11968420599308525
8816,0.6275256001866699,0.9174991819480568,0.11969449136735993
8817,0.6275218009206696,0.9175008728923407,0.1197030320427859
8818,0.6275443187995192,0.917515422699293,0.11972712631151465
8819,0.6275451426630774,0.9175357486181969,0.11973911506360756
8820,0.6275061258856623,0.9175105458622559,0.11978418533882744
8821,0.627528063565827,0.9175326242143268,0.11979938121910765
8822,0.6275650275591601,0.9175668965805179,0.11981817878180145
8823,0.627553468744905,0.9175563204926329,0.1198335690974158
8824,0.6275849052457488,0.9175650788154127,0.11983939305021543
8825,0.6275978912785048,0.9175738870979099,0.11983302643248162
8826,0.6276049572769477,0.9175729993521609,0.11983463390064543
8827,0.6276028299560337,0.9175638413516413,0.11984208446970018
8828,0.6275685083298419,0.9175585071910365,0.11984174718961409
8829,0.6275809812918571,0.9175499410210163,0.11984853282946538
8830,0.6275671550173142,0.9175572159244924,0.11984747447245327
8831,0.6275596273633511,0.9175591297659774,0.11984884008903135
8832,0.6275640778160935,0.9175750899741846,0.11986067929201377
8833,0.6275867066831589,0.9175988054677667,0.1199015148561106
8834,0.6275807778147576,0.9175993588677142,0.11990042293022453
8835,0.6275846047011243,0.917601449489738,0.11989541251641643
8836,0.6275694023203097,0.9175989707191399,0.11990281601668215
8837,0.6275636312765014,0.9175955234986338,0.11990034804308898
8838,0.6275725261233931,0.9175905236838307,0.11989857372448423
8839,0.6275694176215133,0.9175842210733178,0.11990543476831036
8840,0.6275933222438425,0.9175836907317015,0.11990043005845068
8841,0.6275899395063492,0.9175765003754396,0.11990698250802781
8842,0.6275849147588188,0.9175695175441579,0.11991505873646018
8843,0.6275367013840354,0.9175455022922709,0.11992353388103426
8844,0.6275487409128806,0.9175547256247287,0.1199153696798431
8845,0.6275503025736636,0.9175545795886315,0.1199099626011729
8846,0.6275608953366923,0.9175553251413385,0.11991333794594895
8847,0.6275779725608838,0.9175472316671068,0.1199109199893188
8848,0.6275811673155505,0.9175477850670543,0.11990352972852229
8849,0.6275599643884725,0.9175336387808971,0.11990730379252071
8850,0.6275588939541644,0.9175352797654636,0.11990310252799094
8851,0.6275496720172327,0.9175248689289518,0.11989413712172296
8852,0.6275653501212266,0.9175332467892676,0.11989431144722816
8853,0.6275699417722935,0.9175286581813699,0.11989901437099684
8854,0.6275791260406623,0.9174973757121172,0.11997197684218447
8855,0.6275429637682931,0.917491065415494,0.12003245238512436
8856,0.627507173963605,0.9175079940736092,0.12005133909443101
8857,0.6275064148351824,0.9175012917853566,0.12005336601964099
8858,0.6275064148351824,0.9175012917853566,0.12004485001478608
8859,0.6275063633233857,0.917501038143714,0.12004776619291037
8860,0.6275152170409618,0.9174843823425173,0.12005598841835331
8861,0.6275054749910609,0.9174873414950141,0.12006943160368709
8862,0.6275095896052426,0.9174928447500472,0.12008679583384743
8863,0.6275011661160373,0.9174928409069921,0.12009385274545328
8864,0.6275063332325258,0.9174901584544689,0.12008843389585863
8865,0.6275116672870749,0.9174984133370186,0.1200939587382627
8866,0.6275327687731159,0.9175023025088717,0.12009895360052969
8867,0.6275421391858069,0.9175021257283329,0.12010042145785563
8868,0.6275240370896181,0.9174854468688051,0.12011186450743447
8869,0.6275201012947401,0.9174841825036473,0.12011634350654225
8870,0.6275287284854496,0.917492437386197,0.12012003588810463
8871,0.6275246791599406,0.9174980674620515,0.12012247990843049
8872,0.6275150786910306,0.9174930100014205,0.12012790508155324
8873,0.627536807108273,0.9174917994390354,0.1201363575193957
8874,0.6275374017786364,0.9174841671314266,0.12013379007899681
8875,0.6275313690787669,0.9174736102588176,0.12013650268894248
8876,0.6275329971300719,0.9174832332690152,0.12016337723367339
8877,0.6275224429899177,0.9174845975536079,0.12016231779034799
8878,0.6275319390074168,0.9174851701688314,0.12015815111126667
8879,0.6275183318648568,0.9174690677675821,0.12016660959009984
8880,0.6275151593679786,0.917454702427279,0.12018860257677647
8881,0.627499669957812,0.9174587799088364,0.12020714083862725
8882,0.6274976511061414,0.9174490070194864,0.12020522921991263
8883,0.6274613888709403,0.9174376623205632,0.12021323899431925
8884,0.6274266229050361,0.9174276895923432,0.12020017770522258
8885,0.6274251716130148,0.9174220095567713,0.1202087949214033
8886,0.6274047100469772,0.9174162603462059,0.12020713941167217
8887,0.6274121520033534,0.9174194347097935,0.12022173430412837
8888,0.6273762716794378,0.9174005576226966,0.12018033399625792
8889,0.6273865703681277,0.9174062453443789,0.12017879286538982
8890,0.6273846781132243,0.9173926486151139,0.12017018808718946
8891,0.627376979347369,0.9173863037309941,0.12017413980700319
8892,0.6273944285458417,0.9173939398816581,0.12016127916266874
8893,0.6273900014443656,0.9173950735829393,0.12017229766621118
8894,0.627381464591681,0.9173858886810334,0.12018519584641182
8895,0.6273815514177472,0.9173858041338192,0.12017773294022477
8896,0.6273853515527078,0.917386764897617,0.12017888895730065
8897,0.6274014924235356,0.917397002796645,0.12018060369211786
8898,0.6273999446928212,0.9173932904053308,0.12018497799631998
8899,0.6274111941657396,0.9173865919601333,0.12019431789524776
8900,0.6274328846371611,0.9173823915008098,0.12018958102858396
8901,0.6273975738894332,0.9173537953271355,0.12019296033099812
8902,0.6273702615724136,0.9173340535526205,0.12020907618318495
8903,0.6273713800631256,0.9173346453831199,0.12022038672867284
8904,0.6273925356866598,0.9173342341762145,0.12021992220398431
8905,0.6274267362968501,0.9173425889781992,0.12022354161376507
8906,0.6274168914323608,0.9173401909117601,0.12023291993571111
8907,0.6274230103859868,0.9173424967448746,0.12024922108609125
8908,0.6274438842278627,0.9173427926601243,0.12025392106881355
8909,0.6274330253231476,0.9173438456572466,0.1202587157058444
8910,0.6274389957700324,0.9173480499596253,0.12025300390841921
8911,0.6274419101362874,0.9173474888735674,0.12024917559181487
8912,0.6274445212058815,0.9173362671524103,0.12025188907395855
8913,0.6274356482682443,0.9173440454961165,0.1202508752045266
8914,0.6274216440542296,0.9173623269096589,0.12028294637151613
8915,0.6274299502178448,0.917362872623496,0.12027748998685729
8916,0.6274429361502474,0.9173660123995868,0.12027007443866797
8917,0.6274614266226216,0.9173715848296135,0.12027042822442338
8918,0.6274554764657789,0.9173601478973658,0.12026269337328087
8919,0.6274341282339649,0.917345847889001,0.12024934485833252
8920,0.6274452586178662,0.9173508746051905,0.12025042054647227
8921,0.6274217730204299,0.9173384307924828,0.12026430254988192
8922,0.6274160077113845,0.9173358098288427,0.12024672846220222
8923,0.627420622094734,0.917337911980032,0.1202474624401987
8924,0.6274191227681959,0.9173342495484352,0.12028068675529356
8925,0.627408572232886,0.9173423545518326,0.12028320227545872
8926,0.6274241524535346,0.9173489991942574,0.12027896346210792
8927,0.627405198666166,0.9173517047051116,0.12026956440885314
8928,0.6274244805415115,0.917359752062681,0.1202742281643998
8929,0.6274338234728689,0.9173455327584753,0.12027153670293256
8930,0.6274162826000663,0.9173301374793812,0.1202827577971222
8931,0.6274118415782578,0.9173278854490393,0.12027864634074156
8932,0.6274073824498276,0.9173271206810564,0.12028086204083457
8933,0.6273861419128306,0.9172982170629668,0.12031198523905257
8934,0.6273690735317448,0.9172913495233409,0.12032018737367291
8935,0.6273810787339902,0.917301587422369,0.12032251671075869
8936,0.627381283793586,0.9173378773925354,0.12031461996079129
8937,0.6273772815195924,0.9173256987506359,0.12032134888259918
8938,0.6273829769938671,0.9173235927563913,0.12030762081145376
8939,0.6273957947273647,0.91733112130151,0.12029740612178047
8940,0.627393767830798,0.9173225128578827,0.1203006673557457
8941,0.6274019985975532,0.9173131703907139,0.12030892932005317
8942,0.6274114794399964,0.9173164408306813,0.12030597128254929
8943,0.6274115865273007,0.9173202569844857,0.12030777965362971
8944,0.6274117320192734,0.9173219248704385,0.12031845094848033
8945,0.6274062352936383,0.9173255757728698,0.12032705333535011
8946,0.6274159871455767,0.9173377736300452,0.1203306762838831
8947,0.6274160182585907,0.9173358290441187,0.12033802959880802
8948,0.6274075773682828,0.9173426005073647,0.12031662498679353
8949,0.6273916708860312,0.9173291575003075,0.12033878369561857
8950,0.6273414466783052,0.9172947083535776,0.12036464316158195
8951,0.6273657365962775,0.9173046618665216,0.12035323487694854
8952,0.6273581390148241,0.9173070560899055,0.12034783854147213
8953,0.6273662227051168,0.9173266172408264,0.12034263829381461
8954,0.6273666421181358,0.9173135354809571,0.12030027928741707
8955,0.6273747988940651,0.9173204875677972,0.12030257134656687
8956,0.6274006272773175,0.9173182854971729,0.12031852582139672
8957,0.627393679970781,0.9173249531979288,0.12033694228300534
8958,0.6274196910223078,0.9173339382609648,0.12035101037561381
8959,0.6274390759309615,0.9173343494678702,0.12036775721907043
8960,0.627442959670099,0.9173289538183824,0.12037730903288424
8961,0.6274250971942146,0.9173220593773702,0.12039514089608888
8962,0.6274202050266284,0.9173132472518177,0.12040689981931833
8963,0.6274433541077895,0.9173336000721081,0.12042150311489415
8964,0.6274896494343566,0.9173313134542695,0.12042355377748269
8965,0.6274689228389072,0.9173151879946891,0.12043820858232145
8966,0.6274770643692753,0.9173205298414042,0.12043179467098483
8967,0.6274786828434109,0.9173126438921528,0.12044617826443706
8968,0.6274830302866196,0.9173150573308126,0.12045868360729996
8969,0.627468760911824,0.9173054612220013,0.1204163160165671
8970,0.6274813107236695,0.9173073981218175,0.12041777309207743
8971,0.6274734814008168,0.9172895432874012,0.12040252996596029
8972,0.6274858444993037,0.9172928329426445,0.12040209010898757
8973,0.6274935336833077,0.9172898161443197,0.12040594867060705
8974,0.6274913609637219,0.9172920182149441,0.12040859723589693
8975,0.6274929598776875,0.9173175975902937,0.1204050997268806
8976,0.6275013227211744,0.9173144309128165,0.12040469696597063
8977,0.6275029496941043,0.9173062067747083,0.12040989276234966
8978,0.627520416638719,0.9173042929332234,0.12041476607030616
8979,0.6275260127673693,0.9173141004100701,0.12041200859121867
8980,0.6275254056354026,0.9173185199235395,0.12041210115986524
8981,0.6275335011348174,0.917316556122337,0.12040895138314121
8982,0.6275278420431317,0.9173318092083891,0.12039456968999702
8983,0.6275327509874681,0.917341920286596,0.12040595194304181
8984,0.6275462186391395,0.9173428387767866,0.12039974210850136
8985,0.6275555257125129,0.9173422584754528,0.12039838219054755
8986,0.6275113382283215,0.9173347145581133,0.12037425905824689
8987,0.6275299308197867,0.9173360404121541,0.12038190622538361
8988,0.627573442935717,0.9173350373747493,0.12038939265530474
8989,0.6275946604603138,0.9173347453025549,0.12039261543539234
8990,0.627576482061764,0.9173372317592633,0.12039330571891137
8991,0.6275809634725977,0.9173347030289477,0.1203931591928963
8992,0.6275669377128423,0.9173259600783888,0.12039483309064783
8993,0.6275627958409479,0.9173331120040988,0.1204043855187256
8994,0.627501376866476,0.9172917107705288,0.12044924128785055
8995,0.6274942547803163,0.9172791478231103,0.12043898945443941
8996,0.627488029895633,0.9172791862536621,0.12044351396956288
8997,0.6274899294009751,0.9172742287124661,0.12044439326385174
8998,0.6275048572155063,0.9172837594893392,0.120444238745401
8999,0.6275104128378329,0.9172835673365796,0.12044179732448282
9000,0.6275216147216711,0.9172898853193132,0.12046342680857076
9001,0.6275175903509603,0.9172914302274999,0.12047468257446087
9002,0.6275102293255514,0.9172920143718889,0.1204768774659082
9003,0.6275163706400441,0.9172937937064422,0.12048574746916434
9004,0.6275155611644689,0.917299027947612,0.12049451976911872
9005,0.6275261865029057,0.9173019794139985,0.12049940595080937
9006,0.6275240689147535,0.9172975214699772,0.1205014934995135
9007,0.6275111880144403,0.9172972409269483,0.12050294811157757
9008,0.6275410923188165,0.917308193634242,0.1204990713109463
9009,0.6275460205024453,0.917317201755609,0.1205138130879503
9010,0.6275448726242597,0.9173149189808257,0.12052356433499009
9011,0.6275553855459007,0.9173025597153323,0.12052701614190363
9012,0.6275468113387777,0.9173007496363375,0.12052495953714201
9013,0.6275489317452743,0.9173075941176322,0.12053202100059458
9014,0.6275635001529121,0.9173071713815611,0.12054314357346468
9015,0.6275736285133954,0.9173105417409635,0.12054265200445105
9016,0.6275812108660059,0.9173191847720875,0.12054622012291755
9017,0.6275593466789798,0.9173040930943535,0.12056144783985084
9018,0.627547637307043,0.9172913341511201,0.12057018995835088
9019,0.6275240790824155,0.9172986397990377,0.12058031409228741
9020,0.6275190736052606,0.917303762591607,0.1205879476213064
9021,0.6275141968601339,0.9172951695202005,0.12060433100084818
9022,0.6274966819406177,0.9172870337723616,0.12060962292888348
9023,0.6274825728248206,0.9172680144922226,0.12064593497417184
9024,0.6275073563057495,0.9172801777619013,0.12066831126024487
9025,0.6275091125060162,0.9172822722269803,0.12066281405168074
9026,0.6275192869949932,0.9172758466387013,0.12066129191391174
9027,0.6275041172730821,0.9172571155877016,0.12067334325960848
9028,0.6275305170782902,0.9172772993135635,0.12067324323414326
9029,0.6275171533002739,0.9172724455348575,0.12067488086833651
9030,0.6275501357664898,0.9172665848756917,0.12068256254036624
9031,0.6275568670297386,0.9172644904106126,0.12066917355279781
9032,0.627530967198123,0.9172592023666702,0.12068001589761794
9033,0.6275290404947752,0.9172662966465523,0.12068852262673781
9034,0.6275583965744296,0.9172744631388327,0.12070134090938141
9035,0.6275712980782339,0.917288309666685,0.12070577633735485
9036,0.6275849379913401,0.9172926369468297,0.12070968592771045
9037,0.6276757046369725,0.9173288808003338,0.12074735629913341
9038,0.6276568615308465,0.9173302950446439,0.12076032558967295
9039,0.6276808728253822,0.9173398411937378,0.12075035982779342
9040,0.6276818799322466,0.9173180933444133,0.12074301377069753
9041,0.6276459065302225,0.9173002654113834,0.12077969924104656
9042,0.6276489985044327,0.9173166291403857,0.12080204541572198
9043,0.6276325761692555,0.9173162563640321,0.12081307707789976
9044,0.6276319452410631,0.9173049155081642,0.1208184477849891
9045,0.6276347772049915,0.9173153686182831,0.1208158409815508
9046,0.6275885347196472,0.9172765307025254,0.12079509609654442
9047,0.6275949296178055,0.9172753393554162,0.12079574945386327
9048,0.6275810338950008,0.9172704317739376,0.1207975259073715
9049,0.6275763602072137,0.9172748205429654,0.12079798255802085
9050,0.6275823876932711,0.9172717999015855,0.1207974894206405
9051,0.6275497609694618,0.9172597442374522,0.12087703484473998
9052,0.6275515192199563,0.9172602745790684,0.12087362537514924
9053,0.6275463938470088,0.9172522195353886,0.12088271711640806
9054,0.627559220426346,0.9172579111001261,0.12088197045556302
9055,0.627555288256349,0.917256074119745,0.12088452033783678
9056,0.6275666260095843,0.9172606473554219,0.12089627938877169
9057,0.6275582848201261,0.9172456402249021,0.12090468332820763
9058,0.6275420464471623,0.9172314017054203,0.12091587075819088
9059,0.6275445568651709,0.9172349949620237,0.12090379308617283
9060,0.6275533041139064,0.9172302526319183,0.12091070514425534
9061,0.6275881300127766,0.917249145091236,0.1209096605070463
9062,0.6275767863377546,0.9172479345288509,0.12089933985502035
9063,0.6275661683935689,0.9172353062494941,0.12091919411780688
9064,0.6275597424611558,0.9172278430363137,0.12088833599947636
9065,0.6275516710741228,0.9172172246748216,0.12090145017409314
9066,0.6275518386042853,0.9172255218309785,0.12090353010347957
9067,0.6275454653976325,0.9172219977493685,0.1209003658489743
9068,0.6275399913993106,0.9172210754161227,0.12089666763419737
9069,0.6275342515635609,0.9172220092785341,0.12090184330514833
9070,0.6275346852961389,0.9172298337389024,0.12089327045322516
9071,0.6275408695528589,0.9172372316201447,0.12089804484230467
9072,0.6275597494039235,0.9172309674401837,0.12090563213321
9073,0.6275263733757339,0.917217009463731,0.1209160567452569
9074,0.6275177810572073,0.9172096692283166,0.12091949142763653
9075,0.6275143693240776,0.9172061605189274,0.12093007252032599
9076,0.6274992177269648,0.9172055110426002,0.12093908344186247
9077,0.6274942535634519,0.9171895393052274,0.12095553039622493
9078,0.6274836488264365,0.9172041198566211,0.12095594827988333
9079,0.6274578849443779,0.9171916798869687,0.12096410340924965
9080,0.6274609306506916,0.9171888936719553,0.12095596843666613
9081,0.6274789982976315,0.9171921026230396,0.12094361734365644
9082,0.6274936103037136,0.9171980516724749,0.12094544750293577
9083,0.6275469550798788,0.9172201031231595,0.12093078953276667
9084,0.6275499060150029,0.9172179663844734,0.12092895975270274
9085,0.6275764497059324,0.9172336614218725,0.12093532900882095
9086,0.6275775930625676,0.9172378349798096,0.1209357832425521
9087,0.627584407070483,0.9172386996672276,0.12093614991939358
9088,0.6276125959560303,0.9172299106000062,0.12094585504757245
9089,0.6276058787532004,0.9172250837226867,0.12095199325965539
9090,0.6276492508104373,0.9172287807417802,0.12096209234317341
9091,0.627639145695457,0.917226982191951,0.12096882421076378
9092,0.6276100779690063,0.9172134815390658,0.12097087922144147
9093,0.6275539076092105,0.9171876062484665,0.12096062986710573
9094,0.6275681726874751,0.9171915914966993,0.12097031143985351
9095,0.6275471482056753,0.917171238676409,0.12096721509371126
9096,0.6275615383667414,0.9171792053298194,0.12096364865367203
9097,0.6275663201664295,0.9172044349871468,0.12097544267299515
9098,0.6275693289487325,0.9172029361956224,0.12097726481513024
9099,0.6275676626998006,0.9171995812084409,0.12097104337252078
9100,0.6275516845712479,0.9171958918754577,0.1209712779646559
9101,0.6275260123452449,0.9171929749965679,0.12098356545928488
9102,0.6275355429695724,0.9172033973622453,0.12098328663079398
9103,0.6275361150262234,0.9172043504399325,0.1209768082560461
9104,0.627534913046736,0.9171918220800107,0.12098331872817789
9105,0.6274969943415964,0.9171628915605348,0.12096647374715683
9106,0.6274757860431202,0.9171445870886612,0.12097719510883115
9107,0.6274856303386206,0.9171430229651986,0.12098055625246204
9108,0.627506606991859,0.9171425348971893,0.12099664610562552
9109,0.6275181859111186,0.9171412090431486,0.12100509233829067
9110,0.6274948060787058,0.9171322893120508,0.12102096950103475
9111,0.6274644864109259,0.9171244072058545,0.12103297069629225
9112,0.6275073143866827,0.917163460332703,0.12104406678344927
9113,0.6275095728072095,0.9171729718943001,0.12106233508575513
9114,0.6275147496923013,0.91717216485271,0.12106747938699258
9115,0.6275216985536575,0.9171654279769607,0.12106360621163226
9116,0.6275351076791098,0.9171559356306395,0.12107959795790865
9117,0.6275531139527876,0.9171615080606661,0.12107636437350125
9118,0.627555851790425,0.9171481457577678,0.12108000579863958
9119,0.6275569321333926,0.9171602936552258,0.12109151083726707
9120,0.6275647076672463,0.9171596826094505,0.1210915519896106
9121,0.6275740454652636,0.9171690750363367,0.12108850923889193
9122,0.6275728927386848,0.9171689290002394,0.12108669312324095
9123,0.6275764654314031,0.9171659967491289,0.12108053476711425
9124,0.6275756002943604,0.917172203283262,0.12108140268572994
9125,0.6275677190418765,0.9171464202259871,0.12108973711085785
9126,0.6275651578420907,0.9171586103970523,0.12110254393271096
9127,0.6275669250471427,0.9171723992790767,0.12109823241709299
9128,0.6276097591548828,0.9171805119685843,0.12110530983014983
9129,0.627613404755601,0.917178732634031,0.12110242923466334
9130,0.6276088522711151,0.9171700319570791,0.12111110577924819
9131,0.6276073711572071,0.9171777026952399,0.1211153781763183
9132,0.6276092385356821,0.9171830137975135,0.12110539154230612
9133,0.6275978990322258,0.9171817571184662,0.12111371016038475
9134,0.6276250239151439,0.9171883402720079,0.1211293770672
9135,0.6276225009170096,0.9171940010923039,0.12114338619650823
9136,0.6276351386045377,0.9172008186722123,0.12114266491931329
9137,0.6276374009057418,0.9172036164163911,0.12113826896788613
9138,0.6276214523596076,0.917205507199545,0.12114479441882196
9139,0.6276093159522814,0.9171973407072647,0.12117585448694207
9140,0.6276239843029414,0.917200810986102,0.12118173802966847
9141,0.627625442343623,0.9172043235385463,0.1211849087643012
9142,0.6275997175409325,0.917191848981397,0.12118545774989266
9143,0.6276130272407141,0.9171897276149318,0.12118289158175867
9144,0.6276155643017056,0.9171948196630595,0.12118859125976245
9145,0.6276299633700985,0.9171887514789133,0.12119424800778363
9146,0.6276326632002285,0.9171843665529407,0.1212013873906619
9147,0.6276290106926821,0.9171861420444388,0.12120186555693464
9148,0.6276352090032303,0.9171912340925665,0.12119826010532483
9149,0.627622896367704,0.9171841782432363,0.12119866190984074
9150,0.6276167705361508,0.9171682218780843,0.12119910641534802
9151,0.6276145680689547,0.9171669152393195,0.12119710064112148
9152,0.627627651065442,0.9171577341804688,0.12123112040770112
9153,0.6276384856458351,0.9171917029452998,0.12126694366073065
9154,0.6276388872622284,0.9171839322877041,0.12127743169697694
9155,0.6276221672920556,0.9171863380402535,0.12128354847416659
9156,0.6276243646753403,0.9171923793230133,0.12129740597581519
9157,0.6276423161738715,0.9171869875165808,0.12133729725041706
9158,0.6276789482743835,0.9172081704367921,0.12136270748166397
9159,0.6276654060085617,0.917212720614138,0.12136633452018282
9160,0.6276649898702759,0.9172046271399064,0.12137461472565206
9161,0.6276693486970581,0.9172096961297029,0.12137237234875288
9162,0.627662736823072,0.9171949964435983,0.12138549962661288
9163,0.6276585876069395,0.9171876024054113,0.12139872932786404
9164,0.6276782500270011,0.9171907344953918,0.12139180653858923
9165,0.6276841771796201,0.9171966374281647,0.1213932858824375
9166,0.627678099440495,0.9171896545968832,0.12142761199469368
9167,0.6276743384656147,0.9171793014061993,0.12144007570410711
9168,0.6276555082374222,0.9171614196703967,0.12144478889309403
9169,0.6276380161105328,0.9171588563525844,0.1214159144830763
9170,0.6276402729503463,0.9171552246654292,0.12140484390984924
9171,0.6276321986301223,0.9171469006078861,0.12141471069187491
9172,0.6276421111207682,0.9171422159236085,0.12141394409831088
9173,0.6276296198884022,0.9171453595427546,0.12141651301497398
9174,0.6276415602556185,0.9171379808767883,0.12143709339577514
9175,0.6276861346625671,0.9171574613235502,0.12144939819112958
9176,0.6276773145287593,0.9171685639099963,0.12145137735408935
9177,0.6276993606419072,0.9171712233041883,0.12145219910867978
9178,0.6277029452024491,0.9171702740695562,0.12144921045399061
9179,0.6277294284415116,0.9171815611226514,0.12144812004964424
9180,0.6277455151041045,0.9171828485461403,0.12145487198352962
9181,0.6277346765853246,0.9171736790164552,0.12146509155897652
9182,0.6277494247362749,0.917176757303663,0.1214686039897551
9183,0.6277521493818903,0.917172003444392,0.12147236754741146
9184,0.627774393322948,0.9171740594789191,0.12146315029327787
9185,0.6277372311213237,0.9171679259628346,0.12145062687994668
9186,0.6277308432300495,0.9171613504954033,0.12145232644569397
9187,0.627679878333048,0.9171423734888713,0.12147654170960881
9188,0.6277014429939363,0.9171517159560401,0.12148298629228887
9189,0.6276899757691644,0.917154252372466,0.12149514344712159
9190,0.6276815826805519,0.9171519849699034,0.12148149801946732
9191,0.6276810236001509,0.9171550209835041,0.1214924017252113
9192,0.6276957710431817,0.9171643557645625,0.12149693058417396
9193,0.6276897271519699,0.9171615926078802,0.12150152886617312
9194,0.6276932791278346,0.9171655202102852,0.12150157100189675
9195,0.6276751319741785,0.9171515084310597,0.1215104761406926
9196,0.6276709823842762,0.917145290367761,0.12152152358478889
9197,0.6276561676633802,0.9171447484969792,0.12153047820308448
9198,0.6276657632331082,0.917171277106961,0.12153171758442705
9199,0.6276743040503326,0.9171786480868168,0.1215105580516993
9200,0.6276848265454458,0.917178471306278,0.12151403336653349
9201,0.6276983984980931,0.9171827486267053,0.12151574897304912
9202,0.627685100863495,0.9171756466607128,0.1215120848550675
9203,0.6276863905462409,0.9171703893612119,0.12151417417041556
9204,0.6276767616280275,0.917180081546403,0.12150444539136016
9205,0.6276523803779971,0.9171660467088464,0.12150444083086981
9206,0.6276338434798074,0.9171585335359485,0.12151738663686937
9207,0.6276836972686592,0.9171745744483146,0.1215330625795223
9208,0.6276994134701684,0.9171835902557921,0.12153074455211689
9209,0.6277038667203909,0.9171854310792286,0.12153516863538211
9210,0.627698890609418,0.9171926406507663,0.12154914765291439
9211,0.627732095367201,0.9172056186481455,0.12155814652625985
9212,0.6277157966055766,0.917181230619905,0.1215613272784894
9213,0.6276863201636685,0.9171833135558184,0.12156405988729375
9214,0.6277100543637328,0.9171966835448271,0.12154911562364515
9215,0.627687286145117,0.9171889244163969,0.12155957402038164
9216,0.6276686194442253,0.9171917221605758,0.12156727059181256
9217,0.6276545464507072,0.9171829100350234,0.12157142528567241
9218,0.6276589398756081,0.9171737981511661,0.12157554906259552
9219,0.6276696481789609,0.9171639714590434,0.12159164907954108
9220,0.6276679610564292,0.9171620998911655,0.1216038809470532
9221,0.6276815962654003,0.9171706045723026,0.12160314811041868
9222,0.6276496657570508,0.9171389570128067,0.12166150060947524
9223,0.6276571633315906,0.9171420429861249,0.12165398518554812
9224,0.6276618097717722,0.9171462319162829,0.12165420539706803
9225,0.6276682325554683,0.9171390454030761,0.12165779774199623
9226,0.6276560036095644,0.9171269897389427,0.12166017568931899
9227,0.6276659518558221,0.9171179777745204,0.12165844122502635
9228,0.627659834784523,0.9171079012838103,0.12166372282798935
9229,0.6276818871500217,0.9171142346387646,0.12166025665612197
9230,0.6276833172943362,0.9171221974491198,0.12166167688512684
9231,0.6277082777634396,0.917130802049692,0.12167447843318913
9232,0.6277096941841175,0.9171141270332193,0.12164213250017084
9233,0.6277083324054435,0.917103524043948,0.12164643520546364
9234,0.62770868382452,0.9171064178645066,0.12164709594364226
9235,0.6277032329553437,0.9171140117415636,0.121644844896144
9236,0.6277206758490997,0.9171279543457956,0.12165626499013191
9237,0.6277075990942309,0.9171137427277002,0.12166861975249986
9238,0.6277344412366729,0.9171174397467937,0.12166949778373831
9239,0.6277602546201606,0.9171258637237718,0.12166041716698023
9240,0.6277653133987111,0.9171341224493768,0.12167471008784823
9241,0.6277456386320113,0.9171304100580625,0.12167723722312927
9242,0.6277496237266286,0.9171296260748035,0.12168168221625689
9243,0.6277586231674175,0.9171318665759798,0.12167973384194876
9244,0.6277645117856341,0.9171431151985231,0.12167529644576462
9245,0.6277375180847793,0.9171405326654349,0.1216882337877294
9246,0.6277291269788946,0.9171619192675715,0.12172878965376789
9247,0.6277323529138653,0.9171527958545487,0.12173930720899036
9248,0.6277369292409307,0.917150747506132,0.1217469824332128
9249,0.6277414501391683,0.917159713353892,0.12175013919430475
9250,0.6277301987927487,0.917134691221545,0.12178372403033584
9251,0.6277347970110709,0.9171376657462627,0.1217826864989498
9252,0.6277626945833807,0.9171444794831158,0.12178402198535965
9253,0.6277754217186386,0.9171511663991477,0.12178740060934679
9254,0.6278012674206269,0.9171656316588858,0.12177970024304122
9255,0.6277703617718332,0.9171410207334442,0.12180099532850978
9256,0.627774596212497,0.917149621490961,0.1217968227714086
9257,0.6277769961748898,0.9171493409479321,0.12179158101969946
9258,0.6277743466849729,0.9171490219743513,0.12178389694671458
9259,0.6277878886041848,0.9171431305707439,0.12180767479406147
9260,0.6277843320932881,0.9171417931875375,0.12180764707151334
9261,0.6277989970357533,0.9171438223206783,0.12181299715822631
9262,0.6278256687792907,0.9171490335035168,0.12180730563289446
9263,0.6278133203809189,0.9171477191786417,0.12180218997517792
9264,0.6278104441961015,0.9171452442510988,0.12179344016397269
9265,0.6277436080991075,0.9170976672278373,0.12177458837982585
9266,0.6277242094329907,0.9170992966832382,0.12177941882671059
9267,0.6277122740909986,0.9171003304650844,0.12177977606364282
9268,0.6277206924764058,0.9171019483913198,0.1217776036365449
9269,0.6277224508127116,0.9171017600816154,0.12178568719864147
9270,0.6277177183763538,0.917083155851437,0.12180342735155142
9271,0.6277189058036254,0.9170798354517522,0.1218117241221171
9272,0.6277423209561487,0.9170929940727253,0.12184296446328012
9273,0.6277466485844937,0.9170993504860108,0.1218277063046221
9274,0.627741889229036,0.9170975711514575,0.12182626884865307
9275,0.6277330369654642,0.9171019868218717,0.12182253811838012
9276,0.627706479173843,0.9170905998493415,0.12182514014579883
9277,0.6277145881875863,0.9170904922437961,0.12182441764287275
9278,0.6277283242975527,0.9171031089939874,0.12182419919699468
9279,0.6277185851138068,0.9171131701124767,0.1218335836544129
9280,0.627715322186135,0.9171109449835213,0.12182629920365112
9281,0.6277149418076657,0.9170990776290923,0.12182847878734307
9282,0.6276835072582588,0.9171106452252165,0.12184335933791503
9283,0.6276681977639009,0.9171048114674368,0.12185246176337644
9284,0.6276679489157364,0.9170996771457021,0.12186244409909536
9285,0.6276729102226757,0.9170952461030671,0.12185979948715195
9286,0.6276871538293358,0.9170928749380144,0.12186497613268864
9287,0.6276852460127047,0.9171061911242504,0.1218657835290894
9288,0.6276672962552889,0.9171018215704985,0.1218794251094898
9289,0.627693462215853,0.9171087390698418,0.12189242550323037
9290,0.6277217750285834,0.9171337496730233,0.12190587408342074
9291,0.6277109870482456,0.9171393413183258,0.12191337997563276
9292,0.6276929036629706,0.9171346643201587,0.12191705991849537
9293,0.6277000212313414,0.9171317935579312,0.1219188085907898
9294,0.6277012212214361,0.9171361900130693,0.12191373241264603
9295,0.6277166046460133,0.9171444910122815,0.12192124927472885
9296,0.6277034775371032,0.9171432842929516,0.12193196985721907
9297,0.6277001389948963,0.9171548211446342,0.12193370884615917
9298,0.6277042832828715,0.9171521002615591,0.12194834638181337
9299,0.6276974803198143,0.9171533607836617,0.12195029649188535
9300,0.6277105760630819,0.9171426232874587,0.12195410850653396
9301,0.627700259637853,0.9171406402709803,0.12194528684697815
9302,0.6277062470602067,0.9171470120564865,0.12195392901172969
9303,0.6276650091873232,0.9171369509379972,0.12199438148175432
9304,0.6276632954668541,0.9171395219419197,0.12200175874767497
9305,0.627659471411106,0.9171398831891077,0.12200076573183939
9306,0.6276770079867047,0.9171481188563815,0.1220044781578957
9307,0.6276701317644389,0.9171755352121124,0.12200317412011795
9308,0.6276742245861991,0.9171674532670462,0.12200690071841634
9309,0.6276462482367855,0.9171539333988851,0.12200978271922508
9310,0.6276782169256817,0.9171727720554301,0.12202135451765456
9311,0.6276628632995805,0.9171561239403438,0.12202080823430059
9312,0.6276471740121203,0.9171576726915857,0.12204235253018608
9313,0.6276417117172294,0.9171550555710007,0.12203841624971118
9314,0.6276631548080441,0.9171753814899047,0.12205583646488828
9315,0.627667169618969,0.9171651704922629,0.12206059906787119
9316,0.6277221742355203,0.9171601091885766,0.1221422387359024
9317,0.6277036362257659,0.9171567388291744,0.12214033448261143
9318,0.6277064432177933,0.9171613773967896,0.1221466504750474
9319,0.627704839301329,0.9171609277593322,0.12213950791286828
9320,0.6277334176918102,0.9171748588343988,0.12213129745448868
9321,0.6277162056753395,0.9171686100266586,0.12213945937839486
9322,0.6277369734489318,0.9171765574647931,0.1221282967400796
9323,0.6277023626452756,0.9171689635877361,0.12212789385237079
9324,0.6277218531883465,0.9171631759466189,0.12212839606995178
9325,0.6277146960249594,0.9171521002615591,0.12213116259883214
9326,0.6277163878431505,0.9171717036860871,0.12214474429164648
9327,0.627745273178146,0.91717982021865,0.12214747256078377
9328,0.6277383942046508,0.9171741709275196,0.12214386091959244
9329,0.6277255373682938,0.9171776527355224,0.12216450694999974
9330,0.6277256836489613,0.9171792437603714,0.12215992393225991
9331,0.6277412504491867,0.9172014604624291,0.12216821363764246
9332,0.6277975902358051,0.9172114255045387,0.12217155610115583
9333,0.627792171559418,0.9172052189704057,0.12217257780497104
9334,0.6278135474229163,0.9172124477572196,0.12216927263907196
9335,0.6278068853420256,0.9172001153931124,0.12217338723135265
9336,0.627783273955325,0.9171940049353591,0.12218257377125383
9337,0.6277912469998408,0.917185481038946,0.12218656160007525
9338,0.6278283030339403,0.917194950326936,0.12219058791442294
9339,0.6278248767818573,0.9171986857765814,0.1221966474276964
9340,0.6278538891348155,0.9171983245293935,0.1222067192943561
9341,0.6278734683234536,0.9171972254156089,0.12220117928299373
9342,0.6278939568284956,0.9172178818372593,0.12219571089974132
9343,0.6278862742035854,0.9172077861312731,0.12219098226068281
9344,0.627867708873009,0.9171957688976916,0.12219960780704109
9345,0.6278627450327349,0.9171921525827571,0.12219700833444656
9346,0.6278554606977422,0.917194204774229,0.12219670568019166
9347,0.6278518111952719,0.9171922217577506,0.12219912462670386
9348,0.6278656175696242,0.9171946736269623,0.12220202555079651
9349,0.6278531710414963,0.9171970102045183,0.12220210649864528
9350,0.62784867999826,0.9171964106879085,0.12219359081663297
9351,0.6278353890002693,0.9171937974103788,0.12219212023021163
9352,0.6278251959101416,0.9172133931487965,0.12221084826400079
9353,0.6278391795806724,0.9172139350195784,0.12221719811508464
9354,0.6278385461149981,0.9172214289772003,0.12222457118248171
9355,0.62781859113326,0.9172123017211222,0.12223368629460254
9356,0.627801396824467,0.9172058453884018,0.12222650586044337
9357,0.6278344617199696,0.9172211253758402,0.12223684645251678
9358,0.6278609410333527,0.9172303986680155,0.12225771017764638
9359,0.6277947332914158,0.9172091158283692,0.12225332913564778
9360,0.6277809818484993,0.917191022724531,0.12226746876185918
9361,0.6277890063282915,0.9171964913920675,0.12225668973952815
9362,0.627777621471532,0.9172015027360363,0.12226799747031583
9363,0.6277905070291588,0.917206556353612,0.12227760769594896
9364,0.6277752856127264,0.9171887745372445,0.12227923997376221
9365,0.6277796910839663,0.9171922832466336,0.12229583651724113
9366,0.6277919195033296,0.9172000423750638,0.12229592233803052
9367,0.6277961602530568,0.9172050614051429,0.12229887109609525
9368,0.6278104933709436,0.9171983130002279,0.12232563878985732
9369,0.6278155622416169,0.9172046309829616,0.12232490806891608
9370,0.6278401092295289,0.9172045541218578,0.12232313059803003
9371,0.6278747366496018,0.9172213252147101,0.1223294874411695
9372,0.6279229739949413,0.9172303986680155,0.12234288210866624
9373,0.6279272883937537,0.9172446026000005,0.1223506192933253
9374,0.6279215451022158,0.9172423697849347,0.1223539694178813
9375,0.6279230017625561,0.9172563815641602,0.12234014173670649
9376,0.627928723836388,0.9172563661919394,0.12234475481614689
9377,0.6279300447071714,0.9172575921265453,0.12234576172207871
9378,0.6279303931279376,0.9172564468960984,0.12234631326472103
9379,0.6279235307135004,0.9172632913773932,0.12235272902763754
9380,0.6279331604770199,0.9172684333852384,0.122354138832643
9381,0.6279305592956469,0.9172576958890354,0.12235752813514639
9382,0.6279158334155452,0.9172493334009404,0.12237255427852778
9383,0.6279397059697654,0.9172525615673006,0.12239757319129868
9384,0.6279700478399967,0.9172620539136217,0.12240644251925054
9385,0.62795548379647,0.917244552640283,0.12241916336029329
9386,0.6279521907289398,0.9172467969845145,0.12242062585593738
9387,0.6279518890670398,0.9172536453088644,0.12241517433822827
9388,0.6279726981496982,0.9172619616802972,0.12242645368894803
9389,0.6279875941996819,0.9172742594569075,0.12241481436433897
9390,0.6279824842308709,0.9172724032612505,0.12241424188972828
9391,0.6279594322261567,0.9172752855526435,0.12241925437664666
9392,0.6279567537664015,0.9172713733224593,0.12240614432779491
9393,0.6279628471428198,0.9172752394359812,0.12240329513166479
9394,0.6279714475675524,0.9172695517142989,0.12241072893871169
9395,0.6279696008291369,0.9172571578613087,0.12245730862909847
9396,0.6279898394683131,0.9172544792518408,0.12245679572314014
9397,0.6280111692395504,0.9172588257472615,0.12245746196702086
9398,0.6280202723085059,0.9172758504817565,0.12246329343069436
9399,0.628014141756802,0.9172641368495351,0.12248855067672096
9400,0.6280294141012333,0.917278356153741,0.12249293720741518
9401,0.6280418322139633,0.9172682220172029,0.1225031611994329
9402,0.6280423432430493,0.9172623382997058,0.12249523040674981
9403,0.6280165924921697,0.9172505977660981,0.12249854885885528
9404,0.6279951823082642,0.9172459322970965,0.12250454969027302
9405,0.62800219333806,0.9172502826355725,0.12250522385852061
9406,0.6280050075681508,0.9172520312256842,0.12250860975856823
9407,0.6280062652321705,0.9172628186816048,0.12251808037914265
9408,0.6279897535437687,0.9172673880742265,0.12251187705552377
9409,0.6280353161754563,0.917277994906553,0.12252292393429155
9410,0.6280216560824073,0.9172674034464473,0.12253940965677773
9411,0.6280273813223651,0.9172669807103763,0.12254200870900092
9412,0.6280549071897901,0.9172736868416842,0.12253715378302987
9413,0.6280597152719418,0.9172698668448246,0.12252361748122455
9414,0.6280577287427512,0.9172638678356718,0.12254000709070596
9415,0.6280758796596296,0.9172916454385905,0.12256090642272095
9416,0.6280770999829509,0.9172997850294846,0.12255865881268904
9417,0.6280572752547374,0.9172932518356602,0.12257015398168443
9418,0.6280620175332919,0.9172931519162253,0.12257003342491854
9419,0.628029515592588,0.917284282144845,0.12258442418265506
9420,0.628036228040637,0.9172878792445036,0.12259688591901603
9421,0.6280558540997959,0.9172914071691687,0.12260800405926961
9422,0.6280824482609837,0.9172892704304827,0.12263427308662846
9423,0.6280971353081698,0.9172972639852794,0.12264550168786485
9424,0.628110693229717,0.9172912649761267,0.12266181855190576
9425,0.6280976862140689,0.9172815651048252,0.12266225715631049
9426,0.6281153760180824,0.9173077593690054,0.1226634285091599
9427,0.6281157247086819,0.9172946852952465,0.12267007518434883
9428,0.6281139166388133,0.917282687276941,0.12268621316318125
9429,0.6281152761544475,0.9172727798806591,0.12269317770453012
9430,0.6281369810968904,0.9172818187464677,0.12268434462060156
9431,0.6281403303282074,0.917289839202651,0.12268694752156592
9432,0.6281354641568755,0.9172849623656139,0.12269659333768958
9433,0.628135173661683,0.9172848240156269,0.12269345325138971
9434,0.6281400753037344,0.9172696823781754,0.1226954736642753
9435,0.6281315534649852,0.9172615197289502,0.12270008067080582
9436,0.6281246271693539,0.9172552862934308,0.12269475717461645
9437,0.628111702710475,0.9172300720083243,0.12272436593329596
9438,0.6280985051801119,0.917222389740998,0.12272911167567573
9439,0.6281078096434191,0.9172285078848617,0.12273732240676645
9440,0.6281356008759487,0.9172307406999275,0.12278239983953008
9441,0.6281689388126204,0.917237097113213,0.12277787127010452
9442,0.628134842557155,0.9172210446716812,0.12278863721023238
9443,0.6281225243296834,0.9172215173674697,0.12279097327100434
9444,0.6281244235043719,0.9172244880491321,0.12278663141733831
9445,0.6281300993257122,0.9172420777127402,0.12279656349793783
9446,0.628148660556891,0.9172330081024901,0.12281884221028756
9447,0.6281443153051659,0.9172275317488432,0.12282555595976147
9448,0.6281452278650517,0.9172203260203605,0.12282864264927555
9449,0.6281270058627837,0.9172209024786392,0.12284955128954035
9450,0.6281349247682634,0.9172169825623446,0.12285045912116266
9451,0.6281605802873518,0.9172257447281795,0.12285961585537754
9452,0.6281757576861233,0.9172330426899867,0.12285530064352483
9453,0.6281718253953125,0.9172310097137909,0.12282958160150916
9454,0.6281639485799466,0.9172442759403093,0.12284319610270769
9455,0.628152912438575,0.9172457055568403,0.12284812035254496
9456,0.6281253530602747,0.9172412591419846,0.12286059611839963
9457,0.6281210544013124,0.9172352101731144,0.12286225835926444
9458,0.628114915172426,0.9172329427705518,0.12286783297960255
9459,0.6281426709504229,0.917236109448029,0.12287149800023249
9460,0.6281636877774978,0.9172554131142522,0.12286395587706427
9461,0.6281819898767036,0.9172638255620646,0.12286141735553514
9462,0.6282192135844029,0.9172575959696004,0.12290708323369591
9463,0.6282594481959544,0.9172703164822819,0.12293876765543786
9464,0.6282593232150401,0.9172723571445882,0.12293406190210765
9465,0.6282496897276759,0.9172683911116313,0.12293484226419417
9466,0.6282877648604095,0.9172706777294698,0.12293922101265707
9467,0.6282926665847316,0.9172720420140625,0.122939434109444
9468,0.6282682666936911,0.9172717576279784,0.12294991961418648
9469,0.6282573161102629,0.9172760272622953,0.12295201896425471
9470,0.6282881128344323,0.9172779641621115,0.1229631598481561
9471,0.6282843245092006,0.9172669691812108,0.1229767500018945
9472,0.628285553895776,0.9172613775359082,0.12298080491126775
9473,0.6282727045389305,0.9172632606329516,0.12299489320422538
9474,0.6282844429834312,0.9172665272298638,0.12299715180190195
9475,0.6282961086911013,0.9172538528338446,0.12299335360783993
9476,0.6283127862740235,0.9172638678356718,0.12300800035186332
9477,0.6283272462087952,0.9172708083933463,0.12300866242827649
9478,0.6283433113448464,0.9172887977346942,0.12303314871771724
9479,0.6283286172826809,0.9172919375107851,0.12303645993379073
9480,0.6283386432390983,0.9173063066941433,0.12303980682086038
9481,0.6283273872562568,0.917287967634773,0.12305631111977454
9482,0.6283374430039171,0.9172846510781434,0.12307198923147294
9483,0.6283574839056417,0.9172938820967116,0.12307856223341952
9484,0.628373261477899,0.9173005536405228,0.12307157736287898
9485,0.6283683169776844,0.9172927483954303,0.12307081468232521
9486,0.6283996904972612,0.9172983515698985,0.12308487537536118
9487,0.628409229025022,0.9172972832005554,0.12308188212061288
9488,0.6284163340523882,0.9173003538016528,0.12308499068143142
9489,0.628416335123132,0.9173006305016266,0.1230636256127405
9490,0.6284317290657677,0.917296994971416,0.12306413381997895
9491,0.6284298326154848,0.9172950734438207,0.12306324068735472
9492,0.6284129211832744,0.917288048338932,0.1230810015131967
9493,0.628413972743496,0.9172815766339908,0.12309612435774157
9494,0.6284159696152567,0.9172801777619013,0.12308979464027207
9495,0.6284351351957473,0.9172920489593855,0.12309008882586042
9496,0.6284189245923757,0.9172884019000096,0.12310290877921246
9497,0.628428985495315,0.9172990855934399,0.12309410101588703
9498,0.6284250845832308,0.9173070906774022,0.12310351412980085
9499,0.6284298787519866,0.9173078054856677,0.12309859555162528
9500,0.6284300138078186,0.9173049846831577,0.123107239787722
9501,0.6283572886954689,0.9172939858592017,0.12310844847955711
9502,0.6283861688050282,0.9172997196975463,0.12311986304915216
9503,0.6284064880709044,0.9173253528756686,0.1231373743245945
9504,0.6284133424463728,0.9173355446580346,0.1231280790258329
9505,0.6284309207230973,0.9173351219219635,0.12313096868441357
9506,0.628440629896431,0.9173412400658272,0.1231341237767301
9507,0.6284374978701439,0.9173443875280285,0.12312466044063704
9508,0.628420865499022,0.9173628841526615,0.1231489662762298
9509,0.6284186786933835,0.9173642484372543,0.12316403645129716
9510,0.6284322003470971,0.9173598442960057,0.12316689149034087
9511,0.628429228667429,0.9173639102483975,0.12317305162526973
9512,0.6284407980986021,0.9173691329604017,0.12317427392258808
9513,0.6284466539382034,0.9173598404529505,0.12318150213417833
9514,0.6284480684475581,0.9173541027715507,0.1232010278680462
9515,0.6284652577176333,0.9173623576541005,0.12319339231420105
9516,0.6284174528275623,0.9173449486140863,0.123179136599023
9517,0.6284320332467928,0.9173436458183767,0.1231780883828764
9518,0.6284397571580811,0.9173486533192902,0.12317134797158139
9519,0.6284440780346147,0.9173596752015772,0.12317498502232507
9520,0.6284484374970635,0.9173631839109664,0.1231731793119651
9521,0.6284532367103267,0.9173725455934111,0.12318365975233976
9522,0.6284513222477677,0.9173616659041661,0.12318390927112384
9523,0.6284364604268207,0.9173654244121426,0.12316812270695948
9524,0.6284551329245679,0.9173596329279702,0.1232043624576616
9525,0.628479691414466,0.9173746246862693,0.12321529858012599
9526,0.6284716981375614,0.9173759236389237,0.12321335410120635
9527,0.6284949163537117,0.9173852699491477,0.12321015060748564
9528,0.6284724325854956,0.9173768882457767,0.12321151979440602
9529,0.6284764749376025,0.9173846704325379,0.1232242817854228
9530,0.6284556310285665,0.9173797474788385,0.12321783718560927
9531,0.628467965813863,0.9173732796169526,0.12321978846353393
9532,0.6284551084377247,0.9173696479297972,0.12322052826503926
9533,0.6284547479501146,0.9173689523368077,0.12322664972459801
9534,0.6284777397378273,0.917369521108976,0.12322184123979782
9535,0.6284829676789572,0.917371415735185,0.12321777474506798
9536,0.6284726688487116,0.9173687294396067,0.12322167772004763
9537,0.6284787464829417,0.9173623538110453,0.12322302963503805
9538,0.628490946965719,0.9173561818644089,0.1232293524401153
9539,0.6284950928682245,0.917355378665874,0.12323799321416455
9540,0.6284931287250559,0.9173356445774695,0.1232669121101441
9541,0.6284930279554504,0.9173432192392504,0.1232620007142193
9542,0.6284836876264102,0.9173402677728639,0.1232684173556118
9543,0.6284774915236723,0.9173178358597155,0.1232592532079458
9544,0.6284624885522795,0.9173050653873167,0.12324243380906406
9545,0.6284557406343392,0.9173132664670938,0.12324796140485941
9546,0.6284565666167673,0.9172970218728024,0.12326702144612804
9547,0.6284656961849217,0.9173007688516134,0.12326113491428362
9548,0.6284704462579626,0.9173084780203261,0.12326633882647524
9549,0.6284646817641643,0.9173086893883615,0.12327217931863431
9550,0.6284552142090202,0.9173039893318633,0.12328445124225702
9551,0.628401139158752,0.9172976252324674,0.12328435756305563
9552,0.6284077250026209,0.9173000809447343,0.12327237679504131
9553,0.6284182882867566,0.9173004498780326,0.12326783361373525
9554,0.6284321599471537,0.9173008687710483,0.12326230653756592
9555,0.6284431176290269,0.9172983707851744,0.12327472463811256
9556,0.6284543260641604,0.9173016642834728,0.12327298508407664
9557,0.62846932331586,0.9173034551471917,0.1232684297414095
9558,0.6284827383046337,0.9173191117540389,0.12326211904824746
9559,0.6284758817808097,0.9173161871890387,0.12326527332434989
9560,0.6284838686351897,0.9173255642437042,0.12327591016937832
9561,0.6285201052916694,0.9173551711408937,0.12330411026571939
9562,0.6285517501906006,0.9173427234851309,0.12329854799285285
9563,0.62856242701531,0.9173287770378437,0.12334407692108071
9564,0.6285378370968653,0.9173247533590589,0.12333232320365195
9565,0.628539741471857,0.9173372432884288,0.12334109936933095
9566,0.6285438999487456,0.9173423468657221,0.12333891061904946
9567,0.6285657371067239,0.917341355357483,0.1233416774129654
9568,0.6285702160414195,0.9173475042457881,0.12333708731644931
9569,0.6285947120551105,0.9173632338706839,0.12333785260414135
9570,0.6285417709566447,0.9173352179983433,0.12337683051276871
9571,0.6285276366590555,0.917326167603369,0.12338102284849249
9572,0.628520968186524,0.9173319206569897,0.1233911997867937
9573,0.6285348609504134,0.9173234467202941,0.12338550943014902
9574,0.6285343134718555,0.9173160757404382,0.12339241902278518
9575,0.6285131754006007,0.9173073020454376,0.12339894922257401
9576,0.6285107124479774,0.9173038509818764,0.12341132318889317
9577,0.6284824260785667,0.9172916877121976,0.12342543946163828
9578,0.6285037747140572,0.9172867762876639,0.1234335127374425
9579,0.6284989585479647,0.9172742825152387,0.12344138925218585
9580,0.6285034626299634,0.9172881636305877,0.12344780465434499
9581,0.6285221188625183,0.9172792093119932,0.12344379091819634
9582,0.628513916688865,0.9172741941249694,0.12344069765087722
9583,0.6285353468354892,0.9172777335788,0.12343533126700786
9584,0.6285439513669144,0.9172764884289182,0.12343371439912189
9585,0.628575066442284,0.9172949120355027,0.12344476749818116
9586,0.6285649522019566,0.9172967528589391,0.1234403752369919
9587,0.628574760863467,0.917303962430477,0.12342650223335146
9588,0.6285647863335407,0.9173069907579673,0.12347809586072815
9589,0.6285403226183218,0.91730966552438,0.1234927960839881
9590,0.6285494506928644,0.917309304277192,0.12350398670493508
9591,0.6285401910491965,0.9173080437550895,0.12352759239717431
9592,0.6285453508690482,0.9173097731299253,0.12353384304134404
9593,0.6285703965256949,0.9173190694804317,0.12353004696499705
9594,0.6285830038683904,0.9173335616415561,0.1235299449102954
9595,0.628577675909095,0.9173299491696768,0.12353750505207325
9596,0.6285702214095279,0.9173312750237176,0.12354972312367593
9597,0.6285871030386884,0.9173438994600193,0.12354756115140135
9598,0.6286088689658805,0.9173525732355847,0.12352737268165441
9599,0.6285843806572923,0.9173360788427061,0.1235272936280574
9600,0.6286176965966923,0.917325944706168,0.12354430870267057
9601,0.6286474304996921,0.9173312596514969,0.12354152268602793
9602,0.6286445572391987,0.9173205798011217,0.12354862804807856
9603,0.6286917156615686,0.917331586311188,0.12356116473425453
9604,0.6286966796219816,0.9173364247176732,0.12356192709817387
9605,0.6286901590622084,0.9173308676598674,0.12355944630171259
9606,0.6286987022822573,0.9173288116253403,0.12357617710736939
9607,0.6286667052604934,0.9173251107631917,0.12355440459378969
9608,0.6286705144298015,0.9173244305424229,0.12356546614979004
9609,0.6286659030654763,0.9173260100381063,0.12356310862248372
9610,0.6286686886868615,0.9173235581688945,0.12355613613713698
9611,0.6286460609247028,0.9173043966957135,0.12355843913936584
9612,0.6286257867374588,0.9172805582243653,0.12357270839874589
9613,0.6286208520005275,0.9172761925136685,0.12357455640683106
9614,0.628659766056528,0.9172838939962709,0.12356516935610061
9615,0.6286717363322533,0.9172786981856529,0.12357324970934126
9616,0.6286874983406959,0.9172724762792991,0.12356521552955228
9617,0.6286848477800971,0.9172807503771248,0.12357949582920795
9618,0.6286690313427151,0.9172731565000678,0.12358808787197627
9619,0.6286756524499638,0.9172729950917499,0.12358803631713618
9620,0.628682933452818,0.9172702703656196,0.1235867920722988
9621,0.6286795245471305,0.9172666233062435,0.12358708852067916
9622,0.6287076592472646,0.9172807926507318,0.12361648349416426
9623,0.6287318851008653,0.91728256814223,0.12361516656893361
9624,0.62872396087271,0.9172812499742996,0.12362564955540659
9625,0.6287175854323821,0.9172729758764738,0.12362863051054367
9626,0.6286851539724416,0.917266008417413,0.12363451826084079
9627,0.6286567578536606,0.9172726569028931,0.12364665665265623
9628,0.6286634179672393,0.9172646057022684,0.12364366012777397
9629,0.6286780691264688,0.9172752701804228,0.12364354648014643
9630,0.6286606237668964,0.9172712196002517,0.12365032389167731
9631,0.6286657347792135,0.9172652974522028,0.12365193789727598
9632,0.6286334007185992,0.9172488607051519,0.12366242962493607
9633,0.6286373387905019,0.9172476578288772,0.12367305707877845
9634,0.6286549460583791,0.9172684833449559,0.1236703977048884
9635,0.6286548451623599,0.9172737982902847,0.12368016825277259
9636,0.6286562329782686,0.9172654396452448,0.12368891626325583
9637,0.6286593614647668,0.9172770149274794,0.12369632661512883
9638,0.6286739460590792,0.9172861037530055,0.12373849136414194
9639,0.6286713119010171,0.917284159167079,0.12373422686187158
9640,0.6286649062067036,0.9172871336917966,0.12371624829922744
9641,0.6286757989377908,0.917284401279556,0.12373410203164731
9642,0.6286521282448376,0.9172778450274005,0.12372717937325865
9643,0.6286615712488556,0.9172893780360281,0.12370990443752974
9644,0.628655412398276,0.9172887439319215,0.1237101105945611
9645,0.6286313741288263,0.9172979864796553,0.12372211171883157
9646,0.6286437040041116,0.9173031323305557,0.12372116204324482
9647,0.6286417267145777,0.9173110605534143,0.12372296244427579
9648,0.6286352371189535,0.9173070099732432,0.12372113958164443
9649,0.6286532104752328,0.9173110528673039,0.12371504808245495
9650,0.6286013728508082,0.9172937245314488,0.1237797378915777
9651,0.6285893472304336,0.9173016412251417,0.12377819168956637
9652,0.6285725940793813,0.9173002846266594,0.12377941858532923
9653,0.6285561471457211,0.9172893472915865,0.12377602095104555
9654,0.6285613141782543,0.9172905040511989,0.12377289684309244
9655,0.6285606786212988,0.9172695478712437,0.12376953253982954
9656,0.6285639755842771,0.9172620615997321,0.12378107321581279
9657,0.6285693794167955,0.9172634412565456,0.12382685703149357
9658,0.6285699240360059,0.9172565083849815,0.12384183496777225
9659,0.6285584046336425,0.917247592496939,0.12385832915349662
9660,0.6285714196164114,0.9172478999413542,0.12385071420809712
9661,0.6285837307915791,0.9172557589892193,0.1238541062577443
9662,0.6285871403919274,0.9172529766172612,0.12384357733850239
9663,0.6285902043070118,0.917259340716657,0.12383201925058998
9664,0.6286036868714412,0.917259944076322,0.12383638800353144
9665,0.6285892689214851,0.917252046597905,0.12384465609367502
9666,0.628579085578003,0.9172442221375366,0.12385631498958484
9667,0.6286028925461489,0.9172362746994022,0.1238610489305505
9668,0.6286058934567191,0.9172426003682461,0.12385276360540437
9669,0.628623100226263,0.9172408748364655,0.12385603481343785
9670,0.6286108054446649,0.9172243266408141,0.12385446196054108
9671,0.6285923398852922,0.917225210543508,0.12386350824744685
9672,0.628606699912713,0.9172277661752098,0.12386129112651609
9673,0.6286137011004668,0.9172315400554072,0.1238647524924055
9674,0.6286343469086484,0.9172318936164847,0.12385118414103281
9675,0.6286438638991887,0.91724247739048,0.12384825066534101
9676,0.6286487919949828,0.9172450714527338,0.12384663506009702
9677,0.6286487598148693,0.917247492577504,0.12385311208870775
9678,0.628650924651451,0.91724650491232,0.1238468266079625
9679,0.6286561220187044,0.9172426003682461,0.12385152978686169
9680,0.6286313392014926,0.9172177050567205,0.12387663973442765
9681,0.6286333434297487,0.9172119174156032,0.12387422636388859
9682,0.6286160308059012,0.9172096653852614,0.12388387929219484
9683,0.6285856900594039,0.9171811422296356,0.12392506714087083
9684,0.6286212249541945,0.9171785174229403,0.123923152059846
9685,0.6286467340832907,0.9171810576824214,0.12392695135615155
9686,0.6286454645208994,0.9171753661176839,0.12393262854456098
9687,0.6286190490168448,0.9171718766235707,0.12394720539855819
9688,0.6286416641181045,0.9171824911420076,0.12397593541167672
9689,0.6286530222498853,0.9171922294438609,0.1239673839114238
9690,0.6286783900027233,0.9171945852366928,0.1239634301947423
9691,0.6286829926501257,0.9171909497064824,0.12395643831629932
9692,0.6286780361328292,0.9171866646999447,0.1239608693224407
9693,0.6286747842737828,0.9172010069819166,0.12397117236387664
9694,0.6286719753748862,0.9171947620172317,0.12398093335574689
9695,0.628653808817494,0.9171730756567903,0.12399892171835207
9696,0.6286422354026612,0.9171632950813298,0.12401219484120733
9697,0.6286237585552968,0.9171595442594636,0.12402298520896368
9698,0.6286280500467536,0.9171612390468027,0.1240202495939969
9699,0.628598095753939,0.9171326928328458,0.12401009771847839
9700,0.6285995518737922,0.9171379270740156,0.12400542501912136
9701,0.6285831096983521,0.9171166557635347,0.1240137262739188
9702,0.6285765828432255,0.9171098420266816,0.12400211150043682
9703,0.6285672268837826,0.9171050036201964,0.12400367995795325
9704,0.6285617365859366,0.9170935820601696,0.1240056265143104
9705,0.6285769658835599,0.9171006571247757,0.12400900899819947
9706,0.6285935312329766,0.9170906613382245,0.12402206603159072
9707,0.6285975705819117,0.9170993120554589,0.12404050136556195
9708,0.6285887455609549,0.9170996502443157,0.1240469238637549
9709,0.6286336597990692,0.9171189577535941,0.12405621790978756
9710,0.6286642864748027,0.9171446293622683,0.12408667226996241
9711,0.6286367295605472,0.9171405672529317,0.12405619478982645
9712,0.6286177172723987,0.9171364897713743,0.12405377370056789
9713,0.6285911645332193,0.9171291341637392,0.124065143859434
9714,0.6285847554661432,0.9171282233596589,0.12406955919198542
9715,0.6285766411872459,0.9171114868543032,0.12405657325583781
9716,0.6286286744653043,0.9171152761067213,0.1240766755028006
9717,0.6286355364961171,0.9171144152623586,0.12407553662537738
9718,0.6286263913380109,0.9171057338006826,0.12408334059383863
9719,0.6286416743010882,0.9171048076243817,0.12409459679120798
9720,0.6286449019637387,0.9171117097515042,0.12409051257997378
9721,0.6286481971369857,0.9171225471671423,0.12409555628626885
9722,0.628653173549461,0.9171199992215507,0.1240897539883431
9723,0.628662212911241,0.9171239268239557,0.12407838590318343
9724,0.6286678147262158,0.9171263479487258,0.12408445882252256
9725,0.6286757069913106,0.9171217670269385,0.12408258405850098
9726,0.6286551018581641,0.9171162291844086,0.12411446626799211
9727,0.6286551191800493,0.9171111063918393,0.12412574186356339
9728,0.628688918657829,0.9171352369353821,0.1241380457583445
9729,0.6286819069042112,0.9171248683724774,0.12410991748280333
9730,0.6286574183310208,0.9171130701930418,0.12412683379115814
9731,0.628678319186525,0.9171191345341329,0.12413590100806708
9732,0.6287019617954047,0.9171341186063215,0.12413733017910265
9733,0.6286824229813032,0.9171186618383443,0.12414412073551623
9734,0.628679595975275,0.9171154182997634,0.12413563543777437
9735,0.6286713359316044,0.9171148956442574,0.12415068774079487
9736,0.6286740306747634,0.9171126282416949,0.12413251653930672
9737,0.628692773051613,0.9171130279194347,0.12413086692938949
9738,0.6286778696915974,0.9171050074632516,0.12414366156738739
9739,0.6286769460187289,0.9170979093403143,0.12415041691129164
9740,0.6286748659137539,0.9170950885378043,0.12415201672405446
9741,0.6286790031747118,0.9170964067057347,0.1241475290189539
9742,0.6286808777464923,0.9170923369102877,0.12414974418579922
9743,0.6286843698271182,0.9170963452168517,0.12414912126596586
9744,0.6286963752317428,0.917099554167936,0.12415412065183501
9745,0.6286974509127065,0.9171085699754135,0.12415533063708792
9746,0.6287111560174337,0.9170998961998479,0.1241675399154401
9747,0.6287199951121714,0.9171053879257155,0.12416333078582457
9748,0.6287252889978697,0.9171080050463004,0.12416318825284114
9749,0.6287058975608372,0.917107009695006,0.12417713941057618
9750,0.6286959343881185,0.9170932554004783,0.1241613032034612
9751,0.6286923105582276,0.9170905345174032,0.12417074464885447
9752,0.6287031973114018,0.9171014718524761,0.1241638909338994
9753,0.6286901954985042,0.9170848006790586,0.12419248293858362
9754,0.6286829279777691,0.9170849851457078,0.12419630386948617
9755,0.6286531140550162,0.9170699242124152,0.12421674102885515
9756,0.6286254460449092,0.9170611774188011,0.12420832525260858
9757,0.6286313011697554,0.9170606278619088,0.12421634361450949
9758,0.628618519882672,0.917034118467203,0.12422072316933493
9759,0.628634849860277,0.9170367932336158,0.1242238393147551
9760,0.6286673338222875,0.9170547633596877,0.12423719263318786
9761,0.6286837767002823,0.9170611428313044,0.12424260609031171
9762,0.6286680458559266,0.9170444639717765,0.12425308594461518
9763,0.6286790459205456,0.9170502862003904,0.1242593613152836
9764,0.6286799882920305,0.9170700548762917,0.12424902271582504
9765,0.6287062890178479,0.9170650665906541,0.12428001750393772
9766,0.6286852656495765,0.9170456783772167,0.12429215574065455
9767,0.6286598328146648,0.9170367778613949,0.12428319991677432
9768,0.6286585587092232,0.9170293953523735,0.12428014466439105
9769,0.6286585539481307,0.9170304790939373,0.1242769334119628
9770,0.6286158911315999,0.9170093653487194,0.12429699139136166
9771,0.6286182422817864,0.9170213787392456,0.12430485579553036
9772,0.6286176551838678,0.9170200644143703,0.12430453757375699
9773,0.6286032033106761,0.9170184080575832,0.1243191450879681
9774,0.6286150197531518,0.9170122668553884,0.12431918958268799
9775,0.6286400287603936,0.9170125128109206,0.12432465488353292
9776,0.6286604403992937,0.9170279157761251,0.12432264933517143
9777,0.6286537732392775,0.917023965115389,0.12432486463037022
9778,0.6286585786930476,0.9170303445870056,0.12434707524262315
9779,0.6286648661878195,0.9170367893905605,0.12435549276659812
9780,0.6286619215457628,0.9170335458519796,0.12434541781144627
9781,0.6286592838347997,0.9170316166382738,0.12434230207657111
9782,0.6286390681094576,0.9170228314141077,0.1243511742467553
9783,0.6286373438978572,0.9170248490180829,0.12435082568716203
9784,0.6286304420406441,0.9170277005650345,0.124346780677215
9785,0.6286185389317899,0.9170216323808882,0.12435247950515699
9786,0.6286202387053839,0.9170284768621829,0.12435747717740966
9787,0.628602572706352,0.9170243378917425,0.12436163965307571
9788,0.6285704410921076,0.9170023748313273,0.12435587612278218
9789,0.6285601352157498,0.9170009490578516,0.1243537464970916
9790,0.6285560212275872,0.9170030050923786,0.12434984561979415
9791,0.6285491977911065,0.9170001497023719,0.12434758899565995
9792,0.6285322736605404,0.9170015139869646,0.12435344837467954
9793,0.6285356233692312,0.9170053339838242,0.12436401519240933
9794,0.6285298052000059,0.9169950115375819,0.12437498712852944
9795,0.6285272473887761,0.916986572188383,0.12437394756262064
9796,0.6285360254481807,0.9169869295925157,0.12439064838947655
9797,0.6285142771286317,0.9169775717531262,0.12439851979908882
9798,0.6285153988502599,0.9169712076537303,0.12438918600020225
9799,0.6284714675461,0.9169585371007665,0.1244121116941649
9800,0.6284878938084343,0.9169622994517982,0.12441526959724244
9801,0.6284948527677641,0.9169749046728238,0.124420208833009
9802,0.6284950522488598,0.9169899809783372,0.12442021445542562
9803,0.6284926088591386,0.916993362866905,0.12442925701844094
9804,0.6285087960461113,0.9170177508951456,0.12443059751414945
9805,0.6285026553185099,0.9170181006131679,0.12442924380040969
9806,0.6285006487294471,0.9170184503311902,0.12443650796827799
9807,0.6285142209875589,0.9170201105310327,0.12443616529260484
9808,0.6285133620310493,0.9170237422181879,0.12443985806557165
9809,0.6285143791147114,0.9170281425163813,0.12444256435420298
9810,0.6285224906322786,0.9170364012419863,0.12443592310190195
9811,0.6285087823467295,0.9170429728663625,0.12444516237089111
9812,0.6284828148189349,0.917022858315494,0.1244761313829946
9813,0.6284768900410675,0.9170287881496534,0.12447638964135374
9814,0.6284773708175181,0.9170258213110462,0.12447946245831525
9815,0.6285235619050211,0.9170507050934062,0.1244646918904831
9816,0.6285369347711243,0.9170587716662516,0.12448569231271507
9817,0.6285240579926411,0.9170515198211067,0.12448073691206438
9818,0.6285417211599176,0.9170609429924345,0.12447234549657171
9819,0.6285460609141449,0.9170744282730988,0.1244695090507555
9820,0.628515698123913,0.9170465930243522,0.12448824185477014
9821,0.6285197708480406,0.9170517311891422,0.12448568915601561
9822,0.6285282172252489,0.9170544366999965,0.12447822537068805
9823,0.628538629358174,0.917052250001593,0.12448400667102881
9824,0.6285552794835398,0.9170463701271511,0.12449641396921797
9825,0.6285622080925306,0.9170540408653118,0.12449815690272792
9826,0.6285844168885025,0.9170654701114491,0.12449001936935418
9827,0.6285600849881355,0.9170613541993399,0.12449815582952006
9828,0.6285601051039629,0.9170629605964096,0.12449998256413569
9829,0.6285162687502038,0.9170550823332685,0.12450120287055026
9830,0.6285173150924506,0.9170661887627698,0.12450519142403682
9831,0.6285141342434492,0.9170697820193732,0.12450356030954658
9832,0.6285037367076205,0.9170614349034989,0.12450685268427703
9833,0.6285225823730453,0.9170690172513902,0.12451776551930145
9834,0.6285203990973691,0.9170634294491429,0.12452621592203066
9835,0.6285293559002932,0.917073083203782,0.1245282739529549
9836,0.6285396499571644,0.9170748625383354,0.12453104396859453
9837,0.6285286167660057,0.9170649090253913,0.12453750139892134
9838,0.6285230385718306,0.9170580799163173,0.12453656136242307
9839,0.6285428341336126,0.9170762844687559,0.12454059731486641
9840,0.6285446740777835,0.9170675568904177,0.12454897264556113
9841,0.6285382673843743,0.917069497633289,0.12454633417666794
9842,0.6285593040517773,0.9170714230039396,0.12456148722577808
9843,0.6285653989428472,0.9170686060444848,0.12456574917327781
9844,0.6285596414607962,0.9170701471096163,0.12457583902167434
9845,0.6285738534617213,0.9170708849762129,0.12458814680623363
9846,0.6285603835225725,0.9170727411718701,0.1245902298794175
9847,0.6285591451901383,0.9170714768067123,0.12460615194752375
9848,0.6285699455452716,0.917074432116154,0.1246047201356659
9849,0.6285441980951234,0.9170607623688405,0.12460710302358435
9850,0.6285657679921735,0.917065769869754,0.12459502874191329
9851,0.628576869838322,0.9170629144797473,0.12459461427250038
9852,0.6285653536063209,0.9170558086706996,0.12459167520319712
9853,0.6285445431311236,0.9170499825990304,0.1245874729993922
9854,0.6285662664444632,0.9170654393670076,0.1245777849674263
9855,0.6285603139811898,0.917066011982231,0.12458675796881201
9856,0.6285828535456762,0.9170681141334204,0.12457935651809694
9857,0.6285874801233775,0.9170779254533223,0.12457287648142179
9858,0.6285587785453245,0.9170737173078884,0.12457709914100829
9859,0.6285590084450734,0.9170825986084343,0.12457869635214476
9860,0.628572762301841,0.9170949963044797,0.12458406429421143
9861,0.6285957845552107,0.9171043426147036,0.12458011181141031
9862,0.6286017912367238,0.9171031627967601,0.12458241777043941
9863,0.6286150938358094,0.9171070327533372,0.12457757387861584
9864,0.628636181467847,0.9171229814323788,0.12458328188919124
9865,0.6286338460091508,0.9171247838252632,0.12456416269521883
9866,0.6286175857044182,0.917116863288515,0.12456825110731726
9867,0.6286092921504403,0.9171122900528381,0.12456129749935463
9868,0.6285891786001496,0.9171124822055976,0.12457111259900512
9869,0.6286015442802366,0.9171092232947958,0.1245683652370225
9870,0.6285921094442394,0.9171327543217288,0.12457685343644126
9871,0.6285674076908065,0.9171209484561829,0.12459628322177986
9872,0.6285868879889589,0.9171239114517349,0.12460898284757313
9873,0.6285854021147048,0.9171107067140994,0.1246064153537955
9874,0.6285890313010806,0.9171171784190407,0.12459672193675274
9875,0.6285803750042638,0.9171150455234098,0.12459545687433266
9876,0.6285965072669164,0.9171263671640019,0.12459845260558226
9877,0.6286180289296092,0.9171346258896067,0.12460291197057015
9878,0.6286152407371748,0.9171389954433586,0.12460349120761753
9879,0.628649122623578,0.9171553245848642,0.12461843636681026
9880,0.6286328021908979,0.9171582606790298,0.12461348716180667
9881,0.6286537048738482,0.9171595058289117,0.1246158302233647
9882,0.6286500203037837,0.9171552246654292,0.12461864482416851
9883,0.628657263895142,0.9171545252293845,0.12463172420268177
9884,0.6286471399499918,0.9171533953711584,0.12464618052410366
9885,0.628669827846784,0.9171552323515396,0.124637158264418
9886,0.6286633290338663,0.9171541908835829,0.12464091913018759
9887,0.6286694462819754,0.9171714462013894,0.12463664362923317
9888,0.6286728801319685,0.9171825487878354,0.12463743712098876
9889,0.6286754364373142,0.9171798279047604,0.12463861490980158
9890,0.6286869614030317,0.9171777757132885,0.12464122293171609
9891,0.6287235092958673,0.9171866723860551,0.12464043162532598
9892,0.6287219006434532,0.917185723151423,0.1246439836235171
9893,0.6287247935409607,0.917181211404629,0.12464981956620758
9894,0.6287171480996437,0.9171787057326447,0.12464905668124614
9895,0.6286915550283915,0.9171632720229986,0.12464497562873544
9896,0.6286607693830302,0.9171440336887137,0.12466453744565924
9897,0.6286779328523361,0.9171363936949944,0.12467575634421676
9898,0.6287179799656573,0.9171457630635496,0.12468637389604194
9899,0.6286854242110237,0.9171309480857892,0.12470347880669366
9900,0.6286766639217802,0.9171314207815776,0.12471533038550511
9901,0.6286743136825168,0.9171309673010651,0.12473263001013675
9902,0.6286607485243317,0.9171168248579632,0.12473899328248647
9903,0.6286729737493741,0.9171292571415053,0.12476390467107941
9904,0.6286829923844783,0.9171322624106645,0.1247672113677861
9905,0.6286745052807459,0.9171279466596852,0.12477393183411996
9906,0.6286861333361129,0.9171348833743045,0.12477152925482861
9907,0.6286710418906301,0.9171451366455534,0.12478071400664072
9908,0.6286615873417607,0.9171432458623996,0.1247907788090564
9909,0.6286612245573978,0.9171369663102179,0.12479017498828085
9910,0.6286553407665088,0.917129875873391,0.12478031637307228
9911,0.6286670166992555,0.9171362053852902,0.1247783540537882
9912,0.6286762916608251,0.9171339840993898,0.12477175612153872
9913,0.6286588972466025,0.9171209561422933,0.12478896866685249
9914,0.6286681584846698,0.9171175012356767,0.12477908986628095
9915,0.6286632005560664,0.9171254794182527,0.1247822511586121
9916,0.6286656505017554,0.9171214403672473,0.12477953937305444
9917,0.628646975379476,0.917110998786294,0.12480227940109445
9918,0.6286421973890608,0.9171129279999998,0.1247989338992026
9919,0.6286447578221377,0.9171014180497035,0.12479613842565172
9920,0.6286321583379146,0.9170795549087233,0.12479180935451355
9921,0.6286441349064837,0.9170809153502608,0.12479104731606436
9922,0.6286528867896263,0.9170872986649327,0.12478376641951851
9923,0.6286542382411682,0.9170913876756556,0.12478019441323075
9924,0.6286673107610321,0.917081564826588,0.124790148813228
9925,0.6286803103552812,0.917090388481306,0.12479348779145667
9926,0.6286944473416421,0.9170927020005308,0.12480986263652236
9927,0.6286863774657891,0.9170872218038288,0.12484195156951804
9928,0.6286845969666837,0.9170850005179285,0.12482976345304989
9929,0.6286679467296494,0.9170762229798729,0.12483266763461781
9930,0.6286717125761931,0.9170811728349586,0.124828761579682
9931,0.6286731734040389,0.9170874024274228,0.12481774704312942
9932,0.6286561815764566,0.9171028322940137,0.12482077956779322
9933,0.6286659712098818,0.9171081241810113,0.12481693278025943
9934,0.628649533966656,0.9171149417609197,0.12482973687824661
9935,0.6286651914577873,0.9171137158263138,0.1248375711707453
9936,0.6286614841443053,0.9171126782014124,0.1248408078586048
9937,0.6287135281883307,0.9171498290159413,0.12484473253983489
9938,0.6287250733867028,0.9171502786533987,0.12484015447721204
9939,0.6287194432063978,0.9171452749955403,0.12484610566516341
9940,0.6287072358267611,0.917135698102005,0.12489128414998989
9941,0.6286926553244211,0.9171217747130489,0.12489846125592897
9942,0.6286860338758086,0.9171193305299475,0.1249019291357255
9943,0.6286841736450328,0.9171172783384757,0.12489784354656508
9944,0.6287033397209032,0.9171321624912295,0.12489563932745984
9945,0.6287133773364884,0.9171397256238448,0.12490090361635942
9946,0.6287268863363862,0.9171377579795872,0.12490934343790107
9947,0.6287082442996198,0.9171291994956774,0.12492705830381298
9948,0.6287453870361426,0.9171380577378921,0.12497390014947274
9949,0.6287449625944233,0.9171478037258558,0.12497695974048514
9950,0.6287603813473729,0.9171607471357383,0.12498990984514745
9951,0.6287613124234748,0.9171614427287278,0.1249894999451352
9952,0.6287397311989774,0.9171567273000087,0.12498411779169424
9953,0.6287582171708505,0.9171561316264542,0.12499580474218815
9954,0.6287734913543058,0.9171461319968479,0.12500870660825397
9955,0.6287618253697582,0.9171365397310918,0.12502443465366317
9956,0.6287574651437545,0.9171342607993637,0.12502195631922042
9957,0.6287503334306125,0.9171304869191663,0.12502120149900384
9958,0.6287472241147379,0.9171237769448033,0.12501822461881995
9959,0.6287498922470228,0.9171276545874907,0.12501445389241733
9960,0.6287677280206617,0.9171257522751713,0.12500547149520214
9961,0.6287979969988536,0.9171292417692845,0.12502482462875783
9962,0.6287876793872847,0.91712230121161,0.12506316089304517
9963,0.6287979597932489,0.9171219476505325,0.1250634289369955
9964,0.6288104395145622,0.9171249529196916,0.12506668873664362
9965,0.6288056374028409,0.9171297221511834,0.12506883274303945
9966,0.6287964000387747,0.9171226355574116,0.12507314014251472
9967,0.6288221092632561,0.9171219860810843,0.1250764855286968
9968,0.6288262614709105,0.9171136889249275,0.12507877439771184
9969,0.628798681958157,0.9170886783217461,0.12512940013900709
9970,0.628805605782401,0.9170915990436911,0.1251374581059239
9971,0.6288147284628804,0.9170949463447622,0.12512147270857762
9972,0.6288127692627029,0.917090246288264,0.12512017848946944
9973,0.6287960666610907,0.9170906574951694,0.12512741663545132
9974,0.628803534087915,0.9170848198943345,0.12513091568316892
9975,0.6288040276289851,0.9170728641496362,0.1251333250917581
9976,0.628800190439421,0.9170580145843791,0.12517086985266393
9977,0.628799106684941,0.9170613503562847,0.1251739884290745
9978,0.6288116972905584,0.9170699049971393,0.12516967791812897
9979,0.6288571702784694,0.9170785941449255,0.12517831953539266
9980,0.6288878780918153,0.9170894392466739,0.12517684020475334
9981,0.6288871134493121,0.9170775180894721,0.1251911724307569
9982,0.6288933045493083,0.9170825409626064,0.1251968881031408
9983,0.6288782111817095,0.9170767686937099,0.12520165354495766
9984,0.6288973242226463,0.9170932784588094,0.1251983267147179
9985,0.6288984559492735,0.9170993581721212,0.1251967109962982
9986,0.6288829926699914,0.9170881249217986,0.1252019438893993
9987,0.6288799471226391,0.9170842472791112,0.1251969722114479
9988,0.6288816225155451,0.9170837937985986,0.1251936415430635
9989,0.6288989274717189,0.9170960646738228,0.12519960320388568
9990,0.6288849939031721,0.9170967103070947,0.12520827361330425
9991,0.6288757745084503,0.917092705843586,0.1252076718451626
9992,0.6288687845069683,0.9170746434841894,0.1252090188222792
9993,0.6288776644373426,0.9170757541271396,0.1252143030830362
9994,0.6289165240483361,0.9170866799330469,0.1252031176429139
9995,0.6289325752425606,0.9170883593481652,0.12520611559709416
9996,0.6289318239658732,0.9170869182024687,0.12520109605711252
9997,0.6289302985508047,0.9170942622809383,0.12519074026026214
9998,0.6289237040897304,0.9170789938226654,0.1252009293506929
9999,0.6289443373922855,0.9170748010494523,0.12519055910663332
10000,0.6289389312818567,0.9170786863782502,0.12520356563282325
