iteration,validation_average_precision,validation_auc,validation_binary_logloss
1,0.2890905113211706,0.8377087650381344,0.14040553786946994
2,0.356626202511689,0.853500005637762,0.13834548400466573
3,0.3649982903317009,0.8601133425349909,0.1388712826013811
4,0.37498447571863636,0.8645147609789918,0.14044985010543504
5,0.38027935786465294,0.8666685224780183,0.14274760334949566
6,0.38161389048284694,0.866998892639019,0.1456720914254824
7,0.38602208856116416,0.8693950125705951,0.14851363096164205
8,0.3941997139109648,0.8717551557410029,0.15169503251568892
9,0.4015888300083106,0.8740491138149157,0.1547596036169799
10,0.4034608956554814,0.8758809195222815,0.15802486084789621
11,0.40532624436562914,0.876968972993998,0.16130675709996145
12,0.4099279276104633,0.878241306726694,0.1646786188209313
13,0.41130127606770006,0.8792356511406392,0.16823007046584867
14,0.41418378141176954,0.8804173598673544,0.1713472868111477
15,0.4157174012735489,0.8818661244208026,0.17480679578222166
16,0.4187957377314122,0.8827890783199968,0.17818418139950493
17,0.42290019310017724,0.8838257386146473,0.1814757122159931
18,0.42525584299110253,0.8843919013484043,0.18477230948636925
19,0.4258980161934055,0.8849577931467704,0.18805784283812446
20,0.4266993305021911,0.8857714832223086,0.19127613184499848
21,0.42840858238117174,0.8863702254564453,0.19441788846762434
22,0.4306161990096102,0.8873229418965641,0.19742468534515437
23,0.43165244890024507,0.887904886136462,0.20047080320239408
24,0.43285610027559157,0.8882234638826099,0.20368714180073202
25,0.4340967815404824,0.8885667851396035,0.2069129254505607
26,0.4364615812106573,0.8893081796608933,0.2096909961978166
27,0.4369869131882253,0.8895731583162957,0.21239369481740805
28,0.43746336322607887,0.8898291230857482,0.21528835086055306
29,0.4393873535719015,0.8903574778425386,0.2180203810246547
30,0.4393391605772408,0.8907507338371533,0.2206682187061549
31,0.4408358720660077,0.8911576845589402,0.22317597725677674
32,0.4415645724443417,0.8914644987131491,0.22579699549965965
33,0.4419677328826099,0.8917180269856108,0.2283674398240137
34,0.4429163029801392,0.8919296928578795,0.2307367947555988
35,0.4439591141475697,0.892442911741801,0.23319469681115623
36,0.44427088239707735,0.8928416498546453,0.23550562536854094
37,0.4440846191879697,0.8932113306271923,0.2377363515880183
38,0.44580747699902523,0.8935280848436521,0.24005152736960225
39,0.44555030739612056,0.8937657509058139,0.2423090411570378
40,0.4462917561671899,0.8939518835193953,0.24467487959004616
41,0.44672167031168475,0.8940858370511241,0.24694840433087678
42,0.4471438132032636,0.8943263162296855,0.24936722588147117
43,0.4478876354967296,0.8945596799915613,0.25135754311099556
44,0.44908420927270093,0.8948256962718653,0.2534913955017882
45,0.4493438900167892,0.895042771244315,0.2555540781976265
46,0.45056491252996234,0.8953235275628031,0.25750424495767626
47,0.45017681962427925,0.895556633839981,0.25920901330555846
48,0.4510754437642545,0.8958199081004063,0.26072285928856237
49,0.4510873788537384,0.8959365486685009,0.26306704317621843
50,0.4512709195562036,0.8960227483964295,0.2648858181011291
51,0.45091202306227446,0.8962078491496921,0.2663194806639779
52,0.45154406862760155,0.8965229008927025,0.2678085102062377
53,0.4516618621582529,0.8966202627744326,0.2696336302908065
54,0.4518817823082553,0.8967689409721249,0.2713424100959073
55,0.4530713896018327,0.8970148369369777,0.27276551820218864
56,0.45379672428375445,0.8976321334415753,0.27405449375671403
57,0.4554270082903209,0.8978594789790223,0.27526857933171234
58,0.4563328848313236,0.8981670694303798,0.2764869533781026
59,0.45716947747348946,0.8983345228742066,0.2777549992080185
60,0.4577774092107565,0.898530309242427,0.2792164505295298
61,0.45895885345166715,0.898772661910394,0.2804512069768874
62,0.45984914728578374,0.899032917450967,0.2815689743974352
63,0.4604454361853286,0.8992207736748014,0.28258173403614045
64,0.4610179676755272,0.8993692731704273,0.28360287371801796
65,0.4597104031600334,0.8995639969338876,0.28496184942096314
66,0.4602071230920704,0.8999252691016771,0.28606884078723654
67,0.46001941989727174,0.9001563962054319,0.2867935738956223
68,0.4607313512799875,0.9003697280421258,0.28780481069508823
69,0.46138435128195454,0.9005434418228583,0.2886510698277144
70,0.4620036051257891,0.90060920610481,0.2896682718414749
71,0.4619205909384657,0.9006789383412462,0.29038002740805763
72,0.46090716560795686,0.9008007631907932,0.2912982707557372
73,0.4612319322291724,0.9008483824876617,0.29244512595907557
74,0.46097716014842977,0.900998955311563,0.2931592531110064
75,0.46173604717056804,0.9012854627621442,0.29383593259452606
76,0.46175333393008633,0.9018137003057511,0.29430331263149745
77,0.462417586954975,0.9019593674697015,0.2947284294810453
78,0.46282502917453117,0.9019228622884445,0.2954832527068676
79,0.4637228384879831,0.9021696133330772,0.2960115625260817
80,0.46426514255977236,0.902219008121444,0.29642873662321456
81,0.46501454433594297,0.9025183955714968,0.2971169058006245
82,0.4656205523660164,0.9026905336996011,0.2973897222832287
83,0.4663185662752379,0.9028202733213133,0.29759912470071703
84,0.4668190388040586,0.9030534699102882,0.2978345843586985
85,0.4669439157885511,0.9031440737794655,0.298091971824446
86,0.46722410810829185,0.9034002710537571,0.2988965197445676
87,0.46774385168650184,0.9035449832184924,0.2994355395801743
88,0.4678465334005619,0.9035463705614163,0.2998131882725306
89,0.4682529681698159,0.9036531344776707,0.3001140849604539
90,0.4686443392357029,0.9038795634464547,0.3003087843456627
91,0.4690997856808242,0.9039276746543877,0.30096479036894824
92,0.4694855539691542,0.9040068089253481,0.30123957862620354
93,0.4696127590684443,0.9040449973647786,0.3015841228998692
94,0.4700363468722473,0.9041581023220977,0.30158600416928943
95,0.4704045324948245,0.9044338396105067,0.30173771849802095
96,0.4704790230073052,0.9046379481147427,0.30167186356936027
97,0.4727822395193653,0.9048291670118691,0.30164120155837265
98,0.4734555243899114,0.9051911674386173,0.3017209715122971
99,0.4732569747113529,0.9052231474223872,0.3027321320178106
100,0.4736731083401085,0.9053616780328483,0.3033270458227654
101,0.4732500554547824,0.9054220543514226,0.30320679876161394
102,0.4734035618478003,0.9054587209409976,0.30353389008503273
103,0.47427538890161836,0.9055122220338356,0.30423794656696096
104,0.4745604005017067,0.9055831994201536,0.30478103673035256
105,0.47562971661077263,0.9056861817701003,0.30485814929483696
106,0.4760368364732167,0.9057286936466205,0.30559721498644304
107,0.47631277030499286,0.9059412933813005,0.30556530951092487
108,0.47683579170202495,0.9062779911326728,0.30572479312305784
109,0.4774499377646255,0.9064374894522547,0.3057797856671652
110,0.4776879358514064,0.9064967109327442,0.3059067130365813
111,0.4778482500042396,0.9065601732246367,0.30587324147437506
112,0.47880137359276753,0.906810050594667,0.3054513663074326
113,0.4792768304544447,0.9068987444654144,0.30538947351120843
114,0.4801468529820675,0.9070470902388328,0.30460670115507393
115,0.4803098025250327,0.9070380244716377,0.3046054572259674
116,0.4808982520934492,0.9072125952536777,0.3044867975384403
117,0.4813581819749118,0.9074626321104985,0.30447354434222623
118,0.48167516913832364,0.9074905173189627,0.3047703436838243
119,0.4817971742896,0.9076221304300803,0.30464025068518924
120,0.4854174336523528,0.9077447853795485,0.30438540808302805
121,0.48562143831248794,0.907682481768796,0.30421990270986604
122,0.4858766396495288,0.9077368033539173,0.3044331715442163
123,0.486393038725991,0.9078725400632547,0.30442644416170545
124,0.4868790757216378,0.9078617718226102,0.3043723603400902
125,0.48696623620177837,0.9080274190304972,0.30436119265911243
126,0.48802858624555445,0.9081392519365482,0.30414554298113744
127,0.4879759895859316,0.9082454931972965,0.30396331074550226
128,0.48868738580149534,0.9082297981598976,0.3038715514252393
129,0.49160228687079466,0.908298669551971,0.3035995721512737
130,0.4921893643207484,0.9084257171135222,0.30337549836540306
131,0.492259921018508,0.9084042305919506,0.3030075465206088
132,0.49243088479981195,0.9085198047122297,0.30293761318817103
133,0.4918299910722787,0.9085531970187822,0.3027386958396067
134,0.493982259677191,0.908679833373428,0.30254182011111236
135,0.49429925909062633,0.908673388569873,0.3025859267570956
136,0.49472664796536014,0.9087193322946785,0.302322445040995
137,0.495063470982473,0.9088780543171118,0.30205819019861263
138,0.4958042067413493,0.9089356924588627,0.30185247016240735
139,0.49637030752474737,0.909029662844387,0.3016500796603217
140,0.4975445164445786,0.9091300357598592,0.3016058288158484
141,0.49780149498361853,0.9093482598058109,0.30124717822981584
142,0.49823962986426634,0.9093894342991247,0.3010316853360299
143,0.4986081361422707,0.909506797361595,0.30078298686763916
144,0.49920182439924404,0.9096726175069657,0.3001595265543749
145,0.4995025284359716,0.9097332378595446,0.3000464460281463
146,0.49969735790703,0.9098657809900185,0.2997439083672117
147,0.5007500662973108,0.9099513773582821,0.29922309613083403
148,0.5010220392963647,0.910026159369239,0.29888815321641543
149,0.5011396681791048,0.9100885878792853,0.298557696097756
150,0.5015670086083952,0.9101721358991323,0.29803709038996895
151,0.501186762148808,0.9103458516013923,0.2976530652339491
152,0.5010523503573419,0.9104727608129565,0.29703632269279373
153,0.5015432212078388,0.9105121405994961,0.2968870397309281
154,0.5016046592307094,0.910529826339484,0.2968115013686885
155,0.5021781014444164,0.9106605017451352,0.2964571066427564
156,0.5023858918007293,0.9106856699135795,0.29626402188815965
157,0.5030980702276718,0.9107458867453634,0.2960374484210155
158,0.502909411632877,0.9107381545183195,0.29606967156075
159,0.5024055027625899,0.9107243348918537,0.29586369426071546
160,0.5026033598911424,0.9107568048651603,0.2957440406345881
161,0.5030128409292001,0.9108317367552696,0.29569180865279204
162,0.5030318525038773,0.9108295846443628,0.29549095210610127
163,0.5030022019979652,0.9109445726987253,0.29518739858333404
164,0.5036790871282529,0.9109713664795153,0.29504430446622454
165,0.504811454142508,0.9110331205333755,0.2947329444853615
166,0.5059027877386404,0.9111147393395167,0.2943259383585633
167,0.5057459133938199,0.9112028452228199,0.2939254913634702
168,0.5063137888499946,0.9114059814340928,0.2935525898500912
169,0.5062787993623075,0.9114431437777873,0.293235503570123
170,0.5060288353574759,0.9114799909909563,0.2929022086424846
171,0.5064539737409112,0.911608621891246,0.2921132427389927
172,0.5065551420792459,0.911661325550132,0.29198738909830046
173,0.507275656761906,0.911673131415678,0.29175874407028324
174,0.5068225031081258,0.9117448120810959,0.2913076018596662
175,0.5066340246192294,0.9117831888302308,0.2907681392630458
176,0.5068751125063157,0.9119293133177488,0.290296571596313
177,0.5109320672247619,0.9119548619486569,0.2900140766674487
178,0.5113636092183583,0.9119705685152215,0.28752787596676
179,0.5118405356642156,0.9120354008562895,0.28714644198519584
180,0.511799312650326,0.9121410502865386,0.28683937817367966
181,0.511981661968748,0.91213201142073,0.2864337917225985
182,0.5122133484253846,0.9121698193976966,0.28583459855761345
183,0.5125581217306497,0.9123441096367076,0.28560328836867926
184,0.5139396016911115,0.912356730229954,0.28537800649943246
185,0.5149431631081722,0.9125039499882014,0.28497982207455247
186,0.5141784640154525,0.9125234554148222,0.28463653621873397
187,0.514928955271325,0.9126056622084076,0.28415139236011566
188,0.5162518191477414,0.9125927879735185,0.28398714110388484
189,0.5166287693154904,0.9127158656590576,0.2835058013066044
190,0.5168901090745973,0.91269274583903,0.283146054209758
191,0.5175476931089468,0.9128354922810353,0.282592549914474
192,0.5178977968712484,0.9129848564640791,0.28244608564674445
193,0.5184317245416765,0.9129365646325521,0.2819809069448438
194,0.5187534534985455,0.913062194106738,0.2814158965980466
195,0.5191574130690284,0.913209225555281,0.2810650628562232
196,0.5190353308604635,0.9132274032063332,0.28082556513372514
197,0.5192481840941181,0.9132310848532059,0.28087493814877484
198,0.5188581828565133,0.9132541009107433,0.28073255834783645
199,0.5191214490750804,0.913347152806077,0.2804049650328645
200,0.5194755610596441,0.9133463150200455,0.28027860189242454
201,0.5195249993517531,0.9133612107019649,0.2798165607757156
202,0.5198430397346647,0.9133648039585682,0.27958923692401694
203,0.5202413192941391,0.9134389633945842,0.27947064763572577
204,0.5203756580380129,0.9134986575708621,0.27940428503476394
205,0.5208829208192408,0.9136677904298072,0.27898767066720365
206,0.5213046255780069,0.9137978355744071,0.2787430953002697
207,0.5212530072910021,0.9138149948158338,0.27831221100382897
208,0.5215118755085245,0.9139158596423703,0.278071049543171
209,0.5221132867617592,0.9139932933614089,0.2777701835745471
210,0.522580924800403,0.9140474496951569,0.27729339226518185
211,0.5228588962393194,0.9142101415936023,0.27347917162840324
212,0.5237230468856919,0.9142502323453523,0.2732673283593601
213,0.5243884357485111,0.9142926443024374,0.27282825764586477
214,0.5249386779210784,0.914277222121957,0.27252360387485813
215,0.5258422805040971,0.9144615773225125,0.27235649986262245
216,0.5258170456872985,0.9145423122259599,0.2720170387960223
217,0.5262924579482562,0.914531394106163,0.2719068024102237
218,0.526835878797803,0.9145500559821693,0.2716312101279664
219,0.5270695178345491,0.9145804045890107,0.2712754406847743
220,0.5271620066050091,0.9146014145717385,0.2711028605810695
221,0.5276751443279296,0.9147334235175408,0.27060863951183645
222,0.5275656814228603,0.9147543835405513,0.2706969521178197
223,0.5278204306688549,0.9148026676859679,0.2705491350021835
224,0.5277215800593454,0.9148785949273716,0.27026902500365624
225,0.527737161871137,0.9149215794996802,0.2700708525710652
226,0.5280337179780499,0.9149521317884467,0.26989342730175253
227,0.5282602570868787,0.9149904508917537,0.26956997473388783
228,0.5292862881025833,0.9150640031250495,0.26915155893062376
229,0.5291099674029773,0.9151381971485621,0.268862778115895
230,0.5286858072329299,0.9150956583706558,0.26855963225190016
231,0.5290132206887833,0.9152088594043546,0.26813115976725443
232,0.5293787901753573,0.9152569706122876,0.267908746221309
233,0.5292829441289167,0.9151294964716103,0.26767576333699145
234,0.5294083115119637,0.915090647026687,0.2674075410499043
235,0.5298353630964617,0.9151724925730845,0.2670025745719018
236,0.5300003855955,0.9151978183067916,0.2668464488796547
237,0.5302430338998356,0.9152745180022887,0.2665114679772934
238,0.5301075798947131,0.9152158345495258,0.26628364469295485
239,0.5306747841173877,0.9152120068665558,0.26583079258795667
240,0.5309155950493353,0.9152865083344838,0.2652853859023637
241,0.5307051140851847,0.9153325212342827,0.2616115039432517
242,0.5314678143670033,0.9153628621550136,0.2614130683161063
243,0.5319738000374664,0.9155354883511271,0.2609831882179877
244,0.5320209605179255,0.9155163307210012,0.26070221687850237
245,0.5323464254239053,0.9154460642998935,0.2604265316783632
246,0.532299239570442,0.9154648260953347,0.26009336508549646
247,0.5322016269843136,0.9154586579917535,0.2600168802174289
248,0.5323722065323016,0.9154844986948562,0.259695968888541
249,0.5323360565723064,0.9155067307691347,0.2593755902612905
250,0.5329666965076014,0.9155418409213574,0.2591300324607986
251,0.5331559518164256,0.9155611907042429,0.2590727922021767
252,0.533653492448165,0.91558117843429,0.25886755629273484
253,0.5346562632149725,0.9156715132896038,0.25843242851935483
254,0.5345283105915571,0.9156834190745847,0.25809186146490115
255,0.534520295467593,0.9156848256327846,0.2578119295666688
256,0.5351098645454113,0.9158267842484759,0.2573878201069153
257,0.535215424761278,0.9158484206491998,0.2574419049430819
258,0.5352184381684129,0.9158252239680684,0.25747524400672006
259,0.5354492142947563,0.9158699033277161,0.25700724130523517
260,0.5356662655107636,0.9158701684985242,0.2568220119876152
261,0.5357566721246356,0.9158504420962301,0.2567778253387674
262,0.536015053518962,0.9158657336128341,0.2565897872401311
263,0.5366376185366833,0.9158387207778983,0.25397396923598875
264,0.5367323634080976,0.9158475943923338,0.25360238563128173
265,0.5366865512389912,0.9158344473005262,0.25330454473179775
266,0.5369134748911295,0.9159220036269371,0.25307000781197336
267,0.5368491752480045,0.9159319263954396,0.2528011880485675
268,0.5368848166559256,0.9159408768709789,0.2529022574763553
269,0.5373123359347033,0.9160263579475869,0.25246938991439627
270,0.5377383817440228,0.9160865747793708,0.25215728538719223
271,0.5377746737162823,0.9160845341170645,0.2522166101088135
272,0.5378894267306985,0.9160617563289489,0.2519223396400583
273,0.5380718611157234,0.916063873852359,0.25170375383944665
274,0.5381240718351157,0.9161271843435714,0.251493275789335
275,0.5383646190231084,0.9161482942457343,0.2513553859976085
276,0.5385908564219125,0.9161631207526602,0.25107939633629794
277,0.539055748425641,0.9162253129148121,0.2508614516088484
278,0.539314764654848,0.91634574657838,0.2504662542383589
279,0.5393740850259792,0.9164247098333844,0.25029136240255984
280,0.539386125540643,0.9164706304998588,0.25012218097982375
281,0.539396717600716,0.9164422956539373,0.24970911031842036
282,0.5398943721961955,0.9165680404197788,0.2493991336989003
283,0.5400674029093233,0.9166459506776609,0.24922972696555198
284,0.5401837975289131,0.9166680674602837,0.24906969402872264
285,0.5403555808058608,0.9166836779504686,0.24890234171846182
286,0.5404928715445492,0.9167165245431839,0.24873670382390045
287,0.5408326630691047,0.9167756960639559,0.2484628876639912
288,0.5409179698126801,0.916819153332053,0.24828211601386574
289,0.5410985307911357,0.9168079892567238,0.2480042188399557
290,0.5414240468213798,0.9168473344557668,0.24777803235870682
291,0.5416672968818423,0.9168266165452335,0.2473865746280576
292,0.5417942271464332,0.916887352189468,0.24706410125403142
293,0.5419239256234363,0.9169715535286975,0.24668757811792785
294,0.5421384948822192,0.9169609121088743,0.2464164902455103
295,0.5420836902210524,0.916913039170363,0.24628091361718837
296,0.5421048197561703,0.9168887472185023,0.2459485173553925
297,0.5420932884772627,0.9169178084018548,0.2456915177667929
298,0.5418866328587311,0.9169082891541473,0.24552356373665038
299,0.5421183111381671,0.9169421080398259,0.24455063761299523
300,0.5421830576881367,0.9170104183458416,0.24421554291045447
301,0.5421235545991254,0.9170253908888648,0.24401879499924944
302,0.5424748805350885,0.9170503246309424,0.24390461573152164
303,0.5426986188065197,0.917086380174742,0.24100339003224638
304,0.5427262241865044,0.9170964566654521,0.24110187570426245
305,0.5431209869910426,0.9171456170274523,0.2405522016734217
306,0.5430863982068352,0.9170857921872978,0.2403591994826645
307,0.5430072331707105,0.9170757733424155,0.2400692116558283
308,0.5429959182141115,0.9170327311242791,0.239842822756818
309,0.5431440861630528,0.9171031935412016,0.2395447047099867
310,0.5430858133386007,0.917124879901643,0.23931309638560588
311,0.5431314919288074,0.9172111449615098,0.23910992472705306
312,0.54324272444317,0.9172653205105339,0.23910064691997743
313,0.5438017133725368,0.9173276625518383,0.23890819507675934
314,0.5438828825231905,0.9173135354809571,0.23867428550958508
315,0.5442057967141617,0.9173504326538435,0.23829967895727902
316,0.5441961122005653,0.9173200571456158,0.23815449720596682
317,0.5443638482319116,0.9173718615295872,0.2378203090385872
318,0.5445491802600829,0.9174803317623462,0.2338757677650297
319,0.5449719020460215,0.917445836498954,0.23361960936003773
320,0.5451603186818104,0.9175334504711927,0.23030489950930902
321,0.545476366089712,0.9176013764716894,0.23002113337858282
322,0.545663101322685,0.917731598396828,0.22970429389481378
323,0.5458542549382213,0.9178092242686261,0.22943045779372426
324,0.5458648554114487,0.9178002046180933,0.22904320396119654
325,0.5462149085650809,0.9178937292092155,0.2282774184287014
326,0.5461921446605319,0.9177824996628295,0.22807573572688225
327,0.5463006323711769,0.9177635264993528,0.22785133352817352
328,0.5464754449029608,0.9177558519181369,0.22754742601429756
329,0.5466940549332918,0.9178141818098221,0.22731158111437114
330,0.5466349480569472,0.9177571816152329,0.22728773819526807
331,0.5469225003588996,0.9178561441294499,0.22712336539176103
332,0.5470276835343667,0.9178407373211902,0.22704803964916956
333,0.5471597875117802,0.9178715009779922,0.22621596255799703
334,0.547083924631481,0.9178175560122797,0.22603265005311735
335,0.5473122053901276,0.9179391464354598,0.22578204878295904
336,0.5476556895026631,0.9179427281628977,0.22571903990718375
337,0.548011689868423,0.9179392002382325,0.2257203476382668
338,0.5483723260589288,0.9179663129926033,0.22544856554982698
339,0.5486899315202801,0.9180051316930851,0.22515003698372182
340,0.5487176304052372,0.9180006007310152,0.2249248028534659
341,0.5491412596400496,0.9181500686765491,0.22459487850778873
342,0.549387073695479,0.918196442823536,0.22430049765259988
343,0.5495715993795194,0.9182181637714741,0.2240970846388887
344,0.5497044475814873,0.918219631818557,0.22394408618713357
345,0.5496311206727326,0.9181490041502613,0.22376466062688707
346,0.5497222966348333,0.9180945249998772,0.22340908619601493
347,0.5499634543605643,0.9181594611034354,0.22322097382190093
348,0.5502993091597733,0.9182671511959907,0.22295541346859507
349,0.5503294867422053,0.9183008663191792,0.22292771043508672
350,0.5504371069792321,0.9183409263264876,0.222788548143215
351,0.5506135929118326,0.9183894756427123,0.2226046962696735
352,0.5508008224870994,0.9184345469939895,0.2223187583303495
353,0.5504973141435276,0.9184363878174259,0.22236352739717133
354,0.5505778603768241,0.9183666094643274,0.22226791484773512
355,0.5507562898895849,0.9184569058890893,0.2212526584691059
356,0.5507346829169254,0.9184995522725411,0.2211810302900841
357,0.550668372240507,0.9184546730740235,0.2209534805918129
358,0.5507824911360327,0.9184156929652236,0.22078769828476486
359,0.550685780495863,0.9184154585388571,0.22063841354198238
360,0.5509257564570029,0.9184100052435413,0.22025445790518877
361,0.5510768206821005,0.9184176875108677,0.2201287776007674
362,0.5513386191151028,0.9184336323468542,0.22012779662264687
363,0.5517216820961608,0.9184526554700484,0.21996509192236188
364,0.5518379787013442,0.9184644843939255,0.2195520350054755
365,0.5519273888198247,0.9185048364734284,0.21931714062536975
366,0.5521402174383113,0.9184873966889727,0.21915735239439693
367,0.5523901438548457,0.9185635583567431,0.21889116008886783
368,0.552422156206291,0.918565026403826,0.218968712234041
369,0.552578190478679,0.9186083683802673,0.21876263615147837
370,0.5530134787356156,0.9186334289431662,0.21587377562088284
371,0.5533018638861663,0.9186456460156176,0.21577851417814597
372,0.5534810489726535,0.9185777007998451,0.2155744456629891
373,0.5534802139984026,0.9186281947019964,0.21541237696577914
374,0.5533255291644963,0.9186274453062342,0.21545200056578975
375,0.5531601245431024,0.9186186408667922,0.21542517240291606
376,0.5534131708004667,0.9186155894809708,0.21526898609711542
377,0.5534826882483929,0.9186144288783031,0.21508464187154547
378,0.5536807632124682,0.918660057472583,0.21489860560498417
379,0.5546208741701628,0.9187185833600829,0.21082826935601023
380,0.5548253690683483,0.9187003864937547,0.2107411573036335
381,0.5549345106213733,0.918673415932426,0.21055891001121282
382,0.5549227069793574,0.9186812749802911,0.21034552914383656
383,0.5549820605283906,0.9187174573449121,0.21015237077351606
384,0.555021661847297,0.9187166579894324,0.2098913706403324
385,0.5548299035283082,0.9187638814516164,0.206602123842833
386,0.5550127950292911,0.9188695347249205,0.20648403406444368
387,0.5551957063624171,0.9188991147207237,0.20618483141438237
388,0.5551743137136578,0.9188485823880206,0.20611333470668367
389,0.5553650323035008,0.918913403199923,0.20261103895600002
390,0.5553106912717856,0.9189000139956384,0.20247372212606718
391,0.5554947264218425,0.9189327952564155,0.20221212355280885
392,0.5555472413254083,0.9189751341954521,0.20186005617727296
393,0.5556440172060114,0.9190329414316314,0.2016312917980918
394,0.5559737104071794,0.9191610535194703,0.1989819672896733
395,0.5559798025285092,0.9191763604082951,0.19888405967190392
396,0.5560556117870832,0.9191870479447806,0.19876556042726626
397,0.5560191887484215,0.9191390366562825,0.1986406304744447
398,0.5560124261645975,0.9192057251930077,0.19847565137727133
399,0.5561212549522742,0.9192657344998113,0.1983039925196647
400,0.5563500142933283,0.9193211244542756,0.19813329229614923
401,0.5565499836604781,0.9193316121518912,0.19783124594810017
402,0.5565703549014366,0.9192728364658038,0.19790790268152803
403,0.556468366770027,0.919255777143812,0.1977866269880278
404,0.5564733436579645,0.9192067436026332,0.19771951684047304
405,0.5565094280669974,0.9191681401132421,0.1975691726492997
406,0.5565675243958976,0.9191127693740537,0.19754756800144507
407,0.5565313708164034,0.9191362196968277,0.1973231629597478
408,0.5565391991315138,0.9192109440619567,0.19713722567396122
409,0.5566605003829964,0.919209299234335,0.1969219057982792
410,0.5569413610346243,0.9192090801801892,0.19691857009314687
411,0.557269825485088,0.9192633594917033,0.19668090844025823
412,0.5574606851593841,0.9193036500823233,0.19644553703987785
413,0.5577310577824347,0.9194783822726812,0.19602677761470827
414,0.5578379154897298,0.919470761494238,0.1959438386160907
415,0.55797763892996,0.9194870522051916,0.1958426668730808
416,0.5582706763681567,0.9194209708711866,0.1956295662432053
417,0.5583397610076903,0.9193700542329643,0.19552230358736933
418,0.5584633582537273,0.9193801883695023,0.19409310916843828
419,0.5586003879424647,0.9193860374995027,0.19403212625197375
420,0.5588625710707105,0.9194636326268592,0.1939235373300622
421,0.5590615504740395,0.9195403669098529,0.19371749290543963
422,0.5591953489522292,0.9195594130913782,0.19364028259700913
423,0.5590831994179855,0.9196218050924001,0.1934007997999952
424,0.55909619973823,0.9195908915564457,0.19331486862898076
425,0.5591600149249996,0.9196008181680034,0.1931444753378391
426,0.5593500402094386,0.9197172166236209,0.19296772994130243
427,0.5595734830195981,0.919727792711506,0.1927909845217311
428,0.5594587028675065,0.9197185693790482,0.19272949731756706
429,0.5597679871759378,0.919797159857699,0.19247665574882036
430,0.5596324351974763,0.9198137695422335,0.19230562525741746
431,0.5599363168687795,0.9198108680355644,0.1900236049842618
432,0.5600132729099544,0.919855462847998,0.18982088319401244
433,0.5600221279219308,0.9198608508113754,0.18973976752350658
434,0.5601129171674603,0.9198749163933736,0.18966882253100506
435,0.5603684149167206,0.9199361401056174,0.18941800990810473
436,0.5604338110241431,0.9199346566863138,0.18933226802282707
437,0.5606429804654115,0.9199374236860511,0.18926007113705914
438,0.560739239372146,0.9199656701417032,0.18916887478937172
439,0.5606979422297378,0.9199783637529982,0.18911185799712232
440,0.5607735391656159,0.9199931710446483,0.18889993756969445
441,0.5608794517946779,0.9199984398733148,0.18890653075367314
442,0.5608904990864388,0.9200168673229544,0.1886541814793684
443,0.560980626572581,0.9200462436368325,0.18856377964694043
444,0.5614098729968661,0.9200796628447714,0.1884232691216556
445,0.5615863058281639,0.9200385306250647,0.18834883690470455
446,0.5617526019727487,0.9200893627160728,0.18811921643746793
447,0.5617978626297715,0.9200854005261712,0.18530548156154145
448,0.5618632235309371,0.9200476770964187,0.1850908703810504
449,0.5619269562749687,0.9200395375055247,0.18498578808672714
450,0.5621682286419878,0.92002947254398,0.18471617053450043
451,0.5621591358318163,0.9200056302295767,0.18464384822415597
452,0.5620706102762504,0.9199675955123537,0.18453896042694887
453,0.5621717745685889,0.9199920757739188,0.18443478812863204
454,0.5622513226419092,0.9199951540611266,0.18428689035223064
455,0.5623498640051342,0.9200124516525402,0.1841182732363674
456,0.5623472443160105,0.919971246414785,0.18409284585637425
457,0.5623352647489472,0.9199926099585903,0.18407673562591292
458,0.5624555124234083,0.9199991469954698,0.18391014725320762
459,0.562438470176608,0.9199989125691033,0.18376640687446855
460,0.5626460090567271,0.9200032206339721,0.18359229021320062
461,0.5627606308374894,0.9201046196451801,0.1833317680780489
462,0.5629459996323956,0.9201751627662615,0.18316357388426122
463,0.5628138801658741,0.9201119445083736,0.18306080967280913
464,0.5628580765128051,0.9200787597268015,0.18295106993585628
465,0.5627090483753341,0.9202494067494917,0.17979202200719985
466,0.5629673482157129,0.920336567241218,0.1796095472732179
467,0.5629365207423692,0.9203494491622174,0.17935980863454423
468,0.5629325234403265,0.9203652633343273,0.17925728815027714
469,0.5630306679998954,0.9203829068007081,0.1788506499779049
470,0.5636638199446367,0.9204078136413995,0.17866454360609227
471,0.5638352647564535,0.9203668351439004,0.17856044040648864
472,0.563764233981872,0.9204286314713677,0.17838811576048072
473,0.56397353745856,0.9205125714828442,0.1782882969419142
474,0.5641466762226348,0.9205153384825815,0.17805878507955822
475,0.5641724104896663,0.9205204420598748,0.17797253685437242
476,0.5643254208364188,0.9205359142000727,0.17790294480815697
477,0.564531734204543,0.9205264718134691,0.17794441779751652
478,0.5650743743143987,0.9205237509303941,0.17768363483884103
479,0.5651350161558064,0.9204466515571571,0.17755291321929167
480,0.5651033296183741,0.9204543722550353,0.17747017708491952
481,0.5650262657255447,0.9204402951438716,0.1774379101999712
482,0.565103862771389,0.920416648825283,0.17733263169905697
483,0.5650932966721639,0.9203435193280581,0.17731683790207198
484,0.5651086748188643,0.9203236891632738,0.17717940294524018
485,0.5649877354750259,0.9203445108362973,0.17700075486798744
486,0.5653554903050181,0.9203840212867135,0.17605981390872658
487,0.565318244084232,0.9203400336770001,0.17593204129131315
488,0.5653475303126189,0.9203514014342543,0.1758903386981592
489,0.5654197439665963,0.9203778570261875,0.17573786785305479
490,0.5654936637433265,0.920359029898808,0.17572021928533146
491,0.5655249137126025,0.9203892478417729,0.17568393975287044
492,0.5657941666196277,0.9204348841221631,0.17542250932795694
493,0.5656386356698044,0.9204245847342518,0.17551791479500378
494,0.5656991126522624,0.920405085072214,0.17537538137336278
495,0.5658721173114196,0.920456762635364,0.17524923856634234
496,0.5660785174393829,0.9205402030496657,0.17517706955163773
497,0.5661802814811705,0.9205536729581093,0.17505044288234325
498,0.5663306229318952,0.9205449492228263,0.17490560186113158
499,0.5663320249115712,0.9205306645866822,0.17471423023289775
500,0.5664577905905708,0.9205443151187198,0.1745944140862564
501,0.5664492450204989,0.9205730188979395,0.17448159189682963
502,0.5665867552017197,0.9205572662147126,0.1743867969750576
503,0.5667290624968659,0.9205528044276361,0.17431844438467675
504,0.5668239478341759,0.9205815696957389,0.17401911664586636
505,0.5669139199496717,0.9206249885332841,0.17390633292439764
506,0.5669115733204911,0.9206603062104871,0.17377843201994086
507,0.5670656733332136,0.9206258032609845,0.17361115926044868
508,0.5671222669278025,0.9206095240791965,0.17356413494533865
509,0.5673832024302963,0.9206433852384822,0.17337181368763158
510,0.5674730698175339,0.9206233091181657,0.17314331114449905
511,0.5675477375940136,0.9206484734435547,0.17305151055020354
512,0.5675332842649582,0.9205911888628814,0.17290998562522214
513,0.5675239719712364,0.9205466747546069,0.17280555501462344
514,0.5674450151783776,0.9205655249403175,0.1726952043397372
515,0.5672549565502072,0.9205511519139041,0.1726360822944279
516,0.5673307953475484,0.9205365636764,0.1723705347676877
517,0.5673468718728716,0.9204748826405884,0.17227556845533973
518,0.567403774867162,0.9204581576643983,0.17219372964241828
519,0.5673861551532842,0.920452350808005,0.1721292269569064
520,0.567678108100611,0.9205503756167556,0.1720140484161339
521,0.5677073720348764,0.9205576120896798,0.17198933856220766
522,0.5678943842308039,0.9205326552892711,0.1718224210130408
523,0.5678849649369394,0.9204918458862004,0.17177011193745914
524,0.5679879414543637,0.9204684839536958,0.17158931092061133
525,0.567964342023798,0.9204785988749579,0.17157466358202855
526,0.5679305739579769,0.9204905430904907,0.17135729446977108
527,0.5680453189260427,0.920472034936692,0.1713962895416143
528,0.5680529341561126,0.9204220944344882,0.17121548813568566
529,0.5682749643809324,0.9205197464668853,0.17096241658695788
530,0.5683998556623794,0.9205139741979887,0.17085617599732927
531,0.5684931312533559,0.920518451357286,0.17079730948974972
532,0.5682895309386891,0.9204993898035398,0.17071137819168425
533,0.5680723753024252,0.920686957798235,0.1685178711330914
534,0.5680688797661368,0.9206692105693641,0.16822800068280278
535,0.5684271866664176,0.9206546108026944,0.1682147543389109
536,0.5684137619420462,0.9206366368335672,0.16826724821327912
537,0.5684350107338052,0.9207312374801429,0.16819092364359925
538,0.5686340861232134,0.9207120337333546,0.16792385659695155
539,0.5686356031824775,0.9207102505557462,0.16790885946991485
540,0.5687721939137028,0.9207541613043557,0.16777947820680522
541,0.5689287968716478,0.9209045784845218,0.16750161566812805
542,0.5688637300554726,0.9209409222574607,0.16748332643194117
543,0.5690338509606925,0.9209735305807543,0.16730824244469308
544,0.569176833189624,0.9210934838624233,0.1666052855861188
545,0.5691501976211386,0.9210848100868577,0.16633577349427886
546,0.5692717812560908,0.9211314993643702,0.16615548412724174
547,0.5694380047967315,0.9212525517598238,0.16599128060374874
548,0.5695769262558442,0.9212140981495851,0.1657725403222159
549,0.5696397186380687,0.9212881269217246,0.16568047167081326
550,0.5699875277763056,0.921362697564646,0.16552391495253332
551,0.5700448760495447,0.9213583241678388,0.16544855948062448
552,0.5701408517028042,0.9213440472178052,0.16527413090477822
553,0.5702192350721343,0.9213775432868478,0.1652102345021884
554,0.5702886385192102,0.9213404385889811,0.16515047246075035
555,0.5703082882969925,0.9213124304027509,0.16508637247108074
556,0.5704566093636095,0.9213235214600314,0.16500443118554875
557,0.57068755330769,0.9212959705973689,0.16487713715486083
558,0.5708430641419171,0.9213254391445715,0.1647549586526238
559,0.5708291679851315,0.921348778018745,0.16466864822986305
560,0.5708897531325176,0.9213534127433051,0.16462440655160232
561,0.5710138698214628,0.9213192441396041,0.16455899410585526
562,0.5708212501133211,0.9212877579884262,0.16436827928641787
563,0.5708491074479594,0.9212846989164944,0.1642194146993593
564,0.5707842420408998,0.9212774662866254,0.16411943303859952
565,0.5707895582691787,0.921238735976413,0.16399385966050264
566,0.5710786695906905,0.9212597882327479,0.163836800806738
567,0.5712390870083618,0.9213024922620275,0.16375782189294422
568,0.5711988883430962,0.9212817781945494,0.1636870259129819
569,0.5713318918177066,0.9212365569641199,0.16364571602653147
570,0.5713224426258986,0.9211808096055227,0.16347232005660173
571,0.5712832585086048,0.9211860284744718,0.16353038697453937
572,0.5712111984332414,0.9211375329610196,0.16346791029173313
573,0.5712238639901692,0.9211224797138375,0.16333554529407407
574,0.5712449090237962,0.9210992484452094,0.16327369690202145
575,0.5712641616680804,0.921090174991904,0.16323238299020348
576,0.5713276709494565,0.9210996750243355,0.16317591918079713
577,0.5713903643106171,0.9210145513518604,0.16306334603107359
578,0.57149322522694,0.9210240014245744,0.1629328264088113
579,0.5715331218620756,0.9210346966471703,0.1627942280001141
580,0.5716506977345026,0.9210818816788023,0.16264454891933483
581,0.5716204662473869,0.9210543654036366,0.16254519978289644
582,0.5716580823596221,0.9210429361574993,0.1624218951231508
583,0.5717946888387393,0.9210283978797127,0.1623402752863846
584,0.571688241461947,0.9209808516008927,0.1622619154354499
585,0.572404054841763,0.9211500113612241,0.16099814117446665
586,0.5724010576531698,0.9211562486397986,0.16094614043255615
587,0.5725458345891783,0.9211612253962707,0.16082119749578414
588,0.5725117248226067,0.9211356229625899,0.16082430002356968
589,0.5726186285406573,0.9211627203447399,0.16079049768993617
590,0.5726922186253519,0.9212268225053216,0.16054400247460487
591,0.5728621028197131,0.9212513258252178,0.16048573257806847
592,0.5729616241548203,0.9212708677608629,0.160491209823747
593,0.5730498126765744,0.9212056126837239,0.16036698429872404
594,0.5731655043790979,0.9211943679042357,0.16029706513495748
595,0.5731788637481,0.9212099015333167,0.16017277085053194
596,0.5732576496105646,0.9211242206178389,0.1600829936434398
597,0.5733482068860584,0.921122448969396,0.15994503639363944
598,0.573558272009137,0.9211802216180786,0.15981032465286799
599,0.5735262750711517,0.921169330399668,0.1597598295963062
600,0.5736868916666724,0.9212205544823056,0.1596843190611849
601,0.5736382301985563,0.9212409764775892,0.15950294716315297
602,0.5734885615113052,0.9212359190169581,0.15942834296412778
603,0.5735784721029165,0.921239420040237,0.1593842748614747
604,0.5736427014451475,0.9212474328103096,0.15925348804504375
605,0.5737519276056825,0.9212892990535577,0.15920651117033396
606,0.5737982310398804,0.9213039372507793,0.15909300657395323
607,0.5738444722066007,0.9213037758424613,0.15892774534949783
608,0.5739210345431384,0.9213222109782113,0.1588407145686248
609,0.5739683048802472,0.9213168883467722,0.15874127256897072
610,0.5741382935128211,0.9213384248280612,0.15888735483123553
611,0.5742396055890729,0.9213831349321504,0.1587797105669354
612,0.5744611470522066,0.921405470768919,0.15865232007492072
613,0.5745035763307579,0.9213930307992666,0.15860914757361252
614,0.574453321748889,0.9213562988777533,0.158465497766941
615,0.5746035005353467,0.921409659699077,0.15831921143022176
616,0.5749167768482769,0.9215050404858562,0.15822239130066704
617,0.5749420100904509,0.9214921124481945,0.15813955017401932
618,0.5750408753075851,0.9215304353945567,0.15801521454094639
619,0.5751471913964132,0.9215256546338995,0.15800047643739462
620,0.5751931008492013,0.9215543776283951,0.15785594836784986
621,0.57520782486894,0.9215445932098795,0.1578326774612948
622,0.5753317006618643,0.9215580784905438,0.15771398727024102
623,0.575233028534521,0.9214821012894227,0.15768741416174414
624,0.5753810803701345,0.921510332372854,0.15759192107685574
625,0.5754701234698701,0.9215218307939846,0.15748051367679977
626,0.5755793351169026,0.9215783121761232,0.15738878387543634
627,0.5755689212101502,0.9215642927107873,0.1572922146782281
628,0.5756301471167602,0.9214903331136413,0.15725064255382754
629,0.5758396893197211,0.9215164889472696,0.15719284165705982
630,0.5760414736346102,0.9215625902373378,0.15689933423584512
631,0.5760481976160643,0.9215732047557746,0.15684248933646394
632,0.5759963786255055,0.9215529057382571,0.15669416260223912
633,0.5761373893713502,0.9215755720777722,0.15654596513369706
634,0.5761855074579824,0.9216091411648634,0.15655911774722717
635,0.576167543375514,0.9216032805056975,0.1565241302371038
636,0.5761601343343007,0.9215865324711762,0.15651776962355599
637,0.5764430908406406,0.9216625673181252,0.15601913925339828
638,0.576762491024326,0.9217555961551278,0.15545127981524023
639,0.5768137400254927,0.9217266348912103,0.15533626082097968
640,0.5769799864352843,0.9218004292369831,0.15515566941417608
641,0.5770137701864682,0.9218208666044876,0.15514881385125037
642,0.576931894885195,0.9217558536398256,0.15508219514355617
643,0.577060985037608,0.9217154592867156,0.15501653638563717
644,0.5770735608068316,0.9216880083434881,0.1549856426732586
645,0.577118678169646,0.9217218964041601,0.15481336527398132
646,0.5771071233872374,0.9216877393296247,0.1546776935995371
647,0.5770961503166874,0.9216580171407794,0.15460684731163687
648,0.5773637313824886,0.9216865287672396,0.15454427104710508
649,0.5772656731702769,0.921613748988037,0.1544901434524077
650,0.5772262189408752,0.9215156050445756,0.15448494902548746
651,0.5771607797092836,0.9215047945303241,0.15441272134995196
652,0.5771366458997874,0.9214933114814141,0.15445482847133712
653,0.5773257569487434,0.921497481196296,0.15429600055686304
654,0.5773135105849141,0.921498407372597,0.1542338924542089
655,0.577332408076876,0.9215348664371917,0.1541771785248232
656,0.5773713021133698,0.921534086296988,0.15416437993445023
657,0.5774605725309361,0.9215735583168522,0.154098071008781
658,0.5774569749020975,0.9216279260186357,0.15402491612565192
659,0.5775537237872459,0.9216520181316267,0.15390968478036718
660,0.5776154484458641,0.9216835427133564,0.15379068186586786
661,0.5776822931040869,0.9216800954928502,0.15375866493540266
662,0.5777112528424216,0.9217293173437334,0.1536241940740331
663,0.5777615395270016,0.9217747883727504,0.15346993774703385
664,0.5779482923673739,0.9218008750313853,0.15345091393497634
665,0.5779827430908878,0.9217931697057278,0.15335503916785823
666,0.5779503418687219,0.9217519798401933,0.15324600084580367
667,0.5779799155159582,0.9217146330298496,0.15315852469551017
668,0.5786376953248904,0.9217594353672633,0.15068572304356947
669,0.5786640579065078,0.9217609495310085,0.15065778768661567
670,0.5787099903822833,0.9217500314112116,0.1505870949059466
671,0.5785240335253624,0.9217178535100994,0.15049751002537476
672,0.5785882833692252,0.9216972701064977,0.15037666026988203
673,0.578575583746866,0.9216956444941521,0.150346545435717
674,0.5787253745769423,0.9216847763340726,0.150244371165191
675,0.5786830755463186,0.9216985959605386,0.15015280542721526
676,0.5785923153133541,0.9217044566197045,0.14993835722786278
677,0.5786590052605597,0.9217176344559536,0.1498360254346437
678,0.5786590052605597,0.9217176344559536,0.14983575398592214
679,0.5787662750683744,0.9217260738051525,0.1497718723209625
680,0.5786846053615201,0.9216824897162341,0.14971824593612604
681,0.5788501796575486,0.9216389709592541,0.14967957348228572
682,0.5787641415491732,0.9215669982216416,0.1495968515046421
683,0.5787581090182649,0.9215725744947234,0.14946365673051654
684,0.5788026685646661,0.9215708873934946,0.14941562277078738
685,0.5788470234905775,0.9215706568101831,0.14936728547792605
686,0.5789288552491724,0.9215355120704637,0.14931508730094295
687,0.5789955646332268,0.9215510187981585,0.1491940867261828
688,0.5789740804560732,0.9215742039501242,0.14912460189194574
689,0.5791800248054642,0.921601900848884,0.14902731766918725
690,0.5791560534505903,0.9215946413176287,0.14892234640595858
691,0.5792194955317725,0.9216255779119142,0.14888035645340236
692,0.5792876243353163,0.9216575021713839,0.1487635093851854
693,0.5794788862673796,0.9216984499244413,0.14850080443357805
694,0.5795821337900606,0.9217210509320182,0.1483547626707796
695,0.5798065161209612,0.9217887694075344,0.14824938580519692
696,0.5799649597753682,0.9217754878087951,0.14819504898280864
697,0.5799238263186659,0.9217777436821921,0.14828235991899757
698,0.5799390677416276,0.9217512842472038,0.14822195606653912
699,0.5800570557119895,0.9217488977099303,0.14810585209817673
700,0.5804998684015066,0.9217657956236041,0.14735718841361375
701,0.5804780353796632,0.9217772517711277,0.1472618894295822
702,0.5805674061604387,0.9218220810099278,0.14715010340738352
703,0.5808377705462378,0.9218380527473006,0.14699645018167087
704,0.5808336587545316,0.9218585861911848,0.14695092167250667
705,0.5808701471804764,0.9218424453593836,0.14680246974110223
706,0.5810122472496262,0.9218693121582222,0.1467104953796388
707,0.5811139384764216,0.9218788967378679,0.14668376923408785
708,0.5811181604219988,0.9219214047713329,0.14658377066767123
709,0.5812332222416805,0.921965607592137,0.14650101203613844
710,0.5812324218403769,0.9219148831066741,0.14639944104307423
711,0.5813547038702584,0.9219312468356764,0.1463373020911714
712,0.5814534855064516,0.9219205131825287,0.1461665089769483
713,0.5815260501032236,0.9219381989225165,0.14608992263711806
714,0.5815593920405149,0.921959001380264,0.14601420451604913
715,0.5815676281310167,0.9219438789580884,0.1459746345251045
716,0.5816054024688505,0.9219815831725648,0.1459310302180427
717,0.581685195106262,0.9220085306755624,0.145868003155668
718,0.5817770352983248,0.9220334567315297,0.14578892874600075
719,0.581816370270512,0.9220093031296558,0.1456361366414707
720,0.581926448892931,0.9220753652483848,0.14547912293552512
721,0.5820360263021798,0.9221042035345363,0.1453470596113697
722,0.5821399094276053,0.922088623788793,0.14525617672862323
723,0.5823166214466342,0.9221181346096028,0.14519241713666006
724,0.5823078108991236,0.9221612037291255,0.14509365609577643
725,0.5822828381499254,0.9220761684469198,0.1450624523962028
726,0.5824203661694987,0.9221200446080325,0.14496833510948956
727,0.5823986176748419,0.9221556505143749,0.1449213189402531
728,0.5824579323644798,0.9222159787947594,0.14479562886330566
729,0.5823841890352253,0.9221808417411502,0.1446666180149872
730,0.5823648641705798,0.9221361162648403,0.14455598235289696
731,0.5824064005342773,0.922154566772811,0.14455441514153078
732,0.5824773339332233,0.9221830245964986,0.14447128478849827
733,0.5824211833257169,0.9222045111180701,0.1443431176740218
734,0.5825985010518686,0.9222520689260557,0.14415172903255882
735,0.582538240026787,0.9221903955763545,0.14410814234836464
736,0.5824517918450743,0.9221822021826878,0.14404048845039114
737,0.5824563824910134,0.9221733285682523,0.1440006529561801
738,0.5824876439150065,0.9222006065739963,0.14394099445324574
739,0.5825403886921829,0.9222182385112115,0.1438466802262065
740,0.58248586108762,0.9221827555826353,0.14379219853930625
741,0.5824928047436826,0.9221587441738034,0.1438124217688775
742,0.5824807084910929,0.9221023972985966,0.14342202152497077
743,0.582503344376053,0.9221260090296886,0.14325810439486503
744,0.5825630724003763,0.9220974743448972,0.14318205111405713
745,0.5825181959180409,0.9221916368831811,0.14172166245775664
746,0.582723097048429,0.9222441099587556,0.14159750979032584
747,0.5828479658349798,0.922232915138985,0.1414193626471978
748,0.5829673370830322,0.9222162247502915,0.14137969113518517
749,0.5831302472707973,0.9222373538677303,0.14128940124908554
750,0.5831024406888692,0.9222229769982617,0.14130995857123752
751,0.5833045633972681,0.9222422268617122,0.14116367739079433
752,0.58346580261004,0.9222643321151693,0.1410475618129761
753,0.5834764462517559,0.9222329727848129,0.14098937419978044
754,0.5836876193110154,0.9222413045284664,0.14087992058527968
755,0.5837442996277222,0.9222241260717637,0.14082606015000407
756,0.5837642068059276,0.9222782439749599,0.14073912192694946
757,0.583742147577868,0.9222310089836103,0.1406622473063322
758,0.5837126065446254,0.9222382915731968,0.14063144800781385
759,0.5837223786296347,0.922265169901201,0.14057421122898114
760,0.5838787671047894,0.9222717837991843,0.14045441248098292
761,0.5838562858479214,0.9222404244688277,0.14040421451288268
762,0.5838923959096726,0.9222519075177377,0.14033336616641062
763,0.5837521247625846,0.9222234035773879,0.14027530157149395
764,0.5838090777700095,0.9221855686990349,0.14024192035413782
765,0.5840044114139414,0.9222068169511846,0.14013579987137065
766,0.5839566319123324,0.92224379482823,0.14010159317226353
767,0.583950889883945,0.9222239992509424,0.14009867228357487
768,0.5839504672611482,0.9222224697149765,0.1401047314336045
769,0.583973628647514,0.9222215473817307,0.1400087886739591
770,0.5839046964139526,0.9221367503689467,0.13994889200804408
771,0.583960371268967,0.9221391561214961,0.13988560661543303
772,0.5840528678211598,0.922205959949877,0.1398182695182411
773,0.5840822199608345,0.9222163400419473,0.1397845646936419
774,0.5841290228245654,0.9222324578154173,0.1396456223276394
775,0.5841124209787618,0.9222661191358331,0.13955497954078816
776,0.5842414733838249,0.9223147337839961,0.1394918914210585
777,0.5843796297657734,0.9223351135056727,0.13939949690942896
778,0.5844098098709498,0.9223359743500354,0.13936584553102155
779,0.5843449708350013,0.9223455051269085,0.13929284682961976
780,0.5844062851347509,0.9223746354852544,0.1392137521555282
781,0.584391827832704,0.9223655043861212,0.13913400903378734
782,0.5843755027937398,0.9223865297410698,0.13909708566154894
783,0.5843978678252645,0.9223816375318119,0.13905721457131973
784,0.5845148428740289,0.9223730752048469,0.13900787623166386
785,0.5846200942522141,0.9224242224263807,0.138878925116127
786,0.5846847991014428,0.9224263399497908,0.1388440694441411
787,0.5846068715665582,0.9223270584619928,0.13860129808536073
788,0.5845996308220232,0.9223145877478989,0.13855052285855798
789,0.5845923837150802,0.9223077009929971,0.1384691520065172
790,0.584603840952541,0.9223584600659566,0.13835718029758845
791,0.5845612775534356,0.9223646166403721,0.13829576477621525
792,0.5845153028106463,0.9224184194130427,0.13817800431444904
793,0.5846143746395819,0.9224722106565476,0.13801097383274175
794,0.584488694091272,0.9224971943583428,0.1379859596830172
795,0.5846106837080852,0.9225018675134546,0.13789023689263852
796,0.5845961386835721,0.9225225508364913,0.13782828321370363
797,0.5846606259340364,0.9225202603755976,0.1377594337530817
798,0.58471070830493,0.9225270817985612,0.13767331552128947
799,0.5847461158233191,0.9225204217839156,0.1376149799842936
800,0.5848046032709445,0.9225396908626421,0.13746216213845086
801,0.5847446334093587,0.9225406439403294,0.13741017526953922
802,0.5848019374578035,0.922553206887748,0.13731946592238467
803,0.5848548643337879,0.9225898773203781,0.13720443350886036
804,0.5848505060141542,0.9225293607302893,0.1371697588333524
805,0.5848593115995838,0.922530502117681,0.13719320911243285
806,0.5849435873977391,0.9225642556714214,0.13704492830010626
807,0.5851160777197782,0.9225848813486301,0.13698214673698825
808,0.5851784756051105,0.9226122400585332,0.13689501354412248
809,0.5851920306357736,0.9226173013622193,0.13685212353748355
810,0.5851789985945773,0.9226228891644667,0.1367873655909509
811,0.5851346431109461,0.9226213288840592,0.13675016191297582
812,0.585152051153491,0.9225996809541698,0.1367046418089805
813,0.5852863504734354,0.9226101110059575,0.13664932327391163
814,0.5854044209275054,0.9226088389546893,0.13653604585750725
815,0.5853784361635601,0.9225736519413628,0.1364890267825972
816,0.5854513027496849,0.9225685867946214,0.13628812605897886
817,0.5856263240322214,0.9225105643473513,0.1362812696038112
818,0.5858035540278245,0.9225409936583517,0.1361090259272412
819,0.5856795210949327,0.9225376156128391,0.13601861619946265
820,0.5857836661239296,0.9225649205199694,0.1359803318435087
821,0.5857006639592307,0.9225748163870856,0.1359394826435199
822,0.5856853412122377,0.9225632910645685,0.13591888775376637
823,0.5857146882240867,0.9225686982432219,0.13594204171920019
824,0.5857714204040096,0.9225355326769257,0.1358661923546258
825,0.5858774178652355,0.9224597783730055,0.13578022736551926
826,0.5859231272657892,0.9224495443170325,0.13576255297682271
827,0.5858989683553382,0.9224224161904411,0.13569798817706483
828,0.5861648447287838,0.922551273830987,0.13484726723334706
829,0.5862119179639784,0.922542004381867,0.13479235002402268
830,0.5863330964763468,0.9224655122113501,0.13469398952706021
831,0.5864145058312794,0.9225267858833115,0.13465710635952613
832,0.5863980847842339,0.9225299948343958,0.13460623442519884
833,0.5862849433423885,0.9225059795825088,0.13456613347375623
834,0.5864238925243521,0.9225074322573709,0.1345288232546759
835,0.5864286700361615,0.9225088695600122,0.13452182249427205
836,0.586450337045204,0.9225067328213261,0.1344878909111077
837,0.5864318505148174,0.9225475691257831,0.13441958326954837
838,0.5864714488863554,0.9225417507402243,0.13433458183208813
839,0.5865004209227301,0.9225393411446197,0.1343920254377591
840,0.5865822375368788,0.9225502208338647,0.13430261314396932
841,0.5866486674047462,0.922534671832563,0.13425136534951798
842,0.5867709039293212,0.9225247874946123,0.13417591111297952
843,0.5867408117572083,0.9225235961475032,0.13412140977069267
844,0.5867992842932743,0.9225464238953363,0.134072128047453
845,0.586759682352355,0.9225200835950589,0.13399549865488825
846,0.5867911700735934,0.9225160599162742,0.13392558227345572
847,0.5867185368655357,0.9225180390896973,0.1339218654985852
848,0.5869197722416416,0.9225156487093688,0.13384054792167724
849,0.5868974069253662,0.9225238382599802,0.13366076112525713
850,0.5869023740592106,0.9225021480564836,0.13364681756971186
851,0.586845166231458,0.9224925365754515,0.13363025651766566
852,0.5868446065199147,0.9224570997635376,0.13337802163629647
853,0.5869368954481912,0.9224253753429379,0.13327310762524378
854,0.5868630562395444,0.9224416545247259,0.1331309018815263
855,0.5869087135930686,0.9224444138383529,0.1330777530826342
856,0.5869479251746642,0.9224384033000346,0.13304899159737957
857,0.5870077574603471,0.9224764841339197,0.13306055887162024
858,0.5870743117461045,0.9224773257630066,0.13300292496960833
859,0.5870347500222132,0.9224529146764349,0.13298839129762016
860,0.5869215143746211,0.9224381189139504,0.13275342253113206
861,0.5870524251159094,0.9224397675846273,0.13268631480827323
862,0.5873171479174827,0.9226654702159802,0.13105488215294545
863,0.5874135192995568,0.9226879866763429,0.13098099716592704
864,0.5873694251819173,0.922666211925632,0.13092030583404343
865,0.5873881509382798,0.9226884209415794,0.13083790584540578
866,0.5873923821835834,0.9226823450713229,0.13078678896496307
867,0.5875523587520252,0.9227253450158521,0.13073786858284886
868,0.5875763571973986,0.9226999885377036,0.13071029623996108
869,0.5876255023283591,0.9227077246078026,0.13070250014645973
870,0.5877269847626027,0.9227164752444719,0.13063056666443315
871,0.5877721511987637,0.9227120173004506,0.13048125281302875
872,0.5878211586722897,0.9227373430341577,0.13044456370532542
873,0.5879261623239578,0.9227603475625296,0.1303440874761809
874,0.588033386834282,0.9228008226197986,0.13023422625510772
875,0.5881229086059778,0.9228075133788857,0.13021142764950253
876,0.5882502067855313,0.9227918106553763,0.13012966732943076
877,0.5881405719296343,0.922788682408451,0.13013475644759234
878,0.5881135884840482,0.9228150419240043,0.13008329208346733
879,0.5882173320960661,0.9228399564508061,0.12996767880590263
880,0.5881916451731292,0.922964886488947,0.1284723401448048
881,0.5881811901264952,0.9229692291413126,0.12843316073680186
882,0.5883246104892902,0.9229694866260104,0.12828887566389352
883,0.5883419492978895,0.9229841017649008,0.1282426489247123
884,0.5883812239301404,0.9230123405344425,0.12819108483683833
885,0.588385880126653,0.9230980252929755,0.12805560629099316
886,0.5885158346808419,0.9231194849131606,0.12799267808562934
887,0.5885038610468312,0.9230897627243154,0.12796382685351157
888,0.5884940993692692,0.9230843286442757,0.12785555081134337
889,0.5884588864673348,0.9230690063832301,0.12776539443539858
890,0.5885447221454088,0.92306759213892,0.12772524314158631
891,0.5885676953008848,0.9230552059720402,0.12765388461292557
892,0.5885926133589275,0.9230076135765578,0.12760056103228898
893,0.5885219618981001,0.9230012533202171,0.1274728733866312
894,0.5888067900770326,0.9230686259207662,0.12721302095237955
895,0.5890496551285566,0.9230889902702221,0.1270643156937483
896,0.5893211606771624,0.9230598675979865,0.1265960641318049
897,0.5893124403777562,0.9230829489874621,0.12655911526647187
898,0.5893959967169365,0.9230796516461085,0.12648200064705398
899,0.5893022043553855,0.9230102806568602,0.1264882067781981
900,0.5893696351360511,0.923030341404956,0.12645725444884376
901,0.5893827052053416,0.9230369360876632,0.12644951704584467
902,0.5894179231052692,0.9230509939835511,0.1263928744777451
903,0.5894788969180285,0.9230901662451104,0.12624111664301763
904,0.5895088334211639,0.9230783257920677,0.12622531026919756
905,0.5895715190672409,0.9231164258412289,0.126148490286797
906,0.5896171871352205,0.923147435453563,0.1261138810959223
907,0.5896587968528302,0.9231576387650945,0.1260643560177716
908,0.5897114810994685,0.9231636031867505,0.12603029613894765
909,0.5897666489278408,0.9231803473782166,0.12597052987620175
910,0.5897768017856319,0.9231990284694989,0.1258891716302156
911,0.5898955054147165,0.9232204957757945,0.12576974462971724
912,0.5899205595406094,0.9232330510371026,0.12572216185875418
913,0.5900637828494715,0.9232458522539431,0.12569453269495764
914,0.590147866488654,0.9232651828215526,0.12563211634481783
915,0.5902864452350413,0.9232913617135119,0.12550523670253289
916,0.5904732674703574,0.9233253727519501,0.125399706439335
917,0.5904880760567771,0.9232864118584262,0.12538696616090597
918,0.590559718034119,0.9232903240886104,0.1253758845806679
919,0.5906423539517448,0.9232907890982885,0.12531347470031806
920,0.5906024971577065,0.9232633881147785,0.12529341055087115
921,0.5905906911847464,0.9232592837318347,0.125236531036612
922,0.5908209303931979,0.923282115322723,0.1251959886140588
923,0.5909462983124641,0.9232762546635571,0.1250981153946142
924,0.5908914999534265,0.923234749667497,0.12521201946190957
925,0.5908914999534265,0.923234749667497,0.12521310697464447
926,0.5909745532037837,0.9232369709533972,0.12519093236587442
927,0.590955291914008,0.9231961423350507,0.12508814536075347
928,0.5910301270738737,0.9231674962016587,0.12507742420492557
929,0.591046562412205,0.9231662587378874,0.1250672008103113
930,0.5911584771600593,0.9231787294519813,0.12501555764877562
931,0.5913208375499661,0.9232042281231719,0.12490463712174156
932,0.5913430246951874,0.9232003965971468,0.12489770937374031
933,0.5913145136805383,0.9232014841817657,0.12475298793716844
934,0.5913045113531598,0.9231603903926111,0.12471718182609276
935,0.5913186148138206,0.9231640297658767,0.12468401721528953
936,0.5913155346691866,0.9231699749722568,0.12459982174238331
937,0.5913950128997161,0.9231430928011974,0.1245549464984531
938,0.5914705049412772,0.9231572237151339,0.12449570934275117
939,0.5914361266934507,0.9231405794431027,0.12443077146564321
940,0.5914458997399756,0.9231207723366496,0.12432511862792123
941,0.5914246727259573,0.9231519318281362,0.12428104517798817
942,0.5914288361869809,0.9230926603879293,0.12422942221450642
943,0.5914764449366928,0.9231569585443257,0.12421683227751881
944,0.5914973009139742,0.9231737526955093,0.12415475054202267
945,0.5915350882089715,0.9231656976518294,0.12415978513460538
946,0.591627907375752,0.9231663048545496,0.12415456027995245
947,0.5916676319372777,0.923168668333492,0.12408984083554063
948,0.5917220660737856,0.9231613511564087,0.12403253961887128
949,0.5918075357636506,0.9231743406829535,0.12401095098541635
950,0.5917812136080118,0.9231660588990174,0.1239562567059579
951,0.5918128395775374,0.9231902816758847,0.12388932974730792
952,0.5918786377240611,0.9232227478061362,0.12379012113138896
953,0.5918319753278527,0.9232046047425807,0.12373580726937572
954,0.591780432336112,0.9231829644988016,0.1237068906672018
955,0.5918586836835037,0.9231761277036172,0.12367522120485862
956,0.591854803102891,0.9231540839390431,0.12366970559291215
957,0.5920586691642491,0.9232205495785671,0.12344907148688791
958,0.5920665512935814,0.9232154729026602,0.12338021528001501
959,0.5921030197932081,0.9231983367195645,0.12337346271040557
960,0.5920912226950652,0.9232063610188028,0.12331181225685353
961,0.5921771507126261,0.9231994473625147,0.12322917575124767
962,0.5921794702035058,0.923198970823671,0.12323360338176521
963,0.5921353475502944,0.9231929718145183,0.12317428642747508
964,0.5921386171310241,0.9232072257062207,0.12309701220950282
965,0.5920958310939641,0.9231381736905533,0.12290440273968771
966,0.5919436055356198,0.9230822764528038,0.12286443167781358
967,0.5919265829974725,0.9230834332124163,0.1228405150624109
968,0.5917282906178588,0.9230611396492546,0.12279179049105254
969,0.5916934971147423,0.9230661164057267,0.12275588026523705
970,0.5917024902877868,0.9230028059145142,0.12267696124880902
971,0.591816193341788,0.9230088587264397,0.12264152294777864
972,0.5918629392069753,0.92304764668248,0.12260794866361073
973,0.5919367124998913,0.9230842786845582,0.12255860785256953
974,0.5918554550248423,0.9230953044099004,0.12249628947688336
975,0.5919306994977868,0.9231236892155393,0.12242613472648675
976,0.5917905772988383,0.923082361000018,0.12238570395753484
977,0.5918639653386771,0.9231013034190532,0.12225336139932695
978,0.5917955045273531,0.9230346609989903,0.12223487002786719
979,0.5918907261885636,0.9230549062137352,0.12218881674440618
980,0.5918189789026895,0.9230477273866389,0.12218944807932337
981,0.5918043193998667,0.9230396185401865,0.1221542565472767
982,0.5918042095132702,0.9230403640928935,0.12212766847904372
983,0.5917947920664822,0.9230602134729536,0.1220647219839296
984,0.5916551295233224,0.9229962919359659,0.1220140740184015
985,0.5917892375266169,0.9229566316063973,0.12179032892400966
986,0.5918958919107123,0.9229606591282372,0.12177362824581107
987,0.5926571279370612,0.9229537070413971,0.12059417630619451
988,0.5926438801987933,0.922941213268972,0.12056000389554958
989,0.5925555275361718,0.9229526847887164,0.12048021937075053
990,0.5924821246746875,0.9229370781415868,0.1204514714820732
991,0.5925383716144497,0.9229904351198551,0.12042688596348786
992,0.5925824473357649,0.9230192349754547,0.12036741072299618
993,0.5925752918618482,0.9230176247353298,0.12036945062411718
994,0.5925776996460221,0.9230175786186675,0.12041802449719888
995,0.592706666546128,0.9230599483021455,0.12033086352074691
996,0.59276766946327,0.9231120831888633,0.12003398569632216
997,0.5928976793581368,0.9232439115110717,0.11891384081814568
998,0.5928667110582069,0.9232926337647801,0.11887178988742372
999,0.5928593232035492,0.9233000009015807,0.11882275015444783
1000,0.5929310309164895,0.923313121092002,0.11875001868709063
1001,0.5929903818696366,0.9233798442162239,0.11868875423702246
1002,0.5928894698165741,0.9233554408157626,0.11865866539286668
1003,0.5930260536816074,0.9233970149868161,0.11854389945755264
1004,0.5929599538433338,0.9233415058976409,0.11853885213442485
1005,0.5931484769566989,0.92337382214874,0.11840648156085852
1006,0.5931121697277321,0.9234123449339721,0.11836820195017993
1007,0.5927790066191088,0.9233253074200118,0.11832905938598873
1008,0.5928678651973843,0.9233807050605866,0.11827538246687878
1009,0.5928172769409753,0.9233685955936805,0.11824542708406881
1010,0.5927934848931357,0.9233506523689948,0.11819804593606494
1011,0.5929835032564758,0.9233205996774032,0.11812768641902688
1012,0.5930393656877602,0.9233480083470237,0.11809458072419496
1013,0.5929725592481715,0.9233568512170176,0.11807371215794416
1014,0.5930812822961865,0.9233675310673927,0.1179768732554324
1015,0.5931635638571495,0.923346363519402,0.1179281290912319
1016,0.5930945827077899,0.9233412099823912,0.11788497839965667
1017,0.5930528755160867,0.923262734795396,0.11784339540167679
1018,0.5931578299086797,0.9232983330156279,0.11752766396652302
1019,0.5932267043129905,0.923292268674537,0.11748203680528806
1020,0.5933341465017099,0.9233105039714171,0.1174463346198612
1021,0.5932151427905302,0.9232757550663823,0.11741432252984546
1022,0.5933078413457326,0.9233090359243342,0.11734786266455792
1023,0.5932866484184136,0.9232656516742858,0.117283972984313
1024,0.5933566043475347,0.9234482236972329,0.11581124616274585
1025,0.5933773603918502,0.9234420671228173,0.1157503345281836
1026,0.5933338519185127,0.9234025758876772,0.1157127164525437
1027,0.5933541858999237,0.9233775883428269,0.11567868622332889
1028,0.5932301512052565,0.9233627349345146,0.11564744452972846
1029,0.5932230943104378,0.9233728536988318,0.11561730862872832
1030,0.5932917692655161,0.9233437579279826,0.11558687786930417
1031,0.5932789845296834,0.9232816157255482,0.11556043176915877
1032,0.5933703188143542,0.923284594093321,0.11553464040456789
1033,0.5933950353654274,0.9232668084338982,0.1154841281493247
1034,0.5933994879174653,0.9232911810899179,0.11542886403959376
1035,0.5934520365225253,0.9232879875110545,0.11537907782243104
1036,0.593542605480371,0.92331378594055,0.11533827114992898
1037,0.5934836158722083,0.9232652250951596,0.11530428793011299
1038,0.5935313511508831,0.9232708782293452,0.1152349967130089
1039,0.5935779100450854,0.9232468437621822,0.1152294259546024
1040,0.59360582334546,0.9232538265934639,0.11519118416334825
1041,0.5936596662149319,0.9232862850376049,0.11509005976046255
1042,0.5937023537833036,0.9232794443993654,0.11509337157484377
1043,0.5937085738925699,0.9232857931265406,0.11504323038205252
1044,0.5936979557685744,0.923280866329786,0.11509621460045168
1045,0.5936149449758767,0.9232232781477525,0.11509318285760183
1046,0.5938632569748445,0.9232845864072107,0.1147844691673713
1047,0.5939678114675001,0.923332059667982,0.1147289201079196
1048,0.5939855399052641,0.9233360602884356,0.1147140407105987
1049,0.5940005308726959,0.9233290659279885,0.11469657582092355
1050,0.5940001397407214,0.9233440423140667,0.11467643600621678
1051,0.5941182308068268,0.9233615205290743,0.11462048578537154
1052,0.5940944726257079,0.9233853013545947,0.11457904294720803
1053,0.594082716132346,0.9233856549156723,0.1145499180926496
1054,0.5941352543611385,0.9233490267566492,0.11436597747489699
1055,0.5943179853437766,0.923521237902802,0.1134060269298303
1056,0.5944178237307586,0.9235635960571146,0.113454774221939
1057,0.5944301635308931,0.923558892157561,0.11329213076998958
1058,0.5944412855481394,0.9235607406671078,0.11325864110097764
1059,0.5944344283479336,0.9235648642653275,0.1132078719762612
1060,0.5944121369033208,0.9235549799273769,0.11318027880131927
1061,0.59430794576317,0.9235376938651289,0.11313595371100905
1062,0.594317073588868,0.923545210881082,0.11310049450965771
1063,0.5943244195097191,0.9235875690353944,0.11302447925276102
1064,0.594377014466011,0.9236197200351203,0.11298487226349806
1065,0.5943578327018892,0.9236172105200807,0.11293626038219877
1066,0.5944280004947898,0.9236545381151485,0.11288830239617682
1067,0.594674294189463,0.92363482324202,0.11281011839498713
1068,0.5947153941728209,0.9236249350610142,0.11278176272183973
1069,0.594662757297906,0.9235772081586002,0.11275732590389345
1070,0.5946487245301977,0.92354668277122,0.11274411925895374
1071,0.5946982609106809,0.9235649603417072,0.11270537136387088
1072,0.5946545191712097,0.9235846636856703,0.11267974390363071
1073,0.5949898104308435,0.9237166111425896,0.11163289133188832
1074,0.5950905002607388,0.9238118151488302,0.11159525109150276
1075,0.5951179986582096,0.9238024688386062,0.11148943372017467
1076,0.5951622720148629,0.9237835917515093,0.1114678996753795
1077,0.5953198111768303,0.9238088752116091,0.111394163089825
1078,0.595368803087374,0.9238083871435999,0.11135577411299721
1079,0.5953550685515161,0.923791727499348,0.11132337651051322
1080,0.5953550685515161,0.923791727499348,0.11131464822630381
1081,0.5954423592311989,0.9237998786194076,0.11127344783971536
1082,0.5955468121573189,0.923906361992633,0.11126529253425425
1083,0.5955514864626337,0.9239572940030761,0.11129644303012609
1084,0.5955877799634385,0.9239626742803432,0.11122708555349445
1085,0.5956440337373682,0.9239881614223682,0.11121722795669177
1086,0.5956030972987364,0.9239336861150393,0.11119118427686454
1087,0.5957039220674061,0.9240025382918369,0.11111909637009419
1088,0.595682223385401,0.9240185254014304,0.1110935403471665
1089,0.5955381002793145,0.9239687655228205,0.11109229603878075
1090,0.5954765749957148,0.9240137984435457,0.11104186254947014
1091,0.5955792354539188,0.9240285673046438,0.11099831901882445
1092,0.5957586002926516,0.9240200856818378,0.11076695862185774
1093,0.5958819769660694,0.9240418220019967,0.1106942840492486
1094,0.5960309542401997,0.9240853369159217,0.1106162160395706
1095,0.5960658105253605,0.9240876465920913,0.110591917720475
1096,0.5961170964308508,0.9240902867710074,0.11054583083696298
1097,0.5962931092683996,0.9240739845308882,0.11045435938002814
1098,0.5963674019997398,0.9241085797137153,0.11037006840869443
1099,0.59632198899129,0.9240904789237668,0.11036891385706271
1100,0.5964901456636227,0.9240828235578269,0.11031466535685358
1101,0.5965677111266313,0.9240634929902174,0.11025128512104078
1102,0.5966635433856355,0.9240870739768678,0.11013274578743905
1103,0.5967052711527349,0.9240897295280046,0.11008145189387844
1104,0.596668988772307,0.9240980881730445,0.11002231539565469
1105,0.5966934546880829,0.9240866358685761,0.10993949694829325
1106,0.5967653137674446,0.9240972888175648,0.10988278058226528
1107,0.5968059343319819,0.9240711560422677,0.10985975336982746
1108,0.5967690371698077,0.9240720783755135,0.10982815395176035
1109,0.5965644475184705,0.9239997674490443,0.10968124205117152
1110,0.5966415968459661,0.9239680968312173,0.1096672262505242
1111,0.5967176581569102,0.9239922120025392,0.10960025208129742
1112,0.5967828485850912,0.9239763171262704,0.10960912950004223
1113,0.5967215490866873,0.9239833499172694,0.10959850320575479
1114,0.59676345945365,0.9239606528333129,0.10955930827401657
1115,0.596983596588213,0.9239327983692902,0.10947772804876284
1116,0.597071071741246,0.9239239055395788,0.10946077790534244
1117,0.597195728467419,0.9239116884671275,0.10926171868834703
1118,0.5972348318075454,0.9239085025743743,0.109222739067159
1119,0.5973699937736399,0.9239069960967395,0.1091639754616282
1120,0.5973670217379093,0.9239141557085598,0.10911744336634327
1121,0.5974750174176514,0.9239161002944865,0.10910242243840029
1122,0.597515540867343,0.9239337168594808,0.10906433707471211
1123,0.5974301177520943,0.9238784152952859,0.1090409229695006
1124,0.5973177495804729,0.9238614482066186,0.10901831509540977
1125,0.5974142853621112,0.9238764476510282,0.10895724069590454
1126,0.5974715220160803,0.9238973884587626,0.10892272744201117
1127,0.5973810143539594,0.9238893411011931,0.10891269477641685
1128,0.5973971340326574,0.9238821584310417,0.10878613179037314
1129,0.597563729820379,0.9239098092131391,0.10873306532045857
1130,0.5976073492119489,0.9238936799105035,0.10870954831393848
1131,0.5976073492119489,0.9238936799105035,0.1087710370401927
1132,0.5975765892603829,0.9239230370091057,0.10874040078092292
1133,0.5976097739515202,0.9238458031289372,0.10865770367538255
1134,0.5976344130329886,0.9238608217886226,0.10853849162609766
1135,0.5976210326005955,0.9238545114919994,0.1085261331949941
1136,0.5975755664806743,0.9238555837043976,0.10853818688392493
1137,0.5975749906624815,0.9238864588098001,0.10849677145886323
1138,0.597599744109309,0.9238900866539002,0.10846999218806601
1139,0.5976627732973967,0.9239225681563724,0.10843926367654372
1140,0.5976633745712024,0.9238902711205493,0.1084459337977796
1141,0.5977641515394596,0.9239143939779817,0.10838926420384369
1142,0.597764142106763,0.9239208848981989,0.10837463335260523
1143,0.5978980670887925,0.9239109390713652,0.10832163335531643
1144,0.5980072946283993,0.9239017234250178,0.10832202078412924
1145,0.5980362581352463,0.9238951325853656,0.10830374649614034
1146,0.5981087371739886,0.9238498613952185,0.1082513652305376
1147,0.5981686423514407,0.9238505300868217,0.10821731243276886
1148,0.5982800358023496,0.9238831653115016,0.10816550106099657
1149,0.5982468426655891,0.9238800178493004,0.10813981962486342
1150,0.598447383960344,0.9239201162871608,0.10753742909179269
1151,0.5985756503482411,0.9239137714030408,0.10747278431075175
1152,0.5985084437949207,0.9238783538064028,0.10742767786136566
1153,0.5986242664516278,0.9238819778074477,0.10740751352281756
1154,0.598730755177279,0.923875636766383,0.10736067296648578
1155,0.5986865795800148,0.9238863627334204,0.10729904920844217
1156,0.598769246313705,0.923893768300773,0.10727518887438257
1157,0.5987360558215701,0.9238493310536022,0.10720175838099402
1158,0.598733970205314,0.9238285939277929,0.10717594079895558
1159,0.5987232385958758,0.9238239169296258,0.10714262567760133
1160,0.5987341675903028,0.9238084601616486,0.10712449060024126
1161,0.5987462193955245,0.9238406457488711,0.10706244686435508
1162,0.5987810481728787,0.9238619670190694,0.10702093955529587
1163,0.59877322132878,0.9238171838969316,0.10699138080622626
1164,0.5986785949226855,0.9237641804797407,0.10691188775837097
1165,0.5986611736335209,0.9237480627062707,0.10689679249048073
1166,0.5986775652317781,0.9237513216170724,0.106841526964044
1167,0.5987127841827118,0.9237364259351531,0.10681945200879027
1168,0.5987030643724869,0.9237115306236274,0.10680981315521813
1169,0.5987587761731511,0.9236712554052283,0.10674407735334958
1170,0.5988184612923451,0.9236866891148744,0.10672203771376379
1171,0.5986956331989615,0.9236768355213653,0.10672615463936377
1172,0.5987239192512026,0.9236751061465295,0.10671138162223667
1173,0.5987135157444212,0.9236750331284808,0.10668865493558259
1174,0.5988257833737584,0.9237314568647914,0.10661611042092697
1175,0.5988243413777135,0.9237298043510594,0.10660798058156977
1176,0.5987935599647796,0.9237340009673277,0.10654588872075829
1177,0.5988367196746622,0.9237508758226703,0.10652111051964229
1178,0.5988260483643012,0.9237443503149564,0.10643187918229029
1179,0.5988250252041194,0.9237403151070062,0.10642392255817203
1180,0.598754436693567,0.9237411759513688,0.10638173114565581
1181,0.5987464846125894,0.9237189246618144,0.10646042238299291
1182,0.5988002641437322,0.9237412604985831,0.1064349140339597
1183,0.5994386842052699,0.9239362148453548,0.10541398045171796
1184,0.5994614664874489,0.9239375637577267,0.10538471633402295
1185,0.5994482946612697,0.923957151810034,0.10534556949190206
1186,0.5994582014394716,0.9239619095123602,0.10531545305097202
1187,0.5995120380129693,0.9240158352627968,0.10528600099721075
1188,0.5995213125139094,0.9239988528019089,0.10527487785673878
1189,0.5994474189805401,0.924006127705385,0.10528447649463384
1190,0.599440047575197,0.9240063429164757,0.10524243778823816
1191,0.5993902465951731,0.923970306587952,0.1052397232715015
1192,0.6001662790755751,0.9240476519167211,0.10447789958724629
1193,0.6001596256538501,0.924048335980545,0.10442922004216453
1194,0.6005526310598532,0.9241108048426707,0.1041537818649166
1195,0.6005592004963665,0.9241019581296216,0.10412416225500476
1196,0.6005023111874658,0.924127310764715,0.10411942209271052
1197,0.600541498043853,0.9241266036425599,0.10410886307457448
1198,0.6004840698377594,0.924107365308275,0.10408901099972083
1199,0.6004032477735336,0.9240040486125268,0.10418398411292222
1200,0.600478594457997,0.9240258579507343,0.10411465389938528
1201,0.6005158667229238,0.9240319876237636,0.10406311344452875
1202,0.6003846756462653,0.9239864089892013,0.10404878116742731
1203,0.6004676038197818,0.923985417480962,0.10402075021247659
1204,0.6005818819488968,0.9240426059852557,0.10396790664400138
1205,0.6008206096329101,0.9240970082745359,0.10388607568802694
1206,0.6008372565531845,0.9240886265711649,0.10385542804431455
1207,0.6006885267544931,0.9240691999271756,0.10384551874821536
1208,0.6007583832430249,0.9240645767317812,0.10384449902769916
1209,0.6008529001284466,0.9240852562117626,0.10379090171477302
1210,0.6009274354004527,0.9240855405978468,0.10377261465725789
1211,0.6008927602250551,0.924094733185863,0.1037402939398387
1212,0.60099847269254,0.9241372181609968,0.10373398091291697
1213,0.6010095497045949,0.92415068038333,0.10367260246131768
1214,0.6010339063546548,0.9241506765402748,0.10364493438783286
1215,0.6011504195889438,0.9241305043435786,0.10360314073814497
1216,0.6013090076409598,0.9241742575269253,0.10354227283481605
1217,0.6015685232150669,0.9241264806647939,0.1032594967116542
1218,0.6017029435424196,0.9241611219642832,0.1032546795820621
1219,0.6017168294853674,0.9241663331471219,0.10322728438870135
1220,0.6016563552603003,0.924103456921146,0.10318100314710747
1221,0.6017394726432934,0.9241064621903052,0.10315254415641885
1222,0.6017043941980939,0.9241143635117773,0.10319581230467664
1223,0.601772972682041,0.9241425254202152,0.10317346511185001
1224,0.6018549912778762,0.9241749800213012,0.10314098739188715
1225,0.6017600953392802,0.9241584625700913,0.10310326391016694
1226,0.6018162881610939,0.9241710562619514,0.10306973852315737
1227,0.6018495846539443,0.9242003172841737,0.10302922235377307
1228,0.6020136735066138,0.9242038759532805,0.10299244359803424
1229,0.6019829822993928,0.9241662793443493,0.10294246177149216
1230,0.6020371143605696,0.9242079649640034,0.1029011872128634
1231,0.6020331750812791,0.9242354005350102,0.1028813121342614
1232,0.6020083471055996,0.9242451426799188,0.10283854238996148
1233,0.6023016442484306,0.9242547656901163,0.10236979683664087
1234,0.6021638455085487,0.9242314114437221,0.1023551163424278
1235,0.6021777158365773,0.9242770054505053,0.10230981874478884
1236,0.6022338089936549,0.924297189176367,0.10229179722536742
1237,0.6021986825615653,0.9242687774693419,0.1022429670419966
1238,0.602421103532419,0.9243570524470734,0.10210071200848242
1239,0.6023683319965257,0.9242987532998297,0.10207097755207431
1240,0.6023332441192346,0.9242935690183774,0.1020567715975351
1241,0.602358438885395,0.9243119695666308,0.10200723496329749
1242,0.602432764770691,0.9242874777759,0.10199558574815479
1243,0.6025057715544238,0.9243013742634698,0.1019351041726721
1244,0.6025868823094115,0.9243491203811598,0.10187227134363035
1245,0.6026428718967791,0.924336634294845,0.10184344168489376
1246,0.6026598345584356,0.9243502041227235,0.10180097739500658
1247,0.6027052008969462,0.9243518182059036,0.10175906828546002
1248,0.6025832132178539,0.9243051097131152,0.10173813256955747
1249,0.6026843281243321,0.9243181761007638,0.10170973957663487
1250,0.6028385184994127,0.9243241751099166,0.10169766607419996
1251,0.6028110379232364,0.924279034583646,0.10167937413868262
1252,0.6028753152441524,0.9242860327871484,0.10165348695103259
1253,0.602954366645146,0.9242743652715892,0.10165647416367023
1254,0.6029319999986921,0.9242558993913976,0.10162068429494678
1255,0.6028069838745636,0.9242376179778552,0.10159436477186853
1256,0.6028366652925299,0.9242623403518974,0.10156469689615093
1257,0.6028366652925299,0.9242623403518974,0.10160668668785706
1258,0.6028553208563903,0.9242720094787573,0.10157863779813826
1259,0.603050723168683,0.9242816747625621,0.10153882245244544
1260,0.6030618805902135,0.9242807447432059,0.10154229257366743
1261,0.6030690923985685,0.9242968010277929,0.10151777200729457
1262,0.6030842377869675,0.9242977541054801,0.10148692966494292
1263,0.6031358253724248,0.9242966511486403,0.10148485161708172
1264,0.6031550041417268,0.9242891110743562,0.10148756111487824
1265,0.6032702005385143,0.9242614103325412,0.10144719102581211
1266,0.6032415499237999,0.9242285637398258,0.10143255039690555
1267,0.6032534538668838,0.9242731470230937,0.10140497420559426
1268,0.603254437359779,0.9242710025982973,0.10139843540202058
1269,0.6032505314528251,0.9242985880484565,0.10138757611480087
1270,0.6032625035607577,0.9243228838433725,0.10134508686162964
1271,0.6032833958591245,0.9243957135822924,0.10131383530266189
1272,0.6033081618346483,0.924379284521352,0.1012915297210228
1273,0.6032294914373106,0.9243314884439445,0.1013216775029878
1274,0.6033097277518557,0.9243922740478967,0.10114459107430662
1275,0.6033869008247277,0.9244172539066366,0.10111677879206217
1276,0.6034192405584243,0.9244616604093657,0.10104679493871382
1277,0.6033684655090689,0.9244848647766075,0.10091517444004466
1278,0.6034629629965547,0.9244747690706214,0.10084249117071602
1279,0.6034991949933263,0.9244930927577709,0.10081488431606239
1280,0.6034446882850033,0.9244995529335466,0.10079685166678375
1281,0.603535481233362,0.9245402893185686,0.10076770067121439
1282,0.6035079016327964,0.92454767182759,0.10075013370291201
1283,0.6034708610647147,0.9245006251459448,0.10073403865568936
1284,0.6035947507963076,0.9245134993808338,0.10068880210541623
1285,0.603671884221796,0.9245488554885888,0.1006128012029157
1286,0.6037891136205579,0.9245601348555736,0.10057939519637663
1287,0.6038595171317226,0.9245466265165782,0.10051085824521726
1288,0.6039135535028793,0.9245709991725979,0.10046614104022751
1289,0.6039747902345995,0.924580449245312,0.1004301819031726
1290,0.603985740609674,0.9245738929931565,0.10041667448418644
1291,0.6042069275055224,0.9246422571019448,0.10035103679359902
1292,0.604155251086053,0.9245757222874273,0.10035349117265172
1293,0.6041738471308561,0.9245960059327242,0.10033600963950062
1294,0.6042184656738404,0.9245696003005085,0.10030507020616349
1295,0.6041252513519076,0.9245278416628058,0.10032323210827046
1296,0.6042079878048718,0.9245104441519572,0.10028385249127521
1297,0.604265514695823,0.9244793615215744,0.10025803050958736
1298,0.6042330321734252,0.9245560881184578,0.10021122565429946
1299,0.6042353619476861,0.9245485480441735,0.10017995381285341
1300,0.6043131083013007,0.9245613338887931,0.10015172780650453
1301,0.6043857306503965,0.9245791848801542,0.10012512584034548
1302,0.6043867364322458,0.9245605768069206,0.10013375179334524
1303,0.6044427867356658,0.9245795999301148,0.10011740706765737
1304,0.6044767619539815,0.9245191102414123,0.1001053824416708
1305,0.6044787036909994,0.9245212239217673,0.10013749367007377
1306,0.6043757113892211,0.9245328645359401,0.10011666241782831
1307,0.6043275392351681,0.9245037649220357,0.10011994847257022
1308,0.6044694016055409,0.9245338329858481,0.0998321539987289
1309,0.6046308102434783,0.9245327261859532,0.09976483554214585
1310,0.604628077058536,0.9245249670575231,0.09975904970525198
1311,0.604663868880938,0.9244993415655112,0.09970223226551024
1312,0.6046761382884845,0.9244672174671716,0.0996623540371668
1313,0.6046508926520858,0.9244305854650934,0.09965587017811654
1314,0.6046316859438109,0.9244237563560194,0.09964631582678793
1315,0.6045528264883445,0.9244471067593584,0.0996343830548074
1316,0.6045806727820375,0.9244436441666315,0.09963834222837394
1317,0.6046124872380573,0.9244493126730379,0.09960956386306392
1318,0.6045379424776047,0.9244103594656244,0.09959321634852632
1319,0.6045920174675179,0.9244235142435424,0.09957157784720672
1320,0.6047040554466323,0.9243874894441843,0.09951205140890716
1321,0.6048042054680006,0.9243730856733293,0.099480204773256
1322,0.6049255356432064,0.9243902602869768,0.09941833508906751
1323,0.604935908351206,0.9243891919176337,0.09942203433764193
1324,0.6049291005694417,0.924392804389513,0.09943900733484837
1325,0.6049655993154486,0.924407227375644,0.09941721517318156
1326,0.6051075095568813,0.9244157205276156,0.09936202766497673
1327,0.6052070919004772,0.9244075924658871,0.09932140218841373
1328,0.6050669660714187,0.9243786696325215,0.09908561357216954
1329,0.6051323693291144,0.924381036954519,0.099049468690741
1330,0.6051737917162863,0.9243626210340449,0.09901317653298224
1331,0.6053517012641975,0.924434709063313,0.09894685049363115
1332,0.6053028066734025,0.9244370686992002,0.09893670996241945
1333,0.6052843569120714,0.9244413306474066,0.09892920086354169
1334,0.6052879657771464,0.9244477946662375,0.09890847295641027
1335,0.6053750945394306,0.9244977620698277,0.09881527882796186
1336,0.605407499722412,0.9244812254033419,0.09879560312347664
1337,0.6054065573338763,0.9245123310920559,0.09875092037669696
1338,0.6055015357452451,0.9245254858699739,0.09871738006012937
1339,0.6056087980890175,0.9245144255571348,0.09867616068995969
1340,0.6056370805515744,0.924501213133389,0.09864443072100551
1341,0.6057074804927812,0.9245185453122993,0.09860488848318519
1342,0.6058503075075113,0.9245698385699302,0.098559329078587
1343,0.6059416104345684,0.9245717639405808,0.09853336993681196
1344,0.6058316326116058,0.9245726670585507,0.09841409744309927
1345,0.6058732393526072,0.9245619872081756,0.09835488396340912
1346,0.6060086701846638,0.9245847380949048,0.09830840842234788
1347,0.6060455496414416,0.92459007994162,0.09828233851097938
1348,0.605941419628575,0.9245784277982816,0.09831719711928674
1349,0.6060235368523879,0.9245851493018102,0.09827151911988988
1350,0.6060771833302715,0.9245933964982496,0.09825663516454036
1351,0.6060285972451402,0.9246023969335063,0.09824090087797749
1352,0.6061101386566545,0.9245811256230255,0.09822135335080742
1353,0.6061137191434105,0.9245750535958241,0.09816669221991403
1354,0.6061151374841826,0.9245575215780439,0.09813008475099361
1355,0.6061025238025652,0.9245497586065586,0.09810431958200513
1356,0.6061834944382813,0.924595256536962,0.09807279405485295
1357,0.6062872540361176,0.9246285297088035,0.0980390611751069
1358,0.6063603404049586,0.9246658688330368,0.09799156284942728
1359,0.6063420146782305,0.924660876704344,0.09796380081742843
1360,0.6064454371787974,0.9246734627100938,0.09792071799942112
1361,0.6065526704634715,0.9246884813697792,0.09790621565968262
1362,0.6065995361385856,0.9246963557898651,0.09788090962130526
1363,0.6066881001337112,0.9247100601246753,0.09771400004646473
1364,0.6066846952560001,0.9247213932944328,0.0976311938870464
1365,0.6066742648928175,0.9247224770359966,0.09761745232310162
1366,0.6068888988453074,0.9247437906200846,0.09747322708914696
1367,0.6069234533019547,0.9247592089575098,0.09746297439392372
1368,0.6069678675811971,0.9247572835868593,0.09742429879496783
1369,0.6070292113479826,0.9247670218887126,0.09738169994050762
1370,0.6069731051414663,0.9247745888643832,0.09729205050878122
1371,0.6069887426732858,0.9247845231620514,0.09731046761456445
1372,0.6068430296650942,0.9247584518756373,0.09729382028887662
1373,0.6069415880818106,0.9247858067424851,0.09726148451715665
1374,0.6069787253248006,0.9247883815894629,0.09726445744546225
1375,0.6070316007900995,0.92478076849713,0.09724394621482524
1376,0.6070937184099154,0.9248068820571511,0.0972113979379117
1377,0.6071025673386478,0.9248661957709653,0.09709155212614838
1378,0.6072601344133952,0.9248811606278781,0.09705924419500328
1379,0.6072675187230012,0.92486276392268,0.0970560662074906
1380,0.6072784625316132,0.9248750040534625,0.09703785404985307
1381,0.6072883904604822,0.9248749848381865,0.09705352173255048
1382,0.6072419642833248,0.9249096722543383,0.097022525751574
1383,0.6072571042324463,0.9249174582841547,0.09696356511420107
1384,0.6073189266747581,0.9249424765734465,0.09692223871333183
1385,0.6073741231394061,0.9249215050212706,0.09692002817725258
1386,0.6073788469560165,0.9249143799969469,0.0968944653916881
1387,0.6073654970733735,0.9248954606362428,0.09687792484622343
1388,0.6073710581268036,0.924893892669725,0.09687853040292255
1389,0.6075041568437741,0.9249129657526367,0.09681999585096245
1390,0.6074866750828847,0.9249147374010797,0.09678873274682392
1391,0.6075220866279478,0.9249153330746342,0.09681028223113741
1392,0.6075591144615969,0.924916397600922,0.09678652216992517
1393,0.607424048393259,0.9249128965776433,0.09678534465664643
1394,0.6074564634113837,0.9248932124489563,0.09675221070360748
1395,0.6075039341614279,0.9248986772734376,0.09673123993978132
1396,0.6073625206524712,0.92482529413457,0.09668255661318266
1397,0.6075769723265964,0.9248790546336335,0.09662165614862407
1398,0.6075526681950044,0.9247971629705738,0.09652732681145751
1399,0.6076661972200308,0.9247994957050746,0.09647436129898637
1400,0.6077661422802471,0.9247858144285954,0.09642855193823353
1401,0.6077950195731634,0.9248035962449631,0.0963850442823899
1402,0.6077396005858418,0.9247884469214012,0.09638174141439855
1403,0.607755141938069,0.9247850458175573,0.096378788060504
1404,0.6076875876234389,0.9247479526488561,0.09635382599422852
1405,0.6076383902918632,0.9247334950752285,0.09630641060361271
1406,0.607734698817011,0.9246960560315602,0.09630121456631086
1407,0.6077269890696998,0.9246749653446733,0.09625457521357322
1408,0.607762894801991,0.9246466996737454,0.09624799273529593
1409,0.6077694160984429,0.9246782319415855,0.09623698991697179
1410,0.6079873786389343,0.9246412002617674,0.0962002806093139
1411,0.6080897008380004,0.9246385216522994,0.09616814170211549
1412,0.6080765658513612,0.924624813474434,0.09614229607609331
1413,0.6080914774142867,0.9246255398118651,0.09610483031466636
1414,0.6082344021780679,0.9246285450810242,0.09608933077452467
1415,0.6081830532353582,0.9246368230219051,0.09606146642455778
1416,0.6081947835873881,0.9246233953870686,0.0960525353573387
1417,0.6082258039972036,0.924636438716386,0.09601402306316838
1418,0.6082125432995312,0.9246574486991139,0.09598986662152409
1419,0.608207762420407,0.9246486903763341,0.09597025915714603
1420,0.6082191116645776,0.9246623178500406,0.09595483128030798
1421,0.608161418612656,0.92464790255002,0.0959285243234043
1422,0.6081634288528799,0.9245996414629346,0.0959199487801565
1423,0.6081574551930407,0.9245869363224739,0.09592252567117428
1424,0.6081791115770578,0.9245890922764359,0.095904134801941
1425,0.6081240185905554,0.9245571526447456,0.09594579425772924
1426,0.608147787479347,0.924550008405146,0.09593884039491785
1427,0.6081626261333077,0.9245477410025834,0.09589994393025163
1428,0.6082299200743597,0.9245164162597236,0.0958851571283414
1429,0.6082176294800313,0.924479472970175,0.09585777696402328
1430,0.6082412305053925,0.9244856756612528,0.09585216492447417
1431,0.6082456573612074,0.9244850607724223,0.09584913121799944
1432,0.6082975789212942,0.9244773746620407,0.09576941944408966
1433,0.6084275212387935,0.9244941111673965,0.09572917200221488
1434,0.6084042969819672,0.9244878623596563,0.09572789617583159
1435,0.6084233561643835,0.9244839386003065,0.09570458390741933
1436,0.6085233808558844,0.9244922588147946,0.0956539189041143
1437,0.6085730377521841,0.9244697961572046,0.09562990391958044
1438,0.6086159907252068,0.9244719905417185,0.09561682695826942
1439,0.6086691196804529,0.9244649231632227,0.09559622009304412
1440,0.6087133387536975,0.9244658416534133,0.09556087043348911
1441,0.6087819182279205,0.9244047447619907,0.09554259445691264
1442,0.6088048203651923,0.924425724000277,0.09553088175463181
1443,0.6088704696418393,0.9244551541169278,0.09550795387389137
1444,0.608860940638664,0.9244409501849428,0.09548929075439777
1445,0.6089863625487726,0.9244240445851587,0.09545692004264418
1446,0.6089808172095694,0.924474457783151,0.09541180195958211
1447,0.6090735874934738,0.9244833582989728,0.09539971256761692
1448,0.609131307016774,0.9244737429748855,0.09536783511220474
1449,0.6092442493540146,0.924495048872863,0.09534088509788824
1450,0.6093318256989001,0.9245012477208857,0.09524052867246939
1451,0.6093808495913099,0.9244996490099264,0.09521759771493668
1452,0.6093669385174589,0.9244933848299655,0.09521872136076434
1453,0.6093414998747975,0.9245092451187377,0.09518972956136455
1454,0.6092793427874702,0.9244750265553192,0.09519639164634666
1455,0.6090996761519638,0.9244304086845546,0.09529867529723407
1456,0.6091609210700601,0.9244310197303299,0.09526674646412647
1457,0.6091345677809378,0.9244321073149488,0.09525612503650167
1458,0.6091778905186794,0.9244479445453899,0.09523377966453891
1459,0.6091581673254296,0.9244424528195224,0.0952078388080261
1460,0.6091368947893935,0.9244198556550007,0.09519592524733533
1461,0.6090931869531873,0.9244130957209202,0.09519851228999199
1462,0.6090363846489979,0.9244075040756177,0.09518286418612255
1463,0.6090546638403337,0.9244301627290223,0.09513618522517538
1464,0.6091599844190166,0.9244281566542127,0.09510514917000869
1465,0.6091667483068397,0.9244243750879051,0.09509044670385576
1466,0.6091566631799861,0.924389499362049,0.09507302584750228
1467,0.6091355643531263,0.9243946336837838,0.09506744391199451
1468,0.6091616524539742,0.9244272074195806,0.09505869328302019
1469,0.6091587362453648,0.9244243289712428,0.0950437524633513
1470,0.6091740821595445,0.92444875158698,0.09503822051595655
1471,0.6091767037261578,0.92444512374288,0.09503352566337885
1472,0.6090895226474157,0.9244081919824968,0.09503760015450265
1473,0.6091061086754168,0.9244099597878845,0.0950268741682123
1474,0.6090565784556834,0.9244112318391527,0.09499860346994934
1475,0.6091164282027749,0.9244287907583193,0.0949646137747057
1476,0.6091108566038582,0.924391636100735,0.09494416363283911
1477,0.6092019579705761,0.924393972678291,0.09491938317535031
1478,0.6091489055804974,0.9243702879291504,0.09494342990498174
1479,0.6091341963865503,0.9243828278182379,0.09493108453354168
1480,0.6091896434782699,0.9243784352061548,0.0949149754874797
1481,0.6092038820859481,0.9243840460667333,0.09489490690532956
1482,0.6090974341314744,0.9244967167588158,0.09452278327989949
1483,0.6091376743071836,0.9245289523057558,0.0944633002210878
1484,0.609191013311427,0.9245321189832331,0.09442545800461657
1485,0.609239667670471,0.9245426412683453,0.09439547083525061
1486,0.6092431305224292,0.92450909139653,0.09438233925493014
1487,0.6093449140320791,0.924533325702563,0.09433788103648164
1488,0.6093625950957726,0.924527484258673,0.09431461544405667
1489,0.6093730847905383,0.9244840077753,0.0942690743485302
1490,0.6093753487486726,0.9245183646887053,0.09422693908654904
1491,0.6094465805425503,0.9245256933949542,0.09415743523836112
1492,0.60941358774664,0.9245008365139803,0.09415232966779984
1493,0.6094120049189554,0.9244942418312729,0.09414976066131364
1494,0.6094545001005338,0.9244970088310104,0.09415901801001536
1495,0.6094226693076812,0.9244790233327176,0.0941515816127921
1496,0.6095378819855943,0.9244952640839538,0.09411734413227124
1497,0.6094687610155108,0.9244657840075855,0.09411670782856436
1498,0.6094635471150514,0.9244725939013835,0.09410889188358919
1499,0.6094395411480984,0.9244909060593675,0.09403178576538238
1500,0.6093969593167642,0.9244718137611797,0.09404011300511432
1501,0.6094887871164817,0.924480664317284,0.09387208482549572
1502,0.609529712336265,0.9245107554394276,0.09385277400404561
1503,0.6094974131700459,0.9245181533206699,0.09381082395089525
1504,0.6095060845634237,0.9245296632709662,0.09375358247539685
1505,0.6095586173180344,0.9245542357658558,0.09372264515167984
1506,0.6095720161962545,0.9245700691532417,0.09370924916326703
1507,0.6095720161962545,0.9245700691532417,0.09370413907068284
1508,0.6094720292630453,0.9245712989309027,0.09368399619494258
1509,0.6094596588465306,0.924556153450396,0.09367533399938936
1510,0.6095827539211104,0.9245497547635034,0.09362471321301985
1511,0.6095660276203735,0.9245517685244233,0.09362843074779142
1512,0.6095974619272007,0.9245880815529208,0.09359122452819409
1513,0.6094723758946432,0.924563808816336,0.09358341214545061
1514,0.6095433579765069,0.9245918400608973,0.09358503570642641
1515,0.6095825434128525,0.9246619719750734,0.09354452988217779
1516,0.6095618310492104,0.9246435406823785,0.09354003031436199
1517,0.6096442675575368,0.9246357008497894,0.09352816102317156
1518,0.6096089951125652,0.9246222309413459,0.09351559781203167
1519,0.6095778820005165,0.9246194293541118,0.09349499441045009
1520,0.6096516823483631,0.9246266696700911,0.09346554290018545
1521,0.6096747350234922,0.9246419227561432,0.09343573678794984
1522,0.6098356328545916,0.9246879164406662,0.09340799645043046
1523,0.6098696242949802,0.9246956140802133,0.09338735628973843
1524,0.6099900611189893,0.9247098948733021,0.09338287336491875
1525,0.609993184790247,0.9247220735152016,0.09336797995967488
1526,0.6101868984550204,0.9247491401529101,0.0932283481219459
1527,0.6102310172949424,0.9247496320639745,0.09320413766220625
1528,0.6104323474864312,0.9248502778363652,0.09310864715605013
1529,0.6104459523726352,0.9248571799634877,0.09308522571407432
1530,0.610493159683358,0.9248655270793621,0.0930647223159136
1531,0.6103948833809968,0.9248117819525193,0.09301928430836917
1532,0.6104013673461074,0.9248449206174293,0.09297630944795192
1533,0.6104967660200475,0.9248325421366598,0.09281497610682682
1534,0.6106532384688478,0.9248432488884213,0.09275816369378838
1535,0.6107608659517828,0.9248542746137636,0.09263514607865402
1536,0.6108418507522981,0.9249116322124855,0.09260441905028104
1537,0.6108889577420386,0.9249257592833667,0.0925577956245087
1538,0.610959821554202,0.9249468115397017,0.09252616318304566
1539,0.6110450609667172,0.9249371923725592,0.09251120420132623
1540,0.6110727966364011,0.9249415503971455,0.09253308263485473
1541,0.6110691163878536,0.9249529758002276,0.09251258552477035
1542,0.6111100602162842,0.9249778480534222,0.09250029672985181
1543,0.6113323219032027,0.9250724371708322,0.09226804773889676
1544,0.6113280767291853,0.9250659385645047,0.09224484991317915
1545,0.6112550750843962,0.9250744663039729,0.09217983317455786
1546,0.6112850753975944,0.9250916601328963,0.0921550854574776
1547,0.6110564581478181,0.9250193146189305,0.09208976254730948
1548,0.6111171180133044,0.9250144224096726,0.09206907343008243
1549,0.611189032715077,0.9250106869600272,0.09207182920704111
1550,0.6113169129757302,0.9250586944054701,0.092034411240384
1551,0.61134619499568,0.9250682520837296,0.09202807867132083
1552,0.6113535344650664,0.9250591325137618,0.09202210829167382
1553,0.6113976357516349,0.9250696663280397,0.09198871467834456
1554,0.6113303582612336,0.9250220624033918,0.0919717204293032
1555,0.611366952920483,0.9250285187361122,0.0919614999157983
1556,0.6113618497015105,0.9250292143291018,0.09194829197799434
1557,0.6113610118479427,0.925028653243044,0.0919435337714514
1558,0.6114747185185188,0.9250166629108488,0.09186522888516835
1559,0.6114732800293564,0.9250014213539623,0.09186047771161354
1560,0.6115452775970555,0.9250191608967229,0.09183218534828098
1561,0.611540918270157,0.9249942655851972,0.09181530003278585
1562,0.6115148974006003,0.9249877400774832,0.09181287846857382
1563,0.6114989107775912,0.9249902957091851,0.09181231308958543
1564,0.6115895920388672,0.9250187765912038,0.09176424421910703
1565,0.6115989366474623,0.925023818679614,0.09175247766754635
1566,0.6116169444732329,0.9250452859859095,0.09173496152735283
1567,0.6116567843712227,0.9250375652880314,0.09171966417002453
1568,0.6116768708323685,0.9250433721444246,0.09170943991789408
1569,0.6117351507183898,0.925067214458828,0.09168049291187882
1570,0.6117330585933137,0.9250540865822964,0.09168572003520255
1571,0.6117592847328465,0.925093908320183,0.09165161654789329
1572,0.6117786546119812,0.925104910987194,0.09164685538680856
1573,0.6119506923215683,0.9251203562260057,0.09152306992506476
1574,0.6119549851549816,0.9251259132838116,0.09150139953370302
1575,0.6119020094038992,0.9251328000387135,0.0915047102450831
1576,0.6119641469073646,0.9251145762709988,0.09148886397110971
1577,0.611927114658222,0.9250906417232708,0.09149952909384218
1578,0.6119493770915277,0.9250679907559766,0.09149288796908668
1579,0.6119386130642254,0.9250623414648461,0.09146704893978205
1580,0.6119388580793137,0.925046162202493,0.09147249077556083
1581,0.6120125806785444,0.925050189724333,0.09145271589928695
1582,0.6120862368464566,0.9250762686968574,0.09142901297444032
1583,0.6121076946887931,0.9251068709453414,0.09135498590140861
1584,0.612079843216658,0.9250821293560233,0.09135135081017388
1585,0.6121195804725851,0.9250784054355434,0.0913290324579887
1586,0.6122285489582324,0.9250857264556819,0.09131346646665807
1587,0.612237983650706,0.9251063098592835,0.09127695404420179
1588,0.6122765936030461,0.9250928092063985,0.0912731308835317
1589,0.6122907067838476,0.9250775330620151,0.09124977917351594
1590,0.6123285627686285,0.9250168320052772,0.09125962693284333
1591,0.6123355429955603,0.9250166552247384,0.09124667648655699
1592,0.6122772187741428,0.92498274026268,0.0912481375583353
1593,0.6122862537427266,0.9249849922930218,0.0912479687871765
1594,0.6123141201098864,0.9249985275334036,0.0912315430139598
1595,0.6122685908254292,0.924987855369139,0.09122739829779886
1596,0.6123444008710014,0.9250160749234047,0.09120647695346595
1597,0.6124227266063575,0.9249890121287514,0.09116856884032995
1598,0.6125011302898571,0.9250033544107232,0.09114245264102552
1599,0.612397600235184,0.9249720949998017,0.09113176867484263
1600,0.6119837902199611,0.9248677983249798,0.09108379562944112
1601,0.6119666116399822,0.9248388601193934,0.09107899844847481
1602,0.6119425805271677,0.9248180884060874,0.09106252626356891
1603,0.6119741960204885,0.9248112170234063,0.09105801494568645
1604,0.6120572300861479,0.9248576180717795,0.09102052150977057
1605,0.6120420105184338,0.924856338334401,0.0909990738182077
1606,0.6120351262183172,0.9248485907351364,0.09098469072936789
1607,0.612050592245744,0.9248612997186523,0.09096325189411394
1608,0.6120577616890083,0.9248419576218772,0.09094479092102767
1609,0.6120380766525502,0.9248434871578431,0.09092845644889583
1610,0.6120306185523261,0.9248528949569501,0.09089878875729746
1611,0.6120374164890241,0.924852007211201,0.09089536694439905
1612,0.6119634703198497,0.9248224156862322,0.09088829707643685
1613,0.6119662464945713,0.9248329648727308,0.0908627318806846
1614,0.6119334483675809,0.9248281994842943,0.09085316897681166
1615,0.6119831235868941,0.9248434333550705,0.09083708887584352
1616,0.6119448553016259,0.9248202443600494,0.09083361575312124
1617,0.6119486033593247,0.9248207132127827,0.09080368291448615
1618,0.612037906960133,0.9248294792216728,0.09079785602319
1619,0.6120323680381508,0.9248238683610943,0.09079347529041502
1620,0.6120347534619304,0.9248091725180448,0.09078528626461047
1621,0.6120504834950872,0.9248077390584587,0.09074737647545358
1622,0.612072674198422,0.9247996955439445,0.0907308907774311
1623,0.6122881061742276,0.9248402090317653,0.09067770212845731
1624,0.6124153070254851,0.9249028738897058,0.09063004736406792
1625,0.6124449739677239,0.9248989731886872,0.0905998911061465
1626,0.6124436583645311,0.924883112899915,0.09058248244923829
1627,0.6124363198865883,0.9248965751222482,0.09057024925303446
1628,0.6124242720976003,0.9248607386325944,0.09055945917037507
1629,0.6125788568012431,0.9248749310354138,0.09052432401275501
1630,0.6125378818882147,0.9248541285776662,0.09052065762908978
1631,0.6125357642674767,0.9248819984139096,0.09049915242021625
1632,0.6128470245161568,0.9248358548502342,0.09013730510703422
1633,0.6128336825502958,0.9248397209637561,0.0901316793938519
1634,0.6129488523703948,0.9248371883903854,0.09011339924484321
1635,0.6129824181940386,0.9248447361507801,0.09011671575390146
1636,0.6130281359753975,0.9248478605546502,0.09008840982206083
1637,0.6130357174570971,0.9248306398243404,0.09007550946301876
1638,0.6129740528960298,0.9248526566875283,0.090035546608043
1639,0.6130172413043941,0.9248729326467147,0.09002311845499696
1640,0.6133293373151261,0.9248874017495078,0.08997494614680543
1641,0.6134055573606095,0.9248970862485886,0.089949965646266
1642,0.6134993899001636,0.9248991345970052,0.08991353161598097
1643,0.6134685301400319,0.92488996506732,0.08990279366886501
1644,0.6134514629014969,0.9249179963118814,0.08986986104575152
1645,0.6135101946030477,0.9249569648915157,0.08984205089826633
1646,0.6135029791424624,0.9249597049898667,0.0898137434866144
1647,0.6134792007326442,0.9249336759770597,0.08980242554200414
1648,0.6136410667504302,0.9249359664379534,0.08976523225936353
1649,0.6136764511067943,0.9249011329857044,0.08971786368110046
1650,0.6136643405152273,0.9248837316318007,0.08970333978944668
1651,0.6137049075925548,0.9248945075585555,0.08968598859001888
1652,0.61365275602908,0.9248642319697628,0.08965625534717166
1653,0.6136364826092358,0.9248668836778444,0.08964151461099105
1654,0.6135056576881237,0.9248606002826075,0.08964149572780009
1655,0.6135639025573857,0.9248594435229951,0.08964130596866196
1656,0.6136248904267017,0.9248623988324368,0.08961599103121799
1657,0.6135777039492218,0.9248908412839035,0.08959652976995441
1658,0.6135867379385153,0.9248462733728564,0.08957543758468672
1659,0.613679289781202,0.9248554813330935,0.08956766155834704
1660,0.6136940131625744,0.9248449744202019,0.08953807991978882
1661,0.6137561387600236,0.924874431438239,0.08951969010394535
1662,0.613771434283764,0.9248835471651515,0.08947455011615393
1663,0.6138483735884779,0.9248983198693048,0.0894571586096061
1664,0.6140045320994657,0.9248639667989547,0.08942792393267167
1665,0.6139827178643095,0.9248697390678511,0.08940227125985856
1666,0.6139569140554604,0.9248405203192358,0.08940110442015133
1667,0.6140336679012871,0.9248299903480132,0.08937938752990426
1668,0.6140861601108096,0.9247967363914475,0.08938135419601896
1669,0.6141783870228237,0.9248316928214627,0.0893473792484456
1670,0.6141583764380524,0.9248167587089914,0.08934422293732222
1671,0.6142634165929319,0.9248439175800245,0.08931499939377263
1672,0.6141837215641784,0.9248218546001743,0.08931976610390427
1673,0.6141114272256394,0.9248498358850182,0.08930240677480719
1674,0.6140960574266571,0.9248378686111542,0.08929406094898718
1675,0.6140178165428551,0.9248256592248132,0.08931754769061197
1676,0.6140109434849096,0.9247820636067293,0.08931373100086891
1677,0.6140416920478275,0.9248700849428183,0.08907568731045437
1678,0.6141463440326147,0.9249076008475904,0.08904182614168309
1679,0.6141555922121844,0.9249166896731166,0.08903144080015526
1680,0.6141363050428428,0.9249006064871432,0.08903204167396389
1681,0.6141712486483011,0.9248982929679185,0.08902745881858977
1682,0.6142140068036375,0.9249132962553831,0.08901419796645428
1683,0.6142291374016106,0.9249047493006389,0.08901352695595871
1684,0.6141989240578682,0.9249250905917635,0.08899932637382446
1685,0.6140773447479889,0.92485994312017,0.08899601029596561
1686,0.6141042497856073,0.9248710995093886,0.08894992291422056
1687,0.6140894075024165,0.9248794043516558,0.08895316574938546
1688,0.6141188077510283,0.9248964406153165,0.08893169776934824
1689,0.6141490635196323,0.9248938042794557,0.08891174630047757
1690,0.6143620320994356,0.9249194259284124,0.08875466571654302
1691,0.6143859254480494,0.9249238954015992,0.0887568449559836
1692,0.6142609076939052,0.924905859943589,0.08875344826249953
1693,0.6142692214769083,0.92493106269953,0.08874650339181095
1694,0.6141682704231599,0.9249022782161512,0.08873867631008847
1695,0.6140550841398099,0.9248264662664032,0.08871825067746464
1696,0.6140254073746743,0.9248386794957995,0.08870416419976386
1697,0.6141266439222522,0.9248771484782589,0.08867025970930996
1698,0.6139873226643143,0.924829986504958,0.08867322448078885
1699,0.6138793092014752,0.9248114975664352,0.08868005556033581
1700,0.613990999604883,0.924841269714998,0.08863752654744048
1701,0.6140118664529173,0.9248323000241828,0.08862639033925412
1702,0.6140186700731178,0.9248502816794203,0.08861524243307359
1703,0.6139461620245495,0.9248291525619816,0.08860159337526248
1704,0.613920829978653,0.9248199484447998,0.0885734130148056
1705,0.6139094666960718,0.9247961138165067,0.08857207365290658
1706,0.6139174508850429,0.924781414130402,0.08854495233952163
1707,0.6139356963811715,0.9247430719687639,0.08852753395835022
1708,0.6139848212826087,0.9247401051301566,0.08851814718177656
1709,0.614091564818845,0.9247822672886544,0.0884901711791953
1710,0.6140533774580621,0.9247476797919376,0.08849945018802591
1711,0.6141659870203702,0.9247645546472802,0.0884661944080965
1712,0.6142119223548604,0.9247340100446241,0.08844453007028238
1713,0.6142551169837119,0.9247583634853679,0.08841741418132998
1714,0.6142291689954889,0.924765476980526,0.08839921309751932
1715,0.6142679840927765,0.924754335963528,0.08838622898556356
1716,0.6142782326290529,0.9247533828858406,0.08838382182789155
1717,0.6142017698400491,0.9247478104558141,0.08837038669061478
1718,0.6141760401512051,0.9247343328612602,0.08836009081235155
1719,0.6141760401512051,0.9247343328612602,0.08837760737874897
1720,0.6141887543313362,0.9247635900404273,0.08835168538518215
1721,0.6141400789648477,0.9247324689794926,0.08835465917618386
1722,0.6142306930887226,0.924755342843988,0.0883299110756544
1723,0.6142886864163265,0.9247983389454622,0.0883042463305518
1724,0.6142594493326222,0.9248140455120267,0.08829687391414018
1725,0.614333905426933,0.9248209322669285,0.08826325758836158
1726,0.6143550908206233,0.9248206209794582,0.08824953219400841
1727,0.614436536169886,0.9248141454314617,0.0882266132157408
1728,0.6143704288579561,0.9247492323862346,0.08821141652534432
1729,0.6143768109868875,0.9247717450035421,0.08820300370300975
1730,0.6143267184576169,0.9247671179650925,0.08820305461673905
1731,0.6143505392064037,0.9247730170548103,0.08819665020387168
1732,0.6143600523141057,0.9247768754822218,0.08819222835641384
1733,0.6144239835091853,0.9247637207043038,0.08816722192338272
1734,0.6145303727984633,0.9247972590469535,0.08812479123857968
1735,0.6145386294896,0.9247546856815504,0.08812503401990604
1736,0.6146024918201166,0.9247646776250463,0.08811203291086644
1737,0.6146565848521666,0.924770918746676,0.08809109790424785
1738,0.6145280134710135,0.9247446822088888,0.08803836589482036
1739,0.6145759180303296,0.9247359700027714,0.08802438701713987
1740,0.6145834317879298,0.9247461502559717,0.08801583952770745
1741,0.614672708937094,0.9247079925609827,0.08800236544704487
1742,0.6147118410731323,0.9247183495947218,0.0879868387357184
1743,0.6147008117411304,0.9246996685034395,0.08796162989776607
1744,0.6148037686215359,0.924717246637882,0.08793503787498835
1745,0.6147469518325499,0.9247224731929414,0.08792599237191842
1746,0.6148401955013615,0.9247403472426337,0.08789710536769696
1747,0.6148002495816725,0.9247186877835786,0.08789798220891047
1748,0.6148247597339729,0.9247455814838035,0.0878793437633321
1749,0.6148659040214003,0.9247438866964643,0.08785739753033922
1750,0.6148707385835187,0.9247608883726283,0.08785483186638397
1751,0.6148780495731193,0.9247974819441546,0.0878399446692976
1752,0.6148672937318249,0.9247824056386412,0.08783088049453654
1753,0.6150252204068888,0.9248627677657351,0.08775277859257524
1754,0.6150755006802038,0.924929229562204,0.08733655572082596
1755,0.6150819696508977,0.9248851804636076,0.08731113229539689
1756,0.6152512368325482,0.9249404666555817,0.08720110707891729
1757,0.615232040566373,0.9248952069946003,0.08719424238397006
1758,0.615240323312855,0.9248920672185094,0.08706586581924158
1759,0.615280150547667,0.9249018746953562,0.08704519633321277
1760,0.615424650283106,0.9249121125943843,0.08694201197124989
1761,0.6153810546077254,0.9248982660665321,0.08694116556651565
1762,0.6153810546077254,0.9248982660665321,0.08695666291116529
1763,0.6154076444950162,0.9249091957154946,0.08693167067231851
1764,0.6154982839220593,0.9249404704986369,0.08690802360423414
1765,0.6154714718541613,0.9249348212075066,0.08690131475107091
1766,0.6154742721566243,0.9249371039822899,0.08689213538750008
1767,0.6156113448972064,0.9249388256710153,0.08682449361817449
1768,0.6157863576088635,0.9249710842762865,0.08679336047195112
1769,0.6158496666727706,0.9249780709506232,0.08676447052914724
1770,0.6158420655565358,0.9249658461920615,0.08674714523049054
1771,0.6159411436038655,0.9249776751159386,0.08672209077126918
1772,0.6161107621582476,0.9250180195093312,0.08667907531585568
1773,0.6161156343235585,0.9250018325608678,0.08667631296184591
1774,0.6161134577190607,0.9250028740288244,0.0866690847865991
1775,0.616196654255971,0.9250052528799875,0.0866509126670792
1776,0.6161881017869217,0.9250261783155012,0.08664473897215903
1777,0.6162087329903864,0.9250223736908623,0.08664798005269438
1778,0.6161987573456189,0.9250271775098508,0.08664868660652268
1779,0.6162680395470372,0.9250296562804488,0.08664015207851003
1780,0.6163068679566053,0.9250543901836564,0.08661323401116457
1781,0.6163301025894489,0.9250397712017109,0.08661094337862467
1782,0.6164076970775536,0.9250338298383859,0.08658158106792671
1783,0.6163715316866926,0.9250490598661069,0.08656891876670207
1784,0.6164436225071073,0.9250646857285125,0.08653755090002907
1785,0.6164269472912971,0.9250551741669154,0.08655040496856778
1786,0.6164401959892193,0.9251026282124108,0.08652963246447536
1787,0.6164319895636741,0.9251156446403419,0.08652331250977432
1788,0.6163915014936019,0.9251062022537382,0.08651818329894055
1789,0.6164216742103716,0.9251071860758671,0.08651164352280694
1790,0.616424082488437,0.9251384839173405,0.08648844077874114
1791,0.6164541710618429,0.9251460931666182,0.08648068079561821
1792,0.6164836946178625,0.9251015021972399,0.08647563192669896
1793,0.6165301766318393,0.9251169935527138,0.08645233932200243
1794,0.6164517554029729,0.9250922327481198,0.08645663428330949
1795,0.6165455942050623,0.9251197413371752,0.08642833955043142
1796,0.6165674999654878,0.9251125701961893,0.0864208977941304
1797,0.6167228321638316,0.9251639249427033,0.08638200287147678
1798,0.6167257980177412,0.92516728377294,0.08637662465498577
1799,0.616680926180915,0.9251577798974533,0.08638079439927354
1800,0.6166529740815325,0.9251281345697119,0.08637564745942258
1801,0.6166446057167533,0.9251299177473203,0.0863635110003948
1802,0.6166687509582878,0.9251323619304217,0.08635997449191896
1803,0.6167163378446053,0.9251378613423996,0.08635121331081069
1804,0.6167071842232329,0.9251294104640352,0.08635667174826767
1805,0.616748495670267,0.9251625837164418,0.0863495686901705
1806,0.6167514980638161,0.9251559390740169,0.08634455352947278
1807,0.6168599916744067,0.9251899654846759,0.0863088301844255
1808,0.6168402139188925,0.9251794393565084,0.0863053167708859
1809,0.6168438687715524,0.925167402907651,0.0863002233553149
1810,0.6168131708652695,0.9251350213246137,0.08629357340262829
1811,0.6167966402536383,0.9251133964530552,0.08630975841435448
1812,0.6168446036581651,0.925142081016999,0.08628684157628169
1813,0.6169575735035451,0.9251656965911462,0.08626689955569877
1814,0.617124200299082,0.9252456820988314,0.08617082045601457
1815,0.6170999024165709,0.9252405862076485,0.08614065221684551
1816,0.6170392356246237,0.9251961220590914,0.08613346929964091
1817,0.6170744541318414,0.9251934818801754,0.08610006755627884
1818,0.6170479760548576,0.9251691630269283,0.08599667663311139
1819,0.6170305153550306,0.9252185731875159,0.08578512548329198
1820,0.6170505146464507,0.9252296296572996,0.08578429955915651
1821,0.6171236740785299,0.9252244223175161,0.0857772712504658
1822,0.6171883101114376,0.9252459088390876,0.08575406914430475
1823,0.6172107304174881,0.9252806923316191,0.08573315412285158
1824,0.6172046264243852,0.9252249065424701,0.08573072376159667
1825,0.6172545876982563,0.9252526264995611,0.0857178978236971
1826,0.6173186517661134,0.9252861725283212,0.08569114043212489
1827,0.6173375840157359,0.9252610082029321,0.08568144243691987
1828,0.6174677586319449,0.925253691025849,0.08566161734495749
1829,0.6174273049764132,0.9252227198440667,0.08565810679097946
1830,0.617499910727556,0.9252425961255132,0.0856355810160478
1831,0.617499910727556,0.9252425961255132,0.08562999373456352
1832,0.6174529944577883,0.9252209789400653,0.08563285072137804
1833,0.6175441135357469,0.9252293606434363,0.08562690272288898
1834,0.6175991395782606,0.925232900097267,0.08562015760242246
1835,0.6175514815624396,0.9252060601998148,0.08562142632163576
1836,0.6176535310229835,0.9252162519821806,0.08559806521496592
1837,0.6176425864295211,0.9252225238482519,0.08558697075691016
1838,0.617680959416326,0.9252164710363265,0.08558207569152751
1839,0.6176761027458317,0.9251859341197808,0.08557521244006516
1840,0.6176769406438843,0.9251759306471192,0.08556587852113726
1841,0.6177583109874862,0.925168813308906,0.08555246076950095
1842,0.6177071397273627,0.925149836302374,0.08553332183119242
1843,0.6177377925181458,0.925151607950817,0.08553225419746004
1844,0.6177150029030678,0.9251517270855278,0.08552624873952196
1845,0.6178426576173361,0.9251810495966333,0.08549047273282805
1846,0.6179607712260552,0.9252310093141131,0.08546091277515908
1847,0.6180282195180091,0.9252411050200993,0.08544733893801841
1848,0.6180333466768796,0.9252629835333002,0.0854293878393864
1849,0.618029773392113,0.9252467504681744,0.08542617280546902
1850,0.6180064544729954,0.9252459472696396,0.08544249233958547
1851,0.6180842916821465,0.9252650664692136,0.08542016669997098
1852,0.6181259282262003,0.9252678296258957,0.08541040376843557
1853,0.6181360130292808,0.9252600166946929,0.08539912193609837
1854,0.6180535314714827,0.9252509970441603,0.08540377471015045
1855,0.6180585260372938,0.9252533797383785,0.08539034780988346
1856,0.6180555997081922,0.9252392180800005,0.08538742735816093
1857,0.6180198463115991,0.925255062996552,0.08536723577358217
1858,0.6180186770647437,0.9252839243410346,0.08535218673176365
1859,0.6179807819142338,0.9252746087752522,0.08534853315078834
1860,0.6179370554240969,0.9252608813821108,0.08533963992275717
1861,0.6179461928727492,0.9252674222620455,0.08533177754359088
1862,0.6180127397182282,0.9252653124247457,0.08532197788185192
1863,0.6179956350203243,0.9252511123358159,0.08532923204525916
1864,0.6179407257902272,0.9252315358126743,0.08532759146526409
1865,0.6179160049738809,0.9252374310593369,0.08532250172061691
1866,0.6179039081979453,0.9252147109170491,0.08531647148751757
1867,0.6178943466879545,0.9252034123347883,0.08531557291020075
1868,0.6178790692054775,0.9251863107391894,0.08530873701568534
1869,0.617978065675402,0.9251870293905101,0.08530736838520882
1870,0.617918127919603,0.9251882168945641,0.08529711634109234
1871,0.6180380447570618,0.9251853038587294,0.08527910261523126
1872,0.6180790063427624,0.9251808113272115,0.08526173012538824
1873,0.6180450866604043,0.9251857727114627,0.08525575721566951
1874,0.6181298928456835,0.9251778368024939,0.08523758523514453
1875,0.618128560931962,0.9252092998953405,0.08523362850138337
1876,0.618130109781721,0.9251910069526326,0.08523712894875222
1877,0.6181486944716599,0.9251976246936711,0.08522103758345068
1878,0.6181689436720981,0.9252158792058272,0.08520003507165108
1879,0.6181827483860063,0.9251909147193079,0.08519219053670349
1880,0.6182488075162123,0.9252227851760049,0.08516607702315317
1881,0.618228692768313,0.9251970098048405,0.08514915165936085
1882,0.6182581271745548,0.9251891815014169,0.0851319526386114
1883,0.6182019053484547,0.9252094344022722,0.08512705575947896
1884,0.6181722318939389,0.9251859494920015,0.08512007971257385
1885,0.6182291343363739,0.9252008144294793,0.08510647319398834
1886,0.6182111185557524,0.9251937662662595,0.08509994886914943
1887,0.6181029909063709,0.9251738553973162,0.08510628687630371
1888,0.6181437550600865,0.9251859418058911,0.0850928417152121
1889,0.6181244163423026,0.9251653737745102,0.08509626008293766
1890,0.6180268495801982,0.9251501168454029,0.08510105892040677
1891,0.6180601204356887,0.9251628796316914,0.08508522421666703
1892,0.6179789238187714,0.9251537485325582,0.085077638674598
1893,0.6180756914128178,0.9251706349170664,0.0850398157724668
1894,0.6182020442430444,0.9252381151231608,0.08493024076536955
1895,0.618222178302864,0.9252630642374592,0.08490942480824382
1896,0.6182037292791145,0.925243499243483,0.08490695694195104
1897,0.6181938701061495,0.9252406899701386,0.08490351400351037
1898,0.6181568836435591,0.9252437567281808,0.08488986351985559
1899,0.61819208084397,0.9252442409531348,0.08488025402848318
1900,0.6181881205191706,0.9252300985100329,0.08487558257229441
1901,0.6182180073504534,0.9252314358932393,0.08486000379279611
1902,0.6181519311509421,0.9252239227203414,0.08485261433310377
1903,0.6181465368143645,0.9252084813245849,0.0848569690267014
1904,0.6181752062068413,0.9252115788270686,0.08485048179477991
1905,0.6182915096635343,0.9252227544315633,0.08483006703062856
1906,0.6183645831252391,0.9252146609573316,0.08481163151746891
1907,0.6184029632878546,0.9251305134208749,0.0846930955971213
1908,0.6183924296805815,0.9251404208171566,0.08469229441772441
1909,0.6184153502421933,0.9251233192215578,0.08468498059018731
1910,0.6184435653284573,0.9251097878242311,0.08466982203422793
1911,0.6184545037384903,0.9250526531227102,0.08468251524118409
1912,0.6183734229793882,0.9250274311514933,0.08466700776049944
1913,0.6183270822237085,0.9250309283317169,0.08466850083935204
1914,0.6183867071677063,0.9250191532106125,0.08466432638544949
1915,0.6184061714761834,0.9249859722720954,0.0846617257781899
1916,0.6184883263840962,0.9250116131363282,0.08464093004075936
1917,0.6185130116035054,0.9250009755595602,0.08465036293363278
1918,0.6184751489383704,0.9249804651740071,0.08465218741730221
1919,0.6184446050107695,0.9249799463615563,0.08465312015597413
1920,0.6183656739368971,0.9249808725378573,0.08466290789730954
1921,0.6184223866966786,0.9249943117018594,0.08465990799592404
1922,0.6182776218322464,0.9249398517667512,0.08467327553306518
1923,0.6182825250463213,0.9249396096542742,0.08467270411948105
1924,0.6183771108150181,0.9249725830678109,0.08465784569540877
1925,0.6183588685525345,0.9249824750918719,0.08464890305506646
1926,0.6183435518230724,0.9249336029590111,0.0846190677375002
1927,0.6184902094388212,0.9249474725451945,0.0845918076696441
1928,0.6185126761847917,0.9249396980445436,0.0845781367267741
1929,0.6184186996585241,0.9249066977296206,0.08458703261037809
1930,0.618407627503952,0.9249062980518807,0.08457965687238815
1931,0.618390978802474,0.9249004335496597,0.08456859345169737
1932,0.6184063174768297,0.9249021168078332,0.08456454774799153
1933,0.6185292822895576,0.9248863871829375,0.0845391445572293
1934,0.6185029794121658,0.924836515855727,0.08454627986155665
1935,0.6184905101193795,0.9247991344578866,0.08454248450105023
1936,0.6184862480809176,0.9247040572724674,0.08450883956403296
1937,0.6184416880665649,0.9247072393221653,0.0845053066035007
1938,0.6184145514209737,0.9246987346410281,0.08451928918701379
1939,0.6184601560523308,0.9247138032604311,0.08451602930761702
1940,0.6184326180370027,0.9247147909256151,0.08451262958517117
1941,0.618420102192383,0.9246895689543982,0.08451348495314379
1942,0.6184671800381681,0.9246794117595291,0.08450329619777257
1943,0.6184253458355491,0.9246790351401204,0.0844957766478517
1944,0.6184261010492286,0.9246692391924392,0.08448757176967384
1945,0.6184288902532836,0.9246709762533853,0.08448889813341987
1946,0.6184750105280962,0.9247026468712124,0.0844540536483592
1947,0.618480274571127,0.9246858719353047,0.08445365072719367
1948,0.6185223229882499,0.9246703037187269,0.08444419860867125
1949,0.6185944450381974,0.9246400665604861,0.08441443072535827
1950,0.6186172018327637,0.9246476604375431,0.08440380450797536
1951,0.6186046904313094,0.9246744004155604,0.08438845787058791
1952,0.6186390555193215,0.924675803130705,0.08437823289747882
1953,0.6186624802786139,0.9246660494566308,0.0843773806775589
1954,0.6186449667711696,0.9246779821429981,0.08437336592522206
1955,0.6186376366066824,0.9246664068607635,0.08436936174320572
1956,0.6186534083701071,0.9246698502382145,0.08435029730048464
1957,0.6186485159179933,0.9246569260436079,0.08434217717865417
1958,0.6186553156677913,0.9246597968058354,0.08434744473130956
1959,0.6186592036070396,0.9246399896993823,0.08433764906786562
1960,0.6186183229185622,0.9246287910365565,0.08432207626398146
1961,0.6186849604392811,0.9246304935100059,0.08430452413460661
1962,0.6187514642579507,0.9246238142800844,0.08428460457123185
1963,0.6185956002635564,0.9246416691145006,0.08428170885558035
1964,0.6185757479998591,0.9246134072866279,0.08428047645294942
1965,0.6186746149756651,0.9246720753671699,0.08425140613129077
1966,0.6187118182892716,0.9246826783564412,0.08423945071112626
1967,0.6187582339427767,0.9246704151673275,0.0842318476598617
1968,0.6188088060253772,0.9246781243360401,0.08422546924690515
1969,0.6187695458784799,0.9246492745207232,0.08422494204712284
1970,0.6189110907628491,0.9246573948963412,0.08420021787843661
1971,0.6189270471095484,0.9246371765829827,0.08419612696168587
1972,0.6189236994176133,0.9246635783721432,0.08417864031792766
1973,0.6190378183539539,0.9246936925526179,0.08415396816289951
1974,0.6190849119568684,0.9246955026316127,0.08414131220334926
1975,0.6190667471562901,0.9246827974911521,0.08414872352279591
1976,0.619045542110761,0.9246787814984778,0.08414645805607468
1977,0.6190787027300612,0.9246862101241615,0.08413624833392298
1978,0.6190935192903975,0.9247727480409469,0.0838689282431513
1979,0.6190846386239581,0.9247749731699023,0.08386210954701817
1980,0.619070516395459,0.9247640012473327,0.08386241576982516
1981,0.6189496726714903,0.9247075967262981,0.08387964904144013
1982,0.6190056185607499,0.924741281105045,0.08385904733847419
1983,0.6189932975551459,0.9247669296553881,0.08384815865942788
1984,0.6190170960851271,0.924765092675007,0.08383935233803723
1985,0.6190152630475608,0.9247545473315635,0.08384474763046662
1986,0.6189733639167297,0.9247436753284288,0.083839830366994
1987,0.61901700214531,0.924739447967719,0.08382090711768929
1988,0.6190704301668852,0.9247837660801788,0.08365705753208431
1989,0.619074974871783,0.9247658266985483,0.08365895934801623
1990,0.61903261182173,0.9247545627037842,0.08366592496237309
1991,0.6190484892704705,0.9247535442941587,0.08365508462544607
1992,0.6190796952454167,0.9247820559206189,0.08366134211215118
1993,0.6191445468940592,0.9247855531008424,0.08360409078961015
1994,0.619159987074689,0.9247702654272937,0.0835983222364133
1995,0.619205069490056,0.9247555503689683,0.08359623603614692
1996,0.619176784864723,0.924751515161018,0.08359830757196728
1997,0.6191849304498911,0.9247770791641469,0.08359372981135474
1998,0.619265292530162,0.9247787086195477,0.08358526566315097
1999,0.6193930858760288,0.9247755073545738,0.08353885637448094
2000,0.6193810441567118,0.9247804495235492,0.08353804272023868
2001,0.619405353624706,0.9247639705028912,0.08352303560052583
2002,0.6194125994379733,0.9247709879216696,0.08350881227226613
2003,0.6194658051979905,0.9247620989350133,0.08349110781871574
2004,0.6194690434347394,0.9247632134210186,0.08349861868361431
2005,0.6194829621763771,0.9247630058960383,0.08349535370676019
2006,0.6194568183670078,0.9247676060331017,0.08349161373066531
2007,0.6194748684359459,0.9247591013519645,0.08348046338559166
2008,0.6195454838782032,0.9247571721382588,0.08347158821724078
2009,0.6195493639944181,0.9247548701481995,0.08347105734644128
2010,0.619628187372489,0.9247685283663475,0.08345657988158103
2011,0.6196169092799804,0.9247599929407688,0.08346304859605005
2012,0.6195607307641362,0.9247593818949934,0.08346898218642132
2013,0.6195445730170739,0.9247708111411308,0.08346236404832484
2014,0.619489491534348,0.9247538709538499,0.08346961275456405
2015,0.6195015734461604,0.9247474146211294,0.08345983538394985
2016,0.6194957228287519,0.9247630558557558,0.08345584364895275
2017,0.6194956476137317,0.9247659074027074,0.0834354663922888
2018,0.6195678869506025,0.9247810144526623,0.08341643784887699
2019,0.6195106802927102,0.9247859566216375,0.08341094061077432
2020,0.6195065795418442,0.9247707304369718,0.08341099187991771
2021,0.6195082433004007,0.9247479603349665,0.08341071661684149
2022,0.6194858662130934,0.9247299940519498,0.08342117861448847
2023,0.6195390898327362,0.9247346210903994,0.08340790584626827
2024,0.6196243895751754,0.9247417614869439,0.08339103323863443
2025,0.6195735058680334,0.9247167700990384,0.08339712086408133
2026,0.6195514956626116,0.9246970552259098,0.08339460489281762
2027,0.6195192874220155,0.9246646275262103,0.08339672877624142
2028,0.6195590146908421,0.9246184916486453,0.08339059706488651
2029,0.6195259221218882,0.9246081038704647,0.08339427988710939
2030,0.6195751886738669,0.9246248826494274,0.08338057875971576
2031,0.6195941546241259,0.9246109400451954,0.08338182348630539
2032,0.6196842081287821,0.9246197406415823,0.08336027766885638
2033,0.6196518774349791,0.9246373687357422,0.08335329691588186
2034,0.6196081287876428,0.9246054752207141,0.0833693218826564
2035,0.619701544192893,0.9246331874916947,0.08334902932042974
2036,0.6196524095154596,0.9246146562795649,0.0833432410075752
2037,0.6196925923277915,0.9246504159081148,0.08332385587277509
2038,0.6196881793965588,0.924632226727897,0.0833192916981874
2039,0.6196803244920309,0.9246371496815964,0.08331041354148523
2040,0.6197720136497271,0.9246663415288253,0.08328356757480788
2041,0.619715705971962,0.9246400973049277,0.08328247357649583
2042,0.6195637067794013,0.9245390018950796,0.08328107182535252
2043,0.6197486251443123,0.9245605614346998,0.08318791625247601
2044,0.6197475431241588,0.9245345055205065,0.08318125919654651
2045,0.6197328034028188,0.9245351242523923,0.08318557692395476
2046,0.6197184258160054,0.9245630056178011,0.08317285779109332
2047,0.6197327782593332,0.9245731205390632,0.08316344440197072
2048,0.6197785780507459,0.9245807835911135,0.08315227471698085
2049,0.6198827499333175,0.9245982694922315,0.0831385384377146
2050,0.619691836189807,0.924592416519176,0.08315979055144594
2051,0.6197202017484141,0.9246161127974821,0.08314440779140855
2052,0.6197615276471288,0.9246208781859186,0.0831153787184319
2053,0.6200045832988431,0.9246264160284485,0.08302013722037595
2054,0.6201180084846436,0.9246389405453153,0.0829958516069371
2055,0.6201367382304525,0.9246222001969043,0.08298794792923955
2056,0.6201917712192627,0.9246374609690668,0.08297225576827368
2057,0.620144671979167,0.9246236029120489,0.08297761876819272
2058,0.6201994341469559,0.9246260163507087,0.08296176733021567
2059,0.6201839547100791,0.9246306241738824,0.08295630761688368
2060,0.6201432420061562,0.9245969436381907,0.08296818884867987
2061,0.6201662526430755,0.9245535593881422,0.08296824255284166
2062,0.6201857881406824,0.9245590049973476,0.08295541921426296
2063,0.6202424035609956,0.9245680899798185,0.08294690618991359
2064,0.6203605071926825,0.9246467650056837,0.08291593171161264
2065,0.6203081629010423,0.9246413693561958,0.08291049940345696
2066,0.6202991504822774,0.9246527947592779,0.08291060392114008
2067,0.6203453775718306,0.9246683552897452,0.0828926636867587
2068,0.6203848024113225,0.9246875820948646,0.08288117475362328
2069,0.620411475336604,0.9247017898699048,0.08286796380925303
2070,0.6204235471319008,0.9247034615989128,0.08286691428661895
2071,0.6204312237100922,0.9247155364783222,0.0828633784492337
2072,0.6203600364961396,0.9247195678432173,0.08286419946831858
2073,0.6204147016451306,0.9247403049690266,0.08284491406726342
2074,0.6205047548297264,0.9247729709381479,0.08281828362329384
2075,0.6205644124292662,0.9247813411123534,0.08280475224282197
2076,0.62048642304957,0.9247673677636798,0.08280984836426954
2077,0.6202982838849277,0.9247926281654487,0.08281812885772707
2078,0.6203023916432737,0.9248154597563369,0.08280909217695635
2079,0.6203798564695586,0.9248068436265993,0.08279478366156738
2080,0.6203888079261077,0.9247982505551927,0.0827934401508406
2081,0.6203805083096393,0.9248089573069542,0.08278396984990086
2082,0.6204354811031019,0.9248480142768578,0.08275690454109665
2083,0.6204754732065058,0.9248545974303995,0.08274319863181674
2084,0.6205807472019059,0.924905195095041,0.08271908933031578
2085,0.6205247625879485,0.9249255210139449,0.0827098854726737
2086,0.6205193064406836,0.9249390101376644,0.08270606449102505
2087,0.6205689569339083,0.9249384605807722,0.08269589492115338
2088,0.620604059528677,0.9249429415831246,0.08269222099653016
2089,0.6206874247075564,0.9249541902056679,0.0826741079814912
2090,0.620824676338897,0.9249929666325426,0.08258696663453448
2091,0.620837132606021,0.9249407202972243,0.08260084177894761
2092,0.6208452475989034,0.9249309666231502,0.08259363247239011
2093,0.6207339219269179,0.9248558502663917,0.08261885544251533
2094,0.6207210769758668,0.9248489558253795,0.08261837503533256
2095,0.620715449233664,0.9248405318484014,0.08262747879508058
2096,0.620585431818852,0.9248350593378097,0.08258313054762138
2097,0.620588361636538,0.924829060328657,0.08258079859832597
2098,0.6206049479841586,0.9248743046174177,0.08255879767299984
2099,0.6206095645022451,0.9249374383280915,0.0824962843050766
2100,0.6206117621968095,0.9249287222789189,0.08249039950644695
2101,0.6205712033230326,0.9249174967147066,0.08248777725862692
2102,0.6206049477657519,0.9249234111766452,0.08248568992754884
2103,0.6205306553318476,0.9249214589046083,0.0824360767136872
2104,0.6205488183191703,0.9249018939106322,0.08242390919626953
2105,0.6205488183191703,0.9249018939106322,0.08242948515912772
2106,0.6205574973253936,0.9248876938217023,0.08242760426333676
2107,0.620644357769582,0.924899149969226,0.08241586911369628
2108,0.6206458583174207,0.9248694469956567,0.08243781921821974
2109,0.6206979328024801,0.9248646047461163,0.08242772235596028
2110,0.620685813255209,0.924871126410775,0.08242738156365703
2111,0.6208384476965864,0.9247120931008712,0.08224515624926934
2112,0.6207874833096467,0.9246995147812319,0.0822450781957388
2113,0.6207954925975186,0.9246976316841884,0.08224621545340201
2114,0.6207986821037645,0.9246992303951478,0.08224363895485827
2115,0.6207164020789293,0.9246740622267036,0.08225528118239683
2116,0.6207778224896784,0.9246887234822563,0.08224042264352335
2117,0.6207800729900698,0.9246839350354886,0.08223552822638285
2118,0.6207232524165661,0.9246678556925705,0.08224337516798878
2119,0.6208111820345172,0.9247031733697735,0.08222339802847993
2120,0.6208590514259996,0.924714767867284,0.0821970525590205
2121,0.621212442482165,0.9248033080158238,0.08208085844344241
2122,0.621247007610557,0.9248107981303906,0.08206728643767301
2123,0.6211982770800017,0.9247061017778289,0.08205807662202937
2124,0.6211982646609269,0.9247076505290707,0.08205374385468434
2125,0.6212299705378965,0.9247374380498542,0.08203933522876643
2126,0.6212621426496349,0.9247402703815298,0.08202982579885931
2127,0.6212423894636377,0.9247157478463577,0.08203590773977283
2128,0.6211902678404135,0.9246755648612831,0.08204035349949594
2129,0.6212211511174144,0.9246855837061654,0.08203640245395437
2130,0.6212034402182781,0.9246778092055146,0.08203175919344151
2131,0.6212239928798318,0.9246808759635567,0.08202879554644257
2132,0.621236954990206,0.9246910254723155,0.0820120509182105
2133,0.6212841447201858,0.9246987692285249,0.08200398170342718
2134,0.6218269181278561,0.9246996954048259,0.08179999460433418
2135,0.6218269181278561,0.9246996954048259,0.08181027479517868
2136,0.6217676922732608,0.924662467729193,0.08181338777974609
2137,0.6218051109511246,0.9246560575131348,0.08181142940865795
2138,0.6218260453031497,0.9246638473860065,0.08180704160352058
2139,0.6218572988861539,0.9246525680190216,0.08180249384626752
2140,0.6217703620972023,0.9246487288068861,0.08180318313311608
2141,0.6218622704198135,0.9246641240859802,0.08178705564438016
2142,0.6219153237558408,0.9246707802575707,0.08177350123910208
2143,0.6218810753424333,0.924652856248161,0.08177641554809048
2144,0.6220267136014997,0.924692163016652,0.08172430238990348
2145,0.622054434603629,0.9246860487158435,0.08171720720088715
2146,0.622110759105357,0.9246882700017437,0.0816957449000472
2147,0.6220624169476081,0.9246762412389967,0.08170604387216425
2148,0.6220891932680064,0.9246816522607053,0.08169801288693784
2149,0.6220082272105504,0.9246670371218149,0.08171330925953672
2150,0.6220221161406946,0.9246696965160068,0.08171312746086137
2151,0.6220987477206631,0.9246802072719535,0.08169884524242205
2152,0.622120084485132,0.9247074276318696,0.08163026228201724
2153,0.6221853306946648,0.9247045683988078,0.08161984789165277
2154,0.6222389686507909,0.9247065591013965,0.08160803275988696
2155,0.6221788363223916,0.9247024777767839,0.08161243292923856
2156,0.6221667245544089,0.9247033962669745,0.08161705258284721
2157,0.6221566556177438,0.924699557054839,0.08162090520105476
2158,0.6221154989569087,0.9246921937610935,0.08162663934984887
2159,0.6222142290084304,0.9247182458322316,0.08160499952347101
2160,0.6222514752370673,0.9247133997396361,0.08159788548795449
2161,0.6223625796706228,0.9247212703166667,0.08158440021747194
2162,0.6223275668640624,0.9247387062580672,0.08158131572492694
2163,0.6224115598099466,0.9247463308795657,0.0815467244453542
2164,0.6223828951317946,0.9247833433441078,0.08153686713874127
2165,0.6224145437270966,0.9247872594173472,0.0815246918439755
2166,0.6224082011706188,0.9247813142109671,0.08152930339830364
2167,0.6224352399693753,0.924798135263537,0.08151924762804996
2168,0.6225103272856383,0.9248074700445954,0.0815011502095323
2169,0.6225898583538109,0.9248149832174932,0.08148784464202591
2170,0.6226335140245456,0.9248119587330581,0.08147439689794245
2171,0.6226653188174335,0.9247990345384517,0.08147631035112872
2172,0.6227077348857954,0.9247716450841071,0.08146595034766382
2173,0.6228520118397327,0.9248134844259689,0.0814401790674117
2174,0.6228433108689442,0.9248443864327577,0.08142877483684438
2175,0.6228114054655438,0.9248291640911471,0.08143288323064385
2176,0.622829388723082,0.9248418999760493,0.08142387984150352
2177,0.6228370576456423,0.9248455470354253,0.08142700910995947
2178,0.6228276021529614,0.9248373497987035,0.0814274113123984
2179,0.6229135933485737,0.9248553045525547,0.08141319045427843
2180,0.6229120424806176,0.9248544975109646,0.08141906325146327
2181,0.6228953025760084,0.9248371807042751,0.08141962796211163
2182,0.6229489998645092,0.9248011789632481,0.08141867451847731
2183,0.6228970413330589,0.9247989922648445,0.0814239881745
2184,0.6228783086680812,0.9247682209219322,0.08142718345239884
2185,0.6228433159938037,0.9247667836192909,0.08142856961368654
2186,0.6229160146921338,0.9247562882355649,0.0814141542920076
2187,0.6230113851874921,0.9247636899598622,0.08139523267361706
2188,0.6230211363370967,0.9247477758683174,0.08139716684631222
2189,0.6229761941348796,0.9247515266901836,0.08140814107715307
2190,0.6229907060707123,0.9247605194393299,0.08140624606660854
2191,0.6229666055941866,0.9247396401204786,0.08140349778828677
2192,0.6229951349859221,0.9247409275439674,0.08139862920896336
2193,0.6230264210703805,0.9247577293812614,0.08138953364942868
2194,0.623028062573554,0.9247661648874052,0.0814029657357604
2195,0.622988096516801,0.9247567878327397,0.08140252395785255
2196,0.6230092083576166,0.9247514767304661,0.08139644096400266
2197,0.622928300006778,0.9247365387749397,0.08139937646619101
2198,0.622924197173257,0.9247438559520228,0.08138668243767475
2199,0.6229873309748355,0.9247400090537768,0.08137175684959264
2200,0.6230152661157149,0.9247401281884878,0.0813660183876039
2201,0.6229635121620659,0.9247189029946692,0.08137299016822071
2202,0.6228886240391494,0.9247244408371991,0.08137989093633284
2203,0.6230410392787196,0.9248238760472047,0.08129631691073669
2204,0.6231003230639945,0.9248331723977111,0.08128810092516117
2205,0.6231309171969597,0.9248384181680465,0.08127967315926908
2206,0.6231983169920995,0.9248591668230214,0.08126784714092881
2207,0.6232819250415472,0.9248717874162679,0.08125372483401389
2208,0.6232487643359597,0.924863955269789,0.08126206366897289
2209,0.6231569037690169,0.9248456661701363,0.0812690700961884
2210,0.6230886796508093,0.9248711225677198,0.0812632170990131
2211,0.6230680026986066,0.9248741777965964,0.081263309976656
2212,0.6230600166252845,0.9248575719551172,0.08126779364690004
2213,0.6231048323374202,0.9248482909768315,0.08125836238498617
2214,0.6231540392445148,0.9248626870615761,0.08125057390313825
2215,0.6231699867878029,0.9248664032959456,0.0812419337710733
2216,0.6231752783536799,0.92484846007126,0.08123654266391472
2217,0.6231708028049339,0.9248480949810168,0.08123335208402063
2218,0.6231971300265851,0.9248804035460054,0.08122234112073232
2219,0.6232807630628936,0.9248945344599419,0.0812066966793671
2220,0.6232322444089052,0.9248727174356239,0.08121485135184357
2221,0.623239650701583,0.9248784743322997,0.08121039255401855
2222,0.6231740017589601,0.9248667068973057,0.08120910818061736
2223,0.6231809641799616,0.9248671181042111,0.08121204327584026
2224,0.6231941515702716,0.9248467960283623,0.08121839006144622
2225,0.6232168025398273,0.9248529487597227,0.08120620705117916
2226,0.6232191610699899,0.9248078850945559,0.08117998972563577
2227,0.6232274977928144,0.9248104407262578,0.08117375940270101
2228,0.6232086036627394,0.9247513691249207,0.08118480718584392
2229,0.6232362866680994,0.9247430988701503,0.08117866553702814
2230,0.6232777665847749,0.9247716412410519,0.08116483362944484
2231,0.6232765027424719,0.9247488941973779,0.08116578617745375
2232,0.6232534909812257,0.9247502315805842,0.08116146801951434
2233,0.6232178949573539,0.9247433256104065,0.08116057310055123
2234,0.6232261273670993,0.9247304244741311,0.08115476764927622
2235,0.62326160572806,0.9247451280032909,0.08114945579352456
2236,0.6233051124640261,0.924750408361123,0.08113633795898305
2237,0.6232927795701185,0.9247452740393882,0.08113650360718207
2238,0.6233509149609774,0.9247598392185612,0.08111743394585472
2239,0.623323665284969,0.9247412503606035,0.08111870616473907
2240,0.6234066688219122,0.924797750958018,0.08109698877001914
2241,0.6233917924956103,0.9247945189486025,0.08109934836558527
2242,0.6234453307292909,0.9247766564280759,0.08109577485514091
2243,0.6234699613971579,0.9248055869475519,0.08108145103945212
2244,0.6234813658595031,0.9248261242344913,0.08107619812773831
2245,0.6235541156589007,0.924890568426985,0.0810553865117092
2246,0.6235609857410177,0.924887567000881,0.08105494929835054
2247,0.6235097011201308,0.924891594522721,0.08105391965402374
2248,0.6235288182307993,0.924900683348247,0.08104361216417764
2249,0.6235627302717118,0.9249144837594371,0.08103471550679471
2250,0.6235504818575106,0.9248775481559988,0.08103672173891129
2251,0.623550614921826,0.9248984966498436,0.08103160453418184
2252,0.6236475876142641,0.9249093186932607,0.081005423431468
2253,0.6236990614079472,0.924929894410752,0.08099739277785017
2254,0.6237096021897783,0.9249059444908032,0.08099481552965627
2255,0.6237179059928526,0.9249022282564338,0.08099472958881228
2256,0.6238187659986527,0.9248931893906251,0.08097624766602539
2257,0.6238621924458557,0.9249030160827478,0.08096703602056037
2258,0.6239143301161867,0.9249048261617427,0.08095664744943086
2259,0.6239143239588351,0.9248864486718206,0.08095973202457751
2260,0.6239179216929823,0.9248594819535471,0.08095539832393732
2261,0.6239658573884286,0.9248395249679414,0.08095326333018832
2262,0.6240570381437822,0.9248480373351889,0.08093011662247132
2263,0.624115452898321,0.9249134538206459,0.08090531410983462
2264,0.6240851061100121,0.9249117551902516,0.0809067194588195
2265,0.6241523847938496,0.9249335414701281,0.08090039109582903
2266,0.6241604013335265,0.9249336452326181,0.08089907894335611
2267,0.6241860916525396,0.9249450514204244,0.08089320391095035
2268,0.6241854985692937,0.9249406588083413,0.08088729390377539
2269,0.6241768848616954,0.9249447132315676,0.08088408849278525
2270,0.6241768848616954,0.9249447132315676,0.08088837786752472
2271,0.6241491209251603,0.9249388295140705,0.08089033817965023
2272,0.6241270508456109,0.9248882126341531,0.08089126600010023
2273,0.6240649022650265,0.9248827247513407,0.08089513634112776
2274,0.6240654775805103,0.9249037424201789,0.0808929269762919
2275,0.6240369176548705,0.9249026394633392,0.08089038046850369
2276,0.6239844187753572,0.9248979355637856,0.08089239674551797
2277,0.6240146808656025,0.9249099527973672,0.08087455808018248
2278,0.6240930714550394,0.9249082157364209,0.0808707893929317
2279,0.6240509266302255,0.9248909988491664,0.08087691704218965
2280,0.6240641500208206,0.9249032312938386,0.08087234449740964
2281,0.624069480516173,0.9248997687011117,0.08087311595323042
2282,0.624086023462121,0.9248784704892445,0.08086933305768483
2283,0.6241009163132895,0.9248846770233776,0.08083839727594422
2284,0.6241361832980379,0.9249176350646935,0.08082640142689664
2285,0.6240946979416163,0.9249008601287858,0.08083217520263393
2286,0.6241059448518181,0.9248895730756906,0.08083017508710133
2287,0.6240786923694037,0.924890003497872,0.08083174448399665
2288,0.6241677066787852,0.9248988156234244,0.08081286036854923
2289,0.624168076450289,0.9248729019022731,0.0808147380522879
2290,0.6241626089650864,0.9248616763380609,0.08081485886081717
2291,0.624162462367861,0.9248406855706091,0.08081673636734503
2292,0.6241693781065027,0.9248422381649061,0.08081584305914083
2293,0.624127985641078,0.9248312085965086,0.0808188912137053
2294,0.6241226731403338,0.9248134229370858,0.08081346687049037
2295,0.6241210783938788,0.9248005448591416,0.08081427563811368
2296,0.624116940202939,0.9247974242983267,0.0808131886793405
2297,0.6241165134006045,0.9247966018845158,0.08081611923225741
2298,0.6241309806390463,0.9247894230574196,0.08081866704287549
2299,0.6241309806390463,0.9247894230574196,0.08081786702101966
2300,0.6241842775360895,0.9247885007241738,0.08080955673516453
2301,0.624238699865397,0.9247749424254608,0.08080650879371035
2302,0.624313546498995,0.9247544051385215,0.08079472893951714
2303,0.6243029171474621,0.9247428721298939,0.08078926452024986
2304,0.6242956139685666,0.9247498972347826,0.08078468159109227
2305,0.6242897034237779,0.9247607922962484,0.08078268391838433
2306,0.6242527276810153,0.9247547241121022,0.08078378255409668
2307,0.6242874707920985,0.9247380606247951,0.08077457198200494
2308,0.6242920898074528,0.9247448167158205,0.08077098598912533
2309,0.6242999141165576,0.9247302707519235,0.08077341951836511
2310,0.6243528510424605,0.924747787397483,0.08075843446341899
2311,0.624308321609877,0.9247524759248157,0.08075726234438295
2312,0.624308321609877,0.9247524759248157,0.08076271393228775
2313,0.6242605780994644,0.9247231418845446,0.08076662112500982
2314,0.6242670738682369,0.9247405470815035,0.08076078055258344
2315,0.6242975846248546,0.9247728249020507,0.08074952964123965
2316,0.62430007724611,0.9247803342318934,0.0807426505238448
2317,0.6243562404347637,0.9247978431913425,0.0807382103527123
2318,0.6242901066633085,0.9247909794947718,0.08074298594235949
2319,0.6242694576368868,0.9247613649114719,0.08074331625867322
2320,0.6242523721568899,0.9247468842795131,0.08074927187525065
2321,0.6242359851118842,0.9247456775601832,0.08075796628626486
2322,0.6241974773008242,0.9247315159018052,0.08075653347178913
2323,0.6242246369201991,0.9247244754246958,0.08075044887776979
2324,0.6241991915179047,0.9247365656763259,0.08074253627015697
2325,0.6241599324390471,0.9247346249334546,0.0807437428451535
2326,0.6241975138159535,0.92471690460597,0.08074241615558327
2327,0.6241269006925716,0.9247063631055819,0.080748184774556
2328,0.6241144139337845,0.9247062362847606,0.08074922894048707
2329,0.624089959012905,0.9246903414084916,0.08075174113415819
2330,0.6241343510545561,0.9247044223627104,0.08074770400137647
2331,0.6242434093591256,0.9247289218395516,0.08072513701207114
2332,0.6241585798175058,0.9246910293153707,0.08074236474455765
2333,0.6241570589118371,0.9246952874205221,0.0807411692764822
2334,0.6241463686620163,0.9246937963151081,0.08075428304887397
2335,0.6241911244029434,0.9246987846007456,0.08073915329444514
2336,0.62414501312832,0.9246804109538787,0.08073802887878773
2337,0.6241307565998556,0.9246674175842787,0.08074058187764897
2338,0.6242133143391857,0.9246737432531227,0.08072476453376895
2339,0.6241750967640632,0.924664946499791,0.0807294486457921
2340,0.6241985817940136,0.9246821018981626,0.08071682970689112
2341,0.6242241817521794,0.9246857873880905,0.08071374002560072
2342,0.624248431509273,0.9246731667948441,0.08071236144947233
2343,0.6241599130201736,0.9246627598013876,0.08070898358451124
2344,0.6241104092347716,0.9246483521874774,0.08071521386328268
2345,0.6241147383734492,0.9246320384181926,0.08072475696053572
2346,0.6241556036270368,0.9246208743428636,0.08071841801221144
2347,0.6242071710336727,0.92462684645063,0.08071732889193868
2348,0.6242010632310245,0.9246220464746967,0.08072270866453582
2349,0.6243128331164458,0.9246653538636412,0.08069987879414796
2350,0.6242628533911454,0.924648263797208,0.0807013401049982
2351,0.6242730809994947,0.9246523604940413,0.08069792381572231
2352,0.6243019884965664,0.9246441363559331,0.08069856040240977
2353,0.6243419082811426,0.9246305665280545,0.08068733675334851
2354,0.624386186765694,0.9246598582947185,0.08066831645405852
2355,0.6243233731392824,0.9246344864443492,0.08067666818371141
2356,0.6243227914094928,0.9246128884741771,0.0806745416015408
2357,0.6243825041625726,0.9246058326248469,0.08066088097353276
2358,0.6244401794943881,0.9246019088654971,0.08064695559925354
2359,0.624471307191502,0.9246189412861026,0.0806419688502078
2360,0.6244139305528997,0.9245916824956345,0.08064757608939804
2361,0.6244482911901035,0.9245778551830582,0.08064391643941045
2362,0.6242805575974101,0.9245603154791676,0.08065774478484926
2363,0.6242902832383717,0.9245579635293909,0.08065364942898069
2364,0.6242927506525388,0.9245436250904742,0.08065314347985755
2365,0.624347652338652,0.9245516186452709,0.08064671238335415
2366,0.6243513994158739,0.9245506770967492,0.08064421713688294
2367,0.6243751010684583,0.9245436519918605,0.0806393325916309
2368,0.6244175371966895,0.9245423184517093,0.08063207403600853
2369,0.624343235592062,0.9245440901001523,0.08063824034070151
2370,0.6244409379149203,0.9245519952646797,0.08062632414375924
2371,0.6244407446238175,0.9245138337266354,0.080621172002624
2372,0.6244962223054661,0.9245300591056508,0.08061189623240314
2373,0.6245132548674371,0.9245333526039493,0.080604187693339
2374,0.6244932220633814,0.9245095026034355,0.08060635764332989
2375,0.6244568020031082,0.924492105092587,0.08061257409887415
2376,0.6245539451757012,0.924479937979853,0.0806003933818679
2377,0.6245493768621141,0.9245141373279955,0.08059468954484213
2378,0.6245367638436427,0.9244885310512595,0.08059889734533869
2379,0.6245571766962875,0.9244929697800048,0.08060679749638006
2380,0.6245814410903474,0.9244713295362257,0.08060720593917806
2381,0.6246016139069093,0.9245116124407352,0.08059738418454845
2382,0.6246221412587104,0.9244866940708784,0.0805983304163333
2383,0.624587804912666,0.9244810294075272,0.08060052442526844
2384,0.6246015412690543,0.9244890114331583,0.08060002699793346
2385,0.6245810944423013,0.9244868324208652,0.08060215659095651
2386,0.6246250432367277,0.9245000371585006,0.08059319276783902
2387,0.6246225351519877,0.924511347269927,0.08059450029726495
2388,0.6246513688572545,0.9245097639311884,0.08058946508403084
2389,0.6246764090656195,0.9245023468346703,0.08058668495689207
2390,0.6247080103928231,0.9245092374326273,0.08057787633019947
2391,0.6247030385141148,0.924503207679033,0.08058374017617838
2392,0.6247030385141148,0.924503207679033,0.08058495376247819
2393,0.6246204475114882,0.9244950796173046,0.08059240837831386
2394,0.6247131069854915,0.9244941572840588,0.08058277626144973
2395,0.6247631851774162,0.9245050523455246,0.08057659829131687
2396,0.6248742438547804,0.9245233107007358,0.0805494493964755
2397,0.6252381484595584,0.9246645967817687,0.08043030375752142
2398,0.6252362350955034,0.9246569106713872,0.08042897846546467
2399,0.6251611444022274,0.9246147023962271,0.08044031545549402
2400,0.625198975421425,0.9245887540875792,0.08043642133993126
2401,0.6252921507858167,0.92462181204833,0.08041999253376397
2402,0.6252775861868684,0.9246130921561022,0.08042572398467214
2403,0.6252542226621598,0.9245927278066465,0.08043055864125853
2404,0.6252589872422946,0.9246068933080795,0.08042653731831069
2405,0.6251748819633866,0.9245944418092615,0.08043388574887207
2406,0.6252443343567661,0.9245835774922372,0.08042816246057234
2407,0.6252590649885885,0.9246014400127639,0.08042038510247095
2408,0.6252811388567745,0.9246144256962534,0.08041616680096218
2409,0.625258568008797,0.92460256987099,0.08041883854440719
2410,0.6252680251771386,0.9245972971992682,0.08042246723912445
2411,0.6252730765573119,0.9245885311903781,0.08042191558201744
2412,0.6252859900180006,0.9245829433881307,0.08041895867391707
2413,0.6252809525122929,0.9245779743177691,0.08041681060345586
2414,0.6252604523249109,0.9245871438474542,0.08041334069775559
2415,0.6252612338826933,0.9245728937988069,0.08041273402652102
2416,0.6252438535149775,0.924574607801422,0.08041252479050004
2417,0.6252387098847222,0.9245555654629518,0.08041159875968902
2418,0.6252744087448616,0.9245471530151392,0.08040501838856301
2419,0.6252766129179281,0.9245284373363603,0.0804061758263866
2420,0.6252806638911454,0.924551641703602,0.08039859478621646
2421,0.6252400078416229,0.9245233760326741,0.0804075387392067
2422,0.6252426796688569,0.9244971125935004,0.08041110267662183
2423,0.6253180779128309,0.9245357891009403,0.08039577040887158
2424,0.6253181046567353,0.9245327992040018,0.08039654315721091
2425,0.6253652839638666,0.9245367537077931,0.08038925467378806
2426,0.6253779972680767,0.924521804223101,0.08038848740781396
2427,0.6255169211187562,0.9245520452243972,0.08036372257755296
2428,0.6254753452681328,0.9245245097339554,0.08036435251740187
2429,0.6255296459269845,0.924511750790722,0.08036024062515248
2430,0.6255080927093065,0.9245264620059923,0.08035896917144793
2431,0.6254617675878836,0.9245207396968133,0.08036630487029123
2432,0.6254372083522252,0.9245034382623445,0.08036306202095223
2433,0.6254503248676727,0.9244953909047751,0.08035983153312097
2434,0.6254441644394747,0.9244951987520155,0.08035980863995214
2435,0.6254161533138933,0.924500809612594,0.08036173030505041
2436,0.6253635896541591,0.9244625904287219,0.08036860455978799
2437,0.6253861934163619,0.924473431687415,0.08036697047412315
2438,0.6253428903675701,0.9244665872061203,0.08037574842678089
2439,0.6254446484190774,0.9244897915733621,0.08035784908377015
2440,0.6254235202380862,0.9244927699411349,0.08035879921698723
2441,0.6254596603201052,0.9244931773049851,0.0803545635803064
2442,0.6254221949557411,0.9244860407514959,0.08033987289457271
2443,0.6254415659878225,0.924461422139944,0.08033720117282069
2444,0.6254645721440965,0.924463539663354,0.08033365179782818
2445,0.6254816019186155,0.9244846572516272,0.08032709003343425
2446,0.6254257919141579,0.9244638163633278,0.08033665814340488
2447,0.6253846019838206,0.9244540588461985,0.0803404627448389
2448,0.6253942966995623,0.924467286642165,0.08033767322351769
2449,0.6253842661488951,0.9244513725506202,0.0803407394659314
2450,0.6253666125285688,0.9244399625197588,0.08034023080766814
2451,0.6253062096024671,0.9243949718726406,0.08034783419914834
2452,0.6252490225637479,0.9243764829341179,0.0803580844199314
2453,0.6251692942462642,0.9243273917471112,0.08037048502116478
2454,0.6252305130356873,0.9243155705093444,0.0803626171124669
2455,0.6251866493247841,0.92431376811646,0.08036608022922574
2456,0.6251626666558,0.9243004288718929,0.08036798885169825
2457,0.6251605941024837,0.9242405386998002,0.08037807010223864
2458,0.6251533898461675,0.9242304160924277,0.08038114911309523
2459,0.6251516136686219,0.9242475907060752,0.08037950908704905
2460,0.6251450252027662,0.9242638929461944,0.08037846484145612
2461,0.6251987052570779,0.9242936343503156,0.08036421182976919
2462,0.6252059473121773,0.9243023503994883,0.0803569988316307
2463,0.6253011150270892,0.924313345380389,0.08034137647874466
2464,0.6252608573603018,0.9242935305878255,0.0803498301022417
2465,0.6252916723633063,0.9243134030262169,0.08034247777934704
2466,0.6252787810252041,0.9243215733615524,0.08034184208704462
2467,0.6252727203500079,0.924303149754968,0.08032880700648731
2468,0.6252565350689924,0.9243124230471432,0.08032865306262368
2469,0.6251880965781084,0.9242745689535143,0.08033862519649135
2470,0.6252482211726537,0.9242996026150269,0.08032074970790434
2471,0.6253034977775878,0.924300148328864,0.0803161382657287
2472,0.6253457081643907,0.9242764866380545,0.08031168374066665
2473,0.6254306356034233,0.9243112355430892,0.08029471110909374
2474,0.625407884759549,0.9242985111873527,0.080301269996014
2475,0.6254153290554505,0.9242952638057166,0.08030027337248942
2476,0.6254466831282426,0.9243035724910389,0.08029552099168123
2477,0.6254785844953892,0.9243315691481035,0.08028549220843509
2478,0.6254561085970549,0.9243067237962953,0.08029037936132664
2479,0.6254644385941964,0.9243039529535029,0.08029257227829541
2480,0.6254739028269154,0.9243209161991148,0.08028856394440739
2481,0.6254593030023826,0.9243216502226562,0.08029357418562034
2482,0.6254405983219169,0.9242994719511504,0.08029492929724563
2483,0.6253711014153173,0.9243070773573729,0.08030621927799524
2484,0.6253257440739265,0.9242855447191392,0.08031045530981333
2485,0.6253692609319501,0.924290659825598,0.08030343857030049
2486,0.6254328718636607,0.9242704261400186,0.08030293900464987
2487,0.6254922464002804,0.9242465415520081,0.08025797814010222
2488,0.6255348217897231,0.9242675592208464,0.08024698412397908
2489,0.6254970828145879,0.9242587663105699,0.08025076632186043
2490,0.6254762317421861,0.924264346426707,0.08025092551520067
2491,0.6254535222330561,0.9242459381923432,0.08025586407178849
2492,0.6254674389311795,0.9242538241415946,0.08025133986768003
2493,0.625436052885258,0.9242500156739006,0.08025417995598091
2494,0.625426169135634,0.92423962789572,0.08025525855775592
2495,0.6254212580846682,0.9242224110084654,0.08025839302941115
2496,0.6253776881816885,0.9242222918737545,0.08025805030069658
2497,0.625372718875908,0.9242327680422044,0.08025640434826103
2498,0.6253925450679114,0.9242377102111798,0.08025450742192103
2499,0.6254382673679747,0.9242279642232161,0.08025003195840073
2500,0.6254678887241972,0.924236868582093,0.0802428940481233
2501,0.6255079591411096,0.9242578862509313,0.08023225024869399
2502,0.6255227167250754,0.9242656607515821,0.080224774143739
2503,0.6255391705107167,0.9242700187761684,0.08022023303977312
2504,0.6255430992209151,0.9242604072951364,0.08021938656268171
2505,0.625515271366337,0.9242599730298998,0.08022053846841763
2506,0.6255144192592236,0.9242616524450182,0.0802196383259081
2507,0.6255149145364431,0.9242549962734278,0.08021976392236849
2508,0.6255168294907003,0.9242894069896058,0.08021292461025246
2509,0.625504126716638,0.9242874470314585,0.08021768605892246
2510,0.6254618051785621,0.9242971392166496,0.08021931172943479
2511,0.625442499009837,0.9242910479741723,0.08021823397947558
2512,0.6254145389563056,0.9242614103325412,0.08022731542720692
2513,0.6253940606644267,0.9242575826495711,0.0802304413835501
2514,0.6253772125736203,0.9242303546035447,0.08023992887382636
2515,0.6254043829447062,0.9242334790074148,0.08023645057420448
2516,0.6253327285849458,0.9242334482629733,0.08023279637228037
2517,0.6253123944727526,0.9242399545554112,0.08022959171910131
2518,0.6252808086123282,0.9242244708860476,0.08023205750840998
2519,0.6252776480942598,0.924218533365778,0.08023312588077142
2520,0.6253797383081818,0.9242183027824665,0.08022475861943415
2521,0.625380955337265,0.9242379869111536,0.0802207278746739
2522,0.6254288801715758,0.9242436208300632,0.08021559119635292
2523,0.625419063183058,0.9242230950722894,0.080217975639392
2524,0.6253884579545622,0.9242254354929005,0.08021951403216623
2525,0.6254382329714994,0.9242393435096359,0.08020865886431121
2526,0.625442956824691,0.9242167117576175,0.08021151170086835
2527,0.6254274399362664,0.9242173727631103,0.08021532946605715
2528,0.6253822681981878,0.9241940223597713,0.08021666237419867
2529,0.6253419069366358,0.9241975118538845,0.08021898516908832
2530,0.6252541740052764,0.9241895759449156,0.08022858352991255
2531,0.6252834977560529,0.9242388861860682,0.08021585326869943
2532,0.6253299440863236,0.9242372259862258,0.08021207283706047
2533,0.6253154813841987,0.9242288596550755,0.08021351658016598
2534,0.6253087843754223,0.9242264615886364,0.08021378081418899
2535,0.6253373992580114,0.9242350585030982,0.08020589746709841
2536,0.6252970789923951,0.9242565796121665,0.08020559590218733
2537,0.6253659817330541,0.9242831773971416,0.08019398235503897
2538,0.6254374356982587,0.9243011590523792,0.08018446271995118
2539,0.6254904172275373,0.9243117351402641,0.08017573877875916
2540,0.6255284607754865,0.9243051020270049,0.08016880191472167
2541,0.6255533076415009,0.9243216617518218,0.08016552846268903
2542,0.6255140706304708,0.92431044387372,0.08016922430757732
2543,0.6255812313223871,0.9242729625564445,0.08013893562063505
2544,0.625557886480377,0.9242947757377074,0.0801345592774622
2545,0.6256415365935246,0.924251737362626,0.0801364937023976
2546,0.6256598485070262,0.9242469258575272,0.08013453767520393
2547,0.6256738423256453,0.9242301470785644,0.08013206853928483
2548,0.6257017651567174,0.9242390706527174,0.08012592285938869
2549,0.6257146578929722,0.924242510187113,0.08012408406755948
2550,0.6256939323795168,0.9242530401583358,0.08012590103153464
2551,0.6256900227779902,0.92424395901892,0.08012731389571158
2552,0.6256993209160151,0.9242269073830386,0.08013087115590609
2553,0.6256840839589244,0.9242000482703104,0.08013885336872867
2554,0.6256861760673591,0.924200824567459,0.08014041962434319
2555,0.6256628026634845,0.9241997100814536,0.08014322036636998
2556,0.6256702861576265,0.9242080956278799,0.0801411490552795
2557,0.6256591286935419,0.9242006516299753,0.08014004222792658
2558,0.6256949332604713,0.9242140715787015,0.08013610274804947
2559,0.6256521834857625,0.9242122422844307,0.0801397409545707
2560,0.6256030542422706,0.9241966087359147,0.0801463912517475
2561,0.6256471459893183,0.92417959168753,0.08014457111809722
2562,0.6256697165251288,0.924178542533463,0.0801402814050148
2563,0.6257465089234768,0.9241950369263416,0.08012555048703644
2564,0.625803562029477,0.924190471376775,0.08011909199756341
2565,0.6258598101948395,0.9241988338648701,0.08011099025879403
2566,0.6259020828316217,0.9241945219569461,0.08010426122336549
2567,0.6258405164655004,0.9241982189760396,0.08011281722779535
2568,0.6258754863505763,0.9241967816733982,0.08010776456231945
2569,0.6258837336539637,0.924200886056342,0.08010518121179742
2570,0.6258171505896829,0.9241695228829303,0.08011332030549112
2571,0.6258166892744708,0.9241628743974503,0.08011791358704196
2572,0.6258472039251065,0.9241316265156942,0.08012366339646072
2573,0.625818217985795,0.92411441731455,0.08013221537348131
2574,0.6258038439768372,0.9241339861515814,0.08013108082019534
2575,0.6257616007191737,0.9241223609096293,0.08013669665904738
2576,0.6257575381481354,0.9240991949729395,0.08013728998324648
2577,0.6258600332697967,0.9241184333072244,0.08012013340756483
2578,0.6258891641672957,0.9241489394793286,0.08011325396238327
2579,0.6259601701773034,0.9241682047149998,0.08010226996862843
2580,0.6260919660493489,0.9241985072051789,0.08007138545354345
2581,0.6260645564806224,0.9241973888761185,0.08007361601243083
2582,0.6261117331070216,0.9242096213207905,0.08006815571033248
2583,0.6261129489726044,0.9242152244952587,0.08006681090169084
2584,0.6261289670851579,0.9242388400694059,0.08006290674890378
2585,0.6260814887962285,0.9242222765015338,0.0800693442054336
2586,0.62613091520284,0.9242465223367322,0.08005902093046663
2587,0.626161921242396,0.9242376410361863,0.08005782289443207
2588,0.6261291794670096,0.9242239520735969,0.08006268341472174
2589,0.6260902226101334,0.9242457767840252,0.08006431424607799
2590,0.626067866454831,0.9242330485852334,0.0800674760712202
2591,0.6262275430120622,0.9242698957984024,0.08004160867329958
2592,0.6262391326545285,0.9242762329964119,0.08003954928804127
2593,0.6263082446818511,0.9242433441300895,0.08003755194251967
2594,0.6262510185240232,0.9242550923498076,0.0800390507753482
2595,0.6263222837628072,0.9242628361060169,0.08002827555683821
2596,0.6263763346310417,0.9242986418512292,0.08001731371457291
2597,0.6264731114315092,0.9243169885967099,0.08000290257769456
2598,0.626528728043478,0.9243272264957381,0.07999847532148129
2599,0.626509457746294,0.9243248745459612,0.08000074913363413
2600,0.6265004666006458,0.9243118658041406,0.08000148538871649
2601,0.6265580059176122,0.924295152357116,0.07999578884861946
2602,0.6266061150501028,0.9243550655875399,0.07998151388720236
2603,0.6265733424485985,0.9243497429561006,0.07998584658777319
2604,0.6266237934265276,0.9243525407002795,0.07997782288607234
2605,0.6266747970806424,0.9243738004815948,0.07996656181886687
2606,0.6265868678259077,0.9243696499819888,0.07997448507820704
2607,0.6265697869888985,0.924357044760963,0.07998241026290126
2608,0.6266768862525899,0.9243863480567925,0.07996288091996816
2609,0.6267205436758596,0.9244330911370777,0.07995040609434387
2610,0.6267898675189709,0.9244630823397864,0.07993825928249904
2611,0.6267821835516345,0.9244493280452587,0.07994368072801197
2612,0.6267697561888453,0.9244638778522108,0.07994792503017732
2613,0.6266933931721738,0.9244841960850043,0.07995245308625985
2614,0.6266228816127933,0.9244860945542686,0.07995956848843719
2615,0.6266685313208552,0.9245071199092172,0.07995249454319764
2616,0.6266601957103709,0.924516827466629,0.0799508275500307
2617,0.6266808987769311,0.9245141834446579,0.07994584266819413
2618,0.6266750115748405,0.9245120889795788,0.07994568465413493
2619,0.6267817461564698,0.9245100636894933,0.07993411882260729
2620,0.6268427097039247,0.9245015205778043,0.07993156215726488
2621,0.6268792992588685,0.9244881659610164,0.07993223505382126
2622,0.626916612603073,0.9245200671621548,0.0799218354751022
2623,0.6270021855668364,0.9245326454817941,0.07991111372671632
2624,0.6269153809169692,0.9245288254849345,0.07991960986206247
2625,0.626963894311205,0.9245448125945281,0.07991087932992115
2626,0.6269644952428745,0.9245409810685029,0.07991162247265685
2627,0.6270245426601685,0.924556314858714,0.0799012116044346
2628,0.6271113776863585,0.9245992110407533,0.07988552544372793
2629,0.6271033750771736,0.9246037381597679,0.07988473470795356
2630,0.6270567359276109,0.9245954410036111,0.07989370347035449
2631,0.6270645647057833,0.9246028465709637,0.079887265745187
2632,0.6270712255723645,0.9245901145291167,0.0798893105277596
2633,0.6271471243415575,0.9245830894242281,0.07988184895146372
2634,0.6270927769581971,0.9245440516696003,0.07989016585471113
2635,0.627090604326901,0.9245661799813887,0.07988570612377056
2636,0.6270780517548431,0.924578212587191,0.07988521442211384
2637,0.6270835546638451,0.9245923934608449,0.07988219153458159
2638,0.6271242486047934,0.9246068817789139,0.0798773847773288
2639,0.6272164814462472,0.9246369075691193,0.07986214054815985
2640,0.6272368507478266,0.9246409466201249,0.07985768292845875
2641,0.627216901094142,0.924656826124173,0.0798573182925416
2642,0.6272984590422754,0.9246586515753886,0.07984989531130807
2643,0.6272916287997263,0.9246694736188058,0.0798498826818342
2644,0.6273425518606585,0.9246860833033402,0.07984163297916794
2645,0.6273321340246671,0.9246592126614465,0.07984842702050762
2646,0.627360611861245,0.9246792311359351,0.07984448533049372
2647,0.6273513524332235,0.9246640011082141,0.0798492054245784
2648,0.6273622976507661,0.9246483521874774,0.0798498275931154
2649,0.6273604758679916,0.924649774117898,0.07985201618021921
2650,0.6274338898640097,0.9246688587299753,0.07984221485352784
2651,0.6273973907010155,0.9246805224024792,0.07984683196888015
2652,0.6273896544583586,0.9246697118882276,0.07984902609662392
2653,0.6274174904510684,0.9246613455570774,0.07984739099971094
2654,0.6274025265723397,0.9246592549350535,0.07985012553919707
2655,0.6275217581316411,0.9246763411584317,0.07983491947768452
2656,0.6274546025876121,0.9246672139023536,0.07984035250711104
2657,0.6274424819503177,0.9246587783962099,0.07984344426457425
2658,0.6274118178825806,0.9246466650862486,0.07984847442416029
2659,0.6274085730956873,0.924645746596058,0.07985083811641513
2660,0.6273610201330261,0.9246285028074172,0.07985934261887377
2661,0.6273490439947423,0.9246180458542431,0.0798595358617109
2662,0.627336771535815,0.9246301437919836,0.0798580680919681
2663,0.6273134946897329,0.9245824745353975,0.07987195916319174
2664,0.6273779378044538,0.9245921667205885,0.07986317152656064
2665,0.6273940621791275,0.9246065666483884,0.07985960221564171
2666,0.6274090801063537,0.9246456428335679,0.07985222035527355
2667,0.6274358122812455,0.9246400127577135,0.07985139741895327
2668,0.627380104962463,0.9246112474896107,0.0798628261530199
2669,0.6273992887194233,0.9246114473284806,0.0798614929469838
2670,0.6274019338392984,0.9246098947341835,0.07986189522047873
2671,0.6274988075933904,0.9246133419546896,0.07985294650109671
2672,0.6275366819706499,0.9246341098249404,0.0798470894545314
2673,0.6275468972374846,0.9246335833263793,0.07984650943493055
2674,0.6275087731216386,0.9246260739965366,0.07985305032735796
2675,0.6274984927013194,0.9246295173739875,0.07985388990532873
2676,0.6275323039084408,0.9246390673661365,0.0798490971212341
2677,0.6274694938397339,0.924614237386549,0.07985986625210588
2678,0.627427768793903,0.924586694209997,0.07986623413297086
2679,0.6273753770480395,0.9245783624663434,0.07987339203840196
2680,0.6273448834372579,0.9245737469570593,0.07987147158318332
2681,0.6273656349031926,0.924564734992637,0.07987169589581702
2682,0.627321214506382,0.9245277609586467,0.0798826893467206
2683,0.6272355631449401,0.9245251553672275,0.07989362742480936
2684,0.6272636812098117,0.9245377067854804,0.07988973106667323
2685,0.6272346813367464,0.9245166545291454,0.0798964883955188
2686,0.6272283419630093,0.9245010094514639,0.07990123644188386
2687,0.6272591491692332,0.924512273446228,0.07989746212376637
2688,0.6272319152806847,0.9244865403486707,0.07990370159574572
2689,0.6273011708969088,0.9244885079929284,0.07989716342712382
2690,0.6274155686391649,0.9244988727127779,0.07988182939579885
2691,0.6274421597671208,0.9244954408644925,0.07988035839049938
2692,0.6274596559967327,0.9245043836539214,0.07987792102927994
2693,0.6274831650926803,0.9245273190072998,0.07987140535150257
2694,0.627488028862126,0.92454515462644,0.07987065191090742
2695,0.6274688392726628,0.9245520144799556,0.07986837201267123
2696,0.6274156521518998,0.9245374454577274,0.07986856145525369
2697,0.627324804199314,0.9244639354980387,0.0798841096015778
2698,0.6273757769379993,0.92447020736411,0.07987898622750764
2699,0.6273524757113363,0.9244569872542538,0.0798841612395219
2700,0.6273565789263351,0.9244334216398241,0.07988592920705578
2701,0.627339104008368,0.924424836254528,0.07989084406035163
2702,0.6273580178008433,0.9244159741692581,0.07989207921361673
2703,0.6273494278146772,0.9244122771501646,0.0798970190822584
2704,0.6274143478841524,0.9244107629864194,0.07989023833031077
2705,0.627528974742623,0.9244259123099814,0.07987449665655737
2706,0.6278218357078895,0.9244296861901787,0.07983712154586389
2707,0.6278115559373828,0.9244342363675245,0.07983779189415342
2708,0.6278034951923277,0.9244216311464989,0.0798409146568168
2709,0.6277923364698179,0.9244268500154479,0.0798395416348242
2710,0.6277524629693507,0.9244126499265181,0.07984658798366111
2711,0.6277767314256334,0.9244078960672472,0.0798449495863183
2712,0.6278185046651695,0.9244176382121557,0.07984086612701481
2713,0.6277971094117336,0.9244058323466097,0.079847263569204
2714,0.6277617849795545,0.9243875355608465,0.07985331685558614
2715,0.6278240571737589,0.9244192023356184,0.07984284278551265
2716,0.6276879557549649,0.9243718981692753,0.07986244126674075
2717,0.6276812742687324,0.9243542816042809,0.07986483525688938
2718,0.6276348544768481,0.9243526483058249,0.07987316243763712
2719,0.6275348027175053,0.9243148749163549,0.07988700340870594
2720,0.6275362921133961,0.9243194020353697,0.07988530125802333
2721,0.6275167583982029,0.9243098943168278,0.0798910973343384
2722,0.627633838251343,0.9243277030345817,0.07987571884035947
2723,0.6276485509049585,0.924327829855403,0.07987433280821975
2724,0.627652445482429,0.924325835309759,0.07987527042557047
2725,0.6276577463814331,0.9243250974431624,0.07987492551814106
2726,0.6276309043230429,0.9243170885161448,0.07987995273733928
2727,0.6276862507380349,0.9243170693008689,0.0798782958239388
2728,0.6277009975217819,0.9243176534452578,0.07987664393046588
2729,0.6276533190996679,0.924294729621045,0.0798888895162209
2730,0.6276596692207712,0.9242862556843494,0.0798946695008097
2731,0.6276470116133297,0.9242778124920953,0.07989676810480646
2732,0.627756559656744,0.9242977963790873,0.07988159040741899
2733,0.6277980864824282,0.9243079920045083,0.07987865142427346
2734,0.6278087955297182,0.9243043487881875,0.07987767151674635
2735,0.6278093826677289,0.9243124076749225,0.07987462755319419
2736,0.6278334709845468,0.9243081995294886,0.07987210795192136
2737,0.6279199445475286,0.9243204281311056,0.07986223357924971
2738,0.6278809175542205,0.9242920817560186,0.07987494310819125
2739,0.6278639535550928,0.9242939494808413,0.07987696633382162
2740,0.627846724176208,0.9242928273087256,0.07987794601864451
2741,0.6278275638052205,0.924294368373857,0.07987984223518131
2742,0.6278751220163608,0.9242979501012949,0.07987464968960369
2743,0.627884658520441,0.9243039913840547,0.07987426511823933
2744,0.627902468682144,0.9242965243278191,0.07987045190771298
2745,0.6278972638259623,0.9242877429467082,0.07987292808554912
2746,0.6278975597944845,0.9243065393296462,0.07986976735138221
2747,0.6279104501206613,0.9242887382980026,0.07987482126697215
2748,0.6278884165597306,0.9243038645632334,0.07987543495821273
2749,0.627913994261638,0.9243149248760725,0.07986402784420593
2750,0.6279231135690692,0.9243412305888531,0.07985930417589464
2751,0.6279457377467581,0.9243502233379995,0.0798567539352837
2752,0.6279010756103485,0.9243527405391494,0.07986729086980426
2753,0.6280364475910752,0.9243538012223821,0.07985215526411954
2754,0.6280098898553776,0.924358270695569,0.07985538491220509
2755,0.6280812277390676,0.9243703993777509,0.07984678362702
2756,0.6281037372067894,0.9243695615917193,0.0798441438744391
2757,0.6280414147983368,0.9243698075472516,0.07985348566006417
2758,0.6280180966224754,0.924349347121416,0.07985817660266589
2759,0.628013454195985,0.9243529788085713,0.07985909856663857
2760,0.6280094763480565,0.9243353468713561,0.07986337633301728
2761,0.6280312570199371,0.9243190523173473,0.07986546393499377
2762,0.6280256749713142,0.9243223650309217,0.07986965198949447
2763,0.627994948481621,0.9243210891365984,0.07987520681019213
2764,0.6279578101134208,0.9243072579809669,0.07988097957901279
2765,0.6279587861894989,0.9243201898616837,0.07987847041604104
2766,0.6279776799802632,0.9243147019788713,0.07987702244424791
2767,0.6279701458416911,0.9243246977654225,0.07987662678488666
2768,0.6279701458416911,0.9243246977654225,0.07987700787121015
2769,0.6279833970625793,0.9243388325224141,0.07987354553628209
2770,0.6279790601636244,0.9243330833118487,0.07988068296847158
2771,0.6280204992266744,0.9243379063461131,0.07987602907632115
2772,0.62801500932466,0.9243334407159814,0.07987842903566938
2773,0.6280365754070187,0.924323056780856,0.07987808988781694
2774,0.6280484465848523,0.9243308543398381,0.07987501967515581
2775,0.6281320332204924,0.9243197594395024,0.07986800537526102
2776,0.6280917199187523,0.9242979270429638,0.07987498061441499
2777,0.6280829777819898,0.9243071503754215,0.07987575139512673
2778,0.628116554884236,0.9243172191800213,0.07987244599693319
2779,0.6281856040420029,0.9243139986997715,0.07986778325350169
2780,0.6281723306495344,0.9243133914970513,0.07986897490642976
2781,0.6282050042048445,0.9243298397732678,0.07986352287907411
2782,0.628243796039957,0.9243457384925919,0.0798559237979077
2783,0.628263195911575,0.9243685085945971,0.07985119621945533
2784,0.6282922674924365,0.92438992209812,0.07984775797206518
2785,0.6282582559276242,0.9244154169262554,0.07984665918242323
2786,0.6282417696661592,0.9244093948587715,0.07984997557389385
2787,0.6282515623953729,0.924408457153305,0.07984916238800875
2788,0.6282646913676052,0.9243935614713856,0.07985011585430216
2789,0.6282942203811628,0.9244012475817671,0.07984655793026038
2790,0.6282971926934233,0.924406159006301,0.07984570641962262
2791,0.6283288057583722,0.924421673420106,0.0798443505268801
2792,0.6283803579542113,0.9244456579275515,0.07983490652097402
2793,0.6283830460950708,0.9244444627373871,0.07983732740919552
2794,0.6283598237701988,0.9244341710355863,0.0798432268446585
2795,0.6283940816755837,0.9244345668702709,0.07983904310965415
2796,0.628473883131508,0.9244502734368356,0.07982794230836433
2797,0.6284201970595235,0.9244409963016051,0.07983769434932778
2798,0.6283821932789763,0.9244266232751917,0.07984426897730991
2799,0.6283743995923902,0.9244198210675041,0.07984538160779527
2800,0.6284179104534935,0.9244058669341064,0.07984646745956589
2801,0.6284329967536065,0.9243996603999733,0.07984837771747522
2802,0.6285127295462783,0.924449516354963,0.07983392279907911
2803,0.6285786994284066,0.9244361924826167,0.07983201960107376
2804,0.6285883456241738,0.924443817104115,0.0798291021791391
2805,0.6284956888555266,0.9244374414755536,0.07984021635147977
2806,0.6285599773565774,0.9244784853049909,0.07982790261462279
2807,0.6285595806804958,0.9244628248550886,0.07983062174748062
2808,0.6285930965553889,0.924454754439188,0.07983028520528097
2809,0.6285360634755364,0.9244356429257243,0.07983992842733932
2810,0.6285792879404127,0.9244323378982603,0.07983727149976046
2811,0.6285348661341835,0.9244245095948368,0.07984525194319961
2812,0.6285720025265543,0.9244379180143973,0.07983968622149658
2813,0.6285702069673273,0.9244265118265912,0.07983887824241546
2814,0.62855628620756,0.9244102134295271,0.07984332211175152
2815,0.6285533489245507,0.9243934154352884,0.07984488410484805
2816,0.6286842608721223,0.9243625057423891,0.07983205534489107
2817,0.6287202836966729,0.9243609493050369,0.07982963378527659
2818,0.6287933166677131,0.9243746344245711,0.07982180319062211
2819,0.6287640290393804,0.924367136623894,0.07982661988709638
2820,0.6288230937580356,0.9243683740876654,0.07981782051538978
2821,0.6288049193289315,0.9243685931418113,0.07982002078561759
2822,0.6288520344573845,0.9243768518674162,0.07981386583779106
2823,0.6287879585841669,0.9243543161917777,0.07982441141009351
2824,0.6288191228396254,0.9243587318621919,0.07982191071099078
2825,0.6287953923282664,0.9243530671988407,0.07982554080771577
2826,0.6288628491199137,0.9243502656116066,0.07981959626659556
2827,0.6288856713705034,0.9243282679636947,0.07982168710297974
2828,0.6288887011249541,0.9243494854714028,0.07981798982001118
2829,0.6288726977435405,0.9243639968478031,0.07982097758467327
2830,0.6288612655337695,0.9243472680285578,0.07982519406701748
2831,0.6288993925261525,0.9243593659662983,0.07982095010390698
2832,0.6288653341905491,0.9243370262864744,0.07982778734834706
2833,0.628872582371273,0.9243413919971711,0.07982550150635824
2834,0.6288935511949302,0.9243315230314413,0.0798258375306479
2835,0.6289386808199982,0.9243204396602711,0.07982286812510506
2836,0.6289327450089477,0.9243168079731159,0.07982759272843294
2837,0.6289918265090757,0.9243378986600027,0.07981990948082508
2838,0.628975999078625,0.9243458768425787,0.0798226889993513
2839,0.6290873532090021,0.9243539549445897,0.0798134071896011
2840,0.6291134245595711,0.9243510226934791,0.07981075736826818
2841,0.6290932301460904,0.9243487360756407,0.07981609240876392
2842,0.629117888004618,0.924335585140778,0.07981578697571048
2843,0.6291058617358107,0.9243330179799105,0.07981929184242029
2844,0.6291175197795905,0.9243249744653963,0.07981716414439066
2845,0.629106692678034,0.9243195019548046,0.07981858686738086
2846,0.6291160512015181,0.9243287790900351,0.07981623993384385
2847,0.6291938065474995,0.924352832772474,0.07980587136579016
2848,0.6291985613336941,0.924346668511948,0.07980893205422847
2849,0.6292322483606354,0.9243546697528552,0.0798067971801462
2850,0.6292130383215156,0.92436181783551,0.07980774338994454
2851,0.6292253963757636,0.9243616910146887,0.07980852921051602
2852,0.6292582835831724,0.9243969279877328,0.07980364137391942
2853,0.6292562502533895,0.9244171578302568,0.07980329611150662
2854,0.6292391141694185,0.9244049638161366,0.07980788710566088
2855,0.6292298708948211,0.9243934807672266,0.07981109583870853
2856,0.6292391688643435,0.9243631898062131,0.07981185285195297
2857,0.6292121753079164,0.9243752915870088,0.07981172883820942
2858,0.629310678342322,0.9243972315890928,0.0797983524225881
2859,0.6292799257636369,0.9243639814755824,0.0798102156400296
2860,0.6294594764025806,0.9243730357136118,0.07980865362359621
2861,0.6295464133341423,0.9243811868336714,0.07979753456759624
2862,0.6295901797676752,0.9243819785030407,0.07979422215918261
2863,0.6296349253028943,0.9243513378240048,0.07979188615901203
2864,0.6296915556669388,0.9243838231695323,0.07977840347769896
2865,0.6297076440128361,0.9243791269560891,0.0797808091075323
2866,0.6297691602248789,0.9243913709299268,0.0797722873838253
2867,0.6297122118029611,0.9243787272783494,0.07978083831023858
2868,0.6297752113292677,0.9243765367368906,0.07977643377313029
2869,0.6298046962892571,0.9244209931993372,0.07976641148345412
2870,0.6297973337970225,0.9244046755869972,0.0797723488411393
2871,0.629826901484579,0.9243955867614712,0.07977298490109085
2872,0.6298415797942618,0.9244144100457955,0.07976695702984167
2873,0.6298403023666628,0.924385329647167,0.07977510216805483
2874,0.6299112109683596,0.924383173693205,0.07976765503934696
2875,0.6299322116222232,0.9243730626149982,0.07976745651345657
2876,0.6298736692167084,0.9243717598192884,0.07977758772454137
2877,0.6298886795861286,0.9243668560808651,0.07977793489006461
2878,0.6298974774580969,0.9243606572328424,0.07977855620082609
2879,0.6299107783036899,0.9243669905877967,0.07977720867940812
2880,0.6299242103651848,0.9243649960421527,0.07977913369194321
2881,0.6299363633371553,0.9243756605203071,0.07977944650001055
2882,0.6299363633371553,0.9243756605203071,0.07977957223362668
2883,0.62991237706827,0.9243855794457544,0.0797787313689156
2884,0.6299264547781935,0.9243805873170616,0.07978232845038644
2885,0.6299270671228147,0.9244035687871024,0.07977954734707664
2886,0.6299323427064946,0.924388027471911,0.07978369141573984
2887,0.6299289358993401,0.924391109602174,0.07978448454048113
2888,0.6299357065316781,0.924403864702352,0.07978350080348415
2889,0.6299039000092035,0.9243887076926797,0.07979452750631379
2890,0.6299191362493868,0.9243953446489941,0.07978940234928868
2891,0.6299255184258986,0.924385771598514,0.07978973100888506
2892,0.6299186924843829,0.9243707952124356,0.07979271336558873
2893,0.6298331637035505,0.9243502310241098,0.07980814970415542
2894,0.6298521212158817,0.924348420945115,0.07980581985397833
2895,0.6298056613567546,0.9243454156759559,0.07981203889976816
2896,0.6298093141516437,0.9243660605684406,0.07981119216042051
2897,0.6297581512596767,0.9243648653782762,0.07981898134051427
2898,0.629715756537895,0.924352167923926,0.07982558043429282
2899,0.6296832271654202,0.9243617717188477,0.07982830427344742
2900,0.6297115006339142,0.9243485554520467,0.07982842026264643
2901,0.6297801927700883,0.9243656685768111,0.07982112525211175
2902,0.6298498449216943,0.9243703378888679,0.07981433026691219
2903,0.6298676066695972,0.9243787887672323,0.0798133076187836
2904,0.6298431810054429,0.9243449391371122,0.07982380503426952
2905,0.6298538676659791,0.9243518182059036,0.0798230463360209
2906,0.6298055159816196,0.9243523331752992,0.07983278260723065
2907,0.6297714828713713,0.9243439322566522,0.07983827051304461
2908,0.6297562073203502,0.9243371876947925,0.07984387635920898
2909,0.6297345620589572,0.9243605342550762,0.07984358357935642
2910,0.6297136368700897,0.9243533016252072,0.07984461877949788
2911,0.6296813440027513,0.9243414112124471,0.0798519217623201
2912,0.6296973990556101,0.9243174689786087,0.07985357352005058
2913,0.6297741351851666,0.9243152822802052,0.07984755247425136
2914,0.6297349174852749,0.924299383560881,0.07985380820973217
2915,0.6298471182438189,0.9243367726448318,0.07983811549604487
2916,0.6299171284803666,0.92433270669244,0.07982853639554537
2917,0.6299288847688571,0.9243322877994242,0.07982946891756122
2918,0.6299959782818492,0.9243413036069018,0.07982371288376573
2919,0.6299838044776527,0.9243602229676058,0.07982258574728043
2920,0.6300423002604414,0.9243815173364178,0.0798166492117014
2921,0.6300725731941551,0.9243647731449517,0.079820138305172
2922,0.6300710546997179,0.9243672288572186,0.07981930913519263
2923,0.6300774014848434,0.9243535475807395,0.07982222205064478
2924,0.6300814806487706,0.9243703763194198,0.07982191672759673
2925,0.6300515977853002,0.9243488014075789,0.07982895291539836
2926,0.6300778053939642,0.9243607264078358,0.07982225935696764
2927,0.6300672698237862,0.9243267307416184,0.07984106002146642
2928,0.6301160922734504,0.9242935728614325,0.07984022295724862
2929,0.6301392724105409,0.9242909173102958,0.07983828621838576
2930,0.6301545113552761,0.9243212851324131,0.07983330164125214
2931,0.6301950968182493,0.9243297744413295,0.07982832361322083
2932,0.630227816954305,0.9243697691166997,0.07982067493219087
2933,0.6302615368968907,0.9243923240076142,0.07981432053750025
2934,0.6303046692288378,0.9244009286081863,0.07980764149756964
2935,0.6302781100172714,0.9243929542686655,0.07981393915829667
2936,0.6303198362531103,0.9244097099892972,0.07980714356956192
2937,0.6303758090294768,0.9244088875754863,0.07980100862247809
2938,0.6303513459097926,0.924384180573665,0.07980928236465275
2939,0.6303094981664619,0.9243938650727457,0.07981432575484189
2940,0.6304012207455996,0.924397861850144,0.07980323106059455
2941,0.6303975323719438,0.924411016628062,0.07980367759124048
2942,0.6303405479382447,0.9244219424339694,0.07982244035128336
2943,0.6303405479382447,0.9244219424339694,0.07982197314830226
2944,0.6303480602158684,0.9244162201247903,0.07982352489623383
2945,0.6303480602158684,0.9244162201247903,0.07982325438958757
2946,0.6303202459298664,0.9243914708493619,0.07983018878994533
2947,0.6302987278319578,0.9243988033986658,0.07983162343537505
2948,0.6302827203752662,0.9243756336189207,0.0798388624364921
2949,0.6302643236991243,0.9243937228797037,0.07984056983263794
2950,0.6302481597456462,0.9243815557669697,0.07984514739196176
2951,0.6304023617819794,0.9243759910230535,0.07983882971141143
2952,0.6303953234175201,0.9243862366081921,0.07984031861129037
2953,0.6303917256115437,0.924343586381685,0.07984885667672374
2954,0.6304336836440187,0.9243499620102466,0.0798483176186543
2955,0.6304247018316387,0.9243310580217632,0.07985375015795082
2956,0.6303979654646515,0.9243150286385625,0.07986283223393548
2957,0.6304024607552535,0.9242997294358481,0.07986578532728088
2958,0.6303491661954168,0.924277424343521,0.07987699645522402
2959,0.6303141887106816,0.9242819245611494,0.07987945617540047
2960,0.6302989841466395,0.9242620405935925,0.07988523101524153
2961,0.6302634219344051,0.9242439974494718,0.07989504080023638
2962,0.6302868905522093,0.9242575557481848,0.07989229940116548
2963,0.6303141271039004,0.9242691118151435,0.07989226662655635
2964,0.6302933252279217,0.9242704991580674,0.07989695944368466
2965,0.6303183482698963,0.9242633626045781,0.07989969517650228
2966,0.630406441329851,0.9242584742383755,0.07988795143089439
2967,0.6304274847346639,0.9242842803539814,0.07988395024607724
2968,0.630436014586635,0.924307523151775,0.07988478661873184
2969,0.6304536599803826,0.9243386365265994,0.07987862799551428
2970,0.630464008005874,0.9243394973709621,0.0798771936811009
2971,0.6305246673815875,0.9243521909822572,0.07987246041927241
2972,0.6305452256051434,0.924329543858018,0.07987275228410601
2973,0.6305471925897828,0.9243542470167843,0.07987366853627963
2974,0.6305618484830099,0.924340804009727,0.07987476807400705
2975,0.6306292991417183,0.9243793767546765,0.07986485128055971
2976,0.6306162559941817,0.9243742578051625,0.07986920148825478
2977,0.6306503993982231,0.9243762485077512,0.07986508262744041
2978,0.6306471957525889,0.9243823512793942,0.07986676931489572
2979,0.6306153716434015,0.9243537435765542,0.07987745873599576
2980,0.6306142564763019,0.9243603728467583,0.0798774374599197
2981,0.630656909584538,0.9243854603110435,0.07987017084642672
2982,0.6306593672204749,0.9243853719207741,0.0798688491185946
2983,0.630676709224267,0.9244076347394942,0.07986667424761314
2984,0.6307088800197108,0.9243990647264188,0.07987142165425343
2985,0.6307872134380038,0.9243943992574172,0.07986916804248963
2986,0.6308318269656242,0.9243762561938617,0.0798665436490546
2987,0.6307929376171271,0.9243772784465424,0.0798724616504971
2988,0.630789867275647,0.9243603497884272,0.07987859813123092
2989,0.6307918210788704,0.9243504001185383,0.07988194651419983
2990,0.6308043091505751,0.9243747804606685,0.07988068706731266
2991,0.6308193595595423,0.924378016313139,0.07987955655825536
2992,0.6308393361329205,0.924378781081122,0.07987817667655023
2993,0.6309001260430919,0.9243711372443476,0.07987297165538661
2994,0.6308739647012201,0.9243660567253854,0.07987603460380875
2995,0.630868266069748,0.9243712217915617,0.07987743376266913
2996,0.630825990934619,0.9243492779464225,0.07988808324236392
2997,0.6307445840010492,0.9243401122597926,0.07989892194566763
2998,0.6307139381751399,0.9243326913202192,0.07990611821534892
2999,0.6306945732508366,0.9243479713076577,0.0799055902900601
3000,0.6307372336046722,0.9243561108985517,0.07989938810015479
3001,0.6307072405531792,0.9243565720651746,0.07990482234786396
3002,0.6307420372543776,0.9243599885412392,0.07990051830781537
3003,0.6307618577010617,0.9243625480159963,0.0799009288387705
3004,0.6307602656136927,0.9243417340290832,0.07990286746337953
3005,0.6307023422481527,0.9243327873965991,0.07991244135939019
3006,0.630667489831769,0.9243174382341671,0.07992152591081822
3007,0.6307201378935922,0.9243426486762185,0.07991180503286387
3008,0.6307667932099055,0.924339877833426,0.07990778412463052
3009,0.6308239348678465,0.9243497352699903,0.07990141541231283
3010,0.6308413798861292,0.9243403159417177,0.07989904592722284
3011,0.6308291596142784,0.9243219999406787,0.0799038407231975
3012,0.6307987722039267,0.9243139641122747,0.07990773798533038
3013,0.630832559137676,0.9243706530193936,0.07989877141238143
3014,0.6308793323916135,0.9243859253207216,0.0798940954504169
3015,0.6309030027269625,0.9243812214211681,0.07989239145203435
3016,0.6309146507255154,0.9243976351098878,0.07989271506596644
3017,0.6309213926548063,0.9243918858993224,0.07989535474660626
3018,0.6309243827471439,0.9244012091512153,0.07989516441134044
3019,0.6309205202641737,0.9243740310649062,0.07990428118988516
3020,0.6308871769301647,0.9243494124533542,0.07991239573833159
3021,0.6308897113487345,0.9243200668839177,0.0799197888079873
3022,0.630875869869434,0.924348563138157,0.07991874010610582
3023,0.63087092359947,0.9243545544611995,0.07991771797083795
3024,0.6309563214411235,0.9243767557910365,0.07990412331248783
3025,0.630938880792229,0.9243730933594396,0.07990958349683282
3026,0.6309261118091749,0.9243728320316867,0.07991123728248782
3027,0.6310100491774722,0.924371164145734,0.07990135664177749
3028,0.6310341057990082,0.9243519450267249,0.07990572060306352
3029,0.6310951638370745,0.9243407309916783,0.07990286040790587
3030,0.6310997968778479,0.9243205856963684,0.07990879009626768
3031,0.631119785134289,0.9243159010120908,0.07990886025124794
3032,0.6311043742431607,0.924309294800218,0.0799127587806624
3033,0.6311484351136372,0.9243320495300025,0.07990741572296112
3034,0.6311742683456585,0.9243527366960943,0.0799027416935492
3035,0.6311518574462812,0.9243315307175517,0.07991112998981424
3036,0.631132873197971,0.9243347127672497,0.0799185416865925
3037,0.6311349862604805,0.924334981781113,0.0799196369292723
3038,0.6310549919953605,0.924309798240448,0.07993523417794252
3039,0.6309825126753894,0.9242748763979296,0.07994975831179466
3040,0.6310308151672595,0.9242918857602038,0.07994260723398504
3041,0.6309842591209177,0.9242829814013269,0.07995049769343461
3042,0.63090673752125,0.9242723976273316,0.07996259016418729
3043,0.6309010151318901,0.9242710717732907,0.07996092703501013
3044,0.6308611358369244,0.9242630244157213,0.07996863545459013
3045,0.6308676664479663,0.9242646730863981,0.079970571707805
3046,0.6309006090699489,0.9242566372579942,0.07996903880712768
3047,0.6309444996711615,0.924294506723844,0.07996248389402529
3048,0.6310273092910693,0.9243104208153888,0.07995376143293365
3049,0.6310244987869885,0.9243031689702439,0.07995363527226915
3050,0.6310376997248162,0.9243175112522158,0.07995006741941882
3051,0.6310465063360475,0.9243174997230502,0.07995097975422769
3052,0.6310320362812397,0.9243234141849888,0.07995600134478802
3053,0.6310812820269999,0.9243355082796741,0.07995017786375443
3054,0.631082182796359,0.9243189831423538,0.0799517255683116
3055,0.6310540140990151,0.9243021889911702,0.07996173880179386
3056,0.6311121704920503,0.9243081149822744,0.07995567845685006
3057,0.6311263488078654,0.924325877583366,0.07995658887120545
3058,0.6311323886812802,0.9243307505773479,0.07995390377343443
3059,0.6310787697000172,0.9243127996665519,0.07996637597827098
3060,0.6311004410497042,0.9243312578606331,0.07996573191484722
3061,0.6311152232070105,0.9243312117439708,0.07996314347770508
3062,0.6312245479604935,0.9243680397418639,0.07994659651547766
3063,0.631210778343185,0.9243691849723107,0.07995234604769424
3064,0.6312172526015933,0.9243668445516995,0.07995279114075865
3065,0.6312369414241246,0.924396186278081,0.07994583888751955
3066,0.6311681321835778,0.9243681435043539,0.07996250773747302
3067,0.6311471080437677,0.9243677015530071,0.07996692506725116
3068,0.6310975487503582,0.924357044760963,0.07997284597760626
3069,0.6310897919486214,0.9244302818637332,0.08000468507004073
3070,0.6311398303082041,0.9243679667238152,0.080019117477736
3071,0.6311569058739088,0.9243545967348066,0.08002077368687129
3072,0.6311685885888129,0.9243746843842886,0.08001805794315314
3073,0.6312293792300953,0.9243940533824501,0.08001096514741836
3074,0.631223221229822,0.9243264040819272,0.08003940343052326
3075,0.631195740673706,0.9242898912145598,0.08004914448942466
3076,0.631193724601105,0.9242915898449542,0.08005133858580994
3077,0.6311965239093246,0.9242750339631924,0.08005499040918938
3078,0.6312989343408579,0.924315178517715,0.08003776594957146
3079,0.6313205868564119,0.9243166350356323,0.0800387670503401
3080,0.6313126533294757,0.9243232258752845,0.08003963674584995
3081,0.631302746421639,0.9243160816356848,0.08004327125017227
3082,0.631352082390523,0.9242970123958283,0.08004047870358748
3083,0.6313627137114804,0.9243078036948039,0.08003948043991783
3084,0.6314140926317408,0.9243457461787022,0.08002924962829133
3085,0.6314010242963645,0.9243241866390821,0.08003700430836506
3086,0.631298935478417,0.9242844494484097,0.08006111593838505
3087,0.6312921146344715,0.9242666292014903,0.08006795060796307
3088,0.631292460742594,0.9242432096231578,0.08007403970606909
3089,0.6312494318909566,0.9242240212485904,0.08008321045107657
3090,0.6313321470055635,0.9242091025083399,0.08007624222620086
3091,0.6314052009253283,0.9242167694034454,0.08006691550844215
3092,0.6314137434293813,0.9242129686218618,0.08006657304723895
3093,0.6313995939750441,0.9242056322295026,0.08007117696484733
3094,0.6314290745645245,0.9242230105250752,0.0800676523502686
3095,0.6314257595868485,0.9242170384173087,0.08007354402003089
3096,0.6314265025435484,0.924201531689614,0.08007552529467821
3097,0.6314459826561384,0.9242081302153766,0.0800727231654978
3098,0.6314362193001111,0.9241989991162434,0.08007639715023213
3099,0.6314755452701912,0.9242179645936097,0.0800708244536375
3100,0.6314865343990064,0.9242147517994702,0.0800708557500487
3101,0.6314432805871671,0.9242095137152453,0.08008111321626793
3102,0.6313890353559387,0.924186401581328,0.08009482932075543
3103,0.6313997834810235,0.9241781851293303,0.08010021946333093
3104,0.631349402145236,0.9241781659140542,0.08010724113995525
3105,0.6313820828174088,0.9241827775802832,0.08009978580631402
3106,0.6314102625089242,0.9241973927191736,0.08009468735350092
3107,0.6314828520975778,0.9241985072051789,0.08008850509031351
3108,0.6314523510438479,0.9242000982300279,0.08009165934242447
3109,0.6314932518477931,0.9241774395766232,0.08009257735544083
3110,0.6314721352504831,0.9241539162358006,0.08010302158552518
3111,0.6314472626565509,0.9241618828892111,0.08010633026427687
3112,0.6314214417862762,0.9241505266611224,0.08011082170923264
3113,0.6314185071495119,0.9241496811889804,0.08011381086210272
3114,0.6314385861431255,0.9241782158737718,0.08011151148555816
3115,0.6313689429324274,0.9241499886333957,0.08013340737286494
3116,0.6315088298625041,0.9241757178878978,0.08012873419476425
3117,0.6315052738538814,0.9241689156802101,0.08013081775834728
3118,0.6315271521389321,0.9241665291429366,0.0801301785586811
3119,0.6315115321866449,0.9241794571805984,0.08013395763005414
3120,0.6315726871902746,0.9242415532663706,0.0801536054570191
3121,0.6315358197544353,0.9242209506474929,0.08016209899669707
3122,0.6314836391756748,0.9242232641667177,0.08017273999702518
3123,0.6314829845086187,0.9242157894243718,0.08017379628498061
3124,0.6314658020911113,0.9242249051512842,0.08017510152808245
3125,0.6315298556761986,0.9242270726344118,0.08017126773861637
3126,0.6315222094947324,0.9242463609284142,0.08017357229077972
3127,0.6315635411367309,0.9242468182519818,0.08017370117908253
3128,0.6315555386000475,0.9242558417455697,0.08017490033593319
3129,0.6315677958399608,0.9242661680348674,0.0801705602136014
3130,0.6316126295523394,0.92428032585019,0.08016424774856842
3131,0.6316322475217315,0.9242906060228253,0.08015972206177922
3132,0.631628953240962,0.92428667073431,0.0801629468023717
3133,0.6316334452101163,0.9242790653280875,0.08016566006420138
3134,0.6315424198818107,0.9242751953715104,0.08017951328943253
3135,0.6315608049096767,0.9242856869121812,0.08017670049228146
3136,0.6316037071612246,0.9243013896356906,0.08017228640334846
3137,0.6316340964905904,0.9243136720400802,0.08016475520073661
3138,0.6316106813813197,0.9243192713714932,0.08016855126671725
3139,0.6316127244021105,0.9243097521237856,0.08017063999385361
3140,0.6316532937185008,0.9243225687128468,0.080168017228901
3141,0.6315951178311857,0.9243224188336944,0.08017500681604459
3142,0.6315951178311857,0.9243224188336944,0.08017443376203326
3143,0.6315675147571058,0.9243292248844373,0.08017511276949538
3144,0.6315740352869031,0.9243390554196151,0.08017160332618398
3145,0.6316164370201033,0.9243718366803922,0.08016421665053085
3146,0.6316669985219936,0.9243789040588881,0.08015701781602916
3147,0.6317447812998752,0.9244074733311761,0.08015142249885883
3148,0.6318080483644768,0.9244284410402969,0.08014345952601265
3149,0.6318468399607156,0.9244334062676034,0.08014223890476288
3150,0.6318468399607156,0.9244334062676034,0.08014073889716848
3151,0.6318099620230976,0.9244087876560514,0.08015114631266777
3152,0.6318382700295072,0.9243958980489416,0.08015413507973804
3153,0.6318855176050794,0.9244306700123075,0.08014683024709371
3154,0.6318879196765802,0.9244422107070454,0.0801479220181648
3155,0.6318208784490711,0.9244440323152058,0.08015764041205743
3156,0.6317977048132956,0.9244496547049499,0.08016176058718724
3157,0.6318073645578164,0.9244284371972417,0.08016888601056979
3158,0.6317701252055271,0.9244245211240023,0.08017503961450467
3159,0.631813627249368,0.924445527263675,0.08017401254004229
3160,0.6318978531466479,0.9244928967619562,0.08015949176458023
3161,0.6319148083197045,0.9245029232929489,0.08015598633014631
3162,0.6319380738431449,0.9245013092097688,0.08015504870726708
3163,0.6320557165890036,0.9245355700467943,0.08013963870893977
3164,0.6320510049715148,0.924536146505073,0.08014285934603667
3165,0.6320315980032964,0.9245131919364186,0.08015065843534436
3166,0.6320558274138649,0.9245174231401836,0.08014759806036949
3167,0.6320467464210902,0.9245069815592303,0.08015273780197396
3168,0.6319745320151808,0.9244878931040978,0.08016427796682976
3169,0.6320073676654288,0.9245019663722064,0.08016092337656233
3170,0.6319873498532314,0.9244965707227186,0.08016912573006313
3171,0.6320305068938615,0.9245040838956166,0.08016722068897779
3172,0.6319645085466956,0.9245134763225027,0.08017204095094
3173,0.6319565248320479,0.924501958686096,0.08017351992313727
3174,0.6319546750086614,0.9244953255728368,0.08017844105211908
3175,0.6320806682319544,0.9245329721414854,0.08016083360317594
3176,0.6320783837428532,0.9245416612892717,0.08015985947924285
3177,0.6320478217271642,0.9245492205788319,0.08016011540652918
3178,0.6320429905377585,0.9245437134807436,0.08016034377553329
3179,0.6320577983873857,0.924543924848779,0.08016461489202958
3180,0.6320926775594553,0.9245699231171445,0.08015831480420998
3181,0.6321439905028906,0.9245755954666061,0.08015218911297411
3182,0.6320836957223468,0.9245712566572957,0.08017656809386359
3183,0.6320972109962568,0.924583592864458,0.080174555807266
3184,0.6321151665699757,0.9245696348880051,0.08017483045487006
3185,0.6321464699196375,0.9245706263962444,0.08017609750288934
3186,0.6321551420540288,0.9245556807546076,0.08017830197178737
3187,0.6321602532911704,0.9245471607012496,0.08018360208664636
3188,0.6321108021619551,0.9245265888268136,0.08019415702377798
3189,0.6321621622633694,0.9245295902529176,0.08019157504536845
3190,0.6321458212564431,0.9245246788283837,0.08020013790877203
3191,0.6321397903171976,0.9245180111276278,0.08020324004272235
3192,0.6322696578925929,0.9245279607975166,0.08019916703484167
3193,0.6322039389985138,0.9245351972704409,0.08021127795991853
3194,0.6322241563992781,0.9245065780384353,0.08022670262120758
3195,0.6322090573047675,0.9245148944098681,0.08023179607827746
3196,0.6321756630581237,0.9245383562618077,0.08023387847155015
3197,0.6322323494339951,0.924517573019336,0.08023608256543886
3198,0.6322204714952481,0.9244891305678693,0.08024743294482489
3199,0.6321870296605628,0.9244663758380848,0.08025512254427257
3200,0.6322030047923389,0.9244668754352596,0.08025068733565884
3201,0.6322003990273354,0.9244314924261183,0.08026048345849206
3202,0.6321555818522435,0.924427053697373,0.08027202466351004
3203,0.6321729010229707,0.9244141525610977,0.08027604679843037
3204,0.6321911032626857,0.9244104593850594,0.08027549761270514
3205,0.6321861062417379,0.9244066547604205,0.08027654028140273
3206,0.6321493043637054,0.9243805296712337,0.08028948175051129
3207,0.6321682954660431,0.924388288799664,0.08029162428652989
3208,0.6321850434258153,0.9243733854316342,0.08029381981950615
3209,0.6321755416578793,0.9243835618417793,0.08029231631413233
3210,0.6321596846383173,0.9244101173531474,0.08029497980289048
3211,0.6322149122236855,0.9244272112626358,0.0802880194433375
3212,0.632245641578251,0.9244247786087001,0.08028832153994071
3213,0.6322632604211055,0.9244244173615122,0.08028759924196882
3214,0.6322810458456867,0.9244339558244956,0.08028675425247098
3215,0.632308955277838,0.9244439746693779,0.08028185594219579
3216,0.6323706555690225,0.9244494433369144,0.08028211281549441
3217,0.6322619083908035,0.9244407388169074,0.08029659027343442
3218,0.6322550061974253,0.924429693876289,0.08030220719472371
3219,0.6322716296133224,0.9244401277711319,0.0803022703016916
3220,0.6322493732584813,0.9244567297695561,0.08030350185675451
3221,0.6322769992377291,0.9244506308409683,0.08030486473371456
3222,0.6322607447913311,0.9244395782142397,0.08030847113899392
3223,0.6322646793182986,0.9244380179338323,0.08030828424712767
3224,0.6322453090328374,0.9244100328059331,0.08031719796580256
3225,0.6322766282392652,0.9243882119385601,0.08032273496971998
3226,0.6322932120053306,0.9243952293573384,0.08032146554570244
3227,0.6322938161427722,0.9244034265940603,0.0803225640183193
3228,0.6323407012765071,0.9244045833536727,0.08031837354342534
3229,0.6322956507411963,0.9244223459547644,0.08033792788126463
3230,0.6322664198288751,0.9244136990805851,0.08033986985870639
3231,0.6323190772651779,0.924427153616808,0.08033466300525209
3232,0.6323194097755819,0.9244364653395352,0.0803342494168749
3233,0.6323702861633028,0.9244449008456789,0.08032913391636444
3234,0.6323301429215775,0.9244210623743306,0.08033975545412758
3235,0.6323561804319785,0.9244616181357587,0.08033646357801699
3236,0.6323462978086482,0.9244936730591048,0.08033602709396229
3237,0.6323250059311255,0.9244937191757671,0.08033966672851736
3238,0.6323470818726284,0.9245056480190791,0.08033757633144732
3239,0.632390279111441,0.9245374262424515,0.08033479950610993
3240,0.6324463121345396,0.9245666757355083,0.0803283554531078
3241,0.6324477613659858,0.9245644160190561,0.08033441867743808
3242,0.6326042189596347,0.9245835736491821,0.08031883556037817
3243,0.6325946385204113,0.9245810410758113,0.08031989072192218
3244,0.6326372824150265,0.924575856794359,0.08032136992667599
3245,0.6326897530139423,0.924575291865246,0.080323852623359
3246,0.6327350549380005,0.9245647695801337,0.08032256354906393
3247,0.6327382920315384,0.9245937193148857,0.08032434787550102
3248,0.632684504584443,0.9246464883057098,0.08032816095384132
3249,0.6326075504196157,0.9246425184296978,0.08033956276121033
3250,0.632595811517463,0.9246323535487183,0.08034742031082392
3251,0.6325890097416295,0.9246389251730944,0.08035090283762854
3252,0.6326070704791921,0.924637968252352,0.0803508706184893
3253,0.6325574565893448,0.9246262469340202,0.08035858438951686
3254,0.6325358379018505,0.9246234722481724,0.08036317459300006
3255,0.6325470895005456,0.924634544090177,0.08036239564834646
3256,0.6325866087296311,0.9246607806279643,0.08035442281950715
3257,0.6326258543070798,0.9246672446467952,0.08036225478528755
3258,0.6325958179278792,0.924653763209186,0.08036388430117684
3259,0.6326285620473955,0.9246571105102571,0.08036248194820694
3260,0.6326803060048353,0.9246377261398749,0.08036108911893564
3261,0.6327074206180813,0.9246312967085408,0.08036231520246671
3262,0.6326909467288425,0.9246205976428897,0.08036823036017225
3263,0.632713487635391,0.9245766868942802,0.0803792302407283
3264,0.6327475787166671,0.924577247980338,0.08037606362436193
3265,0.6327647291486296,0.9246050986013055,0.08037227069773333
3266,0.6327729506737748,0.9246076311746761,0.08037320441794568
3267,0.6327900628777803,0.9245936117093403,0.08037246975577202
3268,0.6327924684357016,0.9246166239238225,0.08037173596483657
3269,0.6328366060847873,0.9246248903355379,0.08037255161835641
3270,0.6328295310355062,0.9246107017757735,0.08037573029304489
3271,0.6328426189863859,0.9246214853886389,0.08037796032336261
3272,0.6327891142839314,0.924621347038652,0.08038586359388733
3273,0.6327938909506491,0.9245892190972572,0.08039587633302117
3274,0.6327609382539353,0.9245812101702398,0.08040205810160937
3275,0.6327503135644799,0.9245784124260609,0.08040361346114334
3276,0.6327200960101781,0.9245681898992535,0.08041563752355327
3277,0.6327820195275852,0.924591067606804,0.0804093316512172
3278,0.632814936543997,0.9245897955555359,0.08040715973721083
3279,0.6327999758447606,0.9245978621283812,0.08040781279074169
3280,0.6328197708668426,0.9246096449355962,0.08040927458165893
3281,0.6329639548131286,0.9246299939128312,0.08039366865686856
3282,0.6329788674236794,0.9246102213938747,0.08040027943287986
3283,0.632961804059545,0.9246123158589536,0.08040092247365511
3284,0.6329204724354776,0.9246245214022395,0.08041528975004944
3285,0.6328973496635826,0.9246092721592426,0.08042144679960211
3286,0.6329455792922992,0.9246026851626457,0.08042318126150097
3287,0.6329424104966976,0.9246013362502737,0.08042537718245342
3288,0.6329977816964609,0.9246105403674556,0.08041768395211041
3289,0.6329947850388684,0.9246143795795911,0.08041918587950835
3290,0.6330672004012168,0.9246276765505511,0.0804138478806555
3291,0.6330724004280478,0.9246181227153469,0.08041633122171502
3292,0.6330780742863203,0.9246113320368249,0.08041806693210193
3293,0.6329655996418604,0.9246592895225503,0.08049084566446219
3294,0.6330037856578767,0.9246459848654799,0.08049117298656748
3295,0.6329801667769852,0.9246580174712822,0.08049492045152662
3296,0.6329849379710415,0.9246707571992395,0.08049528382073563
3297,0.6329678498062619,0.9246957178427034,0.0804981349690188
3298,0.6330311714187246,0.9247011980394054,0.08048999081998627
3299,0.633028274247148,0.9246898763988135,0.08049033695049851
3300,0.6330176052295586,0.9247114935842615,0.08048865175986418
3301,0.633067046336036,0.924730301496365,0.08047710467923017
3302,0.6330436104935543,0.9246883660781235,0.08049717213365297
3303,0.6330500436282899,0.9247056367681508,0.0804976897363363
3304,0.6330450112320721,0.924713015434117,0.08049745078515178
3305,0.6330524970998748,0.9247242717427707,0.08049780052115428
3306,0.6330468497889788,0.9247240603747352,0.08050090086841591
3307,0.633081535661145,0.9247272270522124,0.08049104054531094
3308,0.6330348434864752,0.9247043762460482,0.08050173430994603
3309,0.6330455284493194,0.9247090570872706,0.08050334957737512
3310,0.6330022302944003,0.9246971666745103,0.08051175703887817
3311,0.6329866130754936,0.9246963711620858,0.08051395377690788
3312,0.6330511694590137,0.9247156517699778,0.08050586602449017
3313,0.6330973273011091,0.924729736567252,0.08049885881275248
3314,0.6330565119240543,0.9247144604228688,0.08051119739997775
3315,0.6330649035790954,0.9246872861796149,0.08051857695210454
3316,0.6330623058892312,0.9246929431568557,0.08051965396297736
3317,0.6330741320676377,0.9247154404019424,0.08051705432795069
3318,0.6330375331336379,0.9247005716214094,0.08053008420025794
3319,0.6330520759227938,0.9246780128874397,0.08053738506029191
3320,0.6330302140244078,0.9246737624683986,0.08054201244749142
3321,0.6330473945410563,0.9246654883705729,0.08054094616017131
3322,0.6330637368473739,0.9246766831903436,0.08053851690000505
3323,0.6329938492107623,0.9246654998997386,0.08054950064825497
3324,0.633014136499132,0.9247697619870637,0.08059344567655707
3325,0.6329999488006618,0.9247701155481413,0.0805951960683211
3326,0.6330684217377981,0.9247767294461245,0.08058748913740803
3327,0.6330839098916999,0.9247649082083578,0.08058835093665485
3328,0.6330856106161393,0.9247477182224895,0.08059126130903377
3329,0.6331154414477852,0.924735820123619,0.08059041463010068
3330,0.6331468792515128,0.924757156766038,0.08058697654904892
3331,0.6332031809631125,0.9247698849648298,0.08058580762662258
3332,0.6332021437842492,0.9247611497003811,0.08059285626169087
3333,0.6331693718036213,0.92473967086492,0.0806023372460473
3334,0.6331917592083705,0.9247352513514507,0.08060317398193646
3335,0.6331867474556253,0.924723472387291,0.08061027849438307
3336,0.6330947675135026,0.9247493822653872,0.08062406507789695
3337,0.6330741662996843,0.9247450549852423,0.0806282441014343
3338,0.6331205689186717,0.9247354242889343,0.08062657988950483
3339,0.6330693011544254,0.9247181997155693,0.08064282429831056
3340,0.6330527901642108,0.924726031862048,0.08064287362763
3341,0.6330422850845914,0.9247420689313591,0.08064365909702623
3342,0.6328538372337909,0.924784031250987,0.08068197129092566
3343,0.632842767008879,0.9247744505143964,0.08068711803432299
3344,0.6328915212798012,0.9247667375026285,0.08068559107879185
3345,0.6329301212785786,0.9247807415957436,0.08068278361026292
3346,0.6330143396185336,0.9247886313880502,0.08067705217810206
3347,0.6329952572306331,0.924777586447432,0.08068463982304043
3348,0.6330449030519364,0.9247877013686941,0.0806830391644985
3349,0.6330843200545041,0.9248241719624544,0.08067813482811091
3350,0.6330644916996332,0.9248247983804505,0.08068186913834688
3351,0.6331253305181586,0.9248469920241771,0.0806757152087828
3352,0.633141312085481,0.9248499012169564,0.08067510691376713
3353,0.6331560916867088,0.924864235812818,0.08067695696987218
3354,0.633180205051072,0.9248917213435423,0.08067546221765506
3355,0.6331862663287376,0.9248815987361698,0.0806784858687965
3356,0.6331677769442621,0.9248904646644949,0.08068389276587579
3357,0.6330886832386243,0.9248749387215243,0.08069810139267383
3358,0.6330842054259481,0.924874915663193,0.08069973641820112
3359,0.6330915823424498,0.9248692663720627,0.0807081839120363
3360,0.6330811908580992,0.9248677944819246,0.08071308203937651
3361,0.6330888378501106,0.9248611805839413,0.08071513577350317
3362,0.6331079487337555,0.9248614342255839,0.08071706952766175
3363,0.6331262336742407,0.9248772368685283,0.08071601148182571
3364,0.6331244032031544,0.9248767257421879,0.08071925227594341
3365,0.6331188592364604,0.9248507121016017,0.08073240290246703
3366,0.633101467802494,0.9248402359331517,0.08073996849999572
3367,0.6331439276815503,0.9248181575810809,0.08074556445846084
3368,0.6331249909314964,0.9248196448434397,0.08075386278131289
3369,0.6330690690387882,0.9248062210516583,0.08076147970341449
3370,0.6331106069888163,0.9248103484929332,0.08075726000552337
3371,0.6331381677326448,0.9248324345311145,0.08075247824688925
3372,0.63310426689182,0.9248134613676378,0.0807703142515603
3373,0.633119971119021,0.9248196486864948,0.08076713765009784
3374,0.6331116408828613,0.9248103984526507,0.0807724967214643
3375,0.6330732222734541,0.9248167010631635,0.08077626108858216
3376,0.6331504094160066,0.9248326881727571,0.08076347597800737
3377,0.6331374004941132,0.9248496591044795,0.0807685885245791
3378,0.6331539056806912,0.9248464232520088,0.08077435698470826
3379,0.633184803387579,0.924876141597799,0.08077280544163401
3380,0.6331701599574475,0.9248817140278255,0.08077751211843319
3381,0.6331862699187688,0.9248735898091522,0.08078264217445047
3382,0.6331973255960031,0.9248728711578316,0.08077932321760913
3383,0.6331794104767027,0.9248658268376669,0.08078669326915253
3384,0.6330736608450664,0.9248801306890869,0.0808020133652367
3385,0.6329992370331523,0.9248457122867986,0.08081693708280281
3386,0.6329226176964968,0.9248254824442744,0.0808341178528444
3387,0.6329569402740162,0.924819571825391,0.08083894512648457
3388,0.6330112332349687,0.9248473148408131,0.08083390436051796
3389,0.6330097039002913,0.924858271391162,0.08083815348041282
3390,0.6330257964669905,0.9248588939661028,0.08084049943976648
3391,0.6330363595570133,0.9248614880283565,0.08083790589157672
3392,0.6330444140755731,0.9248665185876013,0.08084345687801626
3393,0.6330454147859149,0.9248671949653149,0.080840544578466
3394,0.6330734623096973,0.9248668452472925,0.08083850318524202
3395,0.6330479852632116,0.9248636555114842,0.08084698772746668
3396,0.6330233091952339,0.924856561231602,0.08085500009319008
3397,0.6330325394514564,0.9248544552373575,0.08085582719118375
3398,0.6330803995409389,0.9248453894701625,0.08085381757930106
3399,0.6331101557495146,0.9248463579200706,0.08085863167297827
3400,0.6331258495719079,0.9248518803903797,0.08085964455260003
3401,0.6331400370373318,0.9248391675638087,0.08086476188200235
3402,0.6331674455342996,0.9248381991139006,0.0808642736912114
3403,0.6330851694039,0.9248542861429291,0.08087814246564064
3404,0.6331249090192183,0.9248731593869709,0.0808812829993811
3405,0.6330944378069099,0.924864700822496,0.08089215554689859
3406,0.6330856098377753,0.9248644932975157,0.08089867612324135
3407,0.6331373508430691,0.9248737896480221,0.08089063566213003
3408,0.6331075682836852,0.924866068950144,0.08091921989201191
3409,0.6331126452658935,0.9248574758787375,0.08091871428653288
3410,0.6332207811469803,0.9248518381167726,0.08090644913514364
3411,0.6332319125675836,0.924824848340168,0.0809108670719209
3412,0.6332235264942394,0.9248281764259632,0.08091428361274611
3413,0.633249577030599,0.9248277191023955,0.08091324680042883
3414,0.6332591093367382,0.9248252749192941,0.08091216035041514
3415,0.6332803170807856,0.9248211282627433,0.08091779215484277
3416,0.6333306016100587,0.9248219429904437,0.08091481779448628
3417,0.6333250053721164,0.9248034156213691,0.0809184736661254
3418,0.6333215595418386,0.9247948609805144,0.08092255758610775
3419,0.6333788157845196,0.9247959024484712,0.0809222748639715
3420,0.6334015305388899,0.9247772982182928,0.08092403978273577
3421,0.6333800245238188,0.9247690779232397,0.08092898172098546
3422,0.6334319224740593,0.9247745658060521,0.08092462415916522
3423,0.6334234024029919,0.9247612534628713,0.08092680573650554
3424,0.6334476835603537,0.9247755650004017,0.08092307303867738
3425,0.6334888270955286,0.9248035693435768,0.08092051798338086
3426,0.6335130727417084,0.9247731016020244,0.08093362270844645
3427,0.6335285569683357,0.9247663531971094,0.080934750066777
3428,0.6335012947084391,0.9247740623658222,0.080940009991441
3429,0.6334927329109811,0.9247788200681483,0.08094331407668796
3430,0.6335372915824246,0.924793481323701,0.08093741542426802
3431,0.6335556934517153,0.9248015709548776,0.08093836070846294
3432,0.6335458106750312,0.9248152330160807,0.08094449656877302
3433,0.6335458106750312,0.9248152330160807,0.08094198435660376
3434,0.633546833598238,0.9248098450527032,0.08094501699388458
3435,0.633601149238045,0.9247897497171108,0.08095089618929543
3436,0.6336137566848892,0.9247958448026433,0.08094833379263232
3437,0.6336262271887098,0.9247990230092861,0.08094899009267578
3438,0.6336336447151509,0.9248380492347482,0.0809724304819529
3439,0.6336538468280077,0.9248392674832436,0.0809740341928326
3440,0.6336637538157406,0.9248481295685135,0.08097436980826271
3441,0.6336519078046146,0.9248405856511741,0.0809864806507995
3442,0.6336215595189781,0.9248382221722318,0.08099150274852221
3443,0.6336567193224893,0.9248351285128033,0.08099247611132364
3444,0.6336725081799311,0.924852168619519,0.08098881523800729
3445,0.6337187134704948,0.9248688782234884,0.0809905126739449
3446,0.6337145524964816,0.9248715991065635,0.08099199306649124
3447,0.6337107858120614,0.9248736320827594,0.08099498226289546
3448,0.6337777328442668,0.9249006948774127,0.08098672406306115
3449,0.6338060378483844,0.9249087729794236,0.08098592551685899
3450,0.6337881780689673,0.9249246601695822,0.08098896099910717
3451,0.6337991327936041,0.9249205096699762,0.08099120070296753
3452,0.6339217177536904,0.9249292833649767,0.0810000443444966
3453,0.6340013851925744,0.9249746967481658,0.08099336528375821
3454,0.633939119663596,0.9249690320848146,0.08100292307967746
3455,0.6340383378752746,0.9249874825927854,0.08099167402071475
3456,0.6340293744415677,0.924987090601156,0.08099669008536803
3457,0.6340759647991365,0.9249949727073522,0.0809895545519912
3458,0.634039624254982,0.9249925285242508,0.0809990402440373
3459,0.6340447780752287,0.9250025127816365,0.08100373442333589
3460,0.6340746054416441,0.9250015673900596,0.08100258074627172
3461,0.6340819228928928,0.9250167628302838,0.08100289136691564
3462,0.6340535709816968,0.9250144147235623,0.08101017996809134
3463,0.6340459191891604,0.9250456088025456,0.08101022581998422
3464,0.6340303118708073,0.925044771016514,0.08101668685361452
3465,0.6340911861409193,0.9250557045085317,0.0810098952896146
3466,0.6341022610898002,0.9250864066764506,0.08101013875985573
3467,0.6340413811413914,0.9250623837384532,0.08102785565113975
3468,0.6341179543736274,0.9250623798953981,0.08102204019303746
3469,0.6341319351097696,0.9250684865100961,0.08101794307258103
3470,0.6341230630007475,0.9250914871954128,0.08101811345547744
3471,0.6341619603682713,0.9250942080784879,0.08101651419267625
3472,0.6341734222334904,0.9251064827967671,0.08101455890918796
3473,0.6342372345738717,0.9251153986848096,0.08100781188816594
3474,0.6342657976101697,0.9251173317415706,0.08101135319273774
3475,0.6342775105107241,0.9251214015370176,0.08101336872195303
3476,0.6343062721739684,0.9251239379534435,0.08101151040054108
3477,0.6344474991349547,0.9251513812105607,0.08099897068737773
3478,0.6344691584365847,0.9251422270530963,0.08100207855308515
3479,0.634545281624183,0.9251691476547076,0.0809935224070716
3480,0.6345845127298217,0.925168371357559,0.08099801696567936
3481,0.6346095657630522,0.9251474151776038,0.08099922016470859
3482,0.6346108871571051,0.9251516117938722,0.0809988035503092
3483,0.6346584673247199,0.9251580373821511,0.08099405609165018
3484,0.6347295132587498,0.9251700354004566,0.0809856175844245
3485,0.6347047201725589,0.925166657354944,0.0809921544970162
3486,0.6347131718215551,0.9251546324352521,0.08099518401600661
3487,0.6347097977704207,0.9251501860203963,0.08099573715443335
3488,0.6347123436093619,0.925167364477099,0.08099475647135626
3489,0.634737802687256,0.9251744856583675,0.08099283609358279
3490,0.6347507049051098,0.9251757615526909,0.08099184311255943
3491,0.6347234024479093,0.9251652431106338,0.08099791147640277
3492,0.6346752776412972,0.9251505664828602,0.08100611803762744
3493,0.6346508046529657,0.9251332612053363,0.08103814050495667
3494,0.634630852289481,0.9251163748208281,0.08104487992726873
3495,0.6346049283790166,0.9251011909097695,0.08105352125334864
3496,0.634554569025716,0.9250844813058,0.08106725700509693
3497,0.6345710361397676,0.925073862944308,0.08107189518365461
3498,0.6345681979080838,0.9250654581826058,0.08107967390817583
3499,0.6346081876844173,0.9250397788878212,0.08109838634484692
3500,0.6345954957088478,0.9250302519540033,0.08110392964400356
3501,0.6346235646802754,0.9250075779283778,0.0811092883688291
3502,0.6346971256562303,0.9250037963620702,0.08111287060838064
3503,0.6347385667517582,0.9249776443714971,0.0811196120610303
3504,0.634708407625994,0.9249667569961417,0.08111559539783851
3505,0.6347275388136775,0.9249817449113856,0.08111165852650337
3506,0.6348258009202171,0.9249626064965357,0.08111962431035741
3507,0.634827571077589,0.9249682058279486,0.08112295023093473
3508,0.634846093664402,0.9249603467800835,0.08112752886234854
3509,0.6348714658826576,0.9249534638682368,0.08112845831727379
3510,0.6349398034789525,0.9249662420267462,0.08112324302531353
3511,0.6349656048446195,0.9249906338980418,0.0811175207849621
3512,0.6350373892142773,0.9249844004625225,0.08110140365686644
3513,0.6350209507690788,0.9249828978279429,0.08110171080473666
3514,0.6350696960501638,0.9249822022349533,0.08110895778704114
3515,0.6350633704383802,0.9249858915679364,0.08110956572856967
3516,0.6350906915952895,0.924982113844684,0.0811072779087625
3517,0.63512498031037,0.924976633647982,0.08110661225752895
3518,0.6351438051106316,0.9249824059168784,0.08110589319435398
3519,0.6351073738220959,0.9249841391347695,0.08111513528745065
3520,0.6351700662177692,0.9249743278148674,0.08110802418703245
3521,0.635156040132642,0.924969985162502,0.08110810184998643
3522,0.6351765587125578,0.9249751002689608,0.08110481695600162
3523,0.6352184672635147,0.9249786435658467,0.0810948933859372
3524,0.6351566796708713,0.9249597049898667,0.08110883423749199
3525,0.6351892076893736,0.9249723486414443,0.08110614448725798
3526,0.6352139775598663,0.9249841045472728,0.08110448241966467
3527,0.6351971296844109,0.9249631176228761,0.08112272041891871
3528,0.6352293457376637,0.9249756536689083,0.08112164600573765
3529,0.635212038128769,0.9249760648758137,0.08112599828890017
3530,0.6352144878446478,0.9249791700644079,0.08112288592093368
3531,0.6351700978043903,0.9249782208297758,0.08113202348326867
3532,0.6351741837065761,0.9249636863950443,0.08113863802862774
3533,0.6351777541944346,0.9249697007764178,0.08113988123500823
3534,0.635202210978237,0.9249218585823481,0.08120135457139674
3535,0.6352568558848954,0.9249536982946035,0.08119496045376218
3536,0.6352908873219799,0.9249388295140705,0.08119986142894559
3537,0.6353035857416187,0.9249208132713362,0.08120613767275751
3538,0.6353251241253117,0.92492159341154,0.08120801713167161
3539,0.6353226790335971,0.9249322502035839,0.08121219596538969
3540,0.6353050283068833,0.9249216856448645,0.08122108529804903
3541,0.6352857004117638,0.9249119319707905,0.08122793055019338
3542,0.6352968260810213,0.9249075009281554,0.08122972191042822
3543,0.6353608215701491,0.924907170425409,0.0812253586586124
3544,0.6354347191672832,0.9249249022820593,0.08119887054712832
3545,0.6354310675354246,0.9249045225603827,0.08121233818432738
3546,0.6353744503725494,0.9249390562543267,0.08122235061578356
3547,0.6353818940137878,0.9249160978426172,0.08123031363474868
3548,0.6353942710965577,0.9249327228993723,0.08123293764691683
3549,0.6354032148845067,0.9249352055130257,0.08123361181213022
3550,0.6354178461082656,0.9249525722794326,0.08123327500959347
3551,0.6354721153036842,0.9249619147466014,0.08122888105029707
3552,0.6354692953776884,0.9249462965703061,0.08122809639848168
3553,0.6354807154735499,0.924933137949333,0.08123157311168393
3554,0.6355176607637116,0.9249155060121178,0.0812361570358181
3555,0.6355007988208093,0.924901870852301,0.0812499945050266
3556,0.6356001831354288,0.9249356474643725,0.08123915703131915
3557,0.6356253246706047,0.9249424996317777,0.08123504476883811
3558,0.6356253246706047,0.9249424996317777,0.08123081118121347
3559,0.6356684358851079,0.9249339334617575,0.0812362400779901
3560,0.6356890481811603,0.9249325807063303,0.08122938953454764
3561,0.6356476991377293,0.9248983006540288,0.08123411051536594
3562,0.6356464823506,0.9248879320911242,0.08124189818653123
3563,0.6356297963448784,0.9248849229789098,0.0812462715719669
3564,0.6356315027228925,0.9248866523537457,0.08125216313003025
3565,0.6356407485052317,0.9248962254042258,0.08125433557633065
3566,0.6356545670189859,0.9248941078808157,0.08125616523497506
3567,0.6356561936603846,0.9248978279582404,0.08125550366878505
3568,0.6355975135259584,0.9248955682417882,0.08126550662839863
3569,0.6356270320649177,0.9248802690390738,0.08126801933215524
3570,0.6356388074392837,0.9248849998400136,0.08127194148804512
3571,0.6356837191695475,0.924889784443726,0.08126900696298016
3572,0.6357845737905372,0.9248932009197907,0.08126025735321805
3573,0.6357889179165127,0.9249127735998772,0.08125383147570096
3574,0.6357476469871833,0.9249087153335958,0.08126630403151665
3575,0.635785106543157,0.9249159710217959,0.08126361569706506
3576,0.6358354311351967,0.924927657752631,0.08126307309987248
3577,0.6359512609470537,0.9249670913419433,0.08124824285110623
3578,0.6359875198579834,0.9249868561747894,0.08124336695523915
3579,0.6359716392142238,0.9249706961277122,0.08125179572275792
3580,0.6359984785491299,0.9249842967000323,0.08124837008248333
3581,0.6360427300089326,0.924974842784263,0.08124698307231544
3582,0.6360701912656194,0.9249778711117533,0.08124881957636565
3583,0.6360343145121891,0.924972364013665,0.08125793982396257
3584,0.6360630092834205,0.9249438523872048,0.08126220353020165
3585,0.6360232493166648,0.9249260782569476,0.08127339973004531
3586,0.6360461769236196,0.9249314239467179,0.0812706650365463
3587,0.6360662671225422,0.9249198525075386,0.08126813735172948
3588,0.6361177935936115,0.9249370809239587,0.08126561513946894
3589,0.6361325884187442,0.9249570840262266,0.08126656481723035
3590,0.6361513751111274,0.9250191263092261,0.08129694195350212
3591,0.6361488370924314,0.9250208403118412,0.0813022977792527
3592,0.6361963256202476,0.9250300136845815,0.08129847640965962
3593,0.6361874257250488,0.9250322234413162,0.0813051612575578
3594,0.6361382806986591,0.9250084848894029,0.08131905549257688
3595,0.6361560397194708,0.925013200318122,0.08131604885607269
3596,0.6361167133391673,0.9250128083264925,0.08132209650208327
3597,0.6361032263055042,0.92503129342196,0.08132517057972316
3598,0.6361043875006883,0.9250410701543653,0.0813248794110362
3599,0.6361151983263145,0.9250415351640434,0.08132452087855677
3600,0.6361001176102403,0.9250402938572168,0.08132973837949618
3601,0.6361020225206478,0.9250319198399561,0.08133565692907212
3602,0.6361079353853357,0.9250233190824392,0.08133830523491595
3603,0.6360725918461575,0.9250214590437269,0.08134441022644777
3604,0.636125071868493,0.9250326346482216,0.0813435619847666
3605,0.6361925360087095,0.9250847772210498,0.081334213316461
3606,0.6363025867625499,0.9251077779063664,0.08133241322755258
3607,0.6362689236576676,0.9250973516976339,0.08134322499902481
3608,0.6362980047603674,0.9251082467590996,0.08134060088081764
3609,0.6362809678049519,0.9250991425613527,0.0813453419683505
3610,0.6362758906860951,0.9250831016489865,0.0813572773884636
3611,0.6362535186847711,0.9250828057337369,0.0813573127819832
3612,0.6362719959868296,0.9250844889919104,0.08135796348031933
3613,0.6362494532039907,0.9250838433586384,0.08136414502347285
3614,0.6362561012937105,0.9250730866471595,0.08137750602637693
3615,0.636213118301142,0.9250661691478161,0.0813879676530193
3616,0.6361978130949243,0.9250706808946101,0.08138935430738113
3617,0.6361878367332761,0.9250636634758318,0.08139542717076441
3618,0.6361371380262371,0.9250451668511986,0.08139182127017432
3619,0.6361581423619503,0.9250392062725978,0.08138918069174766
3620,0.636190156313105,0.9250425996903312,0.0813885279852849
3621,0.6362050167649134,0.9250604276233612,0.08139213363542892
3622,0.6362342292971627,0.9250484027036693,0.08139187435627616
3623,0.6362081916630102,0.9250502166257193,0.08139697818215512
3624,0.6362386516089665,0.9250259861627416,0.08140301957601707
3625,0.6362326190917099,0.92502414149625,0.08140514095867057
3626,0.6362349324643678,0.9250337529772821,0.08140848949674594
3627,0.6362591043373964,0.9250282458791937,0.08141042769595923
3628,0.6362692572542262,0.9250295640471242,0.08141309913969352
3629,0.636338996907166,0.9250480837300884,0.08140554950584564
3630,0.6363090111305203,0.9250280921569861,0.08141497557269035
3631,0.6362775823652336,0.9250036349537522,0.08142961902357464
3632,0.6362585678094427,0.925021359124292,0.08143285927310201
3633,0.6362543587396765,0.9250516078116984,0.0814365415798226
3634,0.6362027893142421,0.9250408587863298,0.08144730037147052
3635,0.6361973395249179,0.9250360165367895,0.08145125279855446
3636,0.6361873456169194,0.92504227303064,0.08145496041998661
3637,0.636214191296018,0.9250488561841818,0.08145427180294358
3638,0.6362453102876966,0.9250334147884254,0.08145151098641583
3639,0.6362467645494138,0.9250268162626628,0.08145647906834562
3640,0.6362784800598047,0.9250032160607364,0.0814665695166691
3641,0.6362701296370444,0.9249980164070633,0.08146922825155593
3642,0.6362428425282473,0.9250103295558945,0.08147840406784865
3643,0.6362445856866407,0.9250120819890615,0.08148293248621884
3644,0.6362352491555112,0.925011428669679,0.0814823341124612
3645,0.636236518496487,0.9250099414073202,0.08148445414250095
3646,0.6362768958955521,0.9250229270908098,0.08148259162852681
3647,0.6362989586773689,0.9250299906262504,0.08148417914622381
3648,0.6363026464632396,0.9250348098174596,0.08148878825609954
3649,0.6362928116809284,0.9250233997865982,0.08149148330180075
3650,0.6362934088514197,0.9250247602281357,0.08149195379064166
3651,0.6362858496020177,0.9250101604614661,0.08149822974254321
3652,0.6362858496020177,0.9250101604614661,0.08149361980048925
3653,0.6362356202082149,0.9249917406979368,0.081503983709397
3654,0.6362614078909333,0.9249729174136124,0.0815107199068657
3655,0.6362466558765489,0.9249699966916675,0.08151640319049655
3656,0.6362387691604091,0.9249610769605697,0.08152494345221595
3657,0.6362363273878335,0.9249570686540058,0.08151837068409608
3658,0.6362537587952488,0.9249568342276392,0.08151922556592653
3659,0.6362503650784549,0.9249771025007152,0.08153890896546234
3660,0.6361985949791903,0.9249823521141057,0.08154667361391373
3661,0.6361724851639173,0.9249726407136387,0.08155646121628049
3662,0.6362238059800758,0.9249898652870037,0.08155078817277656
3663,0.6361665144131508,0.924965957640662,0.08156255008559718
3664,0.6361552991122305,0.9249518075114497,0.08162455263908368
3665,0.63609644631123,0.9249460044981116,0.08163819907156596
3666,0.6360832932290642,0.9249272081151737,0.08164701794993086
3667,0.6360935366690871,0.9249241605724073,0.08165146729569485
3668,0.6361027937927954,0.924944017638578,0.0816526098372505
3669,0.6360780338393288,0.9249403359917052,0.08165613166891604
3670,0.6361206257885214,0.9249593975454514,0.08165034861442264
3671,0.6361223260812194,0.9249731787413654,0.08164927344295965
3672,0.6361467807494355,0.924972102685912,0.08164738114566489
3673,0.6361650793511997,0.9249686900529026,0.08164806124345247
3674,0.6362356975227176,0.924966703193369,0.08164603213422239
3675,0.636230087823143,0.9249686247209644,0.0816478562020054
3676,0.6362692060701501,0.9249641168172257,0.08164700925393735
3677,0.6362656392543362,0.9250219163672946,0.08166245303397211
3678,0.6362774344717788,0.9250072128381348,0.08167089265410243
3679,0.6362304503340172,0.9250009140706771,0.08167959902278052
3680,0.636260178656749,0.9250025934857955,0.08168227492558498
3681,0.6362259090452699,0.924989749995348,0.08169423828820689
3682,0.6363171616529885,0.9250225043547388,0.0816794558031025
3683,0.636360762764473,0.9250430032111262,0.08167799344531307
3684,0.6363926928071924,0.9250372693727816,0.08167390628765457
3685,0.6364572311823696,0.9250468693246482,0.0816679090998472
3686,0.6364759649494288,0.9250476609940175,0.08167906649390613
3687,0.6364965211616065,0.925062237702356,0.08168117110511484
3688,0.6364652335232991,0.9250423037750816,0.08168615826847957
3689,0.636487017393798,0.9250568343667578,0.08168904478061728
3690,0.6364806424776227,0.9250627718870275,0.08169434745741516
3691,0.6364806424776227,0.9250627718870275,0.08169021987314835
3692,0.6364822655232425,0.9250458778164089,0.08169726923667324
3693,0.6364504638341981,0.9250402900141615,0.08170064022118141
3694,0.6366208172599569,0.9250419963306663,0.08172388999544206
3695,0.6366213619192165,0.9250402554266649,0.08173368915614329
3696,0.6366043568964346,0.9250206058854745,0.08174209327263676
3697,0.6366390760969739,0.9250228809741474,0.08174653684075939
3698,0.6366286675941035,0.9249961602114062,0.081734775787437
3699,0.6366265973171491,0.9250024551358086,0.08173973733901656
3700,0.6366655481372802,0.9250132733361706,0.08173511972916957
3701,0.6365912387564199,0.9249960679780815,0.08174670273750147
3702,0.6365846604887607,0.9250016711525497,0.08175298752198555
3703,0.6365846604887607,0.9250016711525497,0.0817438788181457
3704,0.636618235477632,0.9250244220392789,0.08174010818227921
3705,0.6366899459077375,0.9250323195176959,0.08174645336922702
3706,0.6366697438432881,0.9250320505038326,0.0817521741292183
3707,0.6366535345803347,0.9250407550238396,0.08175901677730558
3708,0.6366557090308418,0.9250565576667841,0.08176043424282863
3709,0.6366303534490284,0.9250406551044047,0.08176893657332822
3710,0.6366016824696853,0.9250246449364801,0.08178738901665224
3711,0.6365562517095021,0.9250216588825968,0.0817914814660663
3712,0.6365757244907954,0.9250546515114094,0.08179025076485523
3713,0.6366391694392348,0.9250652775590119,0.0817856409446646
3714,0.6367055513624581,0.9250820793963058,0.08178013738628023
3715,0.6367236803302904,0.9251022592791125,0.08178267792578235
3716,0.6367514924467857,0.9250824406434938,0.08178364737572691
3717,0.6366683662376739,0.9250739743929085,0.08179445735509233
3718,0.6366625896479996,0.9250647587465611,0.08180098949286438
3719,0.6366744742058558,0.9250752041705695,0.08180221229370983
3720,0.6366983330263455,0.9250592823929142,0.08180494655755027
3721,0.6366502834932399,0.9250437449207781,0.0818212250573594
3722,0.6366447330236266,0.9250590133790509,0.08183833959902309
3723,0.6366680330584217,0.9250550089155422,0.081833463782201
3724,0.6366303309589368,0.9250517845922371,0.08184191279720615
3725,0.6366193824654123,0.9250437910374404,0.08184917598604634
3726,0.6366106930527038,0.9250440907957452,0.08185434535572376
3727,0.6366450883729122,0.9250459700497335,0.08185149436433257
3728,0.6365968817377533,0.9250270084154223,0.08186089081141133
3729,0.6366223508806869,0.9250441599707386,0.08185828627437317
3730,0.6366580094356965,0.9250567075459365,0.08185105711336098
3731,0.6366504653439178,0.9250765415537759,0.08185057275695622
3732,0.6366788458080881,0.9250821485712992,0.08185437435263544
3733,0.6366896382264212,0.9250756883955236,0.08185951318496643
3734,0.6366670531343739,0.9250642898938278,0.08186510460811289
3735,0.6366812918808133,0.9250552164405225,0.08187122823178264
3736,0.6367109930507728,0.9250478493037217,0.08187218240489776
3737,0.636683336131862,0.9250330189537407,0.0818820941621023
3738,0.6366467882550153,0.925016928081657,0.08188985954223517
3739,0.6366504281156885,0.9250272697431753,0.08188718735311867
3740,0.636696260177019,0.9250083811269127,0.0818874486441984
3741,0.6366865846466531,0.9250000993429767,0.0818865925569744
3742,0.6366568797867,0.9249692934125676,0.0819190572909485
3743,0.6366676893767691,0.9249421153262586,0.08192554511048152
3744,0.6366635510234037,0.9249465425258383,0.08192597212802055
3745,0.6366765606214061,0.9249538558598663,0.08192755092577121
3746,0.6366692607213545,0.9249420192498788,0.08193431325832946
3747,0.6366692607213545,0.9249420192498788,0.0820053691146059
3748,0.6366626096877671,0.9249387641821323,0.08201053005918182
3749,0.6366808690424182,0.9249499513157925,0.08201242446484998
3750,0.6366891451838154,0.9249507276129411,0.08201364333585369
3751,0.6366561451417295,0.9249445671954702,0.08202005691423932
3752,0.6366762783438012,0.9249306015329071,0.08201790919682737
3753,0.6366595948353073,0.9249245064473746,0.0820207766943888
3754,0.636664144029646,0.9249309166634327,0.0820232369896577
3755,0.6366948494221604,0.9249276116359687,0.08202039732188701
3756,0.6367046644016019,0.9249210976574204,0.08201731341705422
3757,0.636679086888775,0.9249214435323875,0.08202548060871857
3758,0.6366735117557619,0.9249221122239907,0.0820364199752151
3759,0.6366301354963255,0.9249216164698711,0.08204363729002867
3760,0.6365462562245312,0.9249141532566907,0.08205949967602721
3761,0.636589122217339,0.9249411238180194,0.08205813334744619
3762,0.636614056262104,0.924937853378052,0.08204994913083628
3763,0.6365951040981198,0.9249480182590316,0.08204920521247837
3764,0.6366296394189586,0.9249802345906957,0.08204807477679993
3765,0.6367056298994028,0.9249833589945657,0.0820429744719736
3766,0.6366904095169479,0.9249836011070428,0.08204750400999043
3767,0.6367079819685955,0.9249970479571552,0.08204861749137346
3768,0.63672835602982,0.9249796427601963,0.08205406272222442
3769,0.6366412915097258,0.924977340770137,0.08207246590783927
3770,0.6366740955531227,0.9249795428407613,0.08206986441750341
3771,0.6366929955080055,0.9249983968695272,0.08207157647535966
3772,0.6367178130537999,0.924993377839448,0.08207399108180835
3773,0.6366985923119631,0.924998008720953,0.08208095110605222
3774,0.6367305101682663,0.9249582561580597,0.08208896635252784
3775,0.6367192491721247,0.9249692242375742,0.08208968288669499
3776,0.6367634573097737,0.9249564422360097,0.08209017499518645
3777,0.6367449827671662,0.9249247985195691,0.08210368441695823
3778,0.6367521807360186,0.924926105158334,0.08210366736895974
3779,0.6368088890856053,0.9249332916715406,0.08209734846555922
3780,0.6367544437416887,0.9249096607251727,0.08211743099294318
3781,0.6367115109508109,0.9248810261209464,0.08214096007290472
3782,0.636746249673881,0.9248923054879312,0.08214120182527468
3783,0.6367025093340416,0.9248702617233571,0.08215600000198915
3784,0.6366697763244432,0.9248756650589552,0.082166095094138
3785,0.6366210392570095,0.9248848538039164,0.08217356645458497
3786,0.6366912987238003,0.9248600468826601,0.08222662497639924
3787,0.6366636708199647,0.9248456046812532,0.08221981794481606
3788,0.6366089822594221,0.9248446900341178,0.0822241652863343
3789,0.6366817864272961,0.924844271141102,0.08221994019444366
3790,0.6366835610604371,0.9248411121497352,0.08221696958865594
3791,0.6366810150416944,0.9248399553901228,0.08222238085932436
3792,0.6367443069563324,0.9248602620937507,0.08221998091690183
3793,0.6367532322246293,0.924857022398225,0.08221663983451573
3794,0.6367554804878692,0.9248484370129287,0.08222587795748987
3795,0.6367666229885789,0.9248483255643283,0.0822284995630278
3796,0.6367789409022051,0.9248469343783492,0.08223380506783542
3797,0.6367789409022051,0.9248469343783492,0.08222243467730303
3798,0.6367925219985185,0.9248416693927378,0.0822211371968294
3799,0.6368045135115741,0.9248360662182697,0.08222019457695058
3800,0.6368402513565177,0.9248423227121203,0.08221797338577261
3801,0.6368345030337899,0.9248405049470151,0.08221845264510964
3802,0.6367970870208438,0.9248367118515418,0.08222953226409123
3803,0.6368269935492633,0.9248457391881849,0.08222263356304821
3804,0.636787923279499,0.9248149909036036,0.08224114281970964
3805,0.6367723229278945,0.9247769062266633,0.08226352802769706
3806,0.6367144865197054,0.9247288411353926,0.08228432970122909
3807,0.6367387559217911,0.924742307200781,0.08228529021134465
3808,0.636695349192378,0.9247414963161357,0.08229648286478752
3809,0.636741020326238,0.9247464961309388,0.08230226716832376
3810,0.6367208104242609,0.9247438905395196,0.08230949293102355
3811,0.636913127238407,0.9247768908544425,0.08239098748241838
3812,0.636904841198651,0.924768578326065,0.08240675717126579
3813,0.6369975791084581,0.9247626408057952,0.08238634360610794
3814,0.6369994772837262,0.9247735473964266,0.08238272187570427
3815,0.6369994772837262,0.9247735473964266,0.08238278966857691
3816,0.6370310393659906,0.9247638590542907,0.08238510523107422
3817,0.6369563133182762,0.9247515420624043,0.08239700188471155
3818,0.6369217850759967,0.9247264430689535,0.08241644359405155
3819,0.6369220591978876,0.9247019320629469,0.08242294455735637
3820,0.6368842435094956,0.9246873015518356,0.08242883077061806
3821,0.6369017471467168,0.9247075275513046,0.08242136613668621
3822,0.6369255925803647,0.924719279614078,0.08241774398924505
3823,0.6369150238108839,0.9247428106410109,0.08241947230702582
3824,0.6369526577179355,0.9247912523516904,0.08241720235952726
3825,0.6369796914924551,0.9247982697704686,0.08241755934280565
3826,0.6370144964310942,0.9248092916527557,0.08242392908581489
3827,0.636988585365064,0.9247952030124265,0.08243778840194434
3828,0.6369436645760436,0.9247855454147321,0.0824454921498507
3829,0.6369497124494253,0.9247904914267626,0.08244033030256319
3830,0.6369330095471888,0.924764570019501,0.08245277023477712
3831,0.6369175745283981,0.9247747733310324,0.08245797929007867
3832,0.6369286475899204,0.9247741661283123,0.08245643450970325
3833,0.6369519606893199,0.9247779899682271,0.0824582650215619
3834,0.636933602155203,0.9247680249261174,0.08246398798007241
3835,0.6369243118580479,0.9247695275606971,0.08246848153564934
3836,0.6368649559333864,0.9247724098520901,0.08247854659523612
3837,0.636865638544512,0.9247666567984696,0.08248168153295078
3838,0.6368483502654134,0.924757902318745,0.08248727982261331
3839,0.6368578612678385,0.9247657844249413,0.08248681657023235
3840,0.6368726958529599,0.924782340306703,0.0824956878357409
3841,0.636868093079027,0.9247716335549415,0.08249928870565691
3842,0.6368405296091911,0.9247897305018349,0.08250127574318919
3843,0.6368378243401036,0.92478177537759,0.08250655075440659
3844,0.636844084236103,0.924775069246282,0.0825120841974308
3845,0.6368110150240358,0.9247599429810514,0.0825207298505604
3846,0.6368243696650543,0.9247534213163926,0.08251980174438005
3847,0.6367151533798135,0.9247146026159108,0.0825482102499552
3848,0.6366807176631977,0.9247091839080919,0.08255115540870606
3849,0.6366723891352682,0.9247225884845972,0.08255268548821172
3850,0.63668392084841,0.9247218659902213,0.08255471514609951
3851,0.6366951552540421,0.9247220965735328,0.08254799548401745
3852,0.6366815070205946,0.9247139800409699,0.08255483045094181
3853,0.6366982703086309,0.9247171774628886,0.08255038237851728
3854,0.6367298147459831,0.9247086881539722,0.08255555608269358
3855,0.6367478814225943,0.924706286244478,0.08255543115849137
3856,0.6367569196958327,0.924702781378144,0.08255437005264492
3857,0.6367100265033135,0.9246939692525916,0.08256707231380737
3858,0.636730640914288,0.9246822479342598,0.08257311882461527
3859,0.6367152229427505,0.9246886696794836,0.08257658088030284
3860,0.6366921265255936,0.9246660071830237,0.08258264068055901
3861,0.6367064982421603,0.924677536348596,0.08258233886054686
3862,0.6366961472952489,0.9246653115900342,0.08259019638992432
3863,0.636703121791321,0.9246647812484179,0.08258633520771533
3864,0.6366960150037739,0.9246720215643972,0.08258645603289241
3865,0.6366937732640319,0.9246662608246663,0.08259928256418674
3866,0.6366672055839476,0.9246651232803298,0.08260641931979641
3867,0.636842999784157,0.9246956794121515,0.08260784655482856
3868,0.6368009399026268,0.9246859795408501,0.08261730222056521
3869,0.6368062236014536,0.9247108479509895,0.08261640017343995
3870,0.6368052212262493,0.9247046644751875,0.08261335091378892
3871,0.636797726336196,0.9247036844961138,0.08261422632648142
3872,0.6367621363156716,0.9247219313221595,0.08261956884204646
3873,0.6367877909540363,0.9247202826514828,0.08261891842104388
3874,0.6367961601907568,0.9247292792436843,0.08262205031639026
3875,0.6368438946851762,0.9247309010129747,0.08262509679799715
3876,0.6367993847160685,0.9247227806373567,0.08263453512124405
3877,0.6367825341680771,0.9247246906357866,0.08263980592232592
3878,0.6368489760001963,0.9247061978542086,0.0826227523221752
3879,0.6368410073744245,0.9246930277040699,0.08262372089365619
3880,0.6368098086462916,0.9247142336826125,0.08270053327554991
3881,0.6368219611715671,0.9247097603663704,0.08269664515121586
3882,0.6368206162684857,0.9247015246990966,0.08270040596898229
3883,0.636777616921508,0.9246879510281629,0.0827170757875344
3884,0.6367643134080114,0.9247034385405817,0.08272432900352349
3885,0.6366848991131167,0.9247142951714955,0.08275794912143264
3886,0.63670450327365,0.924712531209163,0.08276805636480442
3887,0.6367689026992751,0.9246912675847926,0.0827948307726766
3888,0.6367670949132328,0.9246888964197398,0.08279936215153068
3889,0.6368499824342014,0.9246951721288663,0.0827968697346262
3890,0.6366480853815278,0.9245898262999774,0.08285156445302169
3891,0.6366089249703529,0.9245872706682755,0.0828573091063412
3892,0.6365405085438742,0.9245766868942802,0.08286829180897337
3893,0.6365598805333199,0.9245895611291692,0.08286542717805258
3894,0.6365683475927231,0.9245890961194911,0.08286707655913908
3895,0.6365789239200604,0.9245869132641428,0.08286909446408804
3896,0.6365548765271618,0.924573297319602,0.08287936824099547
3897,0.6366157172462867,0.9245918246886766,0.08287157907880009
3898,0.6366230306506018,0.9245826167284396,0.08287408672576231
3899,0.6366510589644274,0.9245712874017372,0.08288679795036655
3900,0.6366639415166565,0.9245733242209883,0.08288819686220808
3901,0.6366718038188522,0.9245816867090834,0.08288695521844952
3902,0.6367082986527208,0.9245939575843075,0.0828892787333915
3903,0.6366709098955727,0.9245820402701609,0.08289931915549882
3904,0.6366792114810159,0.924584841857395,0.08290614547197622
3905,0.6367254078480858,0.9245855528226052,0.08291776928999332
3906,0.6367498521449356,0.9246055213373764,0.08291535443755715
3907,0.6367963280540172,0.9245816098479795,0.08292884523848079
3908,0.636778579267536,0.9245979889492025,0.08292724079293902
3909,0.6367775274014909,0.9246152250517331,0.08292794120367976
3910,0.6367853984628838,0.9246377684134821,0.0829295542917935
3911,0.6367870060493324,0.9246344249554661,0.08293386538908301
3912,0.6368592564293017,0.9246628789360984,0.08292422184613471
3913,0.6368643309688721,0.9246837544118947,0.08292688289029607
3914,0.6369094315333871,0.9247370883318319,0.08292528256828265
3915,0.6368946189418049,0.9247341868251628,0.08292420033239781
3916,0.636906026378178,0.9247286259243018,0.08292522924896154
3917,0.6369574467350252,0.9247339062821339,0.0829208490761669
3918,0.63696709654386,0.9247422188105116,0.08292158353424196
3919,0.6369580187941297,0.9247411850286652,0.08292570825218341
3920,0.6369574711890705,0.9247448090297101,0.08292599003771882
3921,0.6369558271214477,0.9247661533582395,0.08292997198975037
3922,0.6369871893722625,0.9247680825719453,0.08293381628597746
3923,0.6370293583629238,0.9247655692138506,0.08293436708321673
3924,0.6370328205778605,0.9247769830877671,0.08293529320166206
3925,0.6370953516010459,0.9247781129459932,0.08292741060432081
3926,0.6370476998479102,0.9247656614471751,0.08294037792070881
3927,0.6370646810092623,0.9247893961560333,0.08294482518003553
3928,0.637078397436288,0.9247796424819591,0.08294905353135418
3929,0.6372409887861834,0.9248091648319344,0.08293517987399644
3930,0.6372993860183352,0.9248160938604434,0.08292717576848792
3931,0.6373170907576313,0.9248174312436498,0.08292649733358023
3932,0.6373243651340766,0.9248272809941037,0.08292589517322967
3933,0.6373569211598672,0.9248497282794729,0.0829302685174023
3934,0.6373650412478915,0.9248690780623583,0.08292339014209767
3935,0.6374266309062064,0.9248532638902484,0.08292868776733166
3936,0.6374705234013751,0.9248598739451764,0.08292301107321899
3937,0.6375034955672869,0.9248595126979885,0.08292090231135212
3938,0.6375155101571821,0.924866553175098,0.08291536203687086
3939,0.6375320248843865,0.9248828361999413,0.08291215638830345
3940,0.6375391806753125,0.9248855455538507,0.08291375406579969
3941,0.6375590910990016,0.9248687321873912,0.08291926711204631
3942,0.637595319524343,0.9248560923788688,0.08292453464442891
3943,0.6376607218211497,0.9248756381575689,0.08291699402981716
3944,0.6376421120557997,0.9248676369166617,0.0829255106588119
3945,0.6376295166304873,0.9248773944337911,0.08292677265203491
3946,0.637672210907877,0.9248700080817145,0.08292246695997577
3947,0.6377332825142702,0.9248788701669843,0.08291821286079856
3948,0.6377390263915753,0.9248499511766739,0.08292884914131542
3949,0.63769007101814,0.9248230497903387,0.08294425084996018
3950,0.6376683265583529,0.9248243525860483,0.08294499015608864
3951,0.6376948446533282,0.924823357234754,0.0829424628673895
3952,0.6377237424089617,0.9248134805829137,0.08295053521159802
3953,0.6377105889512665,0.9247958294304226,0.08295624854964885
3954,0.637702120354904,0.9247837276496269,0.08296171251265053
3955,0.6376646242254338,0.924783931331552,0.08296834333860865
3956,0.6376919367716839,0.9247691163537917,0.08297708763026887
3957,0.6376934252072353,0.9247639705028912,0.0829827349759543
3958,0.6377157189962841,0.9247742314602505,0.08298582531438424
3959,0.6377026901637518,0.9247891348282803,0.08299970731118261
3960,0.6376513784839674,0.9247483984432583,0.08303848911735275
3961,0.63769006448252,0.9247484791474173,0.08304313312400857
3962,0.6377211929948807,0.9247519647984753,0.08304257907954325
3963,0.6377072668583944,0.924750669688876,0.08305905998434558
3964,0.6377511297086343,0.9247622987738833,0.08305596446088316
3965,0.6377373456954881,0.9247536442135936,0.08306415398655521
3966,0.6377196939806556,0.9247619798003024,0.08306751329047347
3967,0.6377244943244695,0.9247423456313328,0.08308507727914653
3968,0.6377197194937168,0.9247322768267331,0.08309545083915909
3969,0.637732507095131,0.9247283492243281,0.083091118527105
3970,0.6377155238919034,0.9247033655225331,0.0830985761874413
3971,0.6377105285499652,0.9247014632102136,0.08309706936977353
3972,0.6377201745817604,0.9246848688978999,0.08310531362627573
3973,0.6377286149024921,0.9246817521801403,0.08310517716985658
3974,0.637715637147601,0.924673727880902,0.08311884983697473
3975,0.637781626111356,0.9247192873001884,0.08311800343920459
3976,0.6378077814768228,0.9247170083684602,0.08311852946819982
3977,0.6377530876352513,0.9247197330945904,0.08312248014853998
3978,0.6377602592022568,0.9247222118651884,0.08312541055508252
3979,0.6379473844477204,0.924700948240818,0.0831721337845422
3980,0.637961440173938,0.9246960252871187,0.083176116681303
3981,0.6379100989731257,0.9246877973059553,0.08318944639039526
3982,0.6378840829498887,0.9246839350354886,0.08318773023660787
3983,0.6379168807588311,0.9246889271641814,0.08319255135393315
3984,0.6378874960730296,0.9246755379598968,0.08320025150929518
3985,0.6378688148578728,0.9246768253833857,0.08320037058386855
3986,0.6378508776985409,0.9246809566677158,0.08321274356010955
3987,0.6378690925014784,0.9246781781388128,0.08320193912584875
3988,0.6378690925014784,0.9246781781388128,0.08319657987761991
3989,0.6378788500400551,0.9246516610579967,0.08320165351617466
3990,0.6378701828236173,0.9246336102277657,0.08321219027436505
3991,0.6378413552356177,0.9246313543543687,0.08321852509751192
3992,0.6378307277553482,0.924625216995229,0.08322726147275106
3993,0.6378437135056063,0.9246210319081263,0.08322972426811466
3994,0.6378387943139515,0.9246072161247155,0.08323363911062041
3995,0.6378274300104437,0.9246010633933551,0.08323895042992323
3996,0.6378296723258186,0.9246042108555564,0.0832377003892096
3997,0.6378232965449075,0.9246194216680014,0.08325939735834505
3998,0.6378761400195618,0.9246208704998083,0.08325807251558756
3999,0.6378149485823172,0.9246120007284281,0.08328683448058188
4000,0.6378377075989644,0.9246338715555187,0.08328645287949181
4001,0.6379050286333644,0.9246359391192113,0.08328102268761721
4002,0.6378913685222561,0.9246417805631012,0.08328713334461112
4003,0.6378474252777109,0.9246481485055523,0.08329264988516975
4004,0.6378857036668629,0.9246533750606117,0.08329519178590493
4005,0.6379098215226335,0.9246493475387718,0.0833055393028264
4006,0.6379375268084955,0.9246611188168211,0.08330122106070996
4007,0.6378761985409306,0.9246382257370498,0.08331528372348784
4008,0.6378811764239978,0.9246401318924243,0.08332265598891986
4009,0.6378932202198034,0.9246705996339767,0.08332849443723835
4010,0.6378897682881807,0.9246596584558486,0.08333404163287021
4011,0.6379196615413335,0.9246778860666184,0.08332748091418084
4012,0.6379330586756997,0.9246824285578538,0.08333055896760302
4013,0.6379535261619379,0.9246931237804497,0.0833254305664628
4014,0.6379203192991932,0.9246785624443319,0.08333468162740386
4015,0.637891310274769,0.924664200947084,0.08334141469876312
4016,0.6379509594202424,0.9246723136365917,0.0833348695311809
4017,0.6379380337558672,0.9246639434623862,0.08337225019683916
4018,0.6379383135877751,0.924657129725533,0.08337487906617495
4019,0.6379310527720623,0.9246512690663672,0.08337818434042898
4020,0.6379430751822319,0.9246474913431146,0.0833828077902107
4021,0.6379424991852046,0.9246474490695076,0.08337629404104849
4022,0.6378990221677595,0.9246105403674556,0.0833906462454112
4023,0.6379409147122262,0.9245995799740515,0.083398156153317
4024,0.6379470699866379,0.9246029810778954,0.08339645105754266
4025,0.6379572668025013,0.9246010326489137,0.08343292129847886
4026,0.6380041167060921,0.9246055674540388,0.08343131038019526
4027,0.6380072892807713,0.9245947185092352,0.0834384473261302
4028,0.6380047997627902,0.9245889039667317,0.08344474930209647
4029,0.6380436607081803,0.9246062092442556,0.08344253380923454
4030,0.6380648172077236,0.924611716342344,0.08344224322187868
4031,0.6380655895940682,0.9246003562712001,0.08344967476333125
4032,0.6380161241741134,0.9245872860404963,0.08345491429174154
4033,0.6380499463853968,0.9245944264370407,0.08345427010254959
4034,0.6380584340039992,0.9245825744548325,0.08346405654367865
4035,0.6380805556842457,0.9245934618301879,0.08346219237334018
4036,0.6380805556842457,0.9245934618301879,0.0834694693235483
4037,0.6380447911120568,0.9246110976104582,0.08347744078314907
4038,0.6380363453965205,0.924604645120793,0.08348383835680087
4039,0.6380757692882943,0.9246040955639007,0.08348050655524614
4040,0.6380857263922686,0.9245855220781638,0.08348588340036324
4041,0.6380649232792039,0.9245911521540182,0.08348889239715727
4042,0.638058536066357,0.9245816329063107,0.08349738745192091
4043,0.6380581468823547,0.9245835967075132,0.08350073783813351
4044,0.6380338742564591,0.9245644198621114,0.0835092299651649
4045,0.6380750591834689,0.9245687471422561,0.08350675511738212
4046,0.6379714152741626,0.9244958597575083,0.08351786042295595
4047,0.6379714152741626,0.9244958597575083,0.08351558344723915
4048,0.6379718361769061,0.9244982040211747,0.0835182861983092
4049,0.6379488416040686,0.9244864404292358,0.08352468304727793
4050,0.637893350989328,0.9244684241865015,0.08353643310636076
4051,0.6379207106559004,0.9244836734294984,0.08353556176547264
4052,0.6379383631931727,0.9244815559060883,0.08353465211333802
4053,0.6378919761544135,0.9244754761927765,0.08354447987579093
4054,0.6378806824211446,0.9244812715200041,0.08354442743165501
4055,0.6378447319331045,0.9244691428378222,0.08355830605619223
4056,0.6378082410832898,0.9244596005317836,0.083576677115824
4057,0.6378348632139187,0.9244572677972828,0.08357824640822321
4058,0.6378194633542696,0.9244631130842279,0.08358143306236111
4059,0.6377704116617182,0.9244626980342673,0.0835908958548153
4060,0.637776052305578,0.9244932272647026,0.08360757313396357
4061,0.6378027102772703,0.9245015628514114,0.0836054884365246
4062,0.6377577857171324,0.9244979964961944,0.08361406221080238
4063,0.6377692183581334,0.9244845073724748,0.08362616939834422
4064,0.6377469413354288,0.9244735585082363,0.08361184076517211
4065,0.6377537525742474,0.9244703726154833,0.08360862761073774
4066,0.6377072641287622,0.9244559496293523,0.08362146154739751
4067,0.6376569959983812,0.9244359273118085,0.08363718232435449
4068,0.6376497333108451,0.9244326799301723,0.08364341552999154
4069,0.637686974969712,0.9244464957135831,0.08364166625999202
4070,0.6377134493059599,0.9244493395744242,0.08363997020689769
4071,0.6377461145349214,0.9244484633578407,0.08363196195813472
4072,0.6377493101221711,0.9244686048100955,0.0836347451086561
4073,0.6376999487889801,0.9244520373991681,0.08365365586918704
4074,0.6376955976079192,0.9244698422738669,0.08366040248733628
4075,0.637645400756363,0.9244400624391937,0.0836848642338873
4076,0.6376320486131791,0.9244327721634968,0.08369643503730538
4077,0.6376509922878839,0.9244573254431107,0.08369636772631199
4078,0.6376187516720491,0.9244767597732102,0.08370041897484846
4079,0.6376436222793774,0.9244789695299449,0.08369995107670986
4080,0.6376310476356463,0.9244769019662523,0.08369943066760482
4081,0.6376411957309924,0.9244694694975134,0.0836984387209442
4082,0.637695282318192,0.9244745192720341,0.08370251969900003
4083,0.637690077289879,0.9244748228733941,0.08370624658292597
4084,0.6376222031625037,0.9244516684658698,0.0837234378818374
4085,0.6376635932672663,0.9244575406542013,0.08372106142579971
4086,0.6376819493711121,0.9244587781179727,0.0837221712521257
4087,0.6377356841968123,0.9244656764020401,0.08371741099690673
4088,0.6377709033459945,0.9244704994363045,0.08371667471820626
4089,0.6377666951654268,0.9244791616827045,0.08372239212704714
4090,0.6377937249075788,0.9244954562367133,0.08371608095306542
4091,0.6378266309032843,0.9244988227530604,0.08371826423956294
4092,0.6378046857612658,0.9245148021765435,0.08371304276238087
4093,0.6378309520637884,0.9245191755733506,0.08374122380361146
4094,0.6378531575859336,0.9245303319625694,0.08373899785711374
4095,0.637868442589264,0.9245167582916356,0.08375207687429058
4096,0.6378656233223915,0.9245167083319181,0.08375685389236007
4097,0.6379623686270681,0.9245387021367748,0.08374186131333662
4098,0.6380098343603873,0.9245502005579056,0.0837406332057426
4099,0.637987243378234,0.9245256549644022,0.0837323558598128
4100,0.6379970798477712,0.9245360158411965,0.08373516122850544
4101,0.6380208963239042,0.9245359620384238,0.08373318402072988
4102,0.6380821754802352,0.9245419994781284,0.0837450687954685
4103,0.6380978790800058,0.9245374031841204,0.0837436746339937
4104,0.6381163631519501,0.9245445397376095,0.08373963684771003
4105,0.6380681409428804,0.9245317462068795,0.0837580396095126
4106,0.6380595331984072,0.9245405160588248,0.08376114196193303
4107,0.6380447668317254,0.9245462767985558,0.08377004739814613
4108,0.6380102399589974,0.9245284680808018,0.0837828837737473
4109,0.6380547883651924,0.9245332642136799,0.08377473724954441
4110,0.6380069283715417,0.9245201440232587,0.0837850657893564
4111,0.6380184071722513,0.9245144178710244,0.08378826009498067
4112,0.6380054225500806,0.9244938805840851,0.08379740485794569
4113,0.6379706603040733,0.9244812215602867,0.08380242023558607
4114,0.6379993406557538,0.9244932656952546,0.08379833913902282
4115,0.6380159524717764,0.9244996682252024,0.08379304808663726
4116,0.6379750159584011,0.9245008057695387,0.08379823389842476
4117,0.6379898038444661,0.9244897185553135,0.08380508966531129
4118,0.6379526243063235,0.9244545161697661,0.08380647702456535
4119,0.6379507440678307,0.9244545776586492,0.08381009684850518
4120,0.6379507440678307,0.9244545776586492,0.08380343832907491
4121,0.6379791804216999,0.924458743530476,0.08380248145794335
4122,0.6379887647480852,0.924463378255036,0.08380409868023021
4123,0.6379896021280048,0.924461906364898,0.08381296902353631
4124,0.6379684067781124,0.9244563762084785,0.0838236432441
4125,0.6379392284912024,0.9244446548901467,0.08383482532631206
4126,0.637991200730337,0.9244672405255028,0.08383024754386653
4127,0.6379777676031237,0.9244601616178414,0.08383420468623401
4128,0.6379841268880916,0.924458197816639,0.08383649253446056
4129,0.6379847309494958,0.9244657033034265,0.0838397355410171
4130,0.6379684712956356,0.924465534208998,0.08384184960412448
4131,0.6380039267323532,0.9244818556643932,0.08384224802571848
4132,0.6379837784902409,0.9244761141399382,0.08384471201996738
4133,0.6379864545736132,0.9244771018051222,0.08384503425121878
4134,0.6379564688122641,0.9244643313327233,0.08385745636778263
4135,0.6379874006593652,0.9244799764104049,0.08385827603985449
4136,0.6379605382578626,0.9244665718338996,0.08386735991413649
4137,0.6379195591412047,0.9244595621012316,0.08387585094508922
4138,0.6379032806603179,0.9244611569691358,0.08388509689647347
4139,0.6378948628676948,0.9244542855864547,0.08388774720514967
4140,0.6379503274580186,0.9244564915001342,0.08387395784312576
4141,0.6379627015621337,0.9244681359573622,0.08387260065208292
4142,0.6379877334936301,0.9244708260959957,0.08387209966696474
4143,0.6380079360982981,0.9244641045924671,0.08387659720202557
4144,0.638031601477436,0.9244615720190964,0.08387268753598195
4145,0.6380766885661845,0.9244723172014098,0.08387455713336421
4146,0.6380702235247605,0.9244712104015148,0.08387533861516171
4147,0.638049550745803,0.9244665257172373,0.08388197478086572
4148,0.6380919214542095,0.9244536361101274,0.0838981837062494
4149,0.638144639357053,0.9244552309780316,0.08389367814085026
4150,0.6381311303195807,0.9244531057685111,0.08390270320119145
4151,0.6381437611427085,0.9244405043905407,0.08390596772907209
4152,0.6381763107955953,0.9244322764093773,0.08390680800488168
4153,0.6381343131369107,0.9244138451166825,0.08392206370709328
4154,0.6380913294270155,0.9244201592563608,0.08393662297117309
4155,0.6381546915349937,0.9244379871893907,0.08393295930948172
4156,0.6383056816524503,0.9244168196414001,0.08395347663484672
4157,0.6382655391899427,0.9243894724606626,0.08397007534075202
4158,0.6382562399201215,0.9243912979118782,0.08397014434641932
4159,0.6382108679004584,0.9244021622289025,0.08397815997733259
4160,0.6382202308317636,0.9244271382445872,0.08398462052775643
4161,0.6382202308317636,0.9244271382445872,0.08397529088094928
4162,0.638227874326506,0.9244243481865188,0.08398100171553868
4163,0.6382058540854278,0.9244097368906835,0.08399333093371303
4164,0.6382445180430798,0.9244217579673202,0.08398335780298496
4165,0.6382173654062183,0.9244288753055334,0.08398462468087337
4166,0.6382377847131891,0.9244610954802527,0.08397908718351133
4167,0.6382716364229449,0.9244733663554768,0.08397816905903394
4168,0.6382673446330286,0.9244702650099379,0.08397782023224543
4169,0.6383041402981072,0.9244788888257859,0.08397359779064177
4170,0.6383574825768485,0.9244763331940841,0.08397351715389792
4171,0.6384129064111512,0.9244709375445963,0.08396976419672476
4172,0.6383961562488772,0.9244804875367453,0.08397968482171414
4173,0.6384150227669821,0.9244673327588273,0.08398268161599563
4174,0.6384200267508943,0.9244640546327496,0.08398069377402499
4175,0.6384273648040578,0.9244428140667104,0.08398943346826811
4176,0.6384147022386516,0.9244473757732218,0.08399416778608103
4177,0.6383943582197833,0.9244308967525638,0.08400512273072033
4178,0.6384025432095517,0.924409122001853,0.08401168956047873
4179,0.6384300832944517,0.9243967358349732,0.08401721769087882
4180,0.6384152903070309,0.9243966128572071,0.08402558138570963
4181,0.6383907779477725,0.9243912248938296,0.08402689561873718
4182,0.63826675434622,0.9244549734933338,0.0840570554431081
4183,0.6382792773323248,0.9244694887127893,0.08405763613585573
4184,0.638279644990158,0.9244644812118757,0.08405970827935666
4185,0.6382780214295415,0.9244564607556927,0.08406670303829919
4186,0.6382588955505746,0.9244869208111346,0.08407143614291719
4187,0.6382197085415874,0.9244674134629863,0.08408436566658631
4188,0.6382218451303899,0.9244918360787235,0.08408211627784613
4189,0.6382136914520428,0.9244912865218313,0.08408401624006832
4190,0.6382338964155928,0.9244732049471588,0.08406942043519057
4191,0.6382519905620024,0.9244808756853196,0.08407034434710026
4192,0.6382294060975098,0.9244671905657853,0.08408527161071055
4193,0.6382504248739381,0.9244557267321513,0.08408776205241092
4194,0.638270130038168,0.9244416419348771,0.08409222433886378
4195,0.6382784582421002,0.9244613683371713,0.08409046169587171
4196,0.6383062705058825,0.9244669715116394,0.08408789097058288
4197,0.6383404099849261,0.9244828164281909,0.08408469987781082
4198,0.6383185367453077,0.924466983040805,0.08409714799160332
4199,0.6383214055835816,0.9244457463178208,0.08410343436924562
4200,0.6383588515448189,0.924430135827636,0.08410830940013872
4201,0.6383647230911075,0.9244265617863087,0.08411039924687057
4202,0.6383117410680709,0.9244715140028749,0.08408947292470156
4203,0.6382540728877223,0.924474215670674,0.08409578408246142
4204,0.6382881892783847,0.9244847610141174,0.08409187711885227
4205,0.6382417612366739,0.9244685125767709,0.08410737886525893
4206,0.6382414168968222,0.9244705570821323,0.08410692912395892
4207,0.6382767295298154,0.9244951411061876,0.08410317681236633
4208,0.6382957181410773,0.9245003484459711,0.08410409284197912
4209,0.6382982454591245,0.9244861483570412,0.08411108838464407
4210,0.6383159736952321,0.9244737967776582,0.08412132376077615
4211,0.638292689287873,0.9244598618595365,0.08412804544027384
4212,0.6382492968128118,0.9244464073233136,0.08414358154118583
4213,0.6382615685527173,0.9244475333384846,0.08413741549844944
4214,0.6383022694474279,0.9244532056879461,0.08413524626297277
4215,0.6383094594608781,0.9244420300834514,0.08413932128597988
4216,0.6383046183036029,0.9244432368027813,0.08414719821225469
4217,0.6383046183036029,0.9244432368027813,0.08414079048757449
4218,0.6382896930072751,0.9244381293824327,0.08415254487843501
4219,0.6382761421910974,0.9244407272877417,0.08415049823501676
4220,0.6382569029460493,0.9244104786003353,0.08416346167333513
4221,0.6383060058005512,0.9244168196414001,0.08419914469383717
4222,0.6383255046294457,0.9244113894044155,0.08420261280798676
4223,0.6383098143364311,0.9244098521823392,0.08420627488427383
4224,0.6382788721082163,0.9244126230251317,0.0842148707303046
4225,0.6383142035377618,0.9244330488634707,0.08420601550629965
4226,0.6383152611124613,0.9244164660803225,0.08420875356313005
4227,0.6383480990194874,0.9244106438517086,0.08420937323664825
4228,0.6383238471939827,0.9243997833777394,0.08421933911066637
4229,0.6383379964558503,0.924406120575749,0.08421823590789308
4230,0.6383605428475609,0.9244024619872074,0.08421947749371757
4231,0.6383427142777904,0.924413975780559,0.08421841011569532
4232,0.6383924662377404,0.924480260796489,0.08425364498121872
4233,0.6383849814492668,0.9244694425961271,0.08425399996552703
4234,0.6383917307920997,0.924483362142028,0.08425497642199388
4235,0.6383539158851274,0.9244750150261536,0.0842616172848802
4236,0.6383803327864978,0.9244697039238801,0.08426167001423793
4237,0.6383619153257349,0.9244491627938854,0.08427299667868805
4238,0.6383473983843239,0.9244350049785627,0.08428477079911893
4239,0.6383597573307913,0.9244354699882408,0.08428595235656644
4240,0.638366578267846,0.9244500351674138,0.08428974761390294
4241,0.6383544503433716,0.924442706461165,0.08430080146230037
4242,0.6383290732655341,0.9244283488069723,0.08430931133961038
4243,0.6383184973875234,0.9243952178281728,0.0843190556884708
4244,0.6383047015039789,0.9244044142592444,0.08432336535814108
4245,0.6383340233689693,0.9244211968812623,0.08432111042206267
4246,0.6383758193716537,0.9244179341274054,0.08433433545841047
4247,0.6384422143494879,0.9244282757889237,0.08434166878210433
4248,0.6384372249832913,0.9244190063398036,0.08434812136682666
4249,0.6384484290763495,0.924422941628319,0.0843497078529196
4250,0.6384323066161459,0.9244064741368265,0.08435650993257907
4251,0.638465521971571,0.9244333563078859,0.08435386156682306
4252,0.6384891557795327,0.9244389133656917,0.0843552678481417
4253,0.6384711619016574,0.924428099008385,0.08436063425266446
4254,0.6384966087388625,0.9244374376324984,0.08436265169813702
4255,0.6385151353002687,0.9244383369074131,0.08436167716228637
4256,0.6385236560281632,0.9244340749592066,0.0843581437374203
4257,0.6385309068151473,0.9244430792375185,0.08435965205608138
4258,0.6385351595285705,0.9244457386317105,0.08436183544252333
4259,0.6385452518164545,0.9244480636801009,0.08436665996843944
4260,0.6385795678102768,0.9244566106348451,0.08436239005603327
4261,0.6386252257855108,0.9244753070983481,0.08436245421011311
4262,0.63864517398747,0.9244860330653856,0.08435501444090049
4263,0.6386868954942538,0.9244800071548465,0.08434643796789847
4264,0.6386579550968943,0.9244726208027698,0.08435686664519468
4265,0.6386465978047327,0.9244744500970407,0.08435958324993556
4266,0.63872418275155,0.9244817365296822,0.08435798045090488
4267,0.6387233140771538,0.9245051484219043,0.08436121138608473
4268,0.6386933790148728,0.9245056672343551,0.08435689686105033
4269,0.6386552588849312,0.9244985767975281,0.08436601040145873
4270,0.6386408383160281,0.924523253054908,0.08437339342503135
4271,0.6386637950993682,0.9245291559876809,0.08437995891375852
4272,0.6386529669059958,0.9245288985029831,0.08438809216487808
4273,0.6386669223766518,0.9245315771124512,0.08438559840116618
4274,0.6386593329431723,0.92455663767535,0.08439429826032449
4275,0.6386475529633208,0.924539954972767,0.08439810833108956
4276,0.6387008096128887,0.924562579038675,0.08440066615607335
4277,0.6386984892031147,0.9245629325997525,0.08440234851157603
4278,0.6387158451707154,0.9245830663658968,0.08440509087690684
4279,0.6387081515868281,0.9245879701043203,0.08441106134069672
4280,0.6387094427002332,0.9245567875545025,0.08442495843938672
4281,0.6387116816918541,0.9245505887064798,0.08442563953836153
4282,0.6386875873915511,0.924566145393892,0.08442770284813493
4283,0.6386885171999788,0.924613791592147,0.08443361244545201
4284,0.6386531482957147,0.9246339868471743,0.08444169611083863
4285,0.6386721697000651,0.9246292598892897,0.08443895875256896
4286,0.6386998929578239,0.9246241908994931,0.08444205733427479
4287,0.6386530104336259,0.924602531440438,0.08445561153935173
4288,0.6386574134126057,0.9245899031610813,0.08446422400254738
4289,0.6386013499885851,0.9245797767106536,0.08448332690894549
4290,0.6386233133765622,0.9245986614838609,0.08448215947985234
4291,0.6386301316914076,0.9246000834142816,0.08447969895180571
4292,0.6386570267498541,0.9246089224412203,0.08447520463196394
4293,0.6386714663421118,0.9246216045233497,0.08447518585528775
4294,0.6386757521453482,0.9246256935340728,0.08447751039935117
4295,0.6386440773067087,0.9246208205400909,0.08448366506062951
4296,0.6386604591429137,0.9246125887158723,0.08448880356361936
4297,0.6386721877221359,0.9246068971511348,0.08449593581998278
4298,0.6386682974315633,0.9245956177841499,0.08450071390089914
4299,0.6386609513586281,0.9246021970946364,0.0845036338010913
4300,0.6386931579972754,0.9245913942664953,0.08450185680527394
4301,0.6386847691312643,0.9245822247368101,0.08450777219218052
4302,0.6386970879515815,0.924559274011211,0.08452003392214703
4303,0.638636743153787,0.9245426873850077,0.08452681743022897
4304,0.6386284330916231,0.9245390018950796,0.0845285589271862
4305,0.638624199880436,0.9245550927671634,0.08453109807944563
4306,0.638660118709079,0.9245669562785372,0.08452823307255854
4307,0.638703937588584,0.9245724979641223,0.08452318397512669
4308,0.6387254995692874,0.9245531251229057,0.08452415904069048
4309,0.6387598124241123,0.9245582940321373,0.08452209253300844
4310,0.6387633049529852,0.9245722174210934,0.08452068294982
4311,0.6388035230216766,0.9245764140373617,0.08452268292346334
4312,0.6388443422779477,0.9245582363863094,0.08452476431951865
4313,0.6388186304975297,0.9245525102340751,0.08453987491462979
4314,0.6388463010946582,0.9245515802147191,0.08454169331670992
4315,0.6388326100056144,0.9245610610318746,0.08454708166630862
4316,0.638854223071487,0.9245551004532737,0.0845520802246798
4317,0.638866161605136,0.924557986587722,0.08454918915144245
4318,0.6389387519577002,0.9245670984715793,0.08455934785960012
4319,0.6389290030608414,0.9245575715377614,0.08456373579287375
4320,0.6388705596360683,0.924560123326408,0.08457818116637449
4321,0.6388519267152968,0.9245616567054292,0.08458165337406383
4322,0.6388703596508184,0.9245576253405341,0.08458079969261574
4323,0.6388870116043258,0.9245437519112955,0.0845895757845239
4324,0.6388613340541817,0.924512757671182,0.08460561630657036
4325,0.6388769253045747,0.9245089953201503,0.08461316587795722
4326,0.6388617001379784,0.924499602893264,0.08462151860249559
4327,0.6388338718109521,0.9244876125610689,0.08463299218073025
4328,0.6388249963258992,0.9244669599824739,0.08464540200169125
4329,0.638831544194567,0.9244513187478475,0.08465826214909818
4330,0.6388526390171037,0.9244479483884451,0.08466254128637213
4331,0.6388506216493745,0.9244479752898315,0.08466123409215481
4332,0.6388560074757297,0.9244435058166447,0.08466197773231124
4333,0.6388953518277805,0.9244429332014212,0.08466772484173467
4334,0.6389005629080999,0.9244275379223271,0.08467493776530569
4335,0.6388912166179805,0.9244160856178586,0.08467943088857226
4336,0.6389616254645717,0.9244209778271164,0.08467751675067453
4337,0.6389193848449385,0.9243980232584621,0.08469650539333409
4338,0.6388889023061408,0.9244004097957356,0.08469334284992441
4339,0.6388657141627283,0.9244061359479697,0.08469994742162244
4340,0.6388616177213282,0.9244097753212354,0.08470476410523267
4341,0.6388361807752446,0.92439274290063,0.08471513102667322
4342,0.6388211274697301,0.9243887845537835,0.08472248085915293
4343,0.63882257564129,0.9243988110847762,0.08472347298076315
4344,0.63882712315432,0.9243999678443886,0.08472648635358682
4345,0.6387983130906887,0.9244082073547176,0.0847338783128812
4346,0.6387857828831167,0.9244008940206896,0.0847387740401689
4347,0.6387763514638185,0.9243934922963922,0.08474092026621101
4348,0.6387988167813571,0.9244003290915765,0.08473612753331133
4349,0.6387940383528307,0.9243913401854854,0.0847374332463613
4350,0.638795361940157,0.9243946490560047,0.08473841667255572
4351,0.6388440213007356,0.9243950295184685,0.08475912059551757
4352,0.6388400498958929,0.9243899144120096,0.08477139693969232
4353,0.6388227621985192,0.9243913632438165,0.0847772356581171
4354,0.6388601767419396,0.924417342296906,0.08477658990691034
4355,0.6388867916628231,0.9244237794143505,0.08477461053218793
4356,0.6388630944578162,0.9244117967682658,0.08478087793316251
4357,0.6388843016406065,0.9244075540353351,0.08478291599006589
4358,0.6389207719065423,0.9244259199960918,0.084783734052567
4359,0.638906929044559,0.9244330027468083,0.08478597381327162
4360,0.6389482268691646,0.9244198710272216,0.08478715558137297
4361,0.6389355163493924,0.9244138720180688,0.08479361898693027
4362,0.6389405151359148,0.9244108014169713,0.08479589563975427
4363,0.6389067466436332,0.9244169464622214,0.08480511246920192
4364,0.6389306711286343,0.9244325454232406,0.08480455527673289
4365,0.638936780126628,0.924428060577833,0.08480987679767528
4366,0.6389772282624886,0.9244140487986076,0.08481141789238279
4367,0.63895696969695,0.9244294632929776,0.08481316750676064
4368,0.6389563984680123,0.9244434866013687,0.08481726327095024
4369,0.6389476767974979,0.9244406043099757,0.08481776620065268
4370,0.63898353571419,0.9244568681195429,0.08483148707758391
4371,0.6390306384031822,0.9244626711328809,0.08483092024028024
4372,0.6390487928542117,0.9244705916696291,0.08483071229027722
4373,0.639055758269362,0.9244736007818435,0.08483043932240227
4374,0.6390616720235317,0.9244861214556549,0.08483579785351134
4375,0.6390643590927912,0.9244846995252344,0.08484279460432861
4376,0.6390289127691899,0.9244377489199689,0.08486270246925051
4377,0.6390555409093072,0.9244311580803167,0.08486637189527858
4378,0.6390032049706973,0.9244195251522543,0.08487254859028937
4379,0.6390052381171516,0.9244086762074508,0.08487509359697643
4380,0.6390159367188775,0.9244063665312812,0.08487524551482
4381,0.6390006999305684,0.9244021737580681,0.08487696560635383
4382,0.6389973943542567,0.9243992107625161,0.0848873414029588
4383,0.6390199150373936,0.9243851413374626,0.08490323785265717
4384,0.639008696684138,0.9243883964052092,0.08491232603650614
4385,0.6390263310314427,0.924381701803067,0.08492042013142305
4386,0.6390572446658058,0.924368988976496,0.08492482714549485
4387,0.6390273776870592,0.9243504846657524,0.084930410381815
4388,0.6390065655268199,0.9243630822006678,0.08493499766582199
4389,0.6390033909729436,0.9243426409901081,0.08493942860234331
4390,0.6390348929530866,0.9243362269309948,0.08494020095376248
4391,0.6390231020604551,0.9243146251177675,0.08493912688687051
4392,0.639053184345323,0.9243213696796273,0.08493838570002955
4393,0.6390494221808215,0.9243147519385888,0.08494614475516372
4394,0.6390461918704752,0.9243170308703169,0.08494601949403831
4395,0.639062243015489,0.9243267307416184,0.08494574277401418
4396,0.6390541025591321,0.924363612542284,0.08495098773693505
4397,0.6390565671793128,0.9243570678192943,0.08495502317892391
4398,0.6389971274703796,0.9243228607850413,0.08499612232561772
4399,0.6389913654979974,0.9243253164973082,0.08499948043601198
4400,0.6390405717474628,0.9243349433505611,0.08499655459846539
4401,0.639047542663802,0.9243334829895886,0.08500502105151671
4402,0.6390393551506862,0.9243244633390558,0.08500832943737772
4403,0.6390435654469605,0.9243263156916578,0.08501238044458986
4404,0.6390256844396434,0.924320274408898,0.08501847343558988
4405,0.6390490655740576,0.9243234410863751,0.08501505326660151
4406,0.639051204897422,0.9243190792187336,0.08503039390453182
4407,0.6390616586058597,0.9243244325946144,0.08503564551549374
4408,0.6390686518752347,0.9243313385647921,0.08503921978853235
4409,0.63908226799051,0.9243355736116123,0.08504116863807801
4410,0.6390877667067807,0.9243302586662835,0.0850446312753875
4411,0.6391176254248295,0.924348078913203,0.08503910579421324
4412,0.6391141580499496,0.9243472219118956,0.0850493913339671
4413,0.6391119186133019,0.924343928413597,0.08505224348783014
4414,0.639133865661411,0.9243564875179604,0.08505223976565077
4415,0.6391338402936811,0.924356014822172,0.08505836484521355
4416,0.6391635961040327,0.9243842804931,0.08505953968898154
4417,0.6392113857250774,0.924424352029574,0.08505146698399829
4418,0.6391627013689023,0.924415024934626,0.08507166306411645
4419,0.6392099770292553,0.9244349358035693,0.08506980707069513
4420,0.6392242848105227,0.9244286370361117,0.08506288465956696
4421,0.6391976777390648,0.9244318613594167,0.08506296268351038
4422,0.6391935828606297,0.9244316038747189,0.08506507226397797
4423,0.639176216210384,0.9244312618428069,0.0850704671877105
4424,0.639176216210384,0.9244312618428069,0.08506254428822126
4425,0.6392118967071111,0.9244374222602777,0.0850599455168864
4426,0.6392132345332175,0.9244271228723665,0.08506322013707057
4427,0.6391660582080761,0.9244236449074188,0.08507988483730808
4428,0.6391483457125857,0.9244196635022413,0.0850803883464358
4429,0.6391536872268534,0.9244137605694682,0.08508356698342409
4430,0.6391311863269,0.9244052213008344,0.08508098082397747
4431,0.639135468367476,0.9243828162890723,0.08508581527235283
4432,0.6391536690460629,0.9243864633484483,0.08509066777676084
4433,0.6391751928341122,0.9243975736210047,0.08508396859977685
4434,0.6391857498836345,0.9244182377287654,0.08508568793994835
4435,0.6391833697679993,0.9244009747248486,0.08509279405866996
4436,0.6391865583797208,0.9243999716874438,0.08509510179301423
4437,0.6391494815223988,0.9243937228797037,0.08510371921409299
4438,0.6391821438612677,0.9244093910157163,0.0851025778675858
4439,0.6391302083383208,0.9244059476382654,0.08512137355287544
4440,0.6391124221393291,0.924389157330137,0.08512011482484078
4441,0.6391023074525533,0.9243854065082708,0.08512587073003831
4442,0.6391262418170498,0.9243886154593551,0.08511147784558551
4443,0.6391092344137862,0.9244050291480749,0.0851196458134225
4444,0.6391270456861864,0.92440704675205,0.08512237467390082
4445,0.6390421034231765,0.924387424112246,0.08515709469799797
4446,0.6390496653376719,0.9243890497245917,0.08515615506715307
4447,0.6390258168617831,0.9243837270931525,0.08515887295887373
4448,0.6390250561963388,0.9243781085464636,0.08516302014017252
4449,0.6390271681843184,0.9243745383481914,0.08516620315294848
4450,0.6390272940930609,0.924360910874485,0.08517291106175325
4451,0.6390942412338404,0.9243788195116739,0.08518205796980474
4452,0.639117087296675,0.9243934500227851,0.08518048686060084
4453,0.6391098223018663,0.9243923240076142,0.08517903834896255
4454,0.6391130539282418,0.92441137787525,0.08519062529751602
4455,0.6390754597941013,0.9244031229927002,0.08520433150824155
4456,0.6391108485206927,0.9243917398632252,0.0852082669165194
4457,0.6390961876310959,0.9243960940447563,0.08521028618009237
4458,0.6391208059233394,0.9244087107949476,0.08520507371993812
4459,0.6391579464903152,0.9244100404920436,0.08520020048139783
4460,0.6391841164926946,0.9244382907907508,0.08520616314299537
4461,0.6391853238946313,0.924437145560304,0.08521281374745115
4462,0.6392156819116862,0.9244546698919738,0.08520981979777643
4463,0.6392407214267665,0.9244591701096022,0.08520788439728222
4464,0.6392344202747281,0.9244572908556139,0.08521348839503261
4465,0.6392305795923864,0.9244630900258968,0.08521900182228602
4466,0.6392261536370863,0.924454250998958,0.08521870237173637
4467,0.6392389437927986,0.9244647041090769,0.08521550848614437
4468,0.6392809429498381,0.9244543931920001,0.08521600041823027
4469,0.639290324349182,0.9244644581535446,0.08522299817730185
4470,0.6393148461716068,0.924451430196448,0.08522676436031563
4471,0.6393524450717111,0.9244660952950559,0.0852271130100431
4472,0.6393351228033728,0.924504940896924,0.08523257935680378
4473,0.6393102231682477,0.9244982193933954,0.08523872959311433
4474,0.6393113142459155,0.9245140527807814,0.08523791556931531
4475,0.6393101118700922,0.9245131688780874,0.0852359346271269
4476,0.6392707716720487,0.9245382524993175,0.08527730442794136
4477,0.6392946726610005,0.9245449893750669,0.08527474153487156
4478,0.6392757838185329,0.9245461115471826,0.08528102636530202
4479,0.6393106162684186,0.9245479293122878,0.08527850416677198
4480,0.6393396729870646,0.9245524756465785,0.08527966018912632
4481,0.639324397803985,0.9245363309717222,0.08528784869683273
4482,0.6392994034078423,0.9245252668158279,0.08529356016854234
4483,0.6392715629511144,0.9245506770967492,0.08530158638877029
4484,0.6392440728737602,0.9245353125620965,0.08530662091727996
4485,0.6392498545846557,0.9245365423397576,0.08530062564671581
4486,0.6392995626961182,0.9245467302790683,0.08528965128338048
4487,0.6392807622771356,0.924532480230421,0.08528850864480692
4488,0.6393116220291312,0.9245031039165429,0.08529527277740824
4489,0.6393528355229452,0.9245136723183174,0.08529599271487079
4490,0.639361782816161,0.924512131253186,0.0853011354895071
4491,0.6393535718784199,0.924544366800126,0.08530420900455436
4492,0.6393534852224811,0.9245710068587083,0.08530102764466573
4493,0.6393301148215157,0.9245579020405078,0.0853052746287324
4494,0.6393165093642209,0.9245446627153757,0.08530584239173547
4495,0.639349113491903,0.9245627366039377,0.08530703134581503
4496,0.6393275085227962,0.9245393054964398,0.08532052134630333
4497,0.6393339136552838,0.9245284219641395,0.08532095557061524
4498,0.6393422006637438,0.9245280645600068,0.0853239561670967
4499,0.6393187932956748,0.9245431716099617,0.08533214115053882
4500,0.6393764763076287,0.9245535017423144,0.08532821461649416
4501,0.6393981190470299,0.9245626712719995,0.08532339644154119
4502,0.6394117459202844,0.9245544663491673,0.08533314087986284
4503,0.6394327178089081,0.9245616182748773,0.08532805427729513
4504,0.6394895284512828,0.9245861830836566,0.08532369698492286
4505,0.6395149379234392,0.924579323230141,0.08532570218978165
4506,0.6395769816116262,0.9245917478275728,0.08532250351124034
4507,0.6395715470294304,0.9245863982947472,0.08532703184697335
4508,0.6395114198987945,0.9245534479395418,0.08534330700057322
4509,0.6394709628260261,0.924539147931177,0.08535225982001679
4510,0.6394551590941666,0.9245297055445733,0.08536037545401742
4511,0.6394950267848886,0.9245354778134698,0.0853578739023935
4512,0.6395161290012663,0.9245363924606051,0.08535773653801229
4513,0.6395378498366419,0.9245607151569074,0.08535903278308687
4514,0.6395172431948031,0.9245538783617231,0.08536353946022193
4515,0.6395204877784696,0.9245514457077874,0.08536733463785977
4516,0.6394909798850965,0.9245498162523865,0.08537472974707437
4517,0.6394769577685858,0.924554600856099,0.08537660062101339
4518,0.6394971571664929,0.9245691775644375,0.08536792514425683
4519,0.6395267946698397,0.9245822016784789,0.08536691052941957
4520,0.6395127465844032,0.9245776322858571,0.085383130795167
4521,0.6395016142454885,0.9245475027331617,0.08540403759932196
4522,0.6395016142454885,0.9245475027331617,0.0854092701912382
4523,0.6394681400125047,0.9245346784579901,0.08542728856956108
4524,0.6394905822035781,0.9245475680650999,0.0854287955852917
4525,0.6394462378564445,0.9245285026682986,0.08544277328628029
4526,0.6394842238736496,0.9245448433389696,0.08544846673855715
4527,0.6395310550031882,0.9245347476329835,0.0854474908903415
4528,0.6395268278082241,0.9245303396486797,0.08545188289897676
4529,0.639566526519307,0.9245258624893825,0.08544751085193894
4530,0.6395593188101123,0.9245235528132129,0.08545081116604439
4531,0.6395115546763231,0.9245390902853491,0.08546458354949027
4532,0.639543445596327,0.9245423261378197,0.08545980231380261
4533,0.6394873320231603,0.9245243252673062,0.0854739847976048
4534,0.639479626617455,0.924522165470289,0.08547923547532324
4535,0.6395223241085702,0.924531776951321,0.0854794855904338
4536,0.6394817374956161,0.924530466469501,0.08549163494308366
4537,0.6394749266523609,0.9245198365788434,0.0855195704995356
4538,0.6394514480375818,0.9245155554153609,0.08552607672772024
4539,0.6394459592401329,0.9245077347980477,0.0855298015446436
4540,0.6394482724883825,0.924458501417999,0.08555498119838384
4541,0.6394789420681086,0.9244864596445117,0.08556188682301163
4542,0.6395252385326401,0.9245079307938624,0.08555911052701227
4543,0.6395912535745845,0.9245200441038237,0.08556344622283936
4544,0.6396448811664344,0.9245234183062812,0.08556842935101572
4545,0.6396825935290557,0.9245321881582265,0.08556844525602754
4546,0.6396372737673796,0.9245305817611568,0.08557685724278442
4547,0.639657514124945,0.9245425259766896,0.08558046991710586
4548,0.6396730953447146,0.9245586168487733,0.08557915164300461
4549,0.6396575087412065,0.9245387328812164,0.08558520022216098
4550,0.6396618841889302,0.9245495933551854,0.08558641828736349
4551,0.6396734428634409,0.9245472145040223,0.08559521432129874
4552,0.6397908295354185,0.9245848034268431,0.08561359193848189
4553,0.6397699433386663,0.924585103185148,0.0856188243894936
4554,0.6397875760216566,0.9245937846468238,0.0856206194764821
4555,0.6397744057085669,0.9245880354362586,0.08562894790138609
4556,0.6397726579726646,0.9245902029193861,0.0856423392195591
4557,0.6398085173630094,0.9245973510020409,0.08563720379498174
4558,0.6398368302696095,0.9246182418500578,0.08562845523761399
4559,0.6398200677835463,0.924590825494327,0.08564300631012163
4560,0.6398099642349931,0.9245620025803963,0.08565512442889994
4561,0.6397861016915425,0.9245881930015213,0.08566643342757838
4562,0.6397817354815837,0.9245956523716465,0.08567266393838589
4563,0.6397677618434975,0.9245573486405604,0.08569054678665007
4564,0.639774141223443,0.9245534171951002,0.08569583585647293
4565,0.6398230935727156,0.9245566876350675,0.0856899499198268
4566,0.6397923330222047,0.9245429525558158,0.0857145834048286
4567,0.6397702546298383,0.9245393862005987,0.08572987544698789
4568,0.6397734501650346,0.9245398857977736,0.08572306573797019
4569,0.6397310357708592,0.9245396898019589,0.08572995460138565
4570,0.6397346709754372,0.9245354201676419,0.08573414282800274
4571,0.6397858122521141,0.9245198903816161,0.08573971214002925
4572,0.6397283211424842,0.9245080806730149,0.0857588084068091
4573,0.6397310465281307,0.9245090452798678,0.08576412264061918
4574,0.6397361547500631,0.9245130113128246,0.0857602573842018
4575,0.6397361547500631,0.9245130113128246,0.08575657950329553
4576,0.6397348637693029,0.9245258048435546,0.0857558561052313
4577,0.6397200908908537,0.9245362233661768,0.08576992887585878
4578,0.6397374735615858,0.9245364270481019,0.08577443831077147
4579,0.6397683373768777,0.924544889455632,0.08577378602595824
4580,0.6397901325556705,0.9245303358056245,0.08577877396070453
4581,0.6397727046981697,0.9245301859264721,0.0857809229634323
4582,0.6397642708275768,0.9245212200787121,0.08578481351073435
4583,0.6397580624055693,0.9245279800127926,0.08590007478215508
4584,0.6397858218233965,0.9245368689994489,0.08590146066085004
4585,0.6398347204275119,0.9245442630376358,0.08589962006323608
4586,0.6398441913021731,0.9245402662602374,0.08590201798081426
4587,0.6398437959131053,0.9245477025720316,0.08590271853633027
4588,0.639827414254544,0.9245503888676099,0.08590274211931755
4589,0.6398081488600404,0.9245435443863151,0.0859144961241404
4590,0.639777049936411,0.9245375415341072,0.08592316589292871
4591,0.6397710913222348,0.9245408657768472,0.0859209728660252
4592,0.6398254994277506,0.9245613185165724,0.08591761515125551
4593,0.6398378121199876,0.9245639279510469,0.08591871254466239
4594,0.6398378121199876,0.9245639279510469,0.08591330014735969
4595,0.6398244269802087,0.9245520298521763,0.08592701732530986
4596,0.6397776618525531,0.9245663913494242,0.08594028756286258
4597,0.6397749312844283,0.9245765331720726,0.08593955544700753
4598,0.639763150257051,0.9245792847995892,0.08594274791667213
4599,0.6398006103928163,0.9245664643674728,0.08595158105850045
4600,0.6398104024416222,0.9245926778469289,0.0859527928146172
4601,0.6398201222521117,0.9245994838976718,0.08596108344150424
4602,0.6398034323073712,0.9245966131354443,0.08597037151296348
4603,0.6398445334318887,0.9246064551997878,0.08597529179697319
4604,0.639876221413157,0.924607465923303,0.08597525594079476
4605,0.6398553469235091,0.9245954294744455,0.085987117472806
4606,0.6398603647645706,0.924612381190892,0.08598533497911513
4607,0.6398635079768961,0.9246138646101956,0.085994185109903
4608,0.6398613290974795,0.9246179805223048,0.08599212503860172
4609,0.6398367944532504,0.9246122774284018,0.08600027647982417
4610,0.6398550409180643,0.9246528908356577,0.08599507803476543
4611,0.6398691825834558,0.9246671062968083,0.08599897804822348
4612,0.639843914799533,0.9246603963224452,0.08600775313224443
4613,0.6398373705022385,0.9246563611144949,0.08600946335373363
4614,0.6398535900337174,0.9246442823920303,0.08601190112319436
4615,0.6399119946104486,0.9246777477166315,0.08600839733202875
4616,0.6399027124455929,0.9246687088508229,0.08601534504870015
4617,0.6399027118356185,0.9247029696878484,0.08601994195075864
4618,0.6398953465089233,0.9246983810799506,0.08602559304355478
4619,0.639863852531408,0.9246930584485115,0.08603643880383197
4620,0.6398793699711167,0.9246809143941086,0.08604237019090084
4621,0.6398830939472736,0.9246933082470988,0.08604287666949617
4622,0.6398987072459819,0.9246883852933995,0.0860430705543778
4623,0.639890762083994,0.9246897265196611,0.08606022007014955
4624,0.6398803109316321,0.9246928048068689,0.08606107560378733
4625,0.6399353980152228,0.9246919362763957,0.08605404338762203
4626,0.6398995637931802,0.9246859142089118,0.08606902451193206
4627,0.6398942177064514,0.9246830203883531,0.08606705318072376
4628,0.6399177871732373,0.9246801380969601,0.08606042259182296
4629,0.6399539907154002,0.9246824439300746,0.08606283489092263
4630,0.6399272927663496,0.9246731667948441,0.08609274803899195
4631,0.6399385208896429,0.924657913708792,0.08609774381053706
4632,0.6399248258830894,0.9246733973781556,0.08610014978391306
4633,0.6399197277895894,0.9246733051448309,0.08610245980734552
4634,0.6398769101496454,0.9246618067237002,0.08611087188306671
4635,0.6398621199059423,0.9246428066588371,0.08613596636152784
4636,0.6398345546919654,0.9246218274205508,0.08615494656869838
4637,0.6398198642494386,0.9246202325526467,0.08615264397241587
4638,0.6398555760700515,0.9246272422853146,0.0861480690830474
4639,0.6398527060878418,0.9246214238997558,0.08615648430196415
4640,0.6398643384042872,0.9246229419065561,0.08614842599407635
4641,0.6398798242990943,0.9245926048288803,0.08615607388036263
4642,0.6398598197839226,0.9245997836559766,0.08615817524888657
4643,0.6398620157269838,0.9246115126604189,0.08617943663145554
4644,0.6398393411381103,0.9246033538542489,0.086190090928092
4645,0.639815737863464,0.924629990069776,0.08620146985411535
4646,0.6398072842347344,0.9245708185490039,0.08625744596707847
4647,0.6397909614702452,0.9245553963685235,0.08627226966547286
4648,0.6397920752722164,0.9245296671140214,0.0862829015910158
4649,0.639792366760236,0.9245308584611305,0.08628789729273292
4650,0.6398216500224777,0.9245334409942186,0.08628890268424581
4651,0.6398528301865198,0.9245360619578588,0.08628971019483493
4652,0.6398718955595252,0.9245495549246335,0.08628973361516666
4653,0.6398557661558232,0.9245402893185686,0.08629712979744408
4654,0.6398442827519863,0.9245487171386019,0.08630124192346561
4655,0.6398600131741106,0.9245660992772297,0.0862991773310737
4656,0.6398193732486308,0.9245481291511577,0.08631180252913973
4657,0.6398287567142381,0.9245662337841614,0.08631457538354884
4658,0.6397720884846482,0.9245452622319854,0.08632815400811
4659,0.6397836051214815,0.924545415954193,0.08632781323878697
4660,0.6398081155613576,0.9245465419693639,0.08632853050561681
4661,0.6398251587811412,0.9245497816648898,0.08633035239815483
4662,0.6398306479509035,0.924557682986362,0.08633157589930265
4663,0.6398217034345289,0.9245515302550016,0.08632612645869872
4664,0.6398227899661916,0.9245552926060333,0.08633028913561175
4665,0.6398362962804776,0.9245451699986609,0.08633582555772937
4666,0.639853773294139,0.9245429640849814,0.08633658898508975
4667,0.6398363899000749,0.9245277417433708,0.08634305325716095
4668,0.6398837491991569,0.9245299438139951,0.08635378147614152
4669,0.6399183484999962,0.924553052104857,0.08635672501510587
4670,0.6399436567099134,0.9245429833002573,0.08641166161426751
4671,0.6398564855777903,0.9244551272155415,0.08655786045024558
4672,0.6398493813763312,0.9244606150983539,0.08655766420771031
4673,0.6398239287182607,0.9244452736220324,0.08656745935718174
4674,0.6398239170273085,0.9244676363601874,0.08657038408165478
4675,0.639831878045445,0.9244691889544845,0.08657091461150732
4676,0.639812387326632,0.9244662298019876,0.0865758312298438
4677,0.6397812041636203,0.9244665257172373,0.08658638593941963
4678,0.6397544035312241,0.9244780279814232,0.08659369939083064
4679,0.6397555315584695,0.9244730012652337,0.08660514750810916
4680,0.6397761098462664,0.9244770441592943,0.08660431966930253
4681,0.6398112893199809,0.9244841576544525,0.08660348595863857
4682,0.6398470850060362,0.9245044874164116,0.08660206290745692
4683,0.6398709433702838,0.9244952986714504,0.08660514242582897
4684,0.6398954671001401,0.9245053559468847,0.08659778915900958
4685,0.6398673286867141,0.9244913095801625,0.0866082507172494
4686,0.6398951122199816,0.9245001063334941,0.0866096603797359
4687,0.6398951122199816,0.9245001063334941,0.08660247793520134
4688,0.6399466593787413,0.9245280645600068,0.08659605647650427
4689,0.6399618610090332,0.9245385484145672,0.0866005603580433
4690,0.6399273560818417,0.9245263274990606,0.08661547377618599
4691,0.6399397558049196,0.9245248479228122,0.08664999250403148
4692,0.6400003903840805,0.9245216735592245,0.08668197767699298
4693,0.6399469814652581,0.9245103365464119,0.08669563654163426
4694,0.6399633357065744,0.9245134148336197,0.08668948892540039
4695,0.6399707685406085,0.9245107784977588,0.0866965576556127
4696,0.639992647061743,0.9245162241069641,0.08670147944623376
4697,0.6399864602471665,0.9245048525066547,0.08670860529702473
4698,0.6400190025864801,0.9245176959971022,0.08671203024220188
4699,0.6400443700935275,0.9245266925893038,0.08670431167217733
4700,0.6400112615644149,0.9245194215288828,0.08671278359916655
4701,0.6399821046907617,0.9245137453363661,0.0867182615880545
4702,0.6399804980157243,0.9245166353138695,0.08671892355038889
4703,0.6399749344491742,0.9245116662435079,0.0867198575508976
4704,0.6399502305852167,0.9244878393013252,0.08673111377278898
4705,0.6399367954707477,0.9244916054954121,0.08672929612733195
4706,0.6399537999839724,0.9244948029173309,0.08673503917496253
4707,0.6399706409176766,0.9245079961258007,0.0867392274387231
4708,0.6399598507878711,0.924504014720623,0.08674270312255963
4709,0.6400044626651283,0.9245194215288828,0.0867400255392794
4710,0.6400471826826818,0.9245392324783911,0.08673192643018264
4711,0.640080908038367,0.9245370457799876,0.08674776180055874
4712,0.640100003169938,0.924523475952109,0.08675097875506202
4713,0.640079399512466,0.9245068393661883,0.08678328635251183
4714,0.6401059460685985,0.9245267310198556,0.08677637995069615
4715,0.6401314421573554,0.9245465611846398,0.08677529498152023
4716,0.6401504208253106,0.9245436097182534,0.08678195212228293
4717,0.6401630384770435,0.9245425644072415,0.08678456148368474
4718,0.6401714200755245,0.924548113778937,0.0867868867162174
4719,0.6402059642291035,0.924563747327453,0.08678360638123989
4720,0.6402098798481328,0.9245604461430441,0.08679238766431013
4721,0.6402005133109149,0.9245546277574853,0.086800283040704
4722,0.640232347818652,0.9245629056983662,0.08679826341088766
4723,0.6402338126939856,0.9245639471663228,0.08680268227098727
4724,0.6401991306441328,0.9245655727786686,0.08681385869328058
4725,0.6402121255568992,0.9245600733666905,0.08681594033646395
4726,0.6402458722352534,0.9245791656648783,0.08681579376514124
4727,0.6402397867477788,0.9245690084700091,0.08681919449680006
4728,0.640243236364447,0.9245756684846547,0.086821970925253
4729,0.6402199633972572,0.9245789658260083,0.08682936253334886
4730,0.6402082201612275,0.9246013977391567,0.08683262189673845
4731,0.6402082760761098,0.9245928699996885,0.08683811032521048
4732,0.6402017917397173,0.9245861484961598,0.08684059302057671
4733,0.6402398726058853,0.9245950182675401,0.0868346574470937
4734,0.6402620932145858,0.9245526562701725,0.08689930307778035
4735,0.6402316511725848,0.9245317846374315,0.08690259765862869
4736,0.6402332277886951,0.9245303473347901,0.08690874460442037
4737,0.640206012581001,0.9245300360473196,0.08689930816728708
4738,0.6402251146801257,0.924546442049929,0.08689910556469962
4739,0.6402435669450599,0.9245551926865984,0.08689464233775969
4740,0.6402164805343608,0.9245594507917497,0.08690020436099807
4741,0.6402877347796352,0.9245630094608563,0.08692583790732215
4742,0.6402929224686003,0.9245745655278149,0.08693698090319243
4743,0.6402936535949997,0.9245785853635444,0.08694353480344917
4744,0.6402779384901772,0.9245713565767306,0.08695558159724215
4745,0.6402853183422617,0.9245861869267118,0.08695738672089565
4746,0.6403260448116553,0.9245510614022683,0.08695627619856984
4747,0.6404163236356815,0.9245977007200633,0.08694669921451921
4748,0.6403481097898622,0.9246017359280135,0.08696059160637941
4749,0.640335481332505,0.9245976277020146,0.08696807761789976
4750,0.6402985551385096,0.9245953103397346,0.08697418628010718
4751,0.6402986204038326,0.9246045221430268,0.086972401906525
4752,0.6402827961070502,0.9246082614357275,0.08697756742840582
4753,0.6402933651847498,0.9246182149486715,0.08697852774498252
4754,0.6402832663105056,0.9246053791443344,0.08698173348862763
4755,0.6402735828657404,0.9245999834948465,0.08699087294028694
4756,0.6402957610317993,0.9246015668335852,0.08699395635315572
4757,0.6403068970206341,0.9246121775089668,0.08698502908147912
4758,0.640301205901337,0.9246102828827578,0.08699967241205316
4759,0.6402968729500876,0.9246037458458783,0.08700778842068232
4760,0.6403080554432148,0.9246023815612856,0.0870144852070221
4761,0.6403152403386886,0.924595156617527,0.08701842511586522
4762,0.6403100193241628,0.9245976277020146,0.08702463455570816
4763,0.6403159182910731,0.9246161166405373,0.08702364198495273
4764,0.6403388350723125,0.9246136647713257,0.08701933904500123
4765,0.6403278213518767,0.9246051946776852,0.08703068972448873
4766,0.6403391809352919,0.9246132420352546,0.0870320094894139
4767,0.6403139451041732,0.9245961519688214,0.08704364028978037
4768,0.640301237785789,0.9245918323747869,0.08705074639240737
4769,0.6402881410866335,0.9245949145050499,0.08705426935519392
4770,0.6403068468146423,0.9245930775246688,0.08705637583894477
4771,0.6402532663439134,0.9245912059567909,0.08707097377297214
4772,0.6402485589173446,0.9245893036444714,0.0870809212608766
4773,0.6402398914699093,0.9246007213614432,0.08708047699553717
4774,0.6402424563128972,0.9245977276214496,0.08708378549827636
4775,0.6401857347489347,0.9245880085348722,0.08711005479883335
4776,0.6401621091956706,0.9245786506954827,0.08711980883032155
4777,0.6401740971786125,0.9245688355325256,0.08712515370828634
4778,0.6401647273259146,0.9245609803277156,0.08713270257867349
4779,0.6401898865304967,0.9245782279594117,0.08711851133576874
4780,0.6401943898551052,0.9245722750669212,0.08712740604960308
4781,0.6402104193646623,0.9245701075837937,0.08712819201802385
4782,0.6402236445494458,0.9245536208770253,0.08713758666690849
4783,0.6402112260026993,0.924559074172341,0.08713934713288307
4784,0.6402200560595601,0.9245516570758229,0.08714401391813137
4785,0.6402203647703725,0.9245504811009345,0.08714266928903515
4786,0.6402044688263938,0.924550673253694,0.0871531819578443
4787,0.6402056791576115,0.9245484903983456,0.08715721755290418
4788,0.6401997420437647,0.9245399934033189,0.08715930879392027
4789,0.6401797493331274,0.9245398166227802,0.08716870244169421
4790,0.6401445650660751,0.9245443783292916,0.08717794396173476
4791,0.6401510261115204,0.9245397858783386,0.08717672188606698
4792,0.6401207437685086,0.9245127730434028,0.0871868642677736
4793,0.6401293629278475,0.9245179073651376,0.08719094720892123
4794,0.6401363333117297,0.9245140374085605,0.08719219623107421
4795,0.6401116488072421,0.9245225843633048,0.08719828152626721
4796,0.64012261681256,0.9245245212631209,0.08720400115029142
4797,0.640106074210827,0.9245142218752097,0.08721665112558694
4798,0.6400989474609564,0.9245071083800517,0.08722148395596448
4799,0.6400889040102249,0.9245106862644342,0.08723319036062635
4800,0.6400946226480397,0.9245116470282319,0.08722987946291084
4801,0.6401180438487002,0.9245413922754083,0.087242646944654
4802,0.6401243700129247,0.9245395053353097,0.08723734095044626
4803,0.6401172628849735,0.9245391018145146,0.08724952750894571
4804,0.640149475485616,0.9245532404145614,0.08724927673337685
4805,0.6401888073804912,0.9245750228513826,0.08724701202876654
4806,0.6402188078871308,0.9245719522502852,0.08725119941448355
4807,0.6402014024651433,0.9245829088006341,0.08725464329140224
4808,0.6402014024651433,0.9245829088006341,0.08725718826714361
4809,0.6402164236734245,0.9245562495267758,0.08726862972172679
4810,0.6402162027140013,0.9245536208770253,0.0872706686221744
4811,0.6402218955341036,0.9245479446845086,0.08727855821214785
4812,0.6402451577904962,0.9245584131668482,0.08727990623066512
4813,0.6402690494941764,0.9245534786839833,0.08728184094391464
4814,0.6402770277862949,0.924551599429995,0.08728050885814463
4815,0.6403020765935227,0.9245365653980887,0.08729103370069674
4816,0.6402846858754381,0.9245250208602958,0.0872957942089939
4817,0.6402632484943982,0.9245211931773257,0.0873055660476238
4818,0.6402885753718083,0.924520028731603,0.08730517650360776
4819,0.6402956487722439,0.924524682671439,0.0873116187116366
4820,0.6402755934671489,0.9245272652045271,0.08732229512169683
4821,0.6402354727743551,0.9245140527807814,0.08733839647676833
4822,0.6402400645031181,0.9245053175163327,0.08734680904367467
4823,0.6402416554834058,0.9245018895111026,0.08734955438242066
4824,0.6402301147540574,0.9245119929031991,0.08736246175905893
4825,0.6402369540817299,0.9245048140761027,0.08736782097314799
4826,0.6402078420090028,0.9245027695707413,0.08737742333394576
4827,0.6402055965666047,0.9245182609262151,0.08737900023416961
4828,0.6401899121395701,0.9245136800044278,0.08738634839564481
4829,0.6401843534213371,0.9245116624004527,0.08739068676947996
4830,0.640210037708314,0.9245191140844675,0.08738500767634681
4831,0.6402231151463266,0.9245302627875759,0.08738353389584422
4832,0.6402329839299464,0.9245330297873132,0.08738737979555676
4833,0.6402199533947482,0.9245348821399152,0.08738111695110987
4834,0.6402683844999495,0.9245530367326363,0.0873746402718866
4835,0.6402646256903232,0.9245460077846924,0.08738367954933371
4836,0.6402642415994327,0.9245451161958882,0.08739367884790321
4837,0.6402679984791202,0.9245410963601587,0.08739246233034784
4838,0.6402777509598557,0.9245456619097253,0.08739354613425657
4839,0.6402841806125057,0.9245434483099354,0.0873976314239016
4840,0.640274105156076,0.9245359159217615,0.08740399747604426
4841,0.6402813602649163,0.9245271383837058,0.087415596156299
4842,0.6402706810111481,0.9245155092986986,0.08742245560176369
4843,0.6402925850417037,0.9245086494451831,0.08742713216704055
4844,0.640265249660255,0.9245246134964455,0.08743950821081624
4845,0.6402742397176984,0.924534778377425,0.08744302510673378
4846,0.6402565212051601,0.9245255243005257,0.08744957832904497
4847,0.6402929257529656,0.9245289676779767,0.08745011959016197
4848,0.6402608269121434,0.9245354470690282,0.0874552816239713
4849,0.6402715110120242,0.924524744160322,0.08746598080585077
4850,0.6402867213118097,0.9245256972380093,0.08746552105144058
4851,0.6402741635894977,0.9245289638349214,0.08746166598066354
4852,0.6402628349875197,0.9245359466662031,0.08746175799029313
4853,0.6402891777551688,0.9245652230606461,0.0874607646411808
4854,0.6402979884973843,0.9245521989466048,0.0874721894498187
4855,0.6403393670804249,0.9245546200713749,0.08747287160305571
4856,0.6403315930335097,0.9245370188786013,0.0874844164107295
4857,0.6403466949063455,0.9245585361446143,0.08747860301422203
4858,0.6403893615968497,0.9245682706034125,0.08748715032218748
4859,0.6403961665071334,0.9245609726416052,0.08749323243204477
4860,0.6403389266350681,0.9245523334535364,0.08750606137673145
4861,0.6403470774032088,0.9245472798359605,0.08750687106873341
4862,0.6403542274153664,0.9245513265730765,0.08750823752276075
4863,0.6403764822383701,0.924540116381085,0.08751052405038424
4864,0.6403883037723664,0.9245452507028199,0.0875158795832273
4865,0.6404055884908548,0.9245499891898701,0.08752025548621167
4866,0.6404189448830405,0.9245360773300795,0.08752536884422776
4867,0.6404274721308848,0.9245356430648429,0.08753616036029115
4868,0.6404035910299537,0.9245337907122411,0.08754627774758444
4869,0.6404008424190349,0.9245273497517413,0.08755034782275731
4870,0.6404510251062772,0.9245327992040018,0.08754770376735724
4871,0.640451613433812,0.9245347668482595,0.08754978852810517
4872,0.6404373667033283,0.9245446742445412,0.08758072590200644
4873,0.6404598791350505,0.9245553848393578,0.0875831727663714
4874,0.640471474676518,0.9245566837920124,0.08758855073924936
4875,0.6404696211635343,0.9245542665102974,0.08759011934639321
4876,0.6404891067994801,0.9245631093802913,0.08759149878819111
4877,0.6404452964182522,0.9245657995189248,0.08760099370590395
4878,0.6404331564463513,0.9245478755095151,0.08761259964309977
4879,0.6404132008969347,0.9245391978908944,0.08761598488949209
4880,0.6404090909300586,0.9245383754770836,0.08761708321164509
4881,0.6404159478537602,0.9245313042555326,0.08762022121301406
4882,0.6403913786365629,0.9245386867645541,0.08765634121485373
4883,0.6403913786365629,0.9245386867645541,0.08764766954511605
4884,0.6404255216931993,0.9245487478830434,0.08765067004330934
4885,0.6404304160789642,0.9245537092672947,0.08766038697279431
4886,0.6404667904602341,0.9245483174608621,0.0876605200694779
4887,0.6404713959537022,0.9245546585019269,0.08766326117866924
4888,0.6404906073218763,0.9245552580185366,0.08766687345648523
4889,0.6405165534302373,0.9245527177590555,0.08767341842593858
4890,0.6404506837890755,0.9245290137946389,0.08769535207417394
4891,0.6404356090931136,0.9245106170894408,0.08770640862977157
4892,0.6404171476288307,0.9245108899463593,0.08771265991371745
4893,0.6404020726984051,0.9245137030627589,0.08771992943247586
4894,0.6404209928576455,0.9245233414451773,0.0877265962361058
4895,0.6404163856303597,0.9245107708116485,0.08773057301353547
4896,0.640415585394887,0.9245128268461754,0.08772900747237596
4897,0.6404310454970576,0.924504940896924,0.08773253432111085
4898,0.6404910660063025,0.9244930850716606,0.08773749062921105
4899,0.6405008894542484,0.9244986113850249,0.08774124412715718
4900,0.6405401331408731,0.9245005098542891,0.08774219093897254
4901,0.6405245153878015,0.9244945800201297,0.08775067079130189
4902,0.6404964255284267,0.9244752340802995,0.08776250936662885
4903,0.6404756841242065,0.9244723940625136,0.08777353563870285
4904,0.6404881482803045,0.9244804491061933,0.08777119301415519
4905,0.6405045667344529,0.9244736046248986,0.08776988500760052
4906,0.6404304940195249,0.924441960908458,0.08777283354872176
4907,0.6404446879673912,0.9244480559939905,0.08777180717854291
4908,0.6404333655549197,0.9244541626086886,0.08778295139146709
4909,0.6404349439844024,0.9244583169513498,0.08778670164071622
4910,0.6404199438696123,0.9244531172976768,0.08779819122189379
4911,0.6404159364073355,0.9244516838380906,0.08780410713533279
4912,0.6404217674146464,0.9244317230094298,0.08780647974185853
4913,0.6404068950819659,0.9244231875838511,0.08781692146531817
4914,0.6404389714945073,0.9244213582895804,0.08780780273451892
4915,0.6404810542666292,0.924411358659974,0.0878070948548524
4916,0.6404403961140679,0.9244105862058807,0.08782603706582527
4917,0.6403810372864979,0.924401647259507,0.08783372516612813
4918,0.6403821987332049,0.9244157628012226,0.08783331816243062
4919,0.640392149921494,0.9244275148639959,0.08783979327751035
4920,0.6403903798871943,0.9244170848122082,0.08784228771103626
4921,0.6404248086275373,0.9244242943837461,0.08784277254300525
4922,0.6404052780703314,0.9244178226788049,0.08785048650082337
4923,0.6404249561695611,0.9244251744433848,0.0878604732963565
4924,0.6404370063134175,0.9244397703669992,0.0878622342921343
4925,0.6404058127203951,0.9244326145982341,0.08787207526617236
4926,0.6403979550219052,0.9244382408310333,0.08787066241070153
4927,0.6403669847943515,0.924435715943773,0.08788271667529847
4928,0.64036027288071,0.9244300628095874,0.08789046620374241
4929,0.6403831404049757,0.9244366805506259,0.08788677217380832
4930,0.6403605882273997,0.9244290520860722,0.08790338518724476
4931,0.640362351243323,0.9244145791402238,0.08789871001710987
4932,0.6403368376999227,0.9244094102309923,0.08790580790687712
4933,0.640347267975704,0.9244085455435743,0.08790714725612832
4934,0.6404496249191393,0.9243926314520294,0.08794697207607384
4935,0.6404502774072505,0.924392823604789,0.08794808342230763
4936,0.640453026741218,0.9243910827007876,0.08795442434432432
4937,0.6404324847165963,0.924406946832615,0.08795688507468301
4938,0.6404362161614057,0.9243952485726143,0.08796263908084637
4939,0.6404182178007571,0.9244001100374306,0.08797931073634835
4940,0.6404654766607699,0.9244135107708809,0.08798251622321426
4941,0.6404647087532281,0.9243942685935407,0.08800722672100283
4942,0.6404635981484693,0.9243926391381398,0.08800567362331965
4943,0.640457002914908,0.9244029077816095,0.08800560199608702
4944,0.6404955684964683,0.9244049945605781,0.08800978643784273
4945,0.6405433694233521,0.9243970970821611,0.08801746443959337
4946,0.6405580086913473,0.9243976927557157,0.08801839988188635
4947,0.640560053823403,0.9243984652098091,0.088023766547439
4948,0.6405383210102349,0.9243929888561622,0.0880210400683408
4949,0.640534144624844,0.9243883349163262,0.08802511473578253
4950,0.6405140879611777,0.9243920242493093,0.08803086817317389
4951,0.64051775118786,0.9244050906369579,0.08802846776969779
4952,0.6405514030738026,0.9244018394122665,0.08803011642307161
4953,0.6405853486662777,0.924403380477398,0.08803057416832831
4954,0.640571576690253,0.924392258675676,0.08804288324455944
4955,0.6405817728207513,0.9243983499181533,0.08804255349960799
4956,0.6405786156819201,0.9243796611407606,0.08804694944786683
4957,0.640563514986308,0.9243725245872715,0.08805037819671417
4958,0.6405447406953443,0.9243785504978106,0.08806856595020493
4959,0.6405764724985552,0.9243784428922652,0.08806880992437564
4960,0.6405168864298431,0.9243391668682157,0.08810446409850349
4961,0.6405418870073978,0.9243394320390239,0.08810493812350632
4962,0.6405048514038199,0.9243262426736092,0.08812497863820364
4963,0.6405184781013037,0.924321846218471,0.08811733136236238
4964,0.6405665054409077,0.9243240021724329,0.08812481307575559
4965,0.6405823192868203,0.9243078382823007,0.08813389033927535
4966,0.6405680574641067,0.924300390441341,0.08814780765659722
4967,0.6405587439018675,0.9243094369932601,0.08814211989352576
4968,0.6405567763448792,0.9243193059589899,0.08813682823301552
4969,0.6405359518454925,0.9243116236916635,0.08815043020617598
4970,0.6405549166259471,0.9243201860186285,0.08815165407811612
4971,0.6405626698701189,0.9243262426736092,0.08815405751377901
4972,0.6405673833112099,0.924312499908247,0.08815957032349842
4973,0.6405744658050045,0.9243123308138187,0.08816271628520038
4974,0.6404696961415822,0.9243130802095808,0.08819738287489175
4975,0.640512647032853,0.9243221075462239,0.08820009634012498
4976,0.6404843998126718,0.9243120617999553,0.0882062671152885
4977,0.6405080859054181,0.9243098443571103,0.08820622855880562
4978,0.640495361776676,0.9243179993202251,0.08820999599651837
4979,0.6404812648494721,0.9243218001018086,0.08821609097300268
4980,0.6404589164537582,0.9243132800484508,0.0882270927462537
4981,0.6404298866307939,0.9242885115577464,0.08825591234457716
4982,0.6404603488641533,0.9242959632417612,0.08825724896926664
4983,0.6404860735805117,0.9243000176649875,0.08826118375773319
4984,0.6404160994165398,0.9242831197513137,0.08828142004433219
4985,0.6404109025659297,0.9242820475389155,0.0882826118111213
4986,0.6403597969196506,0.9242707604858202,0.08829279706827302
4987,0.6403776014652314,0.9242691041290331,0.08829389276113073
4988,0.6403781481888815,0.9242684315943747,0.08829441480152078
4989,0.6403629150144393,0.9242665946139935,0.08829670113083146
4990,0.6403290537055604,0.9242629975143349,0.08830566200592324
4991,0.6402792600691184,0.9242594004146765,0.08831742432230995
4992,0.6402743918200191,0.9242484938240451,0.08832218033024922
4993,0.6402829276261433,0.9242493969420149,0.08831862919046682
4994,0.6402612492304427,0.9242417723205164,0.08832453107787443
4995,0.6403057232889452,0.9242514414473764,0.08832190157397908
4996,0.6403171966710143,0.9242466491575535,0.08832534195183254
4997,0.6402986650999644,0.9242497312878165,0.0883308284200616
4998,0.6402956867082418,0.9242586894494661,0.08833119182829631
4999,0.6402929938460652,0.924274803379881,0.08833879666156187
5000,0.6402982171736193,0.9242755643048087,0.08834093620940989
5001,0.6402657418928029,0.9242589815216606,0.08835171293919732
5002,0.6402718565219582,0.9242636892642693,0.08835402715372814
5003,0.6403003685444799,0.9242660143126598,0.08835419077728303
5004,0.6402973285281841,0.9242667022195389,0.08835425590833602
5005,0.6403046567762511,0.924260480313185,0.08836240391469011
5006,0.6403465615467957,0.9242641696461681,0.08835677764593164
5007,0.6403362241552698,0.9242613603728237,0.08836180662085083
5008,0.6402464809601986,0.9242519794751031,0.08838280357221719
5009,0.6402778268626608,0.9242621635713586,0.08839054371422181
5010,0.6402982030173069,0.9242488396990122,0.08839301875119392
5011,0.6402671110778866,0.9242519103001097,0.08839186498867924
5012,0.6402766247438495,0.9242479903838151,0.08840424403952983
5013,0.6402767756552027,0.9242552383859048,0.08840357057610389
5014,0.6402823497052437,0.9242500963780595,0.08841047883292999
5015,0.6402597499153471,0.9242504576252475,0.08842511519379186
5016,0.6403107811182861,0.9242635816587239,0.08842126262493795
5017,0.6403375775145788,0.9242593081813518,0.08842416119108118
5018,0.640272117658136,0.9242317880631309,0.08843995976558056
5019,0.6403017878275581,0.9242494738031187,0.08843430551587844
5020,0.6403068546328646,0.9242442241897282,0.08843860409360757
5021,0.6403671616646205,0.9242581898522914,0.08846191351094934
5022,0.6403637498697161,0.9242460573270541,0.08847027858089121
5023,0.6403401182044419,0.9242143252203441,0.08848531323972779
5024,0.6402812788011165,0.9241992450717755,0.08848557669893975
5025,0.6402681326734864,0.9241865091868734,0.08848536747044314
5026,0.6402657565764288,0.9241802296346917,0.08849233927418464
5027,0.6402533070322143,0.9241654108138762,0.08849965423675757
5028,0.6402442647611705,0.9241680048761299,0.08851096320649246
5029,0.6402438980669239,0.924169457550992,0.08851965286412572
5030,0.6402333472722694,0.9241660564471482,0.08852344649695869
5031,0.6401893702694819,0.9241693345732259,0.08853808664122483
5032,0.6401542087370232,0.9241613294892635,0.08854628934707914
5033,0.6402010465472644,0.9241885383200141,0.08854242523438731
5034,0.6402142002692334,0.9241880963686672,0.08854461779905749
5035,0.6402269540403382,0.9241976809483129,0.08854347108864054
5036,0.6402173938611014,0.924177174405815,0.08855245082436071
5037,0.6402258403445481,0.9241980575677216,0.0885490339284908
5038,0.6402350540886717,0.9241676820594938,0.08854817051978857
5039,0.6402442018250125,0.9242037529755143,0.08855759029050772
5040,0.6402642007013759,0.9242138563676108,0.0885645617817475
5041,0.6403111858622328,0.9242100094693648,0.08858912587333066
5042,0.6403040426055452,0.9241965741484179,0.088597061905154
5043,0.6403471005079355,0.9242181490602589,0.08859576018736798
5044,0.6403909119336185,0.9242127995274333,0.08859982752769176
5045,0.6404004424317314,0.9242063969974855,0.08860463576403899
5046,0.6404231791412551,0.9242175841311459,0.08860110179817429
5047,0.6404064795004208,0.9242001635619661,0.08860794199496747
5048,0.640414561400847,0.9242028921311516,0.08860930650233008
5049,0.6404518691355715,0.9242225301431763,0.08860767235534085
5050,0.6404008983382857,0.9242162659632154,0.08862456759466301
5051,0.6403748977843849,0.9242141253814742,0.08863284663753215
5052,0.6404037180469957,0.9242149247369539,0.08863149991656959
5053,0.6404153422136117,0.9242305928729665,0.08862669119455867
5054,0.6404832860219564,0.9241224608290642,0.088713618702089
5055,0.6404927700495422,0.9241060509833998,0.0887240721740866
5056,0.6404966653552923,0.9241024192962445,0.08873666838732047
5057,0.6404935572973147,0.9241057089514878,0.08874031483835
5058,0.6404865064096571,0.9240979421369473,0.08874689986972605
5059,0.6404801259016546,0.9240711099256055,0.0887815907425462
5060,0.6404646080555466,0.9240729200046003,0.088784061933284
5061,0.640460190796604,0.9240611756279373,0.08878970075830739
5062,0.6404431239025116,0.9240556070409659,0.08879884485304032
5063,0.6404873148831944,0.9240499462206699,0.08879697040464547
5064,0.6404729912966093,0.9240648918623068,0.08880441246712004
5065,0.640442667975838,0.9240533242661826,0.0888185213221846
5066,0.6404333854846841,0.9240561834992446,0.08881955904178494
5067,0.6403895914804982,0.9240478671278117,0.08882542137176673
5068,0.6403835542182849,0.9240445236697958,0.08883249952126504
5069,0.6403897233553749,0.9240324142028897,0.08884099384521031
5070,0.6403763993479722,0.9240373717440858,0.08884670773760983
5071,0.6403783573666904,0.9240347469373905,0.08884396168931563
5072,0.6403825213116144,0.9240336093930541,0.08884120522196365
5073,0.6403962504962137,0.9240235905481717,0.08884592033488205
5074,0.6403885397692701,0.9240282713893941,0.08885777739657143
5075,0.6403764832348058,0.9240380519648546,0.08886132282449291
5076,0.6404299414417977,0.9240427020616354,0.08885713334803531
5077,0.6404072440511894,0.9240351235567992,0.0888676833810662
5078,0.6403769472957065,0.9240195553402215,0.0888823835358307
5079,0.640353681716835,0.9240102551466599,0.08888818182168148
5080,0.6403549985484729,0.9240075534788608,0.08889473286269414
5081,0.6403853265586371,0.9240074343441499,0.0888882220162765
5082,0.6403863207936826,0.9240075073621985,0.08889182587533698
5083,0.640378520941029,0.9239981456797538,0.08889978282933919
5084,0.6404063027331505,0.924010016877238,0.08890680106232975
5085,0.6404310048310731,0.9240092790106414,0.08890420607198819
5086,0.6403982506336447,0.9239821585701603,0.08892005053888852
5087,0.6404347447353098,0.9239842953088463,0.08892480082592981
5088,0.6404063142754858,0.9239875542196481,0.0889312332843946
5089,0.6404129344665707,0.924000466885089,0.08892888851058359
5090,0.6404268714030568,0.9240144978795904,0.08892923984632588
5091,0.6404145570579202,0.924011042972974,0.08893402036991563
5092,0.6404070581032028,0.9240066618900565,0.08895201041949204
5093,0.6404370189673566,0.9240166615196629,0.08894706611825313
5094,0.6405008543808518,0.9240285211879815,0.0889395056062492
5095,0.6405008543808518,0.9240285211879815,0.0889368298218814
5096,0.6405056066240853,0.9240300891544994,0.08893045448899044
5097,0.6405238065244516,0.9240193362860756,0.08893823832830085
5098,0.6405457052776923,0.9240084796551618,0.08894205433594776
5099,0.6404943189662737,0.9240040486125268,0.08895632686602023
5100,0.6404580081378124,0.9239838533574994,0.08896463899852253
5101,0.6404866167892076,0.9239998250948721,0.08896537774162235
5102,0.6405686618305959,0.9239940067093133,0.08896254418292186
5103,0.6405522676113365,0.9239734079334909,0.08897071955296111
5104,0.6405095726379351,0.9239629817247584,0.08898347829348811
5105,0.6404454192725317,0.9239303541861889,0.08900606366729016
5106,0.6404414913309862,0.923955699135172,0.08900613323212767
5107,0.6404147022172453,0.923929831530683,0.08901888093062972
5108,0.6404581754189024,0.9239092404409709,0.08899392704154364
5109,0.6403940825906407,0.923882385171298,0.08901457152250726
5110,0.6403949998961533,0.923880029378466,0.08900257073548049
5111,0.6404040495031307,0.923894978863158,0.08900848021803964
5112,0.6404080499431758,0.9238849023724479,0.08901666587908978
5113,0.6404465900628236,0.923885248247415,0.08902589402975336
5114,0.6404340969492891,0.9238807441867315,0.0890414442807831
5115,0.6404471124766905,0.9238984760433816,0.0890422207518255
5116,0.6404757021267794,0.9238950826256481,0.08904694398363201
5117,0.6405254999994411,0.9239090290729354,0.08905586867461938
5118,0.6405478695865022,0.9239207311759913,0.08905637396966753
5119,0.6405760521786702,0.9239202123635405,0.08905357512444886
5120,0.6405636130731385,0.9239112042421734,0.089064341895387
5121,0.6405523318364786,0.9239119843823771,0.08907086897462756
5122,0.6405384090640858,0.923910451003356,0.08907375224194214
5123,0.6405148459204474,0.9239012507292294,0.08907612660570409
5124,0.6405793794292489,0.9239133025503076,0.0890842383565888
5125,0.6406412080557916,0.9239115654893613,0.08908151532022338
5126,0.6406675812114182,0.92392453580063,0.08907635056011821
5127,0.6406678388546427,0.9239182331901172,0.08908457431432162
5128,0.6406658487093277,0.9239242860020427,0.08909217500234812
5129,0.6406836519172118,0.9239260000046577,0.08909306270659899
5130,0.6407199089785842,0.9238945023243144,0.08913308414448023
5131,0.6407249645619337,0.923892922828631,0.08912589317317697
5132,0.6407196745398496,0.9239174146193616,0.08913170270243835
5133,0.6407124218835492,0.9239316339235675,0.08913008775638398
5134,0.6406952218617533,0.9239297239251376,0.08913156329673774
5135,0.640705630937838,0.9239280022364121,0.08913330496232923
5136,0.6407331083915803,0.923933217262306,0.08912817444361987
5137,0.6407117832118722,0.9239241591812214,0.08913265414266705
5138,0.6406713041500598,0.9239026111707669,0.08914394278340898
5139,0.6406750051930016,0.9239123494726202,0.08915252147257789
5140,0.6406604257661181,0.9239104087297489,0.08915270944508047
5141,0.6406692899133036,0.923915789007016,0.08915481227695536
5142,0.6406735819065122,0.9239174069332513,0.08915349369550367
5143,0.6406287824049902,0.9238843720308315,0.08917781010646988
5144,0.6406107748859865,0.9238822199199247,0.08918318938970127
5145,0.6405867082452793,0.9238556067627287,0.08919689771910366
5146,0.6406046618972727,0.9238559872251927,0.0891993400664781
5147,0.6405125622713602,0.9238429477389304,0.08922040947056273
5148,0.6405377170559406,0.9238346928563806,0.08922587806039786
5149,0.6405368562739243,0.9238471789426954,0.08922412391981321
5150,0.6405368562739243,0.9238471789426954,0.08921377477264805
5151,0.6405653091827862,0.9238404343808356,0.08921407344480183
5152,0.6406085494900782,0.923832725212123,0.08921094100431663
5153,0.6405892832464886,0.9238411338168804,0.08921399100141542
5154,0.640578295271094,0.9238234250185614,0.08922038393848843
5155,0.6406071603565435,0.9238265455793763,0.08922101746955803
5156,0.6406072054396795,0.9238193513800592,0.08922479573694847
5157,0.640605177963785,0.9238247431864918,0.0892256128089969
5158,0.6406116779358232,0.9238248123614853,0.08921831730296985
5159,0.6405841948308784,0.923829420184659,0.08922718436243782
5160,0.6405841889262646,0.9238149395527002,0.08923611944153967
5161,0.6405849726892244,0.9238167457886398,0.08922893016209953
5162,0.6405643045181143,0.9238153738179368,0.08922828143738819
5163,0.6405585095611817,0.923815077902687,0.08924099413926811
5164,0.6405748156550258,0.923844208261033,0.08924245153811383
5165,0.6405058914418129,0.9238301542082004,0.08925415855240697
5166,0.6404970886938115,0.9238272603876417,0.08924902012767742
5167,0.640517848573153,0.9238363338409471,0.08924770515947877
5168,0.6405180540957559,0.9238319027983122,0.08925422490000477
5169,0.6404948830315932,0.923845134437334,0.08925514176390358
5170,0.6405085735733156,0.9238582930583071,0.08925872087748032
5171,0.6405193183106056,0.9238593844859813,0.08926739621894904
5172,0.6405044487475453,0.9238623551676437,0.08927264385230714
5173,0.640526719759027,0.9238665056672497,0.08927434535966719
5174,0.6405955818438502,0.9238835419309104,0.08927467331657356
5175,0.6406125032705475,0.9238751986580912,0.0892901798242119
5176,0.6406124561701698,0.9239010893209113,0.08929699781494678
5177,0.6406463379638903,0.9239073611869826,0.08929728146601662
5178,0.6406549612129956,0.9239098361145255,0.08930146936000134
5179,0.6406622755358958,0.9239094979256687,0.08930257106266926
5180,0.6406668487363355,0.9239055818524293,0.08930564062059546
5181,0.6406713852814775,0.9239005858806814,0.08930312837062616
5182,0.640661674141279,0.923929650907089,0.08931121446785037
5183,0.6406566924856861,0.9239232137896445,0.08933373241906338
5184,0.6407074303212174,0.9239111120088488,0.08939005091126045
5185,0.6407284965374822,0.92391375603082,0.08938724326962653
5186,0.6407322394568582,0.9239198088427455,0.08939362983872608
5187,0.6407766855348817,0.9239424060072671,0.08939528886556874
5188,0.6407468454954632,0.9239519675285817,0.08940344186679158
5189,0.6407556910926283,0.9239467717179638,0.08940484081173465
5190,0.6407294394251057,0.9239524671257565,0.08940879910823867
5191,0.6407787178613721,0.9239548498199748,0.08940387341959416
5192,0.6408231245747854,0.9239626819664535,0.08940280201314162
5193,0.640867574798821,0.9239754908694043,0.08940466275735995
5194,0.6408351923368756,0.9239477209525959,0.0894217108771754
5195,0.6408367778523407,0.9239636465733064,0.08942194572072909
5196,0.6408550348741017,0.9239639847621632,0.08943200334936395
5197,0.6407955627749242,0.923957090321151,0.08944459330327102
5198,0.6408236976269928,0.923959004162636,0.08944014445227634
5199,0.6408248661731868,0.9239642460899161,0.0894411556580181
5200,0.6407983285359792,0.9239567828767358,0.08944939194994167
5201,0.6408421853215508,0.923973569341809,0.08944676814474875
5202,0.6408322740694475,0.9239771510692467,0.0894513599235869
5203,0.6408603411999021,0.9239705371712634,0.08944977221354204
5204,0.640920434590022,0.9239838917880513,0.08944960288473562
5205,0.6408927379348176,0.9239993677713044,0.08945673199246047
5206,0.6408925629279614,0.9240244629217,0.08945437488806282
5207,0.6408921832821156,0.9240266726784347,0.08945666226480203
5208,0.640908634326871,0.9240441393642768,0.08945796685737303
5209,0.6409194525531399,0.9240269762797948,0.08946559146462099
5210,0.6409065831025289,0.9240313458335467,0.08946552154918076
5211,0.6408901391630043,0.9240282022144006,0.08947417300270132
5212,0.6408765841423625,0.9240198512554711,0.08947513000917624
5213,0.6408741785852914,0.924022126344144,0.08947362388877435
5214,0.6408939829407214,0.9240170304529611,0.08947368517183324
5215,0.640926906567709,0.9240145170948664,0.08947578877769757
5216,0.6409377716624686,0.9240179105125998,0.08947708648153967
5217,0.6409490724951596,0.9240210387595251,0.08948119883889678
5218,0.6409263925768306,0.9240208235484344,0.08948864071970382
5219,0.6409104124062655,0.9240149244587166,0.08949365868590063
5220,0.6409004053622608,0.9240174147584802,0.08949809346891494
5221,0.640868233952469,0.9240165846585591,0.08951787054806541
5222,0.6408379835966694,0.9240155585628231,0.08952845807991547
5223,0.6408680196829967,0.9240225413941047,0.08953115940188208
5224,0.6408159035282893,0.9240121882034208,0.08954609409932926
5225,0.6407869789842776,0.9240112197535127,0.08955472688421647
5226,0.6408105256196738,0.9240058740637423,0.08955351664169234
5227,0.6407908892493491,0.9240272837242101,0.08955983941146872
5228,0.6407668978214991,0.9240230986371074,0.08956909628658101
5229,0.6407636888290401,0.9240328369389608,0.08957929454231754
5230,0.6407705325006295,0.9240466988390338,0.08957564367461489
5231,0.6407686626256448,0.9240404615604592,0.08957990944830335
5232,0.6407618910884685,0.9240385938356365,0.08958402047700606
5233,0.6407575588347695,0.9240420256839218,0.08958936831762648
5234,0.6407818580632333,0.924057924403246,0.08959113589996726
5235,0.6408132864590598,0.9240780543263352,0.08959176784414362
5236,0.6408363002134616,0.9240853177006456,0.0895958811686921
5237,0.6408904169916617,0.9240855252256259,0.08959390108627327
5238,0.6409428679151465,0.924087500555994,0.08961288029671483
5239,0.6409283013891637,0.9240735925392587,0.08962666366509037
5240,0.6409009865549329,0.9240591311225759,0.0896423420582806
5241,0.6408676905886355,0.9240470639292769,0.08965076437201455
5242,0.6408467018517519,0.9240436282379364,0.08965436471862581
5243,0.6408205819213135,0.9240448618586526,0.08965380073116211
5244,0.6407975807612067,0.9240395046397167,0.08966440900959946
5245,0.640787860728916,0.9240263498617988,0.08966537193988383
5246,0.6407391686001408,0.924007115370569,0.08968255838770996
5247,0.6407571808019714,0.9240102436174943,0.08969258917204673
5248,0.6407988250233625,0.924008083820477,0.08969856377926692
5249,0.6408211709431906,0.9240151665711936,0.08969632911597306
5250,0.640822085903753,0.9240190480569364,0.0896979216532221
5251,0.6407589135599149,0.9240024768029538,0.08971507143246504
5252,0.6407725343610479,0.9240021924168696,0.08971425582815896
5253,0.6407840965802312,0.9240056012068238,0.08970575262956214
5254,0.6407834714437413,0.9240053283499053,0.08972504154910646
5255,0.6408292734960577,0.9240003631225988,0.08972453046649576
5256,0.6409235981731571,0.9239491428830165,0.08978775942318076
5257,0.6409248965933854,0.9239414414004142,0.08979293626158875
5258,0.6409396046890589,0.9239420831906311,0.0897905492664223
5259,0.6409661321163345,0.923953704589528,0.0897909612650825
5260,0.6409436060277577,0.9239616827721039,0.08979656662966395
5261,0.6409696829514087,0.9239679392659544,0.08978961178770231
5262,0.6409902751498339,0.9239653528898111,0.08978997369674034
5263,0.6410202676324402,0.9239653375175904,0.08979268678867314
5264,0.641055714948602,0.923974760688918,0.08979063271173658
5265,0.641035349049541,0.9239792378482153,0.08979108732277438
5266,0.6410346848869336,0.9239755907888393,0.08979583898607173
5267,0.6410582704666502,0.923979030323235,0.0897947150874316
5268,0.6411491235943839,0.9239588927140354,0.0898597837141777
5269,0.6411377916967692,0.9239536700020312,0.08986622322577026
5270,0.6411396745113007,0.9239451345764526,0.08987504074199765
5271,0.6410928168503408,0.9239271913517669,0.0899053841890704
5272,0.6410798954861973,0.9239258501255053,0.0899082289177896
5273,0.6410765611817905,0.9239236595840467,0.08991256738399526
5274,0.6411234141098513,0.9239249854380874,0.0899130886478287
5275,0.6410777724621932,0.9239105816672325,0.08992657543778498
5276,0.6410448514382702,0.9239066809662139,0.08993921389820482
5277,0.641052063326797,0.9239165038152815,0.08994181825114188
5278,0.6410941675181463,0.9239166460083235,0.08994411596778669
5279,0.6410907703585875,0.9239040061998011,0.08997613702091327
5280,0.6411041936882902,0.9238854480862849,0.08998161335679251
5281,0.6411182636916924,0.9238773200245565,0.08997735245987368
5282,0.6410851028147482,0.9238810439450363,0.08998476502443156
5283,0.6410590555102768,0.923871709163978,0.08999779487408566
5284,0.6410579351007966,0.9238795528396223,0.08998986136013233
5285,0.6410876664497255,0.9238799871048589,0.08999184911206591
5286,0.6410632158476219,0.9238588272429786,0.09000621518835514
5287,0.6410725456319895,0.9238708444765601,0.09001950187509238
5288,0.6410604298164045,0.9238736537499045,0.09001977477893215
5289,0.6410546871838131,0.9238725469500096,0.09002073928238541
5290,0.641032823653655,0.9238771816745697,0.09002605152661597
5291,0.6410235040454818,0.9238780002453253,0.09003064846401956
5292,0.6410406339335576,0.9238818240852401,0.09003609434638794
5293,0.6410677146966476,0.9238769933648653,0.09003396751637037
5294,0.6410825476861688,0.9239261191393687,0.09006423461104743
5295,0.6410811973320838,0.9239281482725095,0.09006270688914204
5296,0.6410861588107996,0.923931683883285,0.09006049677034235
5297,0.6411257975497863,0.9239314456138631,0.09005906648694813
5298,0.641142399490191,0.9239304041459064,0.09006433803420988
5299,0.6411113011421254,0.9239292896599011,0.0900797348874838
5300,0.641091717119938,0.923930235051478,0.09008225562854565
5301,0.6410989839299117,0.923948024553956,0.0900870930645233
5302,0.6410727302014338,0.9239337476039223,0.09010057522043974
5303,0.6410618591993477,0.9239342126136004,0.09010881727338323
5304,0.641097642704011,0.9239410686240608,0.09011380832548442
5305,0.641072541152692,0.9239175798707349,0.09013327388786294
5306,0.6411575328127055,0.9239465680360387,0.09012825801813791
5307,0.6411795145840102,0.9239471982970899,0.09012349047472128
5308,0.6412516291738769,0.9239669400716048,0.09015658578354921
5309,0.6412562434037123,0.9239439393862883,0.09016354396251737
5310,0.6412546992633142,0.9239395659894811,0.090172267051816
5311,0.6412131887547076,0.9239103357117002,0.09012511586326599
5312,0.6412076201467151,0.9238871467166793,0.09013991665347085
5313,0.641205148389368,0.9239334939622798,0.0901454033307342
5314,0.6412157782232357,0.9239565407642587,0.09014072118108976
5315,0.6412429160616009,0.9239412646198755,0.09014002502130725
5316,0.6412925229585553,0.9239448463473132,0.09013426082206076
5317,0.6413014700891413,0.923966317496664,0.09013682160131302
5318,0.6413141089402166,0.9239665634521962,0.09014141934491601
5319,0.6413352948060241,0.9239666710577416,0.09014674005924787
5320,0.6413150968546582,0.9239585929557306,0.09015690960250881
5321,0.6413039046116035,0.9239532126784635,0.0901552119051159
5322,0.6413070987256446,0.9239545654338907,0.0901594741270208
5323,0.6412978835692621,0.9239503457592912,0.09016802967299939
5324,0.6412840156066381,0.9239499883551585,0.09017143107144428
5325,0.6412788490210395,0.9239510182939495,0.09017180674972686
5326,0.6413080235698664,0.9239504533648365,0.09017417849413897
5327,0.6413134005071847,0.9239515601647315,0.09016753849534931
5328,0.6413450675084846,0.9239558874448762,0.0901686473767063
5329,0.6413254485684265,0.923952436381315,0.09017640759594105
5330,0.6413495660929601,0.9239693227658231,0.09018393084126022
5331,0.6413257107074255,0.9239659024467034,0.09018901587756717
5332,0.6413540842527817,0.9239624590692525,0.09018786857238598
5333,0.6413164287514239,0.9239625282442459,0.09019218157596427
5334,0.6413051650251648,0.9239521174077342,0.09020081919413328
5335,0.6412516688666542,0.9239437241751975,0.09021671412717208
5336,0.6412891364841504,0.92396946111581,0.09021220297871546
5337,0.6413058341087134,0.9239794030995885,0.09021398943586817
5338,0.6413321098212059,0.9239863205989318,0.09021204966379243
5339,0.641356136220966,0.9239976076520271,0.0902158861070546
5340,0.6413001168079723,0.9240081529954706,0.09027327531796456
5341,0.6412828108631689,0.9240111083049122,0.09028258582289683
5342,0.6413052222478774,0.9240089984676125,0.09028590058577098
5343,0.6412145327906045,0.9239920813386628,0.09029337668145399
5344,0.6411910115590206,0.9239948713967313,0.09029791469694105
5345,0.6412094418955562,0.9239901367527362,0.090304192953745
5346,0.6411701057359753,0.9240012239669616,0.09031834515446181
5347,0.6411679546347984,0.9239956015772175,0.09032339794570114
5348,0.6411684838298913,0.9239790956551732,0.09033505393621023
5349,0.641163602045954,0.9239656833925575,0.09034584245045493
5350,0.6411714456334419,0.9239612561929778,0.09034592544085417
5351,0.6411948500192042,0.9239662713800016,0.09034321835032226
5352,0.6412425587784797,0.9239729851974199,0.0903538784526335
5353,0.6412406311573339,0.9239607220083063,0.0903570761277169
5354,0.6412544785562132,0.9239653144592592,0.090362878692327
5355,0.6412512060431,0.9239730697446341,0.09036620399585168
5356,0.6412621649450401,0.9239741381139772,0.09036698507139478
5357,0.6412262286077117,0.9239652491273209,0.09037254690488562
5358,0.6411868054014306,0.923963073958083,0.09038429299317027
5359,0.6411788848918637,0.9239580357127279,0.09039234636333765
5360,0.6412040953593151,0.9239823622520854,0.09046089122735944
5361,0.6411911738626868,0.9239923234511398,0.09046470154972755
5362,0.6411914803259753,0.9239844336588332,0.09047125124653986
5363,0.6411903918737978,0.9239869739183143,0.09047394869695147
5364,0.6411818746976372,0.9239895526083473,0.09047276019603574
5365,0.6411649475209832,0.9239923157650294,0.0904771494482261
5366,0.6411752486362651,0.924003952536147,0.09047185041342534
5367,0.6411701741467952,0.9240108469771593,0.09047829790424818
5368,0.6412162921482045,0.9240081145649186,0.09048280276608346
5369,0.6412458402168107,0.9239986106894319,0.09049374252282508
5370,0.6412604818689924,0.9240042522944519,0.09049671658420537
5371,0.6412576172072519,0.9240154394281122,0.09049781759504459
5372,0.6412326348606562,0.9240060892748331,0.09050342813331055
5373,0.6412523426871903,0.9240089715662262,0.09050928278230123
5374,0.6412559774318243,0.9240111582646297,0.09050026365809605
5375,0.6412381381168427,0.9240050439638212,0.09051004230578535
5376,0.6412330614860562,0.9240051861568632,0.09050794042897503
5377,0.6412202553936578,0.9240027765612586,0.09051435339184516
5378,0.6412151157833421,0.9239927807747075,0.09051968293936861
5379,0.6412138032795798,0.9239917085623093,0.09051946687839331
5380,0.6412405641232244,0.9239932380982752,0.09052417077962055
5381,0.6412426850126476,0.9239950866078219,0.09051883337387474
5382,0.6412338274911995,0.9239843875421709,0.09053009192315573
5383,0.6412324616135696,0.9239731542918483,0.09054207891514894
5384,0.6412453528290492,0.9239693035505472,0.09054400762253569
5385,0.6412414793736871,0.9239700529463094,0.09054325989821466
5386,0.6412522616107297,0.9239897447611068,0.09054578448635832
5387,0.6412500495677378,0.9239843760130053,0.09054792745010645
5388,0.6412829306752752,0.9239953056619679,0.09055172376459872
5389,0.6412720185278316,0.923999659843499,0.09057123139144814
5390,0.6412994254276337,0.923995770671646,0.09057026918909185
5391,0.641317586240281,0.9239983801061205,0.09057315004017495
5392,0.6413229976072553,0.9240015852141495,0.09057284650966713
5393,0.6412800943454864,0.9240098055092025,0.09059156687105686
5394,0.6413070152929268,0.9240136331921726,0.09063310738701628
5395,0.641307168683904,0.9240222301066342,0.09063596508025874
5396,0.6412693444733548,0.9239795606648513,0.09067519090544893
5397,0.6413240640861443,0.9239883535751278,0.09067044357770247
5398,0.6413514870532585,0.9239796221537344,0.09067578025536308
5399,0.6413579543015963,0.9239781156760996,0.09069112653561774
5400,0.6413297982219057,0.9239657064508886,0.0907037561479447
5401,0.641371881426241,0.9239835497561393,0.09069715529265646
5402,0.6414087787875055,0.9239902558874472,0.0907026624164856
5403,0.6414234682393348,0.924006269898427,0.09069765415641269
5404,0.6414197475493819,0.9240045597388672,0.0907057922771262
5405,0.6414306644259914,0.9240018234835714,0.09070449360215037
5406,0.6414005182105487,0.9239949328856143,0.0907076676908278
5407,0.6414503664303891,0.9240000864226251,0.09070402054092463
5408,0.6415008366371266,0.9240210502886906,0.09069525511787048
5409,0.6415274760697343,0.9240118192701225,0.09070940598276866
5410,0.6415672383941724,0.9240182025847944,0.09070558124058907
5411,0.6415759658745728,0.9240220763844266,0.09070592024246314
5412,0.6416213664723069,0.9240246589175148,0.09070401634478886
5413,0.6415289829938771,0.9239538506256252,0.09071473786746888
5414,0.6415307237788619,0.9239643921260134,0.09072805519664573
5415,0.6415488190219969,0.9239715325225578,0.09073154845202688
5416,0.6415839030401912,0.9239824890729067,0.09073351657868498
5417,0.6415600587303665,0.9239812746674664,0.09072760366211258
5418,0.6415595143873732,0.9239752948735895,0.09072691472826061
5419,0.6415605914138824,0.923975364048583,0.09071180997724948
5420,0.6415721722413767,0.9239747760611389,0.09072271969827733
5421,0.6415608469129196,0.9239711981767562,0.09072993159239294
5422,0.6415457658422082,0.9239744378722821,0.09073461906914727
5423,0.6415413406170106,0.9239789842065727,0.09073839271120201
5424,0.6415355981097024,0.923978507667729,0.09074547349605136
5425,0.641525734480428,0.9239656757064472,0.09075770905957024
5426,0.641480708998897,0.9239634851649884,0.09076598298432542
5427,0.6414784070265022,0.9239644267135101,0.09077625125117345
5428,0.641441222760412,0.9240148475976128,0.09079026711834594
5429,0.6414335154277485,0.923995670752211,0.09081305165956206
5430,0.6414578600725234,0.9240129183839071,0.09080800966726288
5431,0.6414611105070432,0.9240207966470481,0.09081351391048495
5432,0.6414421188799657,0.9240206659831716,0.09082090095283635
5433,0.6414663927962921,0.9240262115118119,0.0908115563423971
5434,0.6414687911102332,0.9240211886386775,0.09081474511944523
5435,0.6415293923815739,0.924036549330275,0.09081223219775807
5436,0.6415912789347851,0.9240555993548556,0.09081303955407875
5437,0.6415633990923963,0.9240438665073581,0.09081842392353419
5438,0.6415562248484447,0.9240432669907485,0.09082299356075285
5439,0.6415605280622783,0.9240352964942828,0.09082492908017777
5440,0.6415520408206289,0.9240534280286727,0.09083673152781659
5441,0.641561419911103,0.9240568406616821,0.09084119857304557
5442,0.6415756134189095,0.9240745225586149,0.09084753949546129
5443,0.6414950530449536,0.9240661370121886,0.09085404904598592
5444,0.6415521131607909,0.9240638772957365,0.0908669445397977
5445,0.6415366315123658,0.9240540429175033,0.09087208078119176
5446,0.6416386408577189,0.9241051324932091,0.09101064836202405
5447,0.6416211817137222,0.9241064199166981,0.09102311634828464
5448,0.6416429327217256,0.9241023462781959,0.09101976582817013
5449,0.6416429327217256,0.9241023462781959,0.0910173337365878
5450,0.6416703527497529,0.9241179990419879,0.0910167651614488
5451,0.6416700315174708,0.9241181988808578,0.09101906958532628
5452,0.6416647288373769,0.9241207083958973,0.09102215996778844
5453,0.6416473432420737,0.924116692403223,0.09106566202278082
5454,0.641642484041607,0.9241231525789987,0.09107323673511178
5455,0.6416261724315958,0.9241231910095505,0.09107368977117392
5456,0.6416314613250198,0.9241330676613908,0.0910795984677048
5457,0.6416688213795724,0.9241536433788821,0.09107714676046827
5458,0.6416605921450377,0.9241400312773964,0.09108485526132337
5459,0.6416864418151497,0.9241495851126006,0.09109122162236558
5460,0.6416759186111667,0.924147175516996,0.09109277989481837
5461,0.641677303516005,0.9241475137058528,0.09110004294725256
5462,0.6416892904179153,0.9241454730435466,0.09110071010331686
5463,0.6416845251800308,0.924147617468343,0.09111586560917362
5464,0.6416922377962083,0.924143205640984,0.09111564412975341
5465,0.6417079889134106,0.9241426253396502,0.09112216959546549
5466,0.6416929392422491,0.9241279602410423,0.09114735561769914
5467,0.6416876634851056,0.9241321607003657,0.09114167183604288
5468,0.6416833597315379,0.924135630979203,0.09114961233700686
5469,0.6416998565029246,0.9241370029499061,0.0911495603720068
5470,0.6416862742279954,0.9241209159208776,0.09115717645696728
5471,0.6416945693992824,0.9241203048751023,0.09116497048128615
5472,0.641706096862389,0.9241182104100233,0.09116693299044809
5473,0.6417273139375993,0.9241192749363112,0.09116435868185749
5474,0.6417363223382044,0.9241238981317056,0.0911605382564366
5475,0.6417503845729928,0.9241239903650302,0.09116151167988831
5476,0.6417681656664082,0.924115381921403,0.09116386325943589
5477,0.6417772151595486,0.9241168960851481,0.09117599019607531
5478,0.6417872669811685,0.9241145249200954,0.09118134420758979
5479,0.641800103071444,0.9241153165894647,0.09118239116174102
5480,0.6418015164716796,0.9241235791581248,0.09119757006534773
5481,0.6417810589899493,0.9241383441761677,0.09120557596663334
5482,0.6417709378930344,0.9241326602975406,0.09121036164966904
5483,0.6417715797410746,0.9241290785701027,0.09121401266949034
5484,0.6417715797410746,0.9241290785701027,0.09119880526330008
5485,0.6417584684185469,0.9241397276760364,0.0912044105944402
5486,0.6417390921772217,0.9241403809954187,0.09120825186110852
5487,0.6417439087413317,0.9241283637618373,0.09121212322286737
5488,0.6417438105242791,0.9241303698366469,0.09121244041746326
5489,0.6417537312173329,0.9241290555117716,0.09120593343999853
5490,0.6417369049859837,0.9241267496786572,0.0912075117502729
5491,0.6417482040238373,0.9241368915013056,0.09121033162592027
5492,0.6417607378017219,0.9241377446595579,0.09121198907140578
5493,0.6417725775724119,0.9241431134076594,0.09121311548543254
5494,0.6417770576399957,0.9241415800286383,0.09122043752600052
5495,0.6417844624501514,0.9241366916624356,0.09122914531193822
5496,0.6417692493359506,0.9241159968102335,0.09123944334473337
5497,0.6417620795313485,0.9241101207788468,0.09124708246529606
5498,0.6417483570267232,0.9241126648813831,0.09124626594066758
5499,0.6417747899886316,0.9241139484618168,0.09124161017614886
5500,0.6418044130152624,0.9241252432010224,0.0912602949835692
5501,0.6418123567182957,0.9241290324534405,0.0912707007227885
5502,0.6418075545703295,0.9241288941034537,0.09128286810470923
5503,0.6418241760068301,0.9241192634071456,0.09129298585739677
5504,0.6418349974937139,0.9241043907835573,0.09130359580544084
5505,0.6418109068838386,0.9241066658722303,0.09131034477807227
5506,0.6418221718676178,0.9240998713506531,0.091312903235271
5507,0.6418452646360541,0.9240934995651467,0.0913208101427657
5508,0.6418423160815387,0.9240719861421889,0.09132662145109899
5509,0.6418596526117808,0.9240755102237989,0.09133079956851738
5510,0.6418910766581705,0.9240792379873339,0.09133338345606834
5511,0.6418870317812065,0.9240719092810851,0.09134374951403441
5512,0.641923097003304,0.924086170858898,0.0913462743101362
5513,0.6418969459913517,0.9240717555588774,0.09134942284646685
5514,0.6418948330698993,0.9240650071539626,0.09135756305601095
5515,0.641848348773754,0.9240632854652371,0.09136757334568191
5516,0.6418310798210308,0.9240545463577333,0.09137152779991538
5517,0.6418379051310632,0.9240485896221876,0.09137888084646177
5518,0.6417547571064134,0.9240535817508804,0.09141237356574955
5519,0.6417593053710787,0.9240501537456502,0.09141492163555404
5520,0.6417700391005345,0.9240582818073787,0.09141789968276537
5521,0.6417759845720868,0.9240532589342444,0.09143024649809008
5522,0.6417940243872147,0.924060603012714,0.0914255864168094
5523,0.641835172038971,0.9240758138251589,0.09142184825631
5524,0.6418571088739966,0.92408751977127,0.0914196866121601
5525,0.6418170210900103,0.9240780043666177,0.09142777748145398
5526,0.641785702547212,0.924059757540572,0.09143423832454971
5527,0.6417798627203778,0.9240571058324903,0.09143355151659296
5528,0.6417799456175389,0.9240416721228443,0.09145019971097874
5529,0.6417524274215565,0.9240394969536063,0.09146076874877615
5530,0.64172677198047,0.9240244475494793,0.09146367590354232
5531,0.6416252452785911,0.9240326025125941,0.09148461402234931
5532,0.6416392010849176,0.9240344894526927,0.09148093579431871
5533,0.6416455259807574,0.9240334979444536,0.09148031721895254
5534,0.6416402576911104,0.9240479247736396,0.09148453022498958
5535,0.6416463960405903,0.9240539775855651,0.09149184032079728
5536,0.641654732410424,0.9240515756760709,0.09149436975723875
5537,0.6416949403818255,0.9240775739444363,0.09148427345191527
5538,0.6416973589913442,0.9240805984288715,0.09148972151792546
5539,0.6417190739835062,0.92408580961171,0.09149473095159893
5540,0.6417307038938236,0.9240878656462371,0.09150250137586083
5541,0.6417503975621569,0.9240856943200544,0.09151308380099969
5542,0.6417805886480447,0.9241079725109952,0.09151371243248706
5543,0.6417967924694674,0.9241062546653249,0.09151958174761919
5544,0.6418440469081194,0.9241008474866715,0.09151541733327508
5545,0.6418486564679612,0.9241006130603049,0.09152367125529973
5546,0.641865424606962,0.9240990604660078,0.09152574972054686
5547,0.6418708970015145,0.9240999097812049,0.09151947456250799
5548,0.6418348383953927,0.924113429649366,0.09152663977132479
5549,0.6418294836704064,0.9241148554228418,0.09151585871284666
5550,0.6418120093812516,0.924111273695404,0.09152643491581025
5551,0.6418025559527327,0.924108595085936,0.09153156996232406
5552,0.6418123954873788,0.9241128762494185,0.09153714409375162
5553,0.6418308106059695,0.9240995139465203,0.09153785701885377
5554,0.6418878037896477,0.9240956363038328,0.091538742435779
5555,0.6419083963356006,0.9241246206260815,0.09153957210252388
5556,0.6419046142530928,0.9241186946349773,0.09154639325001118
5557,0.641920253907763,0.9241078111026771,0.09152678212720008
5558,0.6419177409892035,0.924105209354313,0.09152456246889581
5559,0.6419180560540024,0.9241040372224798,0.09153257960896438
5560,0.6419018106712876,0.9240812363760331,0.09154647451411758
5561,0.6419129747504735,0.9240868895102187,0.09154381266718481
5562,0.6418993410447448,0.9240881423462108,0.09154793781367225
5563,0.6419079936386861,0.9240877849420781,0.09154776811059931
5564,0.6418957982276603,0.924080387060836,0.09155607207216561
5565,0.6419370528987449,0.9240855598131227,0.09155617314804915
5566,0.6419569306868913,0.9240795300595284,0.09155780081956993
5567,0.6419539266300154,0.9240863553255472,0.0915543535085156
5568,0.6419657261183163,0.9240897525863357,0.09156153098921348
5569,0.6419545724764539,0.924085183193714,0.09157198792093826
5570,0.6419530762768828,0.9240802025941868,0.09157937875882086
5571,0.6419429610636948,0.9240772165403035,0.09158667969388912
5572,0.6419314940009361,0.924071302078365,0.09158818130897761
5573,0.6419036917717877,0.924055184304895,0.09160460690885948
5574,0.6418973395723996,0.9240567868589095,0.09160405475087968
5575,0.6419080865726445,0.9240682968092058,0.09162116868689904
5576,0.641794743618143,0.9239991756185449,0.09170493665284107
5577,0.6417734854687361,0.9239949905314422,0.09171775697969288
5578,0.6417745624346768,0.9240018119544058,0.09171394150393185
5579,0.6417888775249708,0.9240050285916004,0.09170962004155726
5580,0.6417900867237375,0.9239917585220268,0.09172423821479478
5581,0.641749459791536,0.9239787651524268,0.09173809632744596
5582,0.6417536551724256,0.9239750489180574,0.09174051248128907
5583,0.6418074944278097,0.9239816397577095,0.0917384532549949
5584,0.6418247364113042,0.923988741723702,0.09174066260511363
5585,0.6417868991782778,0.923969684013011,0.09175361286850603
5586,0.6417707861797374,0.9239761672471178,0.0917559812082078
5587,0.641756737977184,0.9239795606648513,0.0917572408023593
5588,0.6417932793584555,0.9240214883969824,0.09175221910342286
5589,0.6418165077056639,0.9240296625753732,0.09174269387053592
5590,0.6418209627262177,0.9240155124461609,0.09174990375628499
5591,0.6417728257990428,0.9240039217917055,0.09180836947233363
5592,0.6417905669608877,0.9240118423284537,0.09180673452222395
5593,0.6417788402344901,0.9240168805738087,0.09181619239421747
5594,0.641787174683651,0.9240042868819486,0.09182732542121409
5595,0.6417661477240819,0.9240059778262325,0.09184319279674506
5596,0.6418041387066193,0.9240177375751163,0.09184569070895342
5597,0.641795740975998,0.9240314688113128,0.0918488489664603
5598,0.6417522520868315,0.9240267841270353,0.09185243266172967
5599,0.6417898613958939,0.9240497771262416,0.09184442579112179
5600,0.6417685215134051,0.924036991281622,0.09185181635179789
5601,0.6418143562440454,0.924048958555486,0.09184916547502721
5602,0.6418444323296449,0.9240594577822671,0.09184423285344533
5603,0.6418533899359191,0.924042252424178,0.0918527311711726
5604,0.6418464338148355,0.9240383094495523,0.09185198930484029
5605,0.6418365559567271,0.9240374332329688,0.09185288053613141
5606,0.6418328929724907,0.9240249087161022,0.09186528245872974
5607,0.6418683663099023,0.9240619442389755,0.09185852569418947
5608,0.6418324973411801,0.924065379930316,0.09186413676485121
5609,0.641858229404054,0.924056817603351,0.09184286156111922
5610,0.6418731206974875,0.9240429288018916,0.09185283340467287
5611,0.641874518502415,0.9240453268683306,0.09185706538398547
5612,0.641887108648368,0.9240462376724109,0.09186285247169763
5613,0.6419810876981604,0.9240394354647232,0.09186847111202377
5614,0.6419730981277909,0.9240361919261423,0.09187416164578516
5615,0.6420018026417689,0.9240517447704992,0.09187736695177148
5616,0.6419722188369077,0.9240368414024694,0.0918912405057684
5617,0.6419558972886041,0.924015635423927,0.09190229403008143
5618,0.6419669152791994,0.9240268686742495,0.09189416812172033
5619,0.6419869902766567,0.9240211732664568,0.09190375391334624
5620,0.6419898699890088,0.9240194976943936,0.09190333843313368
5621,0.6419926770626531,0.9240374601343552,0.09190484362386733
5622,0.642009350223491,0.9240664213982728,0.09190715759648593
5623,0.6420268754234135,0.92406888479665,0.09190540099833769
5624,0.6420318325439204,0.9240600842002632,0.09191175267929304
5625,0.6420466698945934,0.9240593924503289,0.09191274340901791
5626,0.6420715865769981,0.924051479599691,0.09191596385667042
5627,0.642077764640949,0.9240489816138171,0.09191555681834854
5628,0.6420653821321101,0.9240378905565366,0.09191924369967558
5629,0.6420751741528933,0.9240453998863793,0.09191969952937432
5630,0.6420521221550896,0.9240352119470686,0.09191507477129789
5631,0.6420177289906335,0.9240238826203663,0.09192232773469189
5632,0.6420253920108919,0.924029820140636,0.09192038567103031
5633,0.642042724508381,0.9240456419988563,0.09192605339802946
5634,0.642021679506288,0.9240106778827308,0.0919465460532121
5635,0.6420505233308237,0.9240153817822844,0.0919476674932957
5636,0.6420487650836082,0.9240084335384995,0.09198556375839513
5637,0.64203413584297,0.9240039909666989,0.09198865812335995
5638,0.6420598885598748,0.9240143210990517,0.09199176735880367
5639,0.6420944095093707,0.9240015390974873,0.09200696803217007
5640,0.6421205049022365,0.9240070154511341,0.09199686643998285
5641,0.6421306365759094,0.9240044175458251,0.09199979724767231
5642,0.6421490669622862,0.92398940657225,0.09199846401244248
5643,0.6421722286612348,0.9239886072167703,0.09199830930744685
5644,0.6421649934790102,0.923985759512874,0.09200237065290401
5645,0.6421038667231564,0.9239562909656713,0.09203040712198071
5646,0.6421217958588539,0.9239505186967748,0.09203646058083424
5647,0.6421030235430866,0.9239506339884305,0.09205036360127207
5648,0.642086408273804,0.9239484357608614,0.09206251381259892
5649,0.642122680972562,0.9239462682777339,0.0920638771962256
5650,0.6420877664125431,0.923947017673496,0.09207131179432593
5651,0.6420783439851352,0.9239479861234041,0.09208441675203502
5652,0.6420779861478942,0.9239466487401977,0.09209142865963771
5653,0.6420951414807251,0.9239475518581676,0.09208974763976802
5654,0.6420820233022745,0.9239522480716106,0.09210351072276354
5655,0.6421195389236196,0.9239538583117356,0.09210125830337668
5656,0.6421359085858247,0.9239455150389164,0.09210188463377827
5657,0.6421510558125294,0.9239511220564397,0.0920986539649263
5658,0.6421939878265227,0.9239711559031492,0.09209396598843321
5659,0.6422291570464939,0.9239849640004495,0.09208977947534416
5660,0.642238848305669,0.9239921005539388,0.09207959984321053
5661,0.6422312288510968,0.923952697709068,0.0920996713558793
5662,0.6422119102583299,0.9239504572078917,0.09210274494354882
5663,0.6422239269107748,0.9239658217425444,0.09210005469451472
5664,0.642221051294957,0.9239724779141347,0.09210582289861062
5665,0.6422006781884454,0.923952417166039,0.09211463858907935
5666,0.6421736316328098,0.9239585084085163,0.09212172598453934
5667,0.6421624819820981,0.9239631469761316,0.09212901332990038
5668,0.642144385292049,0.9239600610028135,0.09214051657392613
5669,0.6421032767542318,0.9239482320789363,0.09215133746461383
5670,0.6420631135623762,0.9239541542269852,0.09216115405802532
5671,0.642046683525982,0.9239522480716106,0.09216228882612854
5672,0.6420231571911937,0.9239343817080288,0.09216476452780357
5673,0.6420665127732221,0.9239433437127337,0.09216594688596445
5674,0.6420525714324655,0.92392674940042,0.09217749312109251
5675,0.6420575299492943,0.9239171225471672,0.09218152627222316
5676,0.6420564082973094,0.9239120535573705,0.0921826955190725
5677,0.6419989318621616,0.9239064311676265,0.09220195888592568
5678,0.6419925603449449,0.9239041214914568,0.09220402412617795
5679,0.6419764854074818,0.9239040561595185,0.09220890268442059
5680,0.6419799901897537,0.9238989717975012,0.09221208278859815
5681,0.6419546589778025,0.9238924193884009,0.09221931333383511
5682,0.6419639641538675,0.9238916085037557,0.09222014828029605
5683,0.6419226367814516,0.9238696838738925,0.0922340827965414
5684,0.6418746399377108,0.9238682773156927,0.09223839779681785
5685,0.6418904931635242,0.9238743762442804,0.09224323337167672
5686,0.6418835512599862,0.9238852751488014,0.09224665661423624
5687,0.6418750723017007,0.9238813360172309,0.09225118452103764
5688,0.6418877672170813,0.9238857094140379,0.09225333888281795
5689,0.6418759267985562,0.9238799602034725,0.09225485209632771
5690,0.6418554349949875,0.9238869238194782,0.09225431642778309
5691,0.6418635164100677,0.9238850753099315,0.09225043594062825
5692,0.6418886240798316,0.9238904209997018,0.09224937284524705
5693,0.6418866313110528,0.92389914857804,0.09225824361936914
5694,0.6418991653198792,0.9239014006083818,0.09226061109703897
5695,0.6419004040642233,0.923892257980083,0.0922637885718733
5696,0.641882773676519,0.9238949058451094,0.09226953124700008
5697,0.6419000001647278,0.9238922656661933,0.09226882057844321
5698,0.641886966646293,0.9238738920193263,0.0922808137880496
5699,0.6419046703477854,0.9238783384341821,0.09228679148080615
5700,0.6418914549501886,0.9238833228767644,0.09229712985124196
5701,0.641873278835946,0.9238915277995967,0.09229969921099154
5702,0.6418813366348536,0.923886939191699,0.09230240410642719
5703,0.6419062577726862,0.9238939297090909,0.09229990826819477
5704,0.6419048828809504,0.9238849215877238,0.09232561400487588
5705,0.6419131577321808,0.9238915431718175,0.0923219072604849
5706,0.6418978458104055,0.9239064234815161,0.09233450443481149
5707,0.641865919294622,0.9239003014945972,0.09236571459590294
5708,0.6418775790424989,0.9239091097770944,0.09236498122888391
5709,0.6418535941419925,0.9239127683656361,0.09237563060861044
5710,0.6418667246711787,0.9239131834155966,0.09237467723884167
5711,0.6418444025203698,0.9239213153203802,0.09238955738748125
5712,0.6418609077395083,0.9239098630159118,0.09239441303524622
5713,0.6418662322333171,0.9239021576902543,0.09239589222293847
5714,0.6418553360299718,0.9238936068924549,0.09240145779068316
5715,0.641864432109288,0.9239017003666866,0.09240972802582406
5716,0.6418764899880565,0.9239067539842625,0.09240878151851711
5717,0.6418910712043467,0.9239086678257474,0.09240038074313525
5718,0.6419003192813822,0.9239302811681402,0.09240371563143115
5719,0.6418878088436754,0.9239387935353878,0.09240792891694052
5720,0.6418862059133059,0.9239383169965442,0.0924019313259212
5721,0.6419200496017307,0.9239722511738785,0.09240776389990513
5722,0.6419184947566182,0.9239793031801535,0.09242373354702378
5723,0.6419017957965346,0.9239841608019147,0.0924527723268325
5724,0.6419149680516877,0.9239846796143654,0.09246011891876757
5725,0.6419287001849606,0.9239881345209819,0.09246118184497082
5726,0.6419350771475265,0.9240032300417712,0.09246225829020362
5727,0.6419232092498497,0.9240085911037623,0.09246622223356837
5728,0.6419262413171664,0.9240068694150368,0.0924666305110859
5729,0.6419563951890553,0.9240076572413509,0.09246750508917533
5730,0.6419424412849222,0.9239978728228353,0.09247649806448031
5731,0.6419657351365805,0.9240010740878092,0.09248083381611472
5732,0.6420026193370064,0.9240114964534865,0.09247418222558734
5733,0.6420152121969702,0.923999479219905,0.09247906071882282
5734,0.6420192544482064,0.9240034106653652,0.09248877983362841
5735,0.6420674428643905,0.9240107739591106,0.09248635843029246
5736,0.6420307933966056,0.9239751296222164,0.09251082529008428
5737,0.6420032250539363,0.9239903020041095,0.09252746838528436
5738,0.641984495667093,0.923999317811587,0.09252436292671175
5739,0.6419838776121648,0.9240110199146429,0.09252844259920565
5740,0.6419744880541535,0.9240038065000498,0.09253083739413602
5741,0.6419681637793583,0.9240068425136505,0.09253269224184363
5742,0.6419765750932346,0.924014670817074,0.09254773087888284
5743,0.6419910124273134,0.9240129875589005,0.09255019733583587
5744,0.6419993757070509,0.9240209926428629,0.09255846944863005
5745,0.6419892666955381,0.9240159313391766,0.09256834763981776
5746,0.6419264401573517,0.9240224491607801,0.0926646492138525
5747,0.6419218921803465,0.9240283136630012,0.09266375804342489
5748,0.6419453947720473,0.9240318608029423,0.09266499805525925
5749,0.6419589909993233,0.9240386361092435,0.0926697260369318
5750,0.641954119716346,0.9240340897749529,0.09267791214868017
5751,0.6419612879839689,0.9240135486449583,0.09271574126426295
5752,0.6419592237314128,0.92401086234938,0.09272075701394632
5753,0.6419426921425849,0.9240080569190907,0.09272361682200354
5754,0.6419621204618674,0.9240112466548991,0.09272751936903206
5755,0.6419892681616423,0.9240286480088028,0.09272400315491504
5756,0.6420134446416974,0.9240267418534281,0.09272059948012229
5757,0.6420112501031978,0.9240197436499258,0.09272348974205187
5758,0.6420312106835565,0.9240198704707472,0.0927248231402832
5759,0.6420468024917867,0.9240239556384149,0.09272954176889729
5760,0.6420774597776602,0.9240310998780145,0.09273069718708261
5761,0.6420545405700289,0.9240414300103672,0.09274929118462712
5762,0.6420540255333178,0.9240412801312148,0.09275771843887046
5763,0.6420736827883428,0.9240475942708932,0.09276265628975654
5764,0.6421235417766984,0.9240737039878592,0.09276071181331083
5765,0.6421039766669829,0.9240482014736133,0.09278977930036181
5766,0.6420825802656341,0.9240347392512801,0.09280674873962633
5767,0.6420955726353138,0.9240526632606898,0.09291443803836856
5768,0.6421269384663452,0.9240587352878912,0.09291382226756503
5769,0.6421201066940434,0.9240705718978788,0.09292115602590273
5770,0.6421477504102567,0.9240711291408814,0.09292530313140147
5771,0.6421564086626024,0.9240633469541201,0.09292577129718912
5772,0.6421760855156129,0.9240804485497189,0.09293157338314745
5773,0.6421559123127515,0.92407885752487,0.09293752060344301
5774,0.6421547148476163,0.9240796415081289,0.0929473297456628
5775,0.6421889450140854,0.9240743995808487,0.09296823962828148
5776,0.6422143285696954,0.9241001595797923,0.09296955177971117
5777,0.642240130093503,0.9241109739370992,0.09296083378785507
5778,0.6422485593660289,0.9240957477524334,0.09297818267988191
5779,0.6422632335232816,0.9241020388337806,0.09297913242073971
5780,0.6422239580529885,0.9240958745732547,0.09298322777660598
5781,0.642233650450588,0.9241049249682289,0.09297674028906952
5782,0.6422353735150079,0.9241028074448188,0.09298427153598751
5783,0.6422548800993259,0.9240954172496869,0.09298809012573439
5784,0.6422467339343724,0.9241017813490828,0.09299081648174515
5785,0.6423028326928714,0.9240964740898644,0.09298982227321707
5786,0.6422938260856746,0.9240949099664018,0.0930003398288019
5787,0.6422920596932543,0.9240830349258623,0.0930038010845535
5788,0.6422782345640604,0.9240809020302315,0.09300609390063742
5789,0.6423403536220003,0.9241022809462577,0.093008386084545
5790,0.6424047390970384,0.9240951328636029,0.09300740632298538
5791,0.6423799674379822,0.9240819780856849,0.09301597721005028
5792,0.6423536986017577,0.9240738423378461,0.09302461235128524
5793,0.6423492014538501,0.9240515679899605,0.09303645942617568
5794,0.6423701218036301,0.9240474021181337,0.09305023361952834
5795,0.6423905752902871,0.9240583048657098,0.09304941234061381
5796,0.6424073429613819,0.9240566331367018,0.09305472617043078
5797,0.6424384343806872,0.9240498539873454,0.09305883169596617
5798,0.6424243039508272,0.9240445544142374,0.09305886373137418
5799,0.6424096554640171,0.9240423946172202,0.09305933378419665
5800,0.6424336754491103,0.9240459840307683,0.09305954600726607
5801,0.6424355672848724,0.9240489508693756,0.09304982121663312
5802,0.6424274880001658,0.9240667595871295,0.09305772774487901
5803,0.6424508558335299,0.9240709216159011,0.09305837247686304
5804,0.6424470756865363,0.9240676934495409,0.09305864942444239
5805,0.6424470756865363,0.9240676934495409,0.09305442725768766
5806,0.6424435576954706,0.9240360804775417,0.09306542930731557
5807,0.6424434707354697,0.9240296472031524,0.09305752175890156
5808,0.6423503997137179,0.9240349928929228,0.09303015585828094
5809,0.6423791224456364,0.9240334326125152,0.09304541383248897
5810,0.6423386585012287,0.9240470946737184,0.09305740171927052
5811,0.6423405820237861,0.9240425444963726,0.0930594136734382
5812,0.6423498370939091,0.9240469524806764,0.09305839729178066
5813,0.6423735217798415,0.9240411340951176,0.0930652334565843
5814,0.6423733390491272,0.9240409842159651,0.09305846152418264
5815,0.642385801939624,0.924042613671366,0.09305406714612882
5816,0.6423737896330372,0.924050549580335,0.09305867481486992
5817,0.6423498602367421,0.9240505649525557,0.09305864625983484
5818,0.6423187636095601,0.9240404269729625,0.09307530365927509
5819,0.6423138972802184,0.9240353964137178,0.09307035507535966
5820,0.6423523771187242,0.9240716210519458,0.09306656565812356
5821,0.6423740085341255,0.9240813286093577,0.09308265364960501
5822,0.6423470285426032,0.9240741843697581,0.09308473443494313
5823,0.6423643651699212,0.9240704527631678,0.09308880438781095
5824,0.6423444603877494,0.9240530475662089,0.09309523034838761
5825,0.6423350353491011,0.9240598036572343,0.09309353210405244
5826,0.642367270631171,0.9240750990168934,0.09308990088594432
5827,0.6423215251342486,0.9240501729609262,0.0931229774233478
5828,0.6423537850584025,0.9240474443917408,0.09312391934862917
5829,0.6423623634562043,0.9240346623901763,0.09313006414477426
5830,0.6423580586122404,0.924051156783055,0.09314612519948397
5831,0.6423448776720041,0.9240475250958998,0.09314772904154625
5832,0.6423531348003886,0.9240521790357358,0.09315425785996452
5833,0.6423324666168346,0.9240436320809916,0.09315726636044235
5834,0.6423196826813475,0.9240522405246189,0.09316965183509929
5835,0.6422990403260472,0.9240377445204393,0.0931808899104082
5836,0.6423028349248732,0.9240395315411031,0.09318043565563819
5837,0.6423205456807761,0.9240452653794476,0.09318016254802743
5838,0.642337721745334,0.9240462146140798,0.0931803009523089
5839,0.6423420214385681,0.9240648342164789,0.0931805879927588
5840,0.6423485715096439,0.9240646190053883,0.09316911738675855
5841,0.6423563514697352,0.9240644883415118,0.09316826348572838
5842,0.6423984078368997,0.9240602878821883,0.09318412007172258
5843,0.6424201534231772,0.924056556275598,0.09318281924397379
5844,0.642396031535875,0.9240535241050526,0.09319113344639372
5845,0.6423766304945997,0.9240682583786539,0.0931989667591531
5846,0.6423779081796477,0.9240855674992331,0.09320527750077881
5847,0.642420439268208,0.924082058789844,0.09321256065939927
5848,0.6424221978792367,0.9240805753705402,0.093214313808746
5849,0.6424221978792367,0.9240805753705402,0.09320874679294412
5850,0.6424165220328487,0.924080590742761,0.09321416653630481
5851,0.642429690047119,0.9240866473977417,0.09321514257419287
5852,0.6424561622973503,0.9240807982677414,0.09321716473646677
5853,0.6424752262225335,0.9240848680631883,0.09321842463692677
5854,0.6425101510052909,0.9240811556718741,0.09322360711273557
5855,0.6425377336370328,0.9240932728248905,0.09322822089985927
5856,0.6425600735355775,0.9240901753224068,0.09323235906899957
5857,0.6425341056654739,0.9240887072753239,0.09326661413421955
5858,0.6425609804966015,0.9240781504027149,0.09326808606841752
5859,0.6425674551842485,0.9240712136880956,0.09326943802436855
5860,0.64255179220818,0.9240776661777609,0.09327800121108301
5861,0.6425424173981938,0.924071302078365,0.09326492847089314
5862,0.6425618017754294,0.9240773126166834,0.0932767028464614
5863,0.6425515751300573,0.9240888340961452,0.09328535270606486
5864,0.6425809937161976,0.9240897487432806,0.09329767596181454
5865,0.6426023365832524,0.9240895681196867,0.09329942751320337
5866,0.6426126829125329,0.9240861785450084,0.09330857446813437
5867,0.6425943585353998,0.9240853561311976,0.0933120742442801
5868,0.6425774939550857,0.9240719746130234,0.09332633286352679
5869,0.6425872858908702,0.9240730621976424,0.09332735048727356
5870,0.6426121090204797,0.9240909516195553,0.09331787483139885
5871,0.6426154239767946,0.9241094482441884,0.09331790487051406
5872,0.6425815407018973,0.9240961089996212,0.09333141308038591
5873,0.6425313787001733,0.9240854022478598,0.09334483483556856
5874,0.6425285009524349,0.9240852062520452,0.09334472562746624
5875,0.642545413238379,0.9240979382938921,0.0933408481735845
5876,0.6425177851592809,0.9240851486062173,0.09336856187424468
5877,0.6425473390839087,0.9240898217613293,0.09337271074587712
5878,0.6425368780828691,0.9240876504351464,0.09336642269590813
5879,0.6425222294737069,0.9240874659684973,0.09337522887436603
5880,0.6425284838873522,0.9240769744278265,0.09338186523314972
5881,0.6425284838873522,0.9240769744278265,0.09337290691792757
5882,0.6425297646821159,0.9240852139381555,0.09337472136630773
5883,0.6425073314569985,0.924073942257281,0.09337998355857398
5884,0.6425164246273776,0.9240734311309406,0.09337783833382773
5885,0.6425432413227781,0.9240803409441737,0.09338340689652087
5886,0.6425142254757144,0.9240752642682667,0.09338627390234086
5887,0.6425698326663142,0.9240734234448302,0.09338475311367817
5888,0.6425251445560284,0.9240611141390543,0.09346836995846357
5889,0.6425361696571217,0.9240609950043434,0.09347582656120054
5890,0.6425637529556547,0.9240541120924968,0.0934780854134257
5891,0.6425745466573123,0.9240645421442845,0.09348058439502124
5892,0.642576410626532,0.9240696188201915,0.09348599236160922
5893,0.6426003323371545,0.9240607490488112,0.09348399318182225
5894,0.642571647620482,0.9240528592565046,0.09349432976784817
5895,0.6425655621597389,0.9240640732915512,0.09350176680251918
5896,0.6425885758207334,0.9240555532381933,0.09350207585515061
5897,0.6426166124090051,0.9240699416368274,0.0935247072682886
5898,0.6426456709765453,0.9240985647118882,0.09352769967061432
5899,0.6426543687407917,0.9240955056399563,0.09352648721751752
5900,0.6426543687407917,0.9240955056399563,0.0935182459576476
5901,0.6426996074282951,0.924091105341763,0.09352840973387883
5902,0.6426979969496344,0.9240982034647003,0.09353768158570298
5903,0.6426855672901556,0.9241140061076446,0.09355842945498431
5904,0.6426913313430683,0.9241119193286761,0.09356155466909996
5905,0.642680307758145,0.9241123074772504,0.09357000959409638
5906,0.6426779284707813,0.9241236790775598,0.09358442480566238
5907,0.6426934904026004,0.9241285712868176,0.09357821479315478
5908,0.6426934904026004,0.9241285712868176,0.0935737576672421
5909,0.6427046718003693,0.9241196976723821,0.09357263377332842
5910,0.6427359775030608,0.9241228412915282,0.09356747087530044
5911,0.6427599848163382,0.9241262654537031,0.0935705548644906
5912,0.6427671778720817,0.9241248550524481,0.09356971512708677
5913,0.64277239707716,0.9241121230106012,0.09357511016244188
5914,0.6427345427632079,0.9241018697393523,0.09359323112136805
5915,0.6427159275695647,0.9240863630116576,0.09360173847308997
5916,0.6427007095081264,0.9240890147197391,0.09361013992113369
5917,0.6426910626936688,0.9240752757974322,0.09362187375638407
5918,0.6427053429299657,0.9240860939977942,0.09362559072265933
5919,0.642707073558475,0.9240683121814266,0.09363660555008384
5920,0.6427123751040954,0.924069307532721,0.09363169989835472
5921,0.6426933197638823,0.9240617713014919,0.09364144510275986
5922,0.6426727762896234,0.9240620825889624,0.09365063137157752
5923,0.6426702083531797,0.9240655374955788,0.09365368612348601
5924,0.642696984309322,0.9240699839104346,0.09365361822985618
5925,0.64271851292004,0.9240658257247182,0.09365772023947534
5926,0.6427137791149812,0.9240552188923917,0.09368428181465188
5927,0.6426883560697157,0.9240519868829763,0.09369228708070863
5928,0.6426944188980865,0.9240425175949862,0.09370080497495223
5929,0.6427175150321853,0.9240279293574821,0.09370787658680267
5930,0.6427564713350494,0.924035058224861,0.09371040451579568
5931,0.6427832115629833,0.9240454652183175,0.09370956733827566
5932,0.6427720201702928,0.9240245320966936,0.09371881564148449
5933,0.6427535648535309,0.9240221916760823,0.09373014954644553
5934,0.6427287259224702,0.9240134256671922,0.09373648542242363
5935,0.6427434135779213,0.9240105510619095,0.0937451703280165
5936,0.6427508587269857,0.9240234099245778,0.09374239302856677
5937,0.6427056192991307,0.9240256158382573,0.0937580655776239
5938,0.6427285656259526,0.9240532166606373,0.09375828254397273
5939,0.6427382055020037,0.9240523519732193,0.09376012960615976
5940,0.6427528415780239,0.9240609143001843,0.0937626728417048
5941,0.6427479855759651,0.9240597114239096,0.09377683353090403
5942,0.6427703295752524,0.9240414107950913,0.09377856082469109
5943,0.6427543557461345,0.9240443584184226,0.09377770249884068
5944,0.642759355996871,0.9240438319198615,0.0937821799276493
5945,0.6427206250516313,0.9240685197064069,0.0937931100722826
5946,0.6426392226359359,0.924050330526189,0.09381439313677109
5947,0.6426392226359359,0.924050330526189,0.09380795384091124
5948,0.6426648326105842,0.9240593271183906,0.09379791382774516
5949,0.6426659544544079,0.924058812148995,0.09380930802243963
5950,0.6426769109380125,0.9240649495081347,0.09381183925663648
5951,0.6426752425255752,0.9240774932402773,0.09381382454246373
5952,0.6426986435071689,0.924100978150548,0.09381311751921469
5953,0.6426808102859863,0.9240940798664806,0.0938121624668252
5954,0.6426876840419267,0.924087581260153,0.09381295229128939
5955,0.6426614919426318,0.9240791957137268,0.09382680740326751
5956,0.6426334098074152,0.9240776277472089,0.09383500460408584
5957,0.6425793091312316,0.9240665520621492,0.09386044337290447
5958,0.642545229850568,0.9240488816943822,0.09386905051894652
5959,0.6424822935399644,0.9240533050509067,0.09393602644269244
5960,0.6424902011521959,0.9240514872858014,0.09393793895264556
5961,0.642444604109031,0.9240451270294607,0.09395234738369405
5962,0.6424454167818532,0.9240399465910636,0.09396471183941589
5963,0.6424471431076904,0.9240422754825092,0.09396331731754114
5964,0.6424549000203107,0.9240419103922661,0.09396938261347527
5965,0.6424899882080763,0.9240511068233376,0.09396886470858268
5966,0.6425318501114714,0.9240647573553751,0.09397396624985437
5967,0.6425546434894062,0.9240908593862307,0.0939731748026179
5968,0.6425631779871726,0.9240845029729452,0.09397869988780437
5969,0.6425698105146834,0.9240683851994752,0.09398530810483106
5970,0.6425770466844288,0.9240794109248175,0.09398479625040976
5971,0.6425695274383586,0.9240790227762432,0.09398590426749866
5972,0.6425763328199184,0.9240706718173137,0.09398774682016067
5973,0.6425930765143982,0.9240778621735756,0.09398682733202574
5974,0.6425927681242558,0.9240919969305672,0.09398935580271321
5975,0.6425867607585598,0.924088910957249,0.09399067731691074
5976,0.6425896515955376,0.9241072461735641,0.09399770003475191
5977,0.6425650422574091,0.9240810595954944,0.09400945152840069
5978,0.6425946653200889,0.9240927078957775,0.09400547386571
5979,0.6425974727835115,0.9240901061474134,0.09400503374248884
5980,0.6425880767172263,0.9240947139705871,0.09400419340258472
5981,0.6425856740939683,0.92408036784556,0.09401151730905714
5982,0.6425671922771572,0.9240660563080296,0.09402119650526362
5983,0.6425687784795712,0.9240763326376097,0.09402568802588958
5984,0.6426238035574353,0.9240908939737275,0.09402080852060629
5985,0.6426039796888553,0.9240816706412697,0.09402792248339095
5986,0.6425695189144697,0.9240581511435022,0.09404577206935255
5987,0.6426436973619221,0.9240504996206175,0.0940611161159759
5988,0.6426620428608583,0.9240414607548088,0.09407270580437085
5989,0.6426978729760617,0.9240466296640404,0.0940711100225745
5990,0.6426935457421572,0.9240648034720375,0.09408651792200685
5991,0.6426907984006651,0.9240618251042646,0.0940960145735372
5992,0.6427047240232606,0.9240643961081872,0.09409561138642322
5993,0.6427120799311666,0.9240670247579377,0.09409837555006109
5994,0.6427071795537551,0.9240575477838373,0.09410095398216427
5995,0.6426838310756843,0.9240475443111758,0.09410352620181978
5996,0.6427034535798614,0.9240453652988826,0.09410915846501532
5997,0.6427377989537572,0.9240405422646182,0.09410960707871353
5998,0.6427503161188952,0.9240438549781926,0.09409769981438264
5999,0.6427950031831526,0.9240471369473255,0.09411829397582212
6000,0.6427745482676657,0.9240426059852557,0.09412714563182602
