iteration,validation_average_precision,validation_auc,validation_binary_logloss
1,0.3002369410082078,0.8483314749471348,0.13994440092999208
2,0.3519595101648257,0.8590786575707084,0.13841746372112365
3,0.3750002456004433,0.8627090438517885,0.13902021713622534
4,0.3819623556502358,0.8666854050194712,0.140518810628618
5,0.3896343963630289,0.8699365182622483,0.14269926278043882
6,0.3886513289155416,0.8733105112732219,0.14525887048565558
7,0.3953853004537401,0.875610560589612,0.14822328110936508
8,0.40044328114562666,0.8786853832831512,0.1514296910170463
9,0.40635754838729465,0.8796122878430813,0.15472216203923608
10,0.41085347113009546,0.8811222203844732,0.15794759098691702
11,0.4136836968497421,0.8824079567721469,0.16104914669846976
12,0.41309994962257224,0.8832185858542257,0.16456583100259367
13,0.4175414915222945,0.8850834975605323,0.16817546368300304
14,0.41816333812461315,0.8857957175283415,0.1713410151285836
15,0.42057407504271294,0.8868619693479609,0.17456428197256152
16,0.4212815864182661,0.8876040729129334,0.17796505386185585
17,0.4228213628294428,0.8884856755382751,0.1812363011535561
18,0.4247721191804231,0.8892299504294303,0.1847006992849771
19,0.4255906870870805,0.8902070645054277,0.18790521226888815
20,0.42639837882785114,0.8907448962363185,0.19115693575912068
21,0.4284527093412689,0.8912970894644571,0.1944920699088634
22,0.42894543416911884,0.891816912638724,0.19790833483589598
23,0.42956624858536135,0.8922292397947228,0.2009450189425322
24,0.4310596041720427,0.8928389558729566,0.2041523259316044
25,0.4309917038162909,0.8930747177012713,0.2072645961435922
26,0.4311999177289649,0.8934358246176877,0.21036718620327313
27,0.43265153038759635,0.894025403086722,0.2132486121991537
28,0.43247083246842916,0.8943150868224181,0.21595679268629137
29,0.4334433937933705,0.8945467846198687,0.21891936842556056
30,0.4339642234773283,0.8949774469921825,0.22154829200422566
31,0.43744633607201144,0.8954568508334807,0.22432216892384427
32,0.43841749117291196,0.8961411337115807,0.22664564332880066
33,0.44015470908605564,0.896542150756153,0.22904603383448668
34,0.44190445493839214,0.8969357756840659,0.23161851577134362
35,0.44327684115418103,0.8973215050550895,0.23421429998797508
36,0.44426559430333357,0.8975546305475434,0.23634837525511654
37,0.44474363883553947,0.8976382054687767,0.23855733795742803
38,0.4443231456754853,0.8977748894912186,0.2411581614342459
39,0.4448528140445624,0.8981209873555875,0.24374555068358858
40,0.4458475911059319,0.8984844020266459,0.24571655815724436
41,0.44626933337815644,0.8986701772360945,0.24797503235442492
42,0.44715024908387213,0.8989844104083493,0.2499700095095432
43,0.44734352865064275,0.8990715536063272,0.25182894571646597
44,0.44824847938775547,0.8992526614252466,0.25352062116262597
45,0.4483013478375233,0.899527874136622,0.25556569327569184
46,0.4487531886487165,0.8997480869636351,0.25751356252810587
47,0.44962998896226275,0.9000874844612788,0.2595039682899182
48,0.4501649388771071,0.9003158099777995,0.2611613568147164
49,0.4497212287822631,0.900613175980822,0.262760716808654
50,0.4507863728648632,0.9008977311593662,0.2641168829077251
51,0.45112373171153763,0.9011145909207252,0.26563540377930595
52,0.44957926096174433,0.9013569877838268,0.26731074140229794
53,0.4528527144249448,0.9014195949959394,0.2686076579489466
54,0.45338310100467116,0.9014655982881004,0.2703577052553918
55,0.4537621099071525,0.901649402010236,0.27174787973000125
56,0.4531553944576503,0.9017032566641517,0.27318587214313805
57,0.4532194860987695,0.9017220953206968,0.2750690866299894
58,0.45380454240989543,0.9018784115905807,0.27631958339797086
59,0.45454107709269354,0.9021957653236503,0.27733162926785837
60,0.45476971182725556,0.9022156223898209,0.2786609080055099
61,0.4563595444725994,0.9023939132492855,0.2800029815666826
62,0.45623187791041453,0.9026016188531802,0.28141067780839263
63,0.45711494906023326,0.9027908470477177,0.2823966610844025
64,0.4577372454178418,0.9031092883654064,0.28327468958928564
65,0.4580433974913162,0.9033268936794724,0.2843115464976352
66,0.4591721753597339,0.9035518449935356,0.2852558026999169
67,0.4599283325086762,0.9039174194616112,0.28605215737763917
68,0.45967194642124887,0.9039017244242121,0.2874376384973906
69,0.46045383968685305,0.9040068781003415,0.28842557467164753
70,0.46184819387718223,0.9042395750921417,0.28928923337551127
71,0.4622564363395611,0.904415934816373,0.2901455994692442
72,0.4627564008671277,0.904518824932995,0.29078265974241674
73,0.4636336059871503,0.9048055552807771,0.2916249574247646
74,0.46420756629602644,0.9049315037285437,0.29211771003349196
75,0.4647949590163957,0.9052272421976929,0.29258813445006787
76,0.46560698203984235,0.9054370326590285,0.29346398676761826
77,0.46574527446077,0.9055508332093372,0.2943946818240212
78,0.46621601901168197,0.9057063808681829,0.29517116589335907
79,0.4667459308648125,0.9059445273122435,0.29575669786227204
80,0.4673422634868311,0.9060442718881919,0.29628733476999425
81,0.46751487457947927,0.9062170383558199,0.2965748710368944
82,0.46858138978690905,0.9064259391498788,0.2970392026087785
83,0.46924690757155524,0.9064952986099616,0.29741102125820995
84,0.46948092131437275,0.9067603195389711,0.29609888303952847
85,0.46963681947179736,0.906765254021836,0.2964764575505572
86,0.47049321149493706,0.9069266969273444,0.2967028073185405
87,0.47071945065020854,0.9069355205820624,0.2974823908877293
88,0.4710335320457881,0.907126885515286,0.297884636583747
89,0.47110655159306214,0.9072629719426457,0.29844627437640364
90,0.4724551006062934,0.907465773808117,0.298724063085851
91,0.4729673433848751,0.9076840670290621,0.2988297103890738
92,0.47323208298035685,0.9077671308239551,0.29905951354694127
93,0.4730605014935133,0.9078846898822402,0.2992908754090473
94,0.4730459425919834,0.9079794865246306,0.2997022518548078
95,0.47349797343966016,0.9080122466486041,0.3000328680860896
96,0.47411395947701573,0.9080822478989037,0.3002450849589301
97,0.4739053474623464,0.9082125389990359,0.3002782494865361
98,0.4741197416671349,0.9083620761195632,0.30049595417515684
99,0.47405248415690565,0.908382098437107,0.30058374794370174
100,0.4739625908619096,0.9084487562293907,0.3006017719499751
101,0.47478335122508525,0.9086471039938959,0.30048685307585915
102,0.47462296981362156,0.9087588907832845,0.30058213544579765
103,0.47581360087070385,0.9089230007690953,0.30056036383834017
104,0.47546881156565046,0.9091354275662917,0.30042766980787766
105,0.4763020862032157,0.9093207858042522,0.30063732666324094
106,0.4775474696588403,0.9096339006474464,0.30045740656527237
107,0.4789020754783205,0.9097056812322993,0.3002602642329397
108,0.4794304086212177,0.9097599816806171,0.3001900558581048
109,0.4806208756331412,0.9098711420520096,0.30014793559929415
110,0.4811964474296186,0.9099466849878942,0.29996622353185926
111,0.4817565729170133,0.9101437030553035,0.29971297555013443
112,0.4818369486320347,0.9101656891740497,0.2995886064693727
113,0.4825887733827559,0.9102748050400808,0.2993373069276024
114,0.4830876299555237,0.9103965722437998,0.2992195403535929
115,0.48349823453346785,0.9104774301250133,0.29883874437379826
116,0.4835690958103742,0.9105064836222554,0.29862063158763463
117,0.48355894781611286,0.9105760083337113,0.29856825790444363
118,0.483974641269019,0.910701960624533,0.29848516930271635
119,0.4840748113301486,0.9106217983363091,0.2986580371900434
120,0.4848797480821546,0.910824311972641,0.298348138075475
121,0.48537674142518245,0.9109035442415089,0.29800812185982717
122,0.48602529021960506,0.9109791486662765,0.2974793161250565
123,0.48734725288153524,0.9111484736779811,0.2972238277103691
124,0.4872262499571857,0.9112141169036944,0.2970226441297394
125,0.4877760439835362,0.9113581738275198,0.29703762144813833
126,0.4874943304517921,0.9112321715769806,0.2968615501414946
127,0.48948787762912854,0.9112799618898052,0.2965996020917227
128,0.4894552582008087,0.9114148377547798,0.2965595210954831
129,0.48977765810741986,0.9115007607827347,0.2965277594183956
130,0.4903750441046599,0.9116029629924777,0.29652098102594593
131,0.4932725631618424,0.9116355521004952,0.2965824755367923
132,0.4937170397226935,0.9117838056405889,0.2965848678873676
133,0.49404135930881765,0.9119277088422066,0.2964398781717565
134,0.4942385407109463,0.9120597216310643,0.29602308173054015
135,0.496072734787702,0.9121515514348473,0.2958457024531515
136,0.49550662784683613,0.9122023066647515,0.29570121478553274
137,0.4956269845768667,0.9123861430528565,0.295714679143172
138,0.4964763483285107,0.912557139793569,0.2955815972016055
139,0.4986365756133421,0.9125732191364871,0.29504847704786397
140,0.498725838242902,0.9126097742774616,0.2947513732302823
141,0.5003141391332919,0.9126635155612491,0.29426252168313904
142,0.5006702162940587,0.9128558796888223,0.293848722950002
143,0.5008486860078283,0.9128927787832363,0.29371560531029506
144,0.5017838834385436,0.912952507547011,0.2936080553369896
145,0.501670338518969,0.913006944423788,0.2932490770443992
146,0.5021879603287331,0.9131021330578079,0.2930545493168522
147,0.503239281762088,0.9131379695474616,0.2927174676745514
148,0.503786204122387,0.9131994814888448,0.29264105482630937
149,0.5038290523303416,0.9132420855986895,0.29267452740769084
150,0.5041255553848134,0.913297782997569,0.29238074857321045
151,0.5040761689759302,0.9133920108677911,0.2920041291195797
152,0.5042265830607412,0.9133891554777844,0.2917749632403422
153,0.5040634813460996,0.9134255991701583,0.2913471426427635
154,0.5037108426780563,0.9133471739428807,0.29136250645890527
155,0.5042581825905499,0.913408789646754,0.29083293503955393
156,0.5045969667957739,0.9135231589692308,0.29044305352210253
157,0.5039098311914781,0.9135450067379902,0.2902492779480499
158,0.5042616535322022,0.9137448686662406,0.28987345617237514
159,0.5039444453615588,0.9137084403460874,0.2897049110253861
160,0.5046279868439868,0.9137124793970929,0.28938401301568467
161,0.5046004374656219,0.913687480323077,0.28925826520446035
162,0.5047426416812448,0.9136689375817817,0.2892798035142168
163,0.5052483951731399,0.9137680192307097,0.28916540246220823
164,0.505757943090763,0.9139089940242721,0.2887430674147518
165,0.5058650212456152,0.9140470365667239,0.2885038013261295
166,0.5065137724875546,0.9141229253775758,0.2879612128626065
167,0.5061390726948788,0.914203537303257,0.28805124740747196
168,0.5068162724270076,0.9141577319284384,0.2876760020862705
169,0.5072962413519437,0.9141664556637215,0.2872058662410015
170,0.5074647289378961,0.9143124187429215,0.28684681970194903
171,0.5066236673057866,0.9145254162338138,0.286555269204807
172,0.506776541198684,0.9145534013617128,0.28628348521219626
173,0.5070674950668632,0.9146322416389512,0.28622614971805194
174,0.5091228033216004,0.9146689043854709,0.2859033718152262
175,0.5109024046597019,0.9147093948149607,0.2857291077834493
176,0.5114648121396763,0.9146661412287888,0.28535528855768477
177,0.512845156888342,0.9147361732235298,0.2851123013966649
178,0.5128778718499268,0.9147575329242801,0.28488604607016055
179,0.513510574625366,0.9148324071685615,0.28461707885457455
180,0.5144909462123756,0.9148305010131869,0.2843838196402083
181,0.5147505938381776,0.9149120083707276,0.28423898929234853
182,0.5148723271194542,0.9148856065815671,0.2840657474065948
183,0.5148839706806042,0.9148999527065942,0.28344136068885295
184,0.5147653888188244,0.9148599772465,0.2832276671513814
185,0.5169017027636543,0.9148744117617965,0.2830267321475908
186,0.5171768479229387,0.9148245942373587,0.28278032945308723
187,0.5176389907088922,0.9148931159114099,0.2824138124152712
188,0.5177593612170323,0.9149078194405696,0.2818799041606126
189,0.518218340602104,0.9149337792783833,0.2816355069628738
190,0.5185178498205765,0.9149255243958335,0.28123258960136455
191,0.5190364854870924,0.9148360888154343,0.2810415974331121
192,0.5192269253549225,0.9149129537623045,0.2806924361178956
193,0.5194126376497231,0.9148538898470778,0.2804680718810526
194,0.5208644322553133,0.9148468762713547,0.28015077809052724
195,0.5211373437840561,0.9148770711559885,0.27981046142299976
196,0.5214191592054841,0.914896624620799,0.27969172049017327
197,0.5218116438513453,0.9149171503785728,0.27944630004775084
198,0.5218740028081725,0.9149933927505022,0.27922888678728836
199,0.5220634106595595,0.9151044762607909,0.27914253477542245
200,0.522704458807092,0.9151254862435187,0.2789504744542895
201,0.5232784040186234,0.9153021976073,0.2784945694580072
202,0.523515166695553,0.9153372039970326,0.2782629186782176
203,0.5252045836699046,0.9153401362481431,0.27807629913019527
204,0.5252343474166263,0.9153871483422916,0.27788885025254567
205,0.5250724373843074,0.9154116939357949,0.2778260382718199
206,0.5255730178501518,0.9153218125609937,0.2776859685301585
207,0.5263405874089988,0.9153674065677767,0.27728950975755645
208,0.5266669594795899,0.9153858417035268,0.27675827167261063
209,0.5267990951173238,0.915405971626616,0.27643421622506376
210,0.527072593088093,0.9154832746817779,0.27601548417404115
211,0.5271583643077655,0.9155351367115772,0.27591701968436894
212,0.5270671563464574,0.9155843547194051,0.27534139602677754
213,0.5270959480167798,0.9155866221219676,0.27489509762511655
214,0.5270867190104953,0.9156199260382507,0.27460544777744095
215,0.5275755537067364,0.9156572690055393,0.2743859356407954
216,0.5277082863020502,0.9156649551159208,0.27393999411812936
217,0.5280899854414592,0.9156232003212733,0.2734850847232109
218,0.5280837338494,0.9155589405954286,0.2726946029559631
219,0.528456036573593,0.9155347178185613,0.27242717641491704
220,0.5287235985547518,0.9155308786064258,0.2721555489056577
221,0.5289029489400208,0.9155540445431156,0.27175850979784494
222,0.5292508312600844,0.9155266281873848,0.2715816434608118
223,0.5293340439062965,0.9155570882428268,0.2712958615447975
224,0.5295226889266648,0.9155562735151263,0.2711187775225361
225,0.5296706949303918,0.915592893988039,0.2707186631326241
226,0.5299428941723141,0.9156365434088956,0.27081412910451186
227,0.53003986630754,0.915693266903511,0.2704262336036988
228,0.530282999670054,0.9157137849751745,0.27026411075102286
229,0.5307399185491042,0.915686334031947,0.2700202942542891
230,0.5311103620682139,0.9157359248161284,0.2697299466143398
231,0.5312926421115315,0.9157536797311098,0.2694524717913222
232,0.5315346200181421,0.9158024365723149,0.2694636004771576
233,0.5317964624547081,0.9158030168736486,0.26920945834966187
234,0.5323863346277621,0.9159143194380832,0.2690479820167312
235,0.532772932045647,0.9160088163221687,0.2686685279995664
236,0.5332012306426149,0.9161237275154274,0.2682710002503373
237,0.5336096606810624,0.9161752436702595,0.26781949798721466
238,0.5338070287817327,0.9160892360950904,0.26779381650144146
239,0.5339585069158034,0.9161457981813879,0.26755834785923044
240,0.5341550091396781,0.9161902315855034,0.26731277450214463
241,0.5345209886260021,0.9162722001096669,0.26699318747198053
242,0.5347671748724101,0.91629402097704,0.2668208298401533
243,0.5347119122461201,0.9163304569833036,0.26316320630415335
244,0.5349827992437568,0.9163260182545583,0.2629856911692501
245,0.5352847587626931,0.9162583458957043,0.26275226412586783
246,0.5355339386041931,0.9162906621468033,0.2625693148382099
247,0.5360087138579964,0.9163901703748575,0.26208848556294484
248,0.5362062637640695,0.9163150079014367,0.2617054730219526
249,0.5361297260058153,0.9163868576612831,0.26137123272176455
250,0.5361029948195457,0.916401622679326,0.26106216637665763
251,0.536261461923542,0.9163708936100207,0.2607441552239939
252,0.5362172422344552,0.9163939173536685,0.26029602577122163
253,0.5364820719617438,0.9164099697952003,0.2601185452364056
254,0.5371026526318307,0.9165314602989456,0.2597563493185602
255,0.5373826661629688,0.9165548452897813,0.25628872355155047
256,0.5375786491158605,0.9165920652793038,0.2535480362290296
257,0.5378028036695557,0.9166459948727956,0.25353736686164485
258,0.5377479391905263,0.9166264183496539,0.25356274714450494
259,0.5380060215905391,0.9166712322162333,0.25323872499649747
260,0.5381243069222362,0.91671498539958,0.2529294471158135
261,0.5381984344898734,0.9167611366493658,0.2527215348294036
262,0.5383412454438544,0.9168415103056252,0.25257541708162295
263,0.5385745170085505,0.9168750678635509,0.2521349203989105
264,0.5387013971310002,0.9169394582532719,0.2518873989577961
265,0.5389878404238352,0.9169512141591004,0.2516762306904772
266,0.5388542950862496,0.916987873062565,0.25130034630799924
267,0.5392135187112609,0.9169947982480188,0.2510325300369229
268,0.539391223299136,0.9169409186142444,0.2507244230801828
269,0.5394748612034972,0.9169873926806662,0.25050576760914395
270,0.5396417321265249,0.916996212492329,0.250260808775599
271,0.5399904752035007,0.9170933956719928,0.2499314087959744
272,0.540685248007224,0.9171687195537315,0.24804478608684893
273,0.5405415622972336,0.9171456381642559,0.24802049176572732
274,0.5406705648514628,0.9171860978493042,0.24777148112242697
275,0.5408723219708012,0.9172575825189073,0.24750037492462426
276,0.5409237171525676,0.9172371374652925,0.24722274846622896
277,0.5413902699986163,0.9172901447255386,0.2468893557035459
278,0.541655822973241,0.9173301509300743,0.24368472028230434
279,0.5421434601640458,0.9172570944508981,0.24314438442730743
280,0.5425134446405294,0.9172051017572224,0.24272733088060805
281,0.542749960214118,0.9172936111613206,0.24236147911434555
282,0.5430055221039811,0.9173712524053395,0.2419437310897314
283,0.5432237686742433,0.9173824260883066,0.2417122662581267
284,0.5429795911813787,0.9173247341437829,0.24137443865750777
285,0.5429848387486716,0.9173029593930722,0.24140201295587896
286,0.5434134286845901,0.9173191309693148,0.24096726293195772
287,0.5436795326329963,0.9172549634767948,0.2407301151003804
288,0.5437063955730269,0.9172692596421044,0.24056170625563036
289,0.5437217894843055,0.9172721265612768,0.24050225616459303
290,0.5438212882392592,0.9172957190770927,0.24011429782427315
291,0.5438024919697604,0.9172051152079156,0.23718406394682365
292,0.5440980532826803,0.917319980284512,0.2369888532844856
293,0.5443243171596897,0.9173759121097582,0.23678790828554602
294,0.5443992055686538,0.9174517471178374,0.2366930613520128
295,0.544551094607262,0.9174959153511447,0.23641064955660623
296,0.5447289411120945,0.9174824339135356,0.23610816685297525
297,0.5448500278932281,0.9175230050471843,0.23586004631936844
298,0.5449975565987217,0.9174516356692368,0.23566021709014823
299,0.545171896860458,0.9174502022096507,0.23547039338426184
300,0.5454171079492925,0.9174926948708948,0.23520643800726693
301,0.5454155394893365,0.9174808236734106,0.23514704143750684
302,0.5458295187424458,0.9175797516001309,0.2349135742640155
303,0.5458457859764049,0.9174961651497321,0.2347425175662099
304,0.5460301379686703,0.9176655708655956,0.23447522230023124
305,0.5466122949641061,0.917811076621228,0.2339902867908032
306,0.546827817442919,0.9178180825108407,0.2338148613266828
307,0.5470862165231327,0.9177867270235394,0.233629418930697
308,0.5470993687018763,0.9177897322926986,0.23325284285720904
309,0.5472942564515356,0.9178409448461705,0.23298977638741844
310,0.547398242235706,0.917830537852714,0.23264922455840822
311,0.5477152570068243,0.9178764623622435,0.23244002521322518
312,0.5477465075318275,0.9178759858233998,0.23219073513544025
313,0.5479115106729281,0.9179401264145335,0.2318856255925236
314,0.5480779602035171,0.9179889562737872,0.23167805603351665
315,0.5482161251676996,0.9179767161430047,0.2309993979766334
316,0.5484618435991263,0.917978514692834,0.23029252736647882
317,0.5488178838400755,0.9180673815010649,0.23003637951505684
318,0.549231455056829,0.9180706519410322,0.22940452122300337
319,0.5493107988828247,0.9181352690710096,0.22914058912895108
320,0.5496458434777607,0.9182186518394834,0.22892513987692975
321,0.5497330152703883,0.918198275960862,0.22887403127055797
322,0.5498229583123769,0.9182013657772353,0.22868589233527506
323,0.5501473389864929,0.9182004050134377,0.22843741311174792
324,0.5501736699920298,0.9180608867377925,0.22822322583365812
325,0.5503025933718905,0.9180493844736066,0.22806332302480403
326,0.5504492899996745,0.9180530123177066,0.22787323256356962
327,0.5504995215080059,0.91805660557431,0.22774060763981607
328,0.5505906399158758,0.9180655983234565,0.22766949736064965
329,0.5508343787988229,0.9180847751688582,0.22742052210186625
330,0.5509979400241934,0.9180535503454335,0.2272601855424793
331,0.5513133305361564,0.9180046513111862,0.2270334564966319
332,0.5515159271852611,0.9180423593687179,0.22673326931159718
333,0.5516051333655954,0.9180829804620841,0.22650538130266884
334,0.5517598381534334,0.9180847943841343,0.2263289074379632
335,0.5517947854935255,0.9180606407822604,0.22629742787222226
336,0.5519496922644107,0.9180900632128007,0.22601536372151487
337,0.5519697595466287,0.9180654830318007,0.2258084151573041
338,0.5523409151766854,0.9180927110778272,0.2255986709421906
339,0.552449349841882,0.9180613440613602,0.2254672438421777
340,0.5525404377508341,0.9181181751615212,0.22515551846409293
341,0.5527279944806509,0.9181477743726003,0.2247436647697437
342,0.5529447906932846,0.918211169411027,0.22454587161584685
343,0.5531153753290292,0.9182317989312909,0.22434345388009666
344,0.5533334091338983,0.9182726813524101,0.2241222630698729
345,0.5533506313016564,0.9182369217238602,0.2243556621133613
346,0.5532529550551637,0.9182207463045623,0.22405893472708874
347,0.5534229201756032,0.9181810936611041,0.22393818832904325
348,0.5534928430045197,0.9182578817468706,0.2213342036721994
349,0.5535644622270754,0.9182457761230197,0.22133857608641558
350,0.5535525674082877,0.9182988333429832,0.22110225810219833
351,0.5538266994698379,0.9184276294946462,0.2208383239046605
352,0.5540873608834451,0.9184298853680432,0.22063248619248735
353,0.5540934483626716,0.918385820897226,0.2205150951665485
354,0.5542447853655632,0.9184132910557294,0.22021106980919655
355,0.5542954104976416,0.918370733062547,0.22007515089935953
356,0.5545857084129364,0.9184303311624452,0.21984371569399985
357,0.5545271594655293,0.9184463874470322,0.21996987665085546
358,0.5547427673854047,0.9184291282861705,0.21989335052796363
359,0.5548622362080589,0.9184513449882283,0.2196690632707692
360,0.5550042861630324,0.9184743418304898,0.21943679975411043
361,0.5551014567530808,0.9184441431028009,0.2192166802294907
362,0.5549928075945108,0.918376916538349,0.21904142508846264
363,0.5551115218745852,0.9184028955914385,0.21886233778246547
364,0.5550577142022491,0.9184202969453422,0.21886614195379553
365,0.5552785774711998,0.9185108431686916,0.21860128524351966
366,0.5557115831186524,0.9185656950954292,0.2181641477810417
367,0.5557456156667799,0.9185401464645211,0.21798057056938605
368,0.5557455609496071,0.9185488778859144,0.21791563729516122
369,0.5559401219543674,0.9185764364346873,0.217131950200068
370,0.5561053310670708,0.9184560066141747,0.2168956256250291
371,0.5560493854498307,0.9184632161857126,0.21676215342325134
372,0.556275810645477,0.9184328329913745,0.2167658507674113
373,0.5567941349503052,0.918479303214741,0.21622643474606806
374,0.5567620331532922,0.9184559297530709,0.2160855067992229
375,0.5567587355628638,0.9184799603771786,0.21593860809681942
376,0.5570082700432218,0.918455468586448,0.2159440993735286
377,0.557074616928543,0.9184695764420532,0.21587925475798048
378,0.5571109481580696,0.9183937529631396,0.21571756976669587
379,0.5572561868442147,0.9183886493858463,0.2155433679833156
380,0.5575898547268429,0.9183701143306613,0.21533664382191087
381,0.5576899297392236,0.918243889182921,0.21521013188364121
382,0.5577627560305191,0.9182188593644637,0.21514634447468875
383,0.5579055114058795,0.9183101934141271,0.214938725931102
384,0.5580200430839929,0.9183628086827437,0.21470920704431548
385,0.5578591407520516,0.9182390238750495,0.214676179206017
386,0.5579109502047147,0.9182577049663319,0.214574022040812
387,0.5580987814266797,0.9182286514690897,0.21435846267208378
388,0.5582493693441928,0.918242820813578,0.21437552078913902
389,0.5585417481707738,0.9183903134287439,0.21412264013501442
390,0.5586361442622386,0.9184722819529075,0.21388424637742234
391,0.55873724711165,0.9184722742667971,0.2137107481794772
392,0.5587731898576228,0.9184602262887741,0.2136025126720171
393,0.559032635532475,0.9185076265314969,0.21341525484531493
394,0.559016971432244,0.9184798527716334,0.2132223263606427
395,0.5589345651927755,0.9183365298713494,0.21317801569150066
396,0.5589917774605775,0.9183201507701264,0.21295546786180575
397,0.5590234514551421,0.9182792529767864,0.21273073968843834
398,0.559129070951902,0.9182924923019185,0.21274687148248614
399,0.5590584728417177,0.9182767434617468,0.21252689005439968
400,0.5591955234423378,0.9182639998907343,0.21230799769941625
401,0.5591139722991949,0.9182706022595519,0.21022540270443396
402,0.5591763862639728,0.9182770662783828,0.21010839839638004
403,0.5594705368405687,0.9182740571661685,0.20994120868309862
404,0.5595241421164611,0.9182546036207928,0.20983587375282203
405,0.5593965892517712,0.9182725545315888,0.20959198800889967
406,0.5594370469944849,0.918313133351348,0.20943898576138462
407,0.559585510478101,0.9183447540094576,0.20928084059351182
408,0.5598881359224273,0.9184123725655389,0.2090063108537412
409,0.5599086242328446,0.9183857094486254,0.20875947665691127
410,0.5599449576484253,0.918398272396044,0.2086151507109229
411,0.5602726365407869,0.9183826042600313,0.20847985709649064
412,0.5602620285145651,0.9184058124703283,0.20839122215398193
413,0.5602893923103484,0.918433590073247,0.2082857088429234
414,0.5601490709321225,0.9184695034240046,0.20816315466418792
415,0.5602710084969663,0.9185471331388578,0.20793217483319495
416,0.5603461922669652,0.9185215460773978,0.20779867254741363
417,0.560745853247761,0.9185747954501209,0.20756726505895098
418,0.5608827943688187,0.9186413955965766,0.2073997092925958
419,0.560898548726033,0.918671302252071,0.20726076244074237
420,0.5609530914656695,0.9187043640558771,0.20704882657530593
421,0.5608049650054239,0.918634232141701,0.20688339833786543
422,0.5609706605097278,0.9185206698608143,0.2067493295596418
423,0.5609835262666126,0.9186141713936053,0.20656229961526296
424,0.561399259820309,0.9187960939402252,0.20564206937332347
425,0.5612614753859152,0.9187765520045802,0.20525449745369656
426,0.5612161706654084,0.9187750455269454,0.20523739664109306
427,0.5612521186927393,0.9188830161625297,0.20507237534342704
428,0.5611176298651191,0.9188685662750125,0.2048686208545638
429,0.561090072973884,0.9188701342415303,0.20475019955523074
430,0.5611277946444645,0.918835273887895,0.20454912381716223
431,0.5611630441139486,0.918827680010838,0.2040528215523695
432,0.5611922628092185,0.918928533308209,0.2038512417126293
433,0.5610281109382625,0.9190492897884128,0.2013924059980778
434,0.5611131149105012,0.9191139876225491,0.20118489348303806
435,0.5611190690553614,0.9190297709110989,0.2011260798146713
436,0.5613429428591163,0.9190034113955456,0.20098738686124484
437,0.5618313834236053,0.9191505888801859,0.20060662220952452
438,0.5617984878679366,0.9191157285265505,0.20048568170881176
439,0.5618639499088004,0.9191412195116309,0.2003545220167576
440,0.5619805403104997,0.9192656461095419,0.19645036844153524
441,0.5620880103934659,0.9192186609167797,0.19632429443546254
442,0.562067786861331,0.9191597007640432,0.1961961358091506
443,0.5621190139864587,0.9191856298574151,0.19620250986807394
444,0.5623869763975646,0.9191599697779065,0.1961116706211951
445,0.5629168249440248,0.9191564495393518,0.1955546707244288
446,0.5629498111020173,0.9191461655236614,0.19545744833461953
447,0.5631408126654864,0.9191901031736572,0.19508216456766436
448,0.5631338546013779,0.9191771174901677,0.19500122606484946
449,0.563906874068599,0.9192339063167214,0.1918344662087113
450,0.5639127921934781,0.9192060672249196,0.19179007066696138
451,0.5639368967209283,0.9192222426442175,0.1916225726931834
452,0.5640889004227962,0.9192258013133241,0.19148741668983457
453,0.5643437774365128,0.9192648967137796,0.19124053862118603
454,0.5644928913080073,0.9192686167912043,0.19116514110529723
455,0.564379707059081,0.9193713301272876,0.1910148284595316
456,0.5644011236292344,0.9193882510992925,0.19094531729674874
457,0.5644375787473686,0.9193790239237795,0.19087713533853587
458,0.5646601119583836,0.91939807394836,0.19069791873347688
459,0.5649050649926638,0.9193938120001535,0.19046641375433326
460,0.5648916363709162,0.9193120702162462,0.19038786450178433
461,0.5649636182462384,0.91934025133996,0.19027887857231118
462,0.5650680068811021,0.9193224733666475,0.19021747419114463
463,0.5651882855226372,0.9194369118641178,0.18751511829198728
464,0.5655138948509804,0.919540589807054,0.18726640538897116
465,0.5658184352142593,0.9195632061868515,0.18707222602955625
466,0.5659041220856341,0.9195485641465748,0.18686137012123905
467,0.5660316362251885,0.9195922443118729,0.18675432949743237
468,0.5660569988978469,0.9195679523600121,0.18657957540673933
469,0.565935023563221,0.9195068324102583,0.18644734686082504
470,0.5659511378712878,0.9194996113095549,0.18627324677385784
471,0.5660957705444056,0.9194730903856836,0.18608101264477647
472,0.5661418203292943,0.9195441676914365,0.18593483128107105
473,0.5665093977810658,0.9195091036558761,0.18573310374880686
474,0.5667177029899159,0.9195749582496249,0.18551756262165411
475,0.5669364839601674,0.919554109675215,0.18531484377167232
476,0.5668691113701768,0.9196203946911451,0.1851258077457547
477,0.5672136128636751,0.9197087426869254,0.18486051654968963
478,0.567291313574174,0.9197275044823666,0.18481207141781544
479,0.5671973542944598,0.919720198834449,0.18459172929944584
480,0.5672838804673105,0.9197607046361596,0.18441739581758537
481,0.5674256143022687,0.9198303331101056,0.18426230788527287
482,0.5674819780090944,0.9198496559916047,0.1840847935398554
483,0.567478974483115,0.9198870988783282,0.18385661682777796
484,0.5677310726287281,0.9198586295254751,0.18393942781228054
485,0.5679638257960443,0.919838803203746,0.18369817850931985
486,0.5679691212437105,0.9198421697200931,0.18348865621026975
487,0.5680790554986196,0.9198722416269608,0.1832475388859297
488,0.5680168950526425,0.9199392107067149,0.18308024953116597
489,0.5681223174471085,0.9199520080805,0.18288547221277884
490,0.5682011974302827,0.9200009532314095,0.18284313610917494
491,0.568167207963381,0.9199952847250031,0.18268365514881807
492,0.5681555089462274,0.9200031668311994,0.18255151641911144
493,0.5681720565632672,0.9199729757896208,0.18253492657367748
494,0.568240564556861,0.9199435879465772,0.18219734468303125
495,0.5682842577691868,0.9199843473899303,0.18204644987603252
496,0.5684986869032889,0.9200414744053408,0.18184229639060298
497,0.5686476375908485,0.9200372124571343,0.1813358766145191
498,0.5687326728560136,0.9200437033773514,0.1808244251415816
499,0.5687789859863345,0.9200651975850334,0.18067438544007333
500,0.5687983465331233,0.9200548482374047,0.18060127552890656
501,0.5688508455143452,0.9200543371110643,0.18039961579727917
502,0.5691837364456908,0.9201188735368826,0.18025373605026188
503,0.5692369848149816,0.920157642277647,0.18014780621139392
504,0.569261160703531,0.920139733640458,0.1801380649748719
505,0.5694740304537135,0.9202147923513886,0.17987308471113148
506,0.5697096426579948,0.9202707433919108,0.17968373462470622
507,0.5697547540892842,0.9202741752401962,0.17967757511264917
508,0.569888362748226,0.9203024370680689,0.1795866313637041
509,0.5699781572063151,0.9202925565731735,0.17957231655354278
510,0.5702805511904028,0.9202900163136924,0.17949162785192987
511,0.5704048431121744,0.9203104613673072,0.17935885834058554
512,0.5704366551496122,0.9203453870528808,0.17906545713651856
513,0.5706180841085406,0.9203788062608196,0.17880217147964209
514,0.5709038584744662,0.9204787641263311,0.17764618762121903
515,0.5711728831918744,0.9205378741582201,0.17755209541933092
516,0.571247224128541,0.9205072373222394,0.17744651528548916
517,0.5714837303803755,0.9205229554179696,0.17730329379755472
518,0.5715081379929173,0.9205525161984969,0.1772638144307369
519,0.571285494340053,0.9205183552809062,0.17721162258238454
520,0.5723216717635268,0.9206248155958004,0.17508774201917085
521,0.5727019983172013,0.920668764774962,0.1748891105740131
522,0.5726350145263952,0.920668061495862,0.17484004397162523
523,0.5726465874541596,0.9206482928199609,0.17479119429506854
524,0.572652426356321,0.920680109473885,0.17470264173336833
525,0.5727630574837164,0.9207135056234927,0.17472612991362055
526,0.5728089311421242,0.9207541382460246,0.17459077819899269
527,0.5730459730022713,0.9208039634565727,0.1741867270534864
528,0.573091945007466,0.9208300654874283,0.1740265280880564
529,0.5731254002460838,0.9208234861769417,0.17409636001435144
530,0.5731739038830985,0.920860321860945,0.17395195955965598
531,0.573327435954237,0.9209466445666398,0.1737851775324491
532,0.5735929487286577,0.9210332093848115,0.17362298281246047
533,0.573650811969512,0.9209864355600849,0.17358652015379364
534,0.5735316285578269,0.9209727120099986,0.1734908501968717
535,0.5736849801029292,0.9210024034544024,0.17340123076181707
536,0.5738448631016494,0.9210226371399817,0.17325091914587398
537,0.5738530466956526,0.9210056047193763,0.17311622518942182
538,0.5739656325846395,0.9209961892341589,0.17300056305450437
539,0.573868627724364,0.9209868967267077,0.1728955272080702
540,0.5741361282074823,0.9210214073623206,0.1728047029632855
541,0.5741882726216244,0.9210537428286957,0.17271044270666594
542,0.5743781896742084,0.9210707675631907,0.17254499412027546
543,0.5745604687373915,0.9210154544698302,0.17234587514348002
544,0.5747951208219646,0.9210536582814814,0.17212474338167585
545,0.5749074807441236,0.9210806519011413,0.1719227871160048
546,0.5748866742720744,0.9210701987910225,0.17192895220333929
547,0.5749228884052018,0.9211120996217673,0.17170540567011597
548,0.5749407158504182,0.9211397004441473,0.1715929410241767
549,0.5750941514414538,0.9210986450855444,0.17151620909762935
550,0.5754832226340225,0.9211120227606635,0.17135866064425356
551,0.5756788596260344,0.9211732695312385,0.17119594734519863
552,0.5759944666429149,0.9212675704195092,0.17099578366365728
553,0.5760261992215269,0.9212918393130388,0.17089205582928013
554,0.5760064575737922,0.921243067099613,0.170785755468569
555,0.5760471569298893,0.9212271414789025,0.17076773823736333
556,0.5759417921994625,0.9211800409944846,0.17076784697873845
557,0.5760803337482182,0.9211504879000677,0.1705142972475401
558,0.5760348663259282,0.9211979419455631,0.17035871497623783
559,0.5760111268868446,0.9211746338158312,0.1703894404641879
560,0.5760534348445693,0.9212151319314313,0.17021056604267737
561,0.5762072862246377,0.9211831384969683,0.170107533869062
562,0.5762198014198266,0.9212114272262275,0.17001746918448993
563,0.5765285350647971,0.9212378943473262,0.1698611969523431
564,0.5765698420355315,0.9211926385293999,0.16972937206046512
565,0.5768395296322777,0.9212459455479508,0.1696607151906029
566,0.5771090068267974,0.921320896653336,0.16946416076056897
567,0.5772294739758908,0.9213473829897108,0.1693705593166551
568,0.5772955313546807,0.9213388168196905,0.16924011626677976
569,0.577338209415544,0.9212800603488792,0.1691763567242576
570,0.5779971770201381,0.9215124614254296,0.1686571341104026
571,0.5780195376571754,0.9215194903733734,0.1687165768302049
572,0.578217696438108,0.9215429829697546,0.16867582830098687
573,0.578322163563799,0.9215225763466917,0.16859337105309316
574,0.5783025912120019,0.9214461879386651,0.16853565949823077
575,0.5783722941415401,0.9215323876665936,0.16836076011995582
576,0.5783087036945094,0.9215200514594314,0.16821673397348802
577,0.5784600663598338,0.9215780431622598,0.16807654571069217
578,0.5785079266860763,0.9215166426694772,0.16779948607549874
579,0.578500666590395,0.9214703915002564,0.16771749252310797
580,0.5785725829193807,0.9215013511528731,0.1675787425946616
581,0.5785560619315612,0.9215041104665,0.16746886779891126
582,0.5788791298969495,0.9216317306432746,0.16715057439787556
583,0.5788781832053548,0.9216125730131487,0.16725418013857027
584,0.5790997027833189,0.9216745999239275,0.16715494671764614
585,0.5793582196787986,0.9216322994154429,0.16681500412466896
586,0.5795106750272058,0.9216900874363462,0.16659270623360695
587,0.5793560134626662,0.9216233450968484,0.16650617780296087
588,0.5793633431771511,0.9216411192271057,0.16639069512920246
589,0.5794893773961375,0.921573796586274,0.1663526055866586
590,0.5794848573698326,0.9215094330979393,0.1662629674288874
591,0.57944234252493,0.9215140562933337,0.1661099718128634
592,0.5795070201637722,0.9215086260563492,0.16601940880934818
593,0.5798263367045395,0.9215423450225929,0.16584465021542974
594,0.5798321796635885,0.9215270535059888,0.16578349736742812
595,0.5798802028823525,0.9215561953935004,0.1657078564549702
596,0.5800142615467625,0.9216219116372623,0.1655580107422091
597,0.5799707797762647,0.92160504446803,0.16549332050286225
598,0.5800394445809949,0.9215942685412751,0.16543615617494548
599,0.5798363137417357,0.9215967511549285,0.1651201967187086
600,0.5799137517076954,0.9216115891910199,0.1649328668467863
601,0.580134474264112,0.921680837202502,0.1647634505936942
602,0.5801622970881534,0.9216888076989677,0.16467941755737342
603,0.5801077707442248,0.9216796612276137,0.16461825630658333
604,0.5800597644019022,0.9217076463555128,0.16460929261269797
605,0.5801045869248078,0.9216813444857873,0.16448741272195536
606,0.5801494738054627,0.9216691965883292,0.16432454809720456
607,0.5802095638561742,0.921657263901962,0.1642156282336972
608,0.5801882791186347,0.9216342401583142,0.16411630660957918
609,0.5801769507280933,0.9216020353558156,0.16404579905682815
610,0.5802788201620478,0.9215984497853227,0.16388306048304693
611,0.5803122992036692,0.9216189870722621,0.16381158624845843
612,0.5803900775446681,0.9216554461368568,0.1637183125203612
613,0.5803515985917542,0.9216586397157203,0.1635748438307482
614,0.5803644502656367,0.9216906831099008,0.16358790423434263
615,0.5804800533740726,0.9216832775425482,0.1635278116791498
616,0.5806104641669215,0.9216816634593681,0.1633916008779056
617,0.5806759130133152,0.9216715946547683,0.16319876168005323
618,0.5807682692011565,0.9217025735226609,0.1631624370210925
619,0.580780838874927,0.9216539934619947,0.1630135889150054
620,0.5809730824084463,0.9216268960798447,0.16288868227293438
621,0.5810294118326278,0.9216263695812835,0.16276686323658934
622,0.5812519289827178,0.9215854295143364,0.16267010355217265
623,0.5812947043428596,0.9215785466024898,0.16242065107243606
624,0.5812700904397061,0.921547967412337,0.16236720302779403
625,0.5812740520327208,0.9215475369901556,0.16240042667394683
626,0.5812424073164802,0.9215256584769547,0.16234567624971608
627,0.5811148438592166,0.9215287060197209,0.16217085763653682
628,0.5812617437327329,0.9214947295687794,0.1620361759610444
629,0.581252891387257,0.9214691232920434,0.16201675614645036
630,0.5812358525150284,0.9215239636896155,0.16190127525855294
631,0.5812913844002446,0.9215553268630272,0.1617609278897486
632,0.5813580788600261,0.9216007095017749,0.1615793360991014
633,0.5815706666410814,0.9215998794018536,0.1614388540188766
634,0.5815803826642785,0.9215608992930538,0.16132601425849294
635,0.5816687280784646,0.9215770977706829,0.16121854174374634
636,0.5816651710319958,0.9215566949906752,0.16115753005210828
637,0.5817632738801014,0.9215612528541314,0.16104704963253094
638,0.5817943828569068,0.9215955713369849,0.16093182463730293
639,0.5818373603769615,0.9215952715786799,0.16084940741174317
640,0.5818131474998635,0.9215656723676008,0.16080532215905388
641,0.5818813288237721,0.9215573790544991,0.16069298609774665
642,0.5819664580354829,0.9215657415425942,0.1606494415103632
643,0.5820958585626174,0.921599179965809,0.16045322992202002
644,0.5821665328046748,0.9216389363717573,0.16034260250751384
645,0.5822239595441226,0.9216602576419556,0.16028003778643313
646,0.582323421138189,0.9216872243602291,0.1601788170128438
647,0.5824600447419864,0.9217276802022222,0.16005762204191526
648,0.582559887366558,0.9216909674959849,0.16000879350710412
649,0.5824619596861887,0.9216061627970905,0.15993634125392167
650,0.5825436982248168,0.9216263734243387,0.15981981272350046
651,0.5826462867426898,0.9216579402796756,0.1596988436542499
652,0.5825358064007449,0.9216153861295484,0.15966639868991422
653,0.5825601547438067,0.9215994912532794,0.15952034703035722
654,0.582705630618522,0.9215383943618568,0.15863953789446805
655,0.582724552515683,0.9215704146977062,0.15851966009043078
656,0.5829075089454138,0.9216239561426237,0.15833710875569373
657,0.5830712773719796,0.9216140141588453,0.158180855557223
658,0.5831596789878897,0.9216794306443022,0.15813714706427395
659,0.5831977789209812,0.9216324070209883,0.15803762643794614
660,0.5832260489039923,0.9215662488258793,0.15790352951268805
661,0.5833825504622661,0.9215651881426468,0.15781736347965514
662,0.5832412368035268,0.9215447776765286,0.1577063067779259
663,0.5833332098539187,0.9215373067772378,0.15765607162313675
664,0.5832749787399818,0.9215750109917143,0.15755909010884617
665,0.5834096344172062,0.921602100687754,0.15753412134325923
666,0.5834520937952064,0.921528909701646,0.15743478110946763
667,0.5833552596658389,0.9215279950545107,0.1573825160621515
668,0.5834336223683259,0.9215137680641945,0.1571600745888776
669,0.5835373504275724,0.9214982036906719,0.15716292334206125
670,0.583604388728811,0.9215192328886757,0.15698254964362518
671,0.5837566845055345,0.9215240751382161,0.15683071629959822
672,0.5837935678359233,0.9215696998894407,0.15678284816193122
673,0.5838268458175017,0.9215271995420862,0.15672520884664468
674,0.5841009997136685,0.9215849760338239,0.1565415266451277
675,0.5841625891743298,0.9215328911068237,0.15643721864816726
676,0.5842146756611744,0.9215510572287103,0.1562239603751653
677,0.5840033220953775,0.9215397240589528,0.15609236274515256
678,0.5838599447362465,0.9214832695782006,0.15588099746357575
679,0.5839772580113863,0.9214965511769398,0.15581024118448017
680,0.5840337212350275,0.9215086990743978,0.1556118339747389
681,0.5841139949723292,0.9214818976074975,0.1555007082749848
682,0.5840231452263897,0.9214562259988233,0.1554296815561228
683,0.5839673794418117,0.9214661679826018,0.15541033238027605
684,0.5840055730772544,0.9214788923383384,0.15532205780211206
685,0.5837910240793479,0.9214713561071093,0.15535523705621426
686,0.5838631408396047,0.9214492393244865,0.15531011903679343
687,0.583948740591032,0.9214167885664558,0.15520457931167062
688,0.5840534619987601,0.9214524367464052,0.1551359292331751
689,0.5840406368114253,0.921443505486142,0.15507845096846867
690,0.5841164243709592,0.9215144252266321,0.15492792002437744
691,0.5843177405773952,0.9214696728489358,0.154802256435997
692,0.5844210829455972,0.921406297025785,0.15473834032739792
693,0.5844937739633477,0.9214201627689133,0.1546581988251092
694,0.5844847726138668,0.9213727702123009,0.15457360846545687
695,0.5845866186889456,0.9214280487181647,0.15452237983665565
696,0.5845139187238615,0.9214727703514195,0.1543907259044813
697,0.584540881101606,0.9215083531994307,0.15440343401480922
698,0.5846542918064215,0.9215513800453463,0.15425873141256605
699,0.5849477390580387,0.9216136567547125,0.15438462922140786
700,0.5849684391026654,0.9216206280568285,0.15424360874289605
701,0.5849171079783767,0.9216500120568171,0.15408286912255653
702,0.5850638232124736,0.9216505923581508,0.15402433084200953
703,0.585000135563232,0.9216171424057705,0.15394531626036148
704,0.5849906562019722,0.9215597655917726,0.15390344669758527
705,0.5851095261966682,0.9216250821577946,0.15376892950643245
706,0.5851097614418259,0.9216279452339118,0.15373378369770738
707,0.5850151148710001,0.9216244903272952,0.15363519571761136
708,0.5852867475861724,0.9216799225553667,0.15343833054689207
709,0.5852720720038845,0.9217566914258571,0.1532820563246675
710,0.5853818083532246,0.921771394955017,0.15318262008894096
711,0.5853953989417705,0.9217219963235951,0.153084923149803
712,0.5854386578290622,0.9217101981441594,0.15294438779521902
713,0.5855006595274982,0.9217495010695953,0.15252756305331588
714,0.5854775967540715,0.921772947549314,0.15244651844522775
715,0.5855096244186861,0.9218078155890598,0.1523286973788935
716,0.5858100376746305,0.9217401201718747,0.1522392928339404
717,0.5858439212088346,0.9217446127033926,0.1521378394057306
718,0.5858883428975538,0.9217307623324852,0.1520972174465355
719,0.5858937878125257,0.9217180917795212,0.15206666907089425
720,0.5859508369939675,0.9217610878809954,0.15194005855950474
721,0.5860653741358387,0.9217994953745718,0.15183265295233966
722,0.5861320465104104,0.9218183839908344,0.15174924285217353
723,0.5862828666051133,0.9218153326050129,0.1516018740829765
724,0.5863839438273398,0.9218096026097234,0.1515666135208912
725,0.5864737318102301,0.9218470723978334,0.1514886642824259
726,0.5864604153088436,0.9218384793264268,0.15150123296034906
727,0.5865769498080105,0.9218605692076632,0.15135586487318253
728,0.5865710558350099,0.9219443478108217,0.15123054285386928
729,0.5864728590404114,0.9218753611270925,0.15119037556169718
730,0.5867068902682381,0.9219218121351831,0.15121804818602871
731,0.5872824829792935,0.9220448975068325,0.14922219392219785
732,0.5877114795530304,0.9221644242093754,0.14683595277746578
733,0.5877869610190007,0.9221379301868903,0.14674474467207624
734,0.5879236832498936,0.9221811030689032,0.1466385456928164
735,0.5879441104057522,0.9221677676673913,0.14652830089044985
736,0.5879019021831444,0.9221703924740866,0.1465226989400023
737,0.5880270891952979,0.9222148258782021,0.1464071330472442
738,0.5880764421276767,0.9222291220435117,0.14632461875651623
739,0.5882502371164947,0.9222903034821485,0.14617613620603911
740,0.5882652862989989,0.9223036042961636,0.1460534830503975
741,0.5881937869590923,0.9222985353063671,0.14595220572087222
742,0.588191390622599,0.9223259401329323,0.1458697205264383
743,0.5881751887496436,0.922289527185,0.14569414651988577
744,0.5888929205736131,0.9224229849626092,0.1441601365965147
745,0.5891150823223922,0.9224746932702008,0.14411520421142265
746,0.5891339318671627,0.9224511161266056,0.14407299586228633
747,0.5893054563899484,0.922449110051796,0.14391241155383583
748,0.589386366615515,0.9224644246267312,0.14379395850418192
749,0.5893961136727631,0.9224609581909491,0.1437374541382
750,0.5895134186117408,0.9224222394099023,0.14367305112018994
751,0.5895928801230333,0.9224354518336481,0.1436600395604237
752,0.5896370736705124,0.9225092154349794,0.1435534722820306
753,0.5896687717344585,0.9225213172157751,0.14336501547512975
754,0.5896534953764933,0.922440889756743,0.1433123094043194
755,0.5897032661885068,0.9224157023730228,0.1433028856585329
756,0.5899074426983413,0.9224577991995823,0.14316190505802381
757,0.5899059426413505,0.922466396114044,0.14307383290732414
758,0.5899849817389936,0.922460350988229,0.14293462566490173
759,0.5898966242460332,0.9223978821261033,0.14288014638008326
760,0.5900608651291558,0.922408573505644,0.14282793051155965
761,0.5900989081150143,0.9223661922930003,0.14263748992309117
762,0.5902500022195685,0.922406801857201,0.1424275046704976
763,0.5902171445160017,0.9223799312153073,0.1423463005854512
764,0.5902050101962374,0.9223793931875806,0.14235462621604883
765,0.5902128937709595,0.9223766261878432,0.14229311338567857
766,0.5902122719926508,0.9223622992780921,0.14218973355687772
767,0.5901565046553069,0.9222971172190016,0.14186823702239085
768,0.5901733891518807,0.9222773331708797,0.14179211368151487
769,0.5902746129857142,0.9222775368528048,0.14168267903600668
770,0.5904088215151667,0.9223138076076951,0.1415817582263843
771,0.5904082951643665,0.9223009487450269,0.14162505007786164
772,0.5904894159126464,0.9223253060288259,0.1414879912048605
773,0.5905128265430486,0.9223088116359471,0.14142310108006878
774,0.5907084661975999,0.9223309168894044,0.1412675997003245
775,0.5907110758656845,0.9223149835825836,0.14120136971782996
776,0.5908204011956518,0.9223547246163111,0.14117759684987596
777,0.5908038180600723,0.9223787629265293,0.14105678735019517
778,0.5907441568719479,0.9223592056186635,0.14099145982896
779,0.5907690964712573,0.9223881169228636,0.14087862884581387
780,0.5909175811466596,0.9224326809908555,0.1407076732339332
781,0.5908937912952119,0.9224460701951401,0.14063121131453335
782,0.5909059064956614,0.9224697856887223,0.14053535465998382
783,0.5908956800082388,0.9224581835051013,0.1404651998156587
784,0.5909378767465664,0.9224553627025913,0.1404356534483387
785,0.5909234031565707,0.9224596592382946,0.14036286428393827
786,0.5909553509123995,0.9224741859869157,0.14028057907133037
787,0.5910921730757904,0.9225157370996381,0.14018631218012323
788,0.5911302618368687,0.922554113848773,0.14012273528455002
789,0.5911131590675667,0.9225719148804166,0.14007054550417894
790,0.5911086844659016,0.9225812957781372,0.1400450183161428
791,0.5912693328476587,0.9225930286256345,0.13997665002954104
792,0.5912688004665172,0.9225470387841668,0.14004177189530959
793,0.5914193878708878,0.9225442141386015,0.13995139162381562
794,0.5915273519538966,0.9225694783834256,0.13980210364574777
795,0.5915368279439364,0.9225654124310337,0.1398214840570879
796,0.5915550724224087,0.9224763304117121,0.1396921073211385
797,0.5916147004791513,0.9225005685608002,0.1396170380794832
798,0.5915876778610717,0.9225119094166682,0.13952671575339057
799,0.5916862240614981,0.9226246492837441,0.1382215350251238
800,0.5916715788545976,0.9226125782473898,0.13815918008998798
801,0.591675860785332,0.9226136120292362,0.1381467147480476
802,0.5916996872077788,0.922629987287404,0.13803902603880033
803,0.5917267439790505,0.9226318550122267,0.13791663752328245
804,0.5918086191672266,0.9226407516849933,0.13785615851250996
805,0.5918566886013641,0.9226516928631214,0.13778856822888186
806,0.5918767792201852,0.9226628876828921,0.13773765685556502
807,0.5917920151824184,0.9226241804310108,0.13773084116306547
808,0.5918324425290589,0.9226279965848152,0.13769369735645645
809,0.5920607255223076,0.9226571999612098,0.13760062253988112
810,0.5921047572462131,0.9226717920417691,0.13755786809616655
811,0.5922473321001924,0.9226698474558425,0.13747964378626412
812,0.5924210749799217,0.9226163136970353,0.13740555897379217
813,0.5924682544767113,0.9226614273219196,0.13736689892659984
814,0.5924586541493378,0.9226529111116168,0.13738322902559197
815,0.5925723917081035,0.9226562930001847,0.13721936824520156
816,0.5927070591676421,0.9225776640909819,0.13716303138032146
817,0.5927259942131555,0.922569205526507,0.1371027012000663
818,0.5928695064184819,0.9225680641391154,0.13714851679770065
819,0.5928996041924658,0.9225727987831104,0.1371052967514283
820,0.5930716737906353,0.9226286883347495,0.13677891482580393
821,0.5930501550767909,0.9226674724477346,0.1366715209247505
822,0.5930136949858356,0.9226918297315336,0.13662472191142713
823,0.593021389251204,0.9227161601139463,0.1365647571581325
824,0.5931451335528684,0.9227218209342423,0.13649573344804716
825,0.5932251825711258,0.9226837554725779,0.13641533538229897
826,0.5932470682110726,0.9226874832361128,0.13642995616169679
827,0.5932327172976595,0.9226619153899288,0.13651454140292837
828,0.5932743222941401,0.9226568771445737,0.1364572243946129
829,0.5932357233012439,0.9226600322928853,0.1364111098911714
830,0.5933343403397736,0.9226444640763076,0.13636057640307325
831,0.5932874899598748,0.9226232926852617,0.1363003364083249
832,0.5933065594442214,0.9226223280784088,0.13623937382112317
833,0.5933437096376671,0.9226191652439869,0.13612932576160844
834,0.5935395453881069,0.9226227661867006,0.13606692312164317
835,0.593511065055553,0.9226318281108404,0.13601692484905348
836,0.5935242019300851,0.9226599554317815,0.13598930019427163
837,0.5935820046528568,0.9226930902536362,0.1359977001885097
838,0.5936145784693403,0.9226077821145119,0.1361492335646081
839,0.5936065694000393,0.922604119682915,0.1360668841071035
840,0.593689178944332,0.9226012028040252,0.13596279078347104
841,0.5938385842502664,0.9226315321955907,0.1358745033841057
842,0.5937445647315784,0.9226379270394282,0.135809197998931
843,0.5937551121115502,0.9226375926936266,0.13579203990062377
844,0.5937244738714306,0.9225209751838631,0.13573054542699475
845,0.5938650674620628,0.9225147071608469,0.13568170596953621
846,0.5937631516401473,0.9224655929155091,0.13567025671385596
847,0.5938755377135863,0.9224502322239118,0.13548747175797468
848,0.5938849894299323,0.9224716265121586,0.13542161006137451
849,0.5939306840908366,0.9224878595772844,0.13533594462387394
850,0.5939651569767685,0.9224978169332836,0.13526326806240846
851,0.5939227969157913,0.9224801311932957,0.1352282496140584
852,0.5938963294708888,0.9224764226450367,0.1351970400647063
853,0.5938732144693886,0.9224798813947084,0.13512459029815901
854,0.5939188116604064,0.9224977823457869,0.13505637793875006
855,0.5937358643335657,0.9224394524541016,0.13496851899162357
856,0.5938770304316634,0.9225091155155445,0.13488356685414685
857,0.5940835993357482,0.922540152029265,0.134789783563865
858,0.5941681333079954,0.9225376117697839,0.1347455683731566
859,0.5942459942530192,0.9225433110206318,0.13469507081532706
860,0.5942841471401261,0.9225844240250625,0.13462977814363916
861,0.5944033960810383,0.9226541101448363,0.1345567054021914
862,0.5942594380929233,0.9226307597414973,0.13455403813042363
863,0.5942570625515625,0.922645459427602,0.13448015173702296
864,0.5942929657353225,0.9226241996462867,0.13449402722542836
865,0.5943421383259936,0.9226157333957015,0.13447116911229193
866,0.5943441319462927,0.9225825947307916,0.13444044301940114
867,0.5943290012893376,0.9225608622536879,0.13438231866712244
868,0.5942484582051205,0.9225058604477978,0.13426202388121167
869,0.5943469253288667,0.9225094537044012,0.13420340662967867
870,0.5944303497803827,0.9225010450996438,0.13419714691762025
871,0.5947051956164126,0.9225192688673584,0.1335059117149023
872,0.5947681395976765,0.922515352794119,0.1334492672887058
873,0.59472082475585,0.9225012872121209,0.1334876338324534
874,0.5947607241187359,0.922532880968844,0.13339739715064164
875,0.5948014252360642,0.9225611312675512,0.13317224744376696
876,0.5948854404246355,0.9225734098288857,0.1330073121874081
877,0.5949576067224761,0.922578332782585,0.1329717494920493
878,0.5949965239910444,0.9226006686193537,0.13289474652180247
879,0.5950801223087018,0.9226279850556496,0.13280505363991546
880,0.5952120730296565,0.9227392953061946,0.132710652717199
881,0.5952696213472816,0.9227719766475367,0.1326429954388673
882,0.5953569207533645,0.9227958766077681,0.13260549168228886
883,0.5954031311924467,0.9228509514317068,0.13251664896414642
884,0.5954288494004634,0.9228578535588293,0.13247981647572882
885,0.5953446643523871,0.9228812654510514,0.13243323800580006
886,0.5953831151398659,0.9228991625590748,0.13235612669700858
887,0.5953386834676575,0.922870962220085,0.1322580118081409
888,0.5953471648296046,0.9228213291622964,0.13219583879744898
889,0.5955044867554354,0.9228683412564449,0.1319617281130792
890,0.5955742784419529,0.9228693750382913,0.1318770332567647
891,0.5955856515313395,0.9228714118575423,0.1318162201329565
892,0.595516748739181,0.9228542756744468,0.1318012340448699
893,0.59555834582466,0.9228299145475926,0.1317613506494434
894,0.5956567461892245,0.9228400832716274,0.13170944152155706
895,0.5956704800779222,0.9228541411675151,0.13160395493205482
896,0.5957119707360157,0.922875616159921,0.13152212928173593
897,0.5956270732178357,0.922836067278953,0.13146406685465045
898,0.5955324888698182,0.9228418587631254,0.13149214720418032
899,0.5955015824262232,0.9228050422943981,0.13142511299972473
900,0.5956519323150274,0.9227631260914325,0.13131962825015545
901,0.5957247557851084,0.9228444605114896,0.1308995082889692
902,0.5957329577635172,0.9228535301217398,0.13086245406117436
903,0.5957571819692998,0.9228487762624688,0.1307696018024938
904,0.5955816064544956,0.9228619079820556,0.1306760084657809
905,0.5955875596084252,0.922870174393771,0.13071346543850834
906,0.5955798122159632,0.9228769689153482,0.13071107407350321
907,0.5955136753962941,0.9228650708164776,0.13065955437052618
908,0.5955136753962941,0.9228650708164776,0.13073164114455166
909,0.5954209078691302,0.9228254758188472,0.13070980888471304
910,0.595356825924539,0.9228133932533276,0.13067317484078803
911,0.5954908729491463,0.922857988065761,0.13060299851208307
912,0.5955901817144073,0.9228497716137632,0.13047782125720897
913,0.5957511006032375,0.9228566967992169,0.13032510070729805
914,0.5957701317064243,0.9228352986679148,0.13026789796726004
915,0.595857512209009,0.9228658202122398,0.13007834905614762
916,0.5958956917053072,0.9228603361724826,0.13002605816969778
917,0.5959811785758491,0.9229001886548107,0.12999124125934397
918,0.596082252678403,0.9229282929174207,0.12993975269184202
919,0.5961592051595116,0.9229016951324455,0.12983068693415786
920,0.5961703692311516,0.9229157799297196,0.1297925859015738
921,0.5961656970924666,0.9229293305423222,0.12973317054219535
922,0.5961186411680218,0.9229546409038085,0.12961269799093125
923,0.5962124442150056,0.9229297225339517,0.12947534938394226
924,0.5962759824007197,0.9229163640741086,0.12940424063021774
925,0.5961418254968268,0.9228734371476278,0.12936872219420292
926,0.5961925465919505,0.9228890399517024,0.1292938546486292
927,0.5961834630243582,0.9228856157895273,0.12926134267420422
928,0.5960969779785267,0.92286058597107,0.1292004776362414
929,0.5961132696432014,0.922853272637042,0.12918467833719297
930,0.5960417674357537,0.9228239923995436,0.12911122251773988
931,0.5960253669423514,0.9228230393218563,0.12909301836734557
932,0.5961474637078377,0.9228301028572969,0.1290520910118675
933,0.5962465921987663,0.9228044504638987,0.128948887276433
934,0.5963600297584308,0.9228011454364347,0.1289199846478043
935,0.5962410172884669,0.9227751548541795,0.12890909825432095
936,0.5965544620699634,0.9228854582242646,0.12871495507783415
937,0.5966021250431,0.9228987744105005,0.1287179427199672
938,0.5966155231557927,0.9229007420547581,0.1286072608407666
939,0.5966382411141683,0.9229162295671769,0.1285706336776683
940,0.5966833680202479,0.9229234621970459,0.12851583881827286
941,0.5967364498087566,0.9228211677539784,0.12843691206023888
942,0.5967708212363398,0.9228721881546909,0.12831770984987098
943,0.5967993689798067,0.9228994853757108,0.12829267021439755
944,0.5969762700765863,0.9231043432757091,0.12641391957605935
945,0.596833548467696,0.9230917726421801,0.12636344400584093
946,0.5968743114319807,0.9230762428561543,0.12631921163146126
947,0.596999528588688,0.9231646907713695,0.12620059883881066
948,0.5969364316410385,0.923159241319109,0.1261913972322386
949,0.596825808512939,0.9231397916167886,0.12613586626554804
950,0.5969089840654755,0.9231623849382551,0.1261040225289709
951,0.5968539525223107,0.9231686837057127,0.12600889378012792
952,0.596928321489565,0.9232038130732114,0.1259287166701515
953,0.5969792205513847,0.9232285123889223,0.1258436009012047
954,0.5969334143704772,0.9232394843114919,0.1258066658358181
955,0.5969971516653407,0.9232536805573666,0.1257054905241829
956,0.5971414971663397,0.923270228753018,0.12564903487115675
957,0.5971344775792378,0.9232416633237851,0.12561696808159936
958,0.5973212801372788,0.9232845210752724,0.12551634308317353
959,0.5973778680828858,0.9232903471469416,0.12547722812274165
960,0.5973564980786109,0.9232863926431503,0.12542743131167486
961,0.5973465643413622,0.9232669390977747,0.12542665925153249
962,0.5973872918053663,0.9232788640980316,0.12394076252436154
963,0.5973494499491178,0.9232438423360783,0.12398511323516338
964,0.5973237279097269,0.9232385043324183,0.12387626203389858
965,0.5973456697719541,0.9232571354639831,0.12381409927550983
966,0.5973513331835054,0.9232794251840895,0.12375612783843586
967,0.597330336756296,0.9232752093525451,0.12369389077007341
968,0.5974313171697871,0.9232737566776831,0.12371173643616483
969,0.5974178259463008,0.9232789986049633,0.12370750454237901
970,0.5973996936238656,0.9232688490962045,0.12366481983061216
971,0.5974588570817572,0.9232813582408504,0.12368119906242248
972,0.5974361169883634,0.9232855125835117,0.12344374486674375
973,0.5980335126992857,0.9233615820179574,0.12273401532783235
974,0.5981326336279335,0.923387242097466,0.12261008269997525
975,0.5982105149077759,0.9234004276198255,0.12252252301244217
976,0.598227051099692,0.9233902204652389,0.12249908852953786
977,0.5984068610763896,0.9234072913163962,0.12245178966633768
978,0.5983998300172488,0.9233933371829985,0.12243835783973575
979,0.5981474830774847,0.9233146852154647,0.12241845342812076
980,0.5982651902198931,0.9233311796083433,0.12231670757924905
981,0.5983795181893347,0.9233858432253766,0.12221804781967016
982,0.5984065219866576,0.923365824750888,0.12215843531170362
983,0.5985360459940618,0.9233112418380137,0.12208514710914473
984,0.598653486771953,0.923275124805331,0.1220410744032507
985,0.5988590794676414,0.9233082288827441,0.12186278488155941
986,0.5989384250340422,0.9233441153321154,0.12182656035954509
987,0.5991137053834388,0.923373480116828,0.12174139910375467
988,0.5991890728526856,0.9233943017898515,0.1217105950607195
989,0.5992098784972828,0.9234432738421472,0.12163992606459674
990,0.5992548189090452,0.9234664244066163,0.121541710342387
991,0.5992409810544361,0.9234445843239673,0.12135192275108886
992,0.5992404374013873,0.9234200348874088,0.12134522054649603
993,0.5992903489414091,0.9233825843145749,0.12130899854058959
994,0.5994644555351707,0.9234267794492685,0.12122967621305177
995,0.5995302093339404,0.9234506409789479,0.12118157036268554
996,0.5996575837746813,0.9234636919943757,0.12110222169571368
997,0.5997628356806256,0.9234910852917754,0.12105629114048783
998,0.5998258021548557,0.9234756362099086,0.12102329371703516
999,0.5997975910247062,0.9234627773472404,0.12097058436579629
1000,0.5997984054254459,0.9234887487142194,0.12083093639552474
1001,0.5998037456696702,0.923488337507314,0.12080583248727499
1002,0.5997066469560127,0.9234360604275542,0.12077052574964793
1003,0.5997073150154912,0.9234411255742956,0.12071667477847091
1004,0.5996825926279955,0.9234733342198493,0.12066123626446561
1005,0.5997064253221634,0.9234712512839359,0.12060877396874511
1006,0.5998079856986761,0.9234951089705601,0.1205698670166069
1007,0.5999167604581684,0.9234750482224644,0.12049209118621132
1008,0.5997870168303944,0.9234628734236201,0.12043192042134346
1009,0.599712839293954,0.9234483927916614,0.12037877697403947
1010,0.5997014538046752,0.9234482813430608,0.12033421249622453
1011,0.5999147776167238,0.9234537461675421,0.12025689058829396
1012,0.5999006660913532,0.9234012269753052,0.12017066406082877
1013,0.6000143004131087,0.9234121912117644,0.12011823764291264
1014,0.6001011761586497,0.9234207112651223,0.120063497637248
1015,0.6001702036252411,0.9234417135617398,0.12001653724686816
1016,0.6001887950441134,0.9234465173807282,0.1199639687796095
1017,0.6002073734543966,0.9234525125468258,0.11993138529446978
1018,0.6002180796474678,0.9234001432337414,0.11986499236966884
1019,0.6001966689270594,0.9233828763867693,0.1198362427244093
1020,0.6001229669217858,0.9234148582920668,0.11977753029678485
1021,0.600310283702967,0.9234570204505645,0.1196922558826488
1022,0.6000199059841599,0.9234255573577178,0.11957324688461135
1023,0.6001163573501881,0.9234432969004783,0.11945514334371189
1024,0.600215304450079,0.9234630079305518,0.1193959523260553
1025,0.6002999115376192,0.9234763856056708,0.11935267326938373
1026,0.6004169329884037,0.9234868233435688,0.11931595312336694
1027,0.6005827478402324,0.9235654676249925,0.11898092915918534
1028,0.60063231125859,0.9235725157882123,0.11897441191201295
1029,0.6006659011151009,0.9235954280832596,0.11894422753531171
1030,0.600639655848967,0.9235963350442845,0.11891596827831429
1031,0.6007747646226876,0.9236174449464474,0.11887145861080155
1032,0.6008640334823409,0.9236644455114302,0.11874515742965652
1033,0.601056431108656,0.923695547357089,0.11870900012360774
1034,0.6011662014569247,0.9237288973900344,0.1186298209010961
1035,0.601192950014842,0.9237429130123151,0.11853480253209268
1036,0.6011876404619164,0.9237397655501138,0.11851315543846053
1037,0.6012626608211228,0.923715047019127,0.1184767024709467
1038,0.6011811261125974,0.923657366603769,0.11837579698545689
1039,0.6011715173242351,0.9236807746529359,0.11834248081258457
1040,0.6011400694834674,0.9237242165488121,0.11824161704437207
1041,0.6011972549334631,0.9237534891002,0.11809701033084068
1042,0.6012203152706216,0.9237337473256851,0.11807191375681488
1043,0.6012250066595094,0.9237221489851195,0.11804494305564579
1044,0.6011976641576391,0.9237232596280696,0.11801212272487131
1045,0.6013445499589465,0.9237325213910793,0.11760105330794723
1046,0.6013718310348299,0.9237421905179393,0.11757984375072159
1047,0.6014749128549888,0.9237478129076833,0.11751393545996183
1048,0.6014865492041934,0.9237252580167687,0.11745043188492409
1049,0.6015449903186029,0.9237313569453565,0.11744075202341821
1050,0.6015101174904343,0.9236785802684219,0.11739787532921683
1051,0.601530387807628,0.92371108098617,0.11732255277379969
1052,0.6015510208484555,0.9237241627460394,0.11728958861594657
1053,0.6016957155793007,0.92374452325244,0.11723561281850285
1054,0.6017483142018325,0.9237534160821514,0.11717331030976942
1055,0.6017475055334397,0.9237558525791424,0.11717825828452709
1056,0.6017810007972221,0.9237420944415594,0.11715540847802454
1057,0.6017745687170944,0.9237464063494835,0.11715284400323989
1058,0.6017943728192621,0.9237199930311575,0.11711521891978921
1059,0.6018873048582576,0.9237313415731357,0.11695724218563994
1060,0.6019026442422912,0.9236997093858607,0.11691648831557155
1061,0.6018319126341185,0.9236612749908979,0.1169251184051265
1062,0.6017741352857864,0.9236298080549961,0.1168630074929599
1063,0.6016530070043462,0.9236105159179384,0.11678785706545838
1064,0.6017773238527214,0.9236049089004151,0.11673828468052333
1065,0.6017918782488973,0.9236045169087856,0.11671932513553265
1066,0.6018368504952247,0.9236596685938282,0.11665308932082225
1067,0.6020048343714816,0.9236893331368456,0.11658463987842765
1068,0.6020491621020738,0.923681462559815,0.11655941430690879
1069,0.602096750154188,0.9236980530290734,0.1165172050293323
1070,0.6020496653485207,0.9237078489767546,0.11650581772748946
1071,0.6020310535295023,0.9237049436270305,0.11648032648436048
1072,0.6021213420095168,0.9237376211253174,0.11640740127290851
1073,0.6020917494662316,0.9237107235820373,0.11629970383839212
1074,0.6021420375460149,0.923709186359961,0.1162293889737801
1075,0.6021968458228693,0.923699574878929,0.116204342689229
1076,0.6022387013187983,0.9236541807110158,0.11614322607837473
1077,0.6022420716873611,0.9236676275611282,0.1160722494687073
1078,0.6022289848332283,0.9236455645812781,0.11602885759207712
1079,0.6022686947238324,0.9236550799859304,0.115992361258432
1080,0.6022822404821633,0.9236342852142932,0.11597189891432272
1081,0.6022785733767748,0.9236364642265864,0.1159849865767001
1082,0.6023986381441019,0.9236169491923277,0.11596812175093707
1083,0.6024677483189266,0.9235934104792844,0.1159090308948028
1084,0.6024362818461322,0.9235924996752042,0.1158986910755193
1085,0.6024678804831949,0.9236055583767424,0.11587138988625599
1086,0.6025262773541389,0.9236133943662763,0.11578408946753883
1087,0.6025538112894941,0.9235879264395271,0.11570670005323566
1088,0.6026591776880683,0.9236228751834319,0.11565124665511459
1089,0.6027008187200913,0.9236932338378642,0.11561665475540588
1090,0.6027959190616419,0.9236766817991576,0.11557655442018769
1091,0.6031164965098531,0.9237402613042335,0.1154262529727759
1092,0.6030156565075486,0.923736948590659,0.11534719144275782
1093,0.6031064936922669,0.9236998515789027,0.11531657227037197
1094,0.6031544340121462,0.9237131293345867,0.11525748110595552
1095,0.6031320693303119,0.9236996863275295,0.11521509684943593
1096,0.603208161118669,0.9237457684023218,0.11494392519243574
1097,0.6031705137572256,0.9237411490499825,0.11496186631561864
1098,0.6031494683308863,0.9237212112796529,0.11488994433672865
1099,0.6032727533669495,0.923743274259503,0.11485941152453882
1100,0.6032939313992144,0.9237447423065859,0.11482583007278852
1101,0.6035113960992882,0.9238036025398875,0.11476323825428658
1102,0.6034611919884066,0.9238106852906041,0.11475806670464007
1103,0.6035886983921074,0.9238551955558233,0.1146525594958024
1104,0.6035011584078709,0.9238055817133107,0.11471871992138934
1105,0.6035899863545121,0.923815562127641,0.11462516613461841
1106,0.6036016466178553,0.9237831536432175,0.11464283904591581
1107,0.6036237275937893,0.9237970001710698,0.11466844346082815
1108,0.6036174420460397,0.923776493628572,0.11461688348404374
1109,0.6037235726439185,0.9238149779832521,0.11456239472839908
1110,0.6037395835006634,0.9237987295459056,0.11452054899593206
1111,0.6039050303511302,0.9238405304572154,0.1143881286071738
1112,0.6039165398015736,0.9238410069960591,0.11432879984979204
1113,0.6038466992085935,0.9237931686450446,0.11422341212108938
1114,0.6040991765203142,0.9238371524117027,0.11417790804418454
1115,0.6039029401581717,0.9238353577049286,0.11416552723650884
1116,0.6038145308225621,0.9237741147774088,0.11412094810911326
1117,0.6038407959587868,0.923785017524985,0.11410332035015855
1118,0.6038015944941592,0.923776635821614,0.11406304139417656
1119,0.6037380606019023,0.9237377863766906,0.11400348535722538
1120,0.6038018998939791,0.9237528703683143,0.11392687224330988
1121,0.6037096761622978,0.923708621430848,0.11394683603357147
1122,0.6037287667981318,0.9237674278613769,0.11388421849927566
1123,0.6038555126819637,0.9237420406387868,0.11385412439747682
1124,0.6038118657722182,0.9237301809704681,0.11379816565328497
1125,0.6037719958729156,0.9237237207946924,0.11376741712457708
1126,0.6036801677104338,0.9237510526032091,0.11365384622626412
1127,0.6037978678846642,0.9237554990180649,0.11360941053456704
1128,0.6037230540260227,0.923751997994786,0.11360280706057763
1129,0.6037511571481267,0.923754818797296,0.11356902966486693
1130,0.6037782816064555,0.9237518212142473,0.11350616491185565
1131,0.6037745865202847,0.9237464101925387,0.11347021613756106
1132,0.6039131883380662,0.9237389661946341,0.11345770187917306
1133,0.60396807349138,0.923741863858248,0.11341714387187818
1134,0.6040466619644554,0.9237107466403685,0.11337718040289933
1135,0.6040271251273652,0.923699033008147,0.1133662940059496
1136,0.6039970251377152,0.9237035332257755,0.11333585332156314
1137,0.604056465807975,0.9236819736861553,0.11329431184585509
1138,0.6040790441371695,0.9236813280528833,0.11328656866129587
1139,0.6041334154299831,0.9237008123427004,0.11325322865374314
1140,0.6041682943830499,0.9237120494360781,0.11321911272831434
1141,0.6041483114075927,0.9237058582741658,0.11315917865939522
1142,0.6041864095348511,0.9237120148485815,0.11314729103571919
1143,0.6041686624579927,0.9237042249757098,0.11311567092397706
1144,0.6041774023208669,0.9237016578148424,0.1131239860473637
1145,0.6042205830415612,0.9236564288983024,0.11304780148151307
1146,0.6043383667601342,0.9237762361438742,0.11196266749949946
1147,0.6043573080010535,0.9237644149061074,0.11196005662166147
1148,0.6044188652857099,0.9237930994700512,0.11191580942766315
1149,0.6052809377832006,0.9240468564042966,0.11090540562676825
1150,0.6052848847211283,0.9240299661767333,0.11089680511286294
1151,0.6052968953298807,0.9240453153391651,0.11085598041171296
1152,0.6053853444377144,0.9240582433768268,0.11079499480557327
1153,0.6055293189717583,0.9240925003707972,0.1107449927781214
1154,0.6057443822170802,0.9241303506213709,0.1106838736625059
1155,0.6057467896838548,0.924114236690956,0.11068761649251457
1156,0.6057983968197558,0.9240934111748774,0.11056977092759832
1157,0.6056874800279081,0.9240562219297964,0.11054304556058259
1158,0.605680316271448,0.9240556877451249,0.11050355622993052
1159,0.6056987961824843,0.9240953096441417,0.11043192533471081
1160,0.6056367284039836,0.9240965701662441,0.11037888968309499
1161,0.6057377801987974,0.9241165156226842,0.1103121569133908
1162,0.6057942253945048,0.9241408460050968,0.11029013464849699
1163,0.6058226302177082,0.9240953749760799,0.11022772284173321
1164,0.6059295485573147,0.9241161390032755,0.11015291258341198
1165,0.6058871514991279,0.9241051055918229,0.11015436150693153
1166,0.6059320084769307,0.9241070886083013,0.11007911484545715
1167,0.6059989676794567,0.9241445776116871,0.10996810755888621
1168,0.6060783631526218,0.9241786808834498,0.10993027776647964
1169,0.6061543519074231,0.9242515259945906,0.10957326322638852
1170,0.6061397390111166,0.9242278873621123,0.10955212041813352
1171,0.6061719798753762,0.9242494738031187,0.10948845370142915
1172,0.6061888202551554,0.9242302277827235,0.10951253393307424
1173,0.6060941487542817,0.924138513270596,0.1094027353409814
1174,0.6062129595120688,0.9241694652371024,0.10932780418866211
1175,0.6068038414768641,0.9241495466820487,0.10856124676604903
1176,0.6067800591044508,0.9241551037398545,0.10855166298487767
1177,0.6068613642716947,0.9241372450623832,0.10851549969493543
1178,0.6067585117441213,0.9241230065429014,0.10850863744496266
1179,0.6068533115369209,0.9241226183943271,0.10847220129648412
1180,0.6068126439067517,0.9241188406710746,0.10844403840735362
1181,0.6068809681753433,0.9241225184748921,0.10840592349095642
1182,0.6068859024712342,0.9241459534254454,0.10832634075901808
1183,0.6070799236923203,0.9241795071403158,0.1082602823651711
1184,0.6071365011996864,0.9241954673485231,0.10821620519272397
1185,0.607221406118699,0.9241772589530293,0.10819895964222308
1186,0.6071873563499094,0.9241944566250079,0.10822893346747423
1187,0.6071164532123502,0.9241846376189955,0.10818791630879983
1188,0.6071175214657261,0.9241944835263942,0.10814508948275595
1189,0.607161089925338,0.9242143943953375,0.10809330200074702
1190,0.6071974406715311,0.9241913706516897,0.10805852369944285
1191,0.6071269105479334,0.9241807369179769,0.10806605109184772
1192,0.607062484734268,0.9241741114908281,0.10802415560593236
1193,0.6069162435782938,0.9241067581055549,0.10793703527357802
1194,0.6070462237950941,0.9241199666862455,0.10786114004754582
1195,0.6071039771583523,0.9241123766522438,0.1078793825711541
1196,0.60714437224388,0.9241730584937058,0.10779963261139178
1197,0.6070751736803568,0.9241825200955854,0.1077623181586842
1198,0.6070512324585716,0.9241656759846844,0.1077411268185865
1199,0.6069546096422901,0.9241466605476004,0.10772032864075763
1200,0.6070039699309439,0.9241404232690259,0.10768785793830815
1201,0.607165606785144,0.9241184717377763,0.10761408931937258
1202,0.6071889294551899,0.9241009320338857,0.10761560234244315
1203,0.6072605270917253,0.9240906019015329,0.10757200040623272
1204,0.6072075990488107,0.924094571777545,0.10748503904597825
1205,0.6071976744774571,0.9241265421536768,0.10745449391736549
1206,0.6072276888484293,0.9241278603216073,0.10742283919480163
1207,0.6072312677260752,0.9241140291659757,0.10737161436377964
1208,0.6072652106260539,0.9241293821714628,0.10732100013975275
1209,0.6073170319930125,0.924141130391181,0.10725715182645415
1210,0.6073559599747953,0.9241117310189717,0.10716695040111683
1211,0.6074343031442808,0.9241442663242166,0.10712645517244375
1212,0.6074325653877178,0.9241140637534725,0.10710982736718466
1213,0.6075179706353047,0.9241211926208514,0.10703620595610316
1214,0.6075821827255773,0.9241195670085056,0.10698988298749973
1215,0.6076048784112845,0.9240704719784438,0.10704637263170141
1216,0.6076536772830792,0.924017691458454,0.10696968747600229
1217,0.6076069339465225,0.924002261591863,0.1069664939714526
1218,0.6076597868923116,0.9240064927956281,0.10694433770728595
1219,0.6077222060167066,0.9240266035034413,0.10691771421134329
1220,0.607730298722516,0.923989587195844,0.10691816624144607
1221,0.6077667344744241,0.9239965008521321,0.10691449641118023
1222,0.6079866313080233,0.9240969045120457,0.10663615530920503
1223,0.608030293536689,0.9241195823807264,0.10659445899740608
1224,0.608053508072849,0.9241116272564815,0.10658104034825389
1225,0.6080904709437808,0.9241297703200371,0.10653414649954268
1226,0.6081868253574653,0.9241794494944879,0.10647640266250825
1227,0.6083112030731357,0.9242041718685301,0.10646449749520924
1228,0.6083328294299117,0.924210113231855,0.106428969277077
1229,0.608396449205924,0.9242278143440636,0.10640142614715277
1230,0.6083988737275949,0.9242462994395312,0.10636357595513424
1231,0.6083903742435319,0.9242211274280318,0.10632450968410188
1232,0.6084254711200305,0.9242139447578802,0.10628272337221746
1233,0.6084832315921472,0.9242289134578482,0.10623330215990373
1234,0.6085306052744606,0.9242347779600693,0.10616352140171807
1235,0.608593431197348,0.9242410844136373,0.10612791696104985
1236,0.6087370379205843,0.9242437053772774,0.10607576183115017
1237,0.6086509931771411,0.924200886056342,0.10604509173845857
1238,0.6086775899344165,0.9242279450079401,0.10599285823952687
1239,0.6085627639151946,0.9242077997126301,0.1059789894691689
1240,0.6086216705191221,0.9242413380552799,0.1059635969320601
1241,0.6087008526414168,0.9242580899328564,0.10592437353817681
1242,0.6087189364163905,0.9242645616377976,0.10587211695511171
1243,0.6087691494368821,0.9243004942038311,0.1057124706241281
1244,0.608754435001888,0.9243315998925451,0.1056781992870378
1245,0.6087769117823323,0.9242898566270631,0.10562287495538601
1246,0.6088205251194705,0.9242860865899211,0.10560104980742403
1247,0.6089728065198816,0.9242953829404275,0.10553765761498403
1248,0.6090662480551068,0.9243009399982333,0.10544435846149246
1249,0.6091646559189393,0.9242946181724445,0.10539816881440492
1250,0.6094479660858769,0.9244208356340744,0.10514655059339997
1251,0.6094144119932626,0.9244259199960918,0.10510471464786963
1252,0.6094476153989228,0.924447844625955,0.10509108262281633
1253,0.6095847319776476,0.9244694233808511,0.10505335796298892
1254,0.6095658175020049,0.9244738928540379,0.10503886232290091
1255,0.6098433582074871,0.9245823669298522,0.10488481615712429
1256,0.6097127328260225,0.924538928877031,0.10487505321799968
1257,0.6095443886922521,0.9245417343073203,0.10483848760701996
1258,0.6095237005085054,0.9246086726426329,0.1047811648568849
1259,0.6095638415698695,0.9245682168006398,0.10476494021605093
1260,0.609584875890684,0.9245893459180785,0.10474098733746069
1261,0.6094927360324035,0.9245805145772502,0.10472711804515457
1262,0.6096129399431581,0.9246103251563649,0.10470322007754233
1263,0.6096736101220827,0.9246222232552355,0.10468543032026986
1264,0.60962591650094,0.9246312659640993,0.10466070772547764
1265,0.6095680081763861,0.9246628558777673,0.10462071785216738
1266,0.6095550472059802,0.9246747001738652,0.10456671062121396
1267,0.6095705295285189,0.9247082269873493,0.10453690683565343
1268,0.6096884305756332,0.9247675099567219,0.1044928142840972
1269,0.6097333277329128,0.9247762221628393,0.1044469771595786
1270,0.6097223519901019,0.9247580368256767,0.1043735723758143
1271,0.6096999956434713,0.9247506312583241,0.10440552513071516
1272,0.6097706346407771,0.9247446322491714,0.10438200364721997
1273,0.6098535503138797,0.9247572489993626,0.10429945602163435
1274,0.6098523638670137,0.9247572797438041,0.10430697946828434
1275,0.6098776824034071,0.9247421496355182,0.1042870349699083
1276,0.6100996188032773,0.9247944920472162,0.10421811288662752
1277,0.6101759313224848,0.9248214587654897,0.10417883785903331
1278,0.6102443169208983,0.9247857529397124,0.10415584589602443
1279,0.6102968120544308,0.9248161553493265,0.10410021326428727
1280,0.610254324368214,0.9248027853603178,0.10408854711938197
1281,0.6103517917617621,0.9248231228083873,0.10409561282960336
1282,0.6103550448964231,0.9248270465677371,0.10407304860450226
1283,0.6103852133425509,0.9248459159687237,0.10402039141385017
1284,0.6105336820320535,0.9248781053990014,0.10394518409123994
1285,0.6104939223562243,0.9248630828962607,0.10391484741784898
1286,0.6104957362375802,0.924867440920847,0.10389741578932603
1287,0.6104967724874263,0.9248538172901959,0.10385644775231256
1288,0.6105523633815919,0.9248847807858678,0.10379069849951962
1289,0.6107841647643496,0.9249176043202519,0.10373528573317112
1290,0.6108841862422753,0.9249182922271311,0.10334671622180615
1291,0.6108825593921096,0.9249014788606715,0.10331922064318533
1292,0.6108718699287611,0.9248699043192243,0.1033145897431227
1293,0.6108572007229282,0.9248774290212878,0.10329453184320919
1294,0.6108840520761738,0.9248783090809265,0.10332272804160354
1295,0.6108780626919604,0.9248975973749289,0.10328028830767076
1296,0.6110109509233168,0.9249105523139769,0.1032224656881748
1297,0.611049540594793,0.9249105600000873,0.10321115888156197
1298,0.6111121323902794,0.9249281919373025,0.10316363692141446
1299,0.6111216892453911,0.9249169125703176,0.10314304130722553
1300,0.6111616926463964,0.92493206957999,0.10312742955114662
1301,0.6115598735611915,0.9250583792749445,0.1026009330522573
1302,0.6116110336729979,0.9250622108009696,0.10257652610132797
1303,0.6116326277487228,0.925060504484465,0.10257679262872428
1304,0.6116799041865694,0.9250791586743609,0.10255120240503904
1305,0.6117414674401733,0.9250874366152417,0.1025089504487819
1306,0.6118298296160537,0.9250652160701288,0.10244478562227378
1307,0.6118632998859579,0.925081014870018,0.10240849382740808
1308,0.6118561129582629,0.9250737053790452,0.10240660877398643
1309,0.6118744439343915,0.9250494441716259,0.10239240538466231
1310,0.611890771165683,0.9250648817243272,0.10235958775513919
1311,0.611890771165683,0.9250648817243272,0.1023549168443047
1312,0.6119128415608317,0.9250247410128598,0.10233178972309065
1313,0.6120157439967749,0.9250389180434585,0.10228931295672979
1314,0.6120987033440821,0.9250836396767133,0.10225062070016977
1315,0.612111170722553,0.9250984892419704,0.10222323086688699
1316,0.6120993923078504,0.9250817027768972,0.10221186303096232
1317,0.6121140579467322,0.9250955800491909,0.10217134693890334
1318,0.6122025111788619,0.9250955531478047,0.10211946416611098
1319,0.6122366582607358,0.9250777329008851,0.10208394297359663
1320,0.6124632689942874,0.925164101723242,0.10187782082982619
1321,0.6125031211175097,0.9251712075322898,0.10186370530682802
1322,0.6124128022474262,0.9251022208485605,0.1018209959283954
1323,0.6124193425874342,0.925125175417215,0.10179336143862248
1324,0.6125406191481965,0.925144275401513,0.10175302689608184
1325,0.6126078794910137,0.9251910107956878,0.10165191308717154
1326,0.6126530408751976,0.925183743578322,0.10160710397894306
1327,0.6126492809917501,0.9251845429338017,0.10157323574838759
1328,0.6126070209222663,0.9251696241935512,0.10157055435220153
1329,0.6126297213182593,0.9251677948992804,0.10150160533878959
1330,0.6126571308252028,0.9251883514014957,0.10145859266387494
1331,0.6127399109956202,0.925193535682948,0.10144552142323766
1332,0.6127306469039516,0.9251715303489259,0.10141670551612166
1333,0.6127373597945402,0.9251317662568671,0.10137088982593585
1334,0.6127071772202688,0.9251190111566889,0.10136139329044162
1335,0.612854908684817,0.9251315856332731,0.1012981311830816
1336,0.6129300691164957,0.9251029318137709,0.10126947264085766
1337,0.6129442518939573,0.925117842867911,0.10122346448865918
1338,0.6129700660558726,0.9251223930452568,0.10117061986282892
1339,0.6130047210668386,0.9251012908292044,0.1011573317708743
1340,0.6129995522614929,0.9251101721297502,0.1011320169020199
1341,0.6130605157536462,0.9251070707842113,0.10108677357820582
1342,0.6130848705572232,0.9251216551786602,0.10110474599158478
1343,0.6130535406608647,0.9251287264002112,0.10107689464478092
1344,0.6130330833494874,0.9250868947444598,0.10105351191637414
1345,0.6130751256602599,0.9250808803630863,0.10103424287278187
1346,0.6131040821831197,0.9250899115427846,0.10100858585595612
1347,0.613022939796604,0.925098139523948,0.10099287191377694
1348,0.6130684270388119,0.9250861376625873,0.1008621817896671
1349,0.6131250940028972,0.9251161865111238,0.10082293025545966
1350,0.6131727397950725,0.9251049571038564,0.10079125758186382
1351,0.6132586173599898,0.9251609888485376,0.10070814281525425
1352,0.6133232681307133,0.92516546985089,0.1006851757931899
1353,0.6134587673532939,0.9251618650651211,0.1006197735544602
1354,0.6134488956369275,0.9251674874548651,0.10060557119545938
1355,0.6134357192298391,0.9251622032539779,0.10060188021008999
1356,0.6134619629322123,0.925154128995022,0.10056893630642504
1357,0.6135221310548378,0.9251723527627367,0.10052995080417275
1358,0.6135335279879768,0.9251804577661339,0.10052851823726619
1359,0.6135054000535562,0.9251454898069532,0.10052061786622736
1360,0.6135843719236009,0.9251711806309034,0.10047209682541398
1361,0.6135924534481869,0.92516678033271,0.10047905581347567
1362,0.6136153160132891,0.9252396408160716,0.1004406885183132
1363,0.6135665648598211,0.9252237459398026,0.10041959104577398
1364,0.6135746840189404,0.9252522652523731,0.10035644029613262
1365,0.6135938014669262,0.9252633486235433,0.10030274820970876
1366,0.6135725994172806,0.9252648166706262,0.10028270192584837
1367,0.613619881083994,0.925261630777873,0.10023681380193374
1368,0.6136054465599206,0.9252667535704423,0.10022654167953386
1369,0.6135514786054719,0.9252692400271507,0.10022399155970141
1370,0.6135141642555144,0.925289754255759,0.10018099182879464
1371,0.6136496376004844,0.925285261724241,0.10011870508748984
1372,0.613649373103547,0.9252829213036298,0.1001093225073354
1373,0.6136381582259315,0.9252874330504237,0.10009334840754194
1374,0.6136711863509348,0.9252955880135385,0.10005691614166276
1375,0.6136979822058791,0.9252830404383408,0.10002873379726632
1376,0.6137857915135885,0.9252941776122835,0.09999247216470386
1377,0.6138648587448507,0.9252986970451879,0.09995735298802833
1378,0.6138567582782136,0.9252684060841744,0.09991338238350359
1379,0.6139501550892166,0.9252764073250814,0.09987011564148766
1380,0.6138880404871508,0.9252729754767961,0.09986179816149658
1381,0.61387903033494,0.9252814993732092,0.09983642345139485
1382,0.6139368249678832,0.9253435647145399,0.09974992426630708
1383,0.6139955234139437,0.9253435109117673,0.09972286022613269
1384,0.6139364818390911,0.925360147497688,0.09969102061756624
1385,0.6139025513738056,0.9253696206287332,0.09967808960185626
1386,0.6139735714108052,0.925371934147958,0.09960052307720388
1387,0.614031466829397,0.9253826485858299,0.09958897553945933
1388,0.614040097150031,0.9253916720794177,0.09951571865358133
1389,0.6140961627037552,0.9253953460401801,0.09949989028787672
1390,0.6141264051310752,0.9253953767846216,0.09950470203698727
1391,0.6142161277665704,0.925430963475688,0.0994468833987107
1392,0.6143055360426599,0.925438096186122,0.09938213713264236
1393,0.6143227450323928,0.9254187502462918,0.09935671664963565
1394,0.6143476459887843,0.9254118711775003,0.09933442899803062
1395,0.6143803548075143,0.9253991814092605,0.09931930023795653
1396,0.6143880053348425,0.9254087275583543,0.09929384494137199
1397,0.614353523919522,0.925384785324516,0.09927590524729243
1398,0.6144690266989448,0.9254026593742081,0.09920422130827175
1399,0.6144605592447967,0.9253678220789039,0.09918413961486221
1400,0.6144628111026016,0.9253456976101707,0.09915336722936169
1401,0.6144483112285424,0.9253532876441725,0.09914693835736424
1402,0.6144670280861613,0.9253423310938237,0.09913136768145597
1403,0.6145693363186818,0.9253519579470765,0.09909053354943224
1404,0.6145220852358719,0.9253570961118666,0.0990828698423974
1405,0.6144947031875753,0.9253514583499017,0.09907585762072124
1406,0.6146365350746957,0.9253547710634762,0.09902200061809038
1407,0.6145968308988432,0.9253568962729967,0.09899965891336847
1408,0.6146121171772316,0.9253728372659279,0.09897075948511164
1409,0.6146680280220802,0.9254021520909229,0.09903800290203311
1410,0.6146787853183785,0.9253856231105475,0.09901912158078795
1411,0.6147657730472676,0.9253783289917955,0.09899856144136464
1412,0.6147999160615609,0.9253903961850944,0.09894986746293259
1413,0.6148218709623515,0.9254137811759302,0.09890392226616417
1414,0.6148179179267103,0.9254008108646614,0.09886028951842059
1415,0.6147523688313818,0.9253786210639899,0.09886273368773556
1416,0.6147681675472764,0.9253887859449695,0.0987974058472326
1417,0.6147429625854068,0.9253652664472021,0.09872771001252897
1418,0.6148111595965614,0.9253610698309338,0.09870727582858456
1419,0.6147496295503377,0.9253528456928256,0.09866472227934234
1420,0.6147766966066625,0.9253478689363536,0.09865083154463584
1421,0.6147498573537932,0.9253128049007932,0.09864060287907427
1422,0.614780121816353,0.9253097842594131,0.09861083603355775
1423,0.614783982542097,0.9253132968118575,0.0985784751666414
1424,0.6148278883521726,0.9253672725220117,0.09851342074350562
1425,0.614831739668706,0.9253811728526367,0.09848745120668456
1426,0.6150322716766017,0.9253764036211449,0.09843580250138795
1427,0.614904374231854,0.9253330731738691,0.09838772342004969
1428,0.6149248972348886,0.9253295836797559,0.09837972794162314
1429,0.6148853993307246,0.925309357680287,0.09837045026893844
1430,0.6149062192291188,0.9253110678398468,0.09835052985345367
1431,0.6149096371463694,0.9253115751231321,0.09832926302973734
1432,0.6151108647752598,0.9253551130953881,0.09821677101775896
1433,0.6150599755710522,0.9253501555541921,0.09819387631675422
1434,0.6150819988981737,0.9253552399162094,0.0981829206503213
1435,0.6152081737140268,0.9254012028562908,0.09812140612283048
1436,0.6153169986807707,0.9254390876943612,0.09807641861477619
1437,0.6152471265302459,0.9254140079161864,0.09804165577754095
1438,0.6153032333801978,0.9253812304984644,0.09802904187121528
1439,0.6151652208066292,0.9253561507202896,0.09803517088163179
1440,0.6151822069295582,0.9253585795311702,0.09802861494104954
1441,0.6152296752891845,0.9253431611937448,0.09802457671835832
1442,0.6152766385359215,0.9253571383854736,0.0980092384034056
1443,0.6153094823007615,0.9253811459512503,0.09797469527831051
1444,0.6153143242639109,0.9253847046203569,0.09797141038363098
1445,0.6154371460585024,0.9253685099857831,0.09793168946292012
1446,0.6154895147984878,0.9254019599381634,0.09789859037110504
1447,0.6155432111184124,0.9254189385559961,0.09786851148926533
1448,0.6155877610233186,0.9254306483451624,0.09780459941349812
1449,0.615575411059104,0.9254352869127777,0.09778733824686037
1450,0.615617668780581,0.9254579032925752,0.09776998636296344
1451,0.6156401869752924,0.9254449368243616,0.09775231929709666
1452,0.6156351308687679,0.9254608778172928,0.09772145250690357
1453,0.6156970542494696,0.9254777565156906,0.0976537112920271
1454,0.6157112932778506,0.9254618347380353,0.09757819832842639
1455,0.6157771894509111,0.925487072081473,0.09752399717724476
1456,0.615767563590983,0.925524526497362,0.0974672515948233
1457,0.6157244656917995,0.925528534803926,0.0974533759110807
1458,0.6157299614925565,0.9255052189880838,0.09743990349349219
1459,0.6157581454313559,0.9255075632517501,0.09741837200877485
1460,0.6158135962009421,0.9255049153867236,0.09738989742638239
1461,0.6158801081752521,0.9254966797194499,0.09738532593312917
1462,0.6159332140538768,0.9255140733872432,0.09735605978452586
1463,0.6160214289834471,0.9255407172888808,0.09728255766458048
1464,0.6160275163813627,0.925492875094811,0.09726077261226927
1465,0.6160139992661369,0.9254955882917757,0.0972382384673197
1466,0.6160950652467821,0.9255113717194442,0.09718950476013136
1467,0.6161143441833322,0.9255192038659229,0.09718597099002925
1468,0.6161143441833322,0.9255192038659229,0.09722618719471224
1469,0.6160703533736709,0.9255323509577305,0.0971586592029875
1470,0.6160465952445549,0.9255244611654239,0.09714082973657451
1471,0.6159874426450827,0.9254903847950474,0.09713112448127759
1472,0.6160558192277219,0.925526417280516,0.0971021040028077
1473,0.6160039830804426,0.9254861612773928,0.09710374044071902
1474,0.6160465782890908,0.9254930096017427,0.09709713768224362
1475,0.6160686860070632,0.9254995581677877,0.09708015981416664
1476,0.6161512577618955,0.9255190193992737,0.09705280443686465
1477,0.6162177250725311,0.9255796320657423,0.09701794894092042
1478,0.616308750306966,0.9255930712297444,0.09699713936097
1479,0.6163398108912177,0.9255777489686988,0.09696961242864795
1480,0.6163296892814981,0.9255914494604539,0.09693952252169785
1481,0.6162262564260491,0.9255456363995249,0.09694254145402219
1482,0.616238859750894,0.9255300412815608,0.09690949081255258
1483,0.6162511423119209,0.9255253950278353,0.096890073583101
1484,0.6163623719128868,0.9255293226302401,0.09688745030597161
1485,0.6163872911536376,0.9255412399443866,0.0968414235912876
1486,0.6166360392917668,0.925579040235243,0.09676024419541246
1487,0.6166927995418533,0.925603278384331,0.09673341685969601
1488,0.6167530144994314,0.9256377198449506,0.09669522495166327
1489,0.6167574360826077,0.9256364862242343,0.09668242172073603
1490,0.6166848567860382,0.9256136853777875,0.0967204456547013
1491,0.6167229405510918,0.9256040316231484,0.0966844445811524
1492,0.6168001961094931,0.9255902504272344,0.0966491351717395
1493,0.6168322955951658,0.9256091505726625,0.09662570259368612
1494,0.6168257705320576,0.9256246303989708,0.09658282103876231
1495,0.6168651722318089,0.9256390303267706,0.09655674640291015
1496,0.616856903811175,0.9256250339197659,0.09653117903987829
1497,0.6168460677714421,0.9256067179187267,0.09652392881826242
1498,0.6168834616678106,0.9255846664680422,0.09647062528971573
1499,0.6169070089176358,0.9256078746783392,0.09646293008062953
1500,0.6169932713117531,0.9256095079767952,0.09641785227706776
1501,0.6169995527838921,0.9255945661782136,0.09638428721079893
1502,0.6170400262034409,0.9255963801002636,0.09635303527955619
1503,0.6171508808312559,0.9256110990016442,0.096285659467402
1504,0.6171700141802328,0.9256069177575966,0.09627715184276407
1505,0.6171980180310618,0.9255823798502038,0.09626761517108276
1506,0.6172256715120451,0.9255804429503875,0.09625210137248823
1507,0.6172197309935263,0.9255858462859857,0.09622941539387458
1508,0.6172026981292273,0.9255895202467481,0.0961852459595782
1509,0.6173363052539074,0.9256213868603899,0.09612018570883815
1510,0.6173738255212323,0.925651770054728,0.09608880088139005
1511,0.6173883139781571,0.9256618619176589,0.09606476102167678
1512,0.6174730114701839,0.9256891591386788,0.09601620627745408
1513,0.6174008326816924,0.9256848510738099,0.09602529348741758
1514,0.617342788530522,0.925655255705786,0.09601733428511834
1515,0.6173679256536047,0.9256330735912249,0.09597193116278882
1516,0.6173549887578225,0.9256313634316651,0.09596207306630354
1517,0.617355483014255,0.9256135009111385,0.09599852572584339
1518,0.6173672831768372,0.925611114373865,0.09595428396247459
1519,0.6175610832344975,0.925651024502021,0.09582154614697404
1520,0.6175206275493081,0.9256558360071198,0.09580425665836961
1521,0.6176057028324852,0.9256719153500379,0.09578393628515862
1522,0.6175591698910426,0.9256767460704126,0.09577452396179695
1523,0.6175817063603527,0.9256628149953462,0.09576794461570749
1524,0.6176373244210053,0.9256892936456105,0.095736376799467
1525,0.6177607905774377,0.9257203570607173,0.09569835842536126
1526,0.6178479454480366,0.9257291576571042,0.09562197171486243
1527,0.617816108748849,0.9257456366777621,0.0955690887382352
1528,0.6179239714799499,0.9257763196304051,0.09545950074798651
1529,0.6179309197440799,0.9257800166494986,0.09544484230121647
1530,0.6180220042112854,0.9258232971370568,0.09539708766803298
1531,0.6180179663501997,0.9258354104470181,0.09539407627837271
1532,0.6179408791147879,0.9258262101728915,0.09540004201863515
1533,0.6179391110975848,0.9257883791375937,0.09539332134900771
1534,0.6178825332364685,0.9257084166882397,0.09540488936471012
1535,0.6178603332936204,0.9256928830591586,0.09538014320224086
1536,0.6179963647487308,0.9257243154075638,0.0953400956630925
1537,0.6180504704139668,0.9257313750999492,0.09529823751343083
1538,0.6181321308441614,0.9258064568692109,0.0952366752901129
1539,0.6181096285939214,0.9257831026228167,0.09522910139009812
1540,0.6180865822291679,0.9257906580693218,0.09520501704103378
1541,0.6180767651152075,0.9257787676565616,0.0951632541665946
1542,0.6180715500846968,0.9257794440342751,0.09510440678335683
1543,0.6181304571765481,0.9257834792422255,0.09512733769760802
1544,0.6181141607870151,0.9257884752139734,0.09512864916886303
1545,0.6181853081044401,0.9257780336330201,0.09508472901011074
1546,0.6181775988646016,0.9257677611464953,0.0950702767209142
1547,0.618132726001515,0.925751739449405,0.09505544442643138
1548,0.6181638256209107,0.925736567067512,0.09503388133894114
1549,0.6181470251668003,0.9257364825202977,0.09502278348997262
1550,0.6182414076999266,0.9257501407384456,0.09498874870220402
1551,0.6183363748669655,0.9257602787180389,0.09494714094796448
1552,0.6183487644931007,0.9257926026552483,0.09490474331985713
1553,0.6185169600525298,0.9257653092772836,0.09469404871455163
1554,0.618509041953089,0.9257856736267394,0.09465097970834337
1555,0.6185644281359642,0.9257764080206745,0.09464024091164064
1556,0.6184270095722787,0.9257483460316716,0.09464391646294272
1557,0.6184590604727535,0.9257703821101354,0.0946171317356524
1558,0.6185294609682445,0.9258021411182318,0.09462296311347618
1559,0.6184981289303789,0.9258030288639808,0.09461066329508247
1560,0.6183326558657007,0.9257087471909861,0.09457845726808464
1561,0.6183922948679967,0.9257158837444753,0.09454794224955829
1562,0.6182978397246869,0.9257029902943104,0.09450014407900616
1563,0.6183781277876846,0.9257257027504877,0.09444711141974856
1564,0.6184618891699228,0.9257555363879335,0.0944063826336015
1565,0.6184788496673146,0.9257802011161478,0.0943514838026808
1566,0.6183858972968269,0.9257805546772253,0.09433651638743387
1567,0.6182882938114357,0.9257810734896761,0.0943019091771384
1568,0.6183082938816477,0.9257906388540458,0.09426176257787826
1569,0.6182676961289942,0.9257728070779607,0.09425920450884855
1570,0.618246420413855,0.925768118550628,0.09424767697882525
1571,0.6183264361565225,0.9257781566107862,0.09425462838767698
1572,0.6184354638095477,0.9258160376058016,0.09420859233510444
1573,0.618466414860995,0.92580452381245,0.09420309845869952
1574,0.6184455019304894,0.9258111991993163,0.09419347059011839
1575,0.6189433842668536,0.9257305565291936,0.09355240744638813
1576,0.6189425421872486,0.9257576808127299,0.09351870436981224
1577,0.6189370805711693,0.9257278740766705,0.09351571604684568
1578,0.6190164898588966,0.9257356332051005,0.09345939948533119
1579,0.6189617032983342,0.9257204723523731,0.09344906513498658
1580,0.6189310953455196,0.9257344341718811,0.09342376116417439
1581,0.6188868944928657,0.9257287195488124,0.09340407770295399
1582,0.6188871148892933,0.9257443031376109,0.09338970915824482
1583,0.6192130699945478,0.9258290924642845,0.09293245160193898
1584,0.6192159029825495,0.9258498603345353,0.09291043443607074
1585,0.6192259697327743,0.9258320900473332,0.09289696701826566
1586,0.6192518706544333,0.9258044584805117,0.09289577158133125
1587,0.6192302375460597,0.9258098272286133,0.09290942727843331
1588,0.6192683833432425,0.9258269365103226,0.09287527179647065
1589,0.6193606223134175,0.9258235238773131,0.09285389902409917
1590,0.619363030638315,0.9258323552181414,0.09285329803872895
1591,0.619346750109401,0.9258033094070097,0.0928431578803362
1592,0.6193949621374393,0.9258049350193555,0.09281686942998461
1593,0.6194740411080436,0.9258112261007027,0.09278334699594926
1594,0.6195095227373352,0.925818566336117,0.092780487116684
1595,0.6194385695753379,0.9257948815869764,0.0927632234666684
1596,0.6195008173281116,0.9257687987713967,0.09274347017676904
1597,0.6195588220178344,0.9257448411653376,0.09273131145860848
1598,0.6195720776885373,0.925744245491783,0.09272660226107533
1599,0.6195304593213882,0.9257665236827238,0.09270924219634101
1600,0.6195422305170676,0.9257885405459116,0.09268345993315881
1601,0.6195337819535458,0.9257726648849187,0.09266732760462136
1602,0.6195233659850854,0.9257551059657522,0.09262211152765423
1603,0.6195225790874452,0.9257602518166526,0.0926050732754002
1604,0.6195877472897768,0.9257214369592259,0.092582234377435
1605,0.6196731464596985,0.925734756988517,0.09256841874204726
1606,0.6195835570064937,0.925682918017049,0.09255702835497688
1607,0.6196795953235431,0.9256639333244067,0.0925256665531054
1608,0.6197125681406607,0.9256657049728496,0.09249971488742625
1609,0.6197646090439438,0.9257228358313153,0.09246137995901747
1610,0.6198592552018686,0.9257299916000805,0.09242681110562022
1611,0.6199132619198939,0.9257239349451,0.0924044932204006
1612,0.619889485134845,0.9257216752286478,0.0923986078187262
1613,0.6200135240045082,0.9257615277109759,0.09234906644649997
1614,0.6203051813781065,0.9258587339489708,0.09211683594675457
1615,0.620298350810708,0.9258551868090297,0.09210438115880965
1616,0.6202910464438165,0.9258366863413414,0.09209356672885526
1617,0.6201801143129118,0.9258225823287913,0.09206544319432007
1618,0.6201902925855884,0.9258269441964329,0.09209410063075278
1619,0.6202681829848881,0.9258394610271892,0.09206045485111419
1620,0.6202331258945751,0.9258239812008808,0.09202617875096332
1621,0.6202717085562748,0.92580422021109,0.09201297156233318
1622,0.620372283797346,0.9258724344407259,0.09195442460590698
1623,0.6204569453705178,0.9259217062513265,0.09189991082851345
1624,0.6204540394856765,0.9259111032620552,0.09189089535112069
1625,0.6205109552814504,0.9258988746604382,0.09186444793255454
1626,0.6205439417741129,0.9259100387357674,0.09182988258670334
1627,0.6205365189673723,0.9259202958500715,0.09181168500949742
1628,0.6206909820154277,0.9258768731694711,0.09166086332667975
1629,0.6207108464199179,0.9259019375754253,0.09162131973403313
1630,0.6206851826066335,0.9259208607791846,0.0915976395176154
1631,0.6204417256600633,0.925839195856381,0.09156289248908293
1632,0.620445148648027,0.925841574707544,0.09158120446784974
1633,0.6204216775842162,0.9258311677140875,0.0915504851467257
1634,0.6205388107556831,0.9258651595372497,0.09150650610031932
1635,0.6205306515292303,0.925866231749648,0.09149150127233537
1636,0.6205412248972259,0.9258357063622678,0.09153843048491352
1637,0.6205856265233182,0.9258228013829373,0.09152692490055858
1638,0.6205963917374749,0.925826563733969,0.09154372896085383
1639,0.62057390184461,0.9258324512945212,0.09151449163154352
1640,0.6205820109504983,0.9258010035738953,0.09150140106893569
1641,0.6205159606481858,0.9257716080447412,0.09147999288734251
1642,0.6204811082813485,0.9257537954839321,0.0914666444350177
1643,0.6204520055326522,0.9257645099218039,0.09145272462215377
1644,0.6205607499892352,0.9257694751491103,0.09144538069478869
1645,0.6207152335960431,0.9258094928828117,0.09137832716631589
1646,0.620710280285644,0.9258021757057284,0.09134910778159969
1647,0.6207151300410633,0.925806556788646,0.09133403266419246
1648,0.620678784596617,0.9257929984899329,0.09133931999774059
1649,0.6207971126952283,0.9258128863005451,0.09133396668619886
1650,0.6207180792916269,0.9258136549115833,0.09132639300841827
1651,0.6207220838521742,0.9258292961462096,0.09132288807050577
1652,0.6207748499707924,0.92582678663117,0.09130709263748127
1653,0.6208190449092896,0.9258593488378013,0.09126761737163372
1654,0.6208237553956443,0.9258544912160402,0.09126823415544565
1655,0.6207077368739023,0.9258366402246792,0.0912303594500005
1656,0.6208942677242657,0.9258522391856984,0.09120497386230253
1657,0.6208655536987894,0.9258438344239962,0.09119696659075831
1658,0.6208791858397616,0.92584542160579,0.09119640689144463
1659,0.620911815388576,0.9258284084004605,0.0912033574352979
1660,0.6209491372536151,0.9258445377030962,0.09117014261627777
1661,0.6210495948495195,0.9258810121399116,0.09114267227622094
1662,0.621044408095647,0.9258870303643403,0.09112951005692736
1663,0.6211020265647103,0.9258616662000814,0.09110906960857396
1664,0.6210506103340279,0.9258593911114084,0.09112163406169851
1665,0.6211130284526993,0.9258664085301868,0.09111379264602476
1666,0.6210874641868784,0.9258806163052269,0.09110090913645813
1667,0.6209963105711608,0.9258229166745929,0.09107985523522595
1668,0.6209707366573772,0.9258351760206515,0.091054873074826
1669,0.6209834678169853,0.9258357524789301,0.09107058396122127
1670,0.6210542664817625,0.9258360906677868,0.09105845936039009
1671,0.62108164465678,0.9258441918281289,0.0910343866971931
1672,0.6211052245153724,0.9258442456309016,0.09101282605146187
1673,0.6211814442388656,0.9258414402006124,0.09099841030447409
1674,0.6212089436508373,0.9258550868895947,0.09097884505298326
1675,0.6211993787199614,0.9258035707347627,0.09095793604639772
1676,0.6212935865596891,0.9258293922225894,0.09091808906177604
1677,0.6213454974805411,0.9258520739343252,0.09089221258360611
1678,0.6215132530423138,0.925934972477845,0.09080813022381003
1679,0.6214286210257803,0.9259045815973965,0.09082772607478194
1680,0.6214083365941868,0.9259007193269297,0.09082823748520585
1681,0.6214322139979601,0.9258989976382043,0.0908063333129364
1682,0.6214454448789098,0.925911825756431,0.09078234457742879
1683,0.6214345073480967,0.9258811466468433,0.09078938094785867
1684,0.6214853345668391,0.9258756702931964,0.09075076525881874
1685,0.6215614387211249,0.9258474891694827,0.09074252010483645
1686,0.6216284538998272,0.9258568008922099,0.09071033394305557
1687,0.6217311630796405,0.9258877874462129,0.0906874538322735
1688,0.6218276633854647,0.9259366211485218,0.09066542662991264
1689,0.6218080292608649,0.9259382582900331,0.09064658481010529
1690,0.6218452391379461,0.9259379431595074,0.09062471489576576
1691,0.6218006103285942,0.9259248152829758,0.09062027068377788
1692,0.6218718149557688,0.925931286987917,0.0905949431977162
1693,0.6219276179714518,0.9259278974132388,0.09057254735132486
1694,0.6219491677119054,0.925929938075545,0.09056014838524842
1695,0.6219862372431877,0.9259242734121939,0.09052429003041093
1696,0.6219439912807597,0.9259215679013396,0.09052364792919289
1697,0.621881922795326,0.9259328549544349,0.09049903054275814
1698,0.6218414232696847,0.9259066107305371,0.09048992915660985
1699,0.6218092295346798,0.9258916727750107,0.09047423856275479
1700,0.6218367019773295,0.9259033441336251,0.09045935221858376
1701,0.6218285716368376,0.9258567355602716,0.0904153107784494
1702,0.6218635906258931,0.9258366133232928,0.09039225786478725
1703,0.6221623142375374,0.9259250189649009,0.09013241484034815
1704,0.6222764567169412,0.9259697175398246,0.09010529515231717
1705,0.6222958620044508,0.9259683801566182,0.09010000846292276
1706,0.6222192106915451,0.9259645371014275,0.09012068899437722
1707,0.622234135010505,0.9259553598856319,0.09010410243741404
1708,0.6222181097005709,0.9259674117067102,0.09008640244977804
1709,0.6222603687668917,0.9259708281827747,0.09007188419497397
1710,0.6222850426811236,0.9259642181278466,0.09006800930584881
1711,0.6222297257753812,0.9259483962696262,0.09007458531312051
1712,0.6223551575533772,0.9259590799630566,0.0900157131460594
1713,0.6223350685220856,0.9259645793750345,0.08994992390108833
1714,0.6223902978664989,0.9259544452384965,0.08987448595337702
1715,0.6223551282360804,0.9259481234127077,0.08986432609356304
1716,0.6223217782327327,0.9259535229052507,0.08984852001511849
1717,0.6223108474024704,0.9259532731066633,0.08986976512233215
1718,0.6224376281315728,0.9259622351113682,0.08981886294367707
1719,0.6224622002110582,0.9259902701989847,0.0897980761245125
1720,0.622494317881381,0.9259832988968687,0.0897584822600861
1721,0.6225673273171368,0.9259962230914752,0.08973104884400798
1722,0.6227129373297056,0.9260436694508603,0.08968126690163294
1723,0.622702878683121,0.925995615888755,0.08968105690582172
1724,0.6228063343495848,0.9259710011202583,0.08960838221226596
1725,0.6228074561303217,0.925972346189575,0.08958664428385268
1726,0.6228412162270105,0.9259431966159531,0.08946751488926563
1727,0.6228539811473993,0.9259205033750517,0.08944232912648316
1728,0.6228705645537955,0.9259034402100048,0.0894138618335871
1729,0.6228712132439399,0.9259051004098472,0.0893960836773187
1730,0.6227902288372741,0.9258948548247087,0.08937369649470259
1731,0.6227307131825197,0.9258961576204183,0.0893707794154693
1732,0.6227658787565242,0.9258754858265473,0.0893430302208198
1733,0.6227444188491619,0.925877757072165,0.08931934371825564
1734,0.6226803568890669,0.9258474468958755,0.08929750080179556
1735,0.6225481533711554,0.9259027830475672,0.08881532462976063
1736,0.6226291501693514,0.925924676932989,0.08879747398825329
1737,0.6226323393321589,0.9259591645102707,0.08841921644128474
1738,0.6229085559046369,0.9260533001471682,0.08822328486089547
1739,0.6228159669130602,0.9260482234712613,0.08822866469584437
1740,0.6228150112261658,0.9260557443302696,0.0882143185370039
1741,0.6227320497475802,0.9260550564233905,0.08823006666682039
1742,0.6227439043200426,0.9260556597830554,0.08820596948362742
1743,0.6228091854742007,0.9260768772907635,0.0881803675579485
1744,0.6227771706817434,0.9260568396009989,0.08817433747487848
1745,0.6228336557499996,0.9260659092112491,0.08815886682272811
1746,0.6228364712083202,0.9260711972551916,0.08815554341694619
1747,0.6228259247365768,0.926056174752451,0.08813553719669065
1748,0.6228537395763949,0.9260566013315771,0.08809549048384678
1749,0.6228000106710664,0.9260856586718744,0.08807326483116135
1750,0.6229410217229333,0.9260983100095623,0.08800313743223187
1751,0.6229112328176906,0.9260985905525912,0.08799548722089162
1752,0.6229355846930222,0.9261377090113779,0.08797084005244221
1753,0.6230282957530209,0.9261559289360374,0.08794977192357264
1754,0.6230158748735234,0.9261519821183565,0.08792822102663653
1755,0.6229817422107812,0.9261512557809254,0.08791432743561602
1756,0.6230154593266565,0.9261309452342422,0.08789676799011727
1757,0.6231157497005907,0.926094313232164,0.08786095318398146
1758,0.6230989128111513,0.9260936675988919,0.08788053749414061
1759,0.6232199986884052,0.926106099882434,0.08785513134975143
1760,0.6231500422251964,0.926068284219357,0.08785449187036502
1761,0.6231896156148099,0.9260816580514208,0.08782543453105553
1762,0.6231715708554798,0.9260594336632527,0.08782197920621426
1763,0.6231321212347762,0.9260751632881484,0.08780193147613512
1764,0.6231280785026435,0.9260684994304477,0.08780924404130014
1765,0.62315202073114,0.9260595297396325,0.0877961880310322
1766,0.6231346695717591,0.9260320134644667,0.0877653364463536
1767,0.6231413887626682,0.9260297037882971,0.08776054304043378
1768,0.623172858721803,0.9259984405343202,0.08775444631353126
1769,0.6231693674170562,0.9259949241388207,0.08772567673754192
1770,0.6231907822457895,0.925999101539813,0.0877203391851317
1771,0.6231855159249147,0.925989993499011,0.0877111901677468
1772,0.6231047956011038,0.9259759202309025,0.0877459108868813
1773,0.6232149034747645,0.9260099773860029,0.0877106522719395
1774,0.6232797801758803,0.9260276439107148,0.08768447582677058
1775,0.6232438268226982,0.9260132209245839,0.08768147410427626
1776,0.6231992828026764,0.9259926452070926,0.08767783354762777
1777,0.6232273746102016,0.9259963729706276,0.08765251238646991
1778,0.6232670685038013,0.9260172830339205,0.0876344916176717
1779,0.6233554742563304,0.926054825840079,0.08759100277610495
1780,0.6232732285968239,0.9260521164861695,0.08759900173523152
1781,0.623171584545545,0.9260427471176145,0.08757463417869762
1782,0.6233116462516912,0.9260617471824776,0.08754600477241284
1783,0.6233111460049381,0.9260747482381878,0.08752296580570773
1784,0.6233496968482524,0.9260430430328641,0.08750249571322391
1785,0.6234064463970852,0.9260844058358823,0.08747335884147117
1786,0.6233301275870883,0.9260495224239158,0.08746882220172107
1787,0.6233892630739872,0.9260550986969975,0.08744432318824363
1788,0.6233560520516344,0.9260495032086398,0.08744455236263304
1789,0.6234612746464364,0.9260330318740922,0.08746806302873827
1790,0.6234636799119547,0.9260057346530723,0.08746081942167482
1791,0.6235314790713251,0.9260106729789924,0.0874332951886997
1792,0.6235488852507022,0.9260046393823429,0.0874114558542054
1793,0.6234881182288988,0.9260071373682169,0.08741028172139761
1794,0.6234941910550881,0.9260129480676653,0.08739248844417134
1795,0.6234600309157577,0.926003451878289,0.08737045153202214
1796,0.6234416851997114,0.9259653595152383,0.08736093314159074
1797,0.623475432162528,0.9259748902921113,0.08733728882575223
1798,0.6235041999486112,0.925972849629805,0.08732353621487034
1799,0.6234412378660803,0.9259459290281938,0.08732962001077782
1800,0.6235274922200177,0.925966523960961,0.0873083686829619
1801,0.6235002570020635,0.9259068182555175,0.08725873028975777
1802,0.623589054352958,0.9259075061623967,0.08722885483313328
1803,0.623592398197081,0.925859786946093,0.08722041086915316
1804,0.6236229707516685,0.9258246767938704,0.08720618085239347
1805,0.6236232704260695,0.925826825061722,0.08719679376438895
1806,0.6236548949765849,0.9258403679882142,0.0871781657296707
1807,0.62371880911967,0.9258240426897638,0.08715367084121102
1808,0.6237094751444858,0.9258181243847701,0.08714594815393477
1809,0.6237776142800221,0.9258184548875165,0.0871278111923979
1810,0.6237302215761337,0.9258094352369838,0.08711659122330943
1811,0.6238065165337532,0.9258168907640538,0.08709807613343985
1812,0.6239098135549804,0.9258305182377603,0.08706636709441891
1813,0.6239383344468777,0.925830875641893,0.08704624992709183
1814,0.6239248486061957,0.9258402680687792,0.0870243341640696
1815,0.6239671949911406,0.9258427852699291,0.08702881519064298
1816,0.6240415012438971,0.9258534036314212,0.08699442747073902
1817,0.6240480484039774,0.9258294152809206,0.08698115313881272
1818,0.6240945524066956,0.9258100501258143,0.0869659944595781
1819,0.624125491184184,0.9258047736110374,0.08694137553304047
1820,0.6241647772368587,0.9258083476523649,0.0869167392669819
1821,0.6241371245021459,0.9257842324810428,0.08689012048695013
1822,0.6241108464744045,0.9257680340034138,0.08687333433619597
1823,0.624144495375386,0.925765739699465,0.08686203456984604
1824,0.6241099570636002,0.9257584647959889,0.08685105948631515
1825,0.6240714439823964,0.925740437024089,0.08683481321013096
1826,0.6241306257523801,0.925723089472958,0.08680632677814877
1827,0.6241524271885436,0.9257511322466849,0.08678379390211366
1828,0.6241437645264445,0.9257354256801202,0.08678159005527669
1829,0.6242220592809271,0.925748876373288,0.08675999043046574
1830,0.6243068671604503,0.9257641602037815,0.08673558199475699
1831,0.6242916783564153,0.9257756048221396,0.08672284616942347
1832,0.6242994133677485,0.9257756778401882,0.08671796373829802
1833,0.6243184932138819,0.925813589579645,0.0866893797812994
1834,0.6243379340262771,0.9257948469994797,0.08668896708970296
1835,0.6243468222250573,0.9257887365417264,0.08666824416499566
1836,0.6243644832307711,0.9257938900787372,0.08665472469546465
1837,0.6244258827416489,0.925809035559244,0.08661759666634256
1838,0.6244048908517185,0.9257918609455965,0.08662121147811049
1839,0.6242446648851087,0.9258288465087523,0.08629386018988947
1840,0.6242621119617596,0.9258117910298157,0.0862928081445185
1841,0.6242773788092346,0.9258045199693948,0.08628473992661785
1842,0.6242681189361451,0.925807605942713,0.08627610277535713
1843,0.6242747217232569,0.9258312138307498,0.08624284286954235
1844,0.6242495806879192,0.9258115489173387,0.08623468966194832
1845,0.6242670406179729,0.9258138893379498,0.08622732765469794
1846,0.6242881549892517,0.9258155802822339,0.08621929324371819
1847,0.6242533019534471,0.9258163104627201,0.08620627729409472
1848,0.6242850586350845,0.9257908156345847,0.08619563465527517
1849,0.6242837799119743,0.9257279624669398,0.0862116919284802
1850,0.6242743017542262,0.9257434346071378,0.0862101461045831
1851,0.6243435099985434,0.9257264060295876,0.08619766038310622
1852,0.6245116629506073,0.9257316210554815,0.08615768207114095
1853,0.6244726716158403,0.9257098732061569,0.08614999340844703
1854,0.6244948887644164,0.9257109146741136,0.08614268404270817
1855,0.6245375665578934,0.9257250763324916,0.08612481165841802
1856,0.6246128189746899,0.9257545371935839,0.08609388888122983
1857,0.6246343843794159,0.9257530729895562,0.08607271584248925
1858,0.6246375439727812,0.9257574271710873,0.08605771686436203
1859,0.6246635887228283,0.9257596023403253,0.0860483605262817
1860,0.6247219095645533,0.9257391034839378,0.08604016980617957
1861,0.6249514979812515,0.9257725688085389,0.08597109563988431
1862,0.6250533680066055,0.9257972604381395,0.08594404201967225
1863,0.6249842301994087,0.9257941091328831,0.08592178537823009
1864,0.6250397950310715,0.925822493938522,0.08590989070696468
1865,0.6250918603787484,0.9258368977093769,0.08588609224403435
1866,0.6251005915356626,0.9258357178914334,0.08588269368879937
1867,0.625133929564585,0.9258324781959075,0.08585651759184124
1868,0.6251516037997717,0.9258430773421237,0.08585392053074502
1869,0.6251369428873353,0.9258321861237131,0.08584681356150194
1870,0.6251845325498456,0.9258447375419661,0.08583287819289286
1871,0.6252173185824336,0.9258537033897261,0.08582397273662083
1872,0.6252314726436576,0.9258333006097184,0.08580725895126431
1873,0.6252905692708816,0.9258473815639373,0.0857926631334907
1874,0.625292232992659,0.9258519432704487,0.08577626710737503
1875,0.6253080849871873,0.9258345073290483,0.08576035586178243
1876,0.6253689527162053,0.925840625472912,0.08573157753835135
1877,0.6253494321634943,0.9258370629607501,0.08572203997033442
1878,0.6252924797210738,0.9258479887666574,0.08572092523068547
1879,0.6252984180196838,0.9258485075791082,0.08570970096801783
1880,0.6252675260028101,0.9258954543413185,0.08564745543635446
1881,0.6252607545813115,0.9258844324590314,0.08564085995152586
1882,0.6252045638949534,0.9258323898056382,0.08566316172016052
1883,0.6252086442574688,0.925825495364626,0.08564908795327995
1884,0.6252064002316846,0.9258185317486203,0.08565212215286497
1885,0.6252270046768935,0.9258430081671303,0.08562794016531396
1886,0.6252272106153571,0.9258633994179724,0.08561686563401794
1887,0.6251663183389915,0.9258352720970312,0.08561909263316263
1888,0.6251345387495036,0.925858999119779,0.08560197748883626
1889,0.6251348239688316,0.9258527810564803,0.08559741436005913
1890,0.625124891375779,0.9258456983057638,0.08559763720657755
1891,0.6251077435989733,0.925805811235939,0.08559135715986912
1892,0.6252089903657768,0.9258189621708017,0.08561928432435513
1893,0.6251512539885083,0.925799850657338,0.0856179358486665
1894,0.6251677235930353,0.9257731029932105,0.08561552445641106
1895,0.6251733541884978,0.9257736563931579,0.0856138263206361
1896,0.625410517378148,0.9258035207750452,0.08549704683816224
1897,0.6253675562872083,0.925815222878101,0.08550285294557652
1898,0.6253359566361313,0.9257808736508061,0.08549508489393794
1899,0.6253101404397875,0.925765701268913,0.08549782112848792
1900,0.6253638180419953,0.9257895397402612,0.08547463201231764
1901,0.6253771204811588,0.9258026522445721,0.08546302228730114
1902,0.62536599601641,0.9257840326421729,0.08547314779796457
1903,0.6253999818312915,0.9258129593185938,0.08545041570428256
1904,0.6254548297574336,0.9258032171736852,0.08544284706753695
1905,0.6254058972667179,0.9257993818046047,0.08541326508404487
1906,0.6253209770977166,0.9257722959516204,0.08541695717956176
1907,0.6254318767817633,0.9258054615179165,0.08536734018496854
1908,0.6254658295964061,0.925804885059638,0.08534970764417264
1909,0.6254476624646153,0.9258106842299209,0.08532923894358815
1910,0.6255224100664291,0.9258245000133316,0.0853071809553743
1911,0.6255635431099462,0.9258290924642845,0.08528765557431804
1912,0.6255327152936168,0.9258254261896325,0.0852782698740751
1913,0.625639391908109,0.9258200113248688,0.08525723511401
1914,0.6256217374655673,0.9257553480782291,0.08523594868925018
1915,0.6256112032674568,0.9257526002937677,0.0852223245343036
1916,0.625485533597882,0.9257416591156397,0.0852216736546392
1917,0.6255284780236701,0.9257283506155141,0.08521568907308597
1918,0.6257315313049334,0.9257244652867163,0.08510408911017779
1919,0.6256771764241588,0.9256987283461038,0.08510189953575276
1920,0.6256283115524899,0.9257106379741399,0.08515940802442924
1921,0.625760227180868,0.9257267749628859,0.08497676012210527
1922,0.6257972768116901,0.9257187967803099,0.08495184760272007
1923,0.6258350089486285,0.9257256374185494,0.08493356009305404
1924,0.6258765277159857,0.9257327585998179,0.08490674301220572
1925,0.6259178624745417,0.9257474198553706,0.0848855168632701
1926,0.6259771813165563,0.925756554797559,0.08487526822928836
1927,0.6259853231324417,0.9257430387724531,0.08486576620614761
1928,0.6259834927440528,0.9257496296121053,0.08485962157740679
1929,0.625958616756765,0.9257584532668233,0.08485465690141347
1930,0.6259160963598339,0.9257616045720797,0.08485483913263492
1931,0.6258983288948796,0.9257523351229596,0.08484319815602748
1932,0.625903072708855,0.9257347877329586,0.0848302318403093
1933,0.6259033519274282,0.9257801895869822,0.08483723475834545
1934,0.6258892546414103,0.9257499178412446,0.08483855366323549
1935,0.6259291694293551,0.9257437727959946,0.0848307954982749
1936,0.6259709475055784,0.9257436459751733,0.08481810787642204
1937,0.6260441664965,0.9257596177125461,0.08480197587952436
1938,0.6260401963305215,0.9257609819971387,0.08478683236799678
1939,0.625998432456912,0.9257702668184796,0.0847818941859188
1940,0.6261049087765769,0.9257956732563457,0.08475007314989724
1941,0.6262163640853069,0.9258352989984175,0.08470926396566807
1942,0.6262907247507632,0.925827874215789,0.08468750358813862
1943,0.626232451005383,0.9258082285176539,0.08465940055356373
1944,0.626226215674299,0.9258022371946115,0.08465808711105141
1945,0.6262951440031994,0.9258130592380287,0.08464250048432759
1946,0.6263842787747521,0.9258308487405067,0.08462066374404403
1947,0.6264075565547508,0.9258254377187981,0.08460823982716002
1948,0.6264761557642806,0.9258302031072346,0.08457964302033391
1949,0.6264869586112697,0.9258041126055446,0.0845667848882517
1950,0.6265961694028088,0.9258189890721881,0.08454333267748973
1951,0.626606182957424,0.9258000159087113,0.08453797321458882
1952,0.6265795407319971,0.9258082554190402,0.08453062671540694
1953,0.6265838267546223,0.9258139623559986,0.08452465229935185
1954,0.62662588972377,0.9258129324172074,0.08450734376580542
1955,0.6265750196349489,0.925781715279893,0.08450957587332125
1956,0.6266381187483416,0.9257868457585725,0.08449052143221629
1957,0.6266039462235362,0.9257837290408129,0.08447484100536558
1958,0.6265927169422056,0.9257759237957204,0.0844671954343603
1959,0.6266008183956802,0.9257757854457336,0.08446544439170846
1960,0.6265552865632736,0.9257593486986827,0.08446720938939553
1961,0.626533205116893,0.9257362711522622,0.084454983309037
1962,0.6265530999116846,0.9257322090429256,0.08443322978608275
1963,0.6265461591558369,0.9257504212814746,0.08441231905751277
1964,0.6265366642209854,0.9257731260515416,0.08439648582154727
1965,0.6266317617687961,0.9257785870329677,0.08438306535818604
1966,0.6266404637327667,0.9257785601315813,0.0843755226439994
1967,0.6266364841736035,0.925776158222087,0.0843812638910219
1968,0.6266898886646635,0.9257645099218039,0.08438027507979003
1969,0.6267720516769919,0.9256850778140662,0.08435165514799897
1970,0.6267706027094225,0.9257104727227667,0.0843407868846566
1971,0.6268442631545772,0.925714023705763,0.08430257844771093
1972,0.6268035114935969,0.9257246305380894,0.08429924769215032
1973,0.626739044180842,0.9256822224240595,0.08430563056732768
1974,0.626971118050718,0.9256381963837942,0.08421532107912291
1975,0.6269719671799746,0.9256257756294177,0.08420890750201047
1976,0.6270775366349589,0.9256225705213886,0.08419118981065779
1977,0.6270855299610554,0.9256413707473817,0.08418215704819872
1978,0.6270860402419388,0.9256232853296541,0.08417484948292968
1979,0.6271559959236962,0.9256424698611663,0.0841578262730556
1980,0.6271960804025947,0.9256729529749393,0.08413330070731743
1981,0.6272413781746716,0.9256569927667322,0.08412198280936013
1982,0.6272580998495175,0.9256526808588081,0.08412032865060046
1983,0.6272292783244829,0.9256466856927106,0.08411006087509834
1984,0.6270863994998377,0.9256190541258891,0.08412895246285174
1985,0.6271513352745812,0.9256209295368222,0.08411837183571062
1986,0.6271492006370588,0.9256211140034714,0.08411138954202149
1987,0.6271036205331472,0.9256139582347062,0.08410462266854857
1988,0.6270946215727624,0.925629046069385,0.08409742880240903
1989,0.6271741957511736,0.9256578536110949,0.0840825652893527
1990,0.6271918488671571,0.9256773917036847,0.0840530581227125
1991,0.6271912032299413,0.9256688024753333,0.0840415719715175
1992,0.6273177863754631,0.9256696633196961,0.08396592576148357
1993,0.6272929081921251,0.9256324433301737,0.08396408869791565
1994,0.6273349111354216,0.9256328199495824,0.08395629594239612
1995,0.627361319027436,0.9256457364580785,0.0839629245860474
1996,0.6273314422222674,0.9256374047144249,0.08395996256886674
1997,0.6274229838808567,0.9256572848389267,0.08393278354443581
1998,0.6274572412061667,0.9256687678878367,0.08391868169627933
1999,0.6274726553512162,0.9256710007029025,0.08390936943752637
2000,0.6274262428043588,0.9256343494855482,0.08390715019051914
2001,0.6274163020463647,0.925618892717571,0.08389619985226245
2002,0.6273778745747403,0.9256025827913414,0.08390057128862427
2003,0.6273569808134122,0.9255753201578183,0.08389629941624836
2004,0.6273521495794108,0.9255742979051376,0.08389051179595187
2005,0.6274640033872331,0.9256155723178863,0.08385863738944001
2006,0.6274432899201177,0.9255790671366293,0.0838643871712626
2007,0.627521581441011,0.9255686178695656,0.08385328528490181
2008,0.6274631727702648,0.9255419547526522,0.08385474723098983
2009,0.6274878650671025,0.9255612968494272,0.08384022751077136
2010,0.6274574353681341,0.925568264308488,0.0838367496585275
2011,0.6275299577066626,0.9255625458423642,0.08380691245514768
2012,0.6275147451738358,0.9256017795928067,0.08379236389488548
2013,0.6275430369305416,0.9256109913960988,0.08377740215965085
2014,0.6276453037584033,0.9256452061164622,0.08375214689672408
2015,0.6276283837713869,0.9256351449979727,0.08373968303488909
2016,0.6276624439410539,0.9256260254280051,0.08373104554513743
2017,0.6277029933334611,0.9256341650188991,0.08372144445226042
2018,0.6277624568760216,0.9256533149629146,0.08370126867894806
2019,0.6278271256424549,0.9256224475436226,0.08368713154933036
2020,0.6277072219218539,0.9256121635279321,0.08368336418926936
2021,0.6277270360559948,0.9256258294321904,0.08367657166324956
2022,0.6276975849191428,0.925644618129018,0.08367630807802509
2023,0.6278111795568238,0.9256962188310642,0.08365082373717626
2024,0.6278316760139178,0.9257153265014726,0.08363560234755223
2025,0.6278472719046783,0.9257113835268469,0.08362543293375532
2026,0.6278533132394666,0.9257043699511238,0.08361962534426255
2027,0.6278496182390689,0.9257591181153713,0.083595918849676
2028,0.6278997673235577,0.9257655667619814,0.08357846565464207
2029,0.6279166643772685,0.9257584148362714,0.08357105132854345
2030,0.6279776812391955,0.9257646444287355,0.0835600495403336
2031,0.6279157826300893,0.9257494720468424,0.08355936644630574
2032,0.6279482410407788,0.925755225100463,0.08355860778868748
2033,0.6279234575848072,0.9258766502722701,0.08325846902279402
2034,0.6279407778587305,0.9258778762068759,0.08324723224869696
2035,0.6279374414374289,0.9258775879777367,0.08324014702210991
2036,0.627935312224642,0.9258716850449636,0.08322811476607535
2037,0.627931635361026,0.9258709510214223,0.08322508983669011
2038,0.6279450811034277,0.9258793519400692,0.08322034621331752
2039,0.6279699176217897,0.9258796978150363,0.0832091705816419
2040,0.627806233584016,0.9258253608576943,0.08322806705292801
2041,0.627786028715163,0.9258146233614913,0.08322780697310377
2042,0.6276854511831064,0.9257872838668643,0.0832230573359817
2043,0.627732266327306,0.9257728416654575,0.08320781819451321
2044,0.6277453748361894,0.9257892015514045,0.08320928152691662
2045,0.6278063111751785,0.9257879756167986,0.08318869831214834
2046,0.6278932991034392,0.9258151844475492,0.08317104804443019
2047,0.6279140135865865,0.9257901700013126,0.08316898604866213
2048,0.6279328280165798,0.9257750206777506,0.08317518068315856
2049,0.6279312947438426,0.9257645252940246,0.08317972966003777
2050,0.6279641707815785,0.9258191158930094,0.08316036961832891
2051,0.6280037886124114,0.9258316288807104,0.08314325474290638
2052,0.6280003818539216,0.9258373973065517,0.0831348155787997
2053,0.6279540164431464,0.9258245922466561,0.08313739964448903
2054,0.6279600313292413,0.925842985108799,0.0831250462032843
2055,0.6279984407294147,0.9258444839003235,0.08311730908915321
2056,0.6279345323659998,0.9258124558783637,0.08312904984628867
2057,0.6278867948640214,0.9258072869691322,0.08311345907143552
2058,0.627898557776423,0.9258225477412947,0.08310951977229149
2059,0.6280014296098941,0.9258312253599154,0.08308641987344349
2060,0.6280490960568827,0.9258482231930241,0.08307272541859584
2061,0.6280624215820497,0.9258683915466651,0.08304814680299177
2062,0.6281191064768235,0.9258637414498844,0.08302853108803737
2063,0.6281432181865607,0.9258565434075121,0.08302135255402024
2064,0.628171718671279,0.9258715197935904,0.0830048583779607
2065,0.628315826805782,0.9259491456653884,0.08283377916470915
2066,0.6283548030666279,0.9259554867064532,0.08282765365641423
2067,0.6284349560866553,0.9259764505725188,0.08282551258213285
2068,0.6285099848160417,0.9260142085897679,0.08280658190068597
2069,0.6284865993081182,0.9260240583402218,0.08278818528143633
2070,0.6284695322755197,0.926022528804256,0.08278898691070742
2071,0.6285063096136823,0.9260348381100318,0.08278046902599849
2072,0.628529571291715,0.926029623084138,0.0827768274084677
2073,0.6285343126668339,0.9260154960132568,0.08277406214859918
2074,0.6285457709271665,0.9260138434995248,0.08276348760812244
2075,0.6285241977796437,0.9260126444663053,0.08276392795609115
2076,0.6285634691724508,0.9260278168481983,0.08275460930824222
2077,0.6285970208522902,0.9260599294173724,0.08273254856167973
2078,0.6286243517834981,0.9260633843239888,0.0827206168710042
2079,0.628627118473501,0.9260737490438382,0.08270305014664167
2080,0.6287033546898675,0.9260745407132076,0.08270114364322816
2081,0.6287262206406868,0.9260767312546663,0.08270732835429831
2082,0.6288022886103629,0.9260873188717168,0.08268565611014574
2083,0.6288345938201717,0.9260889598562833,0.08268011056295024
2084,0.6288822340063579,0.9261029793216191,0.08266622475224793
2085,0.6288527465126557,0.9260763661644231,0.08266137643071803
2086,0.6288895308102584,0.9260736568105137,0.08265111594602627
2087,0.6289397616223843,0.9260834527581949,0.08263885436941086
2088,0.6289372116752221,0.9260911273394109,0.08263078754279062
2089,0.6289658873154634,0.9261000470705086,0.0826172882937301
2090,0.6290134248011381,0.9261009271301472,0.08260806740506701
2091,0.6289966115404313,0.9260937137155543,0.0826133734227229
2092,0.6290533262116911,0.9261026565049831,0.08260139576374671
2093,0.62908154776461,0.9261113571819349,0.08259182255520682
2094,0.6290574277319949,0.9261272943318111,0.08259212792356678
2095,0.629115178311605,0.9261349573838614,0.08256961409354248
2096,0.629056105652997,0.9261344116700243,0.08256526418528258
2097,0.6290943894598781,0.9261391616862401,0.08255171302227882
2098,0.6290265194114717,0.9261011884579002,0.08254610364464972
2099,0.6290826080175022,0.9260914463129917,0.08252992971696807
2100,0.6290331904224845,0.9260867462564933,0.08253270176099643
2101,0.6290496583771465,0.9260858162371373,0.08251895997779518
2102,0.6290456781592584,0.9261376513655502,0.0825063832104998
2103,0.6290609204375134,0.9261142625316592,0.08250407366677757
2104,0.6290386033277369,0.9261220447184204,0.08249800388545105
2105,0.6290476657751986,0.9261511135878833,0.08248439423048219
2106,0.6289874628698512,0.9261347921324882,0.08246425051318508
2107,0.6294222784257496,0.9262945863673198,0.08213908434021264
2108,0.6294156491550308,0.9263197929663158,0.08211705369193878
2109,0.6294452085939827,0.9263130829919528,0.08210533327686625
2110,0.629522562586072,0.9263252193602453,0.08208642425403889
2111,0.6295782289735553,0.9263275175072493,0.08207825882647664
2112,0.6295593753057253,0.9263270755559023,0.082053896845129
2113,0.6295243419617779,0.9263604486471788,0.08204276874082261
2114,0.6295808526239474,0.9263819121104192,0.08202084557905981
2115,0.6296103126600685,0.9263503567842479,0.08201617019537323
2116,0.6295657882060338,0.9263579083876977,0.08201841212120654
2117,0.6295792670382284,0.9263703137698536,0.08201316546348798
2118,0.6296101842358934,0.9263627929108452,0.08197975782442363
2119,0.6295301304025005,0.9263429896474472,0.08198844323908375
2120,0.6295457446168615,0.9263328900984059,0.0819913838142723
2121,0.6295185461366452,0.9263285013293782,0.0819709118031636
2122,0.629541496130204,0.9263237282548312,0.08193893067483639
2123,0.62962760178405,0.9263534735020076,0.08191437467766023
2124,0.6296280280929364,0.926345522220818,0.08189556012238576
2125,0.6296472046022553,0.9263467596845893,0.08189329419030063
2126,0.6297624354544136,0.9263529354742809,0.08186985747288368
2127,0.6297807544856991,0.9263482546330586,0.08185248316074685
2128,0.6297311534739429,0.9263491577510284,0.08183699676924351
2129,0.6297098200574238,0.9263308801805412,0.08183780093169338
2130,0.6297104082072188,0.9263163342166442,0.08184185718261638
2131,0.6296907279656752,0.926320561577354,0.08183292194661806
2132,0.6296899385760579,0.9263184940136614,0.08182963308976215
2133,0.6297809951943647,0.9263480394219679,0.08175625245425058
2134,0.629701507061264,0.9263354956898253,0.08173140427505558
2135,0.6297235114737875,0.9263415792461922,0.08171360038054785
2136,0.6297311405224983,0.9263521707062979,0.08170695220881556
2137,0.6296722015497912,0.9263730000654319,0.08170487880166848
2138,0.6296573063307164,0.9263690378755302,0.08169625834985521
2139,0.6296608607656234,0.9263817814465427,0.08169452252329727
2140,0.6296129519205104,0.9263726426612992,0.08169481216341627
2141,0.6296062296326445,0.9263680771117325,0.08169746337893738
2142,0.6296347922251532,0.926398810024093,0.0816801512566845
2143,0.6296150789919684,0.9264121415825497,0.08167011909894095
2144,0.6296391279356818,0.9264145627073198,0.081657983350539
2145,0.6296615711398913,0.9264589423086627,0.08163263295049801
2146,0.6296966128218957,0.9264500379497858,0.08162898160441087
2147,0.6297439943151898,0.9264526858148121,0.08161707642870174
2148,0.6297477751446143,0.9264428898671309,0.08160744967503054
2149,0.6298119952610086,0.9264356264928204,0.08158913743989898
2150,0.6297721365047085,0.9264020497196188,0.08159288671188436
2151,0.6297801220612466,0.9263589383264889,0.08159170748905968
2152,0.6297697801362722,0.9263548839032626,0.08159086443967906
2153,0.6297985757112199,0.9263603064541368,0.08160058437494258
2154,0.6298161938953554,0.9263609213429673,0.08159752456039668
2155,0.6298667067590825,0.9263698141726787,0.08158705722271468
2156,0.6299106596260272,0.9263859511614247,0.08157858529212314
2157,0.6298684254418931,0.9263951937091585,0.08158605335355433
2158,0.629881372794732,0.9263984103463532,0.0815769643752112
2159,0.6298338945956494,0.926387165566865,0.08157327366291937
2160,0.6299234386690866,0.9263893368930477,0.08155986889802486
2161,0.6298751693325799,0.9264318795140094,0.08158263815948028
2162,0.6298986503790477,0.9264387355244696,0.08157413819904669
2163,0.6299730352111369,0.9264458874501796,0.08155105122268833
2164,0.6300245091918381,0.926443093549056,0.08153992028700227
2165,0.6299476010863186,0.9264425939518812,0.08154882663033176
2166,0.6298337300963468,0.9264341776610134,0.08157169070789506
2167,0.6298226258762687,0.9264252963604677,0.08154573301201092
2168,0.629752976300128,0.9264174488417681,0.08154995339229539
2169,0.6298604482279238,0.9264355227303303,0.08152712396851033
2170,0.6298517826230022,0.9264221450552113,0.0815241169088643
2171,0.6299144925169592,0.9264122568742054,0.08150308936758373
2172,0.6298036659794322,0.926359745368079,0.08151432977862198
2173,0.6298082639646109,0.9263630042788807,0.08150800147426868
2174,0.6298545395696628,0.9263540538033415,0.08150019194597166
2175,0.6298067847713765,0.9263697142532438,0.08150647374407143
2176,0.6297674764576427,0.9263885336945129,0.08149921240301798
2177,0.6297717827297843,0.9263864469155443,0.08148749592084695
2178,0.6297409365280374,0.9264428437504686,0.08141506702537711
2179,0.6297986491372949,0.9264472940083796,0.08140491322862693
2180,0.6298502523577265,0.926441783067236,0.08139961043040884
2181,0.6298537233233592,0.926436060758057,0.08138931255824526
2182,0.6298538720705948,0.9264839183243474,0.08137690700834817
2183,0.6298722465430172,0.926467089585667,0.08137288597546904
2184,0.6299373680445274,0.9265173452183966,0.0813516756829646
2185,0.6299931655203258,0.9265155735699536,0.08134091429082436
2186,0.629970331551214,0.9265062349458401,0.08133609116648635
2187,0.6300162013969727,0.9265021958948346,0.08131663827497859
2188,0.6300287881920542,0.9265154313769116,0.08130453616144724
2189,0.6300558088877521,0.9265070073999334,0.0812934089399834
2190,0.6300646603751308,0.9265117228286525,0.08129805200375191
2191,0.6300721724170695,0.9265243549510644,0.08128140117507031
2192,0.6301128181351877,0.9265269759147046,0.08127051901841817
2193,0.6301339069847578,0.9265059966764183,0.08127205424564414
2194,0.6302116073405367,0.9264985795799001,0.08125854507064686
2195,0.6303139790838899,0.9264747026779999,0.08116557324761091
2196,0.6303149445335141,0.9264698104687421,0.08116784026593389
2197,0.6303872932972817,0.9265045363154458,0.08112086939917451
2198,0.630302750282629,0.9264670857426119,0.0811265139709569
2199,0.6303328354548561,0.9264525705231564,0.08112041664084074
2200,0.630260964210329,0.9264473016944899,0.081126989969736
2201,0.6303345021255079,0.9264442157211717,0.08111584592955318
2202,0.6303345021255079,0.9264442157211717,0.0811133250997646
2203,0.6303543702653888,0.9264323406806323,0.08110345400158978
2204,0.6302985223275583,0.9264482355569013,0.08111395996994197
2205,0.6303113723908581,0.9264453340502322,0.08111206876206307
2206,0.6303678877743825,0.9264386279189244,0.08110449995982077
2207,0.6303274540140316,0.9264376671551267,0.08110666093180034
2208,0.6303370391338188,0.9264269604033653,0.08109407201356274
2209,0.6303682420464606,0.9264439390211979,0.08108860550755856
2210,0.6304100009509095,0.9264580315045825,0.0810706131127441
2211,0.6303679024312091,0.9264639498095762,0.08106724884848746
2212,0.6303685965736852,0.9264759555139922,0.081056839934358
2213,0.6303811964669498,0.9264870581004382,0.08105333703895304
2214,0.6303349748590203,0.926470271635365,0.08105657611595794
2215,0.6303536821529749,0.9264690495438144,0.08105534891090146
2216,0.6303240005628089,0.9264611789667837,0.08104824304341939
2217,0.630302483782012,0.9264367947815983,0.08104607072876967
2218,0.6303159753996989,0.9264343083248899,0.08103442025535866
2219,0.6303344064942881,0.9264600298932817,0.08102180780952746
2220,0.630379373157372,0.9264992252131722,0.08099706127251785
2221,0.6303744499743446,0.9265228638456505,0.08098352011180099
2222,0.6304325098369902,0.926525653903719,0.08097473817277352
2223,0.630423118575019,0.926552147926204,0.08096534632879801
2224,0.6304361239613998,0.9265455301851655,0.08095918478186677
2225,0.6304097112324684,0.9265394696871297,0.08095512981191694
2226,0.630466286704375,0.926541249021683,0.0809388819323822
2227,0.6304692984907435,0.9265338050237786,0.08092155077465026
2228,0.630454044886052,0.9265327981433186,0.0809308999936494
2229,0.6304388968817075,0.9264998016714507,0.0809250682901427
2230,0.6305398777610167,0.9265257461370435,0.08087109033691393
2231,0.6305767401452353,0.9265446962421892,0.08086061520051872
2232,0.6306028761181766,0.9265415180355464,0.08085930597877065
2233,0.6306172148077186,0.9265357188652635,0.08086026747215212
2234,0.6306992584807086,0.9265498574653104,0.08083789562861018
2235,0.6305984862716039,0.9265293470797573,0.08084553137362901
2236,0.6306333094386851,0.9265264263578123,0.08083902102767974
2237,0.6306460061951134,0.9265098320454986,0.0808414823592763
2238,0.6306199350156004,0.9264996748506295,0.08084432271566391
2239,0.6307196077486451,0.9265258883300856,0.0808273180551323
2240,0.6307167738985844,0.926505224222325,0.08082533423998617
2241,0.6306372987751985,0.9265240897802564,0.08081801671229603
2242,0.6306810081005584,0.9265308958309991,0.08080993680682923
2243,0.6306376956275823,0.926513263893784,0.08080829414492442
2244,0.6305999053913378,0.9264865738754842,0.08080714604648204
2245,0.6305871378628869,0.926482138989794,0.08080393989435491
2246,0.6306444475352895,0.9265427977729249,0.08077496204708695
2247,0.6306071857826591,0.92654803585715,0.0807749952449867
2248,0.630626690821178,0.9265471481114008,0.0807676846064486
2249,0.6306246936564877,0.926539273691315,0.08076892954056318
2250,0.6305681638415711,0.926516730329566,0.08077373889287745
2251,0.6305900031211158,0.92651842127385,0.0807667360494126
2252,0.6305467331546004,0.9265654218388328,0.08072381840806894
2253,0.6306327013819568,0.9265773660543658,0.08071164358765476
2254,0.630623835599389,0.9265672972497659,0.08070989040735788
2255,0.630623835599389,0.9265672972497659,0.08070990192676623
2256,0.6306782481296581,0.9265535275830175,0.08068101219779945
2257,0.6306705603705361,0.9265459068045743,0.08068106176206258
2258,0.6306264505696423,0.9265353422458549,0.08068031247907927
2259,0.6306138552186272,0.9265622935919076,0.08067543329797017
2260,0.6305424653015983,0.9265451112921498,0.08067953985029515
2261,0.63059365334881,0.9265630276154491,0.08066600369218714
2262,0.630673426710457,0.9265427093826555,0.08062441513878156
2263,0.630675940505086,0.9265196472084558,0.08062087134780015
2264,0.6307286080859671,0.9265207732236267,0.0806134096689126
2265,0.6307285961738532,0.9265207847527923,0.08060737109651965
2266,0.6306628759956454,0.926488583793349,0.08061194820966168
2267,0.6306325394811483,0.9264645608553516,0.08062282377434084
2268,0.6305978568617908,0.9264707827617054,0.08061547021517865
2269,0.6306121187740805,0.9264517903829527,0.08060456759256154
2270,0.630640554042134,0.926472608212921,0.08059633489084572
2271,0.6307203767369999,0.9264890987627445,0.08058685608447388
2272,0.6307477529522403,0.9264906282987104,0.08057847029998948
2273,0.6308053469942425,0.9265165881365239,0.08056476557968734
2274,0.6307867523278039,0.9265033295961159,0.08057728341532254
2275,0.6307999087411158,0.9264964159398277,0.08057085539220622
2276,0.6308112775579343,0.9265213304666293,0.08056349150381097
2277,0.6308442287109389,0.9265126374757879,0.08054008669244547
2278,0.6307864214578395,0.92650774526653,0.08054157296016731
2279,0.6307480761686688,0.9264868275171267,0.08054456821732599
2280,0.6307867749082896,0.9265053126125943,0.08053316240001068
2281,0.6308364602912678,0.92653635296937,0.08052022051811572
2282,0.6308165204267395,0.9265112501328641,0.08051898714390467
2283,0.6309155179416867,0.9265250390148885,0.08049935830414155
2284,0.6308942544596391,0.9265206656180813,0.08049438842205907
2285,0.6309476282608741,0.926525231167648,0.08048698857647245
2286,0.6309444081037471,0.9265240705649804,0.08048660308196816
2287,0.6309192334967186,0.9265181445738763,0.08048980530487818
2288,0.6309638372237242,0.9265429322798566,0.08047290301103029
2289,0.6309691918503609,0.9265441313130761,0.08047260376238645
2290,0.6309843868339909,0.9265560716855538,0.08046773831883651
2291,0.6310404324653215,0.9265445578922022,0.08045253878805837
2292,0.6310534197587928,0.926544915296335,0.08044568371879535
2293,0.6310681382499662,0.9265077298943093,0.08044535812713638
2294,0.6310907650725359,0.9265322678017023,0.08043384452323253
2295,0.6310914494520935,0.9265445233047056,0.08042620730013915
2296,0.6311128610662862,0.926545257328247,0.08042172538162479
2297,0.6311395163160554,0.9265304116060451,0.08042082401910909
2298,0.6311472370033623,0.9265222681720959,0.08042295923259449
2299,0.6312175440182854,0.9265581200339704,0.08040250551752459
2300,0.6312074824510381,0.9265603336337603,0.08039691923543527
2301,0.6312036775238249,0.9265363760277012,0.0803973141212732
2302,0.6312076526106084,0.9265390354218932,0.08040107122090626
2303,0.6312260621387498,0.9265530049275116,0.08039415822204647
2304,0.6311957034138493,0.9265732078686494,0.08037511345989211
2305,0.6311677771378179,0.9265769510044052,0.08037745886591224
2306,0.6312029635315695,0.9265851828286238,0.08036864955330138
2307,0.6311959957947343,0.9265648530666647,0.08036632801731645
2308,0.6311933074466003,0.9265616441155804,0.08036360090956518
2309,0.6312264254634081,0.9265751255531895,0.08035647784234289
2310,0.6311628401991664,0.9265491810875968,0.0803625715951668
2311,0.6312004927338601,0.9265519404012237,0.08035751639142862
2312,0.6312640722684811,0.9265576742395684,0.08034416293291269
2313,0.6312368879264004,0.926538286026131,0.08034639495053185
2314,0.6312727132699812,0.9265229407067543,0.08033833280231997
2315,0.6312413510286627,0.9265000706853141,0.08034123405658133
2316,0.6313165046443145,0.9265274870410449,0.08031834710723795
2317,0.6313245840663531,0.9265212651346911,0.08031384505530588
2318,0.6313436043775504,0.9265053933167533,0.0803068334232254
2319,0.6313008431308582,0.9265109004148416,0.08030327912307679
2320,0.6312371051967528,0.9264960739079158,0.08030712029857127
2321,0.6312712451955922,0.9265069881846575,0.0802977789206061
2322,0.6312343592577936,0.9264974036050118,0.08030154169314631
2323,0.6312525842405886,0.9265088097928179,0.08029772345480696
2324,0.6312838538871208,0.9264950132246831,0.08029274607264084
2325,0.6312554346845658,0.9264986602840591,0.08028966285200242
2326,0.6312558405599872,0.9265031605016875,0.08028711211623028
2327,0.6313021766874465,0.9265274908841001,0.0802697521007454
2328,0.6313018752572555,0.9265229906664718,0.08026437733790702
2329,0.6313280734362229,0.926511188643981,0.08026590930264996
2330,0.6312990992736173,0.9265075031540531,0.08025999840948982
2331,0.631338338724576,0.9265075915443224,0.08025356857565154
2332,0.6313486128100699,0.9265028607433826,0.08025295001274277
2333,0.6313298088003465,0.926495777992666,0.08024839325827197
2334,0.631345565440348,0.9265017308851565,0.08024484834218053
2335,0.6313882243339705,0.9265069036374433,0.08023966776509525
2336,0.6313954697109784,0.9265131985618458,0.08022974012614047
2337,0.6314391791213538,0.9265102317232384,0.08021827824012599
2338,0.6313745109734379,0.9265006894171999,0.08024392952343033
2339,0.6313297831888081,0.9264759055542746,0.08024590422569891
2340,0.6313907107748631,0.9264927957818381,0.08023365981102035
2341,0.63126847223828,0.9264961161815228,0.08022345594695462
2342,0.6313053239500397,0.926490981859788,0.08019986161134814
2343,0.6313703090795328,0.9265135329076474,0.08018637385198639
2344,0.6313837554487056,0.9265033949280541,0.08018448525873112
2345,0.6314418179982308,0.9265039214266153,0.0801781638110644
2346,0.6314193124838755,0.9264961046523572,0.0801768468091183
2347,0.6313724237902537,0.9264799945649976,0.08017329508448268
2348,0.631433770287655,0.9264919579958064,0.08015794101146667
2349,0.6314526178372757,0.9264832419466338,0.0801474030772496
2350,0.6314394127707369,0.926475429015431,0.08014213653756339
2351,0.6314372830210867,0.9264603219654761,0.08014534300056995
2352,0.631471860116474,0.9264746796196688,0.08013912814245722
2353,0.6315195311489376,0.9265030452100318,0.08012723338669613
2354,0.6315666720127627,0.926537037033194,0.08011312747042251
2355,0.631561827092293,0.9265770970405024,0.08010452722687379
2356,0.6316301269468683,0.9266000247077705,0.08008380385232643
2357,0.6316416263416335,0.9266160464048607,0.08007384527880479
2358,0.6316381495168621,0.9266396927234494,0.08006324485879845
2359,0.6317105103866347,0.9266337897906763,0.0800534719884841
2360,0.6316481449065086,0.9266137751592429,0.08005985369877099
2361,0.6316574576023706,0.9266120573135727,0.08005640474550131
2362,0.6316897820302181,0.926632633031064,0.08004929258413349
2363,0.6317028838861879,0.9266166113339738,0.08004709022188648
2364,0.6317444110623051,0.9266236441249728,0.08004262570389375
2365,0.6317759737513997,0.9266408225816755,0.08003527892346302
2366,0.6317559903355677,0.9266418563635218,0.08003399908978495
2367,0.6317638808675153,0.9266409839899935,0.08003384989819859
2368,0.6318319871006641,0.9266545307595409,0.08002504097465628
2369,0.6318201198887328,0.9266452344090345,0.08002576504800736
2370,0.6319295905198561,0.92665723242734,0.08001129257003359
2371,0.6318515822392203,0.9266584583619458,0.08000988631381328
2372,0.6318690175570415,0.9266600071131877,0.08000764733373217
2373,0.6318651379657565,0.9266445157577138,0.08000633385978759
2374,0.6319360919325306,0.9266390855207293,0.07999176269582965
2375,0.6319411983119364,0.926647221268568,0.0799889068303444
2376,0.6319917802822568,0.9266497922724907,0.07997999865291387
2377,0.6321166703124966,0.9266848255636096,0.07995487132855773
2378,0.6320994902755804,0.9266891220993129,0.07995731871771986
2379,0.6322087011444487,0.9266428555578714,0.07993368569882794
2380,0.6322459133714388,0.9266833344581956,0.07991662539142187
2381,0.6322239937512467,0.9266686270859805,0.0799159967001744
2382,0.6321482173017146,0.9266632583378791,0.07992117976762966
2383,0.6321616620911973,0.926668373444338,0.07992155778503483
2384,0.6321433269755361,0.9266997366177497,0.0799194528397416
2385,0.6320997001294342,0.9266795490488327,0.07992646984161232
2386,0.6321027243205851,0.9266684157179451,0.07991984684789814
2387,0.6320754215930133,0.9266372024236857,0.0799252334395278
2388,0.6320998719650217,0.926625058369283,0.07992047539825756
2389,0.6319786272525809,0.9265675432052982,0.07993722428091454
2390,0.6319685273172329,0.9265747835212775,0.07993546744267915
2391,0.6318724704718505,0.9265531471205536,0.07994676880546091
2392,0.631858491479469,0.9265503916499819,0.07995673247041576
2393,0.6318558238236004,0.9265410107522613,0.07996532956441116
2394,0.6318244092343482,0.9265451189782601,0.079956888567179
2395,0.6318425542665377,0.9265489697195612,0.0799531197016758
2396,0.63182052304003,0.9265163959837645,0.07996178480949527
2397,0.631797436896492,0.9265191591404466,0.07995940319034253
2398,0.6318325509769028,0.9265028376850515,0.07995459879034475
2399,0.6318759276246054,0.9264944444525148,0.07994737627114822
2400,0.6318711084895053,0.9265015810060041,0.07993862419962029
2401,0.6318251701112714,0.9264877152628759,0.07993662974544447
2402,0.6318374197969746,0.9264716128616266,0.07993387199937899
2403,0.6318322273830377,0.9264673624425857,0.07992613672983108
2404,0.6317949302486267,0.9264725505670931,0.07991968134721186
2405,0.6317916940064638,0.9264767318111407,0.07992142342477238
2406,0.6317873565506179,0.9264543383285442,0.07992603362344548
2407,0.631720355334493,0.9264091939592184,0.07994726899086953
2408,0.6316434097823734,0.9263807438216413,0.07995521619330624
2409,0.6316567583212794,0.9263885183222921,0.07994592727596556
2410,0.631614152814324,0.9263808591132969,0.07994490121343881
2411,0.6316552477121602,0.9263900363290924,0.07992998460363915
2412,0.6316609908337746,0.9263955933868983,0.07992764023373385
2413,0.6316992437587735,0.9264132791268861,0.07991007496444408
2414,0.631728595047743,0.9264296236406124,0.07990038757296966
2415,0.6317501604612813,0.9264432818587603,0.07989212728237279
2416,0.6317470336646243,0.9264449036280509,0.07989312080095513
2417,0.6317007257032754,0.926418536426387,0.07989688701347174
2418,0.6316960083770099,0.926424497004988,0.07989646975756676
2419,0.631722612536637,0.9264035715694743,0.07989163207247028
2420,0.6318041710488977,0.9263957701674371,0.07988415311267621
2421,0.6318417612356589,0.926396896182608,0.0798766046863246
2422,0.6318614255884428,0.9263640150023958,0.07988652413011972
2423,0.6318122527477329,0.9263323635998448,0.07988878756803705
2424,0.6318288125527187,0.9263265144698445,0.07988357265764612
2425,0.6318214082298332,0.9263389121658899,0.0798798409336883
2426,0.6318875394021726,0.9263366716647137,0.07987183839090838
2427,0.631916151126799,0.9263202349176628,0.07986583949953631
2428,0.6320221979181058,0.9263372404368819,0.07984647357028031
2429,0.6320251694830342,0.9263361682244837,0.0798394546370685
2430,0.6320945906302773,0.9263469095637419,0.07982428213232538
2431,0.6320879861978458,0.9263559099989985,0.07982222264199239
2432,0.6320917069144238,0.9263290432001601,0.07981754141520829
2433,0.6321115434993528,0.926331460481875,0.07980805344665914
2434,0.6321046877528538,0.926318647735869,0.07980778093648218
2435,0.6320977634173242,0.9263110653879777,0.07980407982321118
2436,0.6320984965942309,0.9263078026341207,0.07980290123381548
2437,0.6321585455020519,0.92630809086326,0.07980413997505212
2438,0.6321322573357722,0.9263073145661115,0.07980705389452214
2439,0.6321479871465793,0.9263060425148434,0.07980366763376717
2440,0.6322860648960347,0.9263084790118343,0.07978806263187474
2441,0.6322884110985987,0.926306941789758,0.07979421739930093
2442,0.63231005531915,0.9262996899446131,0.07978948491418023
2443,0.6323420263730578,0.926291408160677,0.07978255576702441
2444,0.6323102571649037,0.9262966462449019,0.07978274362243978
2445,0.6323512368815944,0.9263112191101853,0.07977388435059474
2446,0.6323575710794456,0.9263071262564071,0.0797716892783707
2447,0.6322592729148984,0.9263138285446598,0.07978054323440788
2448,0.6322452485611694,0.9263094551478528,0.0797764937775172
2449,0.632216692860792,0.9263054429982336,0.07977559679125978
2450,0.6322859995053395,0.9263156885833721,0.07976705959839599
2451,0.6323295341217658,0.9263146624876362,0.0797596867342654
2452,0.6323828019522518,0.9263379014423747,0.07974500672610822
2453,0.6324564124437089,0.9263561636406412,0.07973470226736745
2454,0.632410558067148,0.9263302845069866,0.07973742589873775
2455,0.6323798856390969,0.9263121721878727,0.07974478931934434
2456,0.6324251797701956,0.9263221410730375,0.07973640237740794
2457,0.6324228131065601,0.9263346156301866,0.07973163616098809
2458,0.6323191705646775,0.9262951243950465,0.07974330437214446
2459,0.6323320038470241,0.9262661669741841,0.07973605187331578
2460,0.6323447297816469,0.9262662476783431,0.07973882706117674
2461,0.6323610823087653,0.9262894789469712,0.07973122555995542
2462,0.6323755213286312,0.9262896249830684,0.07971730414103903
2463,0.6323729602946824,0.9262721006513986,0.07972353148934025
2464,0.6323910661355553,0.9263059272231876,0.07971325795400368
2465,0.6324297253071723,0.9262904935135415,0.07968552069859894
2466,0.6324212632848688,0.9262936678771291,0.07968225148887403
2467,0.6324987383289905,0.9262903590066099,0.07966448451756315
2468,0.632525100141019,0.9262605830149919,0.07966796484934367
2469,0.6326171523662564,0.9262644452854586,0.07962658739498131
2470,0.6325453447730598,0.9262588267387698,0.07962075058366193
2471,0.6325235737077782,0.926253511793441,0.07962026793104701
2472,0.6325363357398611,0.926273799281793,0.07961436936851748
2473,0.6325728390895174,0.9262759091190926,0.07960482958419007
2474,0.6325508144778975,0.9262820042046251,0.0796034271460348
2475,0.6325174880877391,0.9262764625190402,0.07960699901847028
2476,0.6325651781938154,0.9263229673299035,0.07959036403575002
2477,0.6325773408919447,0.9263288395182349,0.07958417664310649
2478,0.6326492716771855,0.92635634042118,0.07957076690426652
2479,0.6326340105879086,0.9263486274094122,0.07957089676305565
2480,0.6325640305037961,0.9263361528522629,0.079576427193859
2481,0.6325532993619466,0.9263261647518222,0.0795775859913632
2482,0.6325532993619466,0.9263261647518222,0.07957648839574054
2483,0.6325865795543097,0.9263270409684057,0.07957405225189713
2484,0.632528158105833,0.9263297733806463,0.07957377978205485
2485,0.632502220013365,0.9263217144939112,0.07956881220489403
2486,0.6325266706574098,0.926310707983845,0.07956625021898699
2487,0.6326164502024416,0.9263394348213958,0.07954940527914477
2488,0.6325965127783707,0.926302852779035,0.07954860046579178
2489,0.632552103365395,0.9262957661852633,0.07955068238635207
2490,0.6325370025246727,0.9262846328543757,0.0795461276050504
2491,0.6324987469983915,0.926265417578422,0.07954887111816618
2492,0.6325567471356962,0.9262723427638756,0.07953958742751034
2493,0.6325526692762631,0.9262970920393041,0.07953654231216553
2494,0.6325498615153868,0.9263062730981548,0.0795390604888311
2495,0.632498587526491,0.9262843484682916,0.07954865938277116
2496,0.6324655098307075,0.9262759706079757,0.07954810901448181
2497,0.6324527109291324,0.9262572088125345,0.0795493967975091
2498,0.6325106609934541,0.9262799097395462,0.07954131457998093
2499,0.6325755739796133,0.9262892714219909,0.07953011664184492
2500,0.6326240694948662,0.9262872884055124,0.07952616267492546
2501,0.6327513210449318,0.9263184017803369,0.07950554151406365
2502,0.632720783802172,0.9263177292456785,0.07951050467721704
2503,0.6327460389030939,0.9263307226152784,0.07950328548026926
2504,0.632756934695788,0.926296665460178,0.0794979477351699
2505,0.6327547620667772,0.9263046282705332,0.07949447753227928
2506,0.6327537321196941,0.9262718815972527,0.07950296167239557
2507,0.6328046390461615,0.9262706710348677,0.07949601617074888
2508,0.6329127321265613,0.9263046013691468,0.07947366507795289
2509,0.6329930856704253,0.9263369867952393,0.07945573975135109
2510,0.6330175902891025,0.9263414216809295,0.0794478704404627
2511,0.6330861113992228,0.926373687972311,0.0794351798476002
2512,0.6330366275946195,0.9263537002422639,0.07943917816539663
2513,0.6330946606691721,0.9263405569935115,0.07941202431534518
2514,0.6330793987191525,0.926344292443157,0.0794132109002971
2515,0.6330990332387243,0.9263557485906806,0.07940896086054176
2516,0.6330772212771082,0.9263086096757108,0.07941833196237341
2517,0.6330167870584466,0.9262504757798402,0.07943159364061904
2518,0.6330026859109174,0.9262600718886516,0.07943203368035462
2519,0.6330234715248563,0.9262744795025617,0.07942615072180834
2520,0.6330312136989961,0.926288548927615,0.07942351474604258
2521,0.6329873969092527,0.9262749906289021,0.07942938971043799
2522,0.6329791623522917,0.9262729922402029,0.07943738017763523
2523,0.6329937571615373,0.92628582804454,0.07943103511491491
2524,0.6330757327636248,0.9263247466644567,0.0794136457780728
2525,0.6330359227495161,0.9263121721878727,0.07941931769141868
2526,0.6329408445473341,0.9263144050029385,0.07943095176900368
2527,0.6329962979622076,0.9263147969945679,0.0794188992960874
2528,0.6330441923657188,0.9263350229940368,0.07940746436688298
2529,0.6331120706020608,0.926366455342442,0.0793931385864066
2530,0.6331207702904055,0.9263720008710823,0.07939163583272262
2531,0.6332270033742388,0.9263936603301374,0.07937782622073207
2532,0.633233387295693,0.9264228214329248,0.07936980518030436
2533,0.6333408200979725,0.9264415371117037,0.07936011798258592
2534,0.6333865697124841,0.9264573090102066,0.07935234461520334
2535,0.6333088765019853,0.926448493041599,0.07936185167735531
2536,0.6333053665419657,0.9264559178242275,0.07935618978840042
2537,0.6333127013915638,0.9264430090018418,0.07935483362104483
2538,0.6333556898401287,0.926455744886744,0.07934520395595301
2539,0.633384230574965,0.9264626854444185,0.07933207762520093
2540,0.6333210619353813,0.9264479242694308,0.07934037338749633
2541,0.6333194218777011,0.9264515213690894,0.07934068542151208
2542,0.6333226939780224,0.926437955384266,0.07934360592625472
2543,0.6333294287686314,0.9264265799409014,0.07934470188898007
2544,0.6333675251804659,0.9264278443060591,0.07934178335037885
2545,0.6333673014615643,0.9264277059560723,0.07934852035986388
2546,0.6333682656450201,0.9264381475370255,0.07934556601519709
2547,0.6333602596523865,0.9264364950232935,0.07934744463166196
2548,0.633434056899945,0.9264290164378923,0.07933589807082463
2549,0.6334212721776247,0.9264272640047253,0.0793359825912943
2550,0.6334810066069225,0.9264218914135687,0.07933181541656144
2551,0.6334614037655538,0.926423086603733,0.07932711956298508
2552,0.6334532366269046,0.9264220143913348,0.07933035370314265
2553,0.6336149694591047,0.92650492446402,0.07928600308271672
2554,0.6337071144115055,0.926516346024047,0.0792734736805303
2555,0.6337618198488556,0.9264994596395388,0.0792700562260763
2556,0.6337530388155076,0.9265356842777669,0.07926405696116291
2557,0.6337218345443931,0.9265371062081874,0.07926723761094298
2558,0.6336632693026788,0.9265103969746117,0.07927851431239806
2559,0.6336596200891674,0.9265078874595721,0.07927404536311362
2560,0.6336825698295258,0.926509516914973,0.07927099727513559
2561,0.6337212234748199,0.926529623779731,0.07926393594676626
2562,0.6337661501317724,0.9265343315223397,0.07925778477745135
2563,0.6337395790053932,0.9265273563771684,0.07925787097248757
2564,0.6336864614843007,0.9264983643688094,0.07926190844251799
2565,0.6336937800834659,0.9264987256159973,0.07925875300716992
2566,0.633672489685889,0.926493318437344,0.07926256548617255
2567,0.6336256406385445,0.9265081756887115,0.07926262059124732
2568,0.6335637442341486,0.9264781844860028,0.07927508228288004
2569,0.6336187652088583,0.9264878843573042,0.07926729559353089
2570,0.6336255094182691,0.9265030029364246,0.07926113131793922
2571,0.6335964012634996,0.9265084985053474,0.07925972409042827
2572,0.6336917990579188,0.9265310034365445,0.07923917642872978
2573,0.6337390369920253,0.9265464102448042,0.07923739071430178
2574,0.6338148283644853,0.9265760863169872,0.0792207928144127
2575,0.6338448206321384,0.9265888222018894,0.07921365420506234
2576,0.6338965389119725,0.9265788571597797,0.07920426102480334
2577,0.6339743715618024,0.9265747412476705,0.07919060647358055
2578,0.6340857149953079,0.9266122609954978,0.07916854538774568
2579,0.6341899844434248,0.9266493618503093,0.07914831250671733
2580,0.6342608730268808,0.9266587504341404,0.07913660480281262
2581,0.6343003410109966,0.9266471444074642,0.07913335262653493
2582,0.6343299023652869,0.9266478861171161,0.07913314135578417
2583,0.634354027767693,0.9266508183682266,0.0791253373658534
2584,0.6343505501338568,0.9266449192785088,0.07912479166124327
2585,0.634368486165004,0.9266488238225826,0.07912055733063528
2586,0.6344587372119177,0.9266777697142794,0.07910600146958682
2587,0.6344416722406233,0.9266709867218677,0.07910613091335103
2588,0.634500007685615,0.9266899022395166,0.0790976403501526
2589,0.63450723238359,0.9266809094903702,0.07909770542457911
2590,0.634457101133544,0.9266619209546727,0.07910288953092773
2591,0.634415395287697,0.926653746776282,0.07910773983477194
2592,0.6344483531017433,0.9266400808720237,0.07909867857824116
2593,0.6345442042228511,0.9266616596269197,0.07907796181678534
2594,0.6345195051464194,0.9266615904519263,0.07907774909679986
2595,0.6345508198048153,0.926667689380514,0.07907220046920117
2596,0.634522676050405,0.9266531511027274,0.07907482498531458
2597,0.6346145843381231,0.9266726008050478,0.07905737972439834
2598,0.6347069561154728,0.926685175281632,0.0790454378786865
2599,0.6347452976087941,0.92670195790365,0.07903530180706035
2600,0.6347820106907115,0.9267040369965082,0.07903321339998186
2601,0.6348056379881705,0.9266972117304894,0.07903183992056836
2602,0.6348396558645453,0.9266851022635834,0.07903012895530553
2603,0.6348605223742209,0.9266828502332416,0.07902923727028656
2604,0.6348782959256865,0.9266814052444898,0.07902675574636625
2605,0.6347569295070986,0.926664545761368,0.07903961270646337
2606,0.6347962900427734,0.9266947790765536,0.07902843742312796
2607,0.6347110042354568,0.9266682197221303,0.0790373074896243
2608,0.6347319641802643,0.9266650223002116,0.0790306368428951
2609,0.6347680806848672,0.9266785536975383,0.07901721081018669
2610,0.6347771914124595,0.9266641845141801,0.07901872350121163
2611,0.634847003820172,0.9266623629060197,0.07901050321162362
2612,0.6348275483755832,0.9266874426841945,0.07900868791970304
2613,0.634968665927806,0.9266682812110134,0.07898424814503266
2614,0.6349354266437912,0.9266852021830183,0.07891839155306447
2615,0.6349607084187324,0.9267010547856801,0.07891400224151966
2616,0.6348790445807568,0.9266227141056167,0.07895520212854773
2617,0.6349046368124601,0.926631384038127,0.07895655598754986
2618,0.6349781884085868,0.926650968247379,0.07893967002197445
2619,0.635016701670838,0.9266683081123998,0.07893222226565813
2620,0.6350060458497534,0.9266727199397587,0.07893222528572631
2621,0.6350668766026022,0.9266742225743383,0.07892063300410262
2622,0.6350311307019413,0.9266491351100531,0.07892939442618067
2623,0.6350526995351858,0.9266467946894419,0.07892992084549648
2624,0.635088457418924,0.9266526053888903,0.07893264892796181
2625,0.635147442087,0.9266625204712825,0.07892440079068588
2626,0.635151495413369,0.9266552225094752,0.07892586948095302
2627,0.6352344659338727,0.9266566828704477,0.07890964551874491
2628,0.6352791360107903,0.9266658677723536,0.07890428287776931
2629,0.6352295305747233,0.926658604398043,0.07890849077343717
2630,0.6352328677253946,0.9266298775604922,0.07891032931552011
2631,0.6352263594393963,0.9266196089170226,0.07891437886498857
2632,0.6352372321467288,0.9265992829981187,0.07891545210845365
2633,0.6352497167947594,0.9266104240151166,0.078911118576777
2634,0.6352762348047009,0.9266260767789085,0.07890173183168159
2635,0.6353130786848603,0.9266378442139026,0.07889929605328631
2636,0.6353232137166585,0.9266351233308275,0.0788972120109064
2637,0.635355952220072,0.9266270798163133,0.07889502700661725
2638,0.6353529068281623,0.9266331595296251,0.07889126360768656
2639,0.6353918563844037,0.9266119612371929,0.07888950210743334
2640,0.6354418656454359,0.9266199586350449,0.07888256359682075
2641,0.6353901671314294,0.9266055702364107,0.07888845614526548
2642,0.63543964741346,0.926598545131522,0.07888038284594566
2643,0.6355048432596555,0.9265715860993589,0.07887650689053056
2644,0.6354772110831882,0.9265751178670791,0.07887918103033702
2645,0.6354903395430206,0.9265571400548969,0.07888041962528722
2646,0.6355076087514977,0.9265668399261983,0.07887314618183822
2647,0.6355196768807575,0.9265811860512254,0.07887090012978203
2648,0.6354991880834612,0.9265810054276314,0.07886939706725872
2649,0.6354738012868957,0.9265699604870131,0.07887315900332813
2650,0.6354586928168067,0.9265643919000418,0.07887664049749246
2651,0.6354396713845724,0.9265702948328147,0.07887765898499566
2652,0.6354578118822818,0.9265939334652931,0.07887240595755392
2653,0.6354962751301524,0.9266173722589015,0.0788635981385479
2654,0.6354698799724073,0.9266104163290062,0.07886455165997466
2655,0.6355010749594652,0.9265959856567649,0.07886336423649849
2656,0.6355697451925982,0.9266142324828106,0.0788501438563305
2657,0.6355635710823649,0.9266297545827261,0.07884979495256553
2658,0.6355719063510097,0.9266378442139026,0.07884477279408746
2659,0.6355173411123645,0.9266214420543485,0.07885434887817046
2660,0.6355366073368215,0.9266089598110889,0.078851695594463
2661,0.6355347018502461,0.9266047132351032,0.07885104738660856
2662,0.6356271973049675,0.9266358342960379,0.07883519905209323
2663,0.6355902176206627,0.9266234558152685,0.078840145318218
2664,0.6356213774710812,0.9266265994344145,0.07883713165538715
2665,0.6356292245149219,0.9266267493135669,0.07882947230042144
2666,0.6356446796165116,0.9266074802348405,0.0788305639930762
2667,0.635656926566846,0.9266182600046505,0.07882983455486972
2668,0.6356413484392497,0.9266212460585338,0.07883022785883732
2669,0.6356049620873634,0.9266127951801693,0.07883512645852758
2670,0.6356093899808102,0.9266233789541647,0.07883242876701792
2671,0.6356465402879351,0.9266263227344408,0.07883111050647891
2672,0.6356333841227072,0.9266268646052227,0.07882999486422639
2673,0.6355984325363843,0.9266364568709787,0.07883420112986281
2674,0.6355837612394634,0.9266157812340525,0.07883825895778108
2675,0.6355785473951947,0.926608902165261,0.07882963045619139
2676,0.6356048946312726,0.9266323678602558,0.07882209824587467
2677,0.6355595159643115,0.9266113232900313,0.0788253830203657
2678,0.6355144277799787,0.9266134292842758,0.07882745729593413
2679,0.6355025745600447,0.9266171070880933,0.07882766340080094
2680,0.63548333393086,0.9266064733543805,0.07882776168997258
2681,0.6354858898037306,0.926603963839341,0.07882681909277309
2682,0.6355030493297226,0.9266125415385267,0.07882201070105875
2683,0.6355663532638437,0.9266126376149065,0.07881336720256805
2684,0.6355730675684432,0.9266140557022718,0.07880775689212192
2685,0.6355346054647489,0.9266049822489665,0.07881231871666064
2686,0.635565482510594,0.9266321718644411,0.07880291678338844
2687,0.6356714212649307,0.9266391662248883,0.07877381192523558
2688,0.635670118776919,0.9266440315327598,0.07877082829397399
2689,0.6357102433637164,0.9266549688678326,0.07875706517227198
2690,0.6356717352693301,0.9266334938754267,0.07876287517972763
2691,0.6356912717441855,0.9266216073057217,0.07876450985302272
2692,0.6356486408280837,0.9266040483865552,0.07876983061979284
2693,0.6356516868264761,0.926598264588493,0.07876986690851955
2694,0.6355939105963768,0.9265781846251214,0.07877922817353936
2695,0.6356569150924058,0.9265784075223225,0.07876814832714754
2696,0.6357119132564282,0.9265974806052342,0.07875901793784117
2697,0.6357268685969031,0.9266151932466083,0.07875375589861515
2698,0.6357341554795612,0.9266073380417984,0.0787565589861918
2699,0.6357535460061533,0.9266163999659383,0.078752895731342
2700,0.6358874264710724,0.9266572055259537,0.07872929250120295
2701,0.6359018654580609,0.9266611485005793,0.07873059152505933
2702,0.6358983741588049,0.9266283595536918,0.0787380517745693
2703,0.6358475467230695,0.926605012993408,0.0787481940638309
2704,0.6359048028850701,0.9265985835620739,0.07874303393498071
2705,0.6359162731525853,0.926603925408789,0.07873937540340503
2706,0.6358791607637122,0.9266060275599783,0.07873806387601995
2707,0.6359135174997556,0.9266217687140397,0.07873096832829297
2708,0.6359190508170547,0.9266198241281132,0.07873029127637769
2709,0.6359164929061812,0.9265741993768886,0.07873634299989753
2710,0.635942965174934,0.9265847869939391,0.07873172883854185
2711,0.6359936906858266,0.9265684232649368,0.07872263608611893
2712,0.6360507204871532,0.9265808901359757,0.07871178490246417
2713,0.6360526044857651,0.9265718551132222,0.07871600229211423
2714,0.6360822092461802,0.9265834688260086,0.07870817565970892
2715,0.636122159337299,0.9265783460334394,0.07869833223387858
2716,0.636136558683561,0.9266076531723241,0.07869254189140874
2717,0.6361136578031142,0.926598564346798,0.07869518322665581
2718,0.6360631644648629,0.9265994021328295,0.07869710573281569
2719,0.6360870591623498,0.9266223144278768,0.07869308538593334
2720,0.6361219705089382,0.9266318951644673,0.07868958313698662
2721,0.6361949160663088,0.9266363953820957,0.07868146282106343
2722,0.636131954642863,0.926604086817107,0.07869130692737178
2723,0.6361677625206174,0.9266024996353133,0.07868724575224126
2724,0.6362100769388758,0.9266059084252675,0.07867784511374719
2725,0.6362493919103941,0.9265887453407856,0.07867599781320556
2726,0.6362470686954235,0.9265875770520076,0.07867714838098044
2727,0.6362451292174558,0.9265733116311395,0.07867432717059364
2728,0.636260135809543,0.9265760402003249,0.07867027369193494
2729,0.6362582338960081,0.9265592229908102,0.07866899327984644
2730,0.6362570288877506,0.9265641920611718,0.07866704098299779
2731,0.6363151937729835,0.9265863549604569,0.07865750505904572
2732,0.6363313507893259,0.9265698720967438,0.07865746271610558
2733,0.636399371249534,0.9265592076185895,0.07864895824456394
2734,0.6364619754279005,0.9265754445267703,0.078640863681757
2735,0.6364593788076044,0.9265754868003775,0.0786390395819121
2736,0.6364261563889131,0.926569172660699,0.07864340896923898
2737,0.636414032161804,0.9265673356803179,0.07864225707626649
2738,0.6364408843400235,0.9265663633873547,0.07864196453197984
2739,0.6364679924994798,0.9265938642902997,0.07863529006879802
2740,0.6365057717131976,0.9266165844325874,0.0786256218332755
2741,0.6365204575281078,0.9266146782772128,0.07862320569047865
2742,0.6365746713325817,0.9265958626789988,0.07862030150381567
2743,0.636534551017166,0.9265803559513042,0.07862726789975462
2744,0.636521439764299,0.9265661750776503,0.07863190162774875
2745,0.6365087806028431,0.9265650567485898,0.07863113574781283
2746,0.6365947171586515,0.9265447846324586,0.07862623827709178
2747,0.636609060687958,0.9265384166900075,0.07862417239995288
2748,0.6366320490758345,0.926532363878082,0.07862275071876537
2749,0.6366375997989666,0.9265176987794741,0.07862321617900465
2750,0.6366651953539064,0.9265496153528333,0.07861496220250629
2751,0.6366829546020006,0.9265583160297852,0.07861290174827831
2752,0.6367286995841502,0.9265633734904162,0.0786084974139865
2753,0.6366944169402263,0.9265530702594498,0.07861169959513493
2754,0.63670578169309,0.9265611675767367,0.07860679017932495
2755,0.6366980692430994,0.9265420675924386,0.07860955520917777
2756,0.6366888116913536,0.9265297621297179,0.07861256243842113
2757,0.6367286213392882,0.9265454686962825,0.07860540206841865
2758,0.6366634841756725,0.9265428323604217,0.07861412084647633
2759,0.6366959999154489,0.9265588386852911,0.07860836024658147
2760,0.6367240399175269,0.9265554260522817,0.07860469190762835
2761,0.6367296064696324,0.926565202784687,0.07860090691885786
2762,0.6366959742863278,0.9265601952837734,0.07860538943276471
2763,0.6367381791571597,0.9265618746988918,0.07860260784140692
2764,0.6367465566318357,0.9265751985712382,0.0785974745119102
2765,0.6369306810737329,0.9266540811220836,0.07854614406100584
2766,0.6369568715175877,0.9266767320893778,0.07853534997544483
2767,0.636916936026889,0.9266436395411303,0.0785469894501661
2768,0.6369235265857162,0.9266443466632854,0.07854302264484911
2769,0.636909152420569,0.9266402614956176,0.07854292522628031
2770,0.636961058657971,0.9266512641626288,0.07853765677247879
2771,0.6370075377275509,0.9266569288259799,0.07853072502002303
2772,0.6369991504404303,0.9266566521260062,0.07853169567134727
2773,0.6370200954192576,0.9266893180951276,0.07852518269391143
2774,0.6370436766696344,0.9266862974537476,0.0785234720177892
2775,0.6369943487696018,0.9266905747741749,0.0785254813234117
2776,0.6369921746571228,0.9266876809536163,0.07852678126942264
2777,0.6369631674458475,0.9266863858440171,0.07852760574889106
2778,0.6369730035951169,0.9266722972036877,0.07852681151516885
2779,0.6369971923901026,0.9266652682557438,0.07852395010235123
2780,0.6369684566396288,0.9266823660082876,0.07852297382194437
2781,0.6369930312555786,0.9266790840391547,0.07851887425709891
2782,0.6370912040467905,0.926705566532474,0.07850377573776574
2783,0.637111077598692,0.926711650088841,0.07849843773919253
2784,0.6370989194397267,0.9267374139308399,0.07849532543131064
2785,0.6371225919511448,0.9267456534411689,0.07848940727211733
2786,0.6371483118677916,0.9267586621829895,0.07848411307104723
2787,0.6371374120276341,0.9267479439020625,0.07848982626149134
2788,0.6371344355793049,0.9267607604911237,0.07848765266308705
2789,0.6370968524805097,0.9267372986391842,0.07849708700561495
2790,0.6370850045979319,0.9267521020877789,0.07849481378388828
2791,0.6370795894387463,0.9267486702394936,0.07849757967877274
2792,0.6371155847939247,0.9267415798026667,0.07849368630267188
2793,0.6370863204521708,0.9267654490184564,0.07849481321960489
2794,0.6371046157937792,0.9267774624089827,0.07849180238138212
2795,0.6370686022304657,0.926790744007722,0.07849689037623893
2796,0.6370504325129415,0.9267838764680961,0.0785005851237878
2797,0.6370185242076319,0.9267865627636744,0.07850359800745522
2798,0.6369549269067528,0.9268411610487695,0.07849551114948411
2799,0.6370008435435385,0.92684842442308,0.07848556107923967
2800,0.6369767211638807,0.9268098670503512,0.07849320169956761
2801,0.6369501706412675,0.926798480077821,0.07849770796811459
2802,0.6370215094406756,0.926801642912243,0.07848625455815099
2803,0.6370584755131286,0.9267950789739772,0.07848386864705216
2804,0.6370481219118641,0.9267985723111455,0.07848420275831465
2805,0.6370085226833125,0.9268060470534916,0.07848493896334839
2806,0.6369870282085786,0.9267970427751796,0.07848997532980287
2807,0.6369893141381393,0.9268107586391554,0.07848674709203565
2808,0.6370019379717634,0.926805874116008,0.07848620034670963
2809,0.6370439788318759,0.9268134679930649,0.07848263378111418
2810,0.6370402633041438,0.9267837803917163,0.07848723569946817
2811,0.6370560879117825,0.9267831155431683,0.07848726135742065
2812,0.6371221911818244,0.9268089485601606,0.07847501246701483
2813,0.6371946872251858,0.9268032877398645,0.07846767541779553
2814,0.6371514099310989,0.926759134878778,0.07848035129286235
2815,0.6371514099310989,0.926759134878778,0.0784829964820655
2816,0.6371692795663833,0.9267544425083901,0.07848136900434338
2817,0.6371791234442288,0.926716403948112,0.07847686965301086
2818,0.6371718410761609,0.926704417458972,0.07847794563062829
2819,0.6370667913798723,0.9267197051325209,0.07849077086859431
2820,0.6370671546456469,0.9267131066067583,0.07849143971160728
2821,0.6370447886868513,0.9267144209316336,0.07848761168077895
2822,0.637117460322348,0.9267191824770149,0.07847874367559142
2823,0.637122120755835,0.926715535417639,0.07847249989308847
2824,0.6371262275713468,0.9267164500647743,0.07847281163479639
2825,0.637238932060894,0.9267163463022842,0.07846214251712898
2826,0.6372801153511414,0.9267019041008773,0.07845903899968985
2827,0.6373227638448309,0.9267221416295118,0.07845254682160167
2828,0.6372914279396422,0.9267333441353929,0.07845661946695151
2829,0.6372508669965035,0.9267430709080806,0.07845928676290974
2830,0.6372365715463398,0.9267352349185467,0.07846174786879888
2831,0.6373100965922085,0.9267598958037058,0.07845218478741581
2832,0.6372818007301763,0.9267825775154416,0.07844920704876221
2833,0.6372737496946571,0.9267762941202047,0.07845138672200706
2834,0.6372445610619859,0.9267575438539291,0.07845672951655008
2835,0.6373137457300272,0.926758308621912,0.07844728529330003
2836,0.6373475441783302,0.9267636850561238,0.07844248660788736
2837,0.6373420098122897,0.9267581049399869,0.07844186742843884
2838,0.6373053395337507,0.9267480207631663,0.07844585781840334
2839,0.637357114021658,0.9267463682494343,0.07844127233923341
2840,0.6373487250391221,0.9267258463347157,0.07844690670608884
2841,0.6374671611666494,0.9267636812130686,0.07842809580456092
2842,0.6375019862506965,0.9267825659862761,0.07842108318330122
2843,0.6374807341500545,0.9267729737205199,0.07842385031834727
2844,0.6374582224703554,0.9267467909855053,0.07843083846728102
2845,0.6374604922829139,0.9267383785376927,0.07843329576470956
2846,0.6375193261768075,0.9267352502907675,0.07842909557821016
2847,0.6375045381273021,0.9267486318089417,0.0784277068485087
2848,0.6374708342340166,0.926740519119434,0.07843296010595815
2849,0.6374537708085916,0.9266969273444052,0.07844395990216685
2850,0.6374156309802728,0.9267071460281575,0.07844601644979991
2851,0.6374053097517259,0.9267213691754185,0.07843989945125544
2852,0.6373759404417383,0.9267263689902216,0.07844276072931686
2853,0.637374273425623,0.9267203084921858,0.07844638402005413
2854,0.6373327274744682,0.9267145861830068,0.0784530446947108
2855,0.6374581850505102,0.9267515486878315,0.07842950366577099
2856,0.6374936400440973,0.9267860401081685,0.07842226914750856
2857,0.6375675437285139,0.9268008243414873,0.0784139629510026
2858,0.637596751783262,0.9268116656001805,0.07840949507292738
2859,0.6376544386209845,0.9268316148996756,0.07840048847795429
2860,0.6376182818565931,0.9268311076163904,0.07840439458529352
2861,0.6376086034094891,0.9268242746642613,0.07840700925035587
2862,0.63750746789136,0.926838812942048,0.07840109937022434
2863,0.6375914883900523,0.9268991565946532,0.07838457883000131
2864,0.6375934878426974,0.9269028958873538,0.07838324794692943
2865,0.6376116349166332,0.9268959130560721,0.0783857462284341
2866,0.6376048282777809,0.9269000750848437,0.0783860828109236
2867,0.637638567590716,0.9269055668107113,0.07838326436892244
2868,0.6375641683146631,0.9268925311675043,0.07839433354101746
2869,0.637492001351195,0.9268714981264453,0.07840336937507518
2870,0.6374730507011519,0.926799971183235,0.07841563037663724
2871,0.6374543841170095,0.926807607333899,0.07841702448585078
2872,0.6374695975730821,0.9268099016378478,0.07841521615299892
2873,0.6374762051247269,0.9268078148588793,0.07841618673581693
2874,0.6374784316180769,0.9267994523707842,0.07841810665045168
2875,0.6375235574745903,0.9268057050215796,0.07841124826507186
2876,0.6375189938738879,0.926812099865417,0.07841406730760414
2877,0.6375518055347305,0.9268243553684203,0.07840875072838517
2878,0.6375437514051447,0.9267927577686419,0.0784189486550502
2879,0.6375271293511147,0.9267948522337208,0.07841955197027498
2880,0.6376414911534938,0.926800013456842,0.07840854577111671
2881,0.6376104113182534,0.9267728814871954,0.07841636297974376
2882,0.6376706517066524,0.9267691421944947,0.07840938074819451
2883,0.6376346674483658,0.926785909444292,0.07840732579297872
2884,0.6376583681201156,0.9267929960380638,0.07840501132862245
2885,0.6375720751575259,0.9267905095813553,0.07841559039824676
2886,0.6376157315314745,0.9268030187260012,0.07841044932449955
2887,0.6375957281703418,0.9268038565120328,0.07841137260930398
2888,0.6376543004841614,0.9268253814641563,0.0784027932286175
2889,0.6376432081168506,0.9268357461840057,0.07840271573331246
2890,0.6376639970504282,0.9268380135865683,0.07840027795497824
2891,0.6377006821237422,0.9268464606218775,0.07839465923237053
2892,0.637688785274823,0.9268172111288207,0.07840412101013354
2893,0.6377236493650721,0.9268164809483345,0.07839961718177887
2894,0.637715390244507,0.9267949521531559,0.07840276907678742
2895,0.6377242379558645,0.926783511377853,0.07840542913632423
2896,0.6377385111862109,0.92679392605742,0.07840375481877543
2897,0.63772076691247,0.9267858940720712,0.07840512194797138
2898,0.6377170342250134,0.9267713865387261,0.07840880334901927
2899,0.6377163545944945,0.9267711559554147,0.07840837541789385
2900,0.6376568651358082,0.9267625936284497,0.0784167958011088
2901,0.6377006331035154,0.9267808212392195,0.07841078966992832
2902,0.6376898734428259,0.9267842953611118,0.07840795892128075
2903,0.6377096435068378,0.9267826735918214,0.07840514846656699
2904,0.637696433292227,0.9267679239459993,0.07841302190114625
2905,0.6377246642143651,0.9267848372318938,0.0784081075027844
2906,0.6376758511835956,0.9268157046511859,0.07840901576875063
2907,0.6377134530532668,0.9268508186464638,0.07840065413430272
2908,0.6377165010313464,0.9268549345585732,0.07840015687137074
2909,0.6376992434601867,0.9268351581965615,0.07840741833911194
2910,0.6376753610891943,0.9268424138847616,0.07840984167674445
2911,0.6377144206442733,0.9268343319396954,0.0784095416519123
2912,0.6377303918388013,0.926841291712646,0.07840922920936164
2913,0.6377561218242261,0.9268098170906337,0.07841226677873614
2914,0.6377520743682936,0.9268163810288995,0.07841240186808861
2915,0.637750878898014,0.9268021463524729,0.0784180425165108
2916,0.637736541271752,0.9268248472794847,0.07841944290593517
2917,0.637699037905219,0.9267875811733,0.07842891269007152
2918,0.6376852555131046,0.9267853022415719,0.0784301467595854
2919,0.63771746092988,0.9268095365476048,0.07842321173694686
2920,0.6377335608313972,0.9268157853553449,0.07842119623388151
2921,0.6377266386553273,0.9268135256388927,0.07842266785584057
2922,0.6377556922513175,0.9268339284189004,0.07841313057161474
2923,0.6377729474703049,0.9268307040955954,0.07841199591400044
2924,0.6378368978578658,0.9268450156331258,0.07840286671004028
2925,0.6378557287177885,0.9268351312951751,0.07840135268895719
2926,0.6378842075792867,0.9268344164869097,0.07839770121702158
2927,0.6379167234374842,0.926847517462055,0.07839182756625913
2928,0.637885684631701,0.9268123150765076,0.07840168240643765
2929,0.6379412888892836,0.9267866972706061,0.07840214340678857
2930,0.6379727744191137,0.9268131182750425,0.07839522614136558
2931,0.6380072157981495,0.9268355886187428,0.07838683213600234
2932,0.6380061589628515,0.9268325372329214,0.07838826793496677
2933,0.6380295671758993,0.9268318377968767,0.07838570486816654
2934,0.6380730944122326,0.9268271146820473,0.07838410041416256
2935,0.63808247248904,0.9268326256231908,0.0783822006248348
2936,0.6380745792039598,0.9268344088007993,0.07838296985304374
2937,0.6380898767739915,0.9268343473119163,0.07838123977694109
2938,0.6380599102015071,0.9268333289022906,0.07838732290115837
2939,0.6381270025739142,0.926845522916411,0.0783792027315024
2940,0.6381397560275017,0.9268312344372117,0.07838053267726851
2941,0.6380934347828011,0.9268475943231588,0.07838436111434527
2942,0.63804781089476,0.9268518831727517,0.07839096698504075
2943,0.6380988220587465,0.9268645229812741,0.0783834414845508
2944,0.6380984919458463,0.9268717402389223,0.07838326543360327
2945,0.638077324347603,0.9268450348484017,0.07838483398585154
2946,0.6380301775806266,0.9268271377403784,0.0783916694091551
2947,0.6380809237832403,0.9268364225617193,0.07838593568737436
2948,0.6380814022175026,0.9268234676226712,0.07838864140703235
2949,0.6381724066323079,0.9268021156080314,0.07838376280731045
2950,0.6381557848758549,0.9267949060364935,0.0783876612029818
2951,0.6381302245069305,0.9268008666150944,0.07838960157546132
2952,0.6381950511653646,0.9268027766135242,0.07838112382525964
2953,0.6381757170078333,0.926829385927665,0.07837837604429676
2954,0.6381580094271799,0.9268089562462709,0.07838540610839544
2955,0.6382008470504609,0.9268204546674017,0.07837935527890623
2956,0.6383252361391113,0.9268293090665611,0.07836457853834758
2957,0.6382966351360259,0.9268290592679738,0.07836931261634082
2958,0.6382839080831333,0.9268298394081775,0.07837542954786167
2959,0.6383345447222045,0.9268366915755826,0.07837153866194302
2960,0.638340841552399,0.9268491161730144,0.07836965935540652
2961,0.6382597947930997,0.9268421525570086,0.07837969271287773
2962,0.6382968676734749,0.9268476020092692,0.07837559106836448
2963,0.6383693416899776,0.9268748915441787,0.07836357507457334
2964,0.6383861702700745,0.9268939799993112,0.07835932959324132
2965,0.6383940667471864,0.926889925576085,0.07836103892518703
2966,0.6383861118661296,0.926863715939684,0.07836740136033343
2967,0.6384442198260173,0.9268831003100662,0.0783588800762719
2968,0.6384538602686104,0.9268962704602048,0.07835603397733734
2969,0.6384679461604301,0.926889445194186,0.07835542751376537
2970,0.6385478646532907,0.9269055552815457,0.07834581121249086
2971,0.6385939065765257,0.9269065736911712,0.07834098702694293
2972,0.6386389684997276,0.9269292746181831,0.07833309446790004
2973,0.638690737171253,0.9269493046218372,0.07832647890182727
2974,0.638684071955419,0.9269498733940055,0.07832805063654377
2975,0.6387125701066617,0.926963120405248,0.07832467271135149
2976,0.6386599516328944,0.9269625477900246,0.07833299440966138
2977,0.6386341979030685,0.9269578054599192,0.07833858782569464
2978,0.6386461803835369,0.926949239289899,0.078341069016949
2979,0.6386693122940234,0.9269464915054376,0.0783403182175043
2980,0.6386132868575843,0.9269381367034529,0.07835141698865564
2981,0.638655047173234,0.926950326874518,0.07834638136431415
2982,0.638695874259843,0.926958989120918,0.07834272682648553
2983,0.6387189148114581,0.9269480018261276,0.07834402075036907
2984,0.6387721129759029,0.9269475521886703,0.07833754984470956
2985,0.6387435507824223,0.9269215078036426,0.0783446431412018
2986,0.6387690083455386,0.9269123651753437,0.07834606221234278
2987,0.6387733100717496,0.9269122652559088,0.07834723688947703
2988,0.6387193693622292,0.9269227760118555,0.07835586207859667
2989,0.6387056681540927,0.9269128455572426,0.07836011771326666
2990,0.6386711746100576,0.9269153973458892,0.07836468191772271
2991,0.6386709185731034,0.9269121807086946,0.07836466241817634
2992,0.6387287209160541,0.9269221034771971,0.07836004150883556
2993,0.6387080033553515,0.9269332713955815,0.07835986259499975
2994,0.6387267801407293,0.9269313613971516,0.07835882074654027
2995,0.6387693513016398,0.9269540584811082,0.07835139892465623
2996,0.6387748382863383,0.9269439896765085,0.07834997107260276
2997,0.6387961870124582,0.9269377716132098,0.07835050529564164
2998,0.6388163993617625,0.9269514259883026,0.07834660804155112
2999,0.6388099329909614,0.9269525097298663,0.07834673503795368
3000,0.6387999529716798,0.9269412572642678,0.07834901499416085
3001,0.6388579054176151,0.9269584510931913,0.07834405493306162
3002,0.6387649622296636,0.9269410651115083,0.07835906779598181
3003,0.6388209309192004,0.9269679472825676,0.07834984051173513
3004,0.6388375938271381,0.92699489094251,0.07834274742606816
3005,0.6388843670543107,0.9270224072176758,0.07833383354079303
3006,0.638895801639188,0.9270068005705461,0.07833547824763974
3007,0.6388767500491971,0.9270043563874448,0.07833954823719876
3008,0.6388835417152902,0.9269997946809334,0.07833977773207648
3009,0.638906972758272,0.9270143175864992,0.07833541816701019
3010,0.6389505472154614,0.92703014713083,0.07833172382199356
3011,0.6389718612690676,0.9270188600777347,0.07833232106765105
3012,0.6389144631893984,0.9269964973395797,0.07834160619906087
3013,0.6389098551415114,0.9269861595211166,0.07834437306449586
3014,0.6388819699127053,0.9269567217183554,0.07835245232938132
3015,0.6389015026356898,0.9269706220489804,0.0783509966315137
3016,0.6388796010587525,0.9269894645485807,0.07835299814563602
3017,0.6389138304094716,0.9270250589257574,0.07834573468995416
3018,0.638891272765987,0.9270278835713226,0.07834866386022143
3019,0.6388835502738065,0.9269819782770691,0.07835915466152889
3020,0.638933973001435,0.9269974581033774,0.07835056794054415
3021,0.6389623157704407,0.9269801259244671,0.07835189334860201
3022,0.6389812319215602,0.9270314307112637,0.07834515284768417
3023,0.6389683923057995,0.9270069466066434,0.07835038154171863
3024,0.6389628700418584,0.9270223995315654,0.07834940407860534
3025,0.6389903999525595,0.927029885803077,0.07834538454926623
3026,0.6389878987359455,0.9270123730005727,0.07834640051667587
3027,0.6389919911080962,0.9270109011104346,0.0783461341295264
3028,0.6390068511211334,0.927010847307662,0.07834600347586969
3029,0.639020917304872,0.9270172997973273,0.07834517247249946
3030,0.6390910570285934,0.9270337941902059,0.0783388670729637
3031,0.6391057742317674,0.9270310694640758,0.07833724266218804
3032,0.639093905791924,0.927005789847031,0.07834249624827529
3033,0.6390601998562547,0.926978692464881,0.07835273407948407
3034,0.6390569272835805,0.9269762252234485,0.07835430039498639
3035,0.6390985952987698,0.9269825970089548,0.0783494141798109
3036,0.6390908776440278,0.9270107704465582,0.07834841229755796
3037,0.6391301857351047,0.9270001713003421,0.07834663350139176
3038,0.6391154346310726,0.9270011743377469,0.07834904567180087
3039,0.6391408453112978,0.9269972774797834,0.07834786224879485
3040,0.639148613615122,0.9269869627196514,0.07834818695950038
3041,0.6391660406240467,0.9270080918370902,0.07834388162414925
3042,0.6391692261843996,0.927024547799417,0.07834159859245195
3043,0.6391825340709741,0.9270348010706659,0.07834016501167587
3044,0.6392308849647778,0.9270697575006811,0.07832982641481226
3045,0.6392489680363677,0.9271102018135086,0.07832657545198994
3046,0.6392337992073408,0.9271047177737514,0.07833027186661035
3047,0.6392257072858515,0.9271189217057364,0.07832954032732274
3048,0.6392466466841001,0.9271285793034307,0.07832611886696494
3049,0.6392627122776348,0.9271345514111972,0.07832355639567089
3050,0.6392801721326453,0.9271358349916309,0.07832217618199926
3051,0.639277816292948,0.9271256201509338,0.07832612704976237
3052,0.6393103182042932,0.9271392168801987,0.07832204079943149
3053,0.6392910444431273,0.9271440745019598,0.07832505760283995
3054,0.6393187097960441,0.9271600423962775,0.07831786605652
3055,0.639304695448602,0.9271596350324272,0.07831898710703546
3056,0.6393006346181921,0.9271696615634198,0.07831831595090406
3057,0.6393490664854443,0.9271939381430598,0.078311366321052
3058,0.6392881240094979,0.9271764868294387,0.07831994439856194
3059,0.6393108207524414,0.9271820592594653,0.07831910829778373
3060,0.6393533482992452,0.9271829662204902,0.07831841053053687
3061,0.6393806490759067,0.927183665656535,0.07831693154712566
3062,0.6393703178974236,0.9271672020080978,0.07832193933975566
3063,0.6394036208149056,0.9271678591705355,0.0783191597280945
3064,0.639382697028829,0.9271685009607523,0.07832151552031079
3065,0.6394241893300072,0.9271754645767579,0.07831700803362687
3066,0.6394612475584965,0.9271751917198394,0.0783118718319473
3067,0.6395101355048036,0.9271751263879011,0.07830855043902894
3068,0.639549101957059,0.9272030961435794,0.07830116559867151
3069,0.6395357639090732,0.9272094640860306,0.0783024487104154
3070,0.6395393472391913,0.927235181811367,0.07830028589145792
3071,0.6395431845567462,0.9272455465312165,0.07829815090440542
3072,0.6395796201428824,0.9272697385636423,0.07829316568919914
3073,0.6395738901438154,0.9272518875722813,0.07829917877684672
3074,0.639543468537701,0.9272286985772602,0.07830438098758552
3075,0.6394854696437553,0.9272030308116412,0.07831850162644709
3076,0.639471776939684,0.9272273611940538,0.07831582211844534
3077,0.6394863212955361,0.927236411589028,0.07831340693160838
3078,0.6394781557020194,0.9272327491574313,0.07831720675387385
3079,0.6394813618735236,0.9272349127975037,0.07831774238946106
3080,0.6394708286008408,0.9272226073347829,0.0783223544966782
3081,0.6393830022706956,0.9271415265563684,0.07835298655169028
3082,0.6393835062862762,0.9271416841216312,0.07835445422198516
3083,0.6394018374706146,0.9271086838067082,0.07836021934500606
3084,0.6393958143984092,0.9271056823806042,0.0783621333104757
3085,0.6394352074375964,0.9270980116424434,0.07836125628931706
3086,0.6394641305010585,0.9271284063659472,0.07835525486221578
3087,0.6394782245275497,0.9271125960368923,0.07835490833709388
3088,0.6394575303822914,0.9271183145030162,0.07835946495538909
3089,0.6394437897496474,0.9271384751705469,0.07836101866066675
3090,0.639433743732839,0.9271429638590097,0.07836052455428572
3091,0.6394260419155395,0.927125662424541,0.07836424156589379
3092,0.6394060413600905,0.9271080650748225,0.07836913610257493
3093,0.6394025880655616,0.9270895492349134,0.07837447800370918
3094,0.6394288857318253,0.9271063702874833,0.07837143508130791
3095,0.6393864493585543,0.9270966435147956,0.07838069595653059
3096,0.6394157958177432,0.9270910826139346,0.07838149873812368
3097,0.6394049739438804,0.927077090049985,0.07838593006180243
3098,0.6394049960776353,0.9270931962942894,0.07838454322394187
3099,0.6394126637979252,0.9270894301002025,0.07838682509091989
3100,0.6394167991222545,0.9270895799793549,0.07838981983520216
3101,0.6393869338402424,0.9270619522555886,0.07839873026992268
3102,0.6395565580533294,0.9270815479940063,0.07837947892310083
3103,0.6395939424722922,0.9270637162179212,0.07837743235186907
3104,0.6395728889309883,0.9270621597805689,0.07838052093233615
3105,0.639595387076363,0.927064577062284,0.07837807641445614
3106,0.6396501627005272,0.9270680358119556,0.07837289447860335
3107,0.6396108500666535,0.9270634164596163,0.07837975303036014
3108,0.6396082746502517,0.9270536858438733,0.07838158869372146
3109,0.6397357894802196,0.9270796572108524,0.07836538406701658
3110,0.6397751178419078,0.9270778817193543,0.07836219336727443
3111,0.6397825666902087,0.9270848568645255,0.07836176557000651
3112,0.6397881689364865,0.9270757180792819,0.07836272376471658
3113,0.6398083341739214,0.9270915130361159,0.07835863110844718
3114,0.63985599979425,0.9270922393735469,0.07835304729453967
3115,0.6398635871659396,0.9270939380039412,0.07835232657164592
3116,0.6398557657012087,0.9270834618354913,0.0783555116899447
3117,0.6398773155371901,0.9270948026913592,0.07835287834090504
3118,0.6399392543517555,0.9271189870376746,0.07834645124653523
3119,0.6399409974280611,0.9271085223983901,0.07835171382102186
3120,0.6399630713216556,0.927132614511381,0.07834686805992196
3121,0.6399500754117121,0.9271050367473321,0.07835225691568179
3122,0.6399812762489674,0.9270876353934284,0.07835044428791804
3123,0.6400255209096941,0.9271072426610116,0.07834534087176892
3124,0.6400261463921242,0.9271075846929236,0.07835029389592293
3125,0.6400507821206624,0.927138294546953,0.07834753776575204
3126,0.6401065382330267,0.9270904946264904,0.07835793501452633
3127,0.6400776952155864,0.9270945836372133,0.07836119731840106
3128,0.6400931894393628,0.9270981922660374,0.07836190732614319
3129,0.6400682218007836,0.9270877160975874,0.0783684584727612
3130,0.640130132115786,0.9270861366019041,0.07836287872769457
3131,0.640132513095238,0.9270778894054647,0.07836842268629056
3132,0.6401294419478372,0.9270772975749653,0.07837122231007107
3133,0.6401392326477331,0.9270850105867331,0.07836972235290299
3134,0.6400949065282656,0.9270582706087159,0.0783782863680555
3135,0.6400797562614563,0.9270602958988015,0.07837877390912217
3136,0.6400563647374465,0.9270513454232622,0.07838477060433562
3137,0.6400651091991034,0.9270327719375252,0.07838755830733102
3138,0.6400962140385223,0.9270394319521708,0.0783845185066831
3139,0.6400892919032025,0.9270337250152125,0.07838904629989892
3140,0.6401228236607155,0.9270198784873602,0.07839101218977035
3141,0.640150733881949,0.927024367175823,0.0783887232814249
3142,0.6401299691692047,0.9270080995232006,0.07839445204133626
3143,0.6401700244574476,0.927009417691131,0.07839006231025726
3144,0.6401947650418331,0.9270124075880695,0.07838716097981917
3145,0.6401887313095067,0.9270106935854544,0.07838617173228343
3146,0.6402309945475896,0.9270085799050994,0.07838331971296245
3147,0.6402017720700748,0.9269874700029367,0.0783912818000604
3148,0.6402133818161863,0.9269941799772997,0.07838870921637803
3149,0.6402363113826289,0.9269981229519254,0.07838753530378928
3150,0.6402729677345282,0.9270192174818674,0.07838058621635446
3151,0.6402458547956891,0.9270032111569979,0.07838618410713302
3152,0.6402673887910625,0.9269952176022012,0.07838805121079258
3153,0.6402806706255264,0.9270058167484173,0.07838565176229008
3154,0.6402874652174914,0.9270044832082661,0.07838687350253082
3155,0.6402717313158882,0.9270217423691278,0.07838661954035349
3156,0.6402502303214023,0.9270218960913355,0.07839063099685183
3157,0.6402588698093418,0.9270283178365591,0.07839106571657806
3158,0.6402151812852079,0.9270123268839104,0.07840118063778029
3159,0.6402311982382222,0.9270058436498037,0.07839944893847683
3160,0.6402059204869032,0.9270044870513213,0.0784042276273918
3161,0.6402766586392725,0.927031699725127,0.07839352026865146
3162,0.640276665673822,0.927035104672026,0.07839363232177662
3163,0.6403088605788584,0.9270333483958039,0.07839452400387155
3164,0.6403291113800161,0.927042517925489,0.07839082107937625
3165,0.6403367985701189,0.9270295091836683,0.07839411902198895
3166,0.6403309269767592,0.9270314345543188,0.07839437759351807
3167,0.6403379263494682,0.92702732632832,0.07839617166378818
3168,0.6402903364583095,0.926988303945913,0.07841290520641095
3169,0.6402078239907648,0.926945150279176,0.0784277972058258
3170,0.640213759443138,0.9269425792752535,0.07842909400868876
3171,0.6402814971450256,0.9269616946317722,0.07841904218109357
3172,0.6403007157768191,0.926956833166956,0.07841720312635288
3173,0.6403130868537781,0.926955868560103,0.07841722172901862
3174,0.6402894397943455,0.9269602496430205,0.07842060440037446
3175,0.6402546979395274,0.9269428713474479,0.07842715325824125
3176,0.6402732809286701,0.9269405808865543,0.07842645421135493
3177,0.6402665072230252,0.9269110546935236,0.07843687523463726
3178,0.6403038063112346,0.9269004593903628,0.07843692938076223
3179,0.6402599491240102,0.9268673553129496,0.07845008321253565
3180,0.6402636748517444,0.9268738347040012,0.07844992660906974
3181,0.6402732532289033,0.9268787422854798,0.07845094795379852
3182,0.6403091956033139,0.9268928847285818,0.07844542382219424
3183,0.6403028413878669,0.9268821433893236,0.07844693915421005
3184,0.6403028413878669,0.9268821433893236,0.07844631029798058
3185,0.6403296225505545,0.9268695112669116,0.07845050650829208
3186,0.6403440147924575,0.9268665098408077,0.07844789310746139
3187,0.6403184273895275,0.9268423639250442,0.07845736164691952
3188,0.6402601666748827,0.9268401503252542,0.0784683699396185
3189,0.6402918730782916,0.9268300776775993,0.07847005200555968
3190,0.640302106415754,0.926831522666351,0.07846913352045895
3191,0.6402615363250316,0.9267978459737145,0.07848067329598456
3192,0.6403289438035941,0.9268025883038199,0.07847601186559089
3193,0.6403290198620658,0.926806158502092,0.07847903223373157
3194,0.6403923830984145,0.9268216959742283,0.07849087847547791
3195,0.6404144457937878,0.9268711791528644,0.07848406810938638
3196,0.6404365167360744,0.9268822971115313,0.07848014560176353
3197,0.6404516616277712,0.9268838381766628,0.07847663051893072
3198,0.6404516616277712,0.9268838381766628,0.07847667554621279
3199,0.6404366319961318,0.926874937660841,0.07848027387773078
3200,0.6404836150628626,0.926888415255395,0.07847265552379008
3201,0.6405296481139234,0.9268777469341855,0.07847837502951911
3202,0.6405143840925877,0.9268675782101506,0.07848609624834622
3203,0.6404783233492953,0.9268706449681929,0.07848922399994643
3204,0.6404779452979881,0.926865648996445,0.07849132491018089
3205,0.6404892507591127,0.9268686158350522,0.07849013895871244
3206,0.6405331212671622,0.9268813401907888,0.07848576708739763
3207,0.6405516465008702,0.9268868934055394,0.07848585689993692
3208,0.6405086427236678,0.9268809405130489,0.07848892850651519
3209,0.6404869235106634,0.9268985417058226,0.0784911299461598
3210,0.6404875044043699,0.9268868511319324,0.07849561651654448
3211,0.6404943162850324,0.9268932267604938,0.07849439724272556
3212,0.6405368468351073,0.9269164849305083,0.07848852129915637
3213,0.6405652383077907,0.9269205278245689,0.07848747245368953
3214,0.6405861633763625,0.9269397546296883,0.07848385298841522
3215,0.6405673891637275,0.9269698957115493,0.07848592965065969
3216,0.6405593691841738,0.9269621980720022,0.0784909315929731
3217,0.6405685869770936,0.9269458266568896,0.07849413023056619
3218,0.6405925182435998,0.9269381482326186,0.07849317113270275
3219,0.6406018765413576,0.9269222648855151,0.07849549688072037
3220,0.6406013574800713,0.9269100362838981,0.07850122817782919
3221,0.6404980082976922,0.9269137909488195,0.07856288295497509
3222,0.6404978744748853,0.9269241902561657,0.07856366569034172
3223,0.6404849199141334,0.9269369799438405,0.07856401398781677
3224,0.6405005853549958,0.9269363765841756,0.07856245740478152
3225,0.6405387671453782,0.926939708513026,0.07856113486668795
3226,0.6405891751832854,0.9269634086343873,0.07855487385400661
3227,0.6406312952039058,0.9269681548075479,0.0785485929751742
3228,0.6406008999337532,0.9269604225805042,0.07855532371316967
3229,0.640599258959972,0.9269653685925346,0.0785551140525069
3230,0.640509697578481,0.9269472908609173,0.07856754513234727
3231,0.6404913755248723,0.9269216999564021,0.07858214240692704
3232,0.640512426103754,0.926923029653498,0.07858340272499455
3233,0.6405235158135114,0.9269094713547851,0.07858984357779149
3234,0.6405830279416515,0.9269580975321137,0.07858784108852135
3235,0.6405669202056374,0.9269477712428161,0.07859019841503155
3236,0.640576096217899,0.9269311346568954,0.0785945424803702
3237,0.640545597555431,0.9269174841248579,0.0786009609838315
3238,0.6405628773676251,0.9269308810152528,0.07859775398051572
3239,0.6406383614488954,0.9269520985229609,0.07859036580103317
3240,0.6406527123993032,0.9269571060238745,0.07859062639020875
3241,0.640695505085247,0.926974703373593,0.0785875973361984
3242,0.6407378704451651,0.9269789422634683,0.07858046511181241
3243,0.6407253181541087,0.9269820820395592,0.07858284855478054
3244,0.6407333244137021,0.9269860788169576,0.07858466273121584
3245,0.6407383081207121,0.9270191021902118,0.07858269526023987
3246,0.6408038506584575,0.9270418991936032,0.07857525123785407
3247,0.6407999924156347,0.9270503500719678,0.07857474211895862
3248,0.6408310564025661,0.9270689389299254,0.07856971593103165
3249,0.6408466163531711,0.9270665254912657,0.07857136309915413
3250,0.64088955697084,0.9270962745814972,0.07856592799315598
3251,0.6408927117434343,0.9271050444334425,0.07856442525563927
3252,0.6408978864234466,0.9271052596445333,0.07856664601573687
3253,0.6408590803989084,0.9270970239772595,0.07857398071473369
3254,0.64088685542726,0.9271023696670297,0.07857261525583212
3255,0.6408039353961784,0.9270793997261546,0.07859018107428066
3256,0.6408262095988843,0.9270690465354707,0.07859321325889856
3257,0.6408781838272263,0.9270810022801692,0.07859692294042682
3258,0.6408444482876062,0.9270596387363638,0.07860643369166771
3259,0.6407936350155063,0.927057225297704,0.07861723600749067
3260,0.6408509623738505,0.9270564720588866,0.0786118799595289
3261,0.6408922781185845,0.9270818131648144,0.07860562949897693
3262,0.6409349720545826,0.92708978366128,0.07859956072300232
3263,0.6408591293383934,0.9271747382393268,0.0786603615041611
3264,0.6408396707522077,0.9271645618291817,0.07866239624488751
3265,0.6409039607434878,0.9271654995346483,0.07865461408868274
3266,0.6408497186340595,0.9271633166793,0.07867544624902813
3267,0.6409068424339844,0.9271779049168041,0.07866928198922889
3268,0.6409313818109396,0.9271876278464366,0.07866822294700093
3269,0.641001284125854,0.9271863634812789,0.07865925142247816
3270,0.6410220755647192,0.927226961516314,0.07865614289150683
3271,0.640979228208585,0.9272123771218651,0.07866290758629033
3272,0.6409865938155439,0.9272008633285136,0.07866318637259537
3273,0.6409559028741546,0.9271681589288403,0.07867445573561538
3274,0.6410076655644399,0.9271928313431649,0.07866934402229298
3275,0.6410591742249164,0.9272206166321941,0.07866365390367769
3276,0.6409622180427181,0.9272406850664002,0.07868176167393011
3277,0.6409485259357679,0.9272012168895911,0.078692624936491
3278,0.6409581415228743,0.9271955983429022,0.07869453983641177
3279,0.6409263388130995,0.9271723286437222,0.07870428874838903
3280,0.6408990037624552,0.9271428716256851,0.07871649503094436
3281,0.6409179801313442,0.9271531940719275,0.07871066463190503
3282,0.6409198682566816,0.9271300204491273,0.07873778866188262
3283,0.6409955871820376,0.9271444280630374,0.0787332333932048
3284,0.6409815641558977,0.9271720980604108,0.07872717412208953
3285,0.640978891990735,0.9271741387227171,0.07872915793511419
3286,0.6410022313255659,0.9271597157365862,0.07873199172572204
3287,0.6409669568689834,0.9271463611197983,0.07874309759079738
3288,0.6409712534678984,0.9271522871109025,0.07874275742022624
3289,0.6409788011198363,0.9271579671464744,0.07874231395344339
3290,0.6409401261771068,0.9271614335822564,0.07874786888333724
3291,0.640913827060842,0.9271388056732933,0.07875888356882861
3292,0.6408972138032131,0.9271375720525771,0.0787535556894623
3293,0.6409300114241689,0.9271456962712503,0.07875190650290041
3294,0.6409095994743247,0.927104006808541,0.07876783574766376
3295,0.6409173222868557,0.9271327567044231,0.07876164863012894
3296,0.6410181061481196,0.9271427909215261,0.07875157351184311
3297,0.640934410418227,0.9271544046343125,0.07876282021740882
3298,0.6408410135810071,0.9271231144789495,0.07878030411129337
3299,0.6408491775326409,0.9271244672343766,0.07878092374961414
3300,0.640838067998861,0.927122561079002,0.07878656789301577
3301,0.6408678471420842,0.9271231721247774,0.07878347385434215
3302,0.6409257685039563,0.9271461228503766,0.07877571792769299
3303,0.6408759820610208,0.9271429254284578,0.07878321212023474
3304,0.6409404900995439,0.9271488360473412,0.07877768025425733
3305,0.6409098651943038,0.9271231413803358,0.07878898289963325
3306,0.6409021553650185,0.9271246401718602,0.07879737042572241
3307,0.6409021553650185,0.9271246401718602,0.07879734784509226
3308,0.6409649901969234,0.9271784198861996,0.07878748258190509
3309,0.6409357591285976,0.9271813790386965,0.07879512241889694
3310,0.6409206906283104,0.927173996529675,0.07879701762056983
3311,0.640911170984933,0.927184591832836,0.07880043512705294
3312,0.6409745874664889,0.9272140642230938,0.07879410793014445
3313,0.6409897513748104,0.9272078231014641,0.07879665543629383
3314,0.6410104059561366,0.9272345515503158,0.07879440391877836
3315,0.6410476130734186,0.927230005216025,0.07879767248229204
3316,0.6410115959732401,0.9272015819798343,0.07880829529923826
3317,0.6410015340830718,0.9272064588168714,0.07880711562276033
3318,0.6410325735317097,0.9272278800065046,0.07879869259983079
3319,0.6410309966414015,0.9272161279437313,0.07880089400623402
3320,0.6410289585003958,0.9272278800065046,0.07880476064002588
3321,0.641071477365617,0.9272385406416037,0.07880299114925875
3322,0.6410434777302491,0.9272234143763729,0.07880876449914961
3323,0.6410416725770882,0.9272439555063675,0.07880748081380916
3324,0.6410632497953264,0.9272372724333908,0.07880668675371194
3325,0.6410986361711324,0.9272251130067672,0.0788130767509151
3326,0.6410709131051467,0.9272199402544805,0.07882470417737589
3327,0.6411045478468002,0.9272414844218798,0.07882227568256013
3328,0.6411335211546831,0.9272627403601399,0.07881983495538131
3329,0.641176087456747,0.9272816750930648,0.07881281504506389
3330,0.6412182337612311,0.9272712027676699,0.07881534359279962
3331,0.6411802202978857,0.9272439747216434,0.07882754191833298
3332,0.6412181963650532,0.9272489937517226,0.07882151267896356
3333,0.641229688544791,0.9272693042984057,0.07881912012516022
3334,0.6412830854558913,0.9272724748189382,0.07881381231232723
3335,0.641290339944392,0.9272538321582078,0.07881412574421591
3336,0.6412929742721082,0.9272630747059415,0.07882043436877062
3337,0.6412733928436943,0.9272556652955337,0.07882335158815147
3338,0.6412672231865577,0.9272313848728385,0.07882783172014261
3339,0.6413043632524229,0.9272357159960386,0.07882387556710152
3340,0.6412579831697218,0.9272308699034431,0.07883203287868662
3341,0.6412702812568174,0.927230850688167,0.07883119545438239
3342,0.6412436475732397,0.9272365230376286,0.07883900522730927
3343,0.641250661122929,0.9272343709267218,0.0788396417030308
3344,0.6412916957823431,0.9272485133698237,0.07883547384464046
3345,0.6414165560506654,0.9272676786860601,0.07882411481793668
3346,0.64137917079852,0.9272313118547899,0.07883787430233369
3347,0.6413678513430061,0.9272312618950724,0.07884164950089582
3348,0.6413984535569762,0.9272354777266167,0.0788409052097321
3349,0.6413556398973131,0.9272667678819798,0.0788476220421413
3350,0.6412584782470854,0.9272532403277084,0.07886137816085935
3351,0.6412704975318215,0.9272458808770181,0.07888802528999543
3352,0.6412277162628481,0.9272779396434193,0.07889584128791427
3353,0.6412248444954773,0.9272666833347656,0.07889483859521648
3354,0.6412481024446035,0.9272665949444963,0.07889664112633298
3355,0.641274840306731,0.9272645850266314,0.07889507700922177
3356,0.641274840306731,0.9272645850266314,0.07889364240672031
3357,0.6412842216252784,0.927274507795134,0.0788963384368189
3358,0.6413365980135608,0.9272959597292088,0.07889190038181872
3359,0.641304738984983,0.9272862675440178,0.07889926502879903
3360,0.6413076805579949,0.9272743002701537,0.07890531527575202
3361,0.6412962950697833,0.9272758413352852,0.07890818513749978
3362,0.6413247040706892,0.9272935001738867,0.0789022148703316
3363,0.6413804177034119,0.9273081537433291,0.07892469212159763
3364,0.6414258065409406,0.9273143948649588,0.07892224657104745
3365,0.6414783533619589,0.9273284719761226,0.07891630274791685
3366,0.6414911139166469,0.9273317001424828,0.07891935286113141
3367,0.6414717625671887,0.9273273843915036,0.07892202460013052
3368,0.6414970541765899,0.9273247788000842,0.07892178874816155
3369,0.6414851428385004,0.9273167660300116,0.07892728382532425
3370,0.6415254960156332,0.9273116547666078,0.07892539741679352
3371,0.6415243653609339,0.927311135954157,0.07892819583031517
3372,0.6415409617059782,0.927300978759288,0.07893260945675762
3373,0.6415269727817986,0.9273000717982629,0.07893286892454315
3374,0.6415147105539949,0.9272875703397274,0.07894216147118692
3375,0.641473343578413,0.9272907293310941,0.07894712109438931
3376,0.6414788719774213,0.9272984269706412,0.07894750808697028
3377,0.6414690540469814,0.927285629596856,0.07895066032708732
3378,0.6414600756614982,0.9272840424150622,0.0789532105616794
3379,0.6414813264084399,0.9272996298469159,0.07895156083450197
3380,0.6415337199086762,0.927329671009342,0.07894646865559114
3381,0.6415559201594853,0.9273497432866034,0.07894307132463722
3382,0.6415125492052133,0.9273464036716427,0.07894991166402407
3383,0.6415236181918782,0.9273492129449871,0.07894753631847459
3384,0.6415300348438846,0.9273484212756178,0.07894890650683337
3385,0.6415378730852431,0.927359769817596,0.07894792746239845
3386,0.6415574016799375,0.9273672484029972,0.07894895560920279
3387,0.6415604547314958,0.9273766946326562,0.07895397616846507
3388,0.641573277568999,0.9273772365034381,0.07895093672615676
3389,0.6415626356482945,0.9273725979358228,0.07895384229998874
3390,0.6415494584328714,0.9273870247650089,0.07895269777226138
3391,0.6417070616078938,0.9273783702047194,0.07898088223017333
3392,0.6416579431685279,0.9273653191892915,0.07899258849984606
3393,0.641664943552263,0.9273627635575896,0.07899674751953653
3394,0.641627048632668,0.927338452390453,0.07900703866248314
3395,0.6416236617092936,0.9273518877113999,0.07900762353528444
3396,0.6416887495767785,0.9273620333771034,0.07899931613299922
3397,0.6417016894281582,0.9273531059598953,0.07900135990234416
3398,0.6416903007263539,0.9273565570234567,0.07900745993700503
3399,0.6416798454183141,0.9273593470815251,0.0790098967087102
3400,0.6416652152563748,0.927371471920652,0.07901402517210822
3401,0.64161995412331,0.9273775132034118,0.07902104209069215
3402,0.6415847332331258,0.9273616567576948,0.07903841308154387
3403,0.6416371242042006,0.9273566723151123,0.07903599818489603
3404,0.64167180312285,0.9273642085463414,0.07903332474113837
3405,0.641710219457838,0.9273755801466508,0.07903174019112441
3406,0.6416742768806228,0.9273555616721622,0.07904456811026546
3407,0.6417345810794182,0.9273587398788049,0.07903810693887653
3408,0.6417074052007686,0.9273658572170183,0.07904459824679068
3409,0.6417910874622599,0.9273832124542597,0.07903852430716998
3410,0.6417959343721036,0.927402781291291,0.07903701460762164
3411,0.6418128068421363,0.9273919707770394,0.07903843559975474
3412,0.6417817570004455,0.9273870593525056,0.07904903779487153
3413,0.6417091485574168,0.9273683821042785,0.07906240663489966
3414,0.6417413120235088,0.9273611725327408,0.07906372855118692
3415,0.6415957546245249,0.9273031577715811,0.07909215507162527
3416,0.6415962464115791,0.9272947261084926,0.0790979104176237
3417,0.6416436695340919,0.9273474681979305,0.07911993608477061
3418,0.6415958987930696,0.9273252361236519,0.07913294158547306
3419,0.6415702145326949,0.9273378605599536,0.07913921565604601
3420,0.6415643297370491,0.927347641135414,0.07914388510499408
3421,0.641501260559469,0.9273253052986454,0.07915467677060535
3422,0.6414774633085473,0.9273132688497879,0.07916391962019402
3423,0.6414832750031617,0.9273005291218306,0.07916808960976876
3424,0.6415394611377674,0.9273074043475669,0.07916162307026522
3425,0.6415719583346313,0.9273116624527182,0.0791560531743248
3426,0.6415986149979793,0.9273242523015232,0.07915616175349649
3427,0.6415681228432888,0.9273193600922653,0.07916750767471666
3428,0.6416089320099977,0.9273138299358458,0.0791664300732124
3429,0.6415736911788682,0.9272980772526189,0.07917329497818555
3430,0.641592429979768,0.9273047257380989,0.07917254700458952
3431,0.6416062609977782,0.9272962556444585,0.07917676210490858
3432,0.6415727109132999,0.9272973509151878,0.0791862176038815
3433,0.6416261725493305,0.9273028157396691,0.0791804175338391
3434,0.6416125879326887,0.9272919936962519,0.0791894860965335
3435,0.64157261638799,0.9272685779609747,0.07919808443197766
3436,0.6415552258904794,0.9272731665688725,0.07920275202861758
3437,0.6415785030851986,0.9272587128383,0.07920647341245442
3438,0.6415685002611944,0.9272578788953236,0.0792076162392932
3439,0.6415678895029492,0.9272640354697392,0.07921368292587742
3440,0.6415298897981839,0.9272610071422489,0.07921959408291938
3441,0.6414925207723694,0.9272475756643572,0.07922940318873552
3442,0.6414325624103204,0.9272290598244481,0.07924258042474856
3443,0.6414213300365513,0.9272377182277929,0.07924017726176924
3444,0.6413944221933797,0.9272539013332012,0.07924438214036666
3445,0.6413997602240717,0.9272667140792071,0.07924563581076895
3446,0.6413926930185858,0.9272701574566581,0.07925114582648399
3447,0.6413936884471906,0.9272636319489442,0.07925411849242792
3448,0.6413840145285804,0.9272597850506983,0.07925714577882176
3449,0.6413966523380693,0.9272595659965523,0.07925763870425263
3450,0.6413529563490125,0.9272604268409151,0.07926547880857808
3451,0.6413314003718114,0.927247187515783,0.07927558527144839
3452,0.6413296202375415,0.9272412692107892,0.07927665326003115
3453,0.6412800083450572,0.9272293019369252,0.07929054343660552
3454,0.6413492055099365,0.9272296478118923,0.07928828308483404
3455,0.6413727930496911,0.9272339943073131,0.0792895124226832
3456,0.6414432778032226,0.9272380910041464,0.07928938958881829
3457,0.6414965350521651,0.9272470914394032,0.07929199306164296
3458,0.6415267915484396,0.9272415190093766,0.07929479964114
3459,0.6414816970063916,0.9272367613070505,0.0793037786842873
3460,0.6415040048351424,0.9272368881278718,0.07930144476522025
3461,0.6415073228551258,0.9272496509141602,0.07930729360477401
3462,0.6414819834217266,0.9272351356947047,0.07931605199997806
3463,0.6414630804183449,0.9272428064328655,0.0793170312268824
3464,0.6414111832319714,0.9272294249146913,0.07932704061942195
3465,0.6414341314323649,0.92724007786368,0.0793174269619167
3466,0.641430850634044,0.927230769984008,0.07931992541673956
3467,0.6413974462513053,0.9272456310784307,0.07932585258155903
3468,0.6414266964908719,0.9272340750114721,0.07932347963688516
3469,0.6414139147612686,0.9272299783146387,0.07933193539295935
3470,0.641453096648035,0.9272252206123126,0.07933115903453586
3471,0.6414395821597407,0.9272172385866814,0.07933672870355205
3472,0.6414987288305245,0.927213545410643,0.07933882385293957
3473,0.6415048086637004,0.9272160241812412,0.0793439181442621
3474,0.641534048504378,0.9272273535079435,0.07934013065218182
3475,0.6415281773595004,0.9272322764616429,0.07934355747473901
3476,0.6415175999221626,0.9272335523559662,0.0793507787897576
3477,0.6415209486479924,0.9272195559489614,0.07935797957891884
3478,0.6415638514629928,0.9272369419306444,0.07935690796365746
3479,0.6415983159783132,0.9272494741336215,0.07935529595713221
3480,0.6415832259847277,0.9272265349371879,0.0793613423720762
3481,0.6416171775698895,0.92725740235648,0.07936141897079457
3482,0.6416042438955236,0.927296124980582,0.07936395277406473
3483,0.6416241846174823,0.9272920282837487,0.07936994999708395
3484,0.6416436963875318,0.9272748267687149,0.07937015877404004
3485,0.641643569359141,0.9272827127179663,0.07937133023710458
3486,0.6415556340923717,0.9272616758338521,0.07938876556564524
3487,0.6415810247233429,0.9272645273808037,0.07938535559182239
3488,0.6416045799624013,0.9272648847849364,0.07939213808060444
3489,0.6417415631191176,0.9272258854608606,0.07937021585519691
3490,0.6418345697940948,0.9272477985615583,0.0793975631820716
3491,0.6418677643191701,0.9272566721759937,0.07939793722859034
3492,0.6418434386725647,0.9272376913264065,0.07940573719546239
3493,0.6418566139982999,0.9272311081728648,0.07941275487335568
3494,0.6418596030571732,0.9272271382968528,0.07941693252601419
3495,0.6418853664157684,0.9272476140949091,0.07941731830553715
3496,0.6418595069939939,0.9272579403842067,0.07942138082272397
3497,0.6418720838820601,0.927244347497997,0.07942483533001103
3498,0.6418862480679483,0.9272404852275302,0.07942517509077358
3499,0.6418842186210545,0.9272643621294304,0.07942341951442798
3500,0.6418896371020218,0.9272839655539584,0.07942560829866664
3501,0.6418400154521634,0.9272881775424475,0.07943572555454063
3502,0.6418434554706561,0.9272888846646026,0.07943561942366455
3503,0.641791290152502,0.9272676863721704,0.07944408853033721
3504,0.6418375900814046,0.9272631016073278,0.07944390505121476
3505,0.6418521228833167,0.9272681705971244,0.07944323472229077
3506,0.6418944543761932,0.9272902105186435,0.07944881067994285
3507,0.6418723433135125,0.9272799341890634,0.07946087388218616
3508,0.6418869751167102,0.9272682551443386,0.07946318089723453
3509,0.6419047404960255,0.9272799534043393,0.07945792879686696
3510,0.6419237735401785,0.9272893035576184,0.07945677764888984
3511,0.6419368306730058,0.9272762756005217,0.07945888060626129
3512,0.6419454102700884,0.9272650730946407,0.07946086368549807
3513,0.6419428228423526,0.9272611224339046,0.07946420992752923
3514,0.6418940528107442,0.9272360964585025,0.07947605621909429
3515,0.641928302990776,0.9272664873389509,0.07946755691042821
3516,0.64195797245081,0.9272579134828204,0.07946863580321563
3517,0.6419584829191222,0.9272488515586805,0.07947350366289344
3518,0.6419608134870692,0.9272515724417556,0.07947555725354186
3519,0.642014213014301,0.9272235834708014,0.07947958228905425
3520,0.642071145957987,0.9272329297810252,0.0794725067739717
3521,0.6420330943670336,0.9272286870480947,0.07948299072477713
3522,0.642084581414344,0.9272441937757894,0.0794768917001859
3523,0.6422207020932228,0.9273082075461018,0.07947452503882427
3524,0.6422490738565136,0.9273108092944659,0.0794735332374365
3525,0.6422327087327198,0.9273112973624751,0.0794792779153337
3526,0.6422087201104112,0.9272931542989196,0.07948991090083729
3527,0.6423123705450392,0.9273102174639665,0.07947826353629169
3528,0.6423919188995162,0.9273082382905432,0.07947815222426188
3529,0.64237602060882,0.927299710551075,0.07948741107715873
3530,0.642478805233351,0.92734201874567,0.07947538757977646
3531,0.6424412356756719,0.9273327377673843,0.07948342282177105
3532,0.642435992678524,0.9273398743208735,0.07948059530725035
3533,0.642463036638141,0.9273616490715844,0.07948140368751931
3534,0.642435246419236,0.9273577406844553,0.0794945910815061
3535,0.64247473337858,0.927374192803727,0.07949168153558929
3536,0.6423480246233744,0.9273305933425878,0.0795153346447055
3537,0.6423231512686192,0.9273179804354518,0.07952375272722297
3538,0.6423358989562117,0.9273049947519623,0.07952720252587485
3539,0.6423043265488708,0.9272989304108713,0.07953535319010906
3540,0.6422770724487752,0.9272992493844521,0.07954535087491854
3541,0.6422638686809709,0.9272764984977229,0.07955118306357604
3542,0.6422486755907937,0.9272566990773801,0.07956503128019156
3543,0.6422569959523955,0.9272745923423482,0.07956557457753731
3544,0.6422756791841003,0.9272877893938732,0.07956801865974455
3545,0.6422830702854986,0.9272878662549771,0.07956773033625854
3546,0.6422448599236195,0.9272695886844898,0.07958090348095241
3547,0.6422996427361084,0.9272794000043918,0.07957641164467888
3548,0.6423264055322402,0.927272371056448,0.07957822028687893
3549,0.6423024734896863,0.9272551387969726,0.0795892670394236
3550,0.6422838144904507,0.9272418994718404,0.07959398891949583
3551,0.6422756205820523,0.9272473181796594,0.07959523828415849
3552,0.6422849055295107,0.9272487093656385,0.07959830757795594
3553,0.642323419715548,0.9272615028963686,0.07959714548079763
3554,0.642333764867105,0.9272658378626236,0.07959764639551214
3555,0.6423375990641892,0.9272742003507187,0.07960142889513523
3556,0.6423268096340633,0.9272739543951866,0.07960751908451962
3557,0.6422714043742671,0.9272699115011259,0.07961832091636463
3558,0.642276484348902,0.927256837427367,0.07962214949223341
3559,0.6422667309771128,0.9273011401676059,0.07962403002412927
3560,0.6422683120619236,0.9273138875816737,0.0796261867690547
3561,0.6422489273609042,0.9273095756737496,0.07963327651694181
3562,0.6422730413794946,0.9273129959928694,0.07963436957744302
3563,0.6422857040060307,0.9273191487242298,0.07963746674082041
3564,0.6422859918502118,0.927317357860511,0.07963898197875902
3565,0.642214351358014,0.9273060093185326,0.07965301211376548
3566,0.6423159544535464,0.9273176960493678,0.07965410136520541
3567,0.6423596448680192,0.9273322458563199,0.079651694719023
3568,0.6423473861604834,0.9273236835293549,0.07965625305737033
3569,0.6423473861604834,0.9273236835293549,0.07965755824566138
3570,0.6423867894607187,0.9273222654419895,0.07965526821994587
3571,0.6423887475376314,0.9273055904255169,0.07965916420257291
3572,0.6423870223277767,0.9273226920211157,0.07965811467929146
3573,0.6424246183362482,0.9273123465165422,0.07965858788552532
3574,0.6424682057280596,0.9273151865343281,0.07965580620721875
3575,0.6423893320684391,0.9272931504558644,0.0796739174588443
3576,0.6423974547951036,0.927306720283743,0.07967456799816719
3577,0.6424310978848056,0.9273074158767325,0.07967390885031037
3578,0.6423866978777919,0.9273194407964243,0.07967626497611588
3579,0.6423767912184699,0.9273300860593027,0.07967783715378453
3580,0.6423863464951787,0.9273188950825872,0.0796786767054374
3581,0.6423865085006515,0.9273100137820414,0.07968468631161915
3582,0.6423818133879743,0.9272747960242733,0.07969949003048628
3583,0.6423592966400005,0.927285406699655,0.07970823783333608
3584,0.6423367980395498,0.9272896571186959,0.07971415643877709
3585,0.6423448452118962,0.9273134571594923,0.07971266878582495
3586,0.6423407554656664,0.9273282644511422,0.07971391987766817
3587,0.6423054535531609,0.9273241139515362,0.07972429375041125
3588,0.6423327697819937,0.9273268924804392,0.07972599126079578
3589,0.6422915098813992,0.9273279723789478,0.07973561555075338
3590,0.6423290741772812,0.9273406967346843,0.07973121978484243
3591,0.6422711890958194,0.9273362503198287,0.07974055334189949
3592,0.6423207733258879,0.9273294711704722,0.0797360980224222
3593,0.6423211470070176,0.9273284143302947,0.07974425211711
3594,0.6423130608424513,0.9273257510930475,0.0797466296443635
3595,0.6422687387585106,0.9272948221848724,0.07976087714545874
3596,0.642301985864512,0.927304164652041,0.07975818215036698
3597,0.6423008629251178,0.9272985960650697,0.07976307787702076
3598,0.6423429231898891,0.9273156630731718,0.07976823086729239
3599,0.6423187123521492,0.9272858063773949,0.07978357083429588
3600,0.6423295863471147,0.9272859485704369,0.07978490769550098
3601,0.6423633454513665,0.9272785237878084,0.07978051205539513
3602,0.6423511677963553,0.9272903334964095,0.07978173754707936
3603,0.6423994173818093,0.92729648622777,0.07978126213335654
3604,0.6424083527108202,0.9273112320305369,0.07978402154284764
3605,0.6423902690069735,0.9273010748356677,0.0797922699594455
3606,0.6423712970903104,0.9272984961456346,0.07979753132719601
3607,0.6423396019871769,0.9273083689544197,0.07980235092606186
3608,0.6423297971366642,0.9273139682858327,0.07980432352784869
3609,0.6423205752087193,0.9272970665291037,0.07981086641541567
3610,0.6422838634800186,0.9272704226274663,0.07982576611065777
3611,0.6422880016947731,0.9272691313609221,0.07982774836333531
3612,0.6422850463112221,0.9272698769136292,0.0798341946971003
3613,0.6423251829971693,0.9272839617109032,0.07982753165959414
3614,0.6423771010824617,0.927294453251574,0.07982094107864991
3615,0.6424019572230327,0.9273107631778036,0.07981960009475267
3616,0.6424172089336816,0.9273098293153922,0.0798208381059752
3617,0.6424228836430498,0.9273022930841631,0.07981788623802931
3618,0.6424173522560341,0.9273089261974224,0.07981940228176117
3619,0.6424078840108846,0.9272940074571719,0.0798245222813845
3620,0.6424267666930095,0.9272900875408774,0.07982728045467408
3621,0.642402308701308,0.9272828011082357,0.07983202938495843
3622,0.6424094628727512,0.9272784008100422,0.07983183092916186
3623,0.6424527255801892,0.9272890845034726,0.07983129744203238
3624,0.6424358861031907,0.9272892074812387,0.07983626781503343
3625,0.6424357836261237,0.9272897224506342,0.07983968233659511
3626,0.6424522234112237,0.9272967552416332,0.07983713639525039
3627,0.642409391128993,0.9272979196873561,0.07985436004304389
3628,0.6423916143336845,0.9273319422549599,0.07985639649158656
3629,0.642408747473346,0.9273404776805385,0.0798550953109906
3630,0.6424192861027939,0.9273501890810055,0.07985482592036501
3631,0.6423880647023238,0.9273390557501179,0.07986760792499115
3632,0.6424372437038051,0.9273433715010971,0.07986562799663541
3633,0.6424763039722701,0.9273504158212618,0.07986321244985871
3634,0.6424441430275891,0.9273451969523128,0.07987077886726614
3635,0.642428484076075,0.9273411771165833,0.0798741838770256
3636,0.6424104078349266,0.9273281068858794,0.07988164108622428
3637,0.6424219765000818,0.9273401318055713,0.07989101583028838
3638,0.6424707431028229,0.9273443668523915,0.07988672070222784
3639,0.6424875660464732,0.9273470646771355,0.07988648765594436
3640,0.6424818573543201,0.9273425490872863,0.0798978006085467
3641,0.6425026449533744,0.9273268463637769,0.07990152256312172
3642,0.6425110850577002,0.9273320537035603,0.079899783983283
3643,0.6426179963908513,0.9273716679164666,0.07988390912194958
3644,0.6426453686404106,0.9273633899755858,0.07988567026544023
3645,0.6426373193655537,0.9273633323297579,0.07989099688669946
3646,0.6426050279392157,0.9273485365672735,0.07989983511097472
3647,0.6426201380927766,0.9273515610517086,0.07990210027375412
3648,0.6426264808872814,0.9273567299609402,0.07990374924887311
3649,0.6426197450594598,0.9273518761822342,0.07990676438609993
3650,0.6426037188996585,0.9273501352782328,0.07991418580535062
3651,0.642594028520448,0.9273476103909726,0.0799202611165202
3652,0.6425276083861298,0.9273206206143678,0.07993842008140668
3653,0.642526339505009,0.9273340290339284,0.07993979946009434
3654,0.6425300317122771,0.9273302474676207,0.0799415760320371
3655,0.642549209933971,0.9273255666263983,0.0799418615860489
3656,0.6425703001100187,0.9273258048958202,0.07994151539551138
3657,0.6424161820900548,0.9273407543805122,0.07999592844787579
3658,0.6424451243232187,0.9273431985636136,0.0799973184285463
3659,0.6424651078062935,0.9273492475324838,0.07999648539906645
3660,0.6424815915307275,0.9273440286635347,0.07999404014550986
3661,0.6424333709531366,0.927311616336056,0.08000827925437884
3662,0.6424365023993341,0.9272982079164954,0.08001165192688083
3663,0.6424332271856102,0.9272909291699641,0.08001425125460461
3664,0.6424399829622832,0.9273018895633681,0.08001422730714013
3665,0.6424181910189457,0.9272944186640774,0.08002070938949433
3666,0.6423924365906541,0.927288450399366,0.08003361540908158
3667,0.6424252447351438,0.9273109207430664,0.08002881997155126
3668,0.6424348356194322,0.9273133802983885,0.0800317926719706
3669,0.6424160957883087,0.9273176460896502,0.08003578433315263
3670,0.6424540839362667,0.9273145524302217,0.08003794290337499
3671,0.6424791754145639,0.9273226497475086,0.08002100804730206
3672,0.642483487793569,0.9272976276151615,0.08003053872144875
3673,0.6424435391412299,0.9272902297339194,0.08003966821575911
3674,0.6424463951163608,0.9273114241832964,0.08005017694249458
3675,0.6425307363343954,0.9273045989172776,0.08004625482618644
3676,0.642515438033397,0.9273146023899391,0.08005706298361259
3677,0.6424105458169634,0.9273146139191047,0.08007560885957249
3678,0.6424374603206429,0.927298342423427,0.08007728554835769
3679,0.6424402136830627,0.9273097370820677,0.08007512012021367
3680,0.6424268509224391,0.9272899069172834,0.08008231689631604
3681,0.6424456636895635,0.9273059747310359,0.08008048226958833
3682,0.6424029316735637,0.9272837926164749,0.08009329706794995
3683,0.6424155846074251,0.92728147909725,0.0800932065715671
3684,0.6423972175519816,0.9272734701702325,0.08009738872807927
3685,0.6423718906461844,0.9273025582549713,0.08011652134995169
3686,0.6423695652607979,0.9272977813373692,0.08011928547204826
3687,0.6423954799476582,0.9273002485788017,0.08011692916303573
3688,0.6424102540937757,0.9272979619609631,0.08011578751949458
3689,0.6423918221215579,0.9272943187446423,0.08012160822312867
3690,0.6423885300104821,0.9272925855267513,0.08012515585411291
3691,0.6423777367096124,0.927296347877783,0.08013283493299864
3692,0.6424238333478698,0.9272722327064611,0.08013860773584727
3693,0.6423762402672123,0.9272974047179605,0.08014821173009469
3694,0.6424252904561193,0.9273031231840844,0.08014961108846447
3695,0.642293498452499,0.9272666449042137,0.08016515085922904
3696,0.6422941000916041,0.9272474257852048,0.08017208169552373
3697,0.6423796657782671,0.9272799188168426,0.08015852657270878
3698,0.6423610035921242,0.9272624213865591,0.08016927827377947
3699,0.6423703802813574,0.9272506770098962,0.08017206643723833
3700,0.6423906292937681,0.927242675768989,0.08017735960348364
3701,0.6423665001673564,0.9272370725945209,0.08017825510611727
3702,0.642379199651856,0.9272183799740731,0.08019096002628465
3703,0.642325168861103,0.927193476976437,0.08020829467707473
3704,0.6423028174883383,0.9271554768467108,0.08022128009643675
3705,0.6422990103705216,0.9271574982937412,0.08022594345739481
3706,0.6423010651536877,0.9271588625783339,0.08022759384210415
3707,0.6422828196440269,0.92716946172455,0.0802277371933952
3708,0.6423339101200054,0.9271836195398727,0.0802210953810631
3709,0.6423231912447596,0.9272006404313126,0.08022795191719355
3710,0.6423134428557981,0.9271927160515092,0.08022963388035614
3711,0.6422730190690278,0.9271664833567771,0.08024572476118227
3712,0.6422526724872649,0.9271696961509166,0.08025122897607377
3713,0.642276005998617,0.9271943993096827,0.08025171695251909
3714,0.6422686613239871,0.9272021776533889,0.08025519945310212
3715,0.6422847799898856,0.9272095102026928,0.08025521068092088
3716,0.6422751185739807,0.9272094756151961,0.08025780307022841
3717,0.6423414990646673,0.9272281413342576,0.08025354140278372
3718,0.6424027937188492,0.927252125841703,0.08024443506300621
3719,0.6424033889923592,0.927247491117143,0.08024484483116652
3720,0.6423959266671856,0.9272390248665577,0.08025353115712827
3721,0.6424263533777754,0.9272385214263278,0.08025351364103092
3722,0.642373500817219,0.9272324955157887,0.08026172468167378
3723,0.6424013401442769,0.927239593638726,0.0802578002262355
3724,0.6423832638828099,0.9272449201132204,0.0802670009630194
3725,0.6423578792006419,0.9272215005348879,0.08027704836519256
3726,0.6423397104285828,0.927219648182286,0.0802807669939637
3727,0.6423250244777103,0.9271791615958515,0.08029343234934384
3728,0.6423008746531357,0.9271737890046947,0.08030013786726474
3729,0.6423289165193914,0.9271833120954575,0.08030731616736025
3730,0.6423423918473389,0.9271897069392948,0.08030328684604934
3731,0.6423872338200262,0.927195894258152,0.08030315659032636
3732,0.6423869557079641,0.9271894571407074,0.08030681239431459
3733,0.6423892393698645,0.9271879276047416,0.08031011594096803
3734,0.6424173547323175,0.9272152440410374,0.08031079155689856
3735,0.642368673283068,0.9272075848320422,0.08032472292001523
3736,0.6423236540726835,0.9271895532170872,0.0803322326257408
3737,0.6423157662529104,0.9271881812463841,0.08034044798324302
3738,0.6423018053193117,0.9271829892788214,0.08034442536424477
3739,0.6422884932911351,0.9271612183711658,0.08035128533257811
3740,0.6422934559100956,0.9271742386421521,0.08035137704610644
3741,0.6423161055486557,0.9271799417360551,0.0803516045265071
3742,0.6423055562583448,0.9271736621838734,0.08035710358178191
3743,0.6423101132163807,0.9271655187499243,0.08036238477251303
3744,0.6423172135965017,0.9271356543680369,0.08037106838891162
3745,0.6423732204313778,0.927169038988479,0.08036499902530626
3746,0.6423759978303359,0.927161322133656,0.08037053460517986
3747,0.6423850446339737,0.9271832544496296,0.08036995182235317
3748,0.6423731026681779,0.927206674027962,0.08037255809384093
3749,0.6423858589330945,0.9272195021461888,0.08037206232507267
3750,0.6424066855915733,0.92722446353044,0.0803745692063288
3751,0.6424045098835762,0.9272124924135208,0.08037920353388432
3752,0.6423787528840983,0.9271890305615813,0.08038952978096953
3753,0.6423436758496728,0.9272078692181264,0.0803915975643831
3754,0.6423462708815364,0.9272173461922267,0.08039135104132375
3755,0.6423808605532672,0.9272063857988228,0.08039298533880251
3756,0.6424099137997705,0.9272121273232777,0.08039148172881534
3757,0.6424067440172189,0.9271998679772192,0.0803958318125575
3758,0.642400881951139,0.9271925930737431,0.08039782253182477
3759,0.6424365799265059,0.9272005136104913,0.08039518107367032
3760,0.6424634316460889,0.9272244942748815,0.08039094916114152
3761,0.6424426916061717,0.9272009286604519,0.08040725195053453
3762,0.6423739757832627,0.9272003214577317,0.08042272254738508
3763,0.6423691032880184,0.9271998487619433,0.08042291807398344
3764,0.6423906638272915,0.9272022737297686,0.08042052168389664
3765,0.6424952212840833,0.927227303548226,0.08042117978256018
3766,0.6424965443965835,0.9272228302319839,0.0804231576508057
3767,0.642484119517093,0.9272232030083375,0.08043077562064656
3768,0.6425230949327165,0.9272399049261965,0.0804269659910418
3769,0.6425178440042758,0.9272143524522332,0.0804351806902591
3770,0.6424790072648948,0.927202242985327,0.08044583356149287
3771,0.6424205032736932,0.927184933864748,0.08045921645344238
3772,0.6424044042897098,0.9271809985762326,0.08046655157458314
3773,0.6423521648999009,0.927169138907914,0.08047685826194738
3774,0.6423420598862591,0.9271498313986356,0.08048396298973745
3775,0.6423462700416328,0.92714468170468,0.08048991860409223
3776,0.6423155158371329,0.927126369546696,0.08050248922398934
3777,0.6423472179864611,0.9271339672668082,0.0805032152557231
3778,0.6423055479288704,0.9271323570266833,0.08051198998980459
3779,0.6422778079518,0.927127999002097,0.08051851559237914
3780,0.642289529265926,0.9271306430240681,0.08051885189698621
3781,0.6423064402523224,0.9271115122953286,0.0805302616532621
3782,0.6423089033719449,0.9271171769586798,0.0805159082850041
3783,0.6422985525090695,0.927109102699724,0.08051275576977575
3784,0.6423469847658919,0.9271238600316565,0.08050778015228913
3785,0.6423729753294745,0.9271295093227869,0.08050682486618636
3786,0.6423641206002687,0.9271321610308685,0.08050829400304046
3787,0.6423757835442945,0.9271257508148103,0.0805060543914667
3788,0.6423521963513897,0.9271312425406779,0.08050955404139352
3789,0.6423648762153173,0.9271229953442386,0.08051389492961436
3790,0.6423413289804507,0.927115551346334,0.08052286037638677
3791,0.6423386524804846,0.9270869551726597,0.0805347617198749
3792,0.6423659944691631,0.927100701781077,0.08053561135713977
3793,0.6423377889626719,0.9271116506453154,0.08054139011020779
3794,0.6423216587216107,0.9270895108043615,0.08055338884282705
3795,0.6423485551529419,0.9271101941273981,0.08055138925791308
3796,0.6423401485479062,0.9271207510000071,0.08055464587203767
3797,0.6422811109478596,0.9271082687567476,0.08057171846766649
3798,0.6422888261023418,0.9271098905260381,0.08056919493421216
3799,0.6422887233600031,0.9271170155503617,0.08062634514187808
3800,0.6423018064070808,0.9271263541744753,0.08062575432000865
3801,0.6423283031845741,0.9271447316643975,0.0806311529814001
3802,0.6422871255853684,0.9271392053510331,0.08064086393637579
3803,0.6422779817500052,0.9271096215121747,0.08065082690486186
3804,0.6423244076981077,0.9270991953034422,0.08062873383913989
3805,0.6423168801216377,0.9270981768938167,0.08063314616417212
3806,0.6422799591075601,0.9270919665166284,0.08063745904042137
3807,0.6422732744842801,0.9271020391642834,0.08064135764317994
3808,0.6422803332427784,0.927106524009691,0.08064515657961645
3809,0.6423348239865669,0.9271152439019188,0.08067368506133982
3810,0.6423282439117878,0.9271174382864327,0.08067713139288984
3811,0.6423192330396403,0.9271184528530031,0.08067808666179954
3812,0.6423132834974568,0.927109686844113,0.08068075172189665
3813,0.6423189741278142,0.9271156128352172,0.08068135597499633
3814,0.6423345113908986,0.927120766372228,0.08068427329663527
3815,0.6423741489317935,0.9271358465207964,0.08067880946100783
3816,0.6423544050344875,0.9271415150272028,0.08068653337870825
3817,0.6423566133655118,0.9271368226568149,0.08069005781506668
3818,0.6423317388614,0.9271367919123734,0.08069777794320443
3819,0.6423254438783041,0.9271453926698903,0.08070438242538744
3820,0.6423076542452559,0.9271352008875244,0.0807117122985217
3821,0.6423404611889336,0.9271642313264353,0.08070737907181946
3822,0.642325174263909,0.9271663450067903,0.08071201014403334
3823,0.642287703530492,0.9271704993494515,0.08072061988958001
3824,0.6423054186091884,0.9271740618616133,0.08072942880380847
3825,0.6423042128170598,0.9271837425176388,0.08073397065327209
3826,0.6423220167039351,0.9271850606855693,0.0807398225471273
3827,0.6423431035942072,0.9271958673567656,0.08074247646852485
3828,0.6423384699394593,0.9271952678401558,0.08074703119181809
3829,0.6423336576605788,0.9271875279270017,0.08075554294523506
3830,0.6423261991490031,0.9272013513965228,0.08075537028513054
3831,0.6423530727810713,0.9272208549016159,0.08075298684552479
3832,0.6423747733752182,0.92722295320975,0.08075342383377483
3833,0.6424175459657648,0.9272317307478057,0.08075048860464917
3834,0.6424209870341983,0.9272300628618529,0.08075242588401822
3835,0.6424427418425485,0.9271983768718052,0.08076407310879989
3836,0.6424582382437976,0.927187312715911,0.08077278208410014
3837,0.6424779708699496,0.9271888076643802,0.08077354901541192
3838,0.6424927859651255,0.9272036303282509,0.08077253590195833
3839,0.6424716411725927,0.9272056210308398,0.08078141178606646
3840,0.6424176748656159,0.927190294926739,0.08080185128705823
3841,0.6424352613903519,0.9271947029110428,0.08080256735744612
3842,0.6424260094653479,0.9271919589696366,0.08080805488817548
3843,0.6424239380658876,0.9271799724804967,0.08080938608744745
3844,0.642446173762693,0.9271859176868767,0.08081472922931636
