iteration,validation_average_precision,validation_auc,validation_binary_logloss
1,0.31305791978779285,0.8389931563564913,0.14022630146068762
2,0.3589184312956382,0.8524587778720172,0.13841513300781433
3,0.37996573277647094,0.8592389321874389,0.13874391104042694
4,0.3909745276766543,0.8627029237863972,0.1404371962851052
5,0.39637780552760793,0.8680107171894993,0.14238588872760277
6,0.39489507402932883,0.8689200282427664,0.14520530503912635
7,0.3977620058281443,0.8701000671620012,0.14822884075470294
8,0.4004000441224682,0.8724836606551829,0.15150330166854897
9,0.40790374022737463,0.8740680543124233,0.15458211647326484
10,0.4102856076617181,0.8758372182201798,0.15792550331069377
11,0.41328434579689,0.8777556540776557,0.1615506530023403
12,0.4139409861604466,0.8787344360396059,0.16518843831356092
13,0.41534301047909317,0.8796365010123107,0.16843125626930333
14,0.41898684602304614,0.880346868627518,0.1723450001897674
15,0.4201805517557134,0.8810029012069107,0.17599176111610462
16,0.4219763449399784,0.8814798743158007,0.17920551644601795
17,0.4252553312391045,0.8823458088051297,0.1827293579653561
18,0.42577882515735094,0.8833796886493497,0.1858026694021595
19,0.4266862593000376,0.8843535342069074,0.1888520443864642
20,0.4273628467129642,0.8847406067257201,0.19222319689268347
21,0.42885034301908864,0.8853785462012749,0.19555696807670134
22,0.42975565051161335,0.8862113977499941,0.1982781509904849
23,0.43227434397318526,0.886741887323943,0.2013094777366114
24,0.4340715548114335,0.8872884427901168,0.20446236834650133
25,0.43402956003456866,0.887854761167609,0.20725649017355519
26,0.4348075292398378,0.8882271609017034,0.20987521484764607
27,0.4355127154157197,0.888649408904677,0.21275897391132
28,0.43764364487270513,0.8892336666637998,0.21546378505455713
29,0.43831248150214114,0.8897844879212352,0.21821242978764005
30,0.43850691688828514,0.8900239717485022,0.22098061431889007
31,0.43863245520225685,0.8899999276737013,0.22371113502464746
32,0.43897665880591896,0.8905403822897597,0.2260643186763041
33,0.43985717202768965,0.8911146019887242,0.22868931787451224
34,0.43974503198961995,0.8914430371714364,0.23119603978028605
35,0.43985983833190345,0.8917058790881528,0.2338223905189605
36,0.4408807254458757,0.8921553128635458,0.23636186340226617
37,0.44187569065061116,0.892583765479125,0.23862789700744375
38,0.44303938328808495,0.892678867644403,0.24076639442646935
39,0.44536041755304007,0.8929704363986702,0.24321315998568674
40,0.446236219209321,0.8931043937734543,0.2454499094232903
41,0.44705357309296856,0.8934089020945488,0.24762171132160624
42,0.4470003418169215,0.8934616364978764,0.2500808166926687
43,0.4473416709510783,0.8935509337282888,0.2522784421113094
44,0.44798250571819154,0.8938584453970149,0.25429480931736337
45,0.4481228172651606,0.8941293212206075,0.2560641118365745
46,0.4482630238863655,0.8941872130040011,0.2579985363259692
47,0.4484061267745914,0.8944610864106425,0.2597817614211099
48,0.44913719908042,0.8948104796948374,0.2616449599198607
49,0.4497715580733905,0.8951429577716102,0.26325589076739175
50,0.4514051666688992,0.8953345840325868,0.264796608517453
51,0.4512700805763173,0.8956689990091758,0.2663223613254935
52,0.45064704308137127,0.8958227269813888,0.26820128522636183
53,0.45134698276552754,0.896170081524805,0.26982050503061644
54,0.4508517056198503,0.8961757077576042,0.2715169869324597
55,0.4514269517446089,0.8964418854462263,0.27273555706481584
56,0.4515119110935163,0.8967701380838169,0.27397153719156553
57,0.4527579976923237,0.8968333448125392,0.2754848503773748
58,0.45344480493717715,0.8969545413225624,0.276707411686039
59,0.4542285275739709,0.8973130311183939,0.27767189854155644
60,0.45480887212679294,0.8974787705596055,0.2788663064713108
61,0.4559783417316862,0.8978598728921794,0.27973104561388673
62,0.4562307580195269,0.898061656348025,0.2808111971528828
63,0.4565797083199682,0.898303344167444,0.281903015658335
64,0.4570619065224737,0.8985204652565559,0.2827553115490733
65,0.4574629636549109,0.898795266761026,0.2834813828949424
66,0.45776431125505973,0.8989906284716479,0.28447606621450494
67,0.45891110522460105,0.8992470313493922,0.2853458180396652
68,0.4593804598619481,0.8994314730186896,0.28615483584776363
69,0.4596238849944179,0.8995733163427252,0.28727137256755053
70,0.460248211738048,0.899858570957314,0.28770771576066667
71,0.4607012913712602,0.9000325729671858,0.2886663231275626
72,0.46129332062337575,0.9002421597465963,0.2896682609298591
73,0.4625694663017586,0.9004962318113674,0.2905376460900199
74,0.46270155874511415,0.9006307272138783,0.29138700048525557
75,0.4628586199071896,0.9009555614538767,0.2921879024106259
76,0.4631186944861427,0.9011104865377815,0.29273735191731864
77,0.4637182304311419,0.9012063015897974,0.29365961226653753
78,0.4645276257110074,0.9015012695263809,0.2944247853988816
79,0.46435578116175175,0.9014958008588444,0.2949389288813507
80,0.46516505269776626,0.9017197818014719,0.29534378208406536
81,0.4658884152740503,0.9019690423611442,0.29561324145973944
82,0.46589873901578427,0.9020630896077724,0.2961375550059738
83,0.4659550368856291,0.9022130091122912,0.2965974774186126
84,0.4665489578400278,0.9024759048317803,0.297046447583393
85,0.4669216219378295,0.9027045781447957,0.29758874230893967
86,0.46714494131196516,0.9030325252594986,0.2980964532771983
87,0.46740982460784014,0.9030982318956225,0.2986841190881386
88,0.4674984248989033,0.9032751853718808,0.2989026862623318
89,0.46738491889907297,0.9033571923265963,0.29909847101393267
90,0.4684131849623716,0.9036452600575848,0.29941069207101645
91,0.469522708009437,0.9038049889604781,0.29982317708735196
92,0.4698818030453658,0.9038552157702936,0.3000481533444926
93,0.47044195686543133,0.9040651388170333,0.3004242074577479
94,0.4704158440560097,0.9041892675781671,0.3006530987148458
95,0.4709424214090902,0.9043603700028975,0.30070273227964084
96,0.4711521821261876,0.9044403305307238,0.30084385733276403
97,0.4712685457178401,0.9046726374524221,0.3005104652019813
98,0.47261568319493974,0.9047012528413725,0.3009661882036506
99,0.47283221054071223,0.9047792207450824,0.3009267688614223
100,0.4745029718701286,0.9049678340507895,0.30086145408392834
101,0.4749048491665418,0.9050626172424866,0.301163060815439
102,0.4751242577594713,0.9051666621971934,0.30131982973609833
103,0.47546104337350803,0.9052244867271212,0.3015615341979686
104,0.4758801166392642,0.9053353819277056,0.3016810173985884
105,0.47628239139446626,0.9054326650268043,0.301716250868005
106,0.476426133202338,0.905490541437977,0.3018264245809717
107,0.47675045265673455,0.9055430356503551,0.30180116833421455
108,0.4767620833897972,0.9055744045883496,0.301868810280826
109,0.47732214213329266,0.9057444175069334,0.3017038502314897
110,0.47751434120585057,0.9057707635717936,0.3024691863349631
111,0.4785577299000485,0.9059319951092665,0.3022095393425005
112,0.47963734992728896,0.9061644307733137,0.30210718505687933
113,0.48021915435362766,0.906201005129564,0.302117547411522
114,0.48065376925943815,0.9063930541266115,0.3019076365627363
115,0.4811211438510481,0.9064423566816537,0.3017667197343712
116,0.4817577886686212,0.9066009096096587,0.30179378411474955
117,0.4821772125828026,0.9066377933318519,0.30184121099262273
118,0.48282275042780454,0.9067057001170725,0.30170380866715957
119,0.4832076744419479,0.9067484694782905,0.30153467752866714
120,0.4834548567505007,0.9067765122520174,0.30163614207848904
121,0.48380165025704014,0.9069303286144996,0.30138129365660776
122,0.48400932009366787,0.9070450783994404,0.3010889086178551
123,0.4865860577959457,0.9070796774253227,0.3012106522629031
124,0.4870359986821009,0.9071005298427878,0.3012169045783067
125,0.48732145953409806,0.9071317316078815,0.3010027263934313
126,0.48806660486006814,0.9073592481612844,0.30071979120187137
127,0.4885955534930346,0.9074644479540762,0.30050436457425583
128,0.48949065961842797,0.9076953925127094,0.3001542538907047
129,0.4895126171133114,0.9076616543311897,0.30002557400551966
130,0.4918698060009703,0.9078152381888329,0.2999028942371274
131,0.4919798526188429,0.9077940322102904,0.2996456103541347
132,0.49203519774564497,0.9077819957614329,0.29985417931928454
133,0.4921413143007432,0.9078412748877503,0.29951549390478543
134,0.4876017043292194,0.9078828260004728,0.2992194317813103
135,0.4881633904763733,0.907979655619059,0.2991365222500584
136,0.48996692126855357,0.9081926838543928,0.2986870180197211
137,0.4905203530333772,0.9082329321714055,0.2985678962501029
138,0.490821376818062,0.9083190242937889,0.2984172002667652
139,0.49153708680726477,0.9084053162550421,0.2982607696076696
140,0.4920258196994581,0.9085080949230635,0.29801858214289584
141,0.4953210810200869,0.9085631217088124,0.29775070623069405
142,0.49546933216927763,0.9086306211301828,0.2974803195076755
143,0.4962646816303505,0.9086332420938228,0.2971515709792206
144,0.4959761543825245,0.9086670033336736,0.296859129097448
145,0.49609939035126904,0.9087315897192094,0.2964858951726662
146,0.49621638421675374,0.9088624111609579,0.29236126270015345
147,0.4963800389365701,0.908915057174016,0.2920286869237699
148,0.4985511726854424,0.9090483420141416,0.29164320801119575
149,0.5005709649763636,0.9092210527574693,0.29117034040301815
150,0.5007343690368004,0.9093439844069112,0.2908651869167884
151,0.5008114590826674,0.9093423472653999,0.290544410221955
152,0.5006895544979466,0.9093916037037798,0.29069330620117256
153,0.5010403961788839,0.9095244043189514,0.2903786773817107
154,0.5023062446201461,0.9095452913239133,0.28997529866895766
155,0.5025855881241917,0.909629196747893,0.2896400308316174
156,0.5021919575565531,0.9096159074630433,0.28931829388528074
157,0.5037702341988652,0.9096767218899094,0.2890784997598623
158,0.5052706870786398,0.9098964312766924,0.2884884809332264
159,0.5052686968827281,0.909914474420813,0.28812286177961016
160,0.505613910530991,0.90997193193897,0.287999714342821
161,0.5059782535187961,0.9100873042988515,0.2876911418709433
162,0.5061687561533842,0.9102064735972616,0.2872322590413086
163,0.5065682599842448,0.9102640771515158,0.2867543086966162
164,0.5070397680598956,0.910256264220313,0.28648548984097766
165,0.5074019355663362,0.9103000481481013,0.28622097514285577
166,0.5075745348518261,0.9103846568511809,0.28577540880917035
167,0.5080546123994962,0.9105498505785554,0.2854393829552406
168,0.5083192555226451,0.9105070235715097,0.28564434035826564
169,0.508889801947879,0.9105849492016126,0.28533526452049135
170,0.5092532367403836,0.910591182637132,0.28510910410834894
171,0.5096327748117145,0.9106968051659946,0.28477111324944354
172,0.5098847398967892,0.9106902604430048,0.28480663969736714
173,0.5103282089713473,0.9107691084063535,0.2844045454755745
174,0.5106133684969038,0.9108361812485977,0.284093534352818
175,0.5104860550522529,0.9109627676435259,0.2835806331162533
176,0.511163928866223,0.9109682555263383,0.28336237396511926
177,0.5126856223055771,0.9110247830251391,0.28320852740857666
178,0.5133205271231531,0.911013015590145,0.28299465305481114
179,0.5133959285074572,0.9111520265825049,0.2827725792420382
180,0.5139160078499969,0.9111924343863081,0.2823893339675427
181,0.5141449429892908,0.9112998247205586,0.28206318984336304
182,0.5147280467624045,0.9114986182794659,0.2786460025354846
183,0.5155048985025288,0.9116654645205724,0.2783297226167585
184,0.5155483235075882,0.9116605684682594,0.2779978669833846
185,0.5155904079504573,0.9116725165268474,0.27773076702457944
186,0.5155016908492897,0.9117154357672178,0.27750040933248016
187,0.5158496610845572,0.9117312153518311,0.27716001373913246
188,0.5159339148901763,0.9117264999231119,0.2768402021657464
189,0.5159387857872291,0.9118586549050116,0.27651644445061063
190,0.5172523633307732,0.911947206582717,0.2762350032330873
191,0.5178979025644881,0.912121254709251,0.2757618514947481
192,0.5181112363803072,0.912164308456553,0.27539280839914804
193,0.5184629372090612,0.9122030925695381,0.2750861429822192
194,0.5182423246645264,0.9122359276330879,0.27491580451767106
195,0.5187690037456671,0.9123369231235009,0.27456866905180094
196,0.5189075508329826,0.912335635700012,0.2744324928452752
197,0.5193521773703454,0.9124542362262539,0.27403746344830415
198,0.51954318206724,0.9124892157146001,0.2735964359376267
199,0.5195335923177918,0.9125599471453859,0.2734778638166683
200,0.5195310145408047,0.9125933356088832,0.2733462260608104
201,0.5192320044441207,0.9125964561696981,0.2730452708710616
202,0.5199262189649554,0.9126262552196471,0.2727790697794686
203,0.5202445393537216,0.9126586829193467,0.2726128180641415
204,0.5202839801612454,0.9127072130202956,0.27230412365284323
205,0.5202943597235296,0.9127152757500858,0.2725471177909242
206,0.5202284533523854,0.9127189420247378,0.27228370868420865
207,0.5201888406407306,0.912770704135102,0.2721460969440903
208,0.5213934150313914,0.9127870947654906,0.2716350417137747
209,0.5214616923011872,0.9129003457589069,0.27156468775608017
210,0.5226319410055903,0.912915598844959,0.27104234949784056
211,0.522562445985238,0.9128433686226488,0.27079377904948493
212,0.5236749994537613,0.9128486489804809,0.27055900361274243
213,0.5242194763577895,0.912971042602196,0.27035270214483176
214,0.5244183945196743,0.9129926021418161,0.27009875587243587
215,0.5247369898000908,0.913052776699993,0.2700074571605131
216,0.5256132734299723,0.9131141464483341,0.2697049087783608
217,0.5262972993986329,0.9131258908249971,0.26942123375399485
218,0.5266130196341209,0.9130819570180564,0.26893980287258545
219,0.5264425168067901,0.9131137506136494,0.2686234407947
220,0.5270239957850766,0.9132005498581878,0.26813234280706877
221,0.5271366109359914,0.9132767614856756,0.2674777070448037
222,0.5272143081898332,0.9132827143781661,0.2673137459397941
223,0.5275105843250917,0.9133138162238249,0.2670453819056793
224,0.528061852092839,0.9133496334982028,0.2668329457448498
225,0.5289331962219727,0.913340633062946,0.2668098687541647
226,0.5290380158923904,0.9132986592141525,0.26641802014182614
227,0.5290099654236764,0.913325422250501,0.26623697618642783
228,0.5288392710538458,0.9132985631377728,0.26605063605850054
229,0.528956133411526,0.9132701860182443,0.26582745957015824
230,0.5286961015345826,0.913221386903432,0.26580884982973074
231,0.5290786433287992,0.9132390803295303,0.2648026198297761
232,0.5292539246215383,0.9132087778393512,0.2646919011086465
233,0.5297222465164388,0.9133274091100346,0.2642555940357729
234,0.5298203046473416,0.9133129707516829,0.26406172073182005
235,0.5300740798658681,0.9133410481129066,0.26383261957627424
236,0.5302923727229127,0.9133181819345216,0.26366563167020085
237,0.5306144949586268,0.9133665852146491,0.26331484837823754
238,0.530864795419929,0.9134328779166896,0.26294642836162296
239,0.531071381808155,0.9135030021447553,0.26239308150432805
240,0.5313322017049616,0.913461454875088,0.2622563817224794
241,0.5315794837953798,0.9135643449917101,0.2617714173669983
242,0.5316616923606635,0.9135395534426746,0.2614753412687268
243,0.5317587723315944,0.9136273979982248,0.2610885507449422
244,0.5318723714405327,0.913626214337226,0.2609129708790547
245,0.5318764415860253,0.9136210454279945,0.260689515902818
246,0.5320030184014382,0.9136429431564714,0.260433485972412
247,0.5320531463663495,0.9136050314170147,0.26027805885884825
248,0.5321130710171247,0.9136049929864627,0.26018185723119974
249,0.5324106325298217,0.9136730573369461,0.2598659235830779
250,0.5324666735149234,0.9136848363011058,0.25974140173491195
251,0.5329357098949675,0.91370234910361,0.25950021279473345
252,0.5330745655365928,0.9136999126066191,0.2592425323304952
253,0.5333062920799746,0.9137350266018971,0.2589199805667139
254,0.5335578657073241,0.9137751019814262,0.25869062751366584
255,0.5337983999404039,0.9137456718647754,0.2582485286233723
256,0.533947239278818,0.9137041553395497,0.2579429311441783
257,0.534136002834031,0.913630987411773,0.25771573202210407
258,0.5344682054907609,0.9136766044768873,0.2574620078449155
259,0.534589527342555,0.9136290043952945,0.25739655840622705
260,0.5346326883737857,0.9135824918983209,0.2571337468297367
261,0.534828495407856,0.913558580408924,0.25690000391864487
262,0.5349765866436758,0.913534968677832,0.25674232888627513
263,0.5352191253492224,0.9135283893673454,0.2568166375614749
264,0.5357228867290988,0.9136157035812793,0.2562526508790963
265,0.5358228355018282,0.913612513845471,0.2561043549520858
266,0.5359189418729516,0.9136618279296788,0.2557933689781385
267,0.5359560093179064,0.9135997433730721,0.2556632671472048
268,0.5360619566328017,0.9136095777513052,0.25545427660459763
269,0.5362263772721819,0.9136031483199711,0.255290459699953
270,0.5363683063182493,0.9136534692846389,0.25492845717824675
271,0.5365296181548443,0.9137226173766861,0.25462505288208687
272,0.5367438327379196,0.9137750174342121,0.25439786436088363
273,0.5370109765396793,0.9138540613933754,0.25409102358148156
274,0.5369296012179456,0.9139732383778959,0.24993431041913602
275,0.5370213961702076,0.9139588730375928,0.24964880999851397
276,0.5371722985069431,0.9139772582136254,0.24957805454135362
277,0.5370845809793702,0.913962762209446,0.24928603414613754
278,0.5369281777609388,0.9139622357108848,0.2490032118180658
279,0.5372624299734884,0.9139489156815936,0.248431492536032
280,0.5372379010585641,0.9139363988508373,0.24835231591328155
281,0.5373858134185606,0.913896461821295,0.24815294293296486
282,0.5379183872606556,0.9139527395215085,0.24774557752071863
283,0.5378834273625855,0.9139368638605154,0.24769018218684077
284,0.5379062086375214,0.9139583004223695,0.2474222912621015
285,0.5379939850459994,0.9139972267283966,0.2471516084942101
286,0.5388296331178213,0.9140067882497112,0.24685305878089683
287,0.5390684791790188,0.9140403919242991,0.24639295935624597
288,0.5392613505838602,0.9140718396449251,0.24605581802064663
289,0.5395558162048251,0.9140617170375526,0.24577290500483853
290,0.5397739914905302,0.9140733192211735,0.2455935141519542
291,0.5399868977419683,0.9141324177238969,0.24537304562489687
292,0.5401860079175504,0.9141909512975073,0.24525087808870216
293,0.5405391014947495,0.914237786611117,0.24491348979141242
294,0.5404618522665413,0.9141786842653384,0.24476899884440662
295,0.5406798251558603,0.9141546075245683,0.2444669139510199
296,0.5409902321887818,0.9141109004578839,0.24423884913186628
297,0.5411989122382108,0.9142014966409507,0.24390922178377583
298,0.5413147214124796,0.914176378432224,0.24360002631306032
299,0.5417566998572513,0.9143076072378226,0.24328758056262578
300,0.5417582080556043,0.9143001786121389,0.2431174998581617
301,0.5417300227022829,0.9143106240361474,0.242988891654205
302,0.5418664569344759,0.9143162617981122,0.24274806555339354
303,0.5420371830902169,0.914399905894339,0.2424560333147952
304,0.5422519153257913,0.9144309616233354,0.24219919856233432
305,0.5426036229840353,0.9145122998864477,0.24155913196468204
306,0.5434684584421349,0.9148073927223249,0.23906888204120977
307,0.5439527735208789,0.9148527907332933,0.23831676618681244
308,0.5438175044834667,0.9148290675536007,0.23816893464956548
309,0.5438964357105611,0.9147846802661476,0.23811295268368132
310,0.5437666998125255,0.9147106668662288,0.23804585737277428
311,0.5441641346612008,0.9147010438560312,0.2377148870013438
312,0.5446125706545016,0.9146606725612523,0.2374665280679504
313,0.5448727456083803,0.9147072350179435,0.23720731990715654
314,0.5447345897584642,0.9147044795473718,0.2369661903405422
315,0.5443694760830641,0.9147763408363836,0.23266728876433618
316,0.5444052853777239,0.9148181225324175,0.23252273117709255
317,0.5444281498284765,0.9146907559972856,0.23236033473130147
318,0.5446235833956181,0.914758881836652,0.2320618220913367
319,0.5447399836086078,0.914874646188163,0.23163910343899505
320,0.5448953214809463,0.914905690387994,0.23152474871597242
321,0.5451280072909944,0.9148765907740897,0.2314641314536412
322,0.545112712380941,0.9149039879145445,0.23122061511465927
323,0.5452198383319966,0.9149598544078524,0.2308767234371009
324,0.5451986157382658,0.9149079962211084,0.23043178829136768
325,0.5456016361574,0.9150691816419191,0.22994935696963895
326,0.5458383157472508,0.9150839274446859,0.2297530544851052
327,0.5455529205829391,0.9150256167682767,0.22951990098975056
328,0.5456654049047577,0.9150172485155988,0.22932682923775735
329,0.545595283081222,0.9150491881472892,0.22907057222535754
330,0.5457813392280102,0.9150602446170729,0.22884304798692234
331,0.545924852479584,0.91498947091268,0.22868863629802388
332,0.5459858973034235,0.9150279936979121,0.22845684474773345
333,0.5463276991083095,0.9150946015304783,0.2280840857422001
334,0.5463613226877949,0.9151882952160288,0.22778838425586218
335,0.5466229159428442,0.9151900361200302,0.22762138559365355
336,0.5469045718757765,0.9152523013002308,0.22741702640801123
337,0.5469936393212209,0.9153515328283113,0.22736015134951754
338,0.5469760753092519,0.9153378438657218,0.22693544370570898
339,0.5470818119560523,0.9153244623475476,0.22689660605907153
340,0.5472614148564892,0.9153903553718483,0.22663071807235355
341,0.5473665738090641,0.9154179062345108,0.22656361464096428
342,0.5473455036381001,0.915419239774662,0.22641724372916103
343,0.5476530324430596,0.915330714998343,0.2259748940327281
344,0.5479331645951327,0.9153516903935741,0.2257615235988616
345,0.5479472611107243,0.9153337356397229,0.225612618433759
346,0.5481599284495886,0.9154352806870282,0.22531241141543326
347,0.5482280332115392,0.9154705484045137,0.22524696533739835
348,0.5484564647005691,0.9155774429846446,0.22495918757840644
349,0.5484564647005691,0.9155774429846446,0.22221688533902717
350,0.548438588780231,0.9156336899404164,0.2221002118471156
351,0.5489828623697182,0.9157874198341569,0.2211833146360576
352,0.5494145256321898,0.9157773087559501,0.22109930506440528
353,0.5494122728019283,0.9157581780272105,0.220981175689573
354,0.5497999060009117,0.9158444008134703,0.22090203932148128
355,0.5496814781182587,0.9158312152911108,0.22089856282548734
356,0.5500348916663422,0.9158042601020029,0.22035626788297696
357,0.5501179129420349,0.9158322490729571,0.2200989125893798
358,0.5501796538316459,0.9157704258441034,0.2199445608285113
359,0.550342370099538,0.9157069693167937,0.2197095831646633
360,0.5501319283593236,0.9156782693806291,0.21960349767796378
361,0.5502674182275021,0.9156619440821788,0.2194274174050028
362,0.550515443913711,0.9156505148360415,0.21933868256463585
363,0.5504676678135254,0.9156924271959519,0.2192272157577224
364,0.550624000215418,0.9157148591091003,0.21917415264764387
365,0.5507618256418011,0.9156840608648016,0.21904678093963292
366,0.5509140606452563,0.9156811785734086,0.21873996044401436
367,0.5513630689099682,0.9157420141370782,0.21845269094999878
368,0.5513634673173309,0.9156744685990456,0.21822266763939832
369,0.5516888802960345,0.9156967314177655,0.2179527233068421
370,0.5517750191930261,0.915705908633561,0.21787161900689866
371,0.5518677298727365,0.9157653453251413,0.21757523036603704
372,0.5519260144682011,0.915842340935888,0.21493703640189213
373,0.552078481356562,0.9158961975113312,0.21476576746237863
374,0.5520481773515513,0.915890190816068,0.21448746703682908
375,0.5522699490624265,0.9159674631267886,0.21455097227906986
376,0.552321656264844,0.9160019468610152,0.21429211365305406
377,0.5525263068095966,0.9159653994061512,0.21413163927611342
378,0.5525956649968359,0.9159797532172886,0.21155545018154442
379,0.5531127275646934,0.9160407963059385,0.21138766412774454
380,0.5534064712985247,0.9160401160851698,0.21108612216382255
381,0.5535612775241615,0.91597867331878,0.21098741696663395
382,0.5538778259164667,0.9160777203802113,0.21086352326822885
383,0.5541523516513355,0.9160919627427482,0.2107990619903925
384,0.5541347728905152,0.9160738158361375,0.2107221867587263
385,0.5542246681073533,0.9161115623242211,0.21056601802624939
386,0.554065305924518,0.9160293939611875,0.21047957278600216
387,0.5540260052670645,0.9160466300637181,0.21035088239677602
388,0.5542214840113717,0.9161748343848817,0.21009878200277393
389,0.5544066466908248,0.9161520450676005,0.20990785716905344
390,0.5545512259109336,0.9161801954468727,0.20974011868557654
391,0.5548515402975339,0.9162990111842052,0.20940430848802388
392,0.554688920293377,0.9164033424465239,0.20674274684412933
393,0.5547118623682411,0.9164139877094022,0.20668307684174214
394,0.5550040330412298,0.9165207170381598,0.20653833900707846
395,0.5550311315399896,0.9165182997564448,0.20636200346061986
396,0.5549341801849139,0.9164970707195711,0.2057514349727453
397,0.5548933380781736,0.9164602388786229,0.20565198716743868
398,0.5552398261806345,0.9164510462906067,0.2055185711409515
399,0.5553282282889795,0.9164678442848454,0.20529576922348577
400,0.555766195788487,0.9165155289136523,0.20498141763202624
401,0.555954356181698,0.916552956428155,0.2047813552117071
402,0.5560729095981506,0.9165507927880827,0.20459822428243776
403,0.5560345597909705,0.9165663033588325,0.20437737624940971
404,0.5561378101592085,0.916638537424198,0.20414952372322284
405,0.5561601108585783,0.9166465117637188,0.20390911862520505
406,0.5560115356558599,0.916613296237705,0.2037317983511202
407,0.5562483387411272,0.9166762570108952,0.20354496681322307
408,0.5564894088588132,0.9166654503396988,0.200009195454876
409,0.5565371550313558,0.9166456931929632,0.1999873930216075
410,0.5567106543990598,0.9166076469465747,0.19983844226688077
411,0.556670450417436,0.9166112248309572,0.19978371480661095
412,0.5567148830792196,0.9165486329910655,0.19970400534359356
413,0.5566951762980362,0.9165791161048386,0.1994926503034537
414,0.5568272343472211,0.916483931313874,0.19942400742241329
415,0.5570550116801087,0.9165242795503217,0.19932871181534187
416,0.5573287053805756,0.9165868175874408,0.1991528458153949
417,0.5573778696728303,0.9166385220519772,0.19904680330959573
418,0.5574582370642015,0.9166390639227591,0.19890437689341672
419,0.5575283410007147,0.9166829362408168,0.19619991212972587
420,0.5575030013325869,0.9167422422685204,0.19571488412637
421,0.5576304209904716,0.9167638479248028,0.1956407024714426
422,0.5577992272180567,0.9167852037824978,0.19303710752523529
423,0.5578867425779868,0.9167952072551594,0.19288623655697532
424,0.5578763959022596,0.9167359242857869,0.19270232534301202
425,0.5579018883090968,0.9167938583427875,0.1926168164820587
426,0.5578480343086915,0.9168204445985971,0.1925440128134162
427,0.5580086552132223,0.9169103221303432,0.1923844556426391
428,0.5581326603249647,0.9169061524154613,0.19229851639217274
429,0.5580012550928017,0.9168815760775164,0.19233787272867334
430,0.558141026285439,0.9168455166906615,0.1922130146320866
431,0.5584009357146431,0.9168802579095859,0.19187258142770752
432,0.5583063960504564,0.9169105296553235,0.19172108758622797
433,0.5584852222004388,0.9169191765295027,0.19156692049552834
434,0.5589676293346196,0.9170166786827473,0.18879835515499035
435,0.5590310121181772,0.9170505974878609,0.1885544379127474
436,0.5590804442839687,0.9171100457086067,0.1884583781480892
437,0.5592067003741805,0.9171943853978229,0.1884038494800737
438,0.5593881593250368,0.9172305792916094,0.18819471650843955
439,0.559512273244793,0.9172265133392177,0.18811056694999853
440,0.5596431486579289,0.9172342109787648,0.18794940054651377
441,0.559884066480362,0.9171974175683685,0.1878549771364349
442,0.5600312828327906,0.9172376851006572,0.1876633122117222
443,0.5598790998889868,0.9172152032277913,0.18754405031787177
444,0.5601916036855237,0.9172267554516946,0.18734374841510149
445,0.5601944805803034,0.9172184390802619,0.187219379355846
446,0.5603901289481971,0.9171952885157928,0.18712230488764175
447,0.5603528789817204,0.9171924177535653,0.18705341002844442
448,0.5603726079327846,0.9171984244488285,0.18693543596952333
449,0.5605089653244709,0.91719513095053,0.18684729138319534
450,0.5607178943848877,0.9172585797917293,0.1867634630128984
451,0.5609008195983437,0.9173162371487562,0.18660283559847057
452,0.5608028912504722,0.9172939474286498,0.18646316230693918
453,0.5607298637879611,0.9172565276002574,0.1864131443530373
454,0.5607536405640392,0.9172591370347319,0.18628446856751546
455,0.5608430296742155,0.9172744554527223,0.1861977390022029
456,0.5610112085325062,0.917293989702257,0.18603765386280252
457,0.5610801915848066,0.9173593254835549,0.1858227007901217
458,0.5610572046099925,0.9172774222913296,0.18574440345025459
459,0.5615228379746335,0.9173900968264673,0.18553050900290372
460,0.561480351525582,0.9173631877540216,0.18541351951899726
461,0.5615411755031612,0.9173816075175509,0.1853640049793634
462,0.5617040665541375,0.9174097578968232,0.18522337832405675
463,0.5617920928264041,0.9174796976582397,0.185000046675821
464,0.5619388937573051,0.917504969589174,0.1847152762905655
465,0.5620469221743405,0.9175104305706001,0.18458268136777112
466,0.5622478700968185,0.9175674384512998,0.1843867631354016
467,0.5622982681023497,0.9174821303121754,0.18412158926272298
468,0.5622793034513954,0.917481738320546,0.1840754012454479
469,0.5622843580593586,0.9174495604194338,0.1840489475805208
470,0.5623920977188992,0.9174743135379174,0.1838803316259888
471,0.5622761054294553,0.9174684182912548,0.18375265931795445
472,0.5623671107594147,0.9174655859595793,0.18371883606125486
473,0.5623640958580722,0.9174931521944625,0.18368044867342403
474,0.5623935330062801,0.9175173903435506,0.18354340345390835
475,0.5624011253425824,0.9175559554023898,0.18343045320887
476,0.5625647058950866,0.9175296035729468,0.18329369312904195
477,0.5630501128668116,0.9175741637978836,0.18309991697492364
478,0.5631166498455715,0.9176056076754544,0.18295749370162862
479,0.5633732805073195,0.9175990591094093,0.18262117073586148
480,0.5636223790797854,0.9177354222367429,0.18237359216044113
481,0.5636921113706326,0.9177329665244759,0.1821903446069916
482,0.5637019796791793,0.9177378241462371,0.18208660595129272
483,0.5638110164240816,0.9177596565427757,0.18185306491044745
484,0.5638935624865802,0.917736252336664,0.1816663876426894
485,0.5638734008852234,0.9177025026259789,0.18156380956756965
486,0.5639363817159986,0.9176856585150778,0.1814900952072082
487,0.564156070999613,0.9176828377125678,0.1812089315738278
488,0.5641015308384928,0.9177070374311039,0.18109260582196507
489,0.5643617376318536,0.9176921878658468,0.18099449810023185
490,0.5643499968435854,0.9176522738946357,0.1809491463171819
491,0.5642523220291339,0.9176288158857513,0.1807658750824491
492,0.5644142775368705,0.9177107920960252,0.18058229602989895
493,0.5646736505569745,0.9177720158082692,0.18045503817569886
494,0.5646277042148843,0.9177413328556262,0.1803000350012731
495,0.5647061148414383,0.9177671505003977,0.1802120062532038
496,0.5648235742534029,0.9178172716261955,0.18004613084431462
497,0.5648762039860978,0.9177915769591901,0.17992137092602264
498,0.5651289610017902,0.9178936677203324,0.17970744909987185
499,0.5649739462626717,0.9178889061749511,0.17963883219399507
500,0.5651295058510075,0.9178816773881373,0.17944721418503287
501,0.5654395178391218,0.9179054005678299,0.1794337858950804
502,0.5653474034015354,0.9179327170041257,0.17928369368649766
503,0.5655498608132496,0.9179599911668145,0.17894991552906803
504,0.5655036776616275,0.9179324672055383,0.17885160106040462
505,0.5656248353112439,0.917932278895834,0.17860906889494024
506,0.5657220256482317,0.9179846020922561,0.17853778169976137
507,0.5656322891521185,0.9179621855513285,0.1785375715190628
508,0.5658006593304582,0.9180275751353991,0.17830826101062494
509,0.5658304023069608,0.9180097203009828,0.17762867755229178
510,0.565803778525093,0.9180302614309774,0.1775252451522897
511,0.5659145574539005,0.9180437812991386,0.1774575646598807
512,0.5659451949899065,0.9179916771568623,0.17725100626141715
513,0.5661111094337742,0.9179663744814863,0.17716625105736955
514,0.5660421405471575,0.9179472591249676,0.17720152620470483
515,0.566060066721209,0.9178772963052199,0.17707876020748967
516,0.5664392221514641,0.9178793408105813,0.17692581913689967
517,0.5665302188082448,0.9179120605824754,0.17673046786955665
518,0.5665251985026658,0.9178998550391896,0.1766555694568681
519,0.5666297836716563,0.9178855511877696,0.17656204111900317
520,0.5666294338135178,0.9178808818757128,0.1765011273303614
521,0.5668234255744637,0.9178933218453653,0.1763774865260849
522,0.5669575760952545,0.917878587571764,0.1762133281228652
523,0.5669344395228638,0.9178680422283205,0.17614279578445804
524,0.5670675032792143,0.9178621546677683,0.17603854438236843
525,0.5674696403960422,0.9179041631040584,0.1758551500265585
526,0.56740264267906,0.9179117147075082,0.1738355879016555
527,0.5673517549257444,0.9179206920844338,0.17380733639261034
528,0.5674368944520713,0.9180123451076782,0.17355513034246375
529,0.5675051528453957,0.918018467094597,0.17339766884181532
530,0.5675070042847854,0.9180239934079614,0.173452978265227
531,0.5676478014748377,0.9180996823799432,0.17328430931581676
532,0.5677238302698624,0.9181107734372237,0.17322049327013767
533,0.5678779622707472,0.9180557101424506,0.1730562390524568
534,0.568046692968876,0.9180859396145811,0.17297779219266682
535,0.5682332604601648,0.9180541690773191,0.1729031929996146
536,0.5683193428714672,0.918041556170183,0.17284296441566693
537,0.5684085995993055,0.9180501031249273,0.17277846544932687
538,0.5684663830022928,0.9180777116334177,0.17264736336363662
539,0.5685703018646311,0.918132698067087,0.17248928591559
540,0.5685961597058427,0.9181328979059569,0.17234966926786616
541,0.5686875685807466,0.9181949363459012,0.17215733325190508
542,0.568779331223929,0.9182031220534576,0.1716612798326294
543,0.5689528282766767,0.9182643496087566,0.1715435258666527
544,0.569090993594018,0.9182832036375225,0.17144070046101575
545,0.5693146577354496,0.9182923616380421,0.17139741414378065
546,0.5695243140564022,0.9183390739738856,0.17121781721052
547,0.5696813258718558,0.918408387317306,0.171103554004405
548,0.5696702772727945,0.9184023844650981,0.1710161326627022
549,0.5697384151042953,0.9184473981705474,0.1708261306717432
550,0.5699313583312117,0.918476040460884,0.1707264159657498
551,0.5697902920942735,0.9185226106036857,0.17063281657267262
552,0.5697243920288507,0.9187066084001085,0.16787621888983217
553,0.5702744762816161,0.9188295054620537,0.16587278686907383
554,0.5703519543321613,0.9188339365046886,0.16575731108184788
555,0.5704450431212955,0.918896943394541,0.1657708344137775
556,0.5705177972693383,0.9189399702404567,0.1656041032447876
557,0.5706727412074348,0.9189515378365808,0.16547920025140148
558,0.5708940477652176,0.9190779628231911,0.16522997831406036
559,0.5709448908342263,0.9191236298480228,0.16508066953385692
560,0.5710314203489082,0.9191339945678723,0.16509586699812998
561,0.5711659343375782,0.9191878242419291,0.16492664605370497
562,0.5712028755510815,0.9192022203266736,0.16484883438611797
563,0.5713354307737069,0.9191644046635966,0.1647145614511801
564,0.5714051624105976,0.9191639319678082,0.16464338073164006
565,0.571513927788362,0.9190987230073315,0.16458346483188757
566,0.5715645978030562,0.9190863368404517,0.16458697937583552
567,0.571712371676374,0.9190690738365348,0.16438136299782571
568,0.5715730780225436,0.9190573256168167,0.16433738980806883
569,0.5716406386040236,0.9190465689053378,0.1641125515005418
570,0.5717652313225114,0.9190483828273878,0.16398106779599625
571,0.5719105850477105,0.9191081384925488,0.16377598643460548
572,0.571924693422191,0.9191949992259703,0.16358461850501085
573,0.5719205354100747,0.919142814379535,0.1634998899878267
574,0.571968903314752,0.9191935311788874,0.16338986469254652
575,0.5719790293824294,0.9192041341681587,0.16330549728924842
576,0.5721287078593669,0.9191681516424076,0.16312934534666867
577,0.5721485332498841,0.9191922283831777,0.16307194394128477
578,0.5722150447400342,0.9191915404762986,0.16298879931009416
579,0.5722727478747255,0.9192071893970353,0.162914386020542
580,0.5731656212921001,0.9194321541617917,0.16102921701362286
581,0.5732710903699352,0.9194244065625271,0.16090379392921753
582,0.5733725541510177,0.9194228578112852,0.16076855100317614
583,0.5733641827433416,0.9194104716444054,0.16067363343542387
584,0.5734523086607788,0.9194058023323487,0.16059284916801472
585,0.5734966941196744,0.9194471036464836,0.16045964727237175
586,0.5736890935610747,0.9194646049198224,0.16033771152626633
587,0.5738989205831954,0.9194616803548222,0.16014903717729723
588,0.5742368218233668,0.9195286686498523,0.15990203444659287
589,0.5743831267917966,0.9196349406550421,0.15973477033088723
590,0.5744394599567372,0.9196576646403851,0.15942245063482322
591,0.5745144937454297,0.919714457309994,0.15925966051542848
592,0.5745532871628967,0.9196265666377815,0.15920766418419086
593,0.5747119200275774,0.9196067595313283,0.1590476992100552
594,0.5747936037200391,0.9195817681434229,0.1589584229829262
595,0.5747789879163476,0.9195932204478914,0.15894891820877147
596,0.5749045886835352,0.9196120398891604,0.15890351866315855
597,0.5750050848210738,0.9196543365545898,0.15879680368548676
598,0.5750082982577286,0.9197035737776939,0.15870979721843623
599,0.5751304671076091,0.9196610273136769,0.15863950458419146
600,0.5752143443476483,0.9196703774669561,0.15852600450546672
601,0.575421932492954,0.9196915949746642,0.15843365062206982
602,0.5755134239019952,0.9197307019042853,0.15830109367888856
603,0.5753838070075319,0.9197149453780032,0.15816870426928184
604,0.5752398568400299,0.9197028781847043,0.15810900761357766
605,0.5752795694478073,0.9197241763965714,0.15807863270920988
606,0.5753792896890715,0.9197452324959616,0.15802266624024167
607,0.5754932050935909,0.9196867680973446,0.15792808640790365
608,0.575514817608213,0.9196865567293092,0.1578419091663378
609,0.5756469656713813,0.9196061677008289,0.15777692405115273
610,0.5755557574250636,0.9195499630186642,0.15759712663147082
611,0.5758060788648259,0.9195334494105095,0.1574598230787175
612,0.5757899203659975,0.919519779663196,0.15741293667632567
613,0.5758011448553171,0.9194823021889758,0.15736500987928667
614,0.5758260253745178,0.9194642705740208,0.15728542273543594
615,0.5760321505318241,0.919522800304576,0.1568200405303275
616,0.5762451372691604,0.9195180579744706,0.1566824247348903
617,0.5762556512337446,0.9195273581680322,0.15646649248580846
618,0.5762712113815099,0.9195074780435304,0.15640739993474026
619,0.5763578280184137,0.9194921058227674,0.15633514142333754
620,0.576407038481757,0.9195228502642935,0.1561685190603137
621,0.5763989078705593,0.9194907761256714,0.1560512786473426
622,0.5765139437528807,0.9195025166592792,0.15602895678281825
623,0.5766707145153587,0.9195323041800627,0.15594887065277888
624,0.5766848986588017,0.9195823292294807,0.15582668190168267
625,0.5767909559831772,0.9195665727031986,0.1557138135363584
626,0.5768210131717906,0.9195485833618507,0.1556011661103142
627,0.576968658397148,0.919545485859367,0.15549037385193265
628,0.5770488409921893,0.919534586954846,0.1554403183514763
629,0.5770714898953649,0.9195178888800422,0.15530414020581887
630,0.5769442749244684,0.9194957144515915,0.15536628885301484
631,0.5768426990341186,0.9194689052985808,0.15534122114335286
632,0.5767285305491897,0.9194713533247374,0.15527249349881678
633,0.576855316592057,0.9195102181418814,0.1551186074299957
634,0.576819701041208,0.9194897654021562,0.15499848963568885
635,0.576849825066486,0.9195018594968415,0.15483988955109
636,0.5767713928430979,0.9194488138060436,0.15472985500478684
637,0.5769899583478865,0.9194982278096863,0.15458356739096654
638,0.5770437489817326,0.919493769865665,0.15451480579052118
639,0.5771037920826247,0.9194909336909343,0.1542749609768988
640,0.5771266772959441,0.9195138536720919,0.15418060572150494
641,0.5770828931713642,0.9194614036548485,0.1541380453745349
642,0.5771155498238039,0.9194643013184624,0.15407208614144688
643,0.5772063237461967,0.919488693189758,0.15391923583155062
644,0.5772823012020915,0.9195411585792221,0.15384940387477206
645,0.5772278977145509,0.9195105870751797,0.1538227485275802
646,0.5771801518489423,0.9195456549537954,0.15373126668678233
647,0.5772148224174456,0.9195446903469425,0.15366366463444728
648,0.5772440364464495,0.9195653352394272,0.15351310295603482
649,0.5773778622460825,0.919621539921592,0.15340412685626698
650,0.577418396349082,0.919659697616581,0.15333868575747786
651,0.57755209889087,0.919671465051575,0.15322181398987564
652,0.5776560129712366,0.9197248604603954,0.15309254612336615
653,0.5777164355136426,0.919730694218175,0.1530102390506153
654,0.5776547455088943,0.9197153988585157,0.1531074769811772
655,0.5777917804371947,0.9197684407062585,0.1529837606655673
656,0.5778242727386214,0.9198142114935804,0.15293090999687808
657,0.577759480021433,0.9198175587946515,0.1528498965762721
658,0.5777613811514196,0.9198186848098224,0.1526865362977279
659,0.5778289412945764,0.9198572998283792,0.15260808850970084
660,0.5779508782168048,0.919873413758794,0.15250931145475627
661,0.5779979527210705,0.9198830828856539,0.15245198221411393
662,0.5785189341771169,0.9199940933778941,0.15219735201439705
663,0.5785906007503607,0.9200272166705831,0.1520727648277148
664,0.5785953666653536,0.9200377927584681,0.1520031680767468
665,0.5786156747851666,0.9200479307380612,0.15194624768979004
666,0.5787098768628504,0.9200544600888304,0.15187180478091247
667,0.5786785765231293,0.9200215251058457,0.15178922288976704
668,0.5786671265336192,0.9200067101280852,0.15150942727481587
669,0.5788470700644294,0.920049375726813,0.1502958086636809
670,0.5788187939186465,0.9200265172345384,0.1503428499400965
671,0.5789070482790885,0.9200303641327844,0.15018974108606237
672,0.578891906323801,0.9200402023540727,0.15005002287744146
673,0.5789072148396406,0.9200700206192978,0.1499935263934727
674,0.5790386460910231,0.9200667962959928,0.1498960862983939
675,0.5791727589072319,0.9200902504618219,0.14981198727639342
676,0.5793979464257037,0.9201861116305,0.14965735090326604
677,0.5795621855340852,0.9201911152883584,0.14955635997232816
678,0.5796136930506834,0.9202052538884051,0.1494476069543662
679,0.5795898198126856,0.9201907886286672,0.14937179468853304
680,0.5795958103039227,0.9201949775588251,0.14926810244555114
681,0.5796181068776209,0.9201618158355841,0.14922735324116526
682,0.5796452421576904,0.9201692329321022,0.14911636106176007
683,0.5798119557497137,0.920232770163571,0.1490243109195125
684,0.5797635473439021,0.920251266788204,0.1489525127734621
685,0.579722302468764,0.920241593818289,0.14882135011647055
686,0.5797266733871522,0.9202150575221968,0.14880050864167368
687,0.5797355856812373,0.9201828104460912,0.148749712847851
688,0.5796836646245436,0.920203013387229,0.1486617166751643
689,0.5800246032131247,0.9202146040416843,0.1480817351259316
690,0.5802703980440815,0.9202577653945316,0.14792763004026144
691,0.580607402840854,0.9202903429733836,0.14780172973190228
692,0.5804621258022368,0.9202346763189456,0.14765547618435013
693,0.5805845025306089,0.9202364325951677,0.14762448300245296
694,0.5806891060036166,0.9203369054300748,0.14699531470947605
695,0.5807832706465594,0.9203402642603116,0.1469670653739231
696,0.5806218556713361,0.9203430427892144,0.14687565581015513
697,0.5807383720127267,0.9203098964381942,0.14679421982448476
698,0.5807984291371237,0.9203075598606382,0.14676946283283462
699,0.5809676389441516,0.9203096543257172,0.1466102455331298
700,0.5810757088118912,0.9203160068959475,0.14651942053816702
701,0.5810757088118912,0.9203160068959475,0.1451171453412996
702,0.5812474011442713,0.9203265099657838,0.14506167397081737
703,0.5812193522517489,0.920306003423286,0.1449561707267037
704,0.5812251218083163,0.9202151804999629,0.14489959632981184
705,0.5811923040176024,0.9202222786229002,0.14486598923890034
706,0.5811415205391696,0.920192698627097,0.14485161018848072
707,0.5814524961811358,0.9202075866229059,0.14475432202415722
708,0.581519595079902,0.9202630034787567,0.1441067315755103
709,0.5816238021643194,0.9202774226218323,0.1440290109396568
710,0.5813974337809795,0.9201704050639354,0.1439396301666956
711,0.5813163365508843,0.9201155685094186,0.1438190747205029
712,0.5812432150241844,0.920063053160237,0.1437885077546229
713,0.581348352640306,0.9201093773475062,0.14376973203511295
714,0.5812915449483559,0.9201096886349767,0.14377168653734274
715,0.5815521636446203,0.9201967223058817,0.14367585866451882
716,0.5814869542986492,0.9201654398366289,0.14359174907605618
717,0.5815725237455731,0.9201478309577449,0.14352330194067575
718,0.5816803392737283,0.9201837981112752,0.14343486695408625
719,0.581708014876538,0.9201956078198764,0.1433734931996377
720,0.5818759245384192,0.9201868225957103,0.14330804853182957
721,0.5819774773151973,0.9202288579333868,0.14319053667718315
722,0.5819649272953101,0.9202225476367636,0.143073597339312
723,0.582055640699362,0.9202103151920914,0.14300667507480994
724,0.5820505366821015,0.9201914381049944,0.14292328169995064
725,0.5821037213390924,0.9202552443503265,0.14269321247557604
726,0.5821192977360703,0.9202391688504635,0.142651180274252
727,0.5821689526520452,0.9202226898298056,0.14271971092484179
728,0.5822535252782394,0.9202359445271585,0.14258287394937663
729,0.5822535252782394,0.9202359445271585,0.14263503919695733
730,0.5822224791376784,0.920222274779845,0.1426712310557675
731,0.5821280379155007,0.9201980558460329,0.14259305192134808
732,0.5820560893550992,0.9202196192287082,0.1425105392319572
733,0.582104054865198,0.9201679570377789,0.14241383802097518
734,0.5821228321506998,0.9201845551931478,0.14226609148163913
735,0.5820883502674532,0.9201456903760037,0.14219823138853754
736,0.5820514876746281,0.9201708662305583,0.14214505591953058
737,0.5820438652782028,0.920168241423863,0.1421379005665173
738,0.5821274210389922,0.9201648672214056,0.14207754699247443
739,0.5821567435736603,0.9201694135556961,0.1421397368253383
740,0.5821613236124938,0.9201789251172933,0.14206981195362106
741,0.5822974322451816,0.9201551327626074,0.14197517658996045
742,0.5822825915161849,0.9201579843095589,0.1419083914612927
743,0.5823486954491922,0.9201343456770805,0.14185874814835844
744,0.5822786673207959,0.9201094311502789,0.14180119831550012
745,0.5823776421697976,0.9200619194589557,0.14172787117290317
746,0.5824882584978525,0.920128250591548,0.14164881167286916
747,0.5825988503912816,0.9200951964738524,0.14159375165793497
748,0.582627114384452,0.920047642508922,0.1415555626724421
749,0.5825703997781095,0.9200429539815893,0.1414372505312344
750,0.5826176268053398,0.9200501904545134,0.14120776748829314
751,0.5826074140043688,0.9200560549567346,0.14114955852383024
752,0.5826193915789207,0.9200410209248283,0.14105917640774462
753,0.5822142682682437,0.9199038123253528,0.14105028649721213
754,0.5821568476498369,0.9198949809845245,0.14099599315473293
755,0.5822609993484398,0.9199307482991849,0.14090417454562168
756,0.5824327970146639,0.9199900620129989,0.14075496941562457
757,0.5824686641891309,0.9200082242918304,0.14067804654545332
758,0.5824517618532064,0.9199886093381369,0.14055534735378047
759,0.5825106885349899,0.9199221436986127,0.1405418374530327
760,0.5826133925353746,0.9199089812345844,0.140270796168979
761,0.5825994782265649,0.9198824257232163,0.14022653689767717
762,0.5825824563501727,0.9198288535338572,0.14020969517769782
763,0.5825830114731665,0.9198403404258223,0.14019084699141893
764,0.582582084919392,0.9198713577242669,0.14010785453747487
765,0.5828136151472794,0.9198855001673689,0.14008170339238518
766,0.5828998754079436,0.9198610967669076,0.14002000918905966
767,0.5828032644424753,0.9198490334166638,0.13996564266682704
768,0.5827502320640338,0.9200218709808128,0.1378198661652661
769,0.5828063683798401,0.9200889591952778,0.13772755710332965
770,0.5828599238586011,0.9200751587840877,0.13746729707142413
771,0.5828058687277319,0.9200602515730029,0.1374320214748026
772,0.5829944455322887,0.9201194307798852,0.1372870354685247
773,0.5830465855017912,0.9201212716033216,0.13724183227925563
774,0.5830474064573162,0.920099904216461,0.13717954733918383
775,0.5830609830174279,0.9201090237864287,0.13709466657267166
776,0.5831543544578817,0.9201070522991158,0.13701777952945676
777,0.5831260154580404,0.9200937361128799,0.13696400146284715
778,0.5830595209133465,0.9201228357267842,0.13689399957600434
779,0.5831480075480078,0.9200927138601991,0.13684609510523948
780,0.5831085982407656,0.9200916570200217,0.13673795435082686
781,0.5831972909359613,0.9200848086956718,0.13666221813398294
782,0.5832423440163736,0.9201276472318831,0.13661023168790318
783,0.5833099571850346,0.9201722651026477,0.1365192848286701
784,0.5832776272873518,0.9201320014134142,0.1364816019634871
785,0.5833231437095353,0.920138223319768,0.13643061055270575
786,0.5832853966882207,0.9201490568923508,0.13636625358243348
787,0.5833363569674233,0.9201466972564637,0.136346890817219
788,0.5834945257019046,0.9201920222493833,0.13625650170896553
789,0.5835816778959179,0.9202237197685967,0.1361911026112488
790,0.5836016444749191,0.9202518355603723,0.13613696007432174
791,0.5835316298593646,0.9202524197047612,0.1360302419173318
792,0.5834657835165935,0.9202479579176848,0.13594622554953342
793,0.5835427586398991,0.9202224823048253,0.13590942566997433
794,0.5835967743715488,0.9202972566296718,0.13580151127932202
795,0.5836111521169933,0.9203241618590623,0.13558811621684994
796,0.5836378939734829,0.920351493667579,0.13549091249736808
797,0.5837827619519889,0.9204020682738893,0.1353816355867384
798,0.583854144098385,0.9203574311878486,0.13532688039920784
799,0.5838875735754857,0.9203833449089999,0.13524294574347517
800,0.5839397037760625,0.9204049159777856,0.13512135927664107
801,0.5839579449907737,0.9204114837591065,0.13506002470207773
802,0.5840012260328153,0.9204436847185499,0.134925268911091
803,0.5839566216192994,0.9204577503005481,0.1348581633895636
804,0.5840563808117645,0.9204841674619293,0.1347627574745919
805,0.5841436489326367,0.9205095124109123,0.13464461314143095
806,0.5840774881027697,0.9204875685657731,0.1343953254611863
807,0.5841278136239629,0.9204968380148932,0.13432639614275382
808,0.5843444662742945,0.9205607941393777,0.1343089389576639
809,0.5844350624654933,0.9206119259886907,0.13421366008476404
810,0.5843792978899296,0.9206017380493801,0.13430943793593625
811,0.5844418531838387,0.9206517938432396,0.13410035488558628
812,0.5849111093266471,0.9207457796009847,0.13320714240015746
813,0.5849039675442551,0.9207104965112783,0.13315606137247293
814,0.5849480778654812,0.9207101429502008,0.13308091650000947
815,0.5850383973719163,0.9207749829773791,0.1330088557460835
816,0.5850688494501532,0.9208322022261143,0.13287317947432783
817,0.585026179154733,0.9208122759849503,0.1328173507166779
818,0.5851090990202396,0.9208042670579327,0.13277437417935906
819,0.5852427941212633,0.9207701368847836,0.13264768613070424
820,0.5851977460908312,0.9207554256695134,0.13268444397821896
821,0.5852242064781905,0.9207471784730741,0.13269636265330814
822,0.5852335020639916,0.9207579313414979,0.13261320879993443
823,0.5852384595976209,0.9207555255889484,0.13249726272592863
824,0.5852845801126725,0.9207334933535398,0.13240442290113313
825,0.5853077224728545,0.920664172324009,0.13237034830265107
826,0.5854168703360523,0.9206993401220596,0.13228752102442448
827,0.5852210769709072,0.9207150889622313,0.1321737176591889
828,0.5853945132153406,0.9207043975826906,0.13207111343688768
829,0.5853228010634214,0.9206662206724257,0.13202811292986832
830,0.5853547159559014,0.9206826996930836,0.13195482661503666
831,0.5853263572719964,0.9206639263684768,0.13191622378635195
832,0.5852734764541854,0.920669633305435,0.13187792806350296
833,0.5852876140424478,0.9206924956407648,0.13174901724524016
834,0.5852796495915524,0.920741798195807,0.13165220372464215
835,0.5853196972262504,0.9207316525301035,0.1315960990897249
836,0.5853569623650771,0.9207424322999135,0.1315330312878837
837,0.585420291167794,0.9207617974550197,0.13150588288636522
838,0.5854263044135217,0.9207437197234024,0.13147834691000435
839,0.5854434712628757,0.9207504950297037,0.1313886929150108
840,0.5854298328012039,0.92074820456881,0.13148673655631538
841,0.5855961763096053,0.9207309569371139,0.13141839440032727
842,0.5858878110192529,0.9207391618599462,0.12949787348076816
843,0.5858975421381724,0.9207412601680803,0.1294277488776695
844,0.5859302874342486,0.920741413890288,0.1293555328804616
845,0.5860241243587121,0.9207073605782427,0.12923993820670965
846,0.5861709257344344,0.9207094396711009,0.12915261726809663
847,0.5865076931299462,0.920795670143471,0.1289498744871788
848,0.5865022899441752,0.9208056467147462,0.12890927605713262
849,0.5864920420428089,0.9208077142784389,0.12890273170477595
850,0.5865286176347189,0.9208330630704771,0.1287782679413443
851,0.5865451147743103,0.9207815584448106,0.12875201096816227
852,0.586745771247893,0.9208353343160948,0.12866269473035163
853,0.5868585750520218,0.9208643109522331,0.1286003537574037
854,0.587013587628995,0.9208380513561146,0.12848748582090444
855,0.587189285320644,0.920819201170404,0.12840033776343138
856,0.5871325488530692,0.9208085674366911,0.1283665819693301
857,0.5872241234558703,0.9208079948214678,0.12831216261870756
858,0.5872595523063374,0.9208150160833013,0.1282583417453905
859,0.5873029613860693,0.9207380281586649,0.1279964207932039
860,0.5872080899996748,0.9207028526745039,0.12795859713574276
861,0.5873507212854813,0.9207344003145649,0.12788787008593616
862,0.5875058214301938,0.9207407029250777,0.1278422908014034
863,0.5875324040638118,0.9207291237997879,0.1278055201580778
864,0.5876202289714638,0.9207911430244563,0.12769728637189265
865,0.5877358722435849,0.9207818543600602,0.12765836652413343
866,0.5879222387878528,0.9208543382240131,0.12742330792694317
867,0.5879510453530707,0.920871078572424,0.12736034453380882
868,0.5879908280362108,0.9208636076731331,0.12730178390937552
869,0.5879903372561576,0.9209012542417818,0.12722593006544616
870,0.5880463950222125,0.9208817737950199,0.12696955923269654
871,0.5882114874539538,0.9208801481826742,0.12692613838349145
872,0.5882952977700839,0.9209062848010264,0.12683464845307668
873,0.5884080471891832,0.9208790836563863,0.12680017943690544
874,0.588356959363744,0.9208495113466935,0.12683599902778883
875,0.5884237583514319,0.9208842487225627,0.12678556016285286
876,0.5883745129579583,0.920840718436417,0.12674518847386848
877,0.5884885569500455,0.920832417437205,0.1266703837433326
878,0.5884969773422748,0.9208173372886365,0.1265222404746077
879,0.5884806837452862,0.9208107887225915,0.12649984661169486
880,0.588685505595066,0.9209285898933536,0.12640593772596784
881,0.5887856393332406,0.9209298427293457,0.12636019426181985
882,0.5888793192852119,0.9209775427303735,0.12630182552646102
883,0.5890025763623558,0.9209732807821669,0.12624160753548513
884,0.5890720103754836,0.920994052495473,0.1261614681468751
885,0.5890822974900718,0.9210261996521436,0.12610035658818883
886,0.5890535223142405,0.9210378786968683,0.12608676879670244
887,0.589082301967435,0.9210355882359745,0.12602602207902255
888,0.5891845034757055,0.92110963622339,0.12591356332008477
889,0.589362349473605,0.9211344700460327,0.12581877427949523
890,0.5892917139141536,0.9211325869489891,0.12582521587047324
891,0.5894732032511808,0.9211894795380331,0.12576644285185898
892,0.5895066855307081,0.9211648224959292,0.12563587077461053
893,0.5894703938458997,0.9211375675485164,0.12556561132383615
894,0.5895096525683597,0.921126157517655,0.1254933157709411
895,0.5896695576575632,0.9211624667030973,0.1254218986635556
896,0.5898802810505771,0.9211619248323154,0.1252925339286791
897,0.5899870156423269,0.921170963698124,0.12523915439263572
898,0.5901973270507226,0.9211797988820076,0.12530428982644212
899,0.590306893977288,0.9211663943055023,0.12528596826795443
900,0.5904153245308187,0.9211405228579581,0.12514985303998608
901,0.590513069618733,0.9211721742605091,0.12508165705605961
902,0.5905922632120707,0.9211991563510035,0.1250253636346085
903,0.590674204772487,0.9212485818838116,0.12492671601022824
904,0.5907121120581478,0.9212103165832773,0.1248583678239411
905,0.5907745270727782,0.9212247626277394,0.12482039393373863
906,0.5906852930284647,0.921199409992646,0.12478301933684884
907,0.5907454676473972,0.9212008127077906,0.12467351228804861
908,0.5908423325743223,0.9211802562055753,0.12464709265902493
909,0.5908642979244009,0.9211849639481839,0.12460263921555104
910,0.5909480518143457,0.9212218572780152,0.1245075664434437
911,0.5910719883351376,0.9212589735050475,0.1244472330267642
912,0.5912922035653405,0.9212974463305621,0.12435846912233392
913,0.5913213734493787,0.9213199589478696,0.12424106051100033
914,0.5913605607648943,0.9213713867124322,0.1241429585499331
915,0.5914323967534166,0.9214118079669286,0.12408789599366903
916,0.5915521044532506,0.921399145100075,0.12404176886610567
917,0.5916545759494959,0.9213861132999231,0.12396048787779727
918,0.5915893722566918,0.9213388129766354,0.12392158655015259
919,0.5916277331581611,0.921314144405366,0.12389307108326313
920,0.5916138894067885,0.9213552458806311,0.1238266090853324
921,0.5916868848237613,0.9213961475170263,0.12375132515538767
922,0.5917264378224136,0.9214110393558904,0.12368622999388451
923,0.5918442486205638,0.9214280717764959,0.12357408291511775
924,0.5917253956169619,0.9213977154835441,0.1235588659387759
925,0.5918572793301075,0.921419090556515,0.12345116471941188
926,0.5917125230362558,0.9214017660637152,0.12342047746911543
927,0.5918205351674313,0.9214188638162588,0.12338475316938331
928,0.5918212769076879,0.9214276605695905,0.12333375834182587
929,0.591935177238505,0.9215312232208709,0.12290752735801447
930,0.5919990545465778,0.9215516029425475,0.12288301752132319
931,0.5920632315443247,0.9215668790869307,0.1227596213855152
932,0.5921177850438565,0.921591543815145,0.12272103336728357
933,0.5920566646821123,0.921549397028868,0.12270913106634979
934,0.592284288629335,0.9215773936859326,0.12264106226677259
935,0.5923200796476457,0.9215459843958586,0.12261683958101566
936,0.5922601808184451,0.9215535513715292,0.12255732910990152
937,0.592337266025662,0.921577543565085,0.12251405717658159
938,0.592295809814525,0.921567067396635,0.12249894518482583
939,0.5924462844262762,0.9215940341149086,0.12245933054338935
940,0.5925569374655258,0.921585179715749,0.12240074629432282
941,0.5924811186095981,0.9215712332684618,0.12231901814853528
942,0.5924943245232048,0.9215913862498821,0.12228399030804432
943,0.5925500122265757,0.9215799070440274,0.12225442998405749
944,0.592605126621757,0.9215583282891312,0.12222087887664274
945,0.5925913615992019,0.9215546043686514,0.12217063311221377
946,0.5926476843942885,0.9215491741316668,0.12207651836122667
947,0.592603168569142,0.921509529174319,0.12200165888501609
948,0.5926288326366917,0.9214308003456813,0.12199613098580626
949,0.592690682991931,0.9214557840474764,0.12193925772662717
950,0.5928129842671784,0.9214778316551058,0.12189266134861323
951,0.5928934490155935,0.9215006709321044,0.1217116527047363
952,0.5929503949155194,0.9214844148086475,0.1215910035591102
953,0.5929285656742842,0.9214991452391936,0.12153467121490656
954,0.5928747341898966,0.9214861403404281,0.12149708789173172
955,0.5928686317262251,0.9214838575656448,0.12150174808243856
956,0.5929560737675651,0.921498910812827,0.12143820808084128
957,0.5930687736939805,0.9214931154855993,0.12135256662573843
958,0.5931899009118885,0.921516196875075,0.121263664257222
959,0.5931337542858838,0.9214881810027344,0.12124772076484656
960,0.5932307127106262,0.9214947526271106,0.12116502830300567
961,0.5930675461075564,0.9215334752512127,0.12109247243906458
962,0.5930578834337119,0.9215595004209645,0.12099287008861016
963,0.5932100695783088,0.9215463187416602,0.12057492070674693
964,0.5933591818057675,0.9215508996634475,0.12049157318653016
965,0.5934870368934538,0.9215387901965415,0.12047139802191868
966,0.5934681953977712,0.9215794535635148,0.12042801681517398
967,0.593555605479511,0.921570895079605,0.12038050657338059
968,0.5935227928733311,0.9215447277168112,0.12036185807982824
969,0.5936019158423784,0.9215995681143833,0.1202538165413854
970,0.5936318868193853,0.9216547313285913,0.12019147978990695
971,0.5941164149840787,0.9217960673693416,0.11907595458471465
972,0.5940755317395178,0.9217640969932097,0.11902702279545531
973,0.5940278348329805,0.9217781279877112,0.11897576540938005
974,0.5941265089874136,0.9217622138961663,0.11890369651001981
975,0.5941119193051457,0.9217576790910412,0.11880251556285155
976,0.5942561424202848,0.9217326569586942,0.11852125955700674
977,0.5943488241380522,0.9217586975006667,0.11847907537876748
978,0.5945855370568981,0.9218128845788564,0.11838811366946603
979,0.5945967373400577,0.9218267080483775,0.11833814226191791
980,0.5945146625766884,0.9218374417015253,0.11827454976724754
981,0.5946158444468618,0.9218215698835874,0.11822760775957414
982,0.5947082934617718,0.9218617567117172,0.11817945453653307
983,0.5947916863990271,0.9218653461252654,0.11811592295055347
984,0.5946602395547705,0.9217810756110425,0.11811069484952691
985,0.5945616918048714,0.9217404660468418,0.11799477239214401
986,0.594561141834047,0.9217293327159543,0.11796244968047868
987,0.5946130531168655,0.9217656073138997,0.11791827541979327
988,0.5946207739698317,0.921770610971758,0.1179030433097296
989,0.5945607482503797,0.9217489668849238,0.11788271627972811
990,0.5945619266853096,0.9217534786317177,0.11797255561462179
991,0.59450941528711,0.9217033113892577,0.11787786114025368
992,0.5945064233843496,0.9216632974986115,0.11784293817810289
993,0.5944622147999938,0.9216236755995948,0.11779460802384262
994,0.59434407171174,0.921560157583402,0.11783300827513125
995,0.5944386916788094,0.9216061627970905,0.11779365129346767
996,0.5944269357798632,0.9215869014044745,0.11776653467314964
997,0.5944006936130755,0.9215566834615097,0.1177531088650588
998,0.5944962482680606,0.9215461880777837,0.11770763324293171
999,0.5945237365221538,0.9215507228829087,0.11767262996519523
1000,0.5945621287898789,0.9215568410267724,0.11762588528283394
1001,0.5945555568006916,0.9215259505491491,0.11758154788401536
1002,0.5946645794629652,0.9215228837911069,0.11718172351779524
1003,0.5947493122081684,0.9215146173793917,0.1170972686458565
1004,0.5947033345613034,0.9214602189331665,0.1170550075437514
1005,0.5947012244450435,0.9214553574683502,0.11705088311514068
1006,0.5946467260321552,0.921409559779642,0.11704496938007349
1007,0.5946512706765678,0.9213584817331016,0.11698792637318137
1008,0.5946568934548002,0.9213746110357373,0.11695067533676948
1009,0.5946518646082403,0.9213961859475781,0.1168981668590259
1010,0.5946658669569298,0.921389875650955,0.1167990929820146
1011,0.5946974873265912,0.9213895874218156,0.1167646165025112
1012,0.5947244147343617,0.9214266114155234,0.11670881886385562
1013,0.5946875488550413,0.9214057244105616,0.11667840703573698
1014,0.594996091952722,0.9215143406794178,0.115991062052435
1015,0.5948946065161387,0.9214594157346316,0.11597215591755532
1016,0.5949700495023312,0.9214871587500537,0.11593218013648998
1017,0.5950142677159285,0.9215230951591424,0.11589677801655161
1018,0.5950205524315757,0.9215208585010214,0.1159136887642502
1019,0.5950762411393458,0.9215430867322447,0.11585075688593471
1020,0.5951314574660042,0.9215619753485073,0.11581941927899568
1021,0.5950860939711773,0.9215467222624552,0.11584245653584399
1022,0.5952027124567548,0.9215048444900416,0.11574937479379756
1023,0.595051701194863,0.9214609414275423,0.11573470540587183
1024,0.5950882000632203,0.92148406124757,0.1157118789008537
1025,0.5951794970376092,0.9214436745805703,0.11565499619057415
1026,0.5954232256591432,0.9214860711654347,0.11523611269572613
1027,0.5955424368496167,0.9214759600872279,0.11515706909303049
1028,0.5956612147342439,0.9214650419674308,0.11511953063908556
1029,0.5956812464057636,0.9214908749844232,0.11505902855902816
1030,0.5956715768641783,0.9214996448363685,0.11504023658394297
1031,0.5956638816300966,0.921485613841867,0.11500605470651486
1032,0.59563264040305,0.9215025002263751,0.11499712914043113
1033,0.5957309827283153,0.9215024079930506,0.1149673642696329
1034,0.5957654238697684,0.9214786117953094,0.11482397650534004
1035,0.5957335873433989,0.9214999369085629,0.11477159607697379
1036,0.5958918080440319,0.9215284024183609,0.1147100268566125
1037,0.5960427673138808,0.9215835003006306,0.11461671269242897
1038,0.5960788711722605,0.9215661027897821,0.1145407589706782
1039,0.5963351377487909,0.9215653111204128,0.1144949484084114
1040,0.5962607803910245,0.9215252780144908,0.1144727097366071
1041,0.5963065953980642,0.9214707604335547,0.11447560120011155
1042,0.5964294289696467,0.9214234677963773,0.11388262421590671
1043,0.5963751822531037,0.921427410771003,0.11384258150317283
1044,0.5963422295282039,0.9214165579831444,0.11382807724709193
1045,0.596388005740247,0.9214100593768167,0.11376606543685933
1046,0.5964493494106392,0.9214233179172249,0.11374683021803561
1047,0.5965084365209234,0.9214437322263982,0.11366824593539776
1048,0.5965468455186405,0.921478984571663,0.11356872865374837
1049,0.5966204094006363,0.9215174035944049,0.11351344967091147
1050,0.5967014490153276,0.9215182759679332,0.11347906810114514
1051,0.5967167135030714,0.921499295118346,0.1134774368977697
1052,0.5966835390519252,0.9215263233255027,0.11344195505472798
1053,0.5966630395141815,0.9215722132475355,0.11337279881865789
1054,0.5966154643467574,0.9215622097748739,0.1133170126796469
1055,0.5967026963705254,0.9215313923152992,0.11329651035499688
1056,0.5967676563561487,0.9215905138763538,0.11324687526461427
1057,0.5968507233293093,0.9215955252203225,0.11322488965993377
1058,0.5969327656976001,0.9215807563592244,0.11319629633456252
1059,0.596906467400549,0.9215557611282639,0.11316790934676993
1060,0.5969815062512692,0.921594848842609,0.11311052166126738
1061,0.596981614416243,0.9217088300165115,0.1125150853856158
1062,0.5970566398700747,0.9217360926500348,0.11246771051147654
1063,0.5970577705718765,0.9217492013112903,0.11244374054448451
1064,0.5970542091704141,0.9217609456879533,0.11243428111383613
1065,0.5970713578135288,0.9217344977821306,0.11241610675727161
1066,0.5970994216315509,0.9217395783010928,0.1123725231479022
1067,0.5970128155898512,0.9217570180855484,0.11231402596040309
1068,0.5968328713993739,0.9217109167954801,0.11230329958022486
1069,0.5967389431093196,0.9216979426411561,0.11229756042843876
1070,0.5967098971969241,0.9216632321666732,0.11227163027638107
1071,0.596765378815535,0.9216761371460038,0.11221520579108152
1072,0.5968586271074219,0.921700217729829,0.11218993141855
1073,0.5970686919470892,0.9217554885495824,0.11210140827674916
1074,0.597166809260008,0.9217510844083339,0.11202325355245275
1075,0.5972671031957681,0.9217456387991285,0.11194991734922079
1076,0.5972812231042357,0.9217564339411594,0.11186206082862551
1077,0.5973763691095338,0.9217843806385065,0.11180235619955954
1078,0.5973923531542662,0.9218151250800326,0.11176801064951977
1079,0.5972687696206375,0.9218225460196059,0.11172481713679545
1080,0.5972177922611646,0.9217937346348408,0.1116735418874586
1081,0.5971977981008616,0.9217181378961835,0.11163169729409007
1082,0.597223300044466,0.9217188219600075,0.11162743488457044
1083,0.5972404471380729,0.9217150327075894,0.11160394018173483
1084,0.5972818728086589,0.9217322726531751,0.11155177899849297
1085,0.5974313453984101,0.9217956638485466,0.11149214479434612
1086,0.597448820422297,0.921787170696575,0.11136426182054972
1087,0.597457266543951,0.9217656995472243,0.1113025080944142
1088,0.597464381633301,0.9217566529953053,0.11133198015254343
1089,0.597432940738845,0.9217989381315691,0.11130188775852241
1090,0.5975797782935173,0.9218186337894217,0.1111917060460172
1091,0.5976747545100984,0.9218392863680168,0.11116520865618083
1092,0.5978109485686024,0.921868804874937,0.11093858439462087
1093,0.5979436917425187,0.9219061516852808,0.11089408090154404
1094,0.5979721843119943,0.9218977891971857,0.11085219867554372
1095,0.5979678909345633,0.9219077427101298,0.11087053444352821
1096,0.5981272263497034,0.9219578369345413,0.11080163141580641
1097,0.5982121073852998,0.9219931661409099,0.11075942571520409
1098,0.598150055570262,0.9219970822141492,0.11071635672659824
1099,0.5981218434978097,0.9219730362178207,0.11070161304451091
1100,0.5981613003617352,0.9219957064003909,0.11069212268653318
1101,0.5982895532849103,0.9220378531866679,0.11062036739628268
1102,0.5982884278382219,0.9220305744401366,0.1106277043011643
1103,0.5981893707734177,0.9220066629507397,0.11060591797570742
1104,0.5983090766625153,0.9220533637574178,0.11050869868260577
1105,0.5985295274107095,0.922093923361901,0.11040416054236489
1106,0.5985914901144993,0.9220988386294899,0.11034315535329438
1107,0.5987221903030987,0.9221070896689845,0.11025582566411275
1108,0.5987903396788905,0.9221122893226577,0.11022355545093417
1109,0.5987562941047284,0.9221523531730212,0.11017156472163499
1110,0.5988000923339734,0.9221309281403327,0.11009559946684067
1111,0.5987841680708771,0.9221269313629343,0.11001679237287608
1112,0.598558411062419,0.9221333953817652,0.11002688646661919
1113,0.5985775112351338,0.9221396403464502,0.11001596929042722
1114,0.5985964458113605,0.9221342946566798,0.11003819797374173
1115,0.598589221028903,0.9221443749904452,0.10999308748016207
1116,0.5986049224318741,0.922147211165176,0.1099552613680965
1117,0.5988184136915278,0.9221814335716496,0.10991139178450046
1118,0.5989134141705461,0.9221884932640351,0.10990969544674725
1119,0.5988770637344234,0.9221893156778459,0.10987210965997743
1120,0.5988879184893494,0.922179285303798,0.10984134706279582
1121,0.5989009852654477,0.9221572031086719,0.10980005994447761
1122,0.5988876661964215,0.9221436102224623,0.10976288963321976
1123,0.5988366619626359,0.9221474571207082,0.10973681541768214
1124,0.5988939127152633,0.9221364506106419,0.10971778965991917
1125,0.5988658334711492,0.9221051181816716,0.10968394916598272
1126,0.5988785997381333,0.9221273079823431,0.10964222341545565
1127,0.599026811673514,0.9221770140581803,0.1093648799460289
1128,0.5990522936104197,0.9221976704798306,0.10929605918089073
1129,0.5989674264827216,0.9221915177484702,0.10920295236605346
1130,0.5990748492759508,0.9222394675480852,0.10915172499695211
1131,0.5990290506054061,0.9222404436841036,0.10901118177255456
1132,0.5990781921990396,0.9222538175161675,0.10896175853969946
1133,0.5990199003660958,0.9221790854649281,0.10891433114292527
1134,0.5989807929778028,0.9221692472436398,0.10892688392742185
1135,0.5991447501635995,0.922232250290437,0.1088781828242564
1136,0.5991447501635995,0.922232250290437,0.1088785036225901
1137,0.5992399631624419,0.9222064326456655,0.10884615235737083
1138,0.5993919652757813,0.9222628217944794,0.10873952029653153
1139,0.5994194628589701,0.9222816642940797,0.10869299672329467
1140,0.5993424501145216,0.9222380456176646,0.10866954077669175
1141,0.5993832559954273,0.9222448324531315,0.10860215599204251
1142,0.5994511601504283,0.9222332648570073,0.10855573553620765
1143,0.5995079630696044,0.9222353439498655,0.10849533614170802
1144,0.5995089044509833,0.9222648816720617,0.10843578174629688
1145,0.5996023755711999,0.922298592952195,0.10839062800995092
1146,0.599687193852833,0.9223247872163751,0.10831412387479063
1147,0.5997165056812556,0.9223219817860859,0.10826680505707711
1148,0.599790902413769,0.9223181079864536,0.10824302746678005
1149,0.5997865287545828,0.9222960027329964,0.10821458400178806
1150,0.5997826806133364,0.9222922250097438,0.10824623289902519
1151,0.599788458914089,0.9223006336145012,0.10822491975848736
1152,0.5997696949324514,0.9222922211666886,0.1082351964544936
1153,0.5997967587194295,0.9222649777484414,0.10822101232639833
1154,0.5997598891805777,0.9222452820905889,0.10818944357747177
1155,0.5996491299299428,0.9222048877374788,0.1081364012587415
1156,0.599692466863817,0.9221779440775364,0.108095716531237
1157,0.5997852411243472,0.9221019784055808,0.10808048651394754
1158,0.5998798795754908,0.9221574605933697,0.1080161103115525
1159,0.6000270836981334,0.9221845541324646,0.10791672211245561
1160,0.6000662219745562,0.9221668914508079,0.1078899676563988
1161,0.6001800671737518,0.9221996150657571,0.10780947921555922
1162,0.6001762129104472,0.9221757765944089,0.10781313224253927
1163,0.600240317899476,0.9222151871253901,0.10775132493582769
1164,0.60035082408902,0.9222346329846552,0.10769920324377383
1165,0.6003287152598966,0.9222185767000682,0.10767706347794402
1166,0.6003403826925894,0.9222327306723358,0.107760561227643
1167,0.6003087613434188,0.9222519613205103,0.10771200993519049
1168,0.6003540141009543,0.9222113402271441,0.1076607859260249
1169,0.6003578471899224,0.9222148066629261,0.10763934442215412
1170,0.6003572568127562,0.9222035503542724,0.10762389785376388
1171,0.600342329285271,0.9222260745007455,0.10756857221866124
1172,0.6005462877801571,0.922232895923709,0.10740670821259928
1173,0.6006194018821946,0.9222444135601157,0.10738625531551398
1174,0.6007025201374511,0.9222131848936357,0.10728157459818242
1175,0.6006968135382929,0.9222029239362763,0.1072545817922367
1176,0.60078805753419,0.9222005796726099,0.1072011805970123
1177,0.6007881835838882,0.9221946921120577,0.10717384855003716
1178,0.6008883585922622,0.9221913486540417,0.10714156994602189
1179,0.6010083665814728,0.9222138651144044,0.10711596208184587
1180,0.6010567353207579,0.9222199179263298,0.10709845492288166
1181,0.601116722838713,0.922226428061823,0.10705420797046289
1182,0.6011450722811558,0.9222451629558779,0.10702340372663176
1183,0.6012715981449894,0.9222328459639916,0.10701106884407527
1184,0.6011462966925576,0.9222517345802541,0.10696877098328297
1185,0.6011462966925576,0.9222517345802541,0.10696323341187304
1186,0.6012325122697361,0.922262975516687,0.10694914569721564
1187,0.6011624863936738,0.9222768989056431,0.10690860245569458
1188,0.6012679893863655,0.9222366890191823,0.10686881135630391
1189,0.601378301092664,0.9222560964478956,0.10681746660508273
1190,0.6014205291693232,0.9222273273367376,0.10678237944706258
1191,0.6014265953185789,0.9221957489522352,0.10676512146724487
1192,0.6014644889846104,0.9222073588219665,0.1067393266804183
1193,0.6014410786211508,0.9221678099409985,0.10668223458383763
1194,0.6014512907950378,0.922137641957751,0.10662712699061214
1195,0.601501880788871,0.9221382722188023,0.10658465684166653
1196,0.6014842497113734,0.9221374882355434,0.10657248906740242
1197,0.601551865481545,0.9221432297599984,0.10652461100626631
1198,0.6014300654775795,0.9220828054032342,0.10650723624636087
1199,0.6014249978341039,0.9220922170453963,0.10649042946886762
1200,0.6014426906615548,0.9221141493613699,0.10644276816843806
1201,0.601380890805039,0.9221349979357798,0.10634393261927876
1202,0.6014352382761426,0.922142395817022,0.10626702798130302
1203,0.601549774943633,0.9221525530118911,0.10612079812869674
1204,0.6016052052104001,0.9221679636632061,0.10610777866130636
1205,0.6015622149681448,0.9221871059211112,0.10606659445909596
1206,0.6015689356520675,0.9221880397835226,0.1060207697793991
1207,0.601569579451069,0.9221746697945139,0.10598572879372825
1208,0.6017066302262802,0.9221927283108553,0.10593626102168259
1209,0.601838321382261,0.9222057447387864,0.10589485896981322
1210,0.6018932068749444,0.9222267854659557,0.10583421854728153
1211,0.6019351325347713,0.9222522226482633,0.10580912314700991
1212,0.6019616941950848,0.9222903303835348,0.10577057425314071
1213,0.6019240301531817,0.9222745700141975,0.10575130884984388
1214,0.6018707594912541,0.9222647702234611,0.105755214203528
1215,0.6018951461904755,0.9222890352739356,0.10568479745711057
1216,0.6019184174984016,0.9222875979712942,0.10560840743486487
1217,0.6018514215526881,0.9222665956746767,0.10561358316609723
1218,0.6018973299506193,0.9222626257986647,0.10559688550347075
1219,0.601974119877703,0.9222611500654715,0.10556326779006589
1220,0.601879005402685,0.9222492481235457,0.10553977388340262
1221,0.6018335681399298,0.9222284418227429,0.1054884859408371
1222,0.6018768432914948,0.9222223159927688,0.1054583191774107
1223,0.6018655587595444,0.9222295832101346,0.10543109735290414
1224,0.6018655587595444,0.9222295832101346,0.105432512589768
1225,0.6019058072702184,0.9222280575172238,0.10536628042351005
1226,0.6019859310000276,0.9222362970275528,0.10533684459390821
1227,0.6020515945711604,0.9222746737766877,0.10527696470089953
1228,0.6020211204332349,0.9222562924437103,0.10526059699651555
1229,0.6020262702900777,0.9222585598462729,0.10522785242332561
1230,0.6022558186568292,0.9223746201130336,0.10497484101440485
1231,0.6022936980448755,0.9223739475783752,0.10495327052648172
1232,0.6022363067725196,0.922375815303198,0.10471834255676371
1233,0.6022335883621306,0.9223756615809903,0.10468281046529034
1234,0.6023217284203282,0.9224009450410903,0.10467885847417607
1235,0.6023685787951132,0.9224688479832557,0.10461398746871933
1236,0.6023062324608046,0.9224688518263109,0.10459172503110949
1237,0.6023295151488048,0.9224799813141433,0.10454117688607398
1238,0.6023537852793218,0.9224689824901874,0.10452590005192643
1239,0.6023461418069134,0.9224656006016195,0.10450567418883423
1240,0.6021550788150818,0.9223623261794784,0.1043482790032608
1241,0.6020639777085921,0.9223312243338196,0.10433160279085063
1242,0.6021565136316499,0.9223584715951221,0.10427985947306322
1243,0.6021199556310713,0.9223195183877086,0.10426701031492816
1244,0.602226719954685,0.9223072052388774,0.10426267374041377
1245,0.6022460499807646,0.9223057833084568,0.10424935214972686
1246,0.602272051791259,0.922329398882604,0.10419047770777293
1247,0.6029685488454285,0.9225037237091118,0.10335899408295322
1248,0.6029349874909978,0.9224914758922189,0.10326338322590543
1249,0.6028818911524054,0.9225066136866152,0.10324244573247278
1250,0.602970812168276,0.9225412434569391,0.10321864650159543
1251,0.6033441029581785,0.9226325390760507,0.10279300522351481
1252,0.6034056741807047,0.922624545521254,0.10274764092217872
1253,0.6034495470599482,0.9226095614490651,0.10270961246381449
1254,0.6035066052700377,0.9226240689824102,0.10270425360699965
1255,0.6036465659410352,0.9226093193365882,0.10267663879942708
1256,0.6036985258090706,0.9226425925084297,0.10262379883143023
1257,0.6037085256638246,0.9226365243242834,0.10258735078571866
1258,0.6036129369139419,0.9225849774250099,0.10256811534066483
1259,0.6036199070721765,0.9225718956651405,0.10253809833844173
1260,0.6035764451837639,0.9225845047292215,0.10248268333668378
1261,0.6040796045710342,0.9226502132868729,0.10145734339172353
1262,0.6041520408440634,0.9226775412523344,0.10144827387644195
1263,0.6042588059120405,0.9226814611686289,0.10141989377457782
1264,0.6041883902137947,0.9226620422107501,0.10138956769567849
1265,0.6041901826862657,0.9226574612889628,0.10138081711899186
1266,0.6042092646928584,0.922691091864937,0.10132914314621881
1267,0.6042614775316631,0.9227053841871914,0.10126450443428954
1268,0.6042389239742213,0.9226723415986613,0.10125047585845738
1269,0.6041775430994794,0.9226681987851657,0.10123798678393878
1270,0.6041852731079134,0.9226763691205012,0.10120570125708427
1271,0.604195218035965,0.9226599285303951,0.1011752220479206
1272,0.6042608131712142,0.9226637254689236,0.10113576912954159
1273,0.604328362428031,0.9226843780475188,0.10110224347437775
1274,0.604326020157445,0.9227091964979406,0.10108018304133033
1275,0.6043095513721581,0.9227206219010228,0.10105639430442673
1276,0.6042710771578313,0.9226669382630631,0.1010584975285694
1277,0.6042795666855016,0.9226829407448774,0.10102348274327477
1278,0.604338899490375,0.9226889743415269,0.10099258150739741
1279,0.6042927646856624,0.922653902619856,0.10098139112597257
1280,0.6043032119900975,0.9226633065759079,0.10095882850838536
1281,0.6043546328363233,0.9226710733904484,0.10092814182202303
1282,0.6043531631317517,0.9226835441045423,0.10090871432162869
1283,0.60440088334023,0.922688251847151,0.10085745901229198
1284,0.6046090973349606,0.9226995389002463,0.10089600591607843
1285,0.6047521179955749,0.9227383499146177,0.10078013749146075
1286,0.6048812582724612,0.9227815958146792,0.10074635144766718
1287,0.6048881262811963,0.9227675955646193,0.10071704201739241
1288,0.6049766165247492,0.9227770610095541,0.10068781779424556
1289,0.6048381738381737,0.9227334308039735,0.10069550093294882
1290,0.6049398805755498,0.9227532417534818,0.10066728324251722
1291,0.6049065211726125,0.9228191347777825,0.09983882465235243
1292,0.6048685510223805,0.9227976943728733,0.09982032542007513
1293,0.6048374061894406,0.9227982746742072,0.099802792441528
1294,0.6048366995090916,0.9227822798785031,0.09979572795598411
1295,0.6048536302517227,0.9227467047166024,0.09974613792967447
1296,0.6048518391700576,0.922735456094059,0.09968614878320141
1297,0.6048665858531461,0.9226916990676571,0.09965766814463634
1298,0.6049286255770067,0.9226130547862336,0.09953894150693167
1299,0.6048913248626111,0.9225892470593269,0.09951118550734506
1300,0.604921505486498,0.9225585103039112,0.09948681511574364
1301,0.6049648268144003,0.9225121323138692,0.09949897979127523
1302,0.6050952294859557,0.9225161905801507,0.09940904243812139
1303,0.6050491766931768,0.9225513699073667,0.09933255166488122
1304,0.6051241879985574,0.9225236038336135,0.09927360850472465
1305,0.6051091139066718,0.9224439680439508,0.09927518851397316
1306,0.6051378790321541,0.9224816492000961,0.0992370636438316
1307,0.6051595739747031,0.9224806769071329,0.09919841659809334
1308,0.6053002756584769,0.9225441795511049,0.09910140923544339
1309,0.605281020901739,0.9225524959225376,0.09905163122646919
1310,0.6053335628558907,0.9225910187077697,0.0990227897391213
1311,0.6053840216596579,0.9226134429348078,0.09897315737036111
1312,0.6054960707648631,0.922632546762161,0.09891407293028896
1313,0.6055722696126,0.9226634487689499,0.09887513075307203
1314,0.6056379218425044,0.9226898697733863,0.09882163843937984
1315,0.6056933236867271,0.9226900350247595,0.09879255222048387
1316,0.6057684229939085,0.9226937627882945,0.09877304363208772
1317,0.6058154374855867,0.9226895546428607,0.0987592601153536
1318,0.6057030659497689,0.922663913778628,0.09877046083489693
1319,0.6057729076502676,0.9226981054406601,0.09875154347273543
1320,0.6057890818037278,0.9226662426700736,0.09873011350259027
1321,0.6058373719560742,0.9226473578968662,0.09871955827536076
1322,0.605623878824677,0.9225704199319473,0.09878077449802268
1323,0.6056307795624949,0.9225682332335438,0.09876535525844782
1324,0.605619403705047,0.9225517542128858,0.09874540100147544
1325,0.6057318033995852,0.9225491524645217,0.09856696114226955
1326,0.6056830481798765,0.9225403364959142,0.0986104218473466
1327,0.605772511214363,0.9224989006748474,0.09860945684106664
1328,0.6057608951796857,0.9224938893308786,0.09858553374777543
1329,0.605702551054338,0.9224556470886754,0.09858251137624456
1330,0.6057484604334813,0.9224740591660944,0.09854217078531692
1331,0.6057645238282694,0.9224458818854357,0.09846656536550977
1332,0.6058795695694679,0.9224849542275602,0.09844425335842871
1333,0.6059085156232369,0.9224554626220263,0.09843828721078346
1334,0.6059334755498892,0.9224622571436035,0.09839360752916139
1335,0.6059250005759135,0.9224680985874936,0.09836094797870128
1336,0.6058788292579581,0.9224675413444908,0.09836949529799137
1337,0.6060280764555823,0.9224552012942734,0.09832790556779857
1338,0.6061086258161168,0.9224576301051539,0.09830306898534973
1339,0.6061132911541806,0.9224549822401275,0.09829021750652348
1340,0.606211978870013,0.9224587061606073,0.09825101041769053
1341,0.6063332476126463,0.9224773411352273,0.0981860691643653
1342,0.6063321491160295,0.9224470079006066,0.09816288149240114
1343,0.6064450547925712,0.9224303444132995,0.09813115924932593
1344,0.6065138706981864,0.9224496519225779,0.09814108952838817
1345,0.6066190614250033,0.9224688633554765,0.09809402086598974
1346,0.6067252358647036,0.9225002149997227,0.09799233735298248
1347,0.606695698635085,0.9225116480889152,0.09800783783947994
1348,0.6066576296169829,0.9225052494020225,0.09798260510132037
1349,0.6066894907816166,0.9225156756107551,0.0979572488182649
1350,0.6067014359518836,0.9225172743217144,0.09794629994003377
1351,0.6066812770844814,0.9225092922960832,0.0979216840151663
1352,0.6067749821562761,0.9225456860287397,0.09797107812711564
1353,0.6068135153047419,0.9225247567501708,0.09795974632215003
1354,0.6068919380932568,0.922546297074515,0.09792292324845872
1355,0.6068179953928229,0.9225327118744157,0.09790974723529718
1356,0.6067924618551889,0.9225546365042789,0.09790691699004679
1357,0.6068755936420148,0.9225542137682079,0.09786225027274385
1358,0.6068740640129138,0.9225497289228003,0.09784490558926351
1359,0.6068513542920103,0.9225467313397515,0.09783176197794013
1360,0.6069257799998832,0.9225449827496397,0.09781047926446106
1361,0.6069365591250987,0.9225549170473079,0.09778632834827584
1362,0.6068966253740674,0.9225445715427343,0.09777292617747889
1363,0.606976676862159,0.9225154949871611,0.09767391175111617
1364,0.6070267442055073,0.9225133390331991,0.0976339765314134
1365,0.6070247467032479,0.922506386946359,0.097594413259932
1366,0.6070416326150203,0.9225096766016023,0.09757532934072449
1367,0.6070432517261888,0.9225173127522663,0.09757199498995864
1368,0.6070489774362573,0.9225290648150396,0.09754494726786049
1369,0.6070932293477965,0.9225092846099728,0.09751632102678247
1370,0.6071731559028013,0.9225184502966027,0.09747149027400814
1371,0.6072555442016886,0.9225390221710389,0.0974641285739722
1372,0.607232785334961,0.9225302676913143,0.09743884479053676
1373,0.6072892306174439,0.9225072900643289,0.09732889139686439
1374,0.6072613529732201,0.9225388607627208,0.09730864422639403
1375,0.6073026936236181,0.9225440027705661,0.09728640778943674
1376,0.6073194978453522,0.92256835621131,0.09724623224714507
1377,0.607365326196426,0.9225780176520595,0.097227846285881
1378,0.6073337802374684,0.9225366317907102,0.09722200913818645
1379,0.6074318328532778,0.9225581990164408,0.09716138142439253
1380,0.6074081745146402,0.9225526150572486,0.09714272082092805
1381,0.6075004569713557,0.9226114829766605,0.09709751421880243
1382,0.6075620862980524,0.922613911787541,0.09706968115113603
1383,0.607644927199925,0.9226546597017287,0.09703928032750948
1384,0.6076649099990792,0.9226696898905797,0.09701086968543572
1385,0.6076880844513813,0.9226734945152185,0.09695491320198588
1386,0.6076578408883196,0.9226808693381295,0.0969159560215432
1387,0.6074958975467499,0.9226427308584165,0.09693135326460917
1388,0.6073353412015557,0.9226429691278384,0.09692155638658138
1389,0.6074995731871821,0.922720587313526,0.09669296772262255
1390,0.6075000902591668,0.9227136505989068,0.09669881724379571
1391,0.6075602060369412,0.9227103378853323,0.09667998411172907
1392,0.6074765847001369,0.9226721110153498,0.09666986309587448
1393,0.6074089686292101,0.9226685907767951,0.09665920099810221
1394,0.6074613888846445,0.9226618731163216,0.0965549953631429
1395,0.6074514776852731,0.9226137811236647,0.09649080464474852
1396,0.6074395907512042,0.9226338111273188,0.0964588387423771
1397,0.6074304931941389,0.9226148571791181,0.09644984882109953
1398,0.607424515379567,0.9226231889227716,0.0963954708407757
1399,0.6073444225679695,0.922585038913893,0.09636980847660186
1400,0.6073955993411697,0.9225937780213967,0.09634736204625884
1401,0.6074167749807138,0.9225811266837087,0.09631649263014663
1402,0.6074153247474731,0.9225855961568956,0.09628475864925341
1403,0.6074874509856236,0.9225817262003185,0.0962738314480516
1404,0.6075305865573049,0.9225860919110153,0.09621669044758215
1405,0.6074960658055398,0.9225978900904508,0.09609169553673835
1406,0.6074696674170936,0.9225869181678812,0.09608665080893969
1407,0.607423790434995,0.9225761576133471,0.09608657613698002
1408,0.6073772687000097,0.9225629874632084,0.09608920589504578
1409,0.6073014924692496,0.9225736135108108,0.09605764126015685
1410,0.6073302740671158,0.922537312011479,0.09603429134456658
1411,0.6073773584858347,0.9225272470499344,0.09599546433897203
1412,0.6073674975598007,0.9224895966382306,0.09599235131621098
1413,0.6073762223326652,0.9225017406926334,0.0959769580727414
1414,0.6073550576638842,0.922504976545104,0.09596730129298704
1415,0.6074152126700652,0.92253491394504,0.09592702136291456
1416,0.6075118026202596,0.9225768378341159,0.09589529590379396
1417,0.6076533206837723,0.9226233503310896,0.09583377576925632
1418,0.6077964168077711,0.9226721302306258,0.0957883890212482
1419,0.6078024272688887,0.9226361746062611,0.09576265899109865
1420,0.6078016531953293,0.9226696053433655,0.09571930423951082
1421,0.6078022660890477,0.9226661965534113,0.0957111969043548
1422,0.6078401740804978,0.9226795703854751,0.09570864561687036
1423,0.6079663120608252,0.9226787441286091,0.09566805428221786
1424,0.6081381914848645,0.9227437071335536,0.09560282658484719
1425,0.6082614232295422,0.922766723191091,0.09556665684484211
1426,0.608288636267711,0.9227498637079692,0.0955583102766992
1427,0.6082769875851836,0.9227699321421753,0.09553930738412562
1428,0.6083522804139471,0.9228334001986506,0.09547887149360469
1429,0.6084578879263352,0.9228533187537042,0.09544652625312236
1430,0.6085514838459675,0.9228221362038865,0.0954306262147939
1431,0.6085566168550088,0.9228347913846296,0.09539858371989844
1432,0.608571862878635,0.9228764923765045,0.09534456936177751
1433,0.6086108371724779,0.9228635604957877,0.09534625289535252
1434,0.6085375887524296,0.9228681298884094,0.09531242442610459
1435,0.6085812523617299,0.9228877794295998,0.09529089164738326
1436,0.6085818005113064,0.9228968451967947,0.09528915861123569
1437,0.6085941166122973,0.9228773416917017,0.0952941032432895
1438,0.6086078456488108,0.9228968106092981,0.09526909460645859
1439,0.608482976900988,0.9228966799454216,0.09517607847271972
1440,0.6085035563316527,0.9229101767552514,0.09513349706869388
1441,0.6085442873110403,0.922860847298823,0.09513413240326309
1442,0.6085474379398701,0.9228379042593342,0.0950999769083182
1443,0.6085027525920544,0.9228292727573757,0.09509533863870326
1444,0.6084550759830476,0.9228240346731508,0.09507182825421985
1445,0.6085871788703965,0.9228414821437168,0.09500534058528254
1446,0.6085832965781148,0.9228469239098669,0.0949972844310663
1447,0.6086130727413007,0.9228625190278309,0.09494090188542406
1448,0.6086860468509191,0.9228715117769773,0.09491375500721609
1449,0.6085837785739598,0.9228884865517548,0.09488511538014145
1450,0.6085869702309618,0.922884439814639,0.09486845214183443
1451,0.6087299125250495,0.9229225936665728,0.09482265942119167
1452,0.6087040869128929,0.9229261254342931,0.09481303366055585
1453,0.608668542915543,0.9229109338371241,0.09482876203875619
1454,0.6087380503100082,0.9228487378319169,0.09482371313932395
1455,0.6087149494115068,0.9228602324099925,0.09480247254828232
1456,0.6087684679477701,0.9228679569509258,0.09478687515532881
1457,0.6089052474261544,0.9229205991209288,0.09475130077657198
1458,0.608947760232963,0.922958580035379,0.0947281481513967
1459,0.6089776914922373,0.9229699862231852,0.09469630316268729
1460,0.6090833371903374,0.9229736909283891,0.09466289405343256
1461,0.6090818609806291,0.9229949968263665,0.09462782606266705
1462,0.6091651219284295,0.9230321476408956,0.09458568400416854
1463,0.6092369250315666,0.9230225323168083,0.09458012696270544
1464,0.6092871192637742,0.9230062185475236,0.09454984740114335
1465,0.6093151596327965,0.9230028212867349,0.09455537073864544
1466,0.6094008193314162,0.9230252916304353,0.09443470868661001
1467,0.6094593967335444,0.9230363903738262,0.09442270401901239
1468,0.6093985564108628,0.922999012819041,0.09440192981218559
1469,0.6094229236232005,0.9229920991627527,0.09436543811696342
1470,0.6094399355089164,0.9229947316555585,0.09433070174633286
1471,0.609535071678798,0.9230030172825497,0.09431669487098344
1472,0.6096114316912746,0.9230008497994221,0.09429344184534098
1473,0.6096390100190359,0.923023996520836,0.09424096160513336
1474,0.6096541490995219,0.9230336080018681,0.09422124736551735
1475,0.6095994117125014,0.923034049953215,0.09421845612666344
1476,0.6096256764005895,0.9230460902451276,0.09417900449593222
1477,0.6096467900368365,0.9230405908331497,0.0941616927965888
1478,0.6095642646821892,0.9230274053107902,0.09415973721933789
1479,0.6095040420082303,0.9230112875373202,0.09415408714959787
1480,0.6094682702262413,0.9230175056006188,0.09412470369136887
1481,0.6093601418573842,0.9229994509273327,0.09411395296332926
1482,0.6093688785377664,0.9230135165093308,0.09409177689551325
1483,0.6093838245373315,0.9229873529895922,0.09406136290178099
1484,0.6093849012415612,0.923024561449949,0.09403822104868381
1485,0.6094384827641388,0.9229889363283308,0.09398938585383855
1486,0.6094627800047959,0.9230177784575374,0.09396850871588439
1487,0.6094904654856641,0.9230040395352305,0.093942971770229
1488,0.6095207592038397,0.9230309793521176,0.09391686154961254
1489,0.6094698373111745,0.923032316735324,0.09389424411528106
1490,0.6095331053235379,0.9230434193217701,0.0938785800238514
1491,0.6095999951803172,0.9230148654217027,0.09386431346398033
1492,0.6096308402238176,0.923039549365193,0.09385419907772286
1493,0.6096880343031386,0.9230233201431225,0.0938161367611258
1494,0.6096241772798319,0.9230178168880893,0.09381045420987019
1495,0.6095989751622379,0.9230558977219745,0.09378891509169608
1496,0.6094996549719975,0.922999277989849,0.09377932749495528
1497,0.6094541423216088,0.9229721421771472,0.09377404844353146
1498,0.6096572350597568,0.92303898443608,0.09366909562117523
1499,0.6096911146577793,0.9230540453693725,0.09364270542255433
1500,0.609707159302007,0.9230042585893763,0.09363728676281427
1501,0.6096944606668034,0.9229955271679829,0.09363911414275079
1502,0.6096548043177549,0.9229922375127396,0.09363633167664297
1503,0.6096712521284466,0.9229956539888042,0.09361794345291685
1504,0.6097115169648644,0.9229920299877593,0.09362210628440785
1505,0.6096729840533329,0.9229828527719638,0.09361455093385991
1506,0.6096873644503259,0.9230094659291598,0.09359892009178673
1507,0.6096520602774488,0.9230053577031608,0.09358353104210736
1508,0.6095900819121967,0.9229848165731663,0.09356940113726164
1509,0.6096614968932349,0.923027843419082,0.0935251763069673
1510,0.6097789332422904,0.9230342882226369,0.0934914738250303
1511,0.609800008884524,0.9230432848148384,0.09339519093832495
1512,0.6098912288071809,0.9230118447803228,0.0933550458585117
1513,0.6098480943245244,0.9230011649299478,0.09335277839421206
1514,0.609888790719753,0.9230393303110471,0.09331933954541721
1515,0.6098748295052702,0.9230147578161575,0.0933150826820337
1516,0.6098965676544934,0.9230439573494968,0.09330289910895966
1517,0.6099405879665886,0.9230475121755483,0.09328921801695893
1518,0.6100496006114189,0.9230236890764207,0.09324613666366308
1519,0.6100555452363983,0.9230032248075299,0.09323705954556463
1520,0.6101094394444625,0.9230227090973471,0.09319060087366281
1521,0.6101760602678372,0.923018616243569,0.09316963954045743
1522,0.6102386394872458,0.9230326472380704,0.0931528307972794
1523,0.610224757786839,0.923036082929411,0.09314722740163565
1524,0.6101716677773797,0.9230059303183843,0.09315283733620851
1525,0.6101823570101439,0.9230051770795669,0.09312004949866969
1526,0.6101490969233362,0.9230057112642384,0.09308264145704985
1527,0.6103668321709911,0.9230388691444242,0.09309943524540343
1528,0.6102936639269446,0.9229954118763272,0.09310359410174307
1529,0.6103375736400803,0.9230242078888715,0.09307159912589705
1530,0.6103352255554113,0.9230064260725039,0.09306037539006227
1531,0.6107749144798852,0.9231172405689293,0.09235760558801451
1532,0.6109038875756009,0.9231121677360775,0.09232050987638807
1533,0.6108783756211098,0.9231202419950333,0.09230916471928746
1534,0.6109225386660011,0.923130330014909,0.09229125310659268
1535,0.6109232893057308,0.923173806498282,0.092284001382966
1536,0.610866560040168,0.9231593297093784,0.09238097586502045
1537,0.6108421617044416,0.9231581921650419,0.09238759474637559
1538,0.6107971710055506,0.9231532346238459,0.09237309468677235
1539,0.6107419352728238,0.923127048045776,0.09237412162680257
1540,0.6107486613696236,0.9231364712171038,0.09235875582579062
1541,0.6108518857480845,0.923118485718811,0.09232925577246441
1542,0.6109379347981986,0.9231156610732458,0.09230483053757316
1543,0.611058629965135,0.9231453678898704,0.09221258962635433
1544,0.6110277840193306,0.9231523276628208,0.09219615553534732
1545,0.6111837561663768,0.9231572390873546,0.09216659320523488
1546,0.6113119576267794,0.9231985942042623,0.0921280363118691
1547,0.6113294063688234,0.9232234818296776,0.0920941277413571
1548,0.6113883733907163,0.9232721118500614,0.09206132275218251
1549,0.611685303683837,0.92331660674306,0.09182971156939398
1550,0.6116064949188071,0.9232760586677423,0.09181104783267055
1551,0.6116648710840141,0.9232841482989189,0.09179011302993349
1552,0.6116664941029102,0.9233183169026199,0.0917745170051591
1553,0.6116817719369692,0.9233097661048204,0.09176150524533237
1554,0.6116012536466542,0.9232720734195096,0.0917736834645653
1555,0.6116988729459414,0.923297406839327,0.09175496564373829
1556,0.6117025406567019,0.9233078791647218,0.09176158802559393
1557,0.6117466768323842,0.9233218409842298,0.09172600645820238
1558,0.6119747524693371,0.923397153336803,0.0916611840032248
1559,0.6120201957661517,0.9234165722946819,0.09163822666767818
1560,0.6121170806091059,0.9234746331725038,0.09159695657823436
1561,0.6121796771161117,0.9235022109365526,0.09157885050881831
1562,0.6121005918368584,0.9235030218211979,0.09156312819108162
1563,0.6121435194307027,0.9234983448230307,0.09153510117590585
1564,0.6120978198313632,0.923588426036702,0.09100790838958094
1565,0.6120617699495762,0.9235622817322393,0.09100816144373454
1566,0.6121355222675573,0.9235545533482507,0.09100714939385991
1567,0.6120674796099673,0.9235697257301437,0.09099523085385543
1568,0.6120583918206876,0.9235739300325224,0.09098937876181429
1569,0.6121478305530147,0.9235540729663518,0.09096457676308792
1570,0.6121441803965136,0.9235635422543419,0.09096687303658076
1571,0.6121768242875201,0.92359191168776,0.09095266908779627
1572,0.6122301728082445,0.9236095090374785,0.09092813967739977
1573,0.6123014763593421,0.9236128755538255,0.09089255042662087
1574,0.612301925876171,0.9236110385734444,0.09088093235657337
1575,0.6124023067401367,0.9236356418127756,0.09084380484770903
1576,0.6124490414429271,0.9236520939320472,0.09083598974535936
1577,0.6124084936936343,0.9236243816610666,0.09083787626039852
1578,0.6125152431081377,0.9236437852467247,0.09081223838800842
1579,0.6125314013951553,0.9236657252488089,0.09080562142231215
1580,0.6124572131867488,0.9236406108831372,0.09080308449742355
1581,0.6124901627865842,0.9236169453492725,0.09073370914938798
1582,0.6124152430144727,0.9236238666916711,0.09072035079886445
1583,0.6124188011458567,0.923610408312393,0.0907006144135771
1584,0.612390095056041,0.9236116457761645,0.09069517400765595
1585,0.6122659365565695,0.9234970266551003,0.09059354556455566
1586,0.6123848073504484,0.9235263414800954,0.09055511161664472
1587,0.612386061636318,0.9235209881042147,0.09041339298592371
1588,0.6124071806883187,0.9235304612352598,0.09038798643845523
1589,0.6124014635350528,0.9235297733283807,0.09039068487480521
1590,0.6124058197380284,0.9235245506163765,0.0903611847755562
1591,0.6124802107551843,0.9234950474816771,0.09034118663718328
1592,0.6124240590613419,0.9234669047885151,0.0903401788627616
1593,0.612458754889348,0.9234607059404925,0.0903369693255618
1594,0.6125622267015852,0.9234870154963284,0.09031870761377347
1595,0.6125829840646814,0.9235090861622889,0.09029280203874793
1596,0.6126837941457915,0.9235151389742143,0.09026057739864428
1597,0.6126431694029033,0.9234757668737851,0.09026793842833447
1598,0.6126379623558745,0.9234675043051249,0.0902397607362254
1599,0.61263082194047,0.9234638265013074,0.09023049741606949
1600,0.6126176555406949,0.9234663667607884,0.09023442176997215
1601,0.612663634896228,0.9234732189281936,0.09021996627147362
1602,0.6126397962132738,0.9234823231259405,0.0902342222455497
1603,0.6126336655314799,0.9234949821497388,0.09022864844124227
1604,0.6126299277377035,0.9234821425023465,0.0902105671295185
1605,0.6126247033841153,0.9234917578264338,0.09020158836769737
1606,0.6126055007068096,0.9234568167686394,0.09019128879069929
1607,0.6126354885671141,0.9234246503966929,0.09017327263059229
1608,0.612693335727337,0.9234429971421735,0.0901132479017715
1609,0.6128080885163583,0.923443873358757,0.09009708116535711
1610,0.6129166946558523,0.9234643799012549,0.09005392976135203
1611,0.6129012628891589,0.9234516670746838,0.09005825449449428
1612,0.6129714898804258,0.9234416712881327,0.09005115215607908
1613,0.6130162256587632,0.9234625429208737,0.09002555938997579
1614,0.6130640513674653,0.9234785915193503,0.09000751103574335
1615,0.6130726510597527,0.9234911006639962,0.08999383341845361
1616,0.6131479449420981,0.9234780573346787,0.08997248800066417
1617,0.6131536550780632,0.9234799980775501,0.08997090742822492
1618,0.6131477810523667,0.9234849940492981,0.08995050992718585
1619,0.6131625221817322,0.92346377654159,0.08993968900620435
1620,0.6131515567869347,0.9234576891421677,0.08993358127461003
1621,0.6130665867207838,0.9234440808837373,0.08992711644252595
1622,0.6131856449348505,0.9234327400278693,0.08988165289592245
1623,0.6129786249543475,0.9233868808502781,0.08988593992808672
1624,0.6130830964350408,0.9233880376098905,0.08987138637038464
1625,0.6130830964350408,0.9233880376098905,0.08987418473252558
1626,0.6131108428873676,0.9233946438217634,0.08986238891933147
1627,0.6131590879364335,0.9233776805761514,0.08985046434928831
1628,0.6131322801965571,0.9233732572196269,0.0898333669928848
1629,0.6131377375988731,0.9233833183381163,0.08983451206942689
1630,0.613134438554683,0.923385266767098,0.08982496819364848
1631,0.6131234514645475,0.9234150735031574,0.08980697211832328
1632,0.613145188345414,0.9234115109909956,0.08979987556639965
1633,0.6131769398080426,0.9233924417511391,0.0897668919444141
1634,0.6132550654192506,0.9233966460535178,0.08975768719582544
1635,0.6133279386841122,0.923344611086235,0.08973944286465257
1636,0.6133246586516745,0.9233147812918444,0.08972072496732166
1637,0.6132919314884843,0.9232910350538207,0.08970117149318232
1638,0.613318021260158,0.9233159342084016,0.08967138425436011
1639,0.6132981399389974,0.923305769327422,0.08966199883700089
1640,0.6132651568082493,0.9233027217846558,0.08964409935982084
1641,0.61335945260149,0.923332601538764,0.08961300072623014
1642,0.6132463456312207,0.9233297961084747,0.0896242769785424
1643,0.6132686811143262,0.9233130250156222,0.08960742681058466
1644,0.6131886388018482,0.9232590723637992,0.08960065198912458
1645,0.6132252391334486,0.9232939788340968,0.08958378532977879
1646,0.6132682651056524,0.9233318521430017,0.08954833697382567
1647,0.613261276290161,0.9233608018777537,0.08952404798108031
1648,0.6132954623487877,0.9233768965928926,0.08950891378732069
1649,0.6132870439881924,0.9233723925322089,0.08949849003763155
1650,0.6134432684945971,0.9234081982774213,0.08945660243000084
1651,0.6134496841925903,0.9234444997767531,0.08943186930671689
1652,0.6134840093334964,0.923458219483784,0.08937978845945273
1653,0.6135619252238658,0.9234568513561362,0.0893558388958218
1654,0.6135103664035002,0.9234309606933161,0.0893594990646132
1655,0.6136293036957616,0.9234489884652158,0.08934454676008746
1656,0.613636312089936,0.9234370596219038,0.08934108873106096
1657,0.6136696943882672,0.9234378628204386,0.08932338380724279
1658,0.6135697038439248,0.9234146161795898,0.08930645020872217
1659,0.6137458078548765,0.9235485466529876,0.08881803845861296
1660,0.6138160552790344,0.9235923997557692,0.08878522149684791
1661,0.6138712971431156,0.9235789682778776,0.08876305614623024
1662,0.6138436608998313,0.9235569475716345,0.08876713101234122
1663,0.6138476784763335,0.9235888564588833,0.08874189617627781
1664,0.6137786217618353,0.9235800904499932,0.08873478579489631
1665,0.6137116942122408,0.9235577315548934,0.08872485910055329
1666,0.61380095216116,0.9235924804599283,0.08868423950231309
1667,0.6138597464367834,0.9235500800320087,0.08867101512596273
1668,0.6139413317748287,0.9235927686890676,0.08864398612651198
1669,0.6139354543574365,0.9235677696150517,0.08863522593465538
1670,0.6139535734950844,0.9235412448481252,0.08861979731334775
1671,0.6140054410527591,0.9235286742145962,0.08860968033494408
1672,0.6139053849756467,0.9234956239399557,0.08860701624730591
1673,0.6139098085799858,0.9234945670997782,0.08860170682484754
1674,0.6138821208644608,0.9235098893608238,0.08858008456815131
1675,0.6139091796187743,0.923497887499463,0.08856604452711365
1676,0.6139598969710993,0.9235019726671309,0.08854541621015591
1677,0.6141051380462665,0.9235497841167589,0.08848462870113584
1678,0.6142235624441444,0.9235826345525295,0.08844783499016794
1679,0.6141523550997666,0.9235717663924501,0.08842716458220076
1680,0.6142378403197973,0.9236217145807643,0.08839745467804941
1681,0.6142144613765964,0.9236116573053301,0.0884011743677547
1682,0.6142059901374539,0.9235963888470572,0.0883798027480871
1683,0.6142809901733447,0.9236604026173696,0.08834803862784316
1684,0.6142468947701307,0.9236588615522381,0.08834239553024423
1685,0.6142896762750494,0.9237028568480619,0.0883132831470049
1686,0.6142868193995539,0.9236860780690991,0.0883100584557056
1687,0.6142735994877622,0.9236594802841238,0.08830482857214264
1688,0.6143392990378053,0.923660229679886,0.08825510511407439
1689,0.614390154228401,0.9237054739686468,0.08823855274943511
1690,0.6144525014596043,0.9237084215919781,0.0882212637486501
1691,0.6144580230172414,0.9237179062521889,0.08819196712161907
1692,0.614422160150083,0.9236544228234927,0.08820128129320266
1693,0.6141787877307233,0.9236237052833531,0.08821937754731021
1694,0.6142176877995122,0.9236245123249431,0.08819200818326267
1695,0.6142341185869747,0.9236296773911196,0.08818509973468393
1696,0.6142243235411851,0.923666332451529,0.08816365278671257
1697,0.6142895127364414,0.9236883992744342,0.08813108476317726
1698,0.6142518537099139,0.9236801443918845,0.08810958203525461
1699,0.6142549906461172,0.92369264585042,0.08810182479503063
1700,0.6142605088187156,0.9236807823390462,0.08808047367919519
1701,0.6142900363734151,0.9236749293659907,0.0880717441449006
1702,0.6143101642868348,0.9236839259581923,0.08805669390112679
1703,0.6143608384442131,0.923697257516649,0.08803177159793542
1704,0.6143514059701911,0.9236897597159718,0.08802390602344021
1705,0.6143758289609855,0.9236672432556091,0.08801998444710891
1706,0.6144801246981854,0.923703221938305,0.08798988086883372
1707,0.6144757259949403,0.9237175296327802,0.08798416734147438
1708,0.6145774632130722,0.9237373713267301,0.08795530103224335
1709,0.6146466818962006,0.9237521517169937,0.08793960935127898
1710,0.6146828751954163,0.9237586157358245,0.08793024456671712
1711,0.614692332937622,0.9237694493084072,0.0879322888292408
1712,0.6146361411486301,0.9237700834125138,0.08792899241276786
1713,0.6145197464866529,0.9236876729370032,0.08776836057891794
1714,0.6145903896559292,0.9236867006440399,0.08775569320357567
1715,0.6145183930534024,0.9236618783505629,0.08773205487747415
1716,0.6145547677080606,0.9236630812268376,0.08771505891231715
1717,0.6145662987081877,0.9236732922244794,0.08769838362212883
1718,0.6145740318637276,0.9236717165718512,0.08769688932022107
1719,0.6146107605269395,0.9236746949396241,0.08767472064814548
1720,0.6145751033822026,0.923673887898034,0.08764859148072944
1721,0.614584824023783,0.9236968808972402,0.08763149896182879
1722,0.6145262018539934,0.9236726773356488,0.0876280461289852
1723,0.614522051642402,0.9236690302762729,0.08763804205483945
1724,0.6147071064229336,0.9237257499278332,0.0876009794483339
1725,0.614726329168295,0.923739062271014,0.08759047497666812
1726,0.6147639842047239,0.9237543268862316,0.08757803960413979
1727,0.6146287865796888,0.923721153633825,0.08757931929204502
1728,0.6146674597216509,0.9237190822270772,0.08754865524600465
1729,0.6147108494368095,0.9237263571305533,0.08753066480001415
1730,0.6147067484466784,0.923748070392381,0.08753508832243016
1731,0.6147649012647458,0.9237845640444725,0.08751581592168774
1732,0.6147772692114792,0.9237354843866313,0.0874632777876431
1733,0.6147108221514134,0.9237129832984895,0.08746482462062911
1734,0.6147447097016167,0.9237316336453303,0.08743413200647564
1735,0.6147689242898617,0.9237486430076045,0.08741479566855832
1736,0.614834947127477,0.9237540232848716,0.08739824961563081
1737,0.614757572123392,0.9237612405425198,0.08738619149422124
1738,0.6147879017498976,0.9237606948286827,0.08737087667741025
1739,0.6149184007234546,0.9238017155997889,0.08733346900715086
1740,0.6148759422368665,0.9238104547072926,0.08731750519587264
1741,0.6149898317567544,0.9238203198299673,0.08727649808857584
1742,0.6150435994516812,0.9238420715223469,0.08724021636707334
1743,0.6150676472945832,0.9238559603238063,0.08721856277625442
1744,0.615057523852494,0.923854038796211,0.08721025394493197
1745,0.6151927940142647,0.9238375098158355,0.0871868820380881
1746,0.6152462621460232,0.923870560090476,0.08715868664001968
1747,0.6153115810140365,0.9238797526784922,0.08715447813464178
1748,0.6153335385016001,0.9238898330122576,0.08713131002175502
1749,0.6153722235235973,0.9238995982154973,0.08711105553635363
1750,0.6153419208401755,0.923894698320129,0.0871027820430499
1751,0.6154313187282212,0.9239095286701102,0.08707277185154631
1752,0.6154567230865232,0.923900397570977,0.08706189749657094
1753,0.6155467948594566,0.923922195380019,0.08704559315326824
1754,0.6155362114636709,0.9239109160130341,0.08703105975955956
1755,0.6156354560826014,0.9239082681480076,0.08699603889678023
1756,0.6157051333738904,0.9239525747313019,0.08696821195124863
1757,0.6157658698225009,0.9239650954051133,0.08693981165770055
1758,0.6158087334430293,0.9239559604629249,0.08693301541728027
1759,0.6158316388510037,0.9239460914971951,0.08692093271407753
1760,0.6158303088194046,0.9239395544603156,0.08691269328177227
1761,0.615821279642915,0.9239410647810056,0.08692006537094772
1762,0.6158527366706525,0.9239365146036597,0.08691062853170205
1763,0.6159359541337962,0.9239412185032132,0.08688650202240095
1764,0.6159234180823001,0.9239393008186729,0.08688699256472178
1765,0.615943572403512,0.9239031338262728,0.08687874065104603
1766,0.6159648610101649,0.9238914547815481,0.08687053883340468
1767,0.6160769850114223,0.9238655602756728,0.08646662423954599
1768,0.6160969298004065,0.9238741764054105,0.08645968097413555
1769,0.6160875886722024,0.9238893449442483,0.0864531909756934
1770,0.6161492809808503,0.9239259731032714,0.08643159417200379
1771,0.616139143636173,0.9239199510357875,0.08640481502061607
1772,0.6161324557571196,0.9239148320862735,0.08638964577984237
1773,0.6161713396015391,0.9239039677692492,0.08637034347854611
1774,0.6162536664891147,0.9239409149018531,0.08635648911538595
1775,0.616263759829779,0.9239478708317483,0.08634766181845312
1776,0.6162433780514842,0.9239385860104075,0.08633756507091986
1777,0.6161985226077461,0.923908517946595,0.08634018894352308
1778,0.6162942577894319,0.9239228717577325,0.08631829063916463
1779,0.6163082865614485,0.9239108468380406,0.08631236773869375
1780,0.6163146443680203,0.9238968658032567,0.08632031853776863
1781,0.6163217535466665,0.923900739602889,0.08631106035241033
1782,0.616272951602101,0.9238907207580067,0.0862863873149208
1783,0.6163354609531795,0.9239121765351367,0.08626503353248723
1784,0.6163688923336542,0.9238967005518834,0.08625898307202459
1785,0.6164285224404406,0.9238833574642612,0.08624916704238512
1786,0.6165719292983781,0.9239297431404135,0.08618185030789578
1787,0.6165482522628792,0.923917118704112,0.08617531592267003
1788,0.6165250386127888,0.9239070691147881,0.08617353446277529
1789,0.616601936638885,0.9239230600674369,0.08615387878915562
1790,0.6167003724304959,0.923955560785185,0.08612362346826187
1791,0.616687718822394,0.9239269684545659,0.08610419544326126
1792,0.6167158273331991,0.92392523907973,0.08609690008081364
1793,0.6167667768148237,0.9239474135081807,0.08608338737689347
1794,0.6166933152345679,0.9239359804189882,0.0860808665460881
1795,0.6166824631341656,0.9239340435191721,0.08607230113233269
1796,0.6167631856906381,0.9239477862845341,0.08604742013651205
1797,0.6167841508754982,0.9239390932936927,0.08604628812865614
1798,0.6168317641232429,0.9239567444461838,0.08602983640884705
1799,0.6168715959699747,0.9239672359868546,0.08599810405999217
1800,0.6169204783153572,0.9239651107773341,0.08598647488752999
1801,0.616994039945771,0.9239838149269475,0.0859627085168339
1802,0.6169690246354368,0.9240022961793598,0.0859504257247139
1803,0.617014949719433,0.9240227719774161,0.08593411844474651
1804,0.6170847742674583,0.9240249279313781,0.08591480029371605
1805,0.6171402391742553,0.9240485780930221,0.08589847206856378
1806,0.6171743725445338,0.9240634891471622,0.08588626295328622
1807,0.6170680397127606,0.9240500845706568,0.08589204704630014
1808,0.6171149498297798,0.9240475250958998,0.08587146537705354
1809,0.6170989387394734,0.9240287018115755,0.08586485847117753
1810,0.6171314476194683,0.9240328907417334,0.08584625851188651
1811,0.6172062096484934,0.9240229372287894,0.08583284960069815
1812,0.6172618900145556,0.9240349659915364,0.08582141008005627
1813,0.6172503763872386,0.9240337823305377,0.0858135338995782
1814,0.6172444165987738,0.9240309115683102,0.08580905316256195
1815,0.6172432460821717,0.9240334902583431,0.08580266956661492
1816,0.6173301994680114,0.92402798700331,0.08582381782230834
1817,0.6174110160081238,0.9240342358110502,0.08580729723100307
1818,0.6174410550024926,0.9240402425063133,0.08579349099497607
1819,0.6175276684997626,0.9240785462373996,0.08577543023364873
1820,0.6175306855120409,0.9240906941348576,0.08575965093522178
1821,0.6175960730108438,0.924093403488767,0.08574239657438212
1822,0.6175825982232739,0.9240988759993587,0.08574049029185693
1823,0.61761778814246,0.9240919700291809,0.08573160829891323
1824,0.617625824151043,0.9241115772967641,0.08571671011607841
1825,0.6176217142499836,0.9241386977372452,0.08571195831055205
1826,0.6175861443681379,0.9241343589279348,0.08570512566970967
1827,0.6175727530177371,0.9241357770153003,0.08568731897633322
1828,0.617648137239563,0.9241233908484204,0.08567668567024563
1829,0.6176666432597253,0.9241116118842608,0.08567313095751705
1830,0.6176350648203132,0.9240818013051462,0.08566910011840632
1831,0.6176256519150766,0.9240722782143834,0.08566226950876965
1832,0.6177099165941271,0.9241085412831633,0.08563280901050889
1833,0.6177553957747918,0.9241257082107005,0.08561543599683068
1834,0.6177359518263744,0.9241073922096613,0.08561689870755389
1835,0.6178162759601419,0.9241118732120138,0.08561103811464807
1836,0.6178507153938732,0.9241393664288484,0.08560106403573732
1837,0.6178767876591172,0.9241264614495178,0.08560023380432952
1838,0.6178769318620079,0.9240947985178013,0.08559914214777092
1839,0.6179290879497483,0.9241024846281828,0.08558353365088907
1840,0.6179937276017078,0.9241178068892283,0.0855612298362158
1841,0.6179662892632578,0.9241006514908567,0.08555509280708508
1842,0.6179916512762921,0.9241124458272372,0.08553331711457718
1843,0.6179650119675952,0.9240966085967961,0.08551722268504018
1844,0.6179853435624834,0.9240745071863941,0.08550586096085183
1845,0.6179198130323195,0.9240757484932207,0.08550409856408052
1846,0.6179354500521479,0.9240642885026419,0.08549044031996915
1847,0.617962632086429,0.9240858672575379,0.08547443462426903
1848,0.6180078380952434,0.924103879657217,0.08545475697722194
1849,0.6181232260464644,0.9241057473820397,0.08543766335234508
1850,0.6181125084737914,0.9241029073642537,0.08543715111626143
1851,0.6181299324464848,0.9241002364408961,0.08543165540438494
1852,0.6181501271051643,0.9240908478570652,0.08542623586710396
1853,0.6183810841231694,0.9241484898418713,0.08533524007776473
1854,0.618398885626958,0.9241829927913738,0.08533293078102724
1855,0.6182619508206962,0.9241701185564848,0.08534247506958048
1856,0.6182890415959411,0.9241802450069124,0.08532703835390168
1857,0.6183699686744673,0.9242037299171831,0.0852999452090942
1858,0.6183184491759867,0.9241945911319396,0.0852957560075178
1859,0.6183266684264606,0.924145138697745,0.08529415940072518
1860,0.6183928265931748,0.9241512529985534,0.08528522104390564
1861,0.6184185717154558,0.9241484475682642,0.08527001143763248
1862,0.6184248414091229,0.924158074421517,0.08526433641556051
1863,0.6183816413648823,0.9241598691282911,0.08526441275442101
1864,0.6185336522597045,0.9241702184759197,0.08524460019178752
1865,0.6185739445356601,0.9241604840171216,0.08522746772463431
1866,0.6185621164380622,0.9241426138104846,0.08523237384598013
1867,0.6184741749312871,0.9241074921290963,0.08523152967171091
1868,0.6184813177519304,0.9240805676844299,0.08523237142858864
1869,0.6185131143911824,0.9240657334913935,0.08521805700409055
1870,0.6185544800699854,0.9240557722923392,0.08519116080363504
1871,0.6185805239504465,0.9240983879313495,0.08517343857933779
1872,0.61856742500108,0.9241130953035644,0.08515902498573245
1873,0.6189148522324411,0.9241504574861289,0.08494063877990654
1874,0.6190977409289148,0.9242096828096736,0.08485383035816096
1875,0.6191327844435325,0.9242277336399046,0.08483873086653039
1876,0.6191299101545438,0.9241837152857497,0.08483199913448268
1877,0.6191521369024185,0.9241901716184702,0.08481583222767267
1878,0.6190516836498581,0.9241531553108728,0.0848201075551784
1879,0.6190640730079843,0.9241352774181255,0.08482360203785022
1880,0.6190295426652788,0.9241306888102278,0.08481283313750634
1881,0.6190869154968589,0.9241469833642365,0.08481147228538363
1882,0.6189846696084391,0.9241512107249463,0.08483517302287945
1883,0.6189569631350343,0.9241285136409897,0.08482767129810893
1884,0.6189586692468183,0.9241346740584605,0.08482857764275557
1885,0.6190614992088975,0.9241603533532451,0.08481124946876256
1886,0.6191171385385332,0.9242116696692072,0.08477557752660608
1887,0.6191411645393036,0.924205720619772,0.08477121931731216
1888,0.6192241695591651,0.9242109587039969,0.08475614549871467
1889,0.6191722433255995,0.9241661486804728,0.08475944065406114
1890,0.6191567742374653,0.9241867666715712,0.0847546626996832
1891,0.6191369564454989,0.924173123825644,0.08474926440757358
1892,0.61901135362606,0.9241412149383952,0.08476372760375141
1893,0.6190758218849595,0.9241615831309061,0.0847455446682343
1894,0.6190990863064155,0.9241738117325231,0.08473163436845381
1895,0.6190989982432891,0.9241503652528044,0.08472148357068755
1896,0.619093239612406,0.9241507534013786,0.08471239895392918
1897,0.6191068799542335,0.9241384786830994,0.08470518285326675
1898,0.6191377940018963,0.9241260963592748,0.08469340670545407
1899,0.6192189622236108,0.9241495466820487,0.08467884049464136
1900,0.6193061126508779,0.9241250779496492,0.08465886487082767
1901,0.6194214615461546,0.9241334903974617,0.0846355725566092
1902,0.6194209342200137,0.9241312268379545,0.08464522482389104
1903,0.6194426202668827,0.924111496592605,0.0846226901948868
1904,0.6195219968684665,0.9241116656870335,0.08458798590316814
1905,0.6195458359337416,0.924132406655898,0.08457898457765199
1906,0.6195791285409051,0.9241410727453531,0.08456957486167932
1907,0.6195924693218645,0.924145300106063,0.08455976003269856
1908,0.6195419284514252,0.9241531553108728,0.08455938939706469
1909,0.6196191119206373,0.9241666213762613,0.08452779275542578
1910,0.619750014552103,0.9241444008311483,0.08449942475978124
1911,0.6196464690688027,0.9241334020071924,0.08450261507046873
1912,0.6196922276589991,0.9241159237921848,0.08448262558900153
1913,0.6196463989140937,0.9241477442891642,0.08447898509500082
1914,0.6196078164553658,0.9241397891649195,0.08446790416026621
1915,0.619561546957836,0.9241382865303398,0.08447639872661536
1916,0.6195900743666494,0.924137706229006,0.0844683220587644
1917,0.6196307518203106,0.9241139023451544,0.08447520047028248
1918,0.6197032154071143,0.9241247666621788,0.08444273183760229
1919,0.619752589350189,0.9241299240422447,0.0844398515878204
1920,0.619799166744571,0.9241368069540914,0.0844240416811639
1921,0.619798190487988,0.9241403387218117,0.0844146912201824
1922,0.6198119866465452,0.9241425446354912,0.08440009966820666
1923,0.6197756980531015,0.9241367224068772,0.08439086307689415
1924,0.6198351107631958,0.9241432210132048,0.08436957552943704
1925,0.619812377287782,0.9241310654296364,0.08436536460997764
1926,0.6198434726323465,0.9241159737519024,0.08436496803887028
1927,0.61985736539292,0.9241164541338012,0.08435342702985918
1928,0.6198712814536873,0.9241363073569165,0.08434330741303177
1929,0.6198888884799584,0.9241272646480527,0.08432268270122556
1930,0.6198427094808822,0.9241345664529151,0.08430432664733291
1931,0.6198318787926372,0.9241194786182363,0.08430022603754918
1932,0.6201792440258962,0.9242094253249759,0.08420465204469993
1933,0.6201967948829384,0.9242238367819412,0.08393799449324911
1934,0.6202466524841396,0.9242289211439586,0.08392783111521866
1935,0.6202257431387058,0.9242101439762965,0.0839376025603603
1936,0.6202041301010657,0.9242001481897454,0.08393980879504585
1937,0.6202222560005525,0.9241803679846786,0.08393424008720256
1938,0.6202393278105233,0.9241958670262629,0.08392933441008588
1939,0.6202547688340303,0.9242063431947128,0.08391631086274522
1940,0.6202521504321774,0.9242088334944765,0.08390753431057528
1941,0.6203099950765525,0.9241892838727211,0.08389223139100771
1942,0.6202952408079202,0.9242026846061713,0.08388227130936367
1943,0.6202694185913642,0.9242157586799302,0.08388397400073246
1944,0.6202508883779055,0.9242097481416118,0.08387027343313282
1945,0.6202123124994943,0.924206527661362,0.08386123511041291
1946,0.6201577428552983,0.9241771667197046,0.08385898590381084
1947,0.6201286107882988,0.9241840919051584,0.08385910598493479
1948,0.6202141192276978,0.9242025923728467,0.08383979884872061
1949,0.6201635102014126,0.9242173304895033,0.08383796954470316
1950,0.6202233188728884,0.9242183604282943,0.0838321430113782
1951,0.6201900607756228,0.9242227222959358,0.08384541776921474
1952,0.6202688011476769,0.9242279104204434,0.08382822712596841
1953,0.6202744758151584,0.9242186332852129,0.08381444210348714
1954,0.6202057452999306,0.9242065622488588,0.08381343742330136
1955,0.6202938223921209,0.9242296974411071,0.08379028934212794
1956,0.6202854720609033,0.9242169154395427,0.08378541302619279
1957,0.6203429183963362,0.9242164850173613,0.08376934423272295
1958,0.6202898149425965,0.9241929578334834,0.08376861693998183
1959,0.620442906210925,0.9242162121604427,0.08366031744761158
1960,0.6204176401122024,0.9242062509613883,0.08367816793469185
1961,0.6204471789772086,0.9242449005674417,0.0836725987349838
1962,0.6204632104573956,0.9242569600746303,0.08365242056274493
1963,0.6204508537255201,0.9242537664957667,0.08365328777657922
1964,0.6204972709894957,0.9242423487787951,0.08364513608803313
1965,0.6205785009855039,0.924255522771989,0.08363050994197163
1966,0.6204841882436493,0.924234309107336,0.08363909606160952
1967,0.6205803262817773,0.9242279450079401,0.0836226602935591
1968,0.620556236244807,0.9241579283854198,0.08362832141139188
1969,0.6205691053003908,0.9241758178073327,0.08362359575816423
1970,0.6206938023449339,0.9242110009776041,0.08359303598884024
1971,0.6207385342294445,0.9242147940730774,0.08357728656908067
1972,0.6207909975588515,0.924214767171691,0.08355835975764003
1973,0.620757592021011,0.9242059358308626,0.08355411416559855
1974,0.6206962985615213,0.9241836537968666,0.0835508686948574
1975,0.6207063484522108,0.924187850413135,0.08356462735567877
1976,0.6206964365542934,0.9241847183231545,0.08356331503664652
1977,0.6207148348591843,0.9241903753003953,0.08355185191063828
1978,0.6207499206560467,0.924174372818581,0.08353362695379749
1979,0.6207756774473417,0.9241688157607751,0.08350990361569151
1980,0.6207872286264166,0.9241760829781409,0.08349697699436544
1981,0.6208904917318537,0.9242029344047586,0.08347993721903407
1982,0.6209634484440721,0.9242045715462699,0.08346554470327273
1983,0.6209920566047699,0.9241793918486602,0.08346491736118089
1984,0.6209670890142925,0.9241703299245203,0.08346616963299619
1985,0.6209413354642013,0.9241760560767546,0.08345698566557894
1986,0.620934121825505,0.9241905328656581,0.08345561718365224
1987,0.6209423779822495,0.9242177340102983,0.08345375903534681
1988,0.6209424100808815,0.9242342937351152,0.08344688414267913
1989,0.6209781606994295,0.924229071023111,0.08343684516376872
1990,0.6208595122779886,0.9241972120955796,0.08343916264074322
1991,0.6208557864177455,0.9241925197251918,0.08342981426192005
1992,0.6208302685282879,0.9241550460940267,0.08343065339829946
1993,0.6209235358990464,0.9241792996153355,0.08340766545406111
1994,0.6210233517425885,0.9241798261138967,0.08339692459726399
1995,0.6210043387456977,0.9241694268065505,0.08339156679140698
1996,0.6210858110414968,0.9241982036038189,0.08336740547673317
1997,0.6210981988668599,0.9241990298606849,0.08336080295453485
1998,0.6211101886939131,0.9242164389006989,0.0833359867765919
1999,0.6211215122731892,0.9242090141180704,0.08333535642619086
2000,0.6211791554611668,0.9241916934683257,0.08332530325440911
2001,0.6211911773133552,0.9241901793045806,0.08332347830496177
2002,0.6211597557074937,0.9242117234719799,0.08332191501891918
2003,0.6211314766401665,0.9241779814474052,0.08330909995159434
2004,0.6211971990093814,0.9241705067050591,0.0833081165109758
2005,0.6212460239602,0.9241954980929645,0.0832936651309088
2006,0.6212527943131163,0.9241930270084769,0.08328431868473457
2007,0.6212681721254119,0.9242071963529652,0.08326787378288114
2008,0.6212232760725139,0.9241789076237061,0.08327062028944461
2009,0.6213091818463201,0.9241894798685358,0.08324131711535918
2010,0.6213275312460306,0.9242050749865,0.0832283430736971
2011,0.6215341548172643,0.9242375641750825,0.08315039410073033
2012,0.6214494833255496,0.9242290364356143,0.08314009007788613
2013,0.6214184358370242,0.9242240865805286,0.08314463622602651
2014,0.6214898443353994,0.9242534244638548,0.08311644969835867
2015,0.6214761270062594,0.9242560646427709,0.08314376557091918
2016,0.6214363804847677,0.9242512685098928,0.08314219339710967
2017,0.6214300112120734,0.9242658605904521,0.0831387844669221
2018,0.6214595031683279,0.9242587547814044,0.08313133012236659
2019,0.6214552145543235,0.9242619522033231,0.08312879975556624
2020,0.6214552145543235,0.9242619522033231,0.08313816684640604
2021,0.6213477192624723,0.9242444240285981,0.08314219201110137
2022,0.6213538280289056,0.9242589507772191,0.08313936227130495
2023,0.6212983193693198,0.9242102054651796,0.08314639098511452
2024,0.6215547904808844,0.9242043563351793,0.0830069457811232
2025,0.6214991110399432,0.9241579552868061,0.08300934319655955
2026,0.6214963029981804,0.9241615754447958,0.08300494709910354
2027,0.6215207939503306,0.9241918087599814,0.08298851120077004
2028,0.6215508384029913,0.9242104129901599,0.08297916171466684
2029,0.6214991134708409,0.9242072809001795,0.08297706353562438
2030,0.6214754882591877,0.9241907788211903,0.08297707432145994
2031,0.6215222018680847,0.924231146272914,0.08292876228678384
2032,0.6215647390756204,0.9242547003581781,0.08292088848902072
2033,0.6215697333395492,0.9242359885224544,0.08290097001014142
2034,0.6215795817723032,0.9242350085433807,0.08289378806038881
2035,0.6216092585499148,0.924246034268723,0.08286462544023047
2036,0.6216549751504341,0.9242568447829745,0.08284208919636742
2037,0.621756709622432,0.9242677782749923,0.08282602912073818
2038,0.6218508957986539,0.9242769823921742,0.08280624126613569
2039,0.6219322044038591,0.9242826163110838,0.08281038795393367
2040,0.6219806544253955,0.924307281039298,0.08279966618241512
2041,0.6219859050911717,0.924303814603516,0.0827950221498721
2042,0.6221304466659419,0.9243369916989778,0.08276890956062355
2043,0.6221856830370018,0.9243285216053373,0.08277766632538099
2044,0.6222077423220737,0.9243597541148726,0.08276352650877308
2045,0.6222394499073609,0.9243499965977432,0.08275763369717606
2046,0.622232542050407,0.9243495123727892,0.08276367980207924
2047,0.6222371303270453,0.9243654149351686,0.08274421417810596
2048,0.6222213365995881,0.9243436517136233,0.08273984903708934
2049,0.6222123950698114,0.9243308889273348,0.08273289529742142
2050,0.6223039007572071,0.9243448200024013,0.08271362353159367
2051,0.6224063397411126,0.9243459806050689,0.08268620108411383
2052,0.6224521629574473,0.9244054441980354,0.08267233249236774
2053,0.6224963845217252,0.9244198095383385,0.08266577553513053
2054,0.6225013901008842,0.9244148596832528,0.08266243967535811
2055,0.6225397276868453,0.9244021161122402,0.08265799322408036
2056,0.6225928469485396,0.9244405620363685,0.0826449507132212
2057,0.6226251438737801,0.9244562301723812,0.08263442107611062
2058,0.622627917642136,0.9244738428943204,0.08262868481248885
2059,0.6226423397747095,0.924442887084759,0.08262658266102269
2060,0.6226412458433088,0.9244420377695618,0.08262708363830065
2061,0.6226518810624506,0.9244287062111051,0.08262883755175311
2062,0.6227066131690827,0.924432814437104,0.0826113694231414
2063,0.6227094685876771,0.9244210239437788,0.08261452716768017
2064,0.6226771454904273,0.9244294325485362,0.08260486613221636
2065,0.6227168064860087,0.9244239254504477,0.08258708424201824
2066,0.622777697951644,0.9244389940698508,0.08256697016174676
2067,0.6228097129615766,0.9244336675953563,0.0825677219246037
2068,0.6228030006081146,0.9244989726322128,0.08239597040701296
2069,0.6228335803881276,0.9245057248801829,0.08238781072107096
2070,0.6228430193051303,0.9245063051815168,0.08238872868254214
2071,0.6228613038072814,0.9245132226808601,0.08237834340234025
2072,0.6229098063670669,0.9245088377548875,0.08236038446697694
2073,0.6229029409893578,0.9244971932976594,0.08235734430614922
2074,0.6229783956416197,0.9245046987844471,0.08234304878777532
2075,0.6229917848098313,0.9245043298511487,0.08234223496293445
2076,0.6230378331326029,0.9244995721488226,0.08233155178307834
2077,0.6230590991305295,0.9244950527159183,0.08232632806620023
2078,0.6231360718239005,0.9245151134640139,0.08230674618597238
2079,0.6231677645508806,0.9245664182508105,0.0821940796532978
2080,0.6231467802661532,0.9245437519112955,0.08219155994202301
2081,0.6230542695077396,0.9245570873128074,0.08218658161148891
2082,0.6231157831982223,0.9245515417841671,0.08217659360803872
2083,0.6231630995683178,0.9245486287483325,0.08216488162141015
2084,0.6231426729174152,0.9245085187813067,0.0821690006613145
2085,0.6231717872101141,0.9245125424600914,0.08216146540380859
2086,0.623120700879276,0.9245107439102621,0.08214391432168726
2087,0.6231066694606522,0.9245265350240409,0.08214359316314326
2088,0.6231041789737621,0.924519021851143,0.08213467451137009
2089,0.623162398244457,0.924499157098862,0.08212688606109805
2090,0.6232749062668415,0.9244942879479353,0.08210960821847242
2091,0.623265568363365,0.9244965092338355,0.08210388677046931
2092,0.6232774907475029,0.9244889038276131,0.08209269475240298
2093,0.623313166263334,0.9244832468503722,0.08208528146468351
2094,0.6233393289466536,0.9245072198286521,0.08207680527671406
2095,0.6233457544686128,0.9244728398569156,0.08207050851762615
2096,0.6232865305497569,0.9244892612317458,0.08206693628854683
2097,0.6233186114414003,0.9244830431684471,0.08205240698089868
2098,0.6233322779113165,0.9244903219149784,0.08203438523962062
2099,0.623343002699372,0.9244893842095119,0.08200880173420223
2100,0.623321113331255,0.9244993069780144,0.08198019347023634
2101,0.6233066221673779,0.9244909368038089,0.08197707643743862
2102,0.6233297180177291,0.9245092950784551,0.08196638531208403
2103,0.6233690480268943,0.9245297708765114,0.08195028080072514
2104,0.6233911887605936,0.9245084188618716,0.08194143706567637
2105,0.623368157393349,0.9245054481802092,0.0819410585171008
2106,0.6234150543636298,0.9245233030146255,0.08193197836589285
2107,0.6234125956218847,0.9245050677177453,0.08192811324663221
2108,0.6234863072557025,0.9245145485349009,0.08191527507622975
2109,0.6235204634463959,0.924521742734218,0.0819102536060244
2110,0.6236219855707087,0.9245382755576487,0.0818843638696872
2111,0.6236598247490925,0.9245395821964135,0.08187685866267887
2112,0.623692396501107,0.924572290439142,0.08186011976633688
2113,0.6237614002064676,0.9245845497852005,0.0818351621079625
2114,0.6237763454830579,0.924567455875712,0.08183407401953759
2115,0.6238336623514968,0.9246000257684537,0.08181482428344677
2116,0.6237962068050295,0.9245917170831313,0.0818142654207208
2117,0.623880182420456,0.9245981887880725,0.08179452420767606
2118,0.6239179678694768,0.9246129115325082,0.08178143991472273
2119,0.6239890602123197,0.9246176115890066,0.08177136988389336
2120,0.6240716537009299,0.924630251397529,0.08176164208440238
2121,0.6240935431288532,0.9246529292662096,0.08174580390594326
2122,0.6241022514989973,0.9246566416575238,0.08174923670325243
2123,0.6241391952885649,0.9246542820216367,0.08173961928396382
2124,0.6241773809194028,0.9246531560064658,0.08173744797722043
2125,0.6242020322563039,0.9246551851396065,0.08173246805127915
2126,0.6241896230651044,0.9246435752698753,0.08172806522732079
2127,0.624222325404601,0.9246746924877548,0.08170859316364995
2128,0.6242512043521251,0.9246647389748107,0.08169980075092527
2129,0.6242580957759264,0.9246705727325903,0.0816971455025636
2130,0.6243105344818091,0.9246683937202972,0.08169114128311294
2131,0.6243745367643599,0.9246901300404561,0.08168010551887593
2132,0.6243792749173416,0.9246824554592401,0.0816816729489713
2133,0.6243091753820192,0.9246807452996803,0.0816879156611205
2134,0.6243043611803586,0.9246759837542989,0.08168411885572525
2135,0.6243784948497618,0.924686098675561,0.08167188520518416
2136,0.6243741831029669,0.9246895574252326,0.08165255158984645
2137,0.6243233492513924,0.9246842809104557,0.08165211095080523
2138,0.6244107094437534,0.9247116780509106,0.08162902251273507
2139,0.6244187167685428,0.9247351475889606,0.08161702283779548
2140,0.6244086869287647,0.924726150996759,0.08161449390502533
2141,0.6244418468322152,0.9247390905635863,0.08160040441198191
2142,0.6244074064166308,0.9247239450830795,0.08160118862649748
2143,0.6244596872664802,0.9247675061136668,0.08158379304742108
2144,0.6244990779842405,0.9247745888643832,0.08157066462509689
2145,0.6245176453366399,0.9247859873660791,0.08156907027711903
2146,0.6244914734477308,0.9247694237982069,0.08157623405565913
2147,0.62455866154787,0.9247924321696339,0.08156117802601667
2148,0.6245685012554258,0.9248036308324598,0.08155291958980466
2149,0.6245068067115991,0.9247949109402319,0.08155391369977283
2150,0.6244617573975958,0.9247637783501317,0.08155996783198513
2151,0.6245433559192926,0.9247599468241064,0.08154106316436466
2152,0.6246550317090865,0.9247843771259541,0.08151995614993579
2153,0.6246859559469395,0.924784111955146,0.08151128467010148
2154,0.6246928849496957,0.9247825401455729,0.08151063437377529
2155,0.6247583806574992,0.9247919018280176,0.08149711420604527
2156,0.6247317585746196,0.9247835470260329,0.08150106259745847
2157,0.6247457706385698,0.9247824133247516,0.08149153294727175
2158,0.6247450362044118,0.9247775941335424,0.08148729476586898
2159,0.6247405962248608,0.9247658728152106,0.08148657116350029
2160,0.6246927376966097,0.9247404317898479,0.08148859738537398
2161,0.6247438202511003,0.9247435946242698,0.08147892441213295
2162,0.6248186409409054,0.9247646814681015,0.08146311119496517
2163,0.6248036451514405,0.9247172197364957,0.08146791752023545
2164,0.6249290475349834,0.9247271194466671,0.0814516188793303
2165,0.6249406083045752,0.9247250787843608,0.08144955117765458
2166,0.6248742963305451,0.9247078542109959,0.08148362927022251
2167,0.624863887349576,0.9246806569094108,0.08147827868796823
2168,0.6248323845986975,0.92467086864784,0.08148620570389722
2169,0.6248150575233897,0.9246343557804727,0.08147136144946313
2170,0.6248153465821755,0.9246609420362824,0.08146524519335224
2171,0.6248486540016928,0.9246747731919138,0.08145772288345907
2172,0.6248567776329653,0.9246857912311457,0.08145191307805287
2173,0.6249748215296023,0.9247180075628098,0.08142403308335298
2174,0.6250567541402852,0.924734471211247,0.08141199243847362
2175,0.6249904433144259,0.9247097027205425,0.0814207942304933
2176,0.6249800648935939,0.9246615223376161,0.08143131597538517
2177,0.6249846797075088,0.924677194316684,0.08142874283481559
2178,0.6250576944778099,0.924664581409548,0.08141700124280579
2179,0.6251498186521627,0.9246740506975379,0.08139971371562826
2180,0.6251042547740059,0.9246741775183592,0.0814037925119774
2181,0.6250474163930271,0.9246634169638251,0.0813963329631297
2182,0.6250816038798981,0.9246775325055407,0.08138804605789894
2183,0.6252232563912795,0.9247273231285922,0.0813638290443039
2184,0.6252295570073633,0.924712934729958,0.0813651610576631
2185,0.625211986168941,0.9247135073451814,0.08135936378031719
2186,0.6253129273408898,0.9246952989496876,0.08134301936315086
2187,0.6252741174235741,0.9246928662957519,0.08134464651600401
2188,0.6252524080819742,0.9247034154822505,0.08134081801611041
2189,0.6252354031500285,0.9247011442366327,0.08133794796646752
2190,0.6252319449081584,0.9247142951714955,0.08133131634307378
2191,0.6252673674942132,0.9247071586180063,0.08132964086130008
2192,0.6252380176312137,0.9247106711704507,0.08133483752523163
2193,0.6252348125828284,0.9247330992405439,0.08133858024107272
2194,0.6252917089669181,0.9247730055256447,0.08132021063112012
2195,0.6253214187225982,0.9248055254586688,0.08130342126211317
2196,0.6253375667297133,0.9247853302036414,0.08129635484819381
2197,0.6253483517993678,0.9247739355450009,0.0812649157297713
2198,0.6253560387921928,0.9247607653948621,0.08126575248583569
2199,0.6253639045600479,0.9247758378573202,0.0812589955339359
2200,0.625302823452129,0.924727822725767,0.08127205172720468
2201,0.6253000347212635,0.9247305705102283,0.08126339567372863
2202,0.6253255763949199,0.9247348209292694,0.08126606174899385
2203,0.6253777300981673,0.9247474069350191,0.081254346129493
2204,0.6253812506224311,0.9247280340938024,0.08125882426880132
2205,0.6254224022438692,0.9247252094482372,0.08124872508527516
2206,0.6254807503667431,0.9247251979190717,0.08122217121794292
2207,0.62547255287572,0.9247223809596169,0.08122807817166786
2208,0.6255472737709395,0.9247142067812262,0.08121580689968916
2209,0.625639375340435,0.9247423264160569,0.08119744534076834
2210,0.6256538808021809,0.9247463462517864,0.08119362390033863
2211,0.6257640004828883,0.9247280686812992,0.08117792824149167
2212,0.625748872114317,0.9247050948973689,0.081172663866039
2213,0.6257238922849181,0.9247048835293333,0.08117798194315604
2214,0.6257993143294954,0.9247253900718312,0.08116163426949329
2215,0.6257946302765975,0.9247086612525859,0.08116340948127163
2216,0.6257762754985156,0.9247086151359236,0.08115432033396847
2217,0.625870535972196,0.9247611112698293,0.08112681960962864
2218,0.625909070135828,0.9247624832405323,0.08111911813092607
2219,0.6259263874615554,0.9247722984034896,0.08111280809150308
2220,0.6259000096140142,0.9247744197699549,0.08111012033512031
2221,0.6258471197973532,0.9247531061858669,0.08111350955541621
2222,0.6258931022238426,0.924754416667687,0.0811028346464042
2223,0.6258387659958351,0.9247378261984285,0.08110701684126503
2224,0.6258988905147459,0.9247381912886716,0.08109406434954228
2225,0.625944469631143,0.9247533521413992,0.08107361944040314
2226,0.625992953108911,0.9247408929564708,0.08106534706899461
2227,0.6259994151255186,0.9247426453896377,0.08106147531283928
2228,0.6261463384623095,0.9248265315983415,0.0809525608388004
2229,0.6261573632162152,0.9248371000001161,0.08095158347251262
2230,0.6261382164563168,0.9248412966163844,0.08094924660525236
2231,0.6261551343461546,0.9248383720513842,0.08094398878082967
2232,0.6262615388854179,0.924854566685958,0.0809078135069535
2233,0.6262750861432201,0.9248450589674161,0.08090033468524664
2234,0.6263136434010022,0.924870319369185,0.08088739274710705
2235,0.6263611487094323,0.924878762561439,0.08087853413865001
2236,0.626417710722896,0.924908580826664,0.08086285653299402
2237,0.6264097635646967,0.9248954798515188,0.08085824730472142
2238,0.6264524545896207,0.9248980585415518,0.0808492722781512
2239,0.6264972865069204,0.9248770985185414,0.0808448593120331
2240,0.6265038751952334,0.9248653772002097,0.08084363834232117
2241,0.6264922239277665,0.9248824057777598,0.08083100000133679
2242,0.6264519747214354,0.9248681326707814,0.08083432814020264
2243,0.6264791855760145,0.9248657346043424,0.08083144908530378
2244,0.6265161828521274,0.9248655616668587,0.08082866321001005
2245,0.6265138278153218,0.9248351477280792,0.080823319148059
2246,0.6265953176793106,0.9248602044479228,0.08080330013544616
2247,0.6265955840805891,0.9248602159770885,0.08080689500716205
2248,0.6266164875080519,0.9248682287471611,0.08080027836601901
2249,0.6266372660054891,0.9248713800524175,0.08079737634960688
2250,0.6265983542977867,0.9248481141962928,0.08079670397233012
2251,0.6265978503761456,0.9248397248068113,0.08079318209478865
2252,0.6265817678451846,0.9248302862632628,0.08079497752903078
2253,0.6265875433800888,0.9248088420152984,0.08078671228956029
2254,0.6266542400453844,0.9248236992666659,0.080779168985943
2255,0.6266294410131773,0.9248208707780455,0.0807788734861843
2256,0.6266202967066354,0.9248166049867838,0.08077852159351194
2257,0.6266196641996972,0.9248169969784132,0.08077955348352747
2258,0.6266549417521369,0.9248358356349583,0.0807719070903488
2259,0.6266270183299236,0.9248385872624749,0.08077194094494444
2260,0.6267401758692233,0.9248207516433345,0.0807585989053811
2261,0.6267051369849161,0.9247841196412563,0.08076279652258635
2262,0.6267879877168366,0.924783247267728,0.08075227609762159
2263,0.626786412358843,0.9247838390982274,0.08075019114969352
2264,0.6267738861210539,0.9247793042931023,0.08074620291924402
2265,0.6267965973906111,0.9247943690694501,0.08061475382567626
2266,0.6268254632730408,0.9247835969857504,0.08061744866832067
2267,0.6268483278153067,0.9248180461324803,0.08060097694996807
2268,0.6268920000562095,0.9248249828470996,0.08059378006878935
2269,0.6269168058755705,0.9248841044081542,0.0805527390938414
2270,0.6269393701856422,0.9248675293111165,0.08054934562687603
2271,0.6269780143805175,0.9248985350803954,0.08053780326202198
2272,0.6269711457782102,0.9249024511536348,0.08053527492797456
2273,0.6269914197604066,0.9249298828815864,0.08052809362807657
2274,0.626942185325174,0.9249167626911652,0.08053284715462096
2275,0.6269454019442797,0.9249081926780898,0.08053403570178429
2276,0.6269454019442797,0.9249081926780898,0.08054309582154968
2277,0.6269822475744694,0.9248965366916962,0.08053542290663647
2278,0.6270073781466413,0.9249418001957329,0.0805158685439054
2279,0.6270186791852518,0.9249382838002335,0.0805106760504774
2280,0.6270825174265823,0.9249455049009369,0.08049970070901577
2281,0.6271233295066628,0.9249527029433091,0.08048868221411996
2282,0.6271549538458498,0.9249652236171206,0.0804808639624972
2283,0.6272037825649771,0.9249704347999592,0.0804738955262827
2284,0.6271764071302656,0.9249529258405101,0.08047452907167199
2285,0.6272503195759291,0.9249613344452675,0.08045847639489778
2286,0.6271461740366886,0.9249376035794646,0.08046863899025461
2287,0.6271436134777778,0.9249388218279602,0.08047172101535499
2288,0.62709638346618,0.9249296907288269,0.08048074401527525
2289,0.6271406778154794,0.9249366620309429,0.08047340279486884
2290,0.6270973713432648,0.9249131886498377,0.08047596732010945
2291,0.6271337975313087,0.9249175236160929,0.08046936459655374
2292,0.6271544261833606,0.9249471881591104,0.0804571756347195
2293,0.6271486363717311,0.9249405896333479,0.08045798655943837
2294,0.6271229033772837,0.9249375574628024,0.08045329113315929
2295,0.6271496867334312,0.9249493018394653,0.08044812927864224
2296,0.6272151128060411,0.9249539058195838,0.08044246681655073
2297,0.6271893528058693,0.9249549626597613,0.08044431754968318
2298,0.627187581466502,0.9249527682752473,0.0804469563928805
2299,0.6271989962437869,0.9249374191128155,0.08043673434538423
2300,0.627225194730593,0.9249349403422175,0.08043226569268087
2301,0.6272076842837935,0.9249277922595627,0.08043216958644701
2302,0.6272209098255135,0.9249143530955606,0.08042898266221246
2303,0.6272553705093046,0.9249180116841021,0.08042451710396287
2304,0.6272127638614913,0.9249110749694829,0.08041957145006813
2305,0.6273650267243437,0.9249503471504772,0.08038746886258478
2306,0.627432520757543,0.9249669568350116,0.08037531352580565
2307,0.627406470022541,0.9249629177840062,0.08037737743243992
2308,0.6274301734554709,0.9249771332451567,0.08037204624234662
2309,0.6274867303407228,0.9249888507204334,0.08035718697897219
2310,0.6274953593111345,0.9249807072864842,0.0803560230575664
2311,0.6275002570385019,0.924992048142352,0.0803518471571783
2312,0.6274849755670426,0.9249808686948021,0.08035486682064634
2313,0.6275007981376856,0.9249697814805768,0.08035324343653041
2314,0.6275119693499486,0.9249707038138226,0.08034632377037276
2315,0.627497706577879,0.924988501002411,0.08034243120049175
2316,0.627484617163569,0.9249920212409657,0.08034490599215681
2317,0.6276359887240864,0.9250437372346677,0.08029957731024273
2318,0.627674721080399,0.9250368427936555,0.08028965037670253
2319,0.6276647502906524,0.9250241952990227,0.08029158429497021
2320,0.6276203285039861,0.9250356975632086,0.08028926223342087
2321,0.6275653127181553,0.9250473996662645,0.08028960763550451
2322,0.6275729960418696,0.9250419386848384,0.08025571637256422
2323,0.627495299020864,0.9250106792739168,0.08026602984817419
2324,0.6275346894504904,0.9250014021386863,0.08026532222988086
2325,0.6276462700116205,0.9250078930589035,0.08025159229141611
2326,0.6276462700116205,0.9250078930589035,0.08025890477048038
2327,0.6276309011980881,0.925007358874232,0.08025901788070407
2328,0.6276118322349733,0.9249903418258474,0.08025401615513017
2329,0.6277129178228563,0.9249975244959989,0.08024172922157428
2330,0.627786744640346,0.9249854457735344,0.08023408992107828
2331,0.6278143041676649,0.9250030123788112,0.0802268981252838
2332,0.6278371801096375,0.9250339412869865,0.08021563738521623
2333,0.6278947691787122,0.9250528106879731,0.08020938970684535
2334,0.6278906492151229,0.9250896617441972,0.0801978154529209
2335,0.6278126415147782,0.925056757505654,0.08020699643835622
2336,0.6277666941493754,0.9250340412064214,0.08021578222628772
2337,0.6277788098124557,0.9250267086571174,0.08020040100074835
2338,0.6277704695536046,0.9250058562396525,0.08020172240595097
2339,0.6278065228136704,0.9249891274204071,0.08019869292073706
2340,0.6277966431816009,0.9250020439289032,0.08019640274360709
2341,0.627769028057596,0.9250060253340808,0.08018718930671845
2342,0.6278939402403954,0.9250095955323531,0.08016623681465054
2343,0.6278462728108328,0.9249930050630946,0.08017451393763883
2344,0.6278711461155969,0.9250207058049095,0.08016681928153398
2345,0.6278186326924386,0.9249958297086598,0.08016925035738415
2346,0.6278616698253959,0.9249924593492574,0.08016275045055081
2347,0.6279750840908712,0.9249660614031522,0.08015129924382702
2348,0.6279206938167513,0.9249714032498674,0.08015469001959662
2349,0.6279248438779771,0.9249647163338354,0.08015042248863585
2350,0.6279416541172421,0.9249893195731667,0.08014095972787483
2351,0.6278744312621122,0.9249808763809125,0.08014709101823304
2352,0.6278542067813899,0.9249616726341243,0.08014777160553747
2353,0.6278968925617054,0.9249593552718444,0.08014081787973569
2354,0.627913514865784,0.9249828747696117,0.0801279268491769
2355,0.6279785169295681,0.9249906108397107,0.08011864937599004
2356,0.6279476836428332,0.924997609043213,0.08011472899305777
2357,0.6279771945309955,0.9250027010913409,0.08010649200671015
2358,0.6279747111395726,0.9250152371373731,0.08010170506760449
2359,0.6279973332474214,0.9250176390468673,0.08010028176925861
2360,0.6279729159381383,0.9249811991975485,0.08010653788027462
2361,0.6279507300057381,0.9249528681946824,0.08011246318352376
2362,0.6279900415722809,0.9249554468847153,0.08010566412374638
2363,0.6280180303579626,0.9249611576647288,0.08009914400326122
2364,0.6280606671511311,0.9249924055464848,0.08008110994455181
2365,0.6280919057281859,0.9249748850578702,0.08007860960734549
2366,0.6281064955973693,0.9249700889249921,0.080071193285331
2367,0.6281544428742049,0.925001897892806,0.08005743380931546
2368,0.6281444688206429,0.9249905685661036,0.08005868046100835
2369,0.6281943167526288,0.9249845234402886,0.08004824452679095
2370,0.6282231711729219,0.9250041652953686,0.08003802182702889
2371,0.6283026227207102,0.9250024397635879,0.08002752878762116
2372,0.6283341147048489,0.9250134270583782,0.08001781027915766
2373,0.6283607053473952,0.9250234535893709,0.08000855584266689
2374,0.6282606159014908,0.9250131157709077,0.08000640920998629
2375,0.6283796385370519,0.9249885163746318,0.0799884959627986
2376,0.6283508005287061,0.9249737167690921,0.07998960734746827
2377,0.6283347912239705,0.924975707471681,0.07999524086234609
2378,0.6283356350739571,0.9249713110165427,0.07999595607790916
2379,0.6283217198288603,0.9249606619106092,0.07999465944194693
2380,0.6284000349327286,0.9250039039676156,0.07997790683155263
2381,0.6284089564084339,0.9250179080607306,0.07997124371806366
2382,0.6283799686095054,0.9249930012200394,0.07997737473583708
2383,0.628381379265344,0.9249802730212476,0.07997517832631937
2384,0.6283771486556105,0.9249655464337566,0.07997673927307619
2385,0.6283581721726659,0.9249576412692292,0.07997867557156473
2386,0.6283284583566966,0.9249417387068499,0.07998383747638906
2387,0.6282646587451906,0.9249261166874995,0.0799909835679862
2388,0.6282730773830204,0.9249111095569796,0.0799899008470343
2389,0.6283596745289316,0.9249243911557188,0.07997781002693498
2390,0.628416789009381,0.9249488099284009,0.07996398238401949
2391,0.6284499419922246,0.9249555160597087,0.07996012909326874
2392,0.6284732220859205,0.9249557158985787,0.07995886683396453
2393,0.6284746180140044,0.9249501703699384,0.0799576617087436
2394,0.6284935106220854,0.9249574337442489,0.07995271225834988
2395,0.6285027502280673,0.9249679867738028,0.07994937647738447
2396,0.6284835145624584,0.9249221852420394,0.07995689240050737
2397,0.6286173517938388,0.9249536521779412,0.07993188830723273
2398,0.6286023915324039,0.9249597049898667,0.07992998816414766
2399,0.628652778279642,0.924963578789499,0.07992494876593495
2400,0.6286552907884884,0.9249588710468902,0.07992338723941368
2401,0.6286456096959714,0.9249556851541372,0.07991847351741181
2402,0.6285665469620978,0.9249540441695707,0.0799304536803931
2403,0.6286193656197236,0.9249458469328488,0.07992492714152478
2404,0.6286972257170694,0.9249684133529289,0.07990846249426964
2405,0.628728819767549,0.9249984814167413,0.07989631672465913
2406,0.6287345521568368,0.9249929243589355,0.07989716071289876
2407,0.6287681121366002,0.9249782054575549,0.07989070232579541
2408,0.6287486389016725,0.9249726753011355,0.0798964819959
2409,0.6287626137739565,0.9249722756233957,0.07989159058226948
2410,0.6287440721742336,0.9249786166644604,0.07989061033820838
2411,0.6287845133558997,0.9249748773717598,0.07988997474407104
2412,0.6287704784502506,0.9249645049658,0.0798864941870892
2413,0.6287530489054344,0.9249468269119224,0.07989565387902636
2414,0.6287360710134238,0.9249364775642938,0.07990001236565898
2415,0.628748826730105,0.9249425611206608,0.07989915408181059
2416,0.6286697115485904,0.9249133346859351,0.07991253757050491
2417,0.628688763215232,0.9249205519435832,0.07990901578937197
2418,0.6287573938363744,0.924900199123293,0.0799007147687577
2419,0.6287960652850134,0.9249079966822751,0.079891136113417
2420,0.628763988633327,0.9248892694743306,0.07989339044011241
2421,0.6287444455787424,0.9248768410338436,0.07989416004460134
2422,0.6288452214569816,0.9248923439184832,0.07987978989212106
2423,0.6288736688145611,0.9248933200545016,0.07987646122469172
2424,0.6288601509626986,0.9248959525473073,0.07987928980150764
2425,0.6288573666500366,0.9249024895841867,0.0798753110667444
2426,0.6289181641511485,0.9249161055287276,0.07986171569096402
2427,0.6289670065484855,0.9248781476726085,0.07986721744958501
2428,0.6290622867217168,0.924903058356355,0.07984156751996238
2429,0.6291026166923774,0.9249004527649356,0.07983593140694888
2430,0.6290707036718803,0.9249639169783558,0.07982389131402058
2431,0.6291665485858341,0.9250063558368272,0.0798075561935861
2432,0.6291665485858341,0.9250063558368272,0.07981147381099542
2433,0.6292245462169538,0.925028291995856,0.07979946448437364
2434,0.6292565087044755,0.9250375652880314,0.07979342869278841
2435,0.6292053066510647,0.92503411422447,0.07979690326021098
2436,0.629217789109602,0.9250437871943852,0.07979001161829799
2437,0.6292237364623148,0.9250607619691628,0.07978472797479953
2438,0.629216286782601,0.9250612846246686,0.07978560634730772
2439,0.629259376506954,0.9250856111640261,0.07977376962904889
2440,0.6293056145741561,0.925105472073252,0.07976441684246671
2441,0.6292641462524046,0.9250872521485926,0.0797735461820729
2442,0.6292990674013481,0.9251015137264055,0.07976549815565379
2443,0.6292800405978883,0.9250978743531398,0.07976637173141639
2444,0.6292569327236609,0.9250787244091243,0.0797725230452122
2445,0.6292611571488078,0.9250797812493018,0.07976997457605575
2446,0.6292931813271239,0.9250535946712319,0.07976936381412535
2447,0.6294577683970553,0.9250498246340898,0.07971383189720833
2448,0.6294953726292902,0.9250425689458897,0.07970941268768073
2449,0.6295264311535952,0.9250783670049916,0.07969797038910273
2450,0.629540140629907,0.9250912642982118,0.07969364872128291
2451,0.6294838383149596,0.9250868447847423,0.0796978643605423
2452,0.6294606488154827,0.9250655312006545,0.0797017886450179
2453,0.6295048441698814,0.9250401862516714,0.07970081475598753
2454,0.629529157274921,0.9250162670761641,0.07969647725531133
2455,0.6295004104636756,0.9250180694690486,0.07969888798740053
2456,0.6295956969827858,0.9250246948961975,0.07968838707694166
2457,0.6296404063924824,0.9250392024295426,0.07967838138781555
2458,0.6296417847814442,0.9250268662223803,0.07968073524748377
2459,0.6297029798405783,0.9250336876453439,0.0796719893837166
2460,0.6296855018853768,0.9250085041046788,0.07967378546850734
2461,0.6297217128918773,0.9250007257609728,0.07966836019246458
2462,0.6298725919588332,0.9250399133947529,0.07963910921988407
2463,0.6298217713426937,0.9250256287586088,0.07965144848700956
2464,0.6297463823943077,0.9250417926487412,0.07964656807663208
2465,0.6297672407441919,0.9250574377264227,0.07964117850302342
2466,0.6297965442629772,0.9250721873722448,0.07963572159264759
2467,0.6298189651841326,0.92506836353233,0.07962626947132755
2468,0.629843019865487,0.9250667532922051,0.07962103742336016
2469,0.6297797207321427,0.9250359166173545,0.07963114707412919
2470,0.6298328262994155,0.9250423268334127,0.0796199456351815
2471,0.6297864728224922,0.9250046149328258,0.07963053499571937
2472,0.6298389574165982,0.9249821983918981,0.07963016402432
2473,0.6298369220564776,0.9249758996244405,0.07962916309325735
2474,0.6298254705380775,0.9249615227549719,0.07963905522829631
2475,0.6298327128388579,0.9249441290871786,0.07964548839557341
2476,0.6297811604191044,0.9249442405357791,0.07964511323419027
2477,0.629818116017275,0.9249336068020663,0.07964071491211532
2478,0.6298635591780737,0.9249330803035052,0.07963550226363979
2479,0.6298383139685383,0.9249336452326181,0.07963798604256424
2480,0.6299523676812662,0.9248995996066833,0.07960975818657803
2481,0.6298770367353729,0.9248880934994421,0.07961605838326805
2482,0.6298920897588074,0.9249131694345618,0.07960805495452875
2483,0.6298708175736057,0.9248978587026818,0.07961491973404514
2484,0.6298848906354116,0.924930920506488,0.07960380769082932
2485,0.6299523113655323,0.9249553277500044,0.07959156970859436
2486,0.6299270455086304,0.9249358549893528,0.07959739723283116
2487,0.6299904925448866,0.9249521149558649,0.07957835137512291
2488,0.6299668226205969,0.9248996995261183,0.07958337223610269
2489,0.6299630145859596,0.924889077321571,0.0795870714478288
2490,0.6299744715404316,0.9248843580497967,0.0795876615079377
2491,0.6299866728273363,0.9248855186524644,0.07958504933842209
2492,0.6299890491191883,0.9248855186524644,0.07958365306010065
2493,0.6300327847697137,0.9248920556893439,0.07957646065086924
2494,0.6300205715987125,0.9248995227455795,0.07957296822182576
2495,0.630032686723249,0.9249039153576625,0.07956712528489819
2496,0.6300721302833432,0.9249130387706853,0.0795497634261682
2497,0.6301680686844717,0.9249260821000028,0.07953239290556631
2498,0.6301904267320356,0.9249110442250413,0.07953144021825487
2499,0.6302431635461602,0.924925140551481,0.07952116135572986
2500,0.6302773496221639,0.9249336567617837,0.07951598968518817
2501,0.630292053848251,0.9249417463929602,0.079512422917544
2502,0.6302861994945989,0.9249455894481511,0.07951244105308627
2503,0.6302828047497605,0.9249485831881447,0.07951198579569972
2504,0.6302247893477639,0.9249677792488225,0.07949399315028331
2505,0.6302320667044317,0.9250132195333979,0.07947664870006745
2506,0.6303108385583622,0.9249754307717072,0.07947491460248123
2507,0.630249405237862,0.924971276429046,0.07948293133730432
2508,0.6302718040959056,0.9250005143929373,0.07947370239401355
2509,0.6302109113995601,0.9249840776458864,0.0794836676596209
2510,0.6302223433524842,0.9249946729490474,0.0794815186835503
2511,0.63023225947596,0.9249696431305899,0.07947957987343274
2512,0.6303182223936045,0.9249806534837115,0.07946779976704844
2513,0.630325020938302,0.9249945307560052,0.07946084683037247
2514,0.6303548527485109,0.9250036695412489,0.07945525179838793
2515,0.6303844238542214,0.9249928474978317,0.07945368393254558
2516,0.6304091108159162,0.9249979433890146,0.07944925043302815
2517,0.6305120283780693,0.9250298100026564,0.07943151179316495
2518,0.6305416953274006,0.925031231933077,0.07942900062561686
2519,0.6305545494073196,0.9250437449207781,0.07942273691600395
2520,0.6306242089841809,0.9250274542098245,0.07941349189845304
2521,0.630537533991573,0.9250254980947323,0.0794216771344173
2522,0.6305406647635811,0.9250243797656719,0.0794206017985683
2523,0.6304018824427151,0.9249748965870357,0.07944266753051397
2524,0.6304351044087836,0.9250022937274907,0.07943627741102681
2525,0.630381829277281,0.9249825942265828,0.07944307138243004
2526,0.6304599334956384,0.9249896616050786,0.07943281965045125
2527,0.6305121021874115,0.9249970787015968,0.0794246012607857
2528,0.6305657069475552,0.9250232614366114,0.07941423467450381
2529,0.6305997302452402,0.9250288607680243,0.079410383344595
2530,0.6305937260526913,0.9250198334313812,0.0794098028263843
2531,0.6306383771137901,0.9250101950489628,0.07940701577165986
2532,0.6306944542624136,0.9249945461282261,0.07940312365618044
2533,0.6306719454138197,0.9249805458781661,0.07940800076349477
2534,0.6306943104860901,0.9249868177442374,0.07940434532443363
2535,0.6307117054814504,0.9249856994151769,0.07940273675234347
2536,0.6306829568743391,0.9249480182590316,0.0794143792274122
2537,0.6307343495251062,0.9249663419461811,0.07940596640838253
2538,0.6307199103664735,0.9249578295789336,0.0794062873026329
2539,0.6306237584124953,0.9249278268470593,0.07942275630555434
2540,0.6306514773676059,0.9249027393827741,0.07942495885793528
2541,0.6306439313518022,0.924870442346951,0.07943280830322827
2542,0.6306598880932613,0.9248762492033442,0.07942718666232845
2543,0.6306343364593902,0.9248935006780956,0.07942714502487544
2544,0.6306005507275181,0.9248892541021098,0.07943202615411739
2545,0.6306182977485963,0.9249144107413885,0.07942432662449923
2546,0.6306517600571655,0.924919218403432,0.07942077137547318
2547,0.6306435531048761,0.9249492096061407,0.07941458363572071
2548,0.6306841357855671,0.9249383837196684,0.07941433253435748
2549,0.6306415959917302,0.9249304093801476,0.07942225822002917
2550,0.6307234492085914,0.9249517421795115,0.07940727765322955
2551,0.6306973068425563,0.9249461197897674,0.0794089812188771
2552,0.6306664505007328,0.924933641389563,0.07941164579590884
2553,0.6307362176010691,0.924930155738505,0.07940358057775891
2554,0.6307097357878574,0.9249151447649299,0.07940975967666285
2555,0.6307215856080629,0.9248894769993108,0.07941120484287234
2556,0.6309533331285875,0.9249399401570206,0.07937437124988793
2557,0.6309867838610377,0.9249325883924407,0.0793716789789312
2558,0.6310465788151164,0.924920928562992,0.07936437804501159
2559,0.6310162876170302,0.9249162976814871,0.07936986599588332
2560,0.6310413728114724,0.9249129580665263,0.07936889647681755
2561,0.6310527313300868,0.9248761185394678,0.07937215480846897
2562,0.6310088188879109,0.9248660766362543,0.07937817289482381
2563,0.6309561784048288,0.9248746581784953,0.07938138103105064
2564,0.6309309364827618,0.9248562461010764,0.07938708929165665
2565,0.6310025365283619,0.9248759763464257,0.07937518348675042
2566,0.6310084361640902,0.9248598316715694,0.0793779867851854
2567,0.6310245405770722,0.9248503431683034,0.07937628297328012
2568,0.6310557560713748,0.9248418231149454,0.07937038808510523
2569,0.6310293138514262,0.9248750309548488,0.07936670522670204
2570,0.6310460388665499,0.9248866715690216,0.07936196533536788
2571,0.631009186773495,0.9248738703521812,0.0793666105688409
2572,0.6310694867446587,0.9249057869255404,0.07935800946574213
2573,0.6310983528373812,0.9249157903982019,0.07935117992647822
2574,0.6310897171100978,0.924933741308998,0.079347996065723
2575,0.631026136176996,0.9248924745823597,0.0793615056971524
2576,0.6310846161427468,0.9248987349192653,0.07935289068455288
2577,0.631116184900102,0.9248988117803691,0.07934529594770393
2578,0.6310689960705166,0.924915429151014,0.07934688326423983
2579,0.6310689960705166,0.924915429151014,0.07934827308336034
2580,0.6310667372200418,0.9249069974879255,0.07935028482027938
2581,0.631005655873255,0.9248676446027722,0.07936258115195326
2582,0.6309987956051022,0.9248396671609835,0.07936400381471179
2583,0.6309507017816909,0.9248404357720217,0.0793674367312546
2584,0.630947924202526,0.9248417231955105,0.07936961327564188
2585,0.631007563265125,0.9248435140592294,0.07936305122164686
2586,0.6310296553797967,0.9248400706817785,0.07936006493832004
2587,0.6310232826386961,0.9248414772399783,0.07936041428810853
2588,0.6310423251826712,0.9248499242752876,0.07935870617758899
2589,0.6310519971047143,0.924860146802095,0.07935661758753358
2590,0.631050903240387,0.9248795542308084,0.0793540768921763
2591,0.6310727823893301,0.9248719872551378,0.07935061185529041
2592,0.6310404434940067,0.9248498397280734,0.07935655245514116
2593,0.6309730643314859,0.9248502009752614,0.07935923018755126
2594,0.6309830145723971,0.9248212204960679,0.07936098785047288
2595,0.6309676119940443,0.9248299096438541,0.07936125372887268
2596,0.6309673908982514,0.9248300364646754,0.07936143969201626
2597,0.6309750776003246,0.9248498935308461,0.07935743270859688
2598,0.6309205135503546,0.9248363813487954,0.07936211123233847
2599,0.6309054450919611,0.9248299327021853,0.07936985866293966
2600,0.6309530879453429,0.9248296944327635,0.07936556146630795
2601,0.6309371327311105,0.924819994561462,0.07936825508186054
2602,0.6309624339431801,0.9248090802847203,0.07936512722588983
2603,0.6309382715702522,0.9247936043014671,0.07936772673803894
2604,0.6308471667940581,0.9247841273273667,0.07938170541746532
2605,0.6309261156131052,0.9247855876883392,0.07937236403805413
2606,0.6309172317620619,0.924768097944166,0.0793707333658106
2607,0.6309410199594295,0.924749159368186,0.07937383854033474
2608,0.6309454390363912,0.9247310316768512,0.07937556706641852
2609,0.6310389097924,0.9247344827404126,0.07936391537237134
2610,0.631099211997808,0.9247461233545854,0.0793573586133057
2611,0.631078757313212,0.9247346057181787,0.079362396480241
2612,0.6310812438263917,0.9247101446718895,0.07936593657033156
2613,0.6311349858761233,0.9247400244259977,0.07935483448112438
2614,0.6311551039790435,0.9247265084008918,0.07935544241928656
2615,0.631265976783713,0.9247271194466671,0.07933818076733032
2616,0.6312766852647276,0.9247352628806162,0.07933566897462452
2617,0.631309957015339,0.9247486559279561,0.07932878300385043
2618,0.6312966826444958,0.92474682279063,0.07932963357354958
2619,0.63133891558778,0.9247670833775957,0.07932153722592605
2620,0.6314261683778468,0.9247817907498107,0.07930882096007558
2621,0.6314195167891763,0.924793600458412,0.07930876367875052
2622,0.6313353280177466,0.9247458658698876,0.07932554659515789
2623,0.631278285932393,0.9248363429182435,0.07930743880897893
2624,0.6313023500989506,0.9248491787225805,0.0793008133952287
2625,0.6313232082800359,0.9248511963265558,0.07929868688377435
2626,0.6313416851936829,0.9248580830814576,0.07929452847648674
2627,0.6313416851936829,0.9248580830814576,0.07929360254019649
2628,0.6313254192775857,0.924865223478002,0.07929481435403488
2629,0.6313110870932301,0.9248618723338756,0.07929750490625954
2630,0.631334915863537,0.9248747081382128,0.07929278884958829
2631,0.6313216814152225,0.92487001961088,0.07929717295122406
2632,0.6314206968803906,0.9248746773937713,0.07928549455557068
2633,0.6314453337443614,0.9248819446111369,0.0792825909170153
2634,0.6314337238509429,0.9248682748638235,0.07928690539831396
2635,0.6314214420401029,0.9248736512980353,0.07928578215066213
2636,0.6314353984404614,0.9248336143490581,0.07929336034253397
2637,0.6314610425336528,0.9248395403401621,0.07929035458953278
2638,0.6314490456712579,0.9248598470437901,0.07928883596402593
2639,0.6314131526780069,0.924856238414966,0.07929354305446396
2640,0.631431822572486,0.9248608039645326,0.07929048766128116
2641,0.6313964742425179,0.9248708228094149,0.0792962072799879
2642,0.6313615921268341,0.9248988540539763,0.07929369114381693
2643,0.6313267457018358,0.9248826594194024,0.07930084920452511
2644,0.6313773150571343,0.9248914292713477,0.07929471549545818
2645,0.6314469038266667,0.9248887276035487,0.07928893871413795
2646,0.6314406616215551,0.9248778248559725,0.07929217059549272
2647,0.6314680489605528,0.9248800346127072,0.07928944804608244
2648,0.631431326195691,0.9248912717060849,0.07928989531228493
2649,0.6314110522380308,0.9248924476809733,0.07929346159153185
2650,0.6314515953601023,0.9249095108460202,0.07928690207194908
2651,0.6314285575426024,0.9249004489218804,0.0792942906183732
2652,0.6314493749885556,0.9249245640932025,0.07928744406286527
2653,0.6314769563034203,0.9249094109265853,0.07928154915935931
2654,0.6314919740117415,0.9249007794246269,0.07928245065554958
2655,0.6315853546308567,0.9249267162041093,0.07926535642479446
2656,0.6315684465647613,0.9249119665582871,0.07927173625593344
2657,0.6316359090628979,0.9249009792634968,0.07926632663472148
2658,0.6316633413049082,0.9248885431368995,0.07926417804302538
2659,0.6316800224976575,0.9248945882627145,0.07926221350123075
2660,0.63167415175838,0.9248798309307821,0.0792647497213171
2661,0.6316726007135834,0.9248857991954933,0.0792643397292183
2662,0.6316527802884683,0.9248929703364792,0.07926497921793559
2663,0.6316613291178897,0.9248612305436588,0.07926980437681032
2664,0.6316719511006343,0.9248701464317014,0.07926860805051568
2665,0.631698492328734,0.9248873172022937,0.07926369869590369
2666,0.631726253291662,0.9248912947644161,0.07925994611792278
2667,0.631752821829034,0.9248827093791199,0.07925621339810057
2668,0.6317137751230179,0.9248413004594396,0.07926435244534738
2669,0.6317358390539729,0.9248465539158853,0.07926178077167548
2670,0.6316685744876198,0.9249023973508621,0.07924374104835985
2671,0.6318910484090424,0.92494053198752,0.0792148518406185
2672,0.6319230798069103,0.9249549434444854,0.07920969195266644
2673,0.631989095283871,0.9249925285242508,0.07919793525735298
2674,0.6319915616557745,0.9249818371447103,0.07919979107601734
2675,0.6319979892680058,0.9249944577379566,0.07919729757447579
2676,0.6319757688572882,0.9249984391431343,0.07920070309468262
2677,0.6320020589121298,0.9249902265341916,0.07920079723185017
2678,0.6319923611915811,0.9249733478357939,0.0792042794792767
2679,0.6319782606244213,0.924972141116464,0.07920733110031845
2680,0.6319753835004086,0.9249827133612937,0.07920756511480744
2681,0.632054803977493,0.9249905685661036,0.07919981006099479
2682,0.6320081894514754,0.9249783899242041,0.07920467646831875
2683,0.632002276457272,0.924976514513271,0.07920569089295867
2684,0.6321330842458174,0.924988420298252,0.07919243491474268
2685,0.6321531441943592,0.9249835319320493,0.07919093526996576
2686,0.6321835771474023,0.9249755191619766,0.07918939919467188
2687,0.6322588779316342,0.9249915946618396,0.07917677718716551
2688,0.6322081876386784,0.924987674745545,0.07918321858662543
2689,0.6322149937787204,0.9250000954999215,0.07918057739407158
2690,0.6322013431443197,0.9249798502851766,0.0791861734516283
2691,0.6322191341444247,0.9249618571007735,0.0791859823436987
2692,0.6321844517656892,0.924946192807816,0.07919235858826226
2693,0.6320747224327171,0.9248958910584242,0.07921141258596977
2694,0.6322127054835069,0.924934106399241,0.07918787415298321
2695,0.6322262076708927,0.9249799924782186,0.07917857907930637
2696,0.6322257107149698,0.9249603083495316,0.07917761256647773
2697,0.6322466581461622,0.9249759188397164,0.07917230960178859
2698,0.632451826792728,0.9249598049093016,0.07915092469681957
2699,0.6324876731820402,0.9249735553607742,0.07914526374290635
2700,0.6324893975427466,0.9249561463207601,0.07914695887631754
2701,0.6324999083482921,0.9249734208538425,0.07914228552604591
2702,0.6325132157044406,0.924958321489998,0.0791462398370882
2703,0.6326095149528316,0.9249887315857225,0.07913020591493475
2704,0.6326183478845113,0.9250025281538572,0.07912781867297626
2705,0.6326225227009146,0.9250120474015647,0.07912621866028212
2706,0.6327783458418675,0.9250349174230049,0.07910545752270112
2707,0.6330263099831205,0.9251145532126677,0.07905937639642849
2708,0.6330282187623518,0.9251197720816168,0.0790575146783795
2709,0.6329766152488684,0.9251174470332263,0.07906284431327439
2710,0.6329949716231685,0.9251171511179767,0.07906193422679161
2711,0.6330100937562926,0.9251182540748164,0.07906112301376564
2712,0.6330163523539298,0.9251384877603958,0.0790564586177945
2713,0.6330075210356927,0.9251583409835111,0.07905334178522189
2714,0.632971138485853,0.9251220279550137,0.0790637195530978
2715,0.6329407866381145,0.9250718953000503,0.07907296282549484
2716,0.6329844505581391,0.9250706232487822,0.07906985371482247
2717,0.6330377071533251,0.9250840316683427,0.07906291458016644
2718,0.6330385808572371,0.9250837203808723,0.0790633582252413
2719,0.6330008881429848,0.9250769066440191,0.0790696241804729
2720,0.6330680541203906,0.9250756384358061,0.07906257922640039
2721,0.6330789361988086,0.9250777598022715,0.07906315113018324
2722,0.6331481610755428,0.925094938258974,0.07905292992960988
2723,0.6332281719831692,0.9250846234988421,0.07904411248026902
2724,0.6332087064001243,0.9250881629526728,0.07904309353270766
2725,0.6332115224161909,0.9250878516652024,0.0790435258447677
2726,0.6331781808794344,0.9251053452524307,0.07904643896028943
2727,0.6331487625390966,0.9251061369218,0.07905009693658581
2728,0.6332774658017967,0.925109099917352,0.07903645301416772
2729,0.6332774658017967,0.925109099917352,0.07903701541401847
2730,0.6334012228405836,0.925104726520545,0.07902295732314804
2731,0.6334157082287586,0.925124552842274,0.07902012399423346
2732,0.6335032617382536,0.9251201640732462,0.0790128412773552
2733,0.6335009012178551,0.9251155408778517,0.07901319740775865
2734,0.6334802376793329,0.9251151258278911,0.07901771198925935
2735,0.6334920667171293,0.9251283151933057,0.07901522446755725
2736,0.633485949569186,0.9251210979356576,0.079018075961978
2737,0.6335192150541202,0.9251412931906849,0.0790100746313663
2738,0.6335881928475607,0.9251354709620709,0.07900536887507989
2739,0.6335906647953685,0.9251343334177345,0.0790042911687674
2740,0.6335931789747928,0.9251374808799357,0.07900511555351361
2741,0.6335518474241433,0.9251330498373008,0.07901082593578682
2742,0.6336103454681883,0.9251394869547453,0.07900314168161728
2743,0.6336210287795284,0.9251247257797576,0.0790047232284163
2744,0.6336395003829884,0.9251259594004738,0.07900088840998364
2745,0.6334522777427807,0.9250756076913647,0.0790293728561351
2746,0.6334823341078323,0.9250793969437827,0.07902552255465088
2747,0.6335618871433254,0.9250892966539541,0.07901783407170049
2748,0.6336515127809706,0.9250921289856296,0.0790130617617235
2749,0.6336773865859842,0.925084116215557,0.0790130212730214
2750,0.6336943970222434,0.9251029010693294,0.0790116757918017
2751,0.6337469317905818,0.9250982740308796,0.07900846492313328
2752,0.6337920477043106,0.9251086810243362,0.07900270058526417
2753,0.6337575436574769,0.925098500771136,0.07900638505341354
2754,0.6337726077912175,0.9250990733863593,0.07900532150099242
2755,0.6338164268187763,0.9250920213800843,0.0790024545292718
2756,0.6337706556460124,0.9250709844959701,0.0790113620904307
2757,0.6337868774043892,0.9250889277206558,0.07900755581959865
2758,0.6338002033317377,0.9251066749495267,0.07900298521630492
2759,0.6338404538636747,0.9251062099398486,0.0790020488085266
2760,0.6338855648817411,0.9251207559037455,0.07899508428317784
2761,0.6338935148999294,0.9251188343761502,0.07899618053110136
2762,0.6338844058876056,0.9251548207449564,0.07899479488869794
2763,0.6338532289680358,0.9251535986534057,0.07900036588039218
2764,0.633847461764373,0.9251496902662768,0.07900249759489225
2765,0.633884633613428,0.92514753815537,0.0789969982658765
2766,0.6339183967090561,0.925152899217361,0.07899310486612719
2767,0.6339788838723548,0.9251685481380978,0.07898391729675472
2768,0.6339972078262365,0.9251527800826501,0.07898516308642864
2769,0.634041453370921,0.9251581142432549,0.07898076547988042
2770,0.634060035254303,0.9251331805011773,0.07898294064948438
2771,0.6340727661053993,0.9251473959623279,0.07898080156065734
2772,0.6341194144215437,0.9251470769887471,0.07897653847100179
2773,0.6341299587042657,0.9251479186178339,0.07897757979330139
2774,0.6341885145700755,0.9251597398556006,0.07897047884503297
2775,0.6341316230660651,0.9251582948668489,0.07897606002443144
2776,0.634110323856979,0.9251493328621441,0.07897938789972497
2777,0.6341064048620667,0.9251628681025259,0.07897961488941647
2778,0.6341593244406379,0.9251420771739439,0.07898123013426173
2779,0.6341729467495145,0.9251494289385238,0.07898046940228047
2780,0.6341702008454706,0.9251768337650891,0.07897526438160453
2781,0.6341448955771284,0.9251629334344641,0.07898156746759226
2782,0.6341851241725865,0.9251666842563303,0.0789788769982269
2783,0.6341939309914154,0.9251672953021056,0.07897699483201452
2784,0.6341967895074379,0.9251929054218968,0.07897204521766645
2785,0.6342220740635097,0.925208846414828,0.07896806645472633
2786,0.6342044759706327,0.9252024938445977,0.0789717257168104
2787,0.6341979300549264,0.9251945963661807,0.07897427196996025
2788,0.6341864446433001,0.925180761367494,0.07897652707228348
2789,0.6341903716007143,0.9251664267716325,0.07898241270401288
2790,0.6341903254459238,0.9251446289625905,0.07898631519479744
2791,0.634159324936765,0.9251221586188902,0.07899828498274938
2792,0.6341867799952627,0.9251243491603489,0.0789967408430294
2793,0.6342176921396412,0.9251361588689501,0.07899121542879119
2794,0.6342343944713409,0.9251450939722686,0.07898660544469076
2795,0.6342237804668973,0.9251323542443113,0.07898978873492415
2796,0.634218910809222,0.9251419080795155,0.0789896687885807
2797,0.6342361683405326,0.9251591288098252,0.0789850296379712
2798,0.6342089291809274,0.9251524188354622,0.07899041402835089
2799,0.6342262870666733,0.9251337339011247,0.07899172583661752
2800,0.6342552358884239,0.925150320527328,0.07898724421045032
2801,0.6343084107393121,0.9251693436505223,0.07897787302931228
2802,0.6342338531809945,0.9251485142913884,0.07898840691409136
2803,0.6342326538183668,0.9251539944880904,0.07898952169047556
2804,0.6342751400106658,0.9251505088370324,0.07898744144032324
2805,0.6342901117580236,0.9251642785037809,0.07898382674647784
2806,0.6343173116241211,0.9251515310897132,0.07898635345671357
2807,0.6342838767770914,0.9251465197457444,0.0789899327678032
2808,0.6342689799021485,0.9251292221543308,0.07899528695192205
2809,0.6342700433550044,0.9251264128809864,0.07899562658327956
2810,0.6343108768701291,0.9251256750143897,0.07899153999120945
2811,0.6342711886716943,0.9250952418603342,0.07900501127137101
2812,0.6342514966992769,0.9250702812168702,0.07901268578503504
2813,0.6341717791480564,0.9250471729260082,0.07902776191943531
2814,0.6341853811982282,0.92503794190744,0.0790287247081241
2815,0.6342345403474673,0.9250615613246425,0.079019630858703
2816,0.6342508700335695,0.9250853536793283,0.07901430653129934
2817,0.6343218217956875,0.9250970942129361,0.07900458305368778
2818,0.6342913172120247,0.925097413186517,0.07900678268437876
2819,0.6343136371045405,0.9251436951001792,0.07900058143717828
2820,0.6343441133320424,0.9251401556463485,0.07899696559863925
2821,0.6345305517494089,0.9251074358744544,0.07898559608636849
2822,0.634491817488591,0.9250914449218057,0.0789955286831579
2823,0.6344732789784097,0.9250890660706427,0.07899868368800907
2824,0.6345488106047471,0.9251159713000331,0.07898866930218412
2825,0.634520933841686,0.9250769988773436,0.07899716889531697
2826,0.6345519283509387,0.9250733518179677,0.07899465825738776
2827,0.6345270693084153,0.9250642898938278,0.07899837639939428
2828,0.6345367523552173,0.9250840393544532,0.07899633398171599
2829,0.6345505277409322,0.9250894619053273,0.07899415120041867
2830,0.6345010681078878,0.925095076608961,0.07899804757132935
2831,0.6344858790741577,0.9250689092461671,0.07900684990921389
2832,0.6344722376256463,0.9250913065718188,0.07900555608489851
2833,0.6343885476343389,0.9250728791221792,0.07901544245955389
2834,0.6344198263706454,0.925064435929925,0.07901761013655555
2835,0.63444872326497,0.9250463505121974,0.07901815843051647
2836,0.6344985384629881,0.9250742895234342,0.07901008875415325
2837,0.6345214107311425,0.9250829902003861,0.07900646733586414
2838,0.6344865199796187,0.9250802808464765,0.07901235461651297
2839,0.6344345784871281,0.9250789050327183,0.07901870627145595
2840,0.6344462264677243,0.9250746968872844,0.07901793701818224
2841,0.6344870572520056,0.9250786859785723,0.07901439616061673
2842,0.6345300928954264,0.9250864220486714,0.07901012928318711
2843,0.6344730994143939,0.925083109335097,0.07901910452885652
2844,0.6344148426127021,0.9250955147172527,0.07902577170222724
2845,0.6344838998198408,0.9251216359633843,0.07901549424473327
2846,0.6343788285386084,0.9251088347465438,0.07903146638299319
2847,0.634289268435142,0.9250723218791765,0.07904958020090012
2848,0.6343008735106418,0.9250700890641107,0.0790508366678751
2849,0.6342935554387052,0.9250687017211868,0.07905202669013536
2850,0.6343087722783045,0.9250853652084939,0.079047466886388
2851,0.63435192656409,0.9251025398221414,0.07904178119294142
2852,0.6343403429743993,0.9251093996756569,0.07904409263701422
2853,0.6344401855691112,0.9251269124781611,0.07903377377094309
2854,0.6344030739736058,0.9251144801946191,0.07903862783296231
2855,0.6343747274831211,0.9250991694627391,0.07904476554247651
2856,0.6343801847205958,0.9251099338603285,0.07904260851790064
2857,0.6343617587055528,0.9251249871075106,0.07904383194859874
2858,0.6343119922648325,0.9251048456552559,0.07905343759881388
2859,0.6343296736230197,0.9250864604792233,0.07905655598420469
2860,0.6343333717860474,0.9250667648213707,0.0790587947547534
2861,0.6343998975605167,0.9250765991996038,0.07905103622260166
2862,0.6344458492566877,0.9250834628961745,0.07904695228425453
2863,0.6344589465159371,0.925085345993218,0.0790460765417801
2864,0.6344946629257318,0.925086110761201,0.07904353727247518
2865,0.6345574877307473,0.9250783055161085,0.07903927259960783
2866,0.6345624414611458,0.9250866833764244,0.07904101650298871
2867,0.6345745673305934,0.9250901190677648,0.07904095110304023
2868,0.6345745673305934,0.9250901190677648,0.07904068419512283
2869,0.6346154700626847,0.9251263975087656,0.07903693089953835
2870,0.6346272701821608,0.9251419618822881,0.0790351181098969
2871,0.634576592628021,0.9251198527857758,0.07904372034937802
2872,0.6345240609866667,0.9251035582317669,0.07905315458101295
2873,0.6345953474094842,0.9251383570965193,0.07904239218220628
2874,0.6346022151232904,0.925154651650528,0.07903814568393208
2875,0.634700971128861,0.9251788244676779,0.07902617257083284
2876,0.6346646110064275,0.9251765416928945,0.07902998811709641
2877,0.634678131738414,0.9251772411289393,0.07902954615395892
2878,0.6347010932107593,0.9252102721883038,0.07902552137438729
2879,0.6347002919286563,0.925200968151687,0.0790291998041397
2880,0.6347071349541339,0.9252225545926934,0.07902652770073068
2881,0.6346708043833671,0.9252146148406694,0.07903142298108509
2882,0.6346373896414218,0.9252333881652762,0.07903227190347971
2883,0.6346760082689072,0.9252274890755584,0.07902986311281468
2884,0.6346876245816951,0.9252217283358274,0.07903035404511413
2885,0.634726178471352,0.925229898671163,0.07902512129296363
2886,0.6347246820030926,0.9252344257901777,0.07902468450391384
2887,0.6348120530730381,0.9252114942798545,0.07902406332292292
2888,0.6348764562100475,0.9252455552780101,0.07901484667862874
2889,0.6349294154153612,0.9252061370609186,0.07901967408890452
2890,0.6349478118864185,0.9251806729772246,0.07902621431839582
2891,0.6349365322110498,0.9251866489280463,0.0790281094777965
2892,0.6349251558954253,0.9251888779000569,0.07903016497194774
2893,0.6349308933472961,0.9251957877132898,0.07903012185430427
2894,0.6349219153977265,0.9251957185382964,0.07903052760581446
2895,0.6349165218099004,0.925171211375345,0.07903529378954591
2896,0.6348838510966546,0.9251619111817834,0.07904285167685121
2897,0.6349050214833987,0.9251625452858898,0.07904110301793175
2898,0.6348895510772089,0.9251781596191299,0.07904302156231498
2899,0.6349486964975726,0.9251898963096824,0.07903533501243853
2900,0.6349862245248437,0.9251848350059962,0.07903129789369488
2901,0.6350631655086336,0.9251980397436317,0.07902208300367052
2902,0.6350341613548436,0.9252060486706492,0.0790249361782477
2903,0.6350363750137974,0.9252190843138562,0.07902449910370055
2904,0.6350130870204695,0.9252096303980869,0.0790296033096716
2905,0.6350127512374976,0.9252076127941118,0.07903139414201608
2906,0.6350273770642793,0.9252102337577519,0.07902932447710023
2907,0.6350738127963291,0.9252220280941323,0.07902456085846973
2908,0.6350861626670039,0.9252025976070879,0.07902455959796766
2909,0.6351331025033993,0.9252001687962073,0.07902106994460568
2910,0.6351400132806404,0.9252064637206098,0.07902351981650213
2911,0.6351378920664282,0.9252395024660847,0.07902239288173299
2912,0.6351495704906825,0.9252603471974393,0.07902100750728677
2913,0.6351743004447593,0.925273598051737,0.0790153682858607
2914,0.6352038732269942,0.9252774641652589,0.07901366696965115
2915,0.6351584203949134,0.9252847659701213,0.0790188499221844
2916,0.6352442861921047,0.9252882055045171,0.07901126723931706
2917,0.6352864788336219,0.9252799928955745,0.07901092468327392
2918,0.6353053026480767,0.9252892508155289,0.07900833058470795
2919,0.6353257094545727,0.9253047575432237,0.07900607212560885
2920,0.6353620415972805,0.9253037237613774,0.07900405147190581
2921,0.6352444061315118,0.925294046948407,0.07901948364715916
2922,0.6352302862058415,0.9252814455704366,0.07902322301237819
2923,0.6352484313863276,0.9253070556902278,0.07902174753527703
2924,0.6351974757302018,0.9253102607982568,0.07902823774545911
2925,0.635239742189312,0.9253090540789269,0.07902668889938101
2926,0.6353345187892504,0.9253151645366803,0.07901616317790153
2927,0.63531380975202,0.9252879441767641,0.07902520143276577
2928,0.6353602778732773,0.925294066163683,0.07902096876367082
2929,0.635370733682517,0.9252909187014817,0.07902050110019757
2930,0.6353736092891632,0.9252997461992549,0.07901816490258239
2931,0.6353265369106158,0.9252673992037144,0.07903013650179634
2932,0.6353493325280787,0.9252431379962951,0.07903251561525676
2933,0.635335388827391,0.9252354749442447,0.07903625579475893
2934,0.6352808303028299,0.9251107601171944,0.07906941297331355
2935,0.6352727221845326,0.9250979973309059,0.07907626072225817
2936,0.6352960297771163,0.9250988927627654,0.07907503677181138
2937,0.6353102007169136,0.9250858993931654,0.07907701017190098
2938,0.6353263164096002,0.9250735939304446,0.07907794554740406
2939,0.6353380494263696,0.9251077394758145,0.07907620017132501
2940,0.6353456859835087,0.9251315164582797,0.07906975116022692
2941,0.6353519817503582,0.9251246258603226,0.07906990764867705
2942,0.635374393076492,0.925124510568667,0.07906770671630929
2943,0.6354229719632254,0.9251293182307105,0.07906190285498266
2944,0.6354632816091973,0.9251354786481814,0.0790578638623896
2945,0.6355542011924751,0.9251588982265138,0.07904869542506407
2946,0.6356413763942128,0.9251671607951739,0.07903898313837732
2947,0.6355835387674144,0.9251664344577428,0.07904748802952549
2948,0.6355254450264357,0.9251611233554693,0.07905857256575054
2949,0.6354643761486828,0.9251537408464479,0.07906899596942318
2950,0.6355452279278632,0.925177417909478,0.07905410149230521
2951,0.6355326833192622,0.9251795277467778,0.0790552775124016
2952,0.6355490604682594,0.9251753080721783,0.07905512688603125
2953,0.6355241895929385,0.9251507855370061,0.07906474776451446
2954,0.6355181662023145,0.9251503089981625,0.07906902099273552
2955,0.6355315479343591,0.9251492098843779,0.07906905397368813
2956,0.6355300398417737,0.9251603163138792,0.07907160932591255
2957,0.6354549748623651,0.9251756962207526,0.07907881376321885
2958,0.6354995067227022,0.9251587790918029,0.07907864409481638
2959,0.6355033304013425,0.9251630026094575,0.07907810339328503
2960,0.6355011544912248,0.925161361624891,0.0790810970555877
2961,0.6355082611661157,0.9251430071933,0.07908434268868719
2962,0.6354913235325722,0.9251127738781144,0.07909001469009583
2963,0.6354883107054666,0.9250930897494274,0.07909366905148255
2964,0.6355623616564522,0.9251273698017288,0.07908293651262417
2965,0.6355829383680662,0.9251107562741392,0.07908542715865077
2966,0.6356033392250379,0.9251137461710777,0.07908421872578016
2967,0.6356198062303354,0.9251402017630108,0.07907829189803037
2968,0.6356129466410437,0.9251499400648642,0.07907875247558387
2969,0.6356715501727378,0.9251545209866515,0.07907505820657883
2970,0.635605076755428,0.9251433146377153,0.0790864379241856
2971,0.6355064939066791,0.9251014714527984,0.07910806688137799
2972,0.6355125268527358,0.925105030121905,0.0791081514020613
2973,0.6354691832623338,0.9250892121067399,0.07911699762968373
2974,0.6355200531423014,0.925090484158008,0.07911242176473157
2975,0.6354742737787354,0.925074043567902,0.07912245902343984
2976,0.6355256110130171,0.9250844428752482,0.07911715752174828
2977,0.6354296234345598,0.9250667187047084,0.07913098066392649
2978,0.635444503499397,0.9250621646843074,0.07913337464344226
2979,0.6354961936385746,0.9250781402647353,0.07913326927050535
2980,0.6355177516541126,0.925106801770348,0.07912737479765557
2981,0.635558700384652,0.9251159943583642,0.0791221875590206
2982,0.6355746780905178,0.925110126013088,0.07912122910990961
2983,0.6355884685963342,0.9251030432623714,0.07912260125352531
2984,0.6356646289595472,0.9251089231368133,0.07911390789295775
2985,0.6356831398698016,0.9251001532848679,0.07911851285749984
2986,0.6357126438507691,0.9250989311933173,0.07911738585180304
2987,0.6357018032627869,0.9250841469599984,0.07912082259022328
2988,0.6357002481161662,0.9250843506419236,0.0791225023330373
2989,0.6356637620000344,0.9251052184316093,0.0791363540462852
2990,0.635648779725553,0.9251061715092966,0.0791398024224438
2991,0.635639550175937,0.9251211555814854,0.07913995728540854
2992,0.6355884516990437,0.9250910798315626,0.07915188019683334
2993,0.6357045085184421,0.9251140766738241,0.07913877398369834
2994,0.6357045085184421,0.9251140766738241,0.0791384476509231
2995,0.635706710355211,0.9251154179000857,0.07913776514784832
2996,0.6357031020419581,0.9251023630416026,0.07914120345073097
2997,0.6357297762895573,0.9251066980078578,0.0791388280970491
2998,0.6358035018701468,0.9250884319665361,0.07913475536359985
2999,0.6358329301851207,0.925101905718035,0.07913236741436612
3000,0.6358838925037915,0.9251097609228448,0.07912638229376869
3001,0.6358496350367737,0.925131823902695,0.07912817605465504
3002,0.6358128976516852,0.9251094265770432,0.07913816370000233
3003,0.6357921099115291,0.925093243471635,0.0791407271220933
3004,0.6357911677568877,0.9250774331425802,0.07914343676306418
3005,0.6358012677921208,0.9250987736280545,0.07913969993616202
3006,0.6358142322737508,0.9251313781082928,0.0791355029255244
3007,0.6358337904505171,0.9251278655558485,0.07913495122939682
3008,0.6358645500588331,0.925132308127649,0.07913247588532911
3009,0.6358250086074395,0.9251297640251127,0.07914114442321474
3010,0.6358440561262935,0.9251047803233177,0.07914646411437003
3011,0.6358881695978603,0.9251165900319188,0.07914313245012877
3012,0.6358629354718027,0.9251200756829768,0.07914558288609704
3013,0.6358773386262351,0.9251185423039557,0.0791454904529115
3014,0.6358622104323649,0.9251094304200984,0.07914981857849922
3015,0.6358875574748141,0.9251063559759458,0.07914776229125013
3016,0.6359126664728378,0.9250963947768914,0.07915053054163433
3017,0.6358926904255715,0.9250977091017666,0.07915539484272345
3018,0.6359070281780901,0.9250942426659846,0.079154806072965
3019,0.6359082409614609,0.9250914295495849,0.07915689735845513
3020,0.6359409771388237,0.9251169051624445,0.0791520101100585
3021,0.6360026642981677,0.9251188997080885,0.07915016102674341
3022,0.6359830820484489,0.9251186768108873,0.07915205089939982
3023,0.636010196414804,0.9251223853591465,0.07915030279572075
3024,0.6360024544039958,0.9251028511096119,0.07915873875964631
3025,0.6359473278913045,0.9250824137421074,0.07916866438953012
3026,0.6359437714633451,0.9250973824420754,0.07916751731227956
3027,0.6359621312236329,0.9250985353586326,0.07916585473522131
3028,0.6359796474625153,0.9251158214208807,0.0791635448922905
3029,0.6359640277421756,0.9250989542516485,0.07916810325944712
3030,0.6359780272478913,0.9250592593345831,0.07917376581071116
3031,0.6359917255430655,0.9250756538080269,0.07917278526696217
3032,0.6359994571701023,0.9250724832874945,0.07917332241910789
3033,0.6360443843615582,0.9250763801454579,0.07917023301148322
3034,0.6360401031970253,0.9250793200826789,0.07917208489308838
3035,0.6359996394387427,0.9251074358744544,0.07917870117375814
3036,0.6360844911209288,0.9251109215255124,0.07916639369853527
3037,0.6361104947935345,0.9251111905393757,0.07916834884335883
3038,0.6360911701965783,0.9251056450107356,0.07917537556502631
3039,0.6361031868952581,0.9251193455024905,0.07917255593075724
3040,0.6360740574629272,0.9251248871880756,0.07917717138492084
3041,0.6360818699027592,0.9251158444792118,0.07917918112134008
3042,0.636119333583755,0.9251110906199408,0.07917638587896181
3043,0.6360623968740748,0.9250824022129419,0.07918828852164796
3044,0.636074725393006,0.9250755462024816,0.07919035628715874
3045,0.6362184929895759,0.9250576375652927,0.07917735227673514
3046,0.6362255168496913,0.9250579680680391,0.07917325195869392
3047,0.6362755900885301,0.9250508199853843,0.07916643336583651
3048,0.6362497396771609,0.9250243720795615,0.07917320135252699
3049,0.6362192868488911,0.9250062482312819,0.07918483277900043
3050,0.6363085104710619,0.9250301750928995,0.07917468873615692
3051,0.6363235971302479,0.9250386105990432,0.07917111314513925
3052,0.6363835093289274,0.9250481836495233,0.0791686648929837
3053,0.6364267762225961,0.9250487908522436,0.07916576222149614
3054,0.6364802216565264,0.9250413084237872,0.07916346093948778
3055,0.6364770644188714,0.9250289184138522,0.07917046571243415
3056,0.6364990669811168,0.9250298868637602,0.07916813346284547
3057,0.6365150182608048,0.925041688886251,0.07916752766614754
3058,0.6364729661650336,0.9250422576584193,0.07917518207069978
3059,0.6364730582775787,0.9250377728130116,0.07917652378839214
3060,0.6364370332617437,0.9250334416898116,0.07918370863333103
3061,0.636445916677066,0.9250321811677091,0.07918363944352828
3062,0.6364186957955987,0.925037519171369,0.07918471670050686
3063,0.6363928740545588,0.9250442137735113,0.0791882373024119
3064,0.6363930728991746,0.9250246372503697,0.07919415683792691
3065,0.6363841839021687,0.9250210209354351,0.079198474535952
3066,0.636355476101975,0.9250081543866565,0.07920599646647813
3067,0.6363860651286073,0.9249896808203546,0.0792075443023601
3068,0.6364237736686427,0.9249964215391592,0.07920652551307254
3069,0.6364569765838635,0.925000610469317,0.07920485991683629
3070,0.6363851115239031,0.9249979664473458,0.07921238924101687
3071,0.6363509975681052,0.9249668338572455,0.07922016689388939
3072,0.6363914064670457,0.9249677331321602,0.07921507191708042
3073,0.6364356032295305,0.9249677062307738,0.07921105029259276
3074,0.6364459334604771,0.9249616841632899,0.0792133615575845
3075,0.6364696267702485,0.9249523993419491,0.07921481034976044
3076,0.6364773297029267,0.924939947843131,0.07922066360392728
3077,0.6364922685198293,0.924943229812264,0.07922028799280305
3078,0.6365147785070052,0.9249393367973556,0.0792213453902104
3079,0.6365009263339013,0.9249369079864751,0.07922505187701162
3080,0.6365236895743487,0.9249364314476315,0.07922502699559968
3081,0.6365364409613429,0.9249447170746228,0.07922310524953587
3082,0.6364964317591265,0.9249388910029536,0.0792434119927184
3083,0.6365031467164527,0.9249323501230189,0.07924577968920576
3084,0.6365053256867704,0.924933137949333,0.0792449792309069
3085,0.6365101860013396,0.924921151460193,0.07924924063676007
3086,0.6364932006197643,0.9249063787560398,0.07925769021518793
3087,0.6365073713488288,0.9249174275397132,0.07925712257863869
3088,0.6365024736287734,0.924891152571374,0.0792633376486717
3089,0.636513365704029,0.9249013212954087,0.07926274347833126
3090,0.6364086131276144,0.9248704807775029,0.07927902749624713
3091,0.636407452629786,0.9248514807126399,0.07928283033990341
3092,0.6363580375034844,0.9248123545677428,0.07929955778323597
3093,0.6363559691657578,0.9248321808894719,0.07930005769638583
3094,0.6363564516407325,0.9248171237992345,0.07930393245991268
3095,0.6363523170845456,0.9248277114162851,0.07930629027607045
3096,0.6363353076402595,0.9248321962616927,0.07931096740178142
3097,0.6363770327898868,0.9248271195857857,0.07931189650814896
3098,0.6364930784101049,0.92481250060384,0.07931942612098215
3099,0.6364278296661823,0.9248132346273815,0.07932890365064081
3100,0.6364549053702617,0.9248449897924227,0.07932494104387325
3101,0.6364908317539757,0.9248350209072579,0.07932119839585297
3102,0.6364678727279908,0.9248299019577437,0.07932714518788625
3103,0.6364198068491168,0.9248403320095315,0.07933365455051092
3104,0.636399370271299,0.9248428837981781,0.07933984829853465
3105,0.6363951938183949,0.9248569340079555,0.07934166187530275
3106,0.6363966065966564,0.9248397901387496,0.0793442015512555
3107,0.6363791681606601,0.9248267852399841,0.07935559845229301
3108,0.636426191971288,0.9248382298583422,0.07935090666451175
3109,0.6364070440584199,0.9248340870448465,0.07935531171252994
3110,0.6363821108655346,0.9248208246613833,0.07936151038393031
3111,0.636441542962447,0.9248199638170205,0.07935626796276593
3112,0.6365204038535012,0.92480222427426,0.07935991556735493
3113,0.6365101807631145,0.9247961753053897,0.07936128184914706
3114,0.6364590496908018,0.9247905413864801,0.07937088631513602
3115,0.6363070175377735,0.9247631173446389,0.07939932535592872
3116,0.6363102787003777,0.9247658612860451,0.07939876854196565
3117,0.6364213852106819,0.9247849651133982,0.0793824869733136
3118,0.6363840836346338,0.9247679326927929,0.0793919899565296
3119,0.6364052999331463,0.9247610728392773,0.0793969166789597
3120,0.6364902173431011,0.9247805417568737,0.07938764523828593
3121,0.6364564961572672,0.9247725443590218,0.0793972722256971
3122,0.6364198531909265,0.9247739662894423,0.07940197944533263
3123,0.6364870218101533,0.9248010982590891,0.0793933879573131
3124,0.636536838810309,0.924818280558847,0.0793895696565145
3125,0.6365831145731715,0.9248080734042603,0.07938784929298337
3126,0.6365553411777681,0.9248212742988405,0.07939328125764276
3127,0.6365584749595665,0.9248296521591564,0.07939476385235777
3128,0.6365417291648402,0.9248292909119684,0.07939810505471905
3129,0.6366472428443131,0.9248524222611616,0.07938565693119419
3130,0.636618003828645,0.9248503777558001,0.07939194134787728
3131,0.6366294868759974,0.9248491364489735,0.07939103395448109
3132,0.6365866971497591,0.9248334183532433,0.07940432686112779
3133,0.6365479275936509,0.9248094453749633,0.07941693354300221
3134,0.6365776128452573,0.9248030005714085,0.07941588770757979
3135,0.6365908615313305,0.9247849881717295,0.07942308074199157
3136,0.6366090021835263,0.9247780629862757,0.07943000651520235
3137,0.6365962917858408,0.9247925397751793,0.07943446177454483
3138,0.6365736269312912,0.9247612880503681,0.07944652095824983
3139,0.6366352397224609,0.9247859758369135,0.07943918637270202
3140,0.6365755769718333,0.9247698388481675,0.07945079297816042
3141,0.6365999280458721,0.9247613418531407,0.07945314303392349
3142,0.6366856076441986,0.92476898184686,0.0794495383574102
3143,0.6366094297220604,0.9247676867372606,0.07946520048533155
3144,0.6366602819367191,0.9247710532536078,0.07945924081396946
3145,0.6367201878018427,0.9247776210349288,0.07945353194835666
3146,0.6366057562505106,0.9247470687461623,0.07947582892762863
3147,0.6366153490055769,0.9247528064275621,0.07947523479714512
3148,0.6366221958292438,0.9247627714696717,0.079475520035449
3149,0.636629192727446,0.9247901801392922,0.07947410408227475
3150,0.6365824001837722,0.9247876245075903,0.0794831463358042
3151,0.6365960874870437,0.9247852494994824,0.07948508683457609
3152,0.6366259245558001,0.9247869750312631,0.07948422827930932
3153,0.6366481053853444,0.9248072586765599,0.07948303340815836
3154,0.6366714056808512,0.9247936235167431,0.07948203730532222
3155,0.6367074524039231,0.9247917327335892,0.07947803599380676
3156,0.6367327975943391,0.9248008830479983,0.07947821063732434
3157,0.636727742954251,0.9247961560901138,0.07948285977628154
3158,0.6367321709335435,0.9247952222277024,0.07948383175180823
3159,0.6367092549806722,0.9248078274487281,0.07948857965144872
3160,0.6367198865885023,0.9248270465677371,0.0794883374220328
3161,0.6366901017291062,0.9248077813320658,0.07949945081738063
3162,0.6366702871523686,0.9248110248706468,0.07950162671176136
3163,0.6366013208499118,0.9248017976951338,0.07951527703372605
3164,0.6366172425536265,0.9248098527388137,0.07951457288694536
3165,0.6366171114511906,0.9247922015863225,0.07952077167816814
3166,0.6366699874941218,0.9248017707937475,0.07951513709128528
3167,0.6366861889141636,0.9248061288183338,0.07951474458362429
3168,0.6366481962425843,0.9248284492828817,0.07951913000208648
3169,0.6366080760420818,0.9248404396150768,0.07952491450280019
3170,0.6368350012367934,0.9247659112457626,0.07952138154406935
3171,0.6368388356417495,0.924771279993864,0.07952266912588
3172,0.6368387075763914,0.9247736434728063,0.0795229629544059
3173,0.636783552483046,0.9247464500142766,0.07953972130672353
3174,0.6367836887563876,0.9247497550417406,0.07954214315357967
3175,0.6369545332542526,0.924851119465452,0.07958657801890463
3176,0.6369926039496888,0.9248411851677838,0.07958905629065047
3177,0.6370198263933988,0.9248512693446044,0.07958961807808766
3178,0.6370324842691101,0.924848944296214,0.07959096284397345
3179,0.6370231578462553,0.9248576411301106,0.07958990299419617
3180,0.6370762029096466,0.9248574950940134,0.07958897962582281
3181,0.6370594024047482,0.9248245178374215,0.07960400944570031
3182,0.6370646589379283,0.9248239951819156,0.07960228442324586
3183,0.637124727672005,0.9248064208905282,0.07960393140373698
3184,0.6371182804236446,0.9248176310825197,0.07960746585808175
3185,0.6370809741531691,0.9247996378981166,0.07961909033715206
3186,0.6370836699068217,0.9248003334911061,0.07962240545844546
3187,0.6370364485466037,0.9248018937715136,0.07962792709273725
3188,0.6370771274604224,0.9248073509098844,0.07962571564623003
3189,0.637035673763606,0.9248018245965202,0.07963250561898672
3190,0.6370282961400581,0.924796786351165,0.07963216873314614
3191,0.6370497715643478,0.9247822634455992,0.07963642702639705
3192,0.637050221030845,0.9247491901126276,0.07964625777450952
3193,0.6371082668323588,0.9247446360922266,0.07964318690681325
3194,0.637076401822315,0.9247343943501432,0.07965138884014707
3195,0.6370422595011369,0.924728226246562,0.0796600472470728
3196,0.637106792319407,0.9247536057830418,0.07965214661185378
3197,0.6370853614604429,0.9247257397898536,0.07966256846875114
3198,0.637085548229917,0.9247144719520343,0.07966978095702316
3199,0.6370967993185451,0.9247107672468304,0.07967132098283992
3200,0.6370591380581409,0.9247102061607726,0.0796772992384173
3201,0.6370694702657732,0.924709087831712,0.07967873366136155
3202,0.6370825788749986,0.9247004409575329,0.07968018297312761
3203,0.6371322251129102,0.9247067474111009,0.07967701819860634
3204,0.6371020737799048,0.924676187436224,0.07968845845060565
3205,0.6371249936003986,0.924683823586888,0.07968768786963965
3206,0.6371310340549023,0.924678766126257,0.07968838355358025
3207,0.6371117563637715,0.924655938378424,0.07969894363448946
3208,0.6371206125077987,0.9246733474184381,0.07969629855586145
3209,0.6371614295958699,0.9246875206059816,0.07969274420020943
3210,0.63713787793686,0.9246688356716442,0.0796985590125954
3211,0.6371764849626999,0.9246876243684717,0.0796944633325255
3212,0.6371990231447571,0.9246871286143521,0.07969260761378703
3213,0.6371596905159145,0.9246645852526031,0.07970226324802998
3214,0.6371647159954434,0.9245965478035061,0.07972970431922018
3215,0.637154500784212,0.9245734433556992,0.07974121837603586
3216,0.6371204724125553,0.9245580403904947,0.07975229650610478
3217,0.6371721806016963,0.92458826601957,0.07975085236537295
3218,0.6372041379097297,0.9245962057715941,0.07974448786838303
3219,0.6371849726403208,0.9245898339860877,0.0797469261141723
3220,0.6372276517520732,0.9246129845505568,0.07974289876924721
3221,0.6372952888113742,0.924616089739151,0.07973707006486684
3222,0.6373695246278681,0.9246428950491066,0.07972458362509752
3223,0.637421690822134,0.9246576946546461,0.07971785539785986
3224,0.637430446528507,0.9246571604699746,0.079717078949076
3225,0.637438114031792,0.9246492591485024,0.07972056040033508
3226,0.6374083176889734,0.9246279916810768,0.07973233755675525
3227,0.6374135762303212,0.924662083423674,0.07973328100080618
3228,0.6374149369074512,0.9246745426086024,0.07973536724908264
3229,0.6373454712651613,0.9246603694210589,0.07974798327603255
3230,0.6373640155126313,0.9246763450014869,0.07974591123794303
3231,0.6373623035232596,0.9246839542507646,0.07974932322422687
3232,0.6372859308141418,0.9246749076988455,0.07976444675651068
3233,0.6372909358753012,0.9246779475555014,0.07976430945929282
3234,0.6373371410078468,0.9246896535016125,0.07976403775839785
3235,0.6373010406040404,0.9246908871223286,0.07977060488957727
3236,0.6373144640129323,0.9246859449533533,0.07977158651227792
3237,0.6373308169947932,0.924687628211527,0.07977035496307663
3238,0.6373298366673039,0.92468255153562,0.07977469571340365
3239,0.6373284513177364,0.9246813217579589,0.07977772209439354
3240,0.6373532032261381,0.924684407731277,0.0797763170796294
3241,0.6373654001325385,0.9246787084804291,0.07978278563402211
3242,0.6374291525971308,0.9246743581419532,0.07980166290501506
3243,0.6374489593700131,0.9246899148293654,0.07980040077732725
3244,0.6374445318698021,0.9246911676653575,0.07980163709093828
3245,0.6374712118425578,0.924691398248669,0.07980099007335971
3246,0.6375024498015969,0.9246938116873288,0.07979600403852331
3247,0.6374785075831211,0.9246970052661924,0.07980130659686922
3248,0.6374544175840434,0.9246952951066324,0.07980430236980594
3249,0.6374749329846204,0.9246890616711131,0.07980466592897797
3250,0.6375293720653379,0.9246715450255536,0.07980741099349341
3251,0.6376289210704112,0.9246872515921182,0.07980052773036289
3252,0.6376598304458346,0.9247095989580524,0.07979676861782142
3253,0.6376526506468868,0.924698830717408,0.07979776119107646
3254,0.6376801332481798,0.9246804532274857,0.07980404550230448
3255,0.6376721710508222,0.9246816484176501,0.07980831540427026
3256,0.6376560174888593,0.9246780513179915,0.07981809936774474
3257,0.6376878290467123,0.9246670179065389,0.07982134892380655
3258,0.637697231289487,0.924670507400652,0.07982042435227624
3259,0.6377155629007539,0.9246646697998173,0.07981884662750235
3260,0.6378131076217645,0.9246898072238201,0.07981021242653426
3261,0.637882671323554,0.9247320193420353,0.07980343969780168
3262,0.6378990181949943,0.9247235031317326,0.07980862579378567
3263,0.637881525081748,0.9247048720001678,0.07981545957728962
3264,0.6378878120141838,0.9247130461785585,0.07981478429342143
3265,0.6379118860647096,0.9246977700341753,0.07980503073617154
3266,0.6379164036261694,0.9247107518746096,0.07980439219503968
3267,0.6378823680457225,0.9246911753514679,0.07981745230934337
3268,0.6378649565007829,0.9246896419724469,0.07982144840221098
3269,0.6378843220014355,0.9246820942120522,0.0798243871815925
3270,0.6379453632871289,0.9246757877584841,0.07981974956445753
3271,0.6379566262665158,0.9246621564417226,0.07982288514028693
3272,0.6379264935742736,0.9246764948806393,0.07982726087305894
3273,0.6378810884456779,0.9246682438411448,0.07983778586223593
3274,0.6379128608175639,0.9246787853415329,0.0798358214049587
3275,0.6378775312015853,0.9246906911265139,0.07984460586316203
3276,0.6379261187844154,0.9246921361152657,0.0798396670122884
3277,0.6379367703997445,0.9246953027927428,0.07983890299534534
3278,0.6379311759729065,0.9246713221283526,0.07984446688680115
3279,0.6379511221690635,0.9246780359457708,0.07984367567156318
3280,0.6379889878813776,0.9246360582539221,0.07985209744879815
3281,0.6380251394881609,0.9246409619923456,0.07984957161370664
3282,0.6380742610147199,0.9246664529774259,0.0798629290874434
3283,0.6380939277481922,0.9246542820216367,0.07986302275642944
3284,0.6380581016947519,0.9246484828513539,0.07987329605714893
3285,0.6380629994877258,0.9246547239729836,0.07987268380533874
3286,0.6380597143712747,0.9246698310229385,0.07987347318518566
3287,0.6381260722304853,0.9247026084406604,0.0798689500740309
3288,0.6381824683630639,0.9246724904171305,0.07987108293315738
3289,0.6381451306394498,0.9246730399740228,0.07987421291956791
3290,0.6381400374225058,0.9246498279206706,0.07988373271952744
3291,0.6381194076725932,0.9246489440179768,0.07988907909014338
3292,0.6381445471189815,0.9246432908837912,0.07989224646092408
3293,0.6381630769166751,0.9246589974503557,0.07989310593947159
3294,0.6381652802101866,0.9246601465238579,0.07989357953293423
3295,0.6380754394907309,0.9246504697108875,0.07990976049240939
3296,0.6381376321805918,0.9246706726520253,0.07990285658763126
3297,0.6381087538108912,0.9246639934221037,0.07990943885700132
3298,0.6381054669494401,0.9246587976114858,0.07991314592457323
3299,0.6380953274571588,0.9246555271715186,0.07991794766477983
3300,0.638086324063257,0.9246538823438969,0.07991937844339346
3301,0.6381291502128124,0.9246657189538844,0.07992118585603082
3302,0.6380745828061978,0.9246401664799211,0.07993136448318719
3303,0.6380772098281858,0.9246425530171946,0.07993390594139428
3304,0.6380976327081369,0.9246382949120432,0.07993689518020004
3305,0.6380959922688562,0.9246472915042447,0.07993626988356088
3306,0.6381253923100628,0.9246368537663466,0.07993685122703759
3307,0.6381281714130201,0.9246038841958651,0.07994632582094907
3308,0.6381212276060027,0.9246100061827841,0.07996989394518265
3309,0.6381087871212429,0.9246083152385001,0.07997336020411375
3310,0.6381289322713606,0.9246111667854516,0.07997417905109556
3311,0.6381747469627992,0.9246655844469527,0.07996916582234942
3312,0.6381968322793968,0.9246675789925968,0.0799690035790407
3313,0.638193308932646,0.92467469633081,0.07997125065898392
3314,0.6381996347471128,0.9246769291458758,0.07997095177598586
3315,0.6382230551825102,0.9246702230145679,0.07997395713365911
3316,0.638266021976967,0.9246753419640821,0.07997319083046574
3317,0.6382416977415436,0.9246788814179128,0.07997557188751843
3318,0.6382668021058702,0.9247017821837944,0.07997323463453551
3319,0.638243334963516,0.9246947878233472,0.07998083400128388
3320,0.6382595902059571,0.9247118048717319,0.079980539235519
3321,0.6382941347014636,0.9247145295978622,0.07997892146631788
3322,0.638324763067792,0.9247139108659764,0.07997920201514869
3323,0.6383459324331827,0.924716581789334,0.07997977904807672
3324,0.6383983640275969,0.9247455661115827,0.07997580439594272
3325,0.6383935447271172,0.9247240104150177,0.0799838643892703
3326,0.6383616603338337,0.9247271348188878,0.07999457297534127
3327,0.6383495761730182,0.9246989652243396,0.08000113757898135
3328,0.6383720643747766,0.9247049719196028,0.08000048068931503
3329,0.6383623317232255,0.9246885428586623,0.08000874905841616
3330,0.6383396077642562,0.9246812179954688,0.08001333699954949
3331,0.6383725868734891,0.924711424409268,0.08001052547040882
3332,0.6383803184785884,0.9247145219117517,0.08000943013849467
3333,0.638363728197127,0.9246979391286037,0.08001453858665632
3334,0.6383933360008793,0.9247075698249118,0.08001351079902316
3335,0.6384049731122476,0.9246941767775719,0.08001897183257249
3336,0.6383904734343586,0.9246564994644818,0.08003068877003963
3337,0.6382856637875411,0.924649897095664,0.08006852532741185
3338,0.6383585614294716,0.924662125697281,0.08005908875420449
3339,0.6383682006622573,0.9246862024380511,0.08005869442358171
3340,0.6383725672466267,0.9246833239897132,0.08005535437017765
3341,0.6384313436715104,0.9246856144506069,0.08005506023381205
3342,0.638430228151486,0.924650277558128,0.08006351518186643
3343,0.6384599453458102,0.9246571643130298,0.08006128748647774
3344,0.6384449630612188,0.924644374625355,0.08006972485418734
3345,0.6384321155536726,0.9246440364364982,0.08006949800762106
3346,0.638425291789747,0.9246280877574565,0.08007495658156058
3347,0.6383750164074631,0.9245960328341105,0.08008911899924723
3348,0.6383962542093699,0.9246290600504198,0.08008775049053474
3349,0.6384381085746271,0.9246267888048021,0.08008678019697461
3350,0.6384527888973995,0.9246198021304652,0.08008738768393382
3351,0.6384527888973995,0.9246198021304652,0.08008394201262534
3352,0.6384843987016112,0.9246370728204926,0.08008334904072739
3353,0.6384824212630439,0.9246400896188173,0.08008417758333171
3354,0.6384737579458942,0.9246440479656638,0.0800904541030392
3355,0.6385233072403762,0.9246581020184963,0.08008846186983305
3356,0.63849285021533,0.9246495396915313,0.08009586351004315
3357,0.6386083281149759,0.9246740583836484,0.08008535043958562
3358,0.6386603538233767,0.924691659576422,0.08007727967914127
3359,0.638647542941915,0.9247088226609039,0.0800828707922834
3360,0.6386355194598743,0.9246601772682993,0.08014251296477881
3361,0.6386236136966462,0.9246497894901188,0.08014815257306142
3362,0.6386863994020051,0.9246683053300278,0.08013659112936039
3363,0.6387441106007941,0.924679065884562,0.08013139135853387
3364,0.6387622507600622,0.9246720907393907,0.0801315273181093
3365,0.638759356252771,0.9246652001414336,0.08013345820267237
3366,0.6387927908950031,0.9246666336010199,0.08013619006810052
3367,0.6387957207279489,0.9246432447671289,0.08014333737501483
3368,0.6387753279848204,0.9246528869926025,0.08014743710406017
3369,0.6388046790347419,0.9246462999960056,0.0801447785084153
3370,0.638805839423581,0.9246448895947506,0.0801466086582846
3371,0.6388381349325696,0.9246429642241,0.08014739042532848
3372,0.6388269972955928,0.9246386061995137,0.08015133694779551
3373,0.6389098368454095,0.9246569721602702,0.08014478199064316
3374,0.6388456163013654,0.924661802880645,0.08015096635272988
3375,0.6389206037328674,0.9246791504317761,0.08014330262864175
3376,0.6389725636858213,0.92468134481629,0.08013818741473937
3377,0.6389438674433354,0.9246835122994176,0.08014350077915142
3378,0.6389416008901964,0.9246820211940036,0.08014704382655004
3379,0.6389344603275758,0.9246655959761183,0.08015585850701697
3380,0.6389723362720856,0.9246731821670648,0.08015137544267441
3381,0.6389549182178622,0.9246676635398109,0.0801558299311873
3382,0.6389404264108038,0.9246386023564584,0.08016587517855372
3383,0.6389051154757223,0.9246382987550984,0.08017271040561459
3384,0.6389139441912486,0.9246382334231601,0.08017445918490544
3385,0.6388929322449134,0.9245841923810678,0.08020545824089594
3386,0.6389666926660698,0.9246085650370875,0.0802050593220246
3387,0.6389961795158113,0.9245993493907401,0.08020904938974263
3388,0.6389947848167017,0.9246083882565488,0.0802130203206655
3389,0.638978567832841,0.9245928853719092,0.08022344035750427
3390,0.6389085642109732,0.924554743049141,0.08024272800977726
3391,0.6389242482059894,0.924544105472373,0.08024613127693818
3392,0.6389777879664419,0.9245385753159535,0.08024278556430926
3393,0.638968427784796,0.9245382448132071,0.08024516284971489
3394,0.6389522450296833,0.9245406121352047,0.08024399516323782
3395,0.6389202669655502,0.924534436345513,0.08025021607591815
3396,0.6388840903842835,0.9245142295613201,0.08025759048785797
3397,0.6388895297187164,0.9245435059557633,0.08025777173635629
3398,0.6388993470815051,0.9245266849031933,0.08026102463179119
3399,0.6389686290184754,0.9245251553672275,0.08026737123492628
3400,0.6390000213718804,0.924519990301051,0.08027292199965326
3401,0.6389911665762023,0.9245114548754724,0.0802808933965743
3402,0.6389697502779857,0.924511085942174,0.0802799579574856
3403,0.6389498344543575,0.9244999526112865,0.08028546467690474
3404,0.6389983464794223,0.9245263198129502,0.08027661999137774
3405,0.6390011286248224,0.9245394476894818,0.08027650545744278
3406,0.6390234594579627,0.9245327915178915,0.08028158425546313
3407,0.6389956156319906,0.9245246173395008,0.08029162591266432
3408,0.6390370501351961,0.9245335716580951,0.08028236380119379
3409,0.6390725710593999,0.9245333141733973,0.08028180345547897
3410,0.6391074223221795,0.9245438710460063,0.08027920530530452
3411,0.6391296589575334,0.9245540436130963,0.08027865674494608
3412,0.6390859544280227,0.9245531558673472,0.0802924979412094
3413,0.6390853609678009,0.9245459001791471,0.08029734139483861
3414,0.6391072093060877,0.9245267732934627,0.08030148949053144
3415,0.6391174813111974,0.9245202477857488,0.08030406129915517
3416,0.6390606865355405,0.9245146868848878,0.0803129496502556
3417,0.6390889147676853,0.9245282336544351,0.08031548592904696
3418,0.6390774909086465,0.924528994579363,0.08031692645476086
3419,0.6391195362727414,0.9245775861691948,0.08031081096149172
3420,0.6391124314256607,0.9245734548848648,0.08031262421483067
3421,0.6391170627753204,0.9245889001236764,0.08031022288680607
3422,0.6390959166152063,0.924586071635056,0.08031502686035236
3423,0.6391314306284406,0.9245933811260288,0.08031534928598957
3424,0.6391696450566902,0.9246170236015624,0.08031364370816953
3425,0.6391326868671738,0.924586110065608,0.08032510383961104
3426,0.6391077637718616,0.9245784470135576,0.08032706568317098
3427,0.6391332229422751,0.9245857795628616,0.08032550812231845
3428,0.6391447634294642,0.9246003524281449,0.08032496464469562
3429,0.6392125260461059,0.9246107747938223,0.08031944924962475
3430,0.6392197464010935,0.9246109093007538,0.08031899343595543
3431,0.6392206023722428,0.9245997874990318,0.08031662023719156
3432,0.6392167669556275,0.924616028250268,0.08031382310151183
3433,0.6391916696666379,0.9246189028555506,0.0803259304006394
3434,0.6391960212247618,0.9246157707655702,0.08032911010490427
3435,0.6392042964841206,0.9246247788869373,0.0803281522774465
3436,0.6392061132035938,0.9246060632081583,0.08033619721575651
3437,0.6393148388843399,0.9246203939609646,0.08031996928983305
3438,0.6393106761162578,0.9246199327943417,0.0803173211808979
3439,0.6393317424125879,0.9246218466358268,0.08032011753541005
3440,0.6393558440172681,0.9246213508817072,0.08032496053136176
3441,0.6393942003630106,0.9246087033870743,0.08032961766098573
3442,0.6394085041847941,0.9246270539756102,0.08032949022980933
3443,0.6393646706317551,0.9246456620488439,0.08033938440916066
3444,0.6393734664105597,0.9246450471600134,0.08033904976236457
3445,0.6393989947548062,0.9246507540969716,0.08033634459234916
3446,0.6393837529359959,0.9246391788147371,0.08034135679143271
3447,0.6393778134313756,0.9246319346557025,0.08034685206541338
3448,0.6393694472643521,0.9246410695978909,0.08035078107026739
3449,0.6393747341784092,0.9246503544192318,0.08035111713638508
3450,0.6393963930015115,0.9246600581335884,0.08034754245307743
3451,0.6393966172852306,0.9246705381450936,0.08035208564255067
3452,0.6393966240545121,0.9246648119928594,0.08035693244816901
3453,0.6393799278633111,0.924667905652288,0.08035812261093152
3454,0.6393667311899377,0.9246548892243569,0.08036557550152133
3455,0.6394275347450253,0.924654527977169,0.08036522685223017
3456,0.6394189152249641,0.924657932924068,0.0803655049371361
3457,0.6394271664620027,0.924656303468667,0.0803631845909082
3458,0.6394220702622666,0.9246761336334514,0.08036614964231201
3459,0.639392559714626,0.9247034539128024,0.08037119581091741
3460,0.6393664528867504,0.9247067781555424,0.08038293355965123
3461,0.6394707087893676,0.9247354242889343,0.08037486102540485
3462,0.639404408622109,0.9247103368246491,0.08038887746200826
3463,0.6393389688572534,0.9247138993368109,0.08040305702084168
3464,0.6393212093959878,0.9246917095361394,0.08041058169678235
3465,0.6393032820037031,0.9246912598986822,0.08041990050402324
3466,0.6393203146112643,0.924692405129129,0.08042253385370483
3467,0.6392804536443066,0.9246857028408764,0.08043244474857818
3468,0.6392611406989462,0.9246808260038393,0.0804388688617936
3469,0.6393393867731794,0.9246789083192991,0.0804306998367412
3470,0.6393307049170757,0.9246494974179242,0.0804405336733781
3471,0.6393130399768331,0.9246325034278707,0.08045275936265221
3472,0.6393731376671297,0.9246444860739554,0.08044846443687179
3473,0.6394154548594952,0.9246605884752047,0.08044792509873352
3474,0.6394341584076988,0.9246499086248297,0.08045304367049767
3475,0.6394314690318635,0.9246604001655004,0.08045470285639832
3476,0.6394699909097974,0.9246578022601915,0.08044886052490637
3477,0.639431227565058,0.9246262469340202,0.08045953572976745
3478,0.6394604424879679,0.9246420226755783,0.08045785385066326
3479,0.6394423873499893,0.9246462846237847,0.08046666175105717
3480,0.6394712969154603,0.9246371266232652,0.0804713862708751
3481,0.6394846864777682,0.9246328569889483,0.08047668768720709
3482,0.6394658017036798,0.9246283529282647,0.0804831893454084
3483,0.6394150747465333,0.9246142258573835,0.0804936774953279
3484,0.6394035787877355,0.9246111667854516,0.08049750266258152
3485,0.6394362148935391,0.9245997874990318,0.08049636584805063
3486,0.6394278746901348,0.9245949106619947,0.08049860888353946
3487,0.6394428070748936,0.9245967937590382,0.08049966537877079
3488,0.6394357691371024,0.924601201743342,0.08050885707588347
3489,0.6394986375395841,0.9246090953787038,0.08050116835968849
3490,0.6394958779263847,0.9245916479081379,0.08050493047693956
3491,0.6394659848983484,0.9245952949675138,0.08051464750559881
3492,0.6394270902157687,0.924587220708558,0.08052494183727725
3493,0.6394477293407047,0.924595598568874,0.0805210787484389
3494,0.6394295270276668,0.9245979274603195,0.08052530813634398
3495,0.6394482884138076,0.9246069701691834,0.08052925797666456
3496,0.6394019630973319,0.9245701267990696,0.08054955192509812
3497,0.6393807963929999,0.9245673982298842,0.08055651552081936
3498,0.6393867205150996,0.9245628980122558,0.08056166112832933
3499,0.639417784181879,0.9245583824224066,0.08056001916055124
3500,0.6394338178929803,0.9245851070282032,0.08055746665933
3501,0.6394259504292554,0.9245960136188345,0.08055966622859305
3502,0.6394714130966808,0.9245992225699188,0.08056210503911633
3503,0.6394386488534001,0.9245806990438994,0.08057233798126053
3504,0.6394452582217144,0.9245540474561514,0.08058798568334233
3505,0.6394798106913566,0.9245886656973098,0.080584572707351
3506,0.6394594465466243,0.9245874628210351,0.08058353141992747
3507,0.6394511342949589,0.9245978044825535,0.08058616551206114
3508,0.6394230672552174,0.924578696812145,0.08059657568984677
3509,0.6393700752316238,0.9245873283141034,0.08060507476620471
3510,0.6394113427105799,0.9246005330517388,0.08060053662939487
3511,0.6394612547495406,0.9246155171239276,0.08059726985877201
3512,0.6394528232707207,0.9246090300467656,0.08060001220653953
3513,0.6394905285918131,0.9246018589057796,0.08060168609479862
3514,0.639546755588583,0.9246041032500111,0.08059761582458008
3515,0.6395642110007542,0.9246193255916216,0.08059287742777382
3516,0.6395705313247724,0.9246024661084998,0.08059580233205214
3517,0.6395872777704182,0.924604967937429,0.08059500967844749
3518,0.6395650721377646,0.924574726936133,0.08060908457239212
3519,0.6395865722356697,0.924580549164747,0.08060968037915223
3520,0.6395940981282788,0.9245887118139721,0.0806137725757379
3521,0.6395752964070989,0.9245855758809365,0.08061488527484269
3522,0.6395522344792789,0.9245931121121655,0.08061920565095977
3523,0.6395402628255596,0.9246253284438296,0.08062153412550284
3524,0.6395418195677123,0.9246171850098803,0.0806199377114805
3525,0.6395024703483386,0.9246111783146173,0.08063055116956122
3526,0.6394515819355893,0.9245962326729804,0.08064626758649543
3527,0.6394815390953634,0.9246279225060834,0.08064640356504564
3528,0.6394735971771426,0.9246326187195264,0.08064902984033517
3529,0.6395423303247757,0.924660211855796,0.0806422603238637
3530,0.6395081317952215,0.9246590858406252,0.08065061280084308
3531,0.6394628067032,0.9246647889345282,0.0806603562625992
3532,0.6394634389188486,0.9246721945018809,0.08066144483173486
3533,0.6393690541175153,0.9246853569659091,0.08068123729363477
3534,0.6393956620656952,0.9246730438170779,0.08068106346359757
3535,0.6394027770455196,0.9246584632656842,0.08068623598848966
3536,0.6394414609362676,0.9246477180833709,0.08068558155484148
3537,0.6394957448576685,0.9246487211207757,0.0806828534878833
3538,0.6394636264689247,0.9246520184621294,0.08068746884145975
3539,0.6394621134756173,0.9246565993839168,0.08069208150589943
3540,0.639495639277587,0.9246482791694288,0.08069701262616062
3541,0.6395976337170463,0.9246818213551337,0.08068247782604517
3542,0.6395512108252328,0.9246851994006463,0.08068756241792487
3543,0.639603695165325,0.9247116473064692,0.08068117515712223
3544,0.6396250119297513,0.9247049450182164,0.08068343067058918
3545,0.6396622698617126,0.9246885505447727,0.08068643064062153
3546,0.6396532292430315,0.9246717487074787,0.08069056211431361
3547,0.6396947047277378,0.9246773441958365,0.08068215141930393
3548,0.6396765816811157,0.9246841156590826,0.08068551126962255
3549,0.6396848641494851,0.9246824631453505,0.08068831606376714
3550,0.6396641990002622,0.9246891193169409,0.08070118752468045
3551,0.6396109202928605,0.9246727440587731,0.08070992977033448
3552,0.6395966166418946,0.9246434292337781,0.08071932422489962
3553,0.6396590905178843,0.9246572334880232,0.08074377192542696
3554,0.6396396321173292,0.9246740084239309,0.08074490462422797
3555,0.6396348507405166,0.9246676827550869,0.08074993687152195
3556,0.6396440750139315,0.9246624062403099,0.08074934893372
3557,0.6396513142372944,0.9246620411500669,0.08075085209214071
3558,0.6396814257478627,0.9246864599227489,0.08075118234265682
3559,0.639630504887938,0.924681325601014,0.08075975908959646
3560,0.6396335973201401,0.924688658150318,0.0807624933899539
3561,0.6394374482422339,0.924695729371869,0.08081101520394314
3562,0.6394418997996016,0.9246944035178282,0.08081769931487226
3563,0.6395288349697423,0.9247057751181377,0.08081128446370928
3564,0.6394866325560051,0.9246857604867041,0.08081984730746891
3565,0.6394424693777088,0.9246506388053158,0.08084090657614457
3566,0.6394752454516448,0.9246701499965193,0.08084239471421731
3567,0.6394843725439338,0.9246625983930695,0.08084633702491092
3568,0.6394880215269306,0.9246588168267618,0.08085125908165024
3569,0.6395021284603911,0.92463913654113,0.08085605517673164
3570,0.6395121839981457,0.9246636244888055,0.08086794253190366
3571,0.6395654228279225,0.9246852801048053,0.08086323959735754
3572,0.6395400156718789,0.9246842924396214,0.08086613502586047
3573,0.639524672943213,0.9246843500854491,0.08086935104065496
3574,0.6396173713651405,0.9246707533561843,0.08088762521162611
3575,0.6396550737400675,0.924675664780718,0.0808843678602821
3576,0.6396953294773399,0.9246806761246869,0.08088717723465334
3577,0.6397085174934684,0.9246714566352842,0.08088630541686903
3578,0.6397652420520015,0.9246713451866837,0.08088181651759836
3579,0.6397193866044187,0.9246757762293186,0.08088950447797963
3580,0.6397084439687392,0.9246866213310669,0.08089626290127641
3581,0.6396472936028694,0.9246861178908369,0.08091047614987149
3582,0.6396366085312003,0.9246850917951009,0.08091216661651904
3583,0.6397275356569704,0.9247071816763375,0.08089510274237587
3584,0.6397618930359458,0.924745631443521,0.08089087004384052
3585,0.6397904667103699,0.9247423264160569,0.08089726146117728
3586,0.6398058838309155,0.9247342444709907,0.08090064251789388
3587,0.6398208889324193,0.9247218045013382,0.08088686171998932
3588,0.6398347994350722,0.9247080309915346,0.08089285090187406
3589,0.6398315966068391,0.9247019051615606,0.08090242085908673
3590,0.6398444657802645,0.9247300862852743,0.08090524791529581
3591,0.6398428145997691,0.9247281301701823,0.0809109262539299
3592,0.6398357004875566,0.9247304974921797,0.08091106316802758
3593,0.6398198354725216,0.9247264891856158,0.0809190975718138
3594,0.63981816423138,0.9247242871149914,0.080914168652196
3595,0.6398582684855643,0.9247077504485057,0.08091832948042291
3596,0.6399010158022448,0.9247146910061802,0.08091347405169969
3597,0.6398597066242206,0.9246963519468099,0.08091965909172612
3598,0.6398362267892509,0.9246832932452718,0.08092866539881516
3599,0.6398391256331798,0.9246678749078464,0.08093425590100047
3600,0.6398339978946452,0.9246608843904545,0.0809390074339823
3601,0.6398750923737756,0.9246591665447842,0.08093782228808995
3602,0.6399114714340167,0.9246786124040494,0.0809369315719823
3603,0.6399677802526712,0.9247012441560677,0.0809268679304958
3604,0.6399764714685684,0.9246962866148717,0.08092916988597183
3605,0.6399560011903187,0.924674254379463,0.08094094829368831
3606,0.6399768072803942,0.924672582650455,0.08094337971486466
3607,0.6399948038104153,0.9246724289282474,0.0809494511878023
3608,0.6400296218073291,0.9246665221524193,0.08094581827205782
3609,0.6400211512544913,0.9246634669235426,0.08095176848418076
3610,0.6400410746481655,0.9246652193567096,0.08095194549566963
3611,0.6400839481487052,0.924651407416354,0.08095318449884562
3612,0.6400223462821119,0.9246389482314256,0.08097299991345616
3613,0.6400398088200793,0.9246739623072686,0.08097489998001757
3614,0.6399544142277478,0.9246571374116435,0.08099384315620035
3615,0.6399253903312293,0.9246333642722334,0.0810039433265419
3616,0.639913869335283,0.9246235606384419,0.08101146325620458
3617,0.6399129821915142,0.9246406045882128,0.08101173492747235
3618,0.6399302924441194,0.9246385216522994,0.08101464185557253
3619,0.6399286547841774,0.9246315157626867,0.0810165384048067
3620,0.6399271624746844,0.924634482601294,0.08102239231626533
3621,0.6399133961917033,0.9246360889983637,0.08102587613076596
3622,0.6398922627482452,0.92462715005199,0.08103513601537117
3623,0.6399140054540764,0.9246376070051641,0.0810317868424849
3624,0.6399087652840852,0.9246323958223254,0.0810498338293047
3625,0.6399107363447641,0.92463148117519,0.08105268930540246
3626,0.6399365256860688,0.924628983189316,0.08105140177985334
3627,0.6399484895464016,0.9246297441142438,0.08105179192665747
3628,0.6398537400201934,0.9245998835754116,0.08107290359738022
3629,0.6398696082637625,0.9245977045631184,0.08107591765833592
3630,0.6398821586023501,0.9245778398108374,0.08108825550049566
3631,0.6398289618003928,0.9245782433316325,0.08109582860793389
3632,0.6398628696671341,0.9245956062549843,0.0810909494151083
3633,0.6398540451380277,0.9245862868461467,0.08109009068351881
3634,0.6398460175900293,0.9245735624904101,0.08110227345895324
3635,0.6398379816454982,0.9245725440807846,0.0811046529212853
3636,0.6398695905849785,0.9245940267593009,0.08110025218209212
3637,0.6398562139713202,0.9246006637156153,0.0811017940735092
3638,0.6399398007845832,0.9246089262842755,0.0810915734038383
3639,0.6399495029725752,0.9246097256397551,0.08109632727428222
3640,0.6399882680358473,0.9245934157135256,0.0811026020637086
3641,0.6399640613710778,0.9246117624590062,0.08110336935109602
3642,0.6399065080022933,0.9246218005191644,0.08111209847422031
3643,0.6398623968721486,0.9246227343815758,0.08112377971824937
3644,0.639876541685509,0.9246414961770171,0.08112684439228204
3645,0.6399225093377827,0.924634040649947,0.08112792831024596
3646,0.6399604758250862,0.9246275305144539,0.08112663521298197
3647,0.6399542350069692,0.9246328569889483,0.08112848812575514
3648,0.6399510434196253,0.9246241063522789,0.08113832948740603
3649,0.6399565358137478,0.924623141745426,0.0811393152820245
3650,0.6398948496799161,0.9246009288864235,0.08115595269894975
3651,0.6398917047311904,0.9245916824956345,0.08116253014820361
3652,0.6399411562415835,0.924589637990273,0.08116328266274503
3653,0.6399821054892539,0.924596305691029,0.08115824655359634
3654,0.6399613861068033,0.9245823361854106,0.08116596204316086
3655,0.6399402972207787,0.924576440938748,0.08117276845002658
3656,0.639972555258267,0.924586371393361,0.08116905448091326
3657,0.6399384898309737,0.9245775861691948,0.08117985707868049
3658,0.6399601039908318,0.9245621678317696,0.08118215782872655
3659,0.6399452154939366,0.9245510498731027,0.08119070826394117
3660,0.6399185681623881,0.9245456311652838,0.08119609360228937
3661,0.6399573060032683,0.924533729223358,0.081197275372236
3662,0.6399842730486802,0.9245208204009723,0.08119907958410406
3663,0.6400221532364541,0.9245002024098739,0.0812077766581564
3664,0.6400611064466072,0.9245119813740335,0.08120377249633288
3665,0.6400680488544817,0.9245187643664452,0.08120729446162732
3666,0.6400928896784785,0.9245024736554915,0.08121058778126855
3667,0.6400733965465634,0.9244859485181713,0.08121787557839413
3668,0.6400397023548113,0.9244743501776056,0.08120245337737829
3669,0.6400387524166169,0.9244536361101274,0.08121041066561364
3670,0.640019279361383,0.924458562906882,0.08121588596895045
3671,0.6400415559772697,0.9244645311715932,0.08121350279655527
3672,0.6400455234927043,0.9244610147760938,0.08122342831316831
3673,0.6400630363132763,0.924445850080311,0.08123726405695125
3674,0.6400208679898809,0.9244402392197325,0.08124587045218822
3675,0.6403115742172899,0.9244322072343838,0.08121808254003936
3676,0.6402973185990873,0.9244244596351193,0.08122784454795241
3677,0.6402859026924633,0.9244312003539239,0.08123456742154161
3678,0.6402805311639891,0.9244222191339431,0.08123015959450212
3679,0.6402468186652235,0.9244211622937656,0.08123677221520938
3680,0.6402140955287595,0.9244189448509206,0.08126456426537189
3681,0.6402318091548281,0.9244277531334177,0.08126847450162739
3682,0.64021610349454,0.924427737761197,0.08127466637841546
3683,0.6402250570826284,0.9244163123581148,0.08127929775973196
3684,0.6402250570826284,0.9244163123581148,0.08127595206552152
3685,0.6402801272481764,0.9244179033829638,0.08127319450859238
3686,0.6403143045002454,0.9244416150334908,0.0812726773053334
3687,0.6402751792744175,0.9244188257162096,0.0812880858791613
3688,0.6402895761778492,0.9243910135257941,0.08129312279432273
3689,0.640246025593394,0.9243920204062541,0.08130119924630923
3690,0.640296513072093,0.924395582918416,0.08129531632198607
3691,0.6403083082629097,0.9243928889367272,0.08129566667038121
3692,0.6403759834472769,0.9244014781650786,0.08128724473826868
3693,0.6403840374928861,0.9244033843204532,0.0812902196926074
3694,0.6403518322396712,0.9243972469613135,0.08130071094094317
3695,0.640332273918674,0.9243966935613661,0.08130506621926335
3696,0.6403459903752647,0.9244025888080287,0.08130439701892661
3697,0.640345661059708,0.9243826664099198,0.08130992045117014
3698,0.6403283560020878,0.9243731433191571,0.08131651103635042
3699,0.6403320619703213,0.9243731241038812,0.08132349928183948
3700,0.640317906740124,0.9243572599720538,0.081331833786969
3701,0.6403292830232996,0.9243517913045173,0.08133276665154054
3702,0.6403526018629755,0.9243476523340769,0.0813357141114895
3703,0.6403391345890119,0.9243374105919935,0.0813436614652677
3704,0.6403200622949203,0.9243333523257121,0.08135116805567556
3705,0.6403217219397044,0.9243283755692401,0.08135350679153873
3706,0.6403217219397044,0.9243283755692401,0.08134923131453273
3707,0.6403257600586582,0.9243346897089185,0.08134897978431724
3708,0.6403222210762979,0.9243375489419804,0.08134939495437785
3709,0.6403071657313786,0.9243333177382154,0.08134572302064828
3710,0.6403126701316253,0.9243423950345759,0.08134608871016953
3711,0.6403102323510096,0.9243379832072169,0.08134624610888293
3712,0.640334558431625,0.9243437900636102,0.0813526282109145
3713,0.6404169517693318,0.9243293440191481,0.0813643039189104
3714,0.6404138126301611,0.9243299281635371,0.08136901709013065
3715,0.6403962693044152,0.9243210660782673,0.0813798646028733
3716,0.6404679232330461,0.924315762662104,0.08137610823326746
3717,0.6405169463070348,0.9243091987238382,0.08137638100585229
3718,0.640534356210582,0.9243227916100479,0.08137369644383977
3719,0.6405272161397452,0.9243267691721703,0.08137968406771896
3720,0.6405663428577109,0.9243288252066973,0.08137839447409925
3721,0.6405379796194397,0.9243311502550878,0.08139233957435758
3722,0.6404889028485785,0.9242997717094553,0.08140369080303098
3723,0.64053495455905,0.9243052634353228,0.0814020753034401
3724,0.6405493328995276,0.9243417340290832,0.08140008490593775
3725,0.6405869315869226,0.9243508497559956,0.08140236462557661
3726,0.6405937996899639,0.9243685162807075,0.0813971570532711
3727,0.6406392207435623,0.9243409961624866,0.08140346911265227
3728,0.640671786048212,0.9243455617120531,0.08140201343129161
3729,0.6406573512106669,0.9243131532276295,0.08141633857521334
3730,0.6406359084462172,0.924312638258234,0.08141973514203207
3731,0.6405892066022317,0.9242947565224313,0.08143008233923194
3732,0.6406028582910254,0.9242857714593954,0.08142583608489393
3733,0.6406025809243142,0.9242629552407279,0.08143420782299905
3734,0.640653792807774,0.9242496544267127,0.08144292581014309
3735,0.6407144394892734,0.9242572252454384,0.08144475634426353
3736,0.6407272420304112,0.9242477598005037,0.08144627051577208
3737,0.6407742926920285,0.924233463635194,0.08144345261862466
3738,0.6407613972723536,0.9242300894327365,0.0814504325068682
3739,0.6407588205625036,0.9242299933563568,0.08145660769284
3740,0.6407676441082986,0.9242306044021321,0.08145785097998792
3741,0.6407599616120802,0.9242302316257786,0.08145829307096371
3742,0.640722302845249,0.9242309887076512,0.08146444191411156
3743,0.6407493547996481,0.9242472525172184,0.08146359150980222
3744,0.6407725796281925,0.9242457690979148,0.0814578324777478
3745,0.6407656110581534,0.9242567256482637,0.08145840162712456
3746,0.6407151080210165,0.9242423103482431,0.08147440414893922
3747,0.640772846133676,0.9242448352355035,0.0814742961599437
3748,0.6407648040718926,0.9242684354374299,0.08147623314602967
3749,0.640773491912733,0.9242607147395516,0.08148099177664313
3750,0.6408129215292911,0.9242620175352613,0.08148141357742625
3751,0.6408416675360333,0.9242516989320742,0.08148321124903136
3752,0.6408089603505991,0.924232837217198,0.08149581188395175
3753,0.6408046147667544,0.9242187677921446,0.08150347840294407
3754,0.6408039480602927,0.9241996332203498,0.08151451205242982
3755,0.6408828472898573,0.924195486563799,0.08149422446743404
3756,0.6409093668967055,0.9242320993506014,0.08149414290916554
3757,0.6409098337321367,0.924216239061829,0.08149901460305208
3758,0.6409032656314754,0.9242138140940037,0.08149955781651713
3759,0.6409014666352078,0.924217910790837,0.0815004515232765
3760,0.6409030498481951,0.924213014738524,0.08150179035398512
3761,0.6409177460664635,0.9242343167934464,0.08151008403176273
3762,0.6409110320123546,0.9242276145051936,0.08151491910951687
3763,0.6409434832252642,0.9242365765098985,0.08151922543728116
3764,0.6409715996502076,0.9242514721918179,0.08151171201982074
3765,0.6409926486788174,0.9242781506809521,0.08150953017003337
3766,0.6410071114796587,0.9242828507374504,0.08151035982676616
3767,0.6410429526897851,0.9243164582550936,0.08150548623169401
3768,0.6410445973481135,0.9243091180196792,0.08150495577041611
3769,0.6410418733329182,0.9243017662550993,0.08151100571335308
3770,0.6410612754776,0.9243016163759469,0.08151383308486246
3771,0.6410874614755929,0.92431608547874,0.08151235414396928
3772,0.6410810433772921,0.924323821548839,0.0815112644566331
3773,0.6410874307742936,0.9243030190910915,0.08152146867026559
3774,0.6411017921435649,0.9243228607850413,0.08152590355772656
3775,0.6411417902690416,0.9243603766898134,0.08152745213096621
3776,0.6411225542398473,0.9243432558789386,0.08153577940413011
3777,0.6411126296948179,0.9243455655551083,0.08154297761902236
3778,0.6411243955688757,0.9243368072323286,0.08154542645238519
3779,0.6411222927627975,0.9243774283256948,0.08154912184153168
3780,0.6410999571472212,0.9243662757795312,0.08156406619805288
3781,0.641146679529114,0.9243743999982045,0.08156422392588061
3782,0.6412122778854857,0.9243748534787171,0.08156002022746914
3783,0.641226442586197,0.9244184375676354,0.08156264496108993
3784,0.6412157180830725,0.9244160395011963,0.08156698982138308
3785,0.6412691640921723,0.9244253358517027,0.08156384271479691
3786,0.6412621699331448,0.9244215542853951,0.08157159016929491
3787,0.6412524248731688,0.9244245710837198,0.0815709237483461
3788,0.6412972087583343,0.9244542279406268,0.08156507467220848
3789,0.6413108867050209,0.9244504617465399,0.08156656687283842
3790,0.6413098942637855,0.9244523640588593,0.08157020500006154
3791,0.6412742306806576,0.9244417226390361,0.0815820370093607
3792,0.641286071685751,0.9244343478161251,0.08158705058238283
3793,0.6412624073474891,0.9244217694964858,0.08159698092570133
3794,0.6412467420614675,0.924415931895651,0.08160049806374531
3795,0.6412671963890243,0.9244046640578317,0.08160296007432981
3796,0.641313347736769,0.9244222537214398,0.08159627512966836
3797,0.6413325766099344,0.9243816172558528,0.08160885868209629
3798,0.6413682866414582,0.9243742578051625,0.08161205918516147
3799,0.6413958792174187,0.924382024619703,0.0816080552630061
3800,0.6413808382435279,0.9243947105448876,0.08160862818639981
3801,0.6414103574853645,0.9243962516100191,0.08160977172214436
3802,0.6414049913063088,0.9243747381870613,0.08161710687896737
3803,0.6414561236842465,0.9243925123173186,0.08161119900708515
3804,0.6415022833981495,0.9243834734515098,0.08160844350253017
3805,0.6414871661005694,0.9243890919981987,0.08160861514223917
3806,0.6414918179607639,0.9243876815969437,0.0816048879657098
3807,0.6415390917331495,0.9243768749257474,0.08160687453005239
3808,0.6415663031022065,0.9243637701075469,0.08161171211339929
3809,0.6415409801304313,0.9243874356414116,0.08161872053700132
3810,0.6415943789454924,0.9243752531564569,0.0816195773920036
3811,0.6415815352754645,0.9243561339568829,0.08164326438570792
3812,0.6415532851864075,0.9243470028577496,0.08165190107003029
3813,0.6415392096212353,0.9243688544695643,0.08166204061067206
3814,0.6415822428860632,0.9243747689315028,0.08165890874274555
3815,0.641566997796747,0.9243610492244718,0.08166278454459312
3816,0.6415936385654045,0.9243698190764171,0.0816568194691183
3817,0.6415885786139458,0.924392158756241,0.08165808223983932
3818,0.6415571179268659,0.9243868591831329,0.0816618487656211
3819,0.6415569234143982,0.924387927552476,0.08166793637344258
3820,0.6416315006613472,0.9243830545584941,0.08166165842172016
3821,0.6415290989759719,0.9243937382519244,0.08168209387172305
3822,0.641516424711613,0.9243990301389221,0.08168384509200573
3823,0.6415281678759296,0.9244143639291331,0.08169046867467221
3824,0.6415505489868885,0.9244084994269121,0.0816959451163739
3825,0.6415574370639763,0.9244139834666693,0.08169781444789967
3826,0.6416487820786726,0.924426830800172,0.0816865764475168
3827,0.6416062140429217,0.924408276529711,0.081700227391576
3828,0.6415478791563862,0.9243950026170822,0.08170948001296138
3829,0.6415372185069594,0.9244080613186203,0.0817090857838858
3830,0.6415648401581371,0.9244081112783378,0.08170948600133382
3831,0.6415389059361812,0.9244245364962231,0.08172270248699216
3832,0.6415239782309717,0.924418691209278,0.08172672699798107
3833,0.6415334605156349,0.9244153669665379,0.08173204440819691
3834,0.6415979129982397,0.9244280567347778,0.08171881871520008
3835,0.6416264595229051,0.9244369995242067,0.08171719211604721
3836,0.6416388263599114,0.9244274879626095,0.08172022291738532
3837,0.6416894668129088,0.9244415804459941,0.08171601180176453
3838,0.641689586592229,0.9244532518046084,0.08171580483478674
3839,0.641676160798766,0.9244560995085047,0.08171862328477701
3840,0.6416967159504743,0.9244623175718034,0.08171117813249458
3841,0.6416781963854694,0.9244575099097597,0.0817165722779242
3842,0.6416596951766333,0.9244438324763359,0.08172388535851907
3843,0.641881459946706,0.9244693234614162,0.08173190734204229
3844,0.6418246974318756,0.9244639700855354,0.08175088043837106
3845,0.6418352284820134,0.9244673442879929,0.08175184991294379
3846,0.6418547474206637,0.9244858947153987,0.08174782082903742
3847,0.641776502728488,0.9244766982843272,0.08176500563686252
3848,0.6418250595108813,0.9244821438935324,0.08176284255880563
3849,0.6418683566849325,0.9244835350795115,0.08176241471068846
3850,0.6418561248655269,0.9244938536826988,0.08176488109440984
3851,0.6418757458686587,0.92451825708316,0.0817677327074273
3852,0.6418958498432245,0.92450113242923,0.08177018489974977
3853,0.6418775046825366,0.9244667447713831,0.08178188701083215
3854,0.64190554258416,0.9244691658961534,0.08178119319464204
3855,0.6419438100753817,0.924480844940878,0.08177634792889388
3856,0.6419658095566779,0.9244906024580073,0.08177836747826667
3857,0.6420003056882114,0.9245004906390132,0.08181765223754456
3858,0.6419652230004338,0.9244912404051691,0.08182878619498213
3859,0.6419670284999913,0.9244878123999388,0.08183279359638142
3860,0.6419448399817786,0.9244974392531917,0.08183892489778485
3861,0.6419447101230152,0.9244963439824623,0.08184166299970354
3862,0.641930414052623,0.9245021931124626,0.08185202726306429
3863,0.6419147800061035,0.9245000717459974,0.0818525364253166
3864,0.6419285509326526,0.924508564897969,0.08184968873051379
3865,0.641974929757629,0.924514871351537,0.08184675739946452
3866,0.6419629160160523,0.9245141527002163,0.08185615008070728
3867,0.6420109759881132,0.9245289984224182,0.08185138178493019
3868,0.6420057195398012,0.9245239717062287,0.08185941623284981
3869,0.6420107609890613,0.9245400433630364,0.08185764825500706
3870,0.6420162229626211,0.9245601194833529,0.08185731435400659
3871,0.6420374219327342,0.9245877279918433,0.08185905098774153
3872,0.642070960486761,0.9245825283381701,0.08186178152332635
3873,0.6420659467981289,0.9245812178563502,0.08186248294610936
3874,0.6420795760368069,0.9246127116936383,0.08186022892676027
3875,0.6421153180670247,0.9246112667048866,0.08185472120534137
3876,0.6421428622694646,0.924611355095156,0.08185613197622517
3877,0.6421051785004657,0.9245933657538081,0.08186292563144563
3878,0.6420802897235712,0.924589676420825,0.08186557418786553
3879,0.6421036847295056,0.9246125118547684,0.08187008758751789
3880,0.6421019634768846,0.9246199942832248,0.08187463473012219
3881,0.6421266888692837,0.924606801074755,0.08189262036174903
3882,0.6421272211226036,0.924602350816844,0.08189804605932455
3883,0.6421040342346822,0.9246041301513974,0.08190547099344025
3884,0.6421373584740818,0.9246004408184143,0.08191697002227294
3885,0.6421310799818396,0.9245967437993208,0.08191993923435743
3886,0.6420795082773039,0.924575130456928,0.08193097909964404
3887,0.6420660363386785,0.9245725210224535,0.08194448867991119
3888,0.6420593202611363,0.9245754993902263,0.08194663969082373
3889,0.6420731738934256,0.9245621101859417,0.08195574155147795
3890,0.6420305980787859,0.9245548813991279,0.08196628183344226
3891,0.6419899510520181,0.9245507155273011,0.08197510015834424
3892,0.641978426508707,0.9245382717145935,0.08198184398328395
3893,0.6419665331922285,0.9245289868932526,0.08198746902107225
3894,0.6419901436081875,0.9245150827195724,0.08199132878206376
3895,0.641944195552856,0.9245141296418852,0.08200564151594895
3896,0.6419360632632013,0.9245144409293555,0.08200979326625804
3897,0.6419304123507664,0.9245139298030152,0.08200953096522971
3898,0.6419330482980569,0.9245285680002368,0.08200908054922276
3899,0.6419245929861329,0.9245035766123313,0.08201948044184865
3900,0.641912995612734,0.9244894533845053,0.08201906027596237
3901,0.6419486660593119,0.9245103134880807,0.08201899919150375
3902,0.6419588181050211,0.9245073812369702,0.08202439246158673
3903,0.6419469431238481,0.9245001793515427,0.08202910810388306
3904,0.6419845224111439,0.9245138029821939,0.08202400793517933
3905,0.6420084337467296,0.9245196790135806,0.0820249438910491
3906,0.6420165487392849,0.9245140604668917,0.08202944368485905
3907,0.6420574913875097,0.9245152595001113,0.08203020037892185
3908,0.6421231282592952,0.9244903603455303,0.08200232794558228
3909,0.6422189306414903,0.9245311428472146,0.08199091796295449
3910,0.6421905666498083,0.9245148790376473,0.08200792493347753
3911,0.6422317307813579,0.9245002446834809,0.08201769238564265
3912,0.6422375373266126,0.92450233914856,0.08200863602227927
3913,0.6421936075020456,0.9245051983816218,0.08201912738840554
3914,0.6422001506450058,0.9245083381577127,0.08201107245181125
3915,0.6421977453586568,0.9245027657276861,0.08201668567453566
3916,0.6421999149079805,0.9245210010245662,0.08202029197288786
3917,0.6422405745999085,0.924507900049421,0.08199579158109993
3918,0.6422393384040045,0.9245083420007678,0.08199496312651858
3919,0.6422985429707784,0.9245377413729772,0.08199385871057979
3920,0.64231013790859,0.92453689205778,0.08200102394563404
3921,0.6423048651106598,0.9245470607818147,0.08199877055337453
3922,0.6423039293900379,0.924529920755664,0.08200504643965843
3923,0.6422857929970549,0.9245276879405981,0.08200887961080609
3924,0.6423028151703821,0.9245165315513794,0.08200953604065762
3925,0.642275807215162,0.9244982578239473,0.08202029042713645
3926,0.6422863296531462,0.924499037964151,0.08202258895628106
3927,0.6423124412634069,0.9245245789089488,0.08202273746667725
3928,0.6423099878293123,0.9245252706588831,0.08202385480638023
3929,0.642321774229921,0.9245324187415379,0.08202214743049811
3930,0.6423743107634069,0.924531796166597,0.08201994944620423
3931,0.6424077235523781,0.9245392862811638,0.08201425638342709
3932,0.6424150783099589,0.9245381717951585,0.08201577887469297
3933,0.6424784169864212,0.9245429679280366,0.08201041605098484
3934,0.6424949247739922,0.9245353087190413,0.08201825482647535
3935,0.6425001454270565,0.9245637588566186,0.0820199407545068
3936,0.6425672325533573,0.9245780588649833,0.08200954440178443
3937,0.6425672325533573,0.9245780588649833,0.08200723590363786
3938,0.6425191547999557,0.9245548006949689,0.08201951612017305
3939,0.6425444020714631,0.9245791618218231,0.08202084219328387
3940,0.6425471788187073,0.9245679977464939,0.0820271752932832
3941,0.6425185535417878,0.924573439512644,0.08202869900529841
3942,0.642548465522938,0.9245385791590087,0.08208184075630773
3943,0.6425279243007451,0.924546199937452,0.08209416952142419
3944,0.6425085864113416,0.9245684435408961,0.08209654088898875
3945,0.642521096569438,0.9245523680410331,0.08210741535375095
3946,0.6425173346344614,0.9245730014043523,0.08211364969091742
3947,0.6424870441994809,0.9245791579787679,0.0821168025600537
3948,0.6424394866085426,0.9245678478673415,0.08213496679691251
3949,0.6424896960535079,0.9245538015006193,0.08213493107068498
3950,0.6424951515094574,0.9245652230606461,0.08212809450780564
3951,0.6424808607062306,0.9245624522178537,0.08213442987416095
3952,0.6424285317161993,0.9245520106369004,0.08214473826981157
3953,0.6425014235121344,0.9245613338887931,0.08214391030478718
3954,0.6424720624252588,0.9245497816648898,0.08215411355362516
3955,0.6424570164399409,0.9245455696764007,0.08215704683406089
3956,0.6424525774805292,0.9245368382550073,0.08215959807201409
3957,0.6424277867947382,0.9245398012505593,0.08216444321791244
3958,0.6424580227898167,0.9245336638914198,0.08216428237498132
3959,0.6424576073310914,0.9245434214085491,0.08217354810386829
3960,0.6424828524012277,0.9245633399636027,0.08216838922172116
3961,0.6425234011608983,0.9245531404951265,0.08216820868094538
3962,0.642569810233166,0.9245524218438058,0.0821730263560591
3963,0.6425564156054185,0.9245556961268283,0.08217791543026193
3964,0.6425755162689133,0.9245518684438583,0.08218888350060212
3965,0.642581511486564,0.9245537476978466,0.08219256580651518
3966,0.6425614936395837,0.9245729207001933,0.08220148693288294
3967,0.6425985166927266,0.9245664105647001,0.08219947866067095
3968,0.6425860101523337,0.9246000334545641,0.08219625310579667
3969,0.6425629836583918,0.9245977506797808,0.08220618804303621
3970,0.6425725468618286,0.9245941036204047,0.0822095575492892
3971,0.6425309176739722,0.924573316534878,0.08222283796847478
3972,0.6425397775165428,0.9245775054650358,0.0822239404144565
3973,0.6424787781635881,0.9245485749455599,0.08223734673660021
3974,0.6424719167337408,0.9245628787969798,0.08223906507276876
3975,0.6424993085207252,0.9245396129408551,0.08228641476258276
3976,0.64259268102446,0.9245362694828391,0.0822846913237617
3977,0.6425923251985926,0.9245488285872024,0.0822906934073955
3978,0.6425017553053716,0.9245127346128509,0.08232586363499164
3979,0.6425065491006352,0.924503934016464,0.08233322836907203
3980,0.6425700079813181,0.9245259239782656,0.08232858392452996
3981,0.6425451211426835,0.9245257279824508,0.08233251895796659
3982,0.6425459334357312,0.9245136377308207,0.08233733530274982
3983,0.6425395643075255,0.9245044105553077,0.08234794324304767
3984,0.6424889754966046,0.9244870937486181,0.08236234598543604
3985,0.6424562678559452,0.9244739235984795,0.08237143057085008
3986,0.6425108774736206,0.924456045705732,0.08237458343032644
3987,0.642492789611112,0.9244430177486355,0.08238458367520814
3988,0.642452115215461,0.9244511265950879,0.08239638512203316
3989,0.6424859823490758,0.9244766329523889,0.08239030249956991
3990,0.6425383343934656,0.924500971020912,0.08238425151221265
3991,0.6425496156460015,0.9245082151799465,0.08238359467577774
3992,0.6425430781309834,0.9245156092181336,0.08238787614049808
3993,0.6425065025857436,0.9245048217622132,0.08239490285234709
3994,0.6425054872588064,0.924505344417719,0.08240158083390808
3995,0.6424744633250411,0.9245022276999594,0.08241171964143841
3996,0.642502792954664,0.9244894418553398,0.08241152533234415
3997,0.6424639268415852,0.924489003747048,0.0824170905705408
3998,0.6424665884384215,0.9244902450538746,0.08241826351684155
3999,0.6424876741460378,0.9245292751223919,0.08241924339927112
4000,0.6424886436116004,0.9245387559395475,0.0824226335254801
4001,0.6425060371978863,0.9245373071077405,0.08242467587324183
4002,0.6424733343947431,0.9245325763068007,0.08243457078530435
4003,0.6424315473536173,0.9245255204574705,0.0824416585339005
4004,0.6424517652513645,0.9245156707070167,0.08244667757587618
4005,0.6424500010990137,0.9245134417350059,0.0824494528773818
4006,0.6424793269472862,0.9245397205464003,0.08245466208668077
4007,0.6424553633487264,0.9245289599918662,0.08246078381286959
4008,0.6424691407334858,0.9245309391652895,0.08245779947466009
4009,0.6424664761589381,0.9245241484867674,0.08246181485696427
4010,0.642453851986659,0.9245208818898553,0.08246874601341748
4011,0.6424782259772819,0.9245120851365236,0.08247004762996372
4012,0.6425927481907278,0.9245403315921756,0.0824955686721583
4013,0.6425891172436159,0.9245435059557633,0.08249321266296845
4014,0.6425968817208161,0.9245466918485163,0.08248862983842187
4015,0.6426069935503846,0.9245467072207372,0.08249290624204735
4016,0.6426412928640854,0.924563386080265,0.08248976991935354
4017,0.6426467504815855,0.9245823400284658,0.08248489427316653
4018,0.642677618665909,0.9245863944516921,0.08248183759336564
4019,0.642716256245215,0.9245876818751809,0.08248292637064178
4020,0.6427132271157595,0.9245844075921584,0.08248673727046084
4021,0.6427091016304617,0.9245747384652985,0.08248978595624756
4022,0.6426990646663981,0.9245762564720988,0.08249368853574585
4023,0.6427562464850656,0.924600898141982,0.08249140638118979
4024,0.642775950414673,0.9245903489554833,0.08249531922975925
4025,0.6427662787201922,0.9245722020488726,0.0825043318972521
4026,0.6427635038614808,0.9245855643517709,0.08250976529485968
4027,0.6428309526750017,0.9245991764532565,0.08250148969302278
4028,0.6427961229831892,0.9245942035398397,0.08250167338357416
4029,0.6427936638368934,0.9245941727953981,0.08249699801454889
4030,0.6427989354448409,0.9245938153912654,0.08250176665825908
4031,0.6427766628819804,0.9245974470784206,0.082507109798753
4032,0.6428525124112165,0.9245861984558773,0.08253815911606784
4033,0.6427719614098892,0.9245913865803849,0.08254824772054051
4034,0.6427752357783852,0.9246092721592426,0.08255119357932159
4035,0.6427402362950015,0.9246070047566801,0.08255787815199316
4036,0.642733622087273,0.9246157400211287,0.08257037064660569
4037,0.6427397911491505,0.9246048795471596,0.082601644734328
4038,0.6427474068337137,0.9246201326332116,0.0826022565827965
4039,0.6427515365853329,0.9245942919301091,0.08260957148279231
4040,0.6427502745597264,0.9245987806185718,0.08260309420189069
4041,0.6427277737417296,0.924591006117921,0.08261108713198112
4042,0.6427498807582974,0.9245930160357857,0.08260634580079128
4043,0.6427669467028011,0.9245874705071455,0.08260757724918365
4044,0.6427541579536822,0.9245876741890706,0.08261197326038287
4045,0.6427477083288577,0.9245778782413894,0.0826186893417794
4046,0.6427426881395728,0.9245499392301526,0.08263197195617429
4047,0.6427586258290233,0.9245615183554423,0.08263141993399192
4048,0.6427661994047256,0.9245645159384911,0.08263324720000043
4049,0.6427513923136337,0.9245530405756915,0.0826413525619993
4050,0.6428323163531138,0.9245824284187352,0.08263124257422433
4051,0.6428360982985298,0.9245926816899841,0.08263117498329092
4052,0.6428503640961649,0.9245662645286029,0.08264214657958106
4053,0.6428734986191472,0.9245822708534723,0.0826285869876062
4054,0.6427847547312938,0.9245498008801657,0.08265291622077822
4055,0.6427722969424771,0.9245470185082076,0.08265538343711787
4056,0.6427696047658078,0.9245576714571964,0.08265793138729131
4057,0.6427787812587896,0.92455149951056,0.08265939712223071
4058,0.6427443389197068,0.9245475334776032,0.08266485671332129
4059,0.6427358706457634,0.924549443476033,0.08266913520835023
4060,0.6426872038422938,0.9245473067373469,0.08268487420555988
4061,0.642702713247501,0.9245598850569863,0.08268296670304169
4062,0.6427317114575294,0.9245757799332552,0.08268823503605288
4063,0.6427269324719227,0.9245743157292275,0.08268914683550974
4064,0.6427011044835629,0.9245557422434906,0.08270009630871596
4065,0.6426770304895314,0.9245557653018217,0.0827032188774627
4066,0.6426673295712791,0.9245426604836213,0.0827107059494089
4067,0.6426753577128564,0.9245406697810324,0.08271763077941935
4068,0.6426855960064556,0.9245495049649161,0.08272789832010527
4069,0.6427030283645121,0.9245549697893972,0.08273905322999425
4070,0.6427021314722132,0.9245564301503698,0.08274768150456424
4071,0.6426998148216816,0.9245339175330624,0.08277394920416066
4072,0.6427129472958356,0.9245260162115901,0.08277938366342046
4073,0.6426953286176597,0.9245189565192047,0.08278363984339769
4074,0.6426308717414854,0.9244986882461287,0.08280114886644603
4075,0.6426497659901204,0.9244870437889007,0.0828007498969586
4076,0.6426724091504179,0.9244623175718034,0.08281459562636
4077,0.6427042428174721,0.9244465648885765,0.08281782328732343
4078,0.642726375785531,0.9244357851187665,0.08282772770155505
4079,0.6427220109153011,0.9244378142519072,0.08282783891285371
4080,0.6427390282771276,0.9244332025856783,0.08282901388983283
4081,0.6427828576819364,0.9244474372621048,0.08282833798554348
4082,0.6427998864429028,0.9244330872940225,0.08283226225202357
4083,0.6427647390475197,0.9244341287619792,0.0828430585892263
4084,0.6427696467575054,0.9244244288906778,0.0828460623831415
4085,0.6427074596136988,0.9244115085391265,0.08286175512333423
4086,0.6427058279194294,0.9244132609722934,0.08286170748660164
4087,0.6427185378478624,0.9244255318475175,0.08285263267347866
4088,0.6426730139454357,0.9244361540520647,0.08286592261562624
4089,0.6426704413374518,0.9244392015948311,0.08287289262945005
4090,0.6426902481676611,0.9244718252903453,0.08288037834338381
4091,0.64267671020707,0.9244669561394186,0.08288726310574045
4092,0.6426898994356676,0.9244634435869743,0.08288917349179158
4093,0.6427276266600733,0.924481771117179,0.08289135109018413
4094,0.6427325431458972,0.9244753762733415,0.08289737077133782
4095,0.6427460049942605,0.9244501696743455,0.08294399381997421
4096,0.6427689369990051,0.9244677554948983,0.08294851687949628
4097,0.6427706915079557,0.92447373144572,0.08295016158120759
4098,0.6427559606766844,0.924471195029294,0.08295632805991333
4099,0.6427534524898679,0.9244860983973238,0.08295393092792441
4100,0.642791410615815,0.9244951603214636,0.08295360888984477
4101,0.6428138939009869,0.9244936653729944,0.08295520889064785
4102,0.6428386093521955,0.9244990994530341,0.08295365101986722
4103,0.6427875790406458,0.9244811908158452,0.08296392600805184
4104,0.6428107101486176,0.9245082459243881,0.08296426937530267
4105,0.6428375413005072,0.9245177267415436,0.08296266897993788
4106,0.6428434681844869,0.9245151980112282,0.0829606565391948
4107,0.6428552942353091,0.9245142218752097,0.08296576562308171
4108,0.6429066129149488,0.9245271268545403,0.08297208935196296
4109,0.6429141522248593,0.9245220886091852,0.08297169861050299
4110,0.6428978004903342,0.9245191678872402,0.08297787473785989
4111,0.6429223644475058,0.9245204168801772,0.08297940387577153
4112,0.6429320532958479,0.9245261046018595,0.08297980048039137
4113,0.6429928819850528,0.9245432869016174,0.08298083367320899
4114,0.6429715503001706,0.9245462422110591,0.08298484511228697
4115,0.6429836768535623,0.9245452776042062,0.08298579242251164
4116,0.6429380163472165,0.924541545997616,0.08299933352373333
4117,0.6429645401331069,0.9245327377151188,0.08300266948130205
4118,0.6430039360777727,0.9245330297873132,0.08299887227472466
4119,0.6430199036288946,0.9245380680326684,0.08300269450938651
4120,0.6430645710827279,0.9245495549246335,0.08299932694705232
4121,0.6430491079234296,0.9245528099923801,0.0830117496778883
4122,0.64301893049155,0.9245485326719528,0.08302180042389469
4123,0.643019686212673,0.9245500660509739,0.08302425220329915
4124,0.6430522207892447,0.9245542011783591,0.08302746485758597
4125,0.6430489636825897,0.924559235580659,0.08303397657637632
4126,0.6430532526300485,0.9245819941534986,0.08303407335013997
4127,0.6430725969371089,0.9246098409314109,0.0830391422431373
4128,0.6430392104359142,0.924613449560235,0.08305275773434063
4129,0.6430792470873025,0.9246343903679693,0.08305413714172045
4130,0.643094840590584,0.9246187798777845,0.08306326068716513
4131,0.6431140377643447,0.9246119584548209,0.08306263536282926
4132,0.6431186044230909,0.9246089493426066,0.08306809282507116
4133,0.6431535799777758,0.9246344787582388,0.0830639539876282
4134,0.6431585019729138,0.924621427742811,0.08306984037898782
4135,0.6431585019729138,0.924621427742811,0.08307023341690706
4136,0.6432267511444788,0.9246315503501834,0.08306213317667158
4137,0.6432275551700528,0.924644151728154,0.08306651871592458
4138,0.6432225135895322,0.9246340368068918,0.08307227283075046
4139,0.643240699567847,0.924654489546617,0.08307042352159534
4140,0.6432293997404498,0.9246445821503353,0.0830766789878748
4141,0.6432563341768539,0.9246556924228917,0.08307603223902768
4142,0.6432728856374709,0.9246589282753623,0.08307692481595408
4143,0.6432840171350374,0.9246363580122271,0.08308065255674672
4144,0.6432729464090935,0.9246348323193163,0.08308479943555254
4145,0.6432835251267767,0.9246348669068131,0.08309380572635898
4146,0.6432820550718186,0.9246250632730214,0.08309721741211978
4147,0.6432680006397618,0.9246356701053479,0.08310656047925542
4148,0.6432914105470022,0.9246378183731996,0.0831253844420238
4149,0.6433711388036345,0.9246640779693179,0.08311482127004269
4150,0.6433827913226365,0.9246674291134442,0.08311256074751566
4151,0.6434193586755993,0.9246612264223664,0.083111941550194
4152,0.6434237867242691,0.9246519146996393,0.08311489860563911
4153,0.6434915327704898,0.924666798852393,0.08311506767407585
4154,0.6435357253711577,0.9246797038317236,0.08312204822755641
4155,0.643524413892916,0.9246739815225445,0.08312420105818481
4156,0.6434995619640541,0.9246682515272551,0.0831340282953024
4157,0.6435337248147901,0.9246722944213158,0.08313317181543722
4158,0.6435470319454167,0.9246834315952586,0.08313528580893088
4159,0.6436026173019256,0.924680599263583,0.08313976806246769
4160,0.6436258442670703,0.9246752996904749,0.08314424566427452
4161,0.6435821435249263,0.9246657535413811,0.08316006856927952
4162,0.6435959575784486,0.9246749845599493,0.08316005483042067
4163,0.643598671037421,0.9246663761163221,0.08316750846535298
4164,0.6436208869795116,0.9246815638704359,0.08317016913378669
4165,0.6435960307893777,0.9247123698008449,0.08317224294402031
4166,0.6436258931139011,0.9246986270354828,0.08317786791142599
4167,0.6436078036601092,0.9246946187289189,0.08318216440450035
4168,0.643604482123378,0.9246973165536628,0.08318101687259771
4169,0.6435877912862721,0.9247004870741952,0.08319008911175926
4170,0.6435973057841756,0.9247065437291758,0.08319366322081921
4171,0.6435806958045784,0.9247075813540773,0.08319697396322714
4172,0.6435467883700454,0.9247006138950165,0.08320507518939478
4173,0.6435548767476295,0.9247154404019424,0.08320483461729933
4174,0.6434950631296334,0.9247045760849181,0.08322618895338244
4175,0.6435220411629994,0.9247022433504173,0.08323059225824911
4176,0.6435458807193646,0.9247270502716737,0.08323529628563348
4177,0.6435684719547854,0.9247454316046511,0.08323133595683388
4178,0.6435378771762906,0.9247420112855312,0.08323703635573713
4179,0.6435395659678043,0.9247444324103015,0.08323639378928355
4180,0.6435303682353756,0.924765173379166,0.08324054390116474
4181,0.6435192754458993,0.9247591090380749,0.08324749952952767
4182,0.643507047225687,0.9247672985886864,0.08325704334412794
4183,0.6435023788192358,0.924772186954889,0.08326703918742821
4184,0.6435626668371193,0.9247860642271829,0.0832644331880404
4185,0.6435471217542363,0.9248083654764548,0.08327091690777724
4186,0.6435464420357985,0.9248077736459555,0.0832709551577765
4187,0.6435404953583856,0.9247981237343714,0.0832799354726161
4188,0.6434999306268989,0.9248008023438394,0.08328450056986644
4189,0.6434683812258063,0.9248046684573613,0.08329283155209626
4190,0.6434821171021456,0.9248147526341818,0.0832960472593856
4191,0.6434988579785555,0.924806797509937,0.08329833971905837
4192,0.643465504800826,0.9248068320974336,0.08330872104363435
4193,0.6434714494085031,0.924791406073898,0.083318969708466
4194,0.6434330673050181,0.9247763143961639,0.08333568755241533
4195,0.6434211688012186,0.9247796962847318,0.08333656865999702
4196,0.6434229935498635,0.9247749347393505,0.08333801837701765
4197,0.6434326662670546,0.9247746349810455,0.08333968368925761
4198,0.6434632372126962,0.9247734474769916,0.08333706918611565
4199,0.6434606801984846,0.9247484599321413,0.08335851918259897
4200,0.6434449337333249,0.9247406124134419,0.08336824715320096
4201,0.6435021139990742,0.9247195140404446,0.08339238971650367
4202,0.6435128732918398,0.9247362313305244,0.08339523601201194
4203,0.6435127071990282,0.9247367270846439,0.08339256379475915
4204,0.6435280445815109,0.9247352398222851,0.08339470650400671
4205,0.6435154695785145,0.924731773386503,0.08339628473364326
4206,0.6435013734784436,0.9247298518589077,0.08340417198245645
4207,0.6435661036961785,0.9247411273828374,0.08340394395877286
4208,0.6436075496543411,0.9247592627602825,0.08340105360649157
4209,0.6436318254797523,0.9247606270448753,0.08340342907980576
4210,0.6436451822253018,0.9247670564762094,0.08340833471510997
4211,0.6436726085469352,0.924764831347254,0.0834092325997705
4212,0.6436604313806051,0.924764289476472,0.08341224061813053
4213,0.6436993522498258,0.9247763220822743,0.08341816372252749
4214,0.6437883302923647,0.9247954912415658,0.0834092152970582
4215,0.6438494224586364,0.9248319925797676,0.08340575099475964
4216,0.643833333658889,0.9248291564050368,0.08340743622437778
4217,0.6438535990384275,0.9248166203590046,0.08340900428583946
4218,0.6438799616767681,0.9248296790605427,0.08340861883664992
4219,0.6438757520043358,0.9248379493153133,0.08341498655027911
4220,0.6438846950872017,0.924839678690149,0.08342171920170266
4221,0.6438699522269755,0.9248377225750569,0.08342831135831837
4222,0.6438601774717735,0.9248361200210424,0.0834348090869421
4223,0.6438277557927259,0.9248312739284469,0.08344701588281814
4224,0.6438101081173242,0.9248288220592352,0.08345640699164095
4225,0.6438494809949105,0.9248322884950172,0.08345655003929679
4226,0.6438496763258431,0.9248558541094469,0.08344960767764023
4227,0.643892998176326,0.9248672410819772,0.0834480094143089
4228,0.6438916526785249,0.924886014406584,0.08345377579425518
4229,0.6439304937614606,0.9248818024180949,0.08345091347310196
4230,0.6439308794312367,0.9248855224955196,0.08345123882435614
4231,0.6439576801866896,0.924890445449219,0.08345584323822246
4232,0.6439426121195075,0.9248861373843501,0.08346576109520946
4233,0.643928450541065,0.9248749118201379,0.08347012131520154
4234,0.6439440092227473,0.9248865409051451,0.08347145154855865
4235,0.6439272501719231,0.9248755689825755,0.08347588138907974
4236,0.6439806361445215,0.9248738549799604,0.08347792135596982
4237,0.6440242287724393,0.924897739567971,0.08347308962965425
4238,0.6440025841307403,0.9249072665017889,0.08348273262465054
4239,0.6440564591245843,0.9249185573979393,0.08347988579901214
4240,0.6440604925475325,0.9249118166791347,0.0834739377426774
4241,0.6440583698049155,0.9248869367398298,0.0834845904644283
4242,0.6440315254203693,0.9248558694816676,0.08349791322878111
4243,0.6441010967482342,0.9248609384714643,0.08350953335663813
4244,0.6440624507993971,0.9248541247346111,0.08352371066055733
4245,0.6440780727078272,0.9248698466733964,0.08352112211257041
4246,0.6440967142380356,0.9248890043035224,0.0835210716749718
4247,0.6441219179217478,0.9248999070510986,0.08351456003840112
4248,0.6441395629639394,0.9249092802627088,0.08351480377649807
4249,0.6441529686045119,0.9249044726006651,0.08351780304155118
4250,0.6441660645573338,0.9249014519592852,0.08351644873135212
4251,0.6441784033448624,0.9249061366435628,0.08352632030272249
4252,0.6441716275681149,0.9249039230437729,0.08352917381187816
4253,0.6441923170628803,0.9249045110312171,0.08353716553754899
4254,0.6442778111943402,0.9249037462632341,0.08355117646743983
4255,0.644266713745927,0.9248867599592909,0.08357007891304342
4256,0.6442343326758543,0.9248753230270433,0.08358174919553465
4257,0.6442338528153896,0.9248740778771615,0.08358715217321663
4258,0.6442110927693467,0.9248969171541601,0.0835910984826316
4259,0.6442076637951859,0.9248854456344158,0.08359874822998757
4260,0.6442780057104862,0.9248823596610976,0.08360449175056388
4261,0.6443147436946801,0.9248834434026614,0.08360161770245966
4262,0.6443303539577131,0.9249025856605665,0.08360295122172186
4263,0.6443242653676399,0.9249054218352972,0.083604658924163
4264,0.644348570263856,0.9249152216260337,0.08360768442987022
4265,0.6443570883673618,0.9249215088643258,0.08360117178464396
4266,0.6443512578736562,0.9249268199665994,0.08360743566478233
4267,0.6443512578736562,0.9249268199665994,0.083605624780859
4268,0.6443300880434907,0.9249259821805678,0.08361781473329433
4269,0.6443216127763183,0.9249290758399964,0.0836182300239407
4270,0.6443227306565769,0.9249258707319673,0.08362227184069475
4271,0.6443181226926689,0.9249453780801156,0.08362610197193272
4272,0.6442601660808193,0.9249360702004435,0.08363568937232438
4273,0.6442751249873819,0.9249397403181507,0.08363737739240582
4274,0.6443178748718091,0.9249641936783295,0.08363845902130389
4275,0.6444477534101097,0.9250086270824449,0.08375802279682158
4276,0.6445094770131143,0.9250229693644169,0.08375545135662027
4277,0.644507459011128,0.9250039962009401,0.08376109207472061
4278,0.6445251318993364,0.9250003452985089,0.08376586453911627
4279,0.6445218649832669,0.9250310359372622,0.08376840729870162
4280,0.6445498539096236,0.9250493250369151,0.08376400131330722
4281,0.6445793629448237,0.9250511312728547,0.08376535387122745
4282,0.6444846740308341,0.924990718445256,0.08380451028322775
4283,0.6444917873915259,0.9249825365807549,0.0838060858874393
4284,0.6445031336222744,0.9249572146901031,0.0838171783370784
4285,0.6444968797741717,0.9249555275888743,0.08382046239755475
4286,0.6445092680375217,0.9249676063113389,0.08381418372058048
4287,0.6444955471408667,0.9249699505750052,0.08381966772655622
4288,0.644457104897561,0.9249741894648806,0.08382801156005447
4289,0.6444340836599978,0.9249731633691447,0.08383737464764462
4290,0.6444288000573396,0.9249761340508071,0.08383836820784588
4291,0.6443680371381263,0.9249602045870414,0.08384706706334112
4292,0.6444051566765338,0.9249809493989611,0.08383933988951724
4293,0.6444132574800611,0.9249938774366229,0.08383843322790158
4294,0.6443232356602844,0.9249600969814962,0.08385665257684538
4295,0.6442851164872926,0.9249632482867526,0.08386971852701831
4296,0.644283548523096,0.9249578603233751,0.08387026960351401
4297,0.6442964133575897,0.9249582715302805,0.08386328487338247
4298,0.6442527999675303,0.9249447401329539,0.08387211156587325
4299,0.6442963424891545,0.9249698621847359,0.08386819192946476
4300,0.6442954860672723,0.9249709766707411,0.08387072963288013
4301,0.6442964844769394,0.9249737974732511,0.08386856266510179
4302,0.6442691303753431,0.9249705769930013,0.08387500845559444
4303,0.6442544532100415,0.9249630253895514,0.08388279503359784
4304,0.6442767951646832,0.9249664111211745,0.08388490753516537
4305,0.644299152114037,0.9249801923170886,0.08388149787172959
4306,0.6443285457041367,0.9249728213372327,0.08388492662484934
4307,0.6443095934878836,0.9249662650850773,0.08389770427904929
4308,0.6443155817337037,0.9249729135705573,0.08390115444713127
4309,0.6443266821488197,0.9249693549014506,0.08390455229945015
4310,0.6443301829184342,0.9249589748093804,0.08389627558184275
4311,0.6443433327986366,0.9249647163338354,0.08389998990446335
4312,0.6443566062820038,0.9249685901334677,0.08389266776677691
4313,0.6443652081038506,0.9249656232948604,0.08389099297625285
4314,0.644380810866273,0.9249699159875086,0.08389438634079287
4315,0.6443897391132192,0.9249595551107143,0.08390503414988738
4316,0.6443911737210823,0.9249723178970027,0.0839053587138246
4317,0.6443711119573219,0.9250031545718533,0.08391200516441932
4318,0.6443980974848194,0.925018480675954,0.08391204605123356
4319,0.6443972190609889,0.9250209094868346,0.08391320186905801
4320,0.6443892470838025,0.925025974633576,0.08391708904560834
4321,0.6444178926721597,0.9250348482480115,0.08392985589782746
4322,0.6444324660072275,0.9250287570055341,0.08393466406837458
4323,0.6444308354709146,0.9250127314653886,0.08394373475584573
4324,0.6444176992417304,0.9250110558933256,0.08395872868932727
4325,0.6444251409302064,0.9250023552163736,0.08395784307301744
4326,0.6443959291622259,0.9249696892472522,0.08396807145178588
4327,0.6443906271233024,0.9249818909474828,0.08397128337624386
4328,0.6443768267178279,0.9249656271379156,0.08398167241819776
4329,0.6443899899439853,0.9249712918012668,0.08398563993085705
4330,0.6444059041167975,0.9249894118064912,0.08398423423857468
4331,0.6443423761643938,0.9249451782412457,0.08401821608040719
4332,0.6443308257052922,0.9249609616689141,0.0840220724812677
4333,0.6443007455223655,0.9249371846864488,0.0840378039619197
4334,0.6443394073773991,0.9249494786200041,0.08403819979634243
4335,0.6443232410703746,0.9249382530557919,0.0840731732002934
4336,0.6443431836343243,0.9249403283055949,0.08407092176048722
4337,0.6443647083080644,0.9249548857986575,0.08407724430846153
4338,0.6443635509960137,0.9249458815203455,0.08408331649044044
4339,0.6444541449335612,0.9249648008810496,0.08407446102204766
4340,0.6445021945636678,0.9249692050222982,0.0840710901594236
4341,0.6444796941306291,0.9249883511232585,0.08407981726362769
4342,0.6444761786892035,0.9249885932357356,0.08408485187750997
4343,0.6444626283067661,0.9249766605493682,0.08411328174725925
4344,0.6444247577641954,0.9249601430981584,0.08412357601422825
4345,0.6444596699884071,0.9249673142391444,0.08411858734171233
4346,0.644472910518591,0.924973290189966,0.08410932450480077
4347,0.644465228793386,0.9249736744954851,0.08411078457807815
4348,0.6444724134972447,0.9249836971834225,0.0841120852884956
4349,0.6444288660143832,0.9249737398274233,0.08411862818894021
4350,0.6444717850050505,0.9249841007042175,0.08411499785577854
4351,0.6444625386395304,0.9249782592603276,0.08411155671768775
4352,0.644433499402496,0.9249752309328373,0.08411880625500677
4353,0.6444340923639905,0.9249845234402886,0.08411838109670601
4354,0.6443920359997687,0.924975930368882,0.0841350791699939
4355,0.6444191815700193,0.9249844965389022,0.08413901047042469
4356,0.6444575336212829,0.924986829273403,0.08413327016391824
4357,0.6444698352032237,0.9249879821899603,0.08413821889870225
4358,0.644444999952552,0.9249944462087911,0.08414691127215469
4359,0.6444562875987034,0.9249839123945133,0.08414845163720541
4360,0.6445127368766851,0.9250081082699942,0.08417037402396133
4361,0.6444638030099719,0.9249850384096842,0.08419963332949634
4362,0.6444412687315539,0.9249838086320231,0.08420598185850478
4363,0.6444226352098289,0.9249860491331993,0.08420747723855825
4364,0.6444140985722968,0.9249896001161956,0.08421277581241436
4365,0.6444319865750977,0.9249927168339552,0.08421064506292764
4366,0.6444399687197512,0.9250057025174448,0.08420782233148323
4367,0.6444014404764913,0.9249985774931211,0.08422039251366013
4368,0.6444069235105012,0.9249831360973647,0.08422988316492702
4369,0.6443668256126731,0.9249986274528387,0.08423585330670456
4370,0.6443384956969429,0.9249854457735344,0.08424347366946672
4371,0.6443241915318764,0.9249770563840529,0.08425428142749102
4372,0.6443072295661215,0.9249782246728309,0.08425733741705094
4373,0.6443344120985998,0.9249644473199721,0.0842643186011122
4374,0.6443050759825296,0.9249568226984736,0.08427302754892498
4375,0.6442761743694121,0.9249597472634737,0.08428118599333305
4376,0.6443016558316392,0.9249205980602455,0.08429846171357827
4377,0.6442966515830497,0.9249147912038523,0.08430211309155923
4378,0.6443149491743564,0.9249198256061523,0.08430567445858274
4379,0.6443182497983636,0.9249148488496802,0.08430600053441649
4380,0.6443064204815192,0.9249025549161249,0.08431056725041045
4381,0.6442970751439085,0.9249055601852841,0.08430968489066501
4382,0.6442743701469116,0.9249330610882291,0.08431658315726624
4383,0.6442319986494113,0.9249325230605024,0.08433148843202155
4384,0.6442753555676811,0.9249349595574934,0.08432869515509908
4385,0.6442678869920596,0.9249236187016255,0.0843268478807226
4386,0.6442337202259226,0.9249031736480107,0.08433533797478036
4387,0.6442335854788348,0.9249020207314534,0.08433533252876908
4388,0.6442528573073982,0.9249247908334587,0.08434346132813672
4389,0.6442941635611064,0.924922803973925,0.0843446296102067
4390,0.6442606221960502,0.9249115130777746,0.0843518977975601
4391,0.6442725967730084,0.9249129350081952,0.08435701730655036
4392,0.6443163552904777,0.924924594837644,0.08435523743216686
4393,0.6442963503606258,0.9249266739305021,0.08435801600902994
4394,0.644340622227936,0.924958240785839,0.08435833316990246
4395,0.6443312360458506,0.9249514039906547,0.08436567657541183
4396,0.644279237504564,0.9249221698698186,0.0844071368813722
4397,0.6442500793295222,0.9249134461345355,0.084420171309428
4398,0.6442586338264511,0.924926408759694,0.08442099517532312
4399,0.644280938050693,0.9249459814397805,0.08441821713596644
4400,0.6442740241543827,0.9249346751714093,0.08442543417282511
4401,0.644255400402341,0.9249346982297404,0.08442781566747283
4402,0.6442961937397528,0.9249226271933862,0.08443444325470158
4403,0.6442586388615077,0.9249083925169598,0.08445724584892882
4404,0.6442732929588889,0.9249025510730697,0.08446578675303189
4405,0.6442810713324394,0.9248936620864135,0.08447043811860643
4406,0.6442458615634047,0.9248723792467671,0.08448250933889244
4407,0.6442439447807826,0.9248705614816619,0.08448624793533838
4408,0.6442663222144983,0.9248737512174703,0.08449152882661289
4409,0.6442809225835264,0.9248849537233513,0.08448699867762317
4410,0.6442226500704962,0.9248694700539878,0.08450197348527731
4411,0.6442150674028309,0.9248568878912933,0.08451029835320696
4412,0.644247261337117,0.9248533484374626,0.0845085896221635
4413,0.644228663916981,0.9248499703919499,0.08451161770439665
4414,0.6442296736774495,0.9248518304306622,0.0845205664644497
4415,0.6442245313868038,0.9248503393252482,0.08452077098265977
4416,0.6441832808988911,0.924835851007179,0.084535180076586
4417,0.6441660553748546,0.9248319041894981,0.08454281297985494
4418,0.6441501884676708,0.9248228730097999,0.08455390135462652
4419,0.6441460995243281,0.924823076691725,0.08455246471905468
4420,0.6441454119601109,0.9248131923537743,0.08456067548358644
4421,0.6441674579584618,0.9248262664275333,0.08456526210858786
4422,0.6442496722570558,0.9248449436757604,0.0845597994385623
4423,0.6442514598720986,0.9248385526749782,0.08457844599557525
4424,0.644267184814215,0.9248282763453981,0.08458420158454778
4425,0.6442986295671747,0.9248372883098204,0.0845805101320432
4426,0.6442893971577631,0.9248303784965874,0.08458833784364843
4427,0.6443275243052242,0.9248351746294655,0.084584436557325
4428,0.64434999259106,0.9248314161214889,0.08458596184570252
4429,0.6443812725459391,0.9248247176762915,0.08461945479060036
4430,0.6444245141768508,0.9248255170317712,0.08461971370478029
4431,0.6444223804461976,0.9248066899043916,0.08462565742555102
4432,0.6444433583299395,0.9248053179336885,0.08462276643589897
4433,0.6444668530670048,0.924814091628689,0.08462584669884982
4434,0.6444765381339371,0.9248114283914418,0.08462495356101836
4435,0.6444548076382455,0.9248164166770795,0.08463070821643565
4436,0.644435596094657,0.9248256323234268,0.08462648916434631
4437,0.6444423302020051,0.9248205441183543,0.08462530862792539
4438,0.6444740648647372,0.924820398082257,0.08462360854710518
4439,0.6444913097444207,0.9248204557280849,0.08462830104259365
4440,0.6444900674598888,0.9248168586284263,0.08463650156807707
4441,0.6445266861613929,0.9248158479049112,0.08463951186274167
4442,0.6445830777878245,0.9248960639959078,0.08476774234923273
4443,0.6446010626554938,0.9249033542716046,0.08476642500492083
4444,0.644566484578036,0.9249126198776696,0.08477152353077073
4445,0.6445856468384116,0.9249278729637217,0.08476984789622542
4446,0.6445825673977542,0.9249166128120128,0.08478227539575081
4447,0.6445763720215031,0.9249294601455155,0.08478796085473722
4448,0.6446009359913609,0.9249374767586434,0.08479191521668024
4449,0.6445837011976491,0.924942023092934,0.08479835352139982
4450,0.644594495077812,0.9249226387225519,0.0848023055808033
4451,0.6445793307975247,0.924924252805732,0.08480107377545494
4452,0.6445906903264693,0.9249230576155676,0.08480336225155224
4453,0.6446279434365065,0.9249294563024603,0.08480589592392013
4454,0.6446432960820635,0.9249140840816973,0.08481276292654855
4455,0.6446425481173166,0.9249112555930769,0.08481220476784505
4456,0.644640542126204,0.9248943845807894,0.08482282339058231
4457,0.6446341563376916,0.924897639648536,0.08483244723778938
4458,0.644657956071071,0.9249119973027287,0.08483376557065618
4459,0.6446712230231952,0.9249255594444968,0.08483625252438584
4460,0.6447229615373683,0.9249502587602078,0.08482990701442096
4461,0.6447226754539119,0.9249421575998656,0.08482923968951524
4462,0.6447250265030291,0.9249319273869478,0.0848354404615953
4463,0.6447452348335515,0.9249453434926188,0.08483521552357295
4464,0.6447681754260985,0.9249202944588855,0.08484031548155403
4465,0.6447646236635285,0.9249090112488454,0.08486844121771174
4466,0.6447949875657693,0.924904649381204,0.08487430742296385
4467,0.6447819448306507,0.9248945498321627,0.08488521397245147
4468,0.644793715127003,0.9248966904139039,0.08488657305370521
4469,0.6447782420201937,0.9248844310678453,0.08489432342319049
4470,0.6447804791633309,0.9248926129323465,0.08490300523540456
4471,0.6447897386012369,0.9248908566561244,0.08490377425565106
4472,0.644813692965945,0.9249002413969002,0.08490509472014773
4473,0.6448075561628056,0.9248898613048299,0.08492431933494998
4474,0.6447973110662587,0.9248935045211507,0.08493086971515112
4475,0.644791771567156,0.9248780823406703,0.0849385621318548
4476,0.6448384673737765,0.9249044610714996,0.08493801328090055
4477,0.6448628191055016,0.9249180501146541,0.08493417337291678
4478,0.6448744739192818,0.9249123508638062,0.08494256995510688
4479,0.6448836110771013,0.9249208440157778,0.08494197987121917
4480,0.6448511582046084,0.9249055794005601,0.08495206785155973
4481,0.6448584199532733,0.9248880973424973,0.0849594379206071
4482,0.6448445760802959,0.924886560120421,0.08496882595847081
4483,0.6448547609743118,0.9248780861837255,0.0849753753704089
4484,0.6448686147882474,0.924887705350868,0.08497599051157928
4485,0.64487542400366,0.9249080389558821,0.08497179091995331
4486,0.6449600989865075,0.9249199870144702,0.08496131293132819
4487,0.6449829317760153,0.924926328055535,0.0849603385134532
4488,0.6449650524328313,0.9249357819713042,0.08495574726846275
4489,0.6449103004316167,0.9249136075428536,0.08497469857270526
4490,0.6448913839688557,0.9249101449501267,0.08498176048595721
4491,0.6448527672241606,0.924900944676,0.08499302416002061
4492,0.6448499246546712,0.9249118781680178,0.08500331889344676
4493,0.6448314313863762,0.9249009946357175,0.08501332008361007
4494,0.6448532454716683,0.9249133884887077,0.08501422837205797
4495,0.644830275546571,0.9249045571478793,0.08502378179113537
4496,0.6448304501392061,0.9249060098227415,0.08502371260281719
4497,0.644805719489274,0.924894676652984,0.08503225515386184
4498,0.6448193092059453,0.924901163730146,0.08503162622560888
4499,0.6448289942589656,0.9249070705059741,0.08503454970778468
4500,0.6448548166205863,0.9248944422266173,0.08503498010461542
4501,0.6448732387460461,0.9249039345729384,0.08503708933357008
4502,0.6449016615771709,0.9249048415339635,0.08504338147183599
4503,0.6448875985155594,0.9248882741230361,0.08505302017453283
4504,0.6448926460758498,0.9248967019430695,0.08505817151114163
4505,0.6449017897989395,0.9249024088800277,0.08505740916966185
4506,0.6448900594539962,0.9248900496145342,0.08506506513043116
4507,0.644898953806451,0.92488482690253,0.08506698066020321
4508,0.6449579035229785,0.9248774981962813,0.08509275906449028
4509,0.6449429508347413,0.9248651274016222,0.08509955633999554
4510,0.6449648094475714,0.9248846232206049,0.08510302355909928
4511,0.6449953572116801,0.924888716074383,0.08510287179260732
4512,0.645029753212968,0.9248803036265705,0.08510061910410274
4513,0.6450131712037502,0.9248826824777336,0.08510958092728337
4514,0.644986563283895,0.9248656346849075,0.08511912362249069
4515,0.6450277780601735,0.9248761608130749,0.08512034844809842
4516,0.6449823964180573,0.9248822443694419,0.08514269259130777
4517,0.6449740502294898,0.92487455057295,0.08515193032516888
4518,0.6449870837411723,0.9248782437489883,0.08515719043489105
4519,0.6449908212007212,0.9248753268700984,0.08517340337653592
4520,0.6450208596980392,0.9248767833880158,0.08517575649001005
4521,0.6450095415503734,0.9248807494209726,0.08518619044960773
4522,0.6450303457543436,0.9248806802459792,0.0851837475958879
4523,0.6450124842958874,0.9248762684186203,0.08519149417668404
4524,0.6450165743352968,0.9248789854586401,0.08519309244835348
4525,0.6449343199404697,0.9248424879634934,0.08522153111590294
4526,0.6449343199404697,0.9248424879634934,0.08521426510453696
4527,0.6449278167626744,0.9248352707058453,0.08522500697151167
4528,0.6449496391033499,0.9248363621335194,0.08522880652999675
4529,0.6449640500982889,0.9248351361989136,0.08523388275946513
4530,0.6449688093123099,0.9248327765630264,0.08524846256398759
4531,0.6449642320076604,0.924818322832454,0.08525012562792984
4532,0.6449647902672158,0.9247971130108563,0.08524548068348851
4533,0.6449795176111829,0.9247838659996137,0.08526134272526623
4534,0.6450402293909404,0.9247909103197784,0.08525204780778256
4535,0.6450384279247742,0.9247748117615844,0.08525926414390471
4536,0.6450573585864823,0.9247780322418342,0.0852662754113827
4537,0.6450493079571993,0.9247517841748814,0.08527691256437178
4538,0.6450560892191373,0.9247398668607348,0.08528190192163518
4539,0.6450627984986912,0.924752683449796,0.08527739535781455
4540,0.6450896165175273,0.9247555580550787,0.08527611242589712
4541,0.6451151989320223,0.9247553774314847,0.0852814710119693
4542,0.6451035303017457,0.924719583215438,0.08529836714183091
4543,0.6450988583715968,0.9247210282041898,0.08530293765946907
4544,0.6451025467675581,0.9247323267864506,0.08530398542102022
4545,0.6451278123424352,0.924703546146127,0.08531448257278824
4546,0.6451123957587369,0.9247117433828489,0.08532347763184045
4547,0.6450700481420798,0.9247069395638604,0.08533340463081922
4548,0.6450995605575514,0.9247002757061596,0.0853391437380474
4549,0.6450899412159444,0.9247035922627893,0.08534570328506977
4550,0.6451046518976291,0.9247139377673628,0.08534400754642632
4551,0.6451325668088173,0.9247256206551426,0.08534043099799644
4552,0.6450847742267749,0.9247156402408123,0.08535154525582032
4553,0.6451479502154743,0.9247071394027303,0.08535022992981386
4554,0.6451141840769948,0.9247019704934988,0.08536639858601683
4555,0.6451570089068489,0.9247403472426337,0.08536478274257711
4556,0.6451331924486358,0.9247390675052551,0.08536614793320138
4557,0.6451871797950895,0.9247762798086672,0.0853596359438042
4558,0.6451955644754632,0.9247786817181615,0.08536262614767486
4559,0.6452359439229169,0.9247754881392979,0.08536548962474691
4560,0.6452592748189513,0.9247763489836607,0.08537049222546372
4561,0.6452551691010247,0.9247710417244422,0.08537293403423867
4562,0.6452839791770296,0.9247748732504674,0.08537440593996558
4563,0.6452369853990556,0.9247885737422225,0.08538608722617383
4564,0.6452357862159043,0.9247791390417291,0.08539686944390254
4565,0.6452739738987372,0.9247651580069451,0.08540134854946144
4566,0.6452921195632471,0.9247579599645729,0.08540507126818488
4567,0.645277796387455,0.9247560768675294,0.08541289795643585
4568,0.6452807145071805,0.9247374764804062,0.08541967475776915
4569,0.6453507713053823,0.924728368439604,0.08543279720192185
4570,0.645359766919914,0.9247475837155579,0.08543620186991693
4571,0.6454174248301353,0.9247525566289747,0.08543479053303606
4572,0.6454082278977046,0.9247469649836721,0.08544077722015685
4573,0.6454434966094247,0.9247496897098024,0.0854386981785967
4574,0.6454758237875327,0.9247523298887185,0.08542437615982997
4575,0.6454996992538476,0.9247575141701707,0.08542742454550689
4576,0.6454839251692613,0.9247611304851052,0.08542467987059114
4577,0.6454867908733728,0.9247549931259657,0.08542685898279107
4578,0.6455089611630379,0.924766122613798,0.0854245094050896
4579,0.6455277919090817,0.924771983272964,0.08542040886203449
4580,0.6455292432034148,0.924765315572208,0.08542983080458284
4581,0.6455343650583436,0.9247590129616952,0.08543075771898863
4582,0.6455635450696899,0.92476847840663,0.08543672170099396
4583,0.6455344704427266,0.9247549777537448,0.08544962274629092
4584,0.6455213590380913,0.9247346403056754,0.08547758766848511
4585,0.6454966653673165,0.9247256129690323,0.08548173145486201
4586,0.6455193816045848,0.9247581060006701,0.08548603295744053
4587,0.6455035867073243,0.9247576909507095,0.08548789895964151
4588,0.645496501451477,0.92476827856776,0.08549461928836692
4589,0.6454737475303787,0.9247664877040411,0.08550032421751999
4590,0.6455002558655225,0.9247701539786931,0.0855016643471343
4591,0.6454980449686532,0.9247755150406842,0.08550183734085436
4592,0.6455280744201846,0.9247732437950665,0.08550757885541929
4593,0.6455280744201846,0.9247732437950665,0.08550363225997605
4594,0.6455556883140823,0.9247751192059996,0.08549834690581264
4595,0.645709821773193,0.9248055946336623,0.08563459289954554
4596,0.6457460615492682,0.924818280558847,0.08562759962507491
4597,0.6457714804898875,0.9248210129710875,0.08562969592502304
4598,0.645825106208147,0.9248383297777771,0.08562925866581574
4599,0.6458391579748912,0.9248311893812327,0.08563571320592343
4600,0.6458476461623499,0.9248397978248599,0.08563720378038668
4601,0.645797983136262,0.9248244179179865,0.08565704854367115
4602,0.6457875345207209,0.9248226501125988,0.08566110641608027
4603,0.6457871808571057,0.9248317120367386,0.0856663090512979
4604,0.6457892725304901,0.9248323269255692,0.08566376054140888
4605,0.6456913540266122,0.924776879325277,0.08571445102042023
4606,0.6457018140558105,0.9247713030521951,0.08571826573415613
4607,0.6456819230655655,0.9247650196569582,0.08575730648007467
4608,0.6457096788245341,0.9247650849888965,0.08576021014102322
4609,0.6457046367711109,0.9248022627048119,0.08576146252938767
4610,0.6456681634932481,0.9248009176354951,0.0857664737307508
4611,0.6456787507267255,0.9248020129062244,0.08576908921307674
4612,0.6457391081037583,0.9248324383741697,0.08576986197568719
4613,0.6457161431049162,0.9248272425635518,0.0857789713490062
4614,0.6456902855832233,0.9248157441424211,0.0857875194202833
4615,0.6456950151054125,0.9248231881403255,0.08578860897695992
4616,0.6457033338575613,0.9248397670804185,0.08580041562999444
4617,0.6457317369763781,0.924853840348527,0.08579464692649119
4618,0.6457493923013754,0.9248795158002564,0.08579602445814942
4619,0.6457656330495335,0.924864397221136,0.08579803701811708
4620,0.6457048896810069,0.9248627408643487,0.08582407305179478
4621,0.6456882119961977,0.9248560270469305,0.08582866973866997
4622,0.6457343165511872,0.9249042381742986,0.08582417374295095
4623,0.6457840292239847,0.9249048376909083,0.08582878608654913
4624,0.645792772633217,0.9249028469883195,0.08583733854451493
4625,0.6458097179273422,0.9248976281193704,0.08584110550463453
4626,0.6458123984018144,0.924898243008201,0.08583104985289904
4627,0.645800932732615,0.9249085039655602,0.08583641718149375
4628,0.6457842073849811,0.9248964559875372,0.08584443214266954
4629,0.6457633273073274,0.9248849345080754,0.08585870444892457
4630,0.6458217195643272,0.9249051105478269,0.08585218546045768
4631,0.6458407867427193,0.9249186688465398,0.08585312586730638
4632,0.6458752038668082,0.9249150640607708,0.08585270006572485
4633,0.6458900731722913,0.9249102640848377,0.08585278096762293
4634,0.6458788731805271,0.9249109097181096,0.08586290670879593
4635,0.6458829196195021,0.9249199908575254,0.08586746578723696
4636,0.6458558749948897,0.924916578224516,0.08588901709060306
4637,0.6458293784417077,0.9248906837186407,0.08590211386372817
4638,0.6458150057928015,0.9248769102088371,0.0859057795259501
4639,0.6458459681283961,0.9248874478661702,0.08589961252118836
4640,0.645827645936542,0.9248908835575107,0.08590906160273033
4641,0.6457395699555829,0.9249019553995153,0.08592689373739121
4642,0.6457480547575732,0.9249086769030438,0.085929769052755
4643,0.6457766131491104,0.924900541155205,0.08593465780696367
4644,0.6458226168201853,0.9248999301094297,0.08593651526307133
4645,0.6458681123707175,0.9249112863375184,0.08593429677333272
4646,0.6458697782195207,0.9249086231002712,0.08594619180029082
4647,0.6458318667304584,0.9249130003401335,0.08596158832712786
4648,0.6458583575435097,0.924922803973925,0.08595487425226826
4649,0.6458765847372926,0.9249168856689313,0.08595607720789533
4650,0.6458807060055832,0.9249169471578144,0.08596482112062866
4651,0.645903056275639,0.924930155738505,0.08596626390711296
4652,0.6459209388343282,0.9249392484070863,0.08596578816597529
4653,0.645967423313631,0.9249508967073695,0.0859647214353975
4654,0.6459345952317624,0.9249329842271253,0.08597749323097305
4655,0.6459376493919102,0.9249431298928289,0.08598167587082071
4656,0.6459377603447675,0.924931185677296,0.0859867697658626
4657,0.6459396282006948,0.9249185420257185,0.08599294223786445
4658,0.6459522784006395,0.9249412352666199,0.0859895030041009
4659,0.645970796514519,0.9249379686697078,0.08598956258730667
4660,0.6459556131810842,0.9249597587926394,0.08599869671120867
4661,0.6459908761654221,0.9249832014293029,0.08604961685696201
4662,0.6460044582151285,0.9249730711358201,0.08606309107228066
4663,0.6459905292214942,0.9249798156976798,0.0860685345929843
4664,0.6460127563324704,0.9249958297086598,0.08606133259367041
4665,0.6460069786388875,0.9250113594946856,0.08606270994901641
4666,0.6460085845760491,0.9250136999152968,0.08607066585882388
4667,0.646045313206276,0.9250087539032663,0.08607631996201845
4668,0.6460885073170713,0.9250157098331615,0.0860757467088168
4669,0.6460792354071161,0.9250047878703094,0.08608325800352765
4670,0.6460625107719551,0.9249949381198554,0.08608990583269768
4671,0.6460638168066667,0.9249939658268922,0.0860981683957186
4672,0.6460700716001891,0.9249944423657359,0.08609311134364304
4673,0.6460832755423461,0.9249846617902754,0.08609490141758608
4674,0.6460908146692707,0.9249807111295393,0.08609669998401479
4675,0.6461140352659858,0.9249759265258268,0.08610216044636719
4676,0.6461264310062407,0.9249689091070485,0.08610980521979304
4677,0.6461429942172441,0.9249691089459184,0.08610980968953505
4678,0.6461517933170302,0.9249776904881594,0.08610262471171168
4679,0.6461469200440833,0.9249812260989349,0.08610056084743456
4680,0.6461339799378881,0.9249998495443893,0.08609902991446645
4681,0.6460860779429105,0.9249938505352365,0.08611207203939834
4682,0.6461036617420364,0.925000791092911,0.08610953562906705
4683,0.6461458740457285,0.9249966482794154,0.08610852823972358
4684,0.646136642424443,0.9250124086487527,0.08611370099280787
4685,0.6461615975472512,0.9250137498750143,0.0861126927586662
4686,0.6461666744611411,0.9250429878389055,0.08611667799646368
4687,0.6461847360571874,0.9250499783562974,0.08611233021988654
4688,0.6461635172483987,0.925052507086613,0.08611881753210072
4689,0.6461861019199656,0.9250517653769612,0.08612162895361782
4690,0.6461813950213519,0.9250643244813246,0.0861246408440578
4691,0.646183247189494,0.9250654697117714,0.0861257873984149
4692,0.6461901144635471,0.9250694242155627,0.08612280091143401
4693,0.6461947153511751,0.9250657464117451,0.08612464329415387
4694,0.6462123325177112,0.9250598895956345,0.08612429427114479
4695,0.6461760929232112,0.9250578297180522,0.08613470228743482
4696,0.646164403103989,0.9250515540089257,0.08614082300394511
4697,0.6461478433112293,0.9250492597049768,0.08614959088192323
4698,0.6461577587781066,0.9250639939785782,0.0861471889795262
4699,0.6461625604552375,0.9250549282113831,0.0861436287738684
4700,0.6461520279804426,0.9250653544201157,0.08615650628523279
4701,0.646186015093789,0.9250835512864439,0.08615342136967516
4702,0.6461838222268244,0.9250560426973885,0.08617019879903733
4703,0.6462333265060912,0.9250670837949515,0.0861598729714095
4704,0.6462665527015338,0.9250760073691044,0.0861605075833328
4705,0.6462795131381875,0.9250640900549579,0.08616531107572319
4706,0.6462965582617489,0.925055750625194,0.08616728211910284
4707,0.6462995998730006,0.9250578450902729,0.08617159315429872
4708,0.6463007906174457,0.9250550973058116,0.0861700103477448
4709,0.6462893801191687,0.9250609618080327,0.08616657870354724
4710,0.6462961250585424,0.9250614498760419,0.08616732874610357
4711,0.6463035649093145,0.9250656695506413,0.08617030243025647
4712,0.6463139263635015,0.925074447088697,0.08617224610479007
4713,0.6463368807812748,0.9250663459283549,0.08617731660985789
4714,0.6463586669157885,0.925069028380878,0.08618113924578574
4715,0.6463602061405822,0.9250502089396089,0.08619984017960099
4716,0.646398962657252,0.9250634213633547,0.08620389620745128
4717,0.6463509852789006,0.9250577874444451,0.0862159476289062
4718,0.6463478086820802,0.9250637672383218,0.0862206209555189
4719,0.6463515883705018,0.9250433721444246,0.08623531193444539
4720,0.6463412962842567,0.9250308284122819,0.08624931111415575
4721,0.6463628849865437,0.925031816077466,0.08625294198815879
4722,0.6463549868899069,0.9250282381930833,0.08626001640190402
4723,0.6463678981798265,0.9250227195658295,0.08626329099977995
4724,0.6463620452238223,0.9250188188648109,0.08627337380006235
4725,0.6463837108283098,0.9250255403683395,0.0862694192042867
4726,0.6463241664890033,0.9250064096395999,0.08628554017351209
4727,0.646369344111072,0.9250165975789106,0.0862795689873081
4728,0.6463608444845691,0.9250191570536677,0.08628569034947357
4729,0.646336455788648,0.925024967753116,0.08628962285329773
4730,0.646332336500714,0.9250298561193186,0.08629239842604743
4731,0.6463244215279612,0.9250318314496867,0.0862911106750636
4732,0.6463000959927774,0.925028553323609,0.0863054395126984
4733,0.6462743320928007,0.9250348943646738,0.08632241801138299
4734,0.6463065666181671,0.9250528183740835,0.08632572398298254
4735,0.6463012209404362,0.9250392869767567,0.0863333317209158
4736,0.6463000816958452,0.9250713611153788,0.08634521850617456
4737,0.6462717134584752,0.9250730174721661,0.08635706605777436
4738,0.6462615390072233,0.9250742972095446,0.08636239882734327
4739,0.646243807776819,0.925088347419322,0.08636181482867901
4740,0.6462394099034519,0.9250796928590324,0.08636283417952426
4741,0.6462393329598687,0.9250766568454317,0.08637416345386016
4742,0.6461931694666545,0.9251183155636995,0.08653003863750351
4743,0.646208646974875,0.9251152949223195,0.08653503332340173
4744,0.6462491359135489,0.9251307209458552,0.08653626786953948
4745,0.6462663008107912,0.9251277694794687,0.08653932719184851
4746,0.6463006867773308,0.9251274466628326,0.08653656335197199
4747,0.6463415804526085,0.9251520383729983,0.08652780799290664
4748,0.6463770189477137,0.9251423538739176,0.0865284425694607
4749,0.6464003267204249,0.9251493328621441,0.08652771603383691
4750,0.6464288393500097,0.9251488409510796,0.08652852279767029
4751,0.6464327610920988,0.9251486295830441,0.08652754701019823
4752,0.6464313509981725,0.9251407282615719,0.08653012397738406
4753,0.6464513537551527,0.9251428496280372,0.08653169877939318
4754,0.6464330365320153,0.9251608235971643,0.08654145292122949
4755,0.6464591625122268,0.9251641708982355,0.08655352524988312
4756,0.64645920832837,0.9251603393722103,0.08656319931593587
4757,0.6464710849968088,0.9251347215663088,0.08656994581422207
4758,0.6464768355125439,0.9251239187381676,0.08657507470138143
4759,0.6464597269658788,0.9251158060486598,0.08658940562472407
4760,0.6464719462674339,0.9251048379691454,0.08659626191055027
4761,0.6464464155189603,0.9251153410389819,0.08660178247612635
4762,0.6464423907612412,0.925114015184941,0.08660632366363019
4763,0.6464447300350553,0.9251214207522935,0.08660244049980194
4764,0.6464260485332888,0.9251198643149413,0.08660521407467894
4765,0.6464123453337817,0.925124591272826,0.0866120220950559
4766,0.646395022370932,0.9250975284781726,0.08661976529880028
4767,0.6463962994900746,0.9250913142579292,0.08662005886945211
4768,0.6463772087420859,0.9250814721935857,0.08662688984407228
4769,0.6463855650562934,0.925076783666253,0.08663263842976929
4770,0.6463850848894027,0.9250878708804783,0.08663839213811533
4771,0.6464246585790414,0.9250871945027648,0.08663803099389622
4772,0.64644015619993,0.9250899499733365,0.08663596962370529
4773,0.6464484313086055,0.9250837511253138,0.08663593562948
4774,0.6464415753206283,0.9250898385247359,0.086640532241083
4775,0.6464071952509256,0.9250723295652868,0.08665983599935052
4776,0.6464138542885058,0.9250677524865547,0.08666590524760084
4777,0.6464179678132406,0.9250692205336376,0.08666499202769753
4778,0.6463589106279392,0.9250567728778747,0.08668561070654479
4779,0.646408447069931,0.9250665841977768,0.08668800252530649
4780,0.6464206192802247,0.9250798350520745,0.08669017796053592
4781,0.6463969512357193,0.9250752848747286,0.08669726621002115
4782,0.6464080950936475,0.9250688516003392,0.08670192807189649
4783,0.6464100998879964,0.9250962717991252,0.08671001829682816
4784,0.6464654372607694,0.925114176593259,0.0867037248443087
4785,0.6464908862621652,0.9251284996599549,0.08670285398470212
4786,0.6464574746360169,0.9251192109955589,0.0867085211442205
4787,0.6464759243531448,0.9251202678357363,0.08670905817822766
4788,0.6464476535953741,0.9251153909986993,0.08671385920524807
4789,0.646441493610939,0.9251083428354795,0.08671389309147093
4790,0.6463469539936252,0.925090745485761,0.08673534899265548
4791,0.6463715256008566,0.925077809761989,0.08674172679055307
4792,0.6463972102191187,0.9250897117039146,0.08674333355877863
4793,0.6464047033806748,0.9251110598754994,0.08674279957537713
4794,0.6464322203147738,0.9250997190196314,0.08674930230813492
4795,0.6464445135108567,0.9251189996275234,0.08675500333316843
4796,0.6464483678699533,0.9251126624295138,0.08675878914928636
4797,0.646453758353848,0.9251118208004271,0.08675128290869014
4798,0.6464761325195814,0.9251086425937843,0.0867600604763234
4799,0.6464564896205305,0.9251050185927394,0.08676843238772308
4800,0.6464692791227002,0.9251029702443228,0.08677492156677843
4801,0.646431769147151,0.9250843237405373,0.08678929879876533
4802,0.6464602214165868,0.9250798312090193,0.08678684083282508
4803,0.6464480781837432,0.9250895003358792,0.08679910169182355
4804,0.6464992264605578,0.9251025820957485,0.08680006811105644
4805,0.6464958730498579,0.9251108869380157,0.08680530749948287
4806,0.6465060406248652,0.9251005606487182,0.08680747626294211
4807,0.6464915163513768,0.9250845312655175,0.08681860338580373
4808,0.6465003040545791,0.9250820986115817,0.08682154555667458
4809,0.6464835834823269,0.9250627449856411,0.0868318368567319
4810,0.646433969470545,0.9250850500779683,0.0868446018621364
4811,0.6464802420067899,0.9250773985550835,0.0868442952030105
4812,0.6464568928328889,0.9250930321035995,0.08684729332347163
4813,0.6465023674495769,0.9251130966947504,0.0868496039324203
4814,0.6465281439927246,0.9251069093758933,0.08687590947842677
4815,0.6464705831266331,0.9250616381857463,0.08692528872382856
4816,0.6464616672790309,0.9250577759152795,0.08692928497946202
4817,0.646432491344865,0.9250500014146286,0.0869383348566123
4818,0.6464971418399688,0.9250528260601938,0.08694294672939283
4819,0.6465043348972075,0.9250444443568228,0.08694645008229318
4820,0.646518768634815,0.9250512849950623,0.08694381727064679
4821,0.6465356654436194,0.9250396559100551,0.08694741060140282
4822,0.6465480050597647,0.9250441561276834,0.08694818037879701
4823,0.6465352044820762,0.925053171935161,0.08695229208740557
4824,0.6465676809082269,0.9250642284049447,0.08695442288529864
4825,0.6465608475726076,0.9250716724028493,0.08695895826239651
4826,0.6465849146606131,0.925064716472954,0.0869556877146158
4827,0.6465954316542584,0.9250867333361419,0.08696240735413498
4828,0.6466244915487872,0.9250759343510558,0.08696121562602373
4829,0.6466204432332804,0.9250703081182565,0.08697529313048744
4830,0.6466784566925114,0.9250650316034796,0.08700031895738208
4831,0.6466843434018581,0.9250677409573891,0.08700768162073119
4832,0.6466731169284572,0.9250630678022772,0.08701592273037499
4833,0.6466734919689703,0.925051177389517,0.08702163457718556
4834,0.6466640171271195,0.9250426611792143,0.08702951017355848
4835,0.646678203883579,0.9250419924876111,0.08703212106765758
4836,0.6466508742173763,0.9250491674716522,0.08704832460868706
4837,0.6466268518595943,0.9250413775987806,0.08705535130600996
4838,0.6465746016163508,0.9250128313848236,0.08707143826397702
4839,0.6465604832300154,0.9250017018969913,0.08708154398562375
4840,0.646602944969217,0.9250021938080556,0.08707929051218975
4841,0.6465928572869114,0.9250108598975108,0.08708685759340416
4842,0.6466574776647886,0.9250172624274586,0.08708253232263555
4843,0.6466574776647886,0.9250172624274586,0.08707645877782869
4844,0.6466707427325409,0.9249992039111172,0.08707837427275132
4845,0.6466512399182364,0.9249855380068589,0.08707986329563147
4846,0.6466645562354351,0.9249656770976331,0.08708800377635537
4847,0.6466969567011005,0.9249878668983045,0.08709610953780438
4848,0.6467193372923467,0.9250003299262881,0.08710062844280353
4849,0.6467175940750963,0.9249977781376415,0.08710937174945939
4850,0.6467136421374299,0.9249994306513735,0.08711754186725465
4851,0.6467115257244165,0.9249932548616819,0.08712016356021646
4852,0.6466666183050424,0.924980361411517,0.08712752870834155
4853,0.6466742074969107,0.9249894963537054,0.08713019015840066
4854,0.6466473031549062,0.9249786128214051,0.08714061932511717
4855,0.6466748835861981,0.9249780402061818,0.08714153168841948
4856,0.6466713772897668,0.924992670717293,0.08715288194016192
4857,0.6467033512473963,0.9250051145300006,0.08715534064919882
4858,0.6466965302135894,0.9249995690013604,0.08715775802659162
4859,0.6466956326074461,0.9250028010107758,0.08716065827881488
4860,0.646708344920021,0.9250152409804282,0.08716227736555902
4861,0.6467507116239055,0.9250173431316175,0.08719429972775704
4862,0.6467903048042998,0.9250288761402451,0.08719021219909427
4863,0.6467990017968462,0.9250323348899168,0.08719320970161154
4864,0.6468228062734664,0.9250432530097137,0.08718731904702512
4865,0.6468320389385079,0.925039632851724,0.08719345573546218
4866,0.6468212161831617,0.9250447210567965,0.08719979363491978
4867,0.6468496654054198,0.9250499245535247,0.08720680268621357
4868,0.6468495301612953,0.9250606543636174,0.08721647984443828
4869,0.6468497216396809,0.925055992737671,0.08721316942592647
4870,0.6468949024405762,0.9250725639916535,0.08720872016914512
4871,0.6468996637379403,0.9250770296217852,0.08721034121904651
4872,0.6469333001080901,0.9250778212911545,0.0872180111375367
4873,0.6468862011133204,0.9250327614690429,0.08724297720730399
4874,0.6468768122331234,0.9250424613403444,0.08725643221195843
4875,0.6468712392347545,0.9250463774135838,0.08726238859752479
4876,0.6468561245085477,0.9250537829809363,0.08726769851657035
4877,0.6468140880627796,0.9250424498111788,0.08728169085428246
4878,0.6468129240757103,0.9250442598901736,0.08729257732121873
4879,0.6468414813265115,0.9250525608893857,0.0872890468086413
4880,0.6468215550846359,0.9250464581177428,0.08729923327164428
4881,0.6468342503489721,0.925075292560839,0.08730625981110048
4882,0.6468747836242122,0.9250758382746761,0.08730334942010891
4883,0.6468521178968503,0.9250740128234605,0.08731249114787645
4884,0.6468458223444383,0.9250631984661537,0.08731694792316433
4885,0.6468560943491278,0.9250627642009172,0.08731659014165172
4886,0.6468838241530153,0.9250579219513767,0.08731836358723366
4887,0.646880861418758,0.9250547937044515,0.08732526160062708
4888,0.6469198722114676,0.925059236276252,0.08732593341699028
4889,0.6469359183119116,0.9250418810390105,0.087333844513637
4890,0.6469568427706935,0.9250531488768299,0.08733169774776317
4891,0.6469590223910912,0.9250577451708379,0.08732740262064131
4892,0.6469166507386486,0.9250500206299046,0.08733310451211905
4893,0.6469247712463908,0.9250276156181425,0.08734346065723297
4894,0.646972079999175,0.9250317007858102,0.08733535191948116
4895,0.6469486075203899,0.925021924053405,0.08733974336453258
4896,0.6469798182479636,0.9250331765190035,0.08734050798319432
4897,0.6469853011691507,0.925034598449424,0.08734150495216392
4898,0.6469775908244035,0.925022408278359,0.08735288509570537
4899,0.646980631903024,0.925027727066743,0.08734687185644904
4900,0.6470366723107901,0.9250420347612182,0.087331529063755
4901,0.6470652199612115,0.9250315893372097,0.08733244119097108
4902,0.6470703105250111,0.9250194529689173,0.08734097389129322
4903,0.6470724030385943,0.9250065748909732,0.08734384332516612
4904,0.647054560130585,0.9250034658593238,0.08733589452019212
4905,0.6470838180297772,0.9250144646832797,0.08733275438414395
4906,0.6471086499838572,0.9250189994884048,0.08733646223711772
4907,0.6471285013537512,0.9250211861868084,0.0873383498262427
4908,0.6471858858150359,0.9250462967094247,0.08733204668659958
4909,0.647183478290488,0.9250469923024143,0.08732504770162738
4910,0.6472015849329288,0.9250385760115465,0.08735547980202031
4911,0.6472102720491529,0.9250354861951732,0.08735669720415326
4912,0.647227895921956,0.9250296908679455,0.0873571406240988
4913,0.6472175367256836,0.9250121665362756,0.0873650219423638
4914,0.6472093765987785,0.9250103987308879,0.08736875589571888
4915,0.6472505896049944,0.9250302096803963,0.08738097472409742
4916,0.6471807610483935,0.925014349391624,0.08739298482683086
4917,0.6471725800240801,0.9250113325932993,0.0874013237769438
4918,0.6471794413930135,0.9250101873628525,0.08740725152229561
4919,0.6472294177661796,0.9250165745205794,0.08741150356406106
4920,0.6472698963307336,0.9250292719749297,0.08740916862850538
4921,0.6473056234987649,0.9250179349621169,0.08741733802556459
4922,0.6472902529033913,0.9250121473209997,0.08742925922866637
4923,0.647297857079429,0.9250024589788638,0.08743463420494826
4924,0.6473026963412031,0.9250085156338445,0.0874327185187462
4925,0.6473487617486765,0.9249996650777401,0.08743424470771026
4926,0.6473192987384794,0.9249912257285412,0.08743842287990666
4927,0.6473452213269227,0.9250071859367485,0.08744040262811135
4928,0.6473510736464094,0.924999964836045,0.08743905672783862
4929,0.6473154787673845,0.9250058600827076,0.0874229962846051
4930,0.6473328056345896,0.9250053566424776,0.08743213229345509
4931,0.6473184695312015,0.9249923555867673,0.0874415550542442
4932,0.647335467100077,0.9249932241172404,0.08744675543021237
4933,0.6473424992797608,0.924987332713633,0.08745895560433009
4934,0.6473760048351312,0.9250156906178856,0.08746135114542296
4935,0.6474066579939963,0.9250303941470454,0.08745865433693645
4936,0.6474530207526484,0.9250367082867238,0.08745511067997411
4937,0.6474277965023605,0.9250366967575582,0.08746220754585125
4938,0.6474235899847679,0.9250331726759483,0.08747399856383441
4939,0.647439432178458,0.9250394983447923,0.08747525204206717
4940,0.6474349588815933,0.9250325270426762,0.08748137646461013
4941,0.6474151100070678,0.9250204291049358,0.08749138815298795
4942,0.6474273655736608,0.925029740827663,0.08749530410655057
4943,0.6474170413428504,0.925033287967604,0.08749905120717086
4944,0.6474103291217479,0.9250507623395564,0.0875055099959395
4945,0.6474056365784467,0.9250539136448128,0.08751759960322052
4946,0.6473738155336642,0.9250416466126439,0.08753348314739902
4947,0.6473495824178603,0.9250341065383597,0.08753693901822297
4948,0.6473568625677344,0.9250374461533204,0.08754002068048311
4949,0.6473837826142168,0.9250581986513505,0.08754129110248993
4950,0.6473854169389591,0.9250603430761469,0.08753839550726623
4951,0.6473778706406556,0.9250542748920008,0.08755294958202825
4952,0.6473491501691151,0.9250733441318573,0.08756124548538438
4953,0.6473354208932894,0.9250676218226782,0.08756811959821231
4954,0.6473359417564357,0.9250692781794654,0.08757614048913329
4955,0.6473430272871729,0.9250734747957338,0.0875803927213553
4956,0.6473574742219196,0.9250687785822906,0.08758130656576198
4957,0.6473858135715009,0.9250940466701698,0.08758234705473193
4958,0.6473565767865147,0.9250871522291576,0.0875895293062252
4959,0.6473649836037447,0.9250893197122853,0.08759266127651051
4960,0.647348219575274,0.9250782978299982,0.08759607158437346
4961,0.6473862810630262,0.9250770334648404,0.0875900187033609
4962,0.6473698833055049,0.925082344567114,0.08758470494758386
4963,0.6473710851344199,0.9250835820308854,0.08758657515244912
4964,0.6473686601626613,0.9250824598587697,0.08758678710042078
4965,0.6473556942470232,0.9250837972419761,0.08758913894951464
4966,0.6473395767264236,0.9250731058624354,0.08759331901573746
4967,0.647363850090432,0.9250807689144858,0.08759629660906254
4968,0.647375387435965,0.9250859531959381,0.0875970541798857
4969,0.6474061126283742,0.9250851038807409,0.08759720416299094
4970,0.6474325656213484,0.9250754654983225,0.08760558017036978
4971,0.647468191686212,0.9250755039288745,0.08760601442605247
4972,0.6474104381257066,0.9250610655705228,0.08762801018685024
4973,0.6474186559606385,0.9250538406267642,0.08764009104049043
4974,0.6474221915514368,0.9250453859053446,0.08763909781050414
4975,0.6474152824756065,0.9250371502380708,0.08764287522230162
4976,0.6474297782966593,0.9250345139022099,0.08764601456471185
4977,0.6474381718539133,0.9250499821993526,0.08764413199622971
4978,0.6474285534780337,0.9250492904494183,0.08765779537776582
4979,0.6474268888519504,0.9250545938655815,0.0876600393276791
4980,0.6473829627433612,0.92505023199794,0.08766887113449263
4981,0.6473409006716253,0.9250408395710539,0.08767952877308825
4982,0.6473654615852925,0.9250495825216128,0.08767750001450046
4983,0.6473720360123029,0.9250598665373033,0.08768131697764883
4984,0.6473567527588192,0.925048337371731,0.08769374265461483
4985,0.6473371773088759,0.9250462890233143,0.08770016518273051
4986,0.6473427699102935,0.9250560465404437,0.08770446172016648
4987,0.6473522452461029,0.9250680368726388,0.08771037798675922
4988,0.6473805480991814,0.9250761995218639,0.08770769206066133
4989,0.6473933654178933,0.9250789511493805,0.08771181390905364
4990,0.6473860027373554,0.9250793892576723,0.08771465113109304
4991,0.6473859098472133,0.9250812492963846,0.08771432903233234
4992,0.6474000953905018,0.9250899884038885,0.08771393988864401
4993,0.6474363449305451,0.9251046727177723,0.08771814174010686
4994,0.647426560263921,0.9250950497075746,0.08775244587858866
4995,0.6474247246596018,0.9250904111399594,0.08776960564742327
4996,0.6474237164452556,0.925097051939329,0.08776815092483384
4997,0.6474527609183317,0.9250847234182771,0.0877550863964636
4998,0.6474707585957787,0.9250855765765295,0.08775740488911152
4999,0.6474643880846148,0.9250555507863241,0.08778395444843634
5000,0.647495575156089,0.9250763993607339,0.0877844631872085
5001,0.6474982684519172,0.9250799734020613,0.08778919315144709
5002,0.6475092509889262,0.925081295413047,0.08779494867915391
5003,0.6475056571686022,0.9250698661669097,0.08779379411211513
5004,0.6475177811895538,0.9250597128150957,0.08779931392131837
5005,0.6475707690294105,0.9250622991912391,0.0877986825623337
5006,0.6475925053826349,0.9250631984661537,0.08780514552067135
5007,0.6475980738718178,0.9250634982244585,0.08780861294952914
5008,0.6475745193653145,0.9250565730390048,0.08781490904000637
5009,0.6475983555601161,0.9250752387580663,0.08784490167744996
5010,0.6475648867948097,0.9250634790091826,0.08785501617872933
5011,0.6476026842002769,0.9250846849877251,0.08784953943063717
5012,0.6476244863130761,0.9251027473471217,0.08784438367746988
5013,0.6476129006087435,0.925092397999493,0.08785373827493798
5014,0.647592356843171,0.9250930590049858,0.08785802182466422
5015,0.6476358497288247,0.9250916947203931,0.08785869202766579
5016,0.6476301457031552,0.9250902996913588,0.08786606723336583
5017,0.6476386210790789,0.9250966023018717,0.08787116085264787
5018,0.6476722921124912,0.925110652511649,0.08786599375753758
5019,0.6476760174377554,0.9251168129291198,0.08785620405372416
5020,0.6476852234937085,0.9251411548406981,0.08785581695296868
5021,0.6476849888078143,0.9251282767627539,0.08786462099307177
5022,0.6477192608034231,0.925149232942709,0.0878587581793905
5023,0.6477194205307759,0.9251391641381093,0.08786125621384094
5024,0.6477948668182806,0.9251483106094632,0.08786131263714514
5025,0.647828738533647,0.9251573725336031,0.0878588023167277
5026,0.6478437325818973,0.9251629949233472,0.08785707466003845
5027,0.647876922488305,0.9251765147915082,0.08785889193498513
5028,0.6478516260120845,0.9251700738310085,0.08786974451167022
5029,0.6478886603291948,0.9251779559372048,0.08786607498307049
5030,0.6478994645030927,0.9251994770462729,0.08787058299253028
5031,0.647888642902325,0.9251836859324941,0.08787552369591145
5032,0.6478877443833917,0.9251847197143405,0.08787676241937573
5033,0.6479005858205061,0.9251887702945115,0.08787953666970907
5034,0.6478913403733222,0.9251901999110425,0.08787755854320536
5035,0.6478808959584069,0.9251933627454645,0.08788415419503388
5036,0.6479079423109315,0.9252060871012011,0.08787539914829001
5037,0.6478928215316984,0.9252053684498804,0.0878762193039244
5038,0.647925160509979,0.9252072438608134,0.08787542068704655
5039,0.6479484805537399,0.9252096457703077,0.08788222908880107
5040,0.6479362162716891,0.9252178814375815,0.08788283445040407
5041,0.6479620571920959,0.9252229196829366,0.08788881779925414
5042,0.648004729802008,0.9252053031179421,0.08789220610207361
5043,0.6479958096426236,0.9251966985173701,0.08790195022383077
5044,0.6479951454614669,0.9251932820413055,0.0879081437340767
5045,0.6479908994543017,0.9251969521590127,0.08791251233865949
5046,0.6479987786467623,0.9251468041318285,0.08798436583606835
5047,0.647992451802999,0.9251464198263094,0.0879945212728805
5048,0.647986295382933,0.9251514157980574,0.08799521539120438
5049,0.6479924097416085,0.9251456665874921,0.08800756109517646
5050,0.6480162368390888,0.9251475304692596,0.08800415623886743
5051,0.6480588551337713,0.9251556969615399,0.08800083820578383
5052,0.64804566480599,0.925149090749667,0.08801549039949734
5053,0.6480255032219561,0.9251464006110335,0.08801371182044608
5054,0.6480206175806369,0.9251475612137011,0.08802341893822568
5055,0.6480435249329688,0.9251624991692275,0.08802343201786701
5056,0.6480829417890454,0.9251666765702199,0.08802095289061347
5057,0.6480496504539,0.9251596822097727,0.08803183279274722
5058,0.648048216611642,0.9251596937389382,0.08802799832648613
5059,0.6480378121938661,0.9251595169583995,0.08802953723167992
5060,0.6480767354471463,0.9251630986858373,0.088028751725322
5061,0.6481057534132176,0.9251666227674472,0.08805193177721402
5062,0.648129162449775,0.9251684482186628,0.08804940646142059
5063,0.6481396581137322,0.9251626259900488,0.08805189524311316
5064,0.6481472022420921,0.9251631832330515,0.08804886145070553
5065,0.6481423117076773,0.9251486795427616,0.08806137449957639
5066,0.6481535125455674,0.9251448057431293,0.08806713560779002
5067,0.6481371890109471,0.9251504973078668,0.0880826930178687
5068,0.648119961613296,0.9251409665309938,0.08808805988157536
5069,0.6481128704724828,0.9251345486288252,0.08809376978704257
5070,0.6481206137708775,0.9251371542202446,0.08809633433652231
5071,0.6481149859350411,0.9251408858268347,0.08810833594086269
5072,0.6481688243037715,0.9251562388323218,0.08810128687512978
5073,0.6482000033343324,0.9251541558964084,0.08810360365065786
5074,0.6482183673700935,0.9251429380183066,0.088115837866781
5075,0.6482149503493052,0.925148568094161,0.08812935446360118
5076,0.648243387282929,0.9251590442626111,0.0881277449571166
5077,0.6482157215804565,0.925160212551389,0.08813930964375084
5078,0.6482305459729033,0.9251682599089585,0.0881388426179622
5079,0.648234455540145,0.9251865490086113,0.08814792266059973
5080,0.6482461801205854,0.9251742896625528,0.08816305250612642
5081,0.6482506714245132,0.9251698470907522,0.08816501134243114
5082,0.6482547989434063,0.9251502052356724,0.08816754487279137
5083,0.6482710916962209,0.9251338645650012,0.08819657988073
5084,0.6482879295683666,0.9251366430939042,0.08820085449672635
5085,0.6482834586942244,0.9251217858425367,0.08820930580558238
5086,0.6483093963038515,0.925116009730585,0.08820983185362181
5087,0.6483220451097248,0.9251120552267937,0.08821476833748668
5088,0.6483363407390743,0.9250937661271409,0.08822662408258457
5089,0.6483680554256904,0.925089638685866,0.08822242058007548
5090,0.6483836776813992,0.9251060677468065,0.0882208526080291
5091,0.6484013792592687,0.9251092920701116,0.08821824025446216
5092,0.6484107104447207,0.9251215360439493,0.08822425135759689
5093,0.6483984461520526,0.925132569455402,0.08822667052500707
5094,0.6483968069141256,0.9251380765534903,0.08822903061759414
5095,0.648397987258068,0.9251353556704153,0.08822835182154884
5096,0.6484035152942611,0.9251399135338715,0.0882328364929996
5097,0.6484090443246721,0.9251450593847719,0.08823063723114152
5098,0.6483625020235895,0.9251315164582797,0.08824015402243497
5099,0.6483763015142301,0.9251330114067489,0.08824294718858496
5100,0.6483687666967477,0.9251303058958946,0.08824862973151042
5101,0.6483587512732304,0.9251240801464856,0.08825494862047413
5102,0.6482485935916547,0.925128157628043,0.08830419051740065
5103,0.6482446546935039,0.9251319276651851,0.0883055740212786
5104,0.6482744633127511,0.9251333611247713,0.08831675864297354
5105,0.6482942655389978,0.925144356105672,0.08831561081891218
5106,0.6482896618498658,0.925153944528373,0.08832018324086084
5107,0.6482871969747543,0.9251429572335825,0.08832789455156283
5108,0.6483047494882856,0.9251401902338452,0.08832361921014821
5109,0.6482802612183455,0.9251510468647591,0.08832479729581989
5110,0.6482782942427274,0.9251658618425195,0.08832366736411636
5111,0.6482980844691298,0.9251485604080507,0.08833781697039336
5112,0.6483001648862546,0.9251462584179915,0.08833960275440518
5113,0.6482986641396311,0.9251474920387076,0.08834599084517199
5114,0.6483072085062623,0.9251407397907375,0.08835390999667009
5115,0.648339846848549,0.9251570074433599,0.08835425302111731
5116,0.6483423931196008,0.9251488332649692,0.08835588459384998
5117,0.6483785788020597,0.9251474805095421,0.08835978304133903
5118,0.6484367748238237,0.9251372003369068,0.08836032033387822
5119,0.6484354394903754,0.9251418696489636,0.08837574159423121
5120,0.648398209311925,0.925131159054147,0.08838544863569905
5121,0.648396925865074,0.9251295257556909,0.08839054766288128
5122,0.6483774180083297,0.9251296794778985,0.08840158984682006
5123,0.6483983271139723,0.9251475535275907,0.08840072295291278
5124,0.6484541582167448,0.9251456742736024,0.08839622626393827
5125,0.6484909941213494,0.925155055171323,0.08838316782830952
5126,0.6484711472222154,0.9251605199958043,0.08838354539920106
5127,0.6484801955965868,0.9251685058644907,0.08837822937588256
5128,0.6484767617718366,0.9251747354569549,0.0883808700336664
5129,0.6484651778030164,0.9251769874872967,0.08839709886508824
5130,0.6484571202706618,0.9251810572827437,0.08840361068183546
5131,0.6484486628820606,0.9251860494114365,0.08839443696782082
5132,0.6484223735323738,0.9251720760627629,0.08840380959849604
5133,0.6484171549092903,0.9251636290274536,0.0884071169978851
5134,0.6484298692565492,0.9251577376238462,0.08841752995442723
5135,0.6484283827436291,0.9251466427235105,0.08842817670716416
5136,0.6484070603361572,0.9251470693026367,0.0884354419233876
5137,0.648381657046988,0.9251430417807968,0.08844469925264116
5138,0.6483606891339726,0.9251419349809018,0.0884460588112132
5139,0.6483851329420474,0.9251470616165263,0.0884510561332079
5140,0.6484002459558633,0.9251507778508957,0.08845310800663053
5141,0.6484144490329355,0.9251435490640819,0.08845232319482575
5142,0.648391481288274,0.9251477495234054,0.08846044133327413
5143,0.6484335962322547,0.9251498824190363,0.08846444018304
5144,0.6484345446216383,0.925141715926756,0.08846262014088352
5145,0.648462235336075,0.9251550013685503,0.08846665737195412
5146,0.6484833452826013,0.9251612309610145,0.08847402857001242
5147,0.6484140842963809,0.9251443138320649,0.08848610525276464
5148,0.6484332054689065,0.9251346216468738,0.08848919254029285
5149,0.6484301259066667,0.9251448710750676,0.08849524953865967
5150,0.6484596501685994,0.925148787148307,0.08849069783142696
5151,0.6484044538979763,0.9251260093601913,0.088513249885544
5152,0.6484210711579879,0.9251386914423209,0.08851395804539945
5153,0.6484148784806542,0.9251447096667496,0.08851648588322972
5154,0.6484132923420834,0.9251625375997794,0.088523060379083
5155,0.648438665808031,0.9251381841590356,0.08853057094665194
5156,0.6484319191538066,0.9251400557269135,0.08853488973264226
5157,0.6484296242482681,0.9251288609071429,0.08854087291105227
5158,0.6484274503274455,0.9251359628731354,0.08854607660746411
5159,0.6484616089871323,0.925135713074548,0.08854829924054443
5160,0.6484453062544387,0.9251349483065651,0.08855302075547365
5161,0.6484706018105978,0.9251353825718016,0.0885484085381726
5162,0.6484608135332404,0.9251424153628006,0.08854370157735605
5163,0.6485789722341336,0.9251819027548857,0.08855273735991548
5164,0.6485976354880992,0.9251929246371727,0.08855386305532378
5165,0.6486390561101227,0.9251997230018052,0.0885553686168034
5166,0.6486154555655621,0.9251972096437104,0.08856783196141756
5167,0.6486086112196079,0.9251924404122187,0.08857164524455902
5168,0.6486218951588102,0.9251757615526909,0.08858105168535366
5169,0.6485981405677625,0.92517211833637,0.08858958910539781
5170,0.6485739661521306,0.9251726717363175,0.08859636217919495
5171,0.6485571479197771,0.9251910376970741,0.08859157321715834
5172,0.6485267949956572,0.9251993924990588,0.0886034514665401
5173,0.6484922743309661,0.925187651965451,0.08861521693948214
5174,0.6484963797860549,0.9251877326696101,0.08862050444024133
5175,0.6485330988203939,0.9252152796892174,0.08862372496697646
5176,0.6484989599598513,0.9252186000889021,0.08862868708322781
5177,0.6484739905567227,0.9252082315259975,0.08864236397153627
5178,0.6483827981909502,0.9251653007564616,0.08867554647440168
5179,0.6483644636769311,0.9251540175464216,0.08868658059302147
5180,0.6483435711201191,0.9251413239351265,0.08870083050145058
5181,0.6483346193019536,0.9251290184724057,0.08871512844260745
5182,0.6483601142477023,0.9251409281004418,0.08871359777858254
5183,0.6483911388749293,0.9251658464702986,0.08870981251348711
5184,0.6484143965376123,0.9251714765461532,0.08871430256187476
5185,0.648392616693247,0.9251784632204899,0.08871682237218653
5186,0.6483481723280591,0.9251801695369947,0.08872390592043017
5187,0.648330094661325,0.9251915718817456,0.08873457207666481
5188,0.6483152730858919,0.9251739553167512,0.08875076233642783
5189,0.6482957405430724,0.9251549667810537,0.08876546347086771
5190,0.6483043688321353,0.9251740975097933,0.08878186473883788
5191,0.6483046653309625,0.9251790781093204,0.08878118885882838
5192,0.6483125812713624,0.9251776062191824,0.08878681547586133
5193,0.6482855515254734,0.925179450885674,0.08879970122254055
5194,0.6483017278053996,0.9251808343855427,0.08880159830125554
5195,0.6483261167306817,0.9251860532544917,0.08880367882452173
5196,0.6483411269952358,0.9251888125681186,0.08880748331990768
5197,0.6484001362188413,0.9251923635511149,0.08881593294294546
5198,0.6484125474133481,0.9251951497661282,0.08881712437940804
5199,0.6484188113853966,0.9251954495244331,0.08882277065501454
5200,0.6483684636792381,0.9251872446016008,0.08883782423484321
5201,0.6483847511029236,0.9251832439811473,0.0888374188408466
5202,0.6484201437238328,0.9251947885189402,0.08882892407249703
5203,0.6484020028279326,0.925196475620169,0.08883589160197704
5204,0.6484262768269229,0.9252027244279092,0.08884042259182776
5205,0.6484474625892436,0.9251988467852217,0.08884493226850705
5206,0.6484466109353894,0.9252061024734218,0.0888504403700732
5207,0.6484331365527255,0.925213358161622,0.08885419205150523
5208,0.6484368772610445,0.9252046036818974,0.0888657553077863
5209,0.6485024065563,0.9252342374804733,0.08885774700716853
5210,0.6485358210438825,0.9252303406225099,0.08886606546845141
5211,0.6485347128747936,0.9252269010881142,0.08886717915417541
5212,0.6485343172011412,0.9252383457064722,0.08887243904138077
5213,0.6485350836204484,0.9252086196745718,0.08888385731216723
5214,0.6485479942609338,0.925216501780768,0.08888305239437337
5215,0.6485371223010975,0.9252021056960235,0.0888907235224506
5216,0.6485296084277605,0.9251938277551426,0.08889940266775248
5217,0.6485266402414174,0.9251963257410165,0.08889657276625366
5218,0.6485277427210159,0.9252047266596636,0.08890487080817569
5219,0.6485529279339903,0.9252038811875216,0.08890572290379445
5220,0.6485867371247865,0.9251984624797026,0.08890259258994664
5221,0.6486002720425571,0.925203769738921,0.08889732539311453
5222,0.648597889200303,0.9251855421281513,0.0889021140966613
5223,0.6486589793861974,0.9251912913387167,0.0888973497249584
5224,0.6486180896035625,0.9251759998221126,0.08890026736872683
5225,0.6486416966981878,0.9251788436829538,0.08890480301512954
5226,0.6486429407937361,0.9251819219701616,0.08890534973413997
5227,0.648598459809651,0.9251715726225329,0.08892720328495331
5228,0.648542393568858,0.9251683559853382,0.08893675601448338
5229,0.6485548005663403,0.9251613846832222,0.08893938357919817
5230,0.6485620601132467,0.9251620572178806,0.08894346313185206
5231,0.648559769796741,0.9251665459063434,0.08894286028010823
5232,0.6485434579942622,0.9251669917007456,0.08894595598949974
5233,0.648508985119754,0.9251191264483447,0.08900207262937794
5234,0.6485069385962249,0.9251144302349016,0.08900213302757914
5235,0.6485445071099805,0.9251262399435027,0.0889965697940299
5236,0.6485493013750553,0.925127150747583,0.08899880776981983
5237,0.6485330655600103,0.9251315933193835,0.08900101349268022
5238,0.6485287716620902,0.925128922396026,0.08900867544382915
5239,0.6485187495393724,0.9251278501836278,0.08901011675056955
5240,0.648543367930091,0.9251365662328004,0.08901140434412594
5241,0.6485388929030749,0.9251310437624912,0.08901846608253533
5242,0.6485450268543418,0.9251384608590094,0.08902214623398391
5243,0.6485425344927556,0.9251762227193138,0.08903377371920554
5244,0.6485246961106075,0.9251688440533474,0.08903902002642884
5245,0.6485090050409773,0.9251708001684396,0.08904249194981831
5246,0.648512268217994,0.9251813301396622,0.089039637231269
5247,0.6484956155958296,0.9251749122374937,0.08905362703762305
5248,0.6484977844865398,0.9251746509097407,0.08905362982946129
5249,0.6484954524971284,0.9251803117300367,0.08905920525886092
5250,0.6485084121685859,0.9251819873020999,0.08904063580617935
5251,0.6485135503078548,0.9251752388971849,0.08904686928827618
5252,0.648538903563063,0.9251912644373304,0.08905257426428244
5253,0.6485511143036349,0.9251947654606091,0.08906495431048678
5254,0.648555099597357,0.9251864913627834,0.08907133271460736
5255,0.648573039837808,0.9251670493465733,0.08907985227086734
5256,0.6485728292753297,0.9251637327899438,0.08908430636659118
5257,0.6485853221008158,0.9251758345707395,0.08910061696739398
5258,0.6485687804859345,0.9251729100057393,0.08910141354528116
5259,0.6485680571526541,0.9251553280282416,0.08911021529622724
5260,0.648549963267622,0.9251505242092531,0.0891224467082026
5261,0.6485513786703215,0.9251543826366647,0.0891274040133297
5262,0.6485709581433146,0.9251547054533007,0.0891263006017318
5263,0.6485727781393943,0.9251609619471513,0.08911846265036802
5264,0.6486001998308014,0.9251764417734596,0.08912124350685041
5265,0.6486052861438061,0.9251757308082493,0.089127489246841
5266,0.6486267098770703,0.925194542563408,0.08913060968947499
5267,0.6485957681350856,0.9251809881077503,0.08914450011077478
5268,0.648586763603962,0.9251787283912981,0.08914673265370253
5269,0.648609968546398,0.9251801195772772,0.08914172833331528
5270,0.6486225480775221,0.9251900423457797,0.0891422181119072
5271,0.6486119291203924,0.9251802925147607,0.08914642495786788
5272,0.6486335331586076,0.9251657888244709,0.08914907953130834
5273,0.6486310171571145,0.9251726064043793,0.08914812617484726
5274,0.6486541163880126,0.9252037120930932,0.08914833598455721
5275,0.6487114470188653,0.9252280424755058,0.08914350038740315
5276,0.6487112775038413,0.9252185001694672,0.08914819877253134
5277,0.6487399670383254,0.9252388914203094,0.08914760560931101
5278,0.6487203762926599,0.9252314781668464,0.08915815061748936
5279,0.6487905718869683,0.9252542175244101,0.08915211509100608
5280,0.6488036835549431,0.925260985144601,0.08915435626310411
5281,0.6488945182020744,0.9253094345413908,0.08914730592091807
5282,0.6489033905225546,0.9252990698215413,0.08914902126272074
5283,0.6488994426719353,0.9253070057305103,0.08914642557275101
5284,0.6489387061954678,0.9253233540872917,0.08915292308415679
5285,0.6489399475470782,0.9253141422839994,0.0891626005985317
5286,0.648903529372871,0.9253061679444786,0.08917160696728964
5287,0.6488625418733158,0.9252885206350427,0.08917832488714036
5288,0.6488428676067663,0.9252849350645498,0.08918794758088434
5289,0.6488211417033202,0.9252955534260419,0.08918688683043406
5290,0.6487993377408666,0.9252901500904436,0.08919199847806263
5291,0.6488161186093853,0.9253135350812793,0.08919450374558793
5292,0.6488052845736718,0.9253064638597284,0.08919905118542482
5293,0.6488268577956516,0.9253071901971595,0.08919977362827952
5294,0.648845651176201,0.9253125666313713,0.08920623522628279
5295,0.648862748756405,0.9253286959340069,0.0892017401163014
5296,0.6488681321755427,0.9253427538298946,0.08920920266648646
5297,0.6488721286291813,0.9253397485607355,0.08921196333762342
5298,0.6488420404350922,0.9253420889813466,0.08922334990403093
5299,0.6488789511832356,0.9253538295149544,0.08924105832321891
5300,0.6488642700331019,0.9253348371362017,0.08925200942261606
5301,0.6488931709539829,0.9253296912853013,0.08924995699645694
5302,0.6489042985812601,0.9253302062546969,0.08924853687272583
5303,0.6489390014159265,0.9253303522907941,0.08924660178064797
5304,0.6489452870476984,0.9253282270812736,0.08924200012490978
5305,0.6489274311833448,0.9253168477948538,0.08925013383041139
5306,0.6489136629221465,0.9253174703697947,0.0892540975235841
5307,0.6489090309644807,0.9253132314799193,0.08926042918177367
5308,0.6488822754713556,0.9253083623289926,0.08926653935935448
5309,0.648861909347241,0.9253154758241506,0.08927699788374628
5310,0.6488629626526504,0.9253155795866408,0.08927937475812732
5311,0.6488671974196036,0.9253076744221135,0.08928529095373368
5312,0.6488769644242174,0.925312662707751,0.08928559722006045
5313,0.648932576052065,0.9253115482217458,0.0892835275640447
5314,0.6488942090765016,0.9253032587516993,0.08929360464696799
5315,0.6488802181509497,0.9253024709253852,0.08929794521802503
5316,0.6488341013572293,0.925282905931409,0.08934417039259103
5317,0.6488378975305961,0.9252750853140959,0.08935172548394907
5318,0.6488245590105598,0.9252789591137281,0.08935412856194823
5319,0.6488367213989102,0.9252718417755149,0.08935426318341183
5320,0.6488243872336592,0.9252548439424062,0.08936742012099808
5321,0.6488299066560352,0.9252470156389826,0.08937395247180607
5322,0.6488405999546982,0.9252592788280963,0.0893744728769485
5323,0.6488374387279622,0.9252575379240949,0.08938793206681817
5324,0.6488016245751731,0.9252362627705588,0.08940215780789168
5325,0.6487904702465063,0.9252365509996981,0.08940657405101646
5326,0.6488347366883561,0.925229414446209,0.0894042549296536
5327,0.6488146982717538,0.9252360245011371,0.0894175481643939
5328,0.6488082194842899,0.92523759631071,0.08940592637468966
5329,0.6488176072631474,0.9252327732764457,0.08940114810909085
5330,0.6488264002723559,0.9252329846444811,0.08940523971200262
5331,0.6488102466837847,0.92523648566776,0.08940040584488014
5332,0.6487893426997984,0.9252530146481354,0.08941102310195062
5333,0.6487723499778603,0.9252346525304339,0.08942512709428145
5334,0.6487784173194882,0.9252374195301712,0.08943712817106413
5335,0.6487753957757533,0.9252443024420179,0.08943919546820887
5336,0.6487854333769218,0.9252500170650866,0.08944276005657407
5337,0.6488182527552342,0.9252592826711514,0.08943992952074863
5338,0.6488361087690895,0.9252819451676113,0.08944416487724181
5339,0.6488613995206622,0.9252670148981953,0.08945286251786083
5340,0.6488701913636838,0.9252742936447266,0.08945608976491035
5341,0.6489048654625273,0.9252775525555283,0.08945624901190113
5342,0.648960744287473,0.92527466642108,0.08946495259410248
5343,0.6489162191029286,0.9252957378926909,0.08947823600437421
5344,0.6489408930830843,0.9252943966664294,0.08948584198610586
5345,0.6488619872524446,0.9253007838241565,0.08961685578294985
5346,0.6488484954403075,0.9252950730441429,0.08961731506869887
5347,0.6488852367144874,0.92530146020187,0.08962144588676674
5348,0.648905345359674,0.925294166083118,0.08962603369326555
5349,0.6489146594012064,0.9253032856530856,0.08961895551179219
5350,0.6489193940750566,0.9252915835500297,0.08962994871033328
5351,0.6489282275607088,0.9253013718116007,0.08962982503011369
5352,0.6489362404168939,0.925296606423164,0.08962747852453597
5353,0.6489644301031341,0.9252936472706672,0.08962858962475408
5354,0.6489530832498045,0.9252939624011929,0.08964365858750137
5355,0.6489461403092533,0.9252990390770999,0.08965237669212474
5356,0.6489583688288141,0.9252947809719485,0.08965672584582147
5357,0.6489227942256789,0.9252826715050424,0.0896632413830832
5358,0.6488927201800213,0.9252800466983471,0.08966659758316918
5359,0.6488989106552898,0.9252939239706409,0.08967063727880484
5360,0.6489000304284512,0.9252990352340447,0.0896730456886808
5361,0.6489106101000417,0.9253063639402934,0.08967650846959664
5362,0.6488910487235343,0.9252871678796156,0.0896871134360983
5363,0.6489455046028054,0.9253098572774618,0.08968414923843614
5364,0.6489805931027521,0.925315583429696,0.08968355188520831
5365,0.6489581182578827,0.9253164711754451,0.08969047891284036
5366,0.6489229870290067,0.9253031088725469,0.08970461584452093
5367,0.6489364579068122,0.9252901769918299,0.08971471626123931
5368,0.6489493985569718,0.9253038505821987,0.08971344956472987
5369,0.6489770855067685,0.92530609492643,0.08971773131044816
5370,0.6489592670234026,0.9253283077854326,0.08972724504978677
5371,0.6489471463555586,0.9253228698623377,0.08972426671368415
5372,0.6489875665919483,0.9253012757352208,0.08976088701106334
5373,0.6490094438622267,0.9252913760250495,0.08976556406365342
5374,0.6489877699057796,0.9252752390363035,0.08977646121872292
5375,0.6490179513931515,0.9252744704252653,0.08978044665431904
5376,0.6489972570138535,0.9252620304556128,0.08979075369135103
5377,0.6489799140778278,0.9252667112968352,0.08979830398682341
5378,0.6489625502172266,0.9252727525795951,0.08980454151001557
5379,0.6488468432618621,0.9252305404613799,0.08987502238105097
5380,0.6488477732003204,0.9252297295767345,0.08986468114580953
5381,0.6488511851131321,0.9252172742348613,0.08986877621966195
5382,0.6488659295055599,0.9252283153324244,0.08987215245762718
5383,0.64887421344272,0.9252224854177,0.08987581122062793
5384,0.6488950050884015,0.9252463507904346,0.08987212338908894
5385,0.648891681800315,0.9252407476159665,0.08987901169596194
5386,0.6489238575818179,0.9252347985665312,0.08987968070070154
5387,0.6489483001764129,0.9252279925157884,0.08988006420494284
5388,0.6489529350375615,0.9252410742756577,0.0898822768137741
5389,0.6489529350375615,0.9252410742756577,0.08987389378043045
5390,0.6489859920097707,0.9252671609342925,0.08987492777373078
5391,0.6490071308402827,0.9252570114255337,0.08987903905792478
5392,0.6490164584762209,0.9252527763787135,0.08987847747609091
5393,0.6490727539585855,0.9252347562929241,0.0898883933810529
5394,0.6490425321722421,0.9252108524896376,0.08991106381768614
5395,0.6490353559585229,0.9252076127941118,0.0899109584446296
5396,0.6490281266625669,0.925212170657568,0.0899173615122905
5397,0.6490225219518363,0.9252066289719829,0.0899165699619952
5398,0.6490148782013376,0.9252112060507152,0.08992749564310427
5399,0.6490039566321623,0.9252031586931457,0.08993665065124405
5400,0.6490219063506976,0.9252108717049136,0.08993664845803508
5401,0.649036236710057,0.925217185844592,0.0899420635314811
5402,0.6490234670524303,0.9252222548343886,0.08995283258650248
5403,0.6490269739738769,0.9252191342735737,0.08996063568345458
5404,0.6490287182404493,0.9252265244687055,0.0899636740063244
5405,0.6490243014550267,0.9252235653162086,0.0899698818402279
5406,0.6490335893161205,0.9252212210525422,0.08996902631221351
5407,0.6490292721811803,0.9252091500161881,0.08997152117279777
5408,0.6489965844996427,0.9252017290766148,0.08998218937585181
5409,0.6490087882693929,0.9252170474946051,0.08998195888769911
5410,0.6489868116986516,0.9252153565503212,0.08998792551617606
5411,0.648996993975239,0.9252350637373393,0.08999327517874606
5412,0.649000596798089,0.925241362504797,0.08999741258407998
5413,0.6490187420610873,0.9252406054229244,0.09000206418543963
5414,0.6490174954547514,0.9252420696269521,0.09000749177773172
5415,0.6490252772405967,0.9252230119162611,0.09001831019052005
5416,0.6490374183869225,0.9252217091205515,0.09003077951186238
5417,0.6490551472356152,0.9252225200051968,0.09003359992906065
5418,0.6490435846791529,0.9252174471723449,0.09004216000527984
5419,0.6490014163347085,0.9251988660004976,0.09005587247102084
5420,0.6490045767364797,0.9252040579680604,0.09007095104462058
5421,0.6489515445416335,0.9251671915396155,0.09009145104284742
5422,0.6489493143446463,0.9251744087972636,0.09009693087598146
5423,0.6489718459016086,0.9251846428532366,0.09008964994612226
5424,0.649012320982931,0.9251841355699515,0.09009433633017336
5425,0.6490006146772295,0.9251968906701296,0.09010505133946238
5426,0.6489983352330937,0.9251977130839404,0.0901131623490982
5427,0.6490223695248395,0.9252103797938491,0.09011649652785902
5428,0.6489639627483595,0.9251913067109374,0.09013349234346485
5429,0.6489521968392186,0.9251895504347153,0.09014621458261135
5430,0.6490053206842324,0.925192890049676,0.09015121313435559
5431,0.6490491388012226,0.9251795162176122,0.09015916801238498
5432,0.6490412298235718,0.9251808574438738,0.09015750776861654
5433,0.6490270414050959,0.9251770259178486,0.09016329654042077
5434,0.6490443122818611,0.925175300386068,0.0901605961208698
5435,0.6490157585430381,0.9251744433847604,0.09017671939236417
5436,0.6489944244696859,0.9251863722280725,0.09017790492171725
5437,0.649041307738961,0.9251913259262133,0.09017500601330625
5438,0.649058796304535,0.9251895581208256,0.09017368699145675
5439,0.6490506943702579,0.9251755002249379,0.09018404893213919
5440,0.6490912862292764,0.9251723412335711,0.09018626767112599
5441,0.649061252939851,0.9251651508773092,0.09019248204936094
5442,0.6490736616265317,0.925164059449635,0.09020121946135423
5443,0.6491034800595075,0.925161499974878,0.09020009118449822
5444,0.6491392996848743,0.9251671454229532,0.09021556922666754
5445,0.6491024146995742,0.9251487256594239,0.09022697722486854
5446,0.6491265889513393,0.9251642247010082,0.09022890663311021
5447,0.6491505681250256,0.9251532066617763,0.0902335325476472
5448,0.6491300332582176,0.925148083869207,0.09023204379266903
5449,0.6491295701043779,0.9251354632759606,0.09023142532098555
5450,0.6491644049311033,0.9251453476139112,0.0902284841636398
5451,0.6491893516790708,0.9251445790028731,0.09022516929444888
5452,0.6491534461859259,0.9251337223719592,0.09022895381266771
5453,0.6491644825311301,0.9251490715343911,0.09023451120795042
5454,0.6491681025012733,0.9251472576123411,0.09024003987546168
5455,0.649163952551099,0.9251607121485639,0.09025205856711581
5456,0.6491570059283905,0.9251517193994174,0.0902625514599553
5457,0.6491414961540078,0.9251349521496203,0.09027776284894083
5458,0.6491320733196654,0.925109684061741,0.09029617287471182
5459,0.6492629622256685,0.9250543094794974,0.0903696950921698
5460,0.6492499071583442,0.9250500821187876,0.09037024187042732
5461,0.6492452963258852,0.9250465503510673,0.09037626223822448
5462,0.6492734552332885,0.9250472497871121,0.09037951463804395
5463,0.6492751647007934,0.9250550204447078,0.09038640461650668
5464,0.6493159266357668,0.9250526454365998,0.0903868913697621
5465,0.6493023445606606,0.9250556161182623,0.0903864428366186
5466,0.6493195357269756,0.9250614345038211,0.09038570996114717
5467,0.6493259566341563,0.925059155572093,0.09038077964739268
5468,0.6493351367088965,0.9250666187852734,0.09038357939996565
5469,0.6493365364638305,0.9250751503677969,0.09038753296022764
5470,0.6493883699746563,0.9250843621710891,0.09038518694643331
5471,0.6493721322317876,0.9250403515030446,0.09041841036063296
5472,0.6493834221301187,0.9250430070541814,0.09041878926274816
5473,0.6493911062305093,0.9250545515919745,0.09041486661783701
5474,0.6494086420988903,0.9250512119770137,0.09041886410383111
5475,0.6494048707921499,0.9250411739168555,0.09042841741860722
5476,0.6495253030419605,0.9249856187110179,0.09052823373251048
5477,0.6495403656347811,0.9249925746409132,0.09053081919181835
5478,0.6495722662492914,0.9249812030406037,0.09053405115997523
5479,0.6496013493337154,0.9249893733759393,0.09052471127017896
5480,0.6496184270506677,0.924995007294849,0.09052931587466911
5481,0.649614948340989,0.9250106100989234,0.09052539669182771
5482,0.6496516054847227,0.9250021361622278,0.09053030934688515
5483,0.6496390985903308,0.9250078969019587,0.090540288748699
5484,0.6496765110406364,0.9250059561590874,0.09055647896467406
5485,0.6496577607453837,0.9250151718054348,0.09056489184777929
5486,0.649652401703155,0.9250283265833528,0.09056955705021758
5487,0.6496519435986533,0.9250406166738528,0.09056978683008303
5488,0.6496633321814029,0.9250425689458897,0.09057041685771969
5489,0.6497005365242704,0.9250434297902524,0.09056759393724588
5490,0.6496862141791021,0.925039775044766,0.0905758582592112
5491,0.6497221744067395,0.9250438717415994,0.09057094799389183
5492,0.6497538219616911,0.9250528106879731,0.09057089702215089
5493,0.6497493912244489,0.925052587790772,0.0905822883141891
5494,0.6497626213502612,0.925047007674635,0.0905800705908964
5495,0.6497910850367772,0.9250523187769086,0.09057895467319031
5496,0.6497817519975819,0.9250582678263439,0.09058038003573489
5497,0.6497474176958159,0.9250441638137938,0.09059127850386663
5498,0.6497570650732981,0.9250463774135838,0.09059157409830929
5499,0.6498028976526268,0.9250560157960022,0.09059046499582947
5500,0.6498220729576314,0.9250682098101224,0.09058229898215364
5501,0.6498444818698409,0.9250780826189074,0.09058445505887083
5502,0.649852631617244,0.9250878785665887,0.09059173048777029
5503,0.6498482521417595,0.925090603292719,0.09059220968422087
5504,0.649866880207518,0.9250924825467072,0.09059369299118428
5505,0.649882974207329,0.925096083489421,0.09059798026148609
5506,0.6498918014408616,0.9250865258111616,0.09060551021912407
5507,0.6499113257113953,0.9250845235794072,0.09061081361442873
5508,0.6498754674271027,0.9250807074256028,0.09062305349956516
5509,0.6499154741150177,0.9250933088035732,0.09061972841699766
5510,0.6499265377462436,0.9250936931090923,0.09062849412807385
5511,0.6499253257927268,0.925100879622299,0.09063287679117724
5512,0.6499364990619854,0.9250928092063985,0.09063723973898848
5513,0.649936047825604,0.9250880207596307,0.09064625169175078
5514,0.6499819871197398,0.9250970673115497,0.09064481353541058
5515,0.6499774392273138,0.9250835589725542,0.09065917048313352
5516,0.6499474874680826,0.9250837933989209,0.0906708014781684
5517,0.649937789051808,0.9250718453403328,0.09067887237644706
5518,0.6499214905697125,0.9250657540978555,0.0906883942306736
5519,0.6499414411592682,0.9250726523819229,0.09068994465638834
5520,0.6499643923773151,0.9250792124771335,0.0906998603606916
5521,0.649990523510287,0.9250731097054906,0.09070299178151976
5522,0.6499535236282458,0.9250532795407064,0.09072067465748415
5523,0.649943766560365,0.9250466617996679,0.09072455623901805
5524,0.6499337654179257,0.9250268124196076,0.09073618012271747
5525,0.649964176336956,0.925039271604536,0.09073367536077816
5526,0.6499680034773437,0.9250340834800285,0.09073501815893166
5527,0.649953654139089,0.9250338951703242,0.09074813936293669
5528,0.649917797921073,0.9250466003107848,0.09076161757613918
5529,0.6499368574949661,0.9250492904494183,0.09076206707134879
5530,0.6499563625599653,0.9250507584965012,0.0907708258979647
5531,0.6499142969544123,0.9250489176730649,0.09078569574877866
5532,0.6499326632982952,0.9250470192038006,0.09080043684208794
5533,0.6499415650491004,0.9250360703395621,0.09080217870779347
5534,0.6499549589736803,0.9250388603976306,0.09080888972151202
5535,0.6499681138285874,0.9250354247062901,0.09081082008554517
5536,0.6499730213836488,0.9250443444373878,0.09082335292042092
5537,0.6499715926348348,0.9250437795082748,0.09082497920680604
5538,0.6500505627841433,0.9250530873879468,0.09081484551782104
5539,0.6500513799901085,0.9250351556924268,0.0908242950039593
5540,0.650083671922333,0.9250408741585506,0.09082326159638635
5541,0.6500763960380798,0.9250347829160732,0.09082644610294002
5542,0.6500459063395575,0.9250431876777754,0.09083688467247703
5543,0.6501038206475449,0.925039029492059,0.09087613932906004
5544,0.6500465551878517,0.9250210170923799,0.09089613450974877
5545,0.6500666669997197,0.9250287262610926,0.0909127645136108
5546,0.6500945686880835,0.9250437602929988,0.09091541606437382
5547,0.6500783873499071,0.9250198334313812,0.09092881007486235
5548,0.6500499300229772,0.9250226119602841,0.09095658548775343
5549,0.6500209871810626,0.92501900333146,0.09096422201976924
5550,0.6499864284975119,0.9250077085922543,0.09097425673391885
5551,0.6499948717226145,0.9250175660288187,0.09098602605973413
5552,0.6500014332645271,0.9250155253665123,0.09098334263467456
5553,0.6500118224863136,0.9250129313042587,0.09098890956216048
5554,0.6500411434223703,0.9250177620246334,0.09099516934473241
5555,0.6500439118284663,0.92501567908872,0.09100245941196805
5556,0.6500317798998769,0.9250188572953627,0.09099968404362326
5557,0.6500268779782008,0.9250260553377351,0.09100942777433045
5558,0.6499719176395364,0.9250103064975633,0.09103111784392423
5559,0.6499598583154462,0.9249958412378253,0.09103914798740809
5560,0.6499404991770632,0.9250055218938509,0.09104817478943109
5561,0.6499545517631649,0.9250131964750667,0.09105313574904998
5562,0.6499516259728145,0.9250112980058025,0.09105657701361754
5563,0.6499602435500769,0.925007036057596,0.09106190581302438
5564,0.6499412567502233,0.9250045419147772,0.0910683632438149
5565,0.6499083663621104,0.9250006450568138,0.09107362434037358
5566,0.6499305433716053,0.9250237341323998,0.09107594371425184
5567,0.6499435139611296,0.9250330151106855,0.09107892464814411
5568,0.6499619791718273,0.9250369849866975,0.09108196913466352
5569,0.6500513621397067,0.9249849384902492,0.09119148120179774
5570,0.6500568263432863,0.9249916753659986,0.09118870403750347
5571,0.6500781879650265,0.9249993768486008,0.09118680663869486
5572,0.6501025090417463,0.9250113748669063,0.09118715734352907
5573,0.6500740589169743,0.9250055334230164,0.09119587013670069
5574,0.650076884367966,0.9249878861135805,0.09121043753609519
5575,0.6500781594327898,0.9249733555219042,0.09121338433869347
5576,0.650085316913956,0.9249708575360303,0.0912153862061323
5577,0.6500745643199988,0.9249601930578759,0.09122766123824134
5578,0.6500596013693074,0.9249217855642995,0.09126061383811
5579,0.6500490023100404,0.9248933777003294,0.09126975947720851
5580,0.6500294083509915,0.9248868867801123,0.09127435103563296
5581,0.6500572494526695,0.924903058356355,0.0912710490507963
5582,0.6500949876534388,0.9249007025635231,0.09126166268529545
5583,0.6500846890097742,0.9249089920335695,0.09126190056173968
5584,0.6500834249201539,0.9249170739786357,0.0912648524480826
5585,0.6500509871941058,0.9249165090495226,0.09127213434677675
5586,0.6500539397382331,0.9249102679278928,0.09127760326067741
5587,0.6500704087686185,0.9249128735193122,0.09127825755032
5588,0.6500956143119319,0.9249120511055013,0.0912830628095942
5589,0.6500810427684827,0.9249172084855674,0.09128317592720356
5590,0.6500829036465314,0.9249205288852521,0.09129095529905848
5591,0.6500497144282704,0.9249273118776639,0.09130754389608899
5592,0.6500573519323817,0.9249290912122171,0.09130945576864116
5593,0.6501028666513106,0.9249525684363774,0.09130559725668934
5594,0.6500882631609847,0.924941519652704,0.09130878290876124
5595,0.6500996255524107,0.9249458853634007,0.0913075548316425
5596,0.6501221419638324,0.9249416887471325,0.09130802194622176
5597,0.6501201111579861,0.9249463196286373,0.09131316665122431
5598,0.6501121156952779,0.9249567612095906,0.09131973717432999
5599,0.6501300397150468,0.9249503356213116,0.09132410769977332
5600,0.6501170892809828,0.9249456125064822,0.09132943378874823
5601,0.6501185476229969,0.9249435065122377,0.0913489601649248
5602,0.650137402977291,0.9249385835585383,0.09134865487559957
5603,0.6501222796125159,0.9249394597751218,0.09135271508298953
5604,0.6501433337180349,0.9249389448057262,0.09135558882449822
5605,0.65014503198981,0.924938337603006,0.09136062365274546
5606,0.6501652570489429,0.9249445787246359,0.09136258540632655
5607,0.6501772688249979,0.9249322040869217,0.09136250891251112
5608,0.6501890668178445,0.9249186035146015,0.09136800088086149
5609,0.6501909772177845,0.92490346187715,0.0913726396723807
5610,0.6501934925486467,0.9248939656877736,0.09138562343501645
5611,0.6501816661244709,0.9248847423553158,0.09139516831174582
5612,0.6501807352433207,0.9248731555439157,0.09139580473483902
5613,0.6501869223398618,0.9248787049156112,0.09139867530417745
5614,0.6502039113589962,0.9248770754602103,0.09139648326698005
5615,0.6502099654313495,0.924883374227668,0.0914033009656078
5616,0.6502299885850943,0.9248883087105328,0.09140528131783882
5617,0.6502686605925707,0.9249188110395818,0.09140522033625167
5618,0.6502384034533139,0.9249027739702709,0.09141687741307217
5619,0.650243764215852,0.9249033043118872,0.09143299378484061
5620,0.6502795630018583,0.9249089497599624,0.0914286871813081
5621,0.6502774477762393,0.9249099143668152,0.0914285760704851
5622,0.6502996105159259,0.9249083848308494,0.0914269643419511
5623,0.6503186517859179,0.9249280074706533,0.09143497588139393
5624,0.6503017685809188,0.9249199139964216,0.09144251360727924
5625,0.650316964496022,0.924926109001389,0.09141841121747156
5626,0.6503320549026236,0.9249265740110671,0.0914145960423298
5627,0.6502943694419562,0.9249245717793128,0.09142931082409615
5628,0.6502843189463989,0.9249162784662112,0.09143209969614231
5629,0.6502728979743838,0.9249100604029126,0.09143839940649588
5630,0.6502693974770423,0.9248982122637595,0.09145223013311014
5631,0.6503064648445166,0.9249107828972883,0.09145294745509283
5632,0.6503039303036219,0.9249104677667628,0.09146587844515702
5633,0.6502829241663527,0.9249072472865129,0.09147271244548907
5634,0.6503263924080945,0.9249296407691094,0.09147177071342412
5635,0.6503489520616106,0.9249254672111722,0.09148267238970056
5636,0.6503164660584957,0.9249320119341621,0.09148792330131292
5637,0.6502965605025811,0.9249146259524791,0.0915153138330244
5638,0.6503159104728922,0.9248959909778591,0.09152720608764807
5639,0.6503172950170212,0.9249044802867755,0.09154430560817599
5640,0.6503166414503613,0.924909849034877,0.09154494355311837
5641,0.6503114696037986,0.9249131694345618,0.09154773619003861
5642,0.6503054201245291,0.9248802344515771,0.09156292729300755
5643,0.6503103280404559,0.9248781861031604,0.09156501216214574
5644,0.6503278006366571,0.9248802575099082,0.09156631524659603
5645,0.6503311062708337,0.924866030519592,0.09157269102689311
5646,0.6503177078644149,0.9248757188617279,0.09157773881259403
5647,0.6502997555450323,0.9248748810756964,0.09159168264239961
5648,0.6503006862091154,0.9248729672342114,0.09159359561603554
5649,0.6503039080153001,0.9248757073325624,0.0915994854764677
5650,0.6503160810797256,0.9248915368768931,0.09161071916460188
5651,0.6503278723779977,0.924895483694574,0.09160608369539087
5652,0.6503062117820779,0.9248833972859991,0.09161682555945155
5653,0.65026667162441,0.9248774866671157,0.0916681306427005
5654,0.6502431680697277,0.924870319369185,0.09167652556236745
5655,0.6502407233544706,0.9248811836862092,0.09167882893501939
5656,0.6501081795199305,0.9248635210045525,0.09171011515175254
5657,0.6500898855767746,0.9248606156548282,0.09171824959691822
5658,0.6500938488327568,0.9248465731311613,0.09172534633805789
5659,0.6501183107968131,0.9248598854743421,0.09172648232962713
5660,0.6501126521763763,0.9248577871662079,0.09172270289644356
5661,0.6502082905419152,0.92487737137546,0.09170911801319438
5662,0.6502110596635817,0.92487767497682,0.0917134141574004
5663,0.6501972084659058,0.9248665762334292,0.091726257288474
5664,0.6501776301110566,0.9248583444092106,0.09174474232972532
5665,0.6501244115435417,0.9248398093540255,0.09175648313399228
5666,0.6501151655640812,0.9248480296490785,0.09175847830589415
5667,0.6500866715721447,0.924841592531634,0.09176039728551491
5668,0.6500895139008562,0.9248393405012922,0.0917546398764852
5669,0.650105281774935,0.9248315352561999,0.09176710920817033
5670,0.6501267069635213,0.9248284838703784,0.09177653573707904
5671,0.6501122067469065,0.9248384335402673,0.09177987439395295
5672,0.6501025128961806,0.92483395638097,0.09178774741640604
5673,0.6501232971906904,0.9248398746859637,0.09178579751515531
5674,0.650136114211595,0.9248409084678101,0.09178673014445202
5675,0.6501196109593734,0.9248363467612987,0.09179057504944968
5676,0.6501072299017779,0.9248302055591039,0.0918024990152479
5677,0.6501080616634423,0.9248262856428093,0.09180784502168744
5678,0.6501538093437502,0.9248082117542472,0.09177699111567372
5679,0.650150439486058,0.9247966172567367,0.0917841451515888
5680,0.6501132598395891,0.9247900417893052,0.09179375990451903
5681,0.6501001326038297,0.9247873439645614,0.0917977888536537
5682,0.6500836229842645,0.9247923975821372,0.09180250744824003
5683,0.6501013917466502,0.9247911178447586,0.09184307368317925
5684,0.6500559365031856,0.9247827668858292,0.0918452557849359
5685,0.6500987887889479,0.9247969170150415,0.09184601653616994
5686,0.6500772835012406,0.9247903031170582,0.09184857129579084
5687,0.6500731375013553,0.9247935351264737,0.09185098959612513
5688,0.6500836653827716,0.9247991690453833,0.09185269876643251
5689,0.6500865426953549,0.9248024740728473,0.09185827486168284
5690,0.6500662899615351,0.9248049874309421,0.091862757773535
5691,0.6500642945116769,0.9247921746849361,0.09186767674838785
5692,0.6500783956233986,0.9247766487419655,0.09187707600266733
5693,0.6500649557253894,0.924764166498706,0.09188656986854365
5694,0.6500528128111991,0.9247669603998296,0.09189385916878895
5695,0.6500681849258193,0.9247720370757366,0.09190065525997579
5696,0.6500598371391308,0.9247707842397445,0.0919028845607678
5697,0.6500596638481324,0.9247881317908755,0.09191461381138163
5698,0.6500776629294124,0.9247753344170903,0.09192250638655788
5699,0.6500831477595722,0.9247629597793761,0.09192570391207289
5700,0.6500686208007854,0.924756430428607,0.09193378005338954
5701,0.6501222700595596,0.9247550892023454,0.09193219952896249
5702,0.6501164788575637,0.9247562344327922,0.09193347931540076
5703,0.6501403937193171,0.9247528141136725,0.09193213688600815
5704,0.6501152353973179,0.9247736434728063,0.09194510654510947
5705,0.6501211076592405,0.9247768024641732,0.09195148796488514
5706,0.6500961194396848,0.9247809952373862,0.09195708831905813
5707,0.6500915167049303,0.9247773866085621,0.09193786389684537
5708,0.6501016074109534,0.9247817907498107,0.0919429698552482
5709,0.6500856059933846,0.9247735320242058,0.09195629204567608
5710,0.6500983389756664,0.9247779938112822,0.09196107718939647
5711,0.6501384817824064,0.9247823479928134,0.09196182040434724
5712,0.650151287126949,0.9247929202376431,0.09195622185483113
5713,0.6501622569027968,0.9247958025290363,0.09195726622014028
5714,0.6501669733875598,0.9247891578866114,0.09196184446661115
5715,0.6501449928109846,0.9247761568309011,0.09196797407071457
5716,0.6501495100608131,0.9247829667246991,0.09196753778140764
5717,0.6501277779205327,0.9247826131636215,0.09198327747416915
5718,0.6501590427301441,0.9247753421032007,0.09198806814489888
5719,0.6501694138665918,0.9247926204793383,0.0919859637606211
5720,0.6501861896618327,0.9248060827016715,0.09198876069483161
5721,0.6501864269625341,0.9247651887513867,0.09200991377122254
5722,0.6501879909430908,0.9247533790427855,0.09201365080774244
5723,0.6501650568732426,0.9247488749821019,0.09202194328478891
5724,0.6501856153150167,0.9247546126635017,0.09206265075295161
5725,0.6501846046042469,0.9247437714048086,0.0920602879572152
5726,0.6501888639750361,0.9247547932870956,0.09205786095166307
5727,0.6502218750070156,0.9247755726865121,0.09205353148170932
5728,0.6502031786684626,0.9247739124866697,0.09205765446503217
5729,0.6502031786684626,0.9247739124866697,0.092050597111007
5730,0.6502001729914861,0.924755200650946,0.09206094726849229
5731,0.6502126217206694,0.9247624986127532,0.09206636169409087
5732,0.650232703483201,0.9247649427958544,0.09206858217811477
5733,0.6502344095640938,0.9247459734754329,0.09207766924749317
5734,0.6502554004076624,0.9247506620027657,0.09208486047594919
5735,0.6502468486798201,0.9247394556538294,0.09209899734781431
5736,0.6502375494878561,0.9247508618416356,0.09209147037795223
5737,0.6502670263476295,0.9247625793169122,0.09208223505999345
5738,0.6502861076131852,0.9247649274236337,0.09207999302907091
5739,0.6503044905188333,0.9247593396213863,0.09208288915959913
5740,0.6502890605558987,0.9247701501356379,0.09209207353287052
5741,0.6502687704010376,0.924774020092215,0.09210234455281273
5742,0.650260760233859,0.9247766833294623,0.09210674985281594
5743,0.6502849067833661,0.92479205170717,0.0921076398913473
5744,0.6502899229265445,0.9247947956485763,0.09211759121891805
5745,0.6503514308952592,0.9248088573875192,0.09213484337348798
5746,0.6503653762103193,0.9248042303490696,0.0921355312305655
5747,0.6503766326977978,0.9248155135591096,0.09212919224566431
5748,0.650362617667903,0.9247943306388982,0.0921432779849129
5749,0.6503957427353501,0.9248176041811333,0.09214141608402157
5750,0.6504331043913152,0.9248215202543727,0.09214012262046041
5751,0.6504360712842263,0.9248157710438074,0.09214295446286803
5752,0.6504530464581648,0.9248151446258113,0.09214831676149615
5753,0.650425489325567,0.9248048721392864,0.09216391721471409
5754,0.6504080568554925,0.9247999837730838,0.09216964026667106
5755,0.650412063570668,0.9247999876161389,0.09217691666484178
5756,0.6504125616739125,0.9248001221230706,0.09217809257628175
5757,0.6504167978175842,0.9248171929742279,0.09218140604835669
5758,0.6503719032525501,0.9248080311306532,0.0921885840253757
5759,0.6503639144626683,0.9248093608277492,0.09219021530285258
5760,0.6503808433720002,0.9247934044625972,0.09219464067037451
5761,0.650410225495313,0.9248012711965726,0.09219518462727125
5762,0.650416437254666,0.9247956488068286,0.0921982263237315
5763,0.6504075571359546,0.9247886928769333,0.09220752304990379
5764,0.6503926642430948,0.9247889772630175,0.09220687178463374
5765,0.6503903628888067,0.9247868827979385,0.09221111791096884
5766,0.650400563656106,0.9247870403632013,0.09221458860857698
5767,0.6503815125288108,0.9247781513765451,0.09221578102725207
5768,0.6503825742295705,0.9247699041801057,0.09223220684049531
5769,0.650429919505421,0.9247780860446069,0.0922386703766293
5770,0.6504314102020815,0.9247801267069131,0.0922441992104353
5771,0.6503619168317316,0.9247800998055268,0.09224025978932926
5772,0.6503965472115588,0.9247795502486346,0.09224752261211219
5773,0.6503517811129395,0.9247806378332535,0.09225985009192139
5774,0.6503977949696449,0.924768378487195,0.09225797446321789
5775,0.6504021054505731,0.9247628252724444,0.09226342982536818
5776,0.6504052648476442,0.9247615147906243,0.09225442836594816
5777,0.6504176400041601,0.9247739970338839,0.09225854142593522
5778,0.6504644713829706,0.9247796155805728,0.09225258199855214
5779,0.6504748696047152,0.9247806070888119,0.0922529943737449
5780,0.6504552376866466,0.9247754228073597,0.09225884769232762
5781,0.6504570720994605,0.9247686667163343,0.09226713843499908
5782,0.650508257227365,0.9247809952373862,0.09226973537214608
5783,0.6505273841687301,0.9247937311222884,0.09226596589397126
5784,0.6505064569928708,0.9247930047848574,0.09227239364242651
5785,0.6505193744987764,0.9248044032865531,0.09228182720736126
5786,0.6505239011729179,0.9248140877856338,0.09227698158503554
5787,0.6505097981390132,0.9248113861178348,0.09228332396078559
5788,0.65050563868713,0.9248183996935578,0.09228535924872243
5789,0.6504740044291486,0.9248128541649175,0.09229377191897867
5790,0.650497798888314,0.9248233418625331,0.0922932293933158
5791,0.6504906817771179,0.9248225156056672,0.09229406944656625
5792,0.6504810924779557,0.9248088766027952,0.09234391346738412
5793,0.6505168165460897,0.9248267391233218,0.09234322746362666
5794,0.6505041079131202,0.9248196794309363,0.09234885635788422
5795,0.6504583542154273,0.9247965096511913,0.09236538968038539
5796,0.6504438343396588,0.9247979085232808,0.09236863643210849
5797,0.6504306366975562,0.9247873209062303,0.09237419832878437
5798,0.6504648737620322,0.924781917570632,0.09237233015002771
5799,0.6504687905730184,0.9247765795669721,0.09238352314793292
5800,0.6504993819508614,0.9247840696815388,0.09238511693828859
5801,0.6505227491752456,0.9247796540111247,0.09238577588705629
5802,0.6505188605516001,0.9247592973477793,0.09239089249301372
5803,0.6505179108835861,0.9247567647744086,0.09240869245746294
5804,0.6505005257421483,0.92475397471634,0.09241591074051375
5805,0.6505624538502821,0.9247175271809109,0.09250151526558306
5806,0.6505548203246087,0.9247092261816989,0.09252161241020765
5807,0.6505599231082111,0.9247065168277895,0.09252662118058162
5808,0.650564903948218,0.9247261625259245,0.09253031644153041
5809,0.6506007373260407,0.9247138993368109,0.09252949053245442
5810,0.6506564559345454,0.9247250365107537,0.09253518817875915
5811,0.6506369016593763,0.9247117318536833,0.09254608652968342
5812,0.6506520383378592,0.9247053639112323,0.09255183677673541
5813,0.6506441040234803,0.9247019512782229,0.0925696890042636
5814,0.6506442583646047,0.9246920976847137,0.09258325480580497
5815,0.6506465510866352,0.9246891500613824,0.09259659248888051
5816,0.6506480774908329,0.9246865521560734,0.09259970825256549
5817,0.6506476843344421,0.9246809412954949,0.09260510093048295
5818,0.6506522213050843,0.9246831395230641,0.09261064953515413
5819,0.6506928273396873,0.9246869825782549,0.09259660920269626
5820,0.6507346600259251,0.9247095797427765,0.09259086732454684
5821,0.6507204550875685,0.9247114282523232,0.09259178411773888
5822,0.6507261254487916,0.9247147909256151,0.09259680207169395
5823,0.6507164909975109,0.9246535364689297,0.0926737286276337
5824,0.6506994549136802,0.9246460194529766,0.0926905795838009
5825,0.6507255885628395,0.9246496357679111,0.0926925553247979
5826,0.6507449649294321,0.9246441747864851,0.09269319737894982
5827,0.6507535356498091,0.9246569836894358,0.09269719729516096
5828,0.6507447659594885,0.924652594920408,0.09271073007695319
5829,0.6507552501607461,0.9246509731511174,0.09270863816037783
5830,0.6508044759639362,0.9246347170276606,0.09271355152569667
5831,0.650815399741717,0.9246460963140805,0.09271474567496105
5832,0.6507866534982181,0.9246493552248822,0.09273784036352382
5833,0.650785481113416,0.9246524450412555,0.0927404338500896
5834,0.6507798820347127,0.924656464876985,0.09274543068535188
5835,0.6507798820347127,0.924656464876985,0.09274111941524517
5836,0.6508035593432027,0.9246605308293769,0.09274197830769465
5837,0.6507533928115709,0.9246559306923136,0.09276231880323807
5838,0.6507172197974271,0.9246496818845734,0.0927745235734533
5839,0.650727582163202,0.9246616453153822,0.09278274901548099
5840,0.6507353704030173,0.9246628481916569,0.09278646903538972
5841,0.6507444539120921,0.9246727363726627,0.09278267278569474
5842,0.6507360159827225,0.9246722598338191,0.09277660465629076
5843,0.6506942508698339,0.9246737125086811,0.09278599582044501
5844,0.6507455949141634,0.9246791312165001,0.0927889402901201
5845,0.6507466213098582,0.9246750844793843,0.09279943568389762
5846,0.6507338813809698,0.9246560536700796,0.09280878560896222
5847,0.6507622187523635,0.9246655037427938,0.09280381668454488
5848,0.6507459344768639,0.9246852263020326,0.09282764578096275
5849,0.6507645304107139,0.9246981966133014,0.09282754986732968
5850,0.6507524611610062,0.924697604782802,0.09283799070367424
5851,0.6507522825157005,0.924707877269327,0.09283630972690031
5852,0.6507669899054463,0.9247138993368109,0.09284474090699667
5853,0.6507835163823813,0.9247275383396829,0.09284707759103526
5854,0.6508071125691366,0.9247147601811736,0.09285653328720156
5855,0.6507637327351573,0.9247122967827963,0.09286831629040376
5856,0.6507701794987589,0.9247156094963708,0.0928711420147185
5857,0.6507910796695816,0.9247101254566136,0.09287575489658728
5858,0.6508962683247659,0.9246362119761298,0.09296276986527488
5859,0.6508836444627029,0.9246395669633113,0.09297068832532969
5860,0.6508844874113515,0.9246386023564584,0.0929768843395397
5861,0.6509101839609447,0.9246330568278182,0.09298944010094505
5862,0.6509007397725202,0.9246335986986001,0.0930021090785379
5863,0.6509212275136492,0.9246315349779627,0.09300614777794199
5864,0.6508919927044938,0.9246432063365769,0.09300779716971883
5865,0.6509150281746772,0.9246469533153879,0.09300938676005716
5866,0.6509105966128974,0.9246460617265837,0.09301429386568529
5867,0.650944193845481,0.9246743581419532,0.09303113842332526
5868,0.6509334309456971,0.9246762566112174,0.09304078926861815
5869,0.6508922528228334,0.9246745502947128,0.09304955005661684
5870,0.6509079996374171,0.9246543511966302,0.09304534769984517
5871,0.6508624419304684,0.9246360620969774,0.09307144447066387
5872,0.650861928820473,0.9246359160608801,0.09306561329127384
5873,0.6508801638071992,0.9246378375884755,0.09306999316213942
5874,0.6509347147165677,0.9246479870972343,0.09306187620210578
5875,0.6509747336171438,0.9246442362753681,0.09306588673773981
5876,0.6509786619951208,0.9246396937841326,0.09307340625661348
5877,0.6510483491442207,0.9246569952186013,0.09307026467733198
5878,0.6510265059670183,0.9246498894095537,0.09308573380831214
5879,0.6510197927975327,0.924646230821012,0.09309384365251011
5880,0.651012491037234,0.924635589401189,0.09310366017459921
5881,0.6510399475426524,0.9246340175916159,0.0931174034901311
5882,0.6510288503774085,0.924623241664861,0.09312763589980859
5883,0.6510380592259931,0.9246192833180146,0.0931310591310682
5884,0.6510604651507017,0.9246277495685997,0.09313265184085318
5885,0.651083826585413,0.9246279839949664,0.0931346361114604
5886,0.6510844970921532,0.924624290818928,0.09313189198853672
5887,0.6510742651127196,0.9246128807880667,0.09313963106724042
5888,0.6510546282703851,0.9246098255591901,0.09314579986778232
5889,0.6510300506557504,0.9246040033305761,0.0931558614793131
5890,0.6510654845764012,0.9246199865971144,0.09315378461262992
5891,0.6511020828651897,0.9246421418102891,0.09314991215761942
5892,0.651172286934783,0.9246581673504346,0.09314964057044557
5893,0.6511520347335866,0.9246479486666823,0.09316056011783047
5894,0.6511659305659225,0.9246298670920099,0.09319124182343592
5895,0.651194201224351,0.924651507335789,0.09319915970681672
5896,0.651156860968345,0.9246353165442703,0.09321844407196475
5897,0.6511602476504212,0.9246229034760042,0.09322853907229346
5898,0.651168060240236,0.9246336448152623,0.09323049278344175
5899,0.6511901592496668,0.9246041685819493,0.09325303194553873
5900,0.6511708480815717,0.9246024199918375,0.09326664435796564
5901,0.6511914827526208,0.924610386645248,0.09327589992726237
5902,0.6511955776874376,0.924610044613336,0.09328064680312388
5903,0.6511969120689384,0.9246265313201043,0.09328048668092978
5904,0.6512075157242332,0.9246273498908599,0.09328335273269224
5905,0.6512260798325951,0.9246193909235598,0.09328327196112828
5906,0.6512353126308387,0.9246391096397436,0.09328701448347552
5907,0.6512310803330905,0.9246350821179037,0.09330217461158373
5908,0.6512156871260952,0.9246245944202881,0.09330662507778367
5909,0.6511928184824862,0.9246231071579293,0.09332159861633015
5910,0.6512268070854847,0.9246412425353745,0.09332435440134398
5911,0.6512001266137012,0.9246431794351906,0.09332828679293705
5912,0.6512110285131717,0.9246618489973073,0.09332216802089813
5913,0.6512116439512363,0.9246633477888317,0.09331287492929399
5914,0.651205704095695,0.9246504120650596,0.09331627391234382
5915,0.651202458844636,0.9246599351558223,0.09331731463676113
5916,0.6511972106953489,0.9246633401027213,0.09331907200099392
5917,0.6511931804480597,0.9246729938573605,0.09332747256816676
5918,0.6511935360644945,0.924697401100877,0.09333250879726356
5919,0.6511931107372083,0.9246840157396475,0.09333607347199714
5920,0.6512143838711857,0.9246897687932681,0.0933484762190393
5921,0.6511402291759538,0.9246597545322284,0.09336547802498368
5922,0.6511416464814717,0.9246447397155981,0.09337332176080328
5923,0.6511584572493812,0.9246474951861698,0.09337554581121325
5924,0.6511756551769908,0.9246485750846785,0.09338541597153519
5925,0.6511677634528414,0.9246576908115909,0.09338543920125986
5926,0.6511894179928903,0.9246328992625553,0.09338928838745227
5927,0.651198074053095,0.9246680209439436,0.09340942513309108
5928,0.6511820963595492,0.9246781704527024,0.0934207752392603
5929,0.6511750772221502,0.9246922936805285,0.0934213474678236
5930,0.6511940884629123,0.9247065783166725,0.09341824901007993
5931,0.6511330619477429,0.9246939577234261,0.09343282570249796
5932,0.6511719932336453,0.9247035884197341,0.09342764026783205
5933,0.6511727435678318,0.9247003564103187,0.09342908539213002
5934,0.6511867600820538,0.9247009251824869,0.09342957065067838
5935,0.6511535069781735,0.9246850917951009,0.09344221113120667
5936,0.651130916997148,0.9246843231840628,0.09344174817465138
5937,0.6511799420923914,0.924695929210739,0.09345013287475346
5938,0.6511862666454935,0.9246940268984195,0.09344668543321857
5939,0.651166457165691,0.9246897534210474,0.09345769582079382
5940,0.6511634438698553,0.9246778130485697,0.09346336998579415
5941,0.651219980581176,0.9246963903773618,0.0934534686962659
5942,0.6512038547672363,0.924684184834076,0.09346095873235578
5943,0.6511822800178643,0.9246643661984573,0.09346526486511919
5944,0.65117869408223,0.9246440863962156,0.09347648050057217
5945,0.6511990532272909,0.9246520184621294,0.09347563520135076
5946,0.6511783428888169,0.9246438980865113,0.09348803021453894
5947,0.6511738771457705,0.9246471339389819,0.09348545151864639
5948,0.6511222510103556,0.9246359698636528,0.09350851289211497
5949,0.6510767910596429,0.9246236605578768,0.0935303562560039
5950,0.6510854164286624,0.9246195830763194,0.09353854786503624
5951,0.6510738036937689,0.9246263122659584,0.09354116808114792
5952,0.65106184825984,0.9246142681309906,0.09355123890032131
5953,0.651073270420391,0.9246160589947094,0.09355847052887772
5954,0.6510876990037152,0.9246279340352489,0.09356161310739398
5955,0.6510802196166497,0.9246248403758204,0.09356671864156206
5956,0.6510893171232722,0.924617761468159,0.09356494223691945
5957,0.6510862261576659,0.9246182879667201,0.09356824165905876
5958,0.6510894404347131,0.9246097563841966,0.09357800843594098
5959,0.6510929867537082,0.9246178882889803,0.09357674915353945
5960,0.6511203873855855,0.9246320307320822,0.09357690511026213
5961,0.651119415224085,0.9246342404888169,0.09358054691689446
5962,0.6511875815242141,0.9246491592290674,0.09357221897157207
5963,0.6511976596098991,0.9246534672939363,0.09357756271581878
5964,0.6511977212342719,0.9246502929303487,0.0935728928991947
5965,0.6511999023213816,0.9246674982884378,0.09358404230352983
5966,0.6511846494332171,0.9246772827069534,0.09358091328563359
5967,0.6511944570632635,0.9246818943731823,0.09358849851291297
5968,0.651206722584581,0.9246811987801927,0.09358816131517499
5969,0.6512126822045489,0.9246690624119004,0.09359285236953219
5970,0.6511970395085184,0.9246562112353425,0.09360443546463906
5971,0.6511774411016974,0.9246564110742124,0.09360882124367229
5972,0.6511824055868096,0.9246662108649488,0.09361014097371144
5973,0.6511854105881635,0.9246604539682731,0.09361672440440784
5974,0.6511964649531125,0.9246601926405201,0.09361826071448535
5975,0.6512182273651086,0.9246610919154348,0.09362392829460697
5976,0.6512698322858801,0.9246727094712763,0.09362139961928419
5977,0.6512651147249418,0.9246666336010199,0.09362884244347768
5978,0.6512317736463615,0.9246599735863742,0.09365015802783484
5979,0.6512753618266167,0.9246713144422422,0.09366091521024508
5980,0.6512423772590286,0.9246459041613209,0.0936698917091065
5981,0.6512448112596976,0.9246423647074902,0.09367580795738652
5982,0.6512550532275379,0.9246472876611895,0.09367289995901544
5983,0.6512523095383802,0.924641634527004,0.09367764896378751
5984,0.651233300462757,0.9246439442031736,0.09369529902546855
5985,0.6512080179656411,0.9246269694283961,0.09371560262285732
5986,0.6512084299274149,0.9246223385468911,0.09371960394631867
5987,0.6512163799066157,0.9246213393525415,0.09373109067705374
5988,0.6512159588671429,0.9246267157867535,0.09373696118753011
5989,0.6512490873283624,0.9246377568843165,0.09373652941361796
5990,0.6512485067263492,0.9246082537496171,0.09376088943010044
5991,0.6512622436263087,0.9246069278955763,0.09376073438644843
5992,0.6512849282569317,0.9246059594456681,0.09376102593663523
5993,0.6513102333736944,0.9246099177925147,0.09376172846543171
5994,0.6513230825430907,0.9246018396905037,0.0937546766980417
5995,0.6512998531727847,0.9245797113787153,0.09376868455042071
5996,0.6513419312181307,0.9245790772746089,0.09378008421802729
5997,0.6513273175196909,0.9245764678401344,0.09378042583444333
5998,0.6512976128988529,0.9245558652212568,0.09379664841741098
5999,0.6513036664396332,0.924557905883563,0.09379881982832775
6000,0.651291750878664,0.9245512650841934,0.09380887390258551
6001,0.6512918984609353,0.9245569835503172,0.093811502923782
6002,0.6513071807232298,0.9245489131344167,0.09381676970525882
6003,0.6513314183725293,0.9245473028942918,0.09382125616036059
6004,0.6513255693997453,0.9245693927755282,0.09382682806655167
6005,0.6513023683254305,0.9245698039824336,0.09384049260294068
6006,0.6513041382982242,0.9245768521456534,0.09384706266439397
6007,0.6513026295422227,0.9245781472552527,0.09385124196486067
6008,0.6513263448823111,0.924568201428419,0.09385363468883974
6009,0.6513066277351922,0.9245621716748248,0.09386016981410208
6010,0.6513117627055505,0.9245568721017167,0.09386843082691912
6011,0.6513020063049754,0.9245497432343378,0.09387046464572064
6012,0.6513097018761462,0.9245519914216245,0.0938716827519726
6013,0.6513087561055275,0.9245553733101923,0.09387867068317321
6014,0.6512832281148114,0.9245669332202061,0.09389715542395963
6015,0.6512823811180471,0.9245615567859943,0.0938918722645578
6016,0.6512850021149958,0.9245586437501596,0.09389799092252513
6017,0.6512835629407978,0.9245701921310079,0.0938968705380446
6018,0.6512747081381083,0.9245786775968691,0.09389732233073195
6019,0.6512685900771719,0.924576502427631,0.09388532771145047
6020,0.651306965744645,0.9245841539505159,0.09389574663679592
6021,0.6512879139400916,0.9245862138280981,0.09390719394408328
6022,0.651283444841698,0.9245892690569747,0.09390860185151685
6023,0.6512742763665891,0.9245774247608769,0.09391672811282702
6024,0.651287298728663,0.9245800034509098,0.0939242124509882
6025,0.6512895404624244,0.9245854759615014,0.09393457472577482
6026,0.651256232690163,0.9245716986086426,0.09394459781455133
6027,0.6512639706313597,0.9245603462236092,0.09395106102810098
6028,0.6512297536739167,0.9245763102748715,0.0939702155207468
6029,0.6512331930182458,0.9245812332285709,0.09397042990955726
6030,0.6512258556827517,0.9246006944600569,0.09398167007578727
6031,0.6512104733924611,0.9246007905364366,0.09398397721166396
6032,0.6512219461828485,0.9245974470784206,0.09398318456369001
6033,0.6512495101738068,0.9245979236172643,0.09398554699813016
6034,0.6512540311225036,0.9246011633127901,0.09399177084132179
6035,0.6512323560414317,0.9246130806269367,0.09401773879660012
6036,0.6512077830149244,0.9246057480776327,0.09402127651258751
6037,0.6512108355205598,0.9245842269685645,0.09402168132452661
6038,0.6512083099179532,0.9245741504778543,0.09402219950308478
6039,0.6511925416215604,0.9245799381189715,0.09402886101562871
6040,0.651202168340242,0.9245870746724608,0.0940289286307066
6041,0.6511898010393582,0.92458826601957,0.094029899689846
6042,0.6512008356284159,0.9245977429936704,0.09403575481841642
6043,0.6511740211291227,0.924594311145385,0.0940500358807283
6044,0.6511722347910978,0.9245927470219224,0.09405016280088689
6045,0.651186301114143,0.9245938691940381,0.09405819062100615
6046,0.6511965576428524,0.924593223560766,0.09405533272615424
6047,0.6512343526953446,0.9245973010423234,0.09405794497380872
6048,0.6512266610069081,0.9246072545552675,0.09406685292728222
6049,0.6512147620363714,0.9245851416156998,0.09408341810796722
6050,0.6512150645423213,0.9245880623376449,0.0940896560982215
6051,0.6512107923893891,0.9245872245516132,0.09409100576750432
6052,0.6512163071686161,0.9245916748095242,0.09409036176228874
6053,0.651239594867959,0.9245990611616007,0.09408333131634151
6054,0.6512576284334375,0.9245918746483941,0.09407792619257932
6055,0.6512991939012216,0.9245936424537818,0.09410142257482743
6056,0.6512893811093136,0.9245917862581247,0.09410692735207658
6057,0.6513057452284289,0.9245984309005495,0.09410691800699916
6058,0.6513085929695872,0.9245968398757005,0.09411427303377835
6059,0.651306843552526,0.9245956715869226,0.09410735059568963
6060,0.6512938991744881,0.9245959559730067,0.09410920953624795
6061,0.6513189672509101,0.9246133688560759,0.09410638134028106
6062,0.6513310368815186,0.9246137839060365,0.09410643224996841
6063,0.6513327872558534,0.9246170505029487,0.09410423209832425
6064,0.6513287779137249,0.9246161396988685,0.09410622018163871
6065,0.6513139962927037,0.9246025583418244,0.0941177136633374
6066,0.6513329906551598,0.9246020779599256,0.09411891443712532
6067,0.651364444394109,0.9246174424945781,0.09411935270333709
6068,0.651372838839235,0.9246177345667727,0.09411884590625784
6069,0.6513928682752317,0.9246216352677913,0.09412164512771722
6070,0.6513914756018351,0.92463148117519,0.09412264195029416
6071,0.6513971631566277,0.9246419227561432,0.09412312165283199
6072,0.6514350870834721,0.9246440787101052,0.09413055871475931
6073,0.6514426603668779,0.9246510615413869,0.09414887034202024
6074,0.6514396205948321,0.9246572757616304,0.09415008436034863
6075,0.651410571442174,0.924658459422629,0.0941659908205046
6076,0.651392867156904,0.924648263797208,0.09416990534974426
6077,0.6514026951305736,0.9246440364364982,0.09417938541412889
6078,0.6513746047328384,0.924626504418718,0.0942018474312515
6079,0.6513556071084393,0.9246257204354591,0.0942065240795412
6080,0.6513721329660127,0.9246310238516223,0.09420870671443618
6081,0.6514229490153689,0.9246463653279438,0.09420668368582841
6082,0.6514095754540792,0.9246433024129568,0.09421204778878531
6083,0.6514051823427627,0.9246445744642249,0.09420067729573396
6084,0.6514147516908795,0.9246487633943828,0.09419914823427077
6085,0.6514069696260564,0.924663455394377,0.09419830142963075
6086,0.6514295947598665,0.9246733589476036,0.09419948976145003
6087,0.6514051929788285,0.9246696811437861,0.09420381621835526
6088,0.6514649843206773,0.9246979275994381,0.09421170417745159
6089,0.6515107289302298,0.9247096604469355,0.0942100689868307
6090,0.6514949037758,0.9247015131699311,0.0942266958652634
6091,0.6514906769174696,0.9247074084165937,0.09423264567729361
6092,0.6514930967765501,0.9247014055643857,0.09423873807951968
6093,0.6514755845311128,0.9246963481037547,0.09424133486736973
6094,0.6514935941829405,0.9247015977171453,0.09424222980750942
6095,0.6515110185207941,0.9246926011249438,0.09424450915157123
6096,0.651573416783343,0.9246940153692539,0.09425848422743856
6097,0.6515793656119452,0.924687812678176,0.09426209567469487
6098,0.6515921705650277,0.9247017399101873,0.0942670295565625
6099,0.6515962100811535,0.9247007945186104,0.0942729047654542
6100,0.6516291243180593,0.9246887580697529,0.09427451945575971
6101,0.6516195263300958,0.9246717679227546,0.09427736312855883
6102,0.6515896737606041,0.9246576984977013,0.09428859823501747
6103,0.6515641409594793,0.9246408582298554,0.09429979506116849
6104,0.6515416776673234,0.9246372688163073,0.09431139172078544
6105,0.6515569068714464,0.924638148875946,0.09430704678878672
6106,0.6515851868351377,0.9246434599782195,0.09430754341091803
6107,0.6516298704355071,0.9246525065301386,0.09431398877489461
6108,0.6515959556111227,0.9246308432280284,0.09432499451503937
6109,0.6515804637631762,0.9246290946379165,0.09432802632089254
6110,0.6515772403151975,0.9246185838819698,0.0943337548689871
6111,0.6515701030662857,0.9246132650935858,0.09433821818310392
6112,0.6515735142334155,0.9246066319803266,0.09434023314912016
6113,0.6515499014646072,0.9245952065772445,0.0943493250382134
6114,0.6515500631007227,0.9246071392636117,0.09435409471711682
6115,0.6515719573072405,0.9246208359123116,0.09436732389971028
6116,0.651570936510976,0.9246281146588429,0.09437238280831962
6117,0.6515818882598438,0.9246304666086196,0.0943775387253596
6118,0.6515474935676794,0.924620985791464,0.09439377515743795
6119,0.651557397757072,0.9246109707896369,0.09440327982777898
6120,0.6515687257391601,0.9246272691867009,0.0944013892813368
6121,0.651567962770776,0.924617680764,0.09440110307950993
6122,0.6515892357625722,0.9246119661409313,0.09440141971405529
6123,0.6515803844291671,0.9246049833096497,0.09440247963603038
6124,0.6515673899839917,0.9246096948953136,0.09441089295491949
6125,0.6515627082795713,0.9246004677198006,0.09442445361088872
6126,0.6515467887627678,0.9245849071893333,0.09446998078874223
6127,0.6515445275138726,0.9245841078338536,0.09447506517863784
6128,0.6515497859017091,0.9245846420185251,0.09447806027582518
6129,0.6515698928945106,0.9245783739955089,0.0945039178127035
6130,0.6515881393212337,0.9245772133928414,0.09449716744489954
6131,0.6516224551893613,0.9245856066253779,0.09449066875971394
6132,0.6516098978875923,0.9245849264046092,0.09449875828414434
6133,0.6516754687479793,0.9246049756235394,0.09450009830934938
6134,0.6516573155061361,0.9246037612180991,0.09450663869208524
6135,0.6516142735075794,0.9246161819724756,0.09451826133976558
6136,0.6516038224270101,0.9246072161247155,0.09451458608320494
6137,0.6515938013559525,0.9245930544663377,0.09451934707222084
6138,0.6516230976883577,0.9246247404563854,0.09451968479533153
6139,0.6516224799142859,0.9246172272834875,0.0945203540654398
6140,0.6516605540525297,0.9246211856303339,0.09452374803760273
6141,0.6516893121225142,0.9246255090674236,0.09452100212875114
6142,0.6517034202514888,0.9246270232311687,0.09451959097969463
6143,0.651708598928702,0.9246346440096119,0.09453028641308843
6144,0.6517085758169449,0.9246392095591786,0.09453011371816188
6145,0.6517292844512662,0.9246464690904339,0.09453279373270711
6146,0.6517340827600833,0.9246512037344289,0.09452727642893503
6147,0.6517248471258626,0.9246421533394547,0.09454190835365911
6148,0.6517083473191361,0.9246443400378582,0.09454514865323287
6149,0.651716650654833,0.9246359314331009,0.09454989150261041
6150,0.6517274693056688,0.9246263007367929,0.09455153272756477
6151,0.6516819073537002,0.9246118815937171,0.09456172592335992
6152,0.6516728562437305,0.9245894458375136,0.09456821805205462
6153,0.6516463977049934,0.9245789427676772,0.09457762925403775
6154,0.6516516825541769,0.9245754840180055,0.09458422166057116
6155,0.6516425793392748,0.9245755109193918,0.09459296007420306
6156,0.6516427228245828,0.9245794154634657,0.09459419242044603
6157,0.6516315818601773,0.9245934618301879,0.0946004675133223
6158,0.6516023221266043,0.9245914980289854,0.09461733254802498
6159,0.651647407922598,0.9245965862340579,0.09461961450638347
6160,0.6516769106001951,0.9245826590020466,0.09462214321906567
6161,0.6516426761189406,0.9246063552803528,0.09463195664670955
6162,0.6516318826175677,0.9245991764532565,0.09464083111408834
6163,0.651649483687407,0.9245965055298989,0.09464401072437235
6164,0.6516665254082156,0.9245994608393406,0.09464611090384199
6165,0.6516655563178309,0.9245964940007334,0.09465127074440081
6166,0.6516887635426012,0.9245916978678553,0.0946477406957403
6167,0.6517131085457003,0.9245926355733218,0.09465437340016306
6168,0.6517360211540144,0.9246122697422914,0.09465662462884247
6169,0.6517929195097169,0.9246178921320355,0.09465287563149043
6170,0.6518078395061827,0.9246068740928036,0.09464458330035266
6171,0.6517771673144783,0.9245973625312065,0.09465343899241571
6172,0.6517604455451884,0.9246252823271673,0.09466547422870399
6173,0.6517676568670056,0.9246153326572785,0.09467490947216557
6174,0.6517836471567378,0.924607385219144,0.09469740514097652
6175,0.651791348755336,0.9245985423491501,0.09470077681480424
6176,0.6517729751928729,0.9245918170025662,0.0947109905612888
6177,0.6517303662482208,0.9245822055215341,0.09472249705165905
6178,0.6517601472548507,0.9245828319395303,0.09473017173926211
6179,0.6517824785123387,0.9246012709183354,0.09473603923528527
6180,0.6517977414365163,0.9245959521299515,0.09473934219011322
6181,0.6517970753231128,0.9245825552395565,0.09474851745778232
6182,0.6517898253970732,0.9245858026211927,0.09475242760326376
6183,0.6517707833088308,0.9245831355408903,0.09476142630114523
6184,0.6517737580380368,0.9245915287734269,0.09477066549869122
6185,0.6517730063745995,0.9245969205798595,0.09479905317929783
6186,0.6517764771621882,0.9245992917449122,0.09481336881153189
6187,0.6517812061959006,0.9245973510020409,0.0948212994366699
6188,0.6517680717335717,0.924580207132835,0.09482582722421928
6189,0.651764127310504,0.9245845382560349,0.09482417534839258
6190,0.6517905562615882,0.9245935425343469,0.0948237800398492
6191,0.651799151674717,0.9245908293373822,0.094833804741491
6192,0.6517853991357287,0.92459159026231,0.09483965198847508
6193,0.6517698643848561,0.9245859870878418,0.09484919578692336
6194,0.6517796687316932,0.9245910714498592,0.09484893679561314
6195,0.6517718734792949,0.9245973510020409,0.09485054254488462
6196,0.6517606556832661,0.9246021356057534,0.09487120377695192
6197,0.6517671033105428,0.9245913135623363,0.09487222364143028
6198,0.6517228345703475,0.9245987268157992,0.09488699085620762
6199,0.6517166896066696,0.9245961481257662,0.09489366171515722
6200,0.6517076969715395,0.9245893651333545,0.09490128306646027
6201,0.6517069467444159,0.9245914173248264,0.09490485240651286
6202,0.6517045055630535,0.9245907178887817,0.09491719533957294
6203,0.6517091818850559,0.9245882237459628,0.09491769288162012
6204,0.6516592050881086,0.9245862330433741,0.09491433466909666
6205,0.6516486767656532,0.9245824399479008,0.09491923544646085
6206,0.6516361896102161,0.9245757338165929,0.0949219291749971
6207,0.6516294423992958,0.9245725248655087,0.09492844492018986
6208,0.651664999730241,0.9245712335989645,0.09494021625181022
6209,0.6516932122984256,0.9245752150041422,0.09493580985142201
6210,0.6516800547783965,0.9245757837763104,0.09493761598294173
6211,0.6516904928873405,0.9245800418814617,0.09493560594382615
6212,0.651671695087294,0.9245728976418621,0.09493875058207644
6213,0.6516992388988677,0.9245893997208512,0.09493739078548415
6214,0.6517260246531484,0.9245916824956345,0.09493150040237142
6215,0.6517146703837612,0.9245788428482422,0.09493842586270239
6216,0.6517149868533326,0.9245736009209621,0.09493929145251472
6217,0.6517570656977311,0.9245957561341367,0.09496356651646236
6218,0.651730033122154,0.9245917977872903,0.09496517654223818
6219,0.6517351688272193,0.9245988190491238,0.09495987645427799
6220,0.6517330845989766,0.9246050870721398,0.09496407846957297
6221,0.6517312163165196,0.9246079539913122,0.09496091196234639
6222,0.6517336407018867,0.9246058210956813,0.09496364816595132
6223,0.6517384169459676,0.9245967591715415,0.09497192122253927
6224,0.6517430259666008,0.9245929353316267,0.09497738538874335
6225,0.6517449180886692,0.9245845036685382,0.09498507471825393
6226,0.6517899547816892,0.9245850455393201,0.09499000425225375
6227,0.6517717130476466,0.924584357632441,0.09499689908752589
6228,0.6517537621414334,0.9245919976261602,0.09501715988419884
6229,0.6517864108327206,0.9245923012275202,0.09501405163443762
6230,0.6517986773583134,0.924614456440695,0.09501663167709423
6231,0.6518140050584038,0.9246221387080212,0.09502477887715655
6232,0.6517994953119196,0.9246159936627713,0.09503506353786748
6233,0.6518047958340855,0.9246152250517331,0.09503601794564792
6234,0.651825272382175,0.9246207167776007,0.09503425724328812
6235,0.6518235953031808,0.9246206975623247,0.09503069085733123
6236,0.6518385663026123,0.9246201518484877,0.09503605309761634
6237,0.651848221941517,0.924636538635821,0.09502742260585095
6238,0.651816971175627,0.9246361850747434,0.09504102829863348
6239,0.6518326503046542,0.9246445283475626,0.09503719862578623
6240,0.6518543684707564,0.924647034019547,0.09503977101564597
6241,0.6518374783611145,0.9246354933248091,0.09504799729292604
6242,0.6518494017821279,0.924621650640012,0.09505611139690918
6243,0.6518415228778299,0.9246137224171536,0.0950488713618808
6244,0.651854853484024,0.9246065282178364,0.09504837892469038
6245,0.6518653891959129,0.9246022201529676,0.09505126182754224
6246,0.6518470779902583,0.9246000987865023,0.09505454901137117
6247,0.6518632217961732,0.9245985461922053,0.09506318169185486
6248,0.6518662164565091,0.9246024238348927,0.09506544181900813
6249,0.6518436118753927,0.9245944225939855,0.09509267713382576
6250,0.6518553739927567,0.9245946224328555,0.09509983492606165
6251,0.6518646505928164,0.9246043568916537,0.0951050486768035
6252,0.6518643318561516,0.9246090953787038,0.09510607320213978
6253,0.6518888778229825,0.9246093144328498,0.09510527397341151
6254,0.6518978863696419,0.9246091837689733,0.09510665082153762
6255,0.6519078919800128,0.924604564416634,0.09510296343050548
6256,0.6519222694390494,0.9245953295550106,0.09510745434451884
6257,0.6519215153695803,0.9245902336638276,0.09511480890713697
6258,0.6518967738126097,0.9245757722471448,0.09513278556777591
6259,0.6518999056962226,0.9245852953379075,0.09513940345250392
6260,0.6519269896340879,0.9246161358558133,0.0951557718353714
6261,0.6519143725422082,0.9246303436308535,0.09516194824425774
6262,0.6518944205155138,0.9246266197103736,0.095171093214523
6263,0.6519132283875283,0.9246381988356634,0.09517568387560828
6264,0.6519437028519097,0.9246462346640673,0.0951746598513714
6265,0.6519227299017581,0.9246771789444632,0.09520402523682087
6266,0.6519112720749102,0.9246805954205278,0.09520553080407997
6267,0.6519156820766422,0.9246916903208635,0.0952069532337823
6268,0.6519908740223812,0.9247163319907467,0.09519702363109084
6269,0.6519808435957677,0.9247197023501489,0.0951969732866313
6270,0.6519981019162748,0.9247145795575796,0.09521053407448948
6271,0.651996183952082,0.9247096335455491,0.09521062834394467
6272,0.6519818703524288,0.9247061478944911,0.09522185054830626
6273,0.6519638371306857,0.9247054945751088,0.09522859180781988
6274,0.6519711699546472,0.924703646065562,0.0952374463683212
6275,0.6519911613871577,0.9247180229350306,0.09523951690802773
6276,0.6520312802810629,0.9247295713158787,0.09523894057360355
6277,0.6520218846360304,0.9247145795575796,0.09525235295656775
6278,0.6520157908258424,0.9247104021565873,0.09526008495206477
6279,0.6520076227418821,0.9247069126624741,0.09526387497832596
6280,0.6520425973479391,0.9247367001832576,0.09525136781109113
6281,0.652059859583149,0.924740516337062,0.09525631781806816
6282,0.6520684840302089,0.9247351322167398,0.09526024014192556
6283,0.6520966192963782,0.9247368193179686,0.0952575825373166
6284,0.6520977694929199,0.9247319693823178,0.09525872803819962
6285,0.6520960956298136,0.9247430181659912,0.09526497605541712
6286,0.6520805486788218,0.9247447513838822,0.09527216369884983
6287,0.6520634180998985,0.9247534597469445,0.0952793638271753
6288,0.6520406960772189,0.9247276920618905,0.0952870279670497
6289,0.6520487478906252,0.9247278919007604,0.09528873963511861
6290,0.6520318860771025,0.9247313583365425,0.09529007876773221
6291,0.6520522255601092,0.9247311584976725,0.09529524089235773
6292,0.6520528846445343,0.9247309970893546,0.09530160760887595
6293,0.6520481571829505,0.9247367155554784,0.0953067185236491
6294,0.6520704851051786,0.9247383488539345,0.09530857760954115
6295,0.6520491523806385,0.9247367808874166,0.09531293138105071
6296,0.6520363427650533,0.9247433909423447,0.09532119873365327
6297,0.652055399051462,0.9247491055654133,0.09532127596622025
6298,0.6520723761899098,0.9247353128403337,0.09532305367975842
6299,0.6521089019610604,0.9247505467111099,0.09532854997214985
6300,0.6521358352802638,0.9247507542360902,0.09532902170830397
6301,0.6521350543399246,0.9247473339169704,0.09533068237321576
6302,0.6521017649513663,0.9247550930454006,0.09534660070944524
6303,0.6521044245266969,0.9247514882596316,0.09535052042545264
6304,0.6520997268098195,0.924745493093534,0.09535522419959713
6305,0.6521007478254615,0.9247436138395458,0.0953593859128102
6306,0.6521174528667212,0.9247358854555572,0.09535760494189043
6307,0.6520858742691726,0.9247137110271065,0.09537026262202997
6308,0.6520521956886254,0.9247185571197021,0.09538266714106647
6309,0.6520752229327724,0.9247407622925943,0.09539217061735439
6310,0.6520752229327724,0.9247407622925943,0.09538529170109253
6311,0.6520969327336916,0.9247444055089151,0.09538828204653178
6312,0.652102511416541,0.9247457774796182,0.09539633372537783
6313,0.6521042950996659,0.9247451472185669,0.09539584894392694
6314,0.6521034463257207,0.9247417960744405,0.09539142551301286
6315,0.6521153675934176,0.9247421842230148,0.09539118990356696
6316,0.6521138281217472,0.9247360314916544,0.09538669156164158
6317,0.6521264112054457,0.9247481294293949,0.09538801963915204
6318,0.6521010454372936,0.9246824439300746,0.09546757478482074
6319,0.6521059289333846,0.924684426946553,0.09546327111849004
6320,0.6521036581722104,0.9246909985709292,0.09546112024419406
6321,0.6521136187136389,0.9247127694785848,0.09545372525906345
6322,0.6521044112485793,0.9246982811605157,0.09546586236803385
6323,0.652098310751652,0.9247052101890246,0.09547041651108905
6324,0.6520831328741823,0.9247192488696364,0.09548726531571759
6325,0.6520570597408173,0.9247208360514302,0.09549263125510667
6326,0.652070948727539,0.9247133036632563,0.09548195135532268
6327,0.6520573830654195,0.9247053408529011,0.09548554288585735
6328,0.6520414386336181,0.9246979890883211,0.09549909756327217
6329,0.6519977149125202,0.9246881009073153,0.0955154655060295
6330,0.6520465262236254,0.9247042263668958,0.09552366970769922
6331,0.6520857355238182,0.9247065514152861,0.09552915299929472
6332,0.652052808682421,0.9246914597375521,0.0955367879367305
6333,0.6520451357640362,0.9247002526478285,0.09554281050801566
6334,0.6520625960386931,0.9246880394184323,0.09554523828603019
6335,0.6520684520103106,0.9246880009878804,0.09555486331065134
6336,0.6520705790969333,0.92469252426384,0.09556416325323684
6337,0.6521018254245939,0.9247087304275793,0.09556378447217585
6338,0.652066328604828,0.9246939807817572,0.09558427873787946
6339,0.6520667956753715,0.924688596661435,0.09559210942657312
6340,0.6520857099841194,0.9246919670208372,0.09559633914976139
6341,0.6520861822057685,0.9247067666263769,0.09560097370452897
6342,0.652086563470815,0.9247005600922438,0.09560356691597464
6343,0.6520994627288434,0.9247043070710548,0.09560477759502212
6344,0.6520825916803019,0.9246936464359556,0.09560800990021137
6345,0.6520728118154253,0.9246865944296806,0.09561037885923335
6346,0.6520582539589648,0.9246702268576231,0.09562831196361801
6347,0.6520318460876313,0.9246650502622812,0.0956397772161363
6348,0.6520329842570624,0.9246735933739703,0.0956468915698135
6349,0.6520316498780777,0.9246582787990351,0.09565153153517106
6350,0.6520218404372374,0.9246498279206706,0.0956627918413115
6351,0.6520561570603465,0.9246342097443754,0.0956685545792766
6352,0.6520606261609584,0.9246331029444805,0.09567469299975638
6353,0.652043720552176,0.9246254475785405,0.09569216373729526
6354,0.6520247615966429,0.9246172003821012,0.0956941623374416
6355,0.6520201500251408,0.9246253860896575,0.09569193533535926
6356,0.6520105434124628,0.9246267157867535,0.09569221683142397
6357,0.6520422029130176,0.9246388214106043,0.09568732467994465
6358,0.6520699036933919,0.9246424377255388,0.0956820829062749
6359,0.652101432255403,0.9246439211448425,0.09568173984536738
6360,0.6521071370486766,0.9246320960640205,0.09568199068458785
6361,0.6520963051345693,0.9246369498427264,0.0956899003600194
6362,0.6520878062205301,0.9246263891270622,0.09569315302475051
6363,0.6520829368444564,0.9246257012201831,0.09570100804794034
6364,0.6520996349051194,0.9246293598087247,0.09570756801018972
6365,0.6520815494217175,0.9246395054744283,0.09571528514730196
6366,0.6520862992126215,0.9246167007849263,0.09574294242523321
6367,0.652071126985225,0.9246208474414772,0.09574237088827607
6368,0.6520748468931108,0.9246258241979491,0.09574165285074143
6369,0.6520604444398718,0.9246035498500635,0.09574990213240464
6370,0.652060374533328,0.9245943034592746,0.09575313095586648
6371,0.6520598802104371,0.9246007328906087,0.0957571281340013
6372,0.652060363664696,0.9245927354927568,0.09576120041469947
6373,0.6520367195219356,0.9245867633849904,0.09577510638760071
6374,0.6520354018495432,0.9245861677114358,0.09577183199702372
6375,0.6520194238587557,0.9245763756068097,0.09577189339695093
6376,0.6520152563359723,0.9245744156486625,0.09577516395258849
6377,0.652026022792255,0.9245717793128017,0.09577408010373069
6378,0.6520330562336429,0.9245658571647527,0.09578202723301096
6379,0.6520312332071095,0.9245786506954827,0.0957912219818909
6380,0.6520233391475221,0.9245834775728022,0.09579173394002613
6381,0.6520309410162801,0.9245868287169287,0.09579242729649418
6382,0.652042564398408,0.9245931736010485,0.09579204313432685
6383,0.6520709561703958,0.9245963518076913,0.09579608524199612
6384,0.652072931876124,0.9245957023313641,0.09579853252763043
6385,0.6520517577784107,0.9245930467802272,0.09580803433633699
6386,0.652055356465417,0.9245990919060423,0.09581986697272496
6387,0.6520880060599666,0.9246047565693934,0.09582637998577383
6388,0.6520772983804268,0.9245947953703391,0.09583680823808045
6389,0.6520662864022456,0.9245877395210088,0.09584338142596294
6390,0.6520419627296691,0.9245891191778223,0.09585282468596117
6391,0.652062713192683,0.9245863022183675,0.09585724590513774
6392,0.6520710396490136,0.9245897955555359,0.09585594228583214
6393,0.6520709762585888,0.9245973894325928,0.0958551367315002
6394,0.6520879470151164,0.9246022163099124,0.09585751851418153
6395,0.652098378090861,0.9245970973603983,0.09585925028733608
6396,0.6520950280506237,0.9245820325840506,0.09586788564661575
6397,0.6521117099657227,0.9245848187990638,0.0958722657114709
6398,0.652106733989448,0.9245745693708701,0.09587812671834668
6399,0.6520885112584357,0.9245600080347524,0.09588609933506766
6400,0.6520871368891408,0.9245648003245752,0.09589502648364479
6401,0.6520878056031086,0.924557825179404,0.09589675737024445
6402,0.65212185427165,0.9245953218689001,0.09592063426427132
6403,0.6521054064735606,0.9245923896177897,0.09593407741043371
6404,0.6521071029625736,0.9245878086960022,0.0959370002380341
6405,0.6521286671250193,0.9245907640054439,0.09592964105217897
6406,0.6521426205801676,0.9245941382079015,0.09593368467100989
6407,0.6521211631712504,0.9246020971752015,0.09593987523139685
6408,0.6521496364468625,0.924602227839078,0.09594756204112027
6409,0.6521433054724541,0.924621831263606,0.09594819540162854
6410,0.652111086540497,0.9246296326656432,0.09595548504867682
6411,0.6520456673691307,0.9246120545312008,0.09597598489796495
6412,0.6520612254516078,0.9246331029444805,0.09598149978550723
6413,0.6520603801288166,0.9246353242303808,0.09597827616766277
6414,0.65206318179781,0.9246346055790601,0.09599399336704179
6415,0.6521006743125252,0.9246304012766814,0.09599409361670876
6416,0.6521020819206119,0.9246391480702956,0.09599749829380304
6417,0.6520941309020084,0.9246360236664255,0.09599728590655
6418,0.6520852701529247,0.9246378913912482,0.09600059362472735
6419,0.6520837123052047,0.9246405507854402,0.09600508315809853
6420,0.6521103661736494,0.9246502660289624,0.09601164699735963
6421,0.6521205266828559,0.9246584209920772,0.09600743645798222
6422,0.6521251516303617,0.9246697080451725,0.09600973435721875
6423,0.6521054930875966,0.9246427182685677,0.09602212992306745
6424,0.6521170798902091,0.9246462884668399,0.0960213916976628
6425,0.652144174278788,0.9246491592290674,0.09603021440514346
6426,0.6521407059194034,0.9246453315460974,0.0960350616507632
6427,0.6521396566206064,0.9246395784924769,0.09604165457621733
6428,0.652141109215398,0.9246353549748223,0.09604557763849517
6429,0.6521642457195144,0.924628840996274,0.09604626278887607
6430,0.6521948986027633,0.9246375109287843,0.09604333080455339
6431,0.6521889430055037,0.9246251862507875,0.09605345695688018
6432,0.652215985226123,0.9246252861702224,0.09605520854587225
6433,0.6522419202594755,0.9246198290318516,0.0960592891724244
6434,0.6522352079414784,0.9246216852275088,0.09605182485080893
6435,0.6522187523242622,0.9246157208058527,0.09606177550753911
6436,0.6522304060864779,0.9246168621932443,0.0960724188628144
6437,0.6522831586602735,0.9246362004469643,0.09606716596761124
6438,0.6523051456514055,0.9246410234812287,0.09606458819865714
6439,0.6523142244420221,0.9246519685024119,0.09606363082280758
6440,0.6523433171902911,0.9246657074247189,0.0960624231473603
6441,0.6523478431388698,0.9246661801205073,0.09606399965217789
6442,0.652344039077462,0.9246624831014137,0.09607348440992097
6443,0.6523393967634217,0.9246537977966827,0.0960810465806928
6444,0.6523382857774118,0.924656584011696,0.09607612604987635
6445,0.6523502763668128,0.9246478487472474,0.09608505989864466
6446,0.6523468170753118,0.924646530579317,0.096086210660656
6447,0.6523460752464322,0.924633152904198,0.0960885722929531
6448,0.6523636667014457,0.9246375224579498,0.0960861478126333
6449,0.6523810666914795,0.9246394247702693,0.0960824495639153
6450,0.6523860156444988,0.9246297748586852,0.09608543103568806
6451,0.6523936001151736,0.9246187107027911,0.09609150201720955
6452,0.6523971644933918,0.9246288794268258,0.09608779449245797
6453,0.6523858241741273,0.9246301899086459,0.09610206261698792
6454,0.6523576827756289,0.9246309469905185,0.09611247493770377
6455,0.6523855265691458,0.9246236951453736,0.09611106665308379
6456,0.6524016994195795,0.9246074928246893,0.0961188861190871
6457,0.6524027467420512,0.9245977276214496,0.09612477308874183
6458,0.6523856662035097,0.9245946070606347,0.0961323844971607
6459,0.652355113567898,0.9245848956601677,0.09614309256066877
6460,0.6523606378636402,0.9245691583491615,0.09614982745485735
6461,0.6523266380052127,0.9245562764281621,0.09616750291772128
6462,0.652338444190993,0.9245637050538459,0.09617501987322269
6463,0.6523363334474152,0.9245596429445092,0.0961802652143169
6464,0.6523233122516722,0.9245668909465989,0.09617824560344163
6465,0.6523254576595203,0.9245734548848648,0.09617242089725163
6466,0.6523364653987928,0.9245885273473229,0.09616978046268479
6467,0.6523337596799424,0.9246091530245317,0.09617435438120776
6468,0.6523910451697679,0.9246431486907492,0.09617278693200793
6469,0.6523909629469619,0.924643490722661,0.0961694249939664
6470,0.6524545011366718,0.9246604040085556,0.09617760979640562
6471,0.6524510313294901,0.9246854722575649,0.09618754887593077
6472,0.6524366950444298,0.9246780359457708,0.09619427230162805
6473,0.6524469531178891,0.9246838850757712,0.09620289836256347
6474,0.6524174302351915,0.9246604962418802,0.09622019392421371
6475,0.6524030806229929,0.9246488940582593,0.0962328511309714
6476,0.6523945635840008,0.9246425376449737,0.0962369421762041
6477,0.6524531217436943,0.9246505965317088,0.0962322412590152
6478,0.6524410030341136,0.9246373572065767,0.09624426304184391
6479,0.6524581867882487,0.9246241063522789,0.09625205725198838
6480,0.6524833371219472,0.9246273498908599,0.09628733572020287
6481,0.6524852800451095,0.9246239641592369,0.09629115472734702
6482,0.6524678381249348,0.9246223616052224,0.09628747996608038
6483,0.6524629320111528,0.9246195792332642,0.09629666953978329
6484,0.6524541689012666,0.9246207821095389,0.09631593653236044
6485,0.6525402751483554,0.9245830394645105,0.09639475804433847
6486,0.6525216343706629,0.9245710299170394,0.0964077096651039
6487,0.6525259227583718,0.9245803224244906,0.09641027045056692
6488,0.6524979314751318,0.9245759874582355,0.0964208801961752
6489,0.6524920452214207,0.9245729975612971,0.09642672025394833
6490,0.6524740741693432,0.9245793309162514,0.09641762177711662
6491,0.6524468750132694,0.9245736700959555,0.09641933400126836
6492,0.652458999619339,0.924567836338176,0.09642236643278812
6493,0.6524782981350381,0.9245728284668687,0.09642388552960005
6494,0.6524999210980031,0.9245747730527952,0.09641833379628001
6495,0.6525126371717427,0.9245813139327299,0.0964295236365068
6496,0.6525125670337436,0.9245710260739842,0.09643974377566344
6497,0.652527424418789,0.9245754302152328,0.09644464487494421
6498,0.6525216913703196,0.9245786622246482,0.09645309207711927
6499,0.6525276812728557,0.9245822785395827,0.09645866688210336
6500,0.6525318650091912,0.9245936731982234,0.09645924309707601
6501,0.6525410805431594,0.9246009750030858,0.09646401805538564
6502,0.6525576267911221,0.9245942112259501,0.09646361923017167
6503,0.6525429034189395,0.9245904642471391,0.09647484587971904
6504,0.6525071595999775,0.9245958406813509,0.09648842044567317
6505,0.6525479523874304,0.9245996991087625,0.09650340305254393
6506,0.652587656082311,0.924613126743599,0.09649844819791703
6507,0.6525873771677738,0.9246132650935858,0.09649465391618488
6508,0.6526063021246158,0.9246237950648085,0.09648682727797174
6509,0.652606118638734,0.9246258280410043,0.09648849918011175
6510,0.6526401801511762,0.9246101637480468,0.09648808379560896
6511,0.652642686109165,0.9246154556350445,0.09650069957370165
6512,0.6526501051958172,0.9246097102675344,0.09650384092779633
6513,0.6526628204718984,0.9246154018322719,0.09651149349969682
6514,0.6526744972356501,0.9246125771867066,0.09651252402877707
6515,0.6526809400911104,0.9246046528069033,0.0965342494887926
6516,0.6527022482287106,0.9246243638369767,0.09652724388187933
6517,0.6527418173768209,0.9246285373949139,0.0965293860879889
6518,0.652757509035446,0.924636215819185,0.09653302724010418
6519,0.6527429944583477,0.9246368576094018,0.09655252044778151
6520,0.6527764137873757,0.9246434292337781,0.09655329535303098
6521,0.6527893564939968,0.9246516341566103,0.09655476476612931
6522,0.6528134575589901,0.9246738201142265,0.09655608137266385
6523,0.6528055474522344,0.9246758915209743,0.09655575698767352
6524,0.6527758108940631,0.9246970974995169,0.09656635943840886
6525,0.6527849952668734,0.9246946994330779,0.0965679566163892
6526,0.6528010830111418,0.9246984348827233,0.09656911614151417
6527,0.6528380989452596,0.9247016861074147,0.09657172441407133
6528,0.652823100071358,0.9247032502308773,0.09656929187486163
6529,0.6528332998058786,0.9247157593755232,0.09657614558699837
6530,0.6528417693828874,0.9247132882910356,0.09657593425792599
6531,0.6528550530969401,0.9247041264474608,0.09654686287433245
6532,0.652854976686559,0.9247012902727301,0.09655900658048062
6533,0.6528544941672856,0.9247047836098984,0.09656861027909926
6534,0.652864541540523,0.9247227691081912,0.09656903833847608
6535,0.652890110755688,0.9247447898144342,0.09656549286223241
6536,0.6528909246166636,0.9247417538008335,0.09657374138889172
6537,0.6529167680961926,0.9247576986368199,0.09657756791116108
6538,0.6528931887742782,0.9247391712677453,0.09660394411526445
6539,0.6528880569327483,0.9247530024233768,0.09660862152485686
6540,0.6528819420027399,0.9247643970820174,0.09661474218735547
6541,0.6529175934043727,0.924782098194226,0.0966095333251498
6542,0.652929325207414,0.9247877551714668,0.09661473790336506
6543,0.6529307585602282,0.9247647852305917,0.09662630919950918
6544,0.6529077849985592,0.9247492516015107,0.09664295904802243
6545,0.6529087712358904,0.9247499894681073,0.09663544642296064
6546,0.6528895331872842,0.9247326227017002,0.09664628280331257
6547,0.6529210929794893,0.9247402473231987,0.09667233625975809
6548,0.6529204180474072,0.9247418421911029,0.0966856134105897
6549,0.6529204180474072,0.9247418421911029,0.09667861986529751
6550,0.6529214000882781,0.9247517764887709,0.0966794032355577
6551,0.6529410417406895,0.9247544397260181,0.09668586716344307
6552,0.6529467543053289,0.9247542398871482,0.09669083375447114
6553,0.6529681195837548,0.9247501624055908,0.09668553678308785
6554,0.6529639967409766,0.9247504198902886,0.0966869480316827
6555,0.6529624911493336,0.9247621373655652,0.09668387966099193
6556,0.6529644940207985,0.9247643663375759,0.09666538238180318
6557,0.6529607527295385,0.9247527295664583,0.09667679921330044
6558,0.6530059822335859,0.9247755457851258,0.09667589522394203
6559,0.6530163408308725,0.9247723329909863,0.09667480351526953
6560,0.6530205094584335,0.924785038131447,0.09667806883121555
6561,0.653047016187426,0.9248085922167111,0.09671754647139652
6562,0.6530719346631984,0.9248195602962255,0.09671960579279514
6563,0.6530513701088267,0.9248081464223089,0.09672973168712512
6564,0.6530554804469061,0.9248075007890368,0.09673759715719336
6565,0.6530515050892136,0.9248119049302855,0.09673730560019124
6566,0.6530758820354022,0.9248246446582429,0.09673550082722418
6567,0.6530701234187467,0.9248280265468107,0.09673711714124825
6568,0.6530715054248379,0.9248245985415805,0.09675306351469486
6569,0.6530710117556562,0.9248225617223295,0.09675265965615655
6570,0.6530839839219393,0.9248077774890107,0.09675885214444209
6571,0.6530503857492663,0.9248026354811654,0.09676755051004576
6572,0.6530659070201563,0.9248120202219412,0.09676900130366263
6573,0.6530479299642815,0.9247884277061251,0.09677599819333076
6574,0.653051256291263,0.9247899303407048,0.09678458208223673
6575,0.6530536121567164,0.9247845308481617,0.09678703584515765
6576,0.6530796098134078,0.9247963443998182,0.09678546315005708
6577,0.653092855221303,0.9247981391065923,0.09678326179616938
6578,0.6531188734074871,0.9248084000639515,0.09675828268192756
6579,0.653090713306005,0.924814675773078,0.0967712720547835
6580,0.6530783180209296,0.9248228038348064,0.09677211058095199
6581,0.6530968711443137,0.9248246331290773,0.09677593261161076
6582,0.6530938545282858,0.9248278190218304,0.09677714466771706
6583,0.6531095779451124,0.9248311317354048,0.09677809408662609
6584,0.6531095670833563,0.9248332646310357,0.09677411739551066
6585,0.6531286802732876,0.9248467998714175,0.09677878570264414
6586,0.6531179413005167,0.9248431681842623,0.09678357538226837
6587,0.6531020139309013,0.9248306129229541,0.09679143816051068
6588,0.6530952181138582,0.9248238760472047,0.09679742399518926
6589,0.6531084236119509,0.9248235724458446,0.09680290949540715
6590,0.6531034028540041,0.9248281379954112,0.09680952807137175
6591,0.6531333163087468,0.9247508157249733,0.09688156629541028
6592,0.6531239790758187,0.9247389099399923,0.0968881406586463
6593,0.653112123287587,0.9247370614304455,0.0969010426467131
6594,0.6531330689535768,0.9247443248047561,0.09690275753899182
6595,0.6531513655242243,0.9247397054524168,0.0969031906540968
6596,0.6531304617728014,0.9247495667320362,0.09690906459668952
6597,0.6531530386564378,0.9247573604479631,0.0969057757045448
6598,0.6531424367356122,0.9247565188188763,0.09690539106679039
6599,0.6531451823454136,0.9247572951160249,0.09690714837147939
6600,0.6531200272497821,0.9247505005944476,0.09691150846364997
6601,0.6531410663281724,0.9247571606090932,0.09691130810973574
6602,0.6531504632453108,0.9247598891782787,0.0969150771530841
6603,0.6531421883267328,0.9247617107864391,0.0969296792900656
6604,0.653165754532206,0.924749159368186,0.09694018442057784
6605,0.6531459669904282,0.9247458082240597,0.09694046211880093
6606,0.6531907239825129,0.9247554120189814,0.09693634117596502
6607,0.6532005095939004,0.924756411213331,0.09693282152309159
6608,0.6531413121607011,0.924751273048541,0.09700405172872065
6609,0.653140181174715,0.9247554004898159,0.09700619803955855
6610,0.6531351420909849,0.924749159368186,0.09701430203738354
6611,0.6531238985075235,0.9247535980969314,0.09701764668046486
6612,0.6531231616620612,0.9247526296470233,0.0970269667843053
6613,0.6531277717493564,0.924755865499494,0.09702984117385346
6614,0.6531301644607044,0.9247503968319575,0.09702941206849129
6615,0.6531286401144217,0.9247425685285339,0.09702918522755397
6616,0.6531382560625657,0.9247558116967213,0.09703270838499721
6617,0.6531211292457998,0.9247413118494865,0.09704370111863941
6618,0.6531084413318634,0.9247369807262865,0.097051384120103
6619,0.6531148712049258,0.9247260510773241,0.09705423013589284
6620,0.6531303080625713,0.9247331184558198,0.09706426941485827
6621,0.6531249562937808,0.9247341176501694,0.09707421360214641
6622,0.6531108968774247,0.9247351860195124,0.09707905192516895
6623,0.6531170796822553,0.9247427030354656,0.09707657678267817
6624,0.6531391806121706,0.9247513114790928,0.09707370666041795
6625,0.6531244730610408,0.9247429374618322,0.09709738355809683
6626,0.6531068961109647,0.9247237183428233,0.09711430896488447
6627,0.653119532047267,0.9247200751265024,0.09711543253184178
6628,0.6531169654821884,0.9247102522774349,0.09711699797929264
6629,0.6531121493306133,0.9247133267215875,0.09712576316017497
6630,0.6530717333165887,0.9247239604553003,0.09713814939558907
6631,0.6530706749406205,0.9247281224840719,0.09714025963032312
6632,0.6530912935066042,0.9247383680692104,0.09713615769166514
6633,0.6530966014341568,0.9247039381377564,0.09716786708921858
6634,0.6530942135596345,0.9247081309109696,0.09717309357689427
6635,0.653101988111563,0.9247151329575272,0.09716887690932045
6636,0.6531272294844297,0.9247217430124552,0.09717099205139859
6637,0.6531605757759249,0.9247197061932041,0.0971865100840624
6638,0.6531410679329174,0.924711785656456,0.09719363392040306
6639,0.6531320932625332,0.9247133036632563,0.09720221704548643
6640,0.6531638214244793,0.92470260075455,0.0972499484275839
6641,0.6531537021708503,0.924710536663519,0.09725897615722034
6642,0.6531774353128883,0.9247178230961607,0.0972584940725013
6643,0.6531957262448701,0.9247128655549646,0.09726183173691269
6644,0.6531852710460121,0.9247191220488151,0.0972718746400786
6645,0.6532022556506701,0.9247223924887824,0.09727384201059976
6646,0.653223469734743,0.9247226768748665,0.09727431397908791
6647,0.6532302419991332,0.9247270195272321,0.09727280410747931
6648,0.6532125320698521,0.9247053216376251,0.0972874892113282
6649,0.653251496562086,0.924707212420779,0.09729321899442622
6650,0.6532643192843136,0.924712854025799,0.09729944925232713
6651,0.6532900027884078,0.9247263623647946,0.09729845293323876
6652,0.6532713826100511,0.9247194602376719,0.09730187220071078
6653,0.6532914451677121,0.9247094721372311,0.09730574036254908
6654,0.6533020929922219,0.9247120585133745,0.09730972318714337
6655,0.6533148170534657,0.9247151637019686,0.09730891773560094
6656,0.6533175950560326,0.9247215354874749,0.09730896535288644
6657,0.6533031964905601,0.9247185302183157,0.09731277426711234
6658,0.6533315597633375,0.9247223540582306,0.09731778437897058
6659,0.653328159907016,0.9247279802910298,0.09732250412543472
6660,0.6533264188927368,0.9247398668607348,0.09732593843904816
6661,0.6533263314748408,0.924729071718704,0.09733300818389655
6662,0.6532932358077517,0.924717427261476,0.09733972486719862
6663,0.653313308975904,0.924713518874347,0.09733713378555466
6664,0.6533336964370033,0.924732960890557,0.09733730517848144
6665,0.6533609112448628,0.9247353589569961,0.09734278055447246
6666,0.653366880832249,0.9247268312175277,0.09734674747760774
6667,0.6533795308025141,0.92472707717306,0.09734951244351563
6668,0.6533664825874583,0.9247252824662859,0.0973537178291689
6669,0.6533702902174648,0.9247243908774816,0.09735722985311557
6670,0.6533765095608414,0.9247198599154117,0.0973615373932367
6671,0.6533773051037316,0.9247268427466934,0.09736131518287774
6672,0.6533963966767854,0.9247450511421871,0.09735646397196807
6673,0.653397208729898,0.9247466844406432,0.0973519215741771
6674,0.6533953485538587,0.924743417843731,0.09735161869343958
6675,0.6533980414420186,0.9247399898385009,0.09735149180830269
6676,0.6533816559391717,0.9247220235554842,0.0973710188412057
6677,0.6533747186810814,0.9247165356726718,0.09737310709505481
6678,0.6533592335937008,0.9246998875575854,0.0973881670091547
6679,0.6533533514297509,0.9247004678589192,0.09738479168258721
6680,0.6533431141867746,0.9246999336742476,0.09738834313936116
6681,0.6533439941873935,0.9246923167388597,0.09738849574513014
6682,0.6533303851543985,0.9246801803705672,0.09739917266553641
6683,0.6533349628126038,0.9246783049596341,0.0974024747493735
6684,0.6533368676733885,0.9246757416418219,0.09740723521442841
6685,0.6533729559889043,0.9246679018092328,0.09740475061870822
6686,0.6533806520611397,0.924666053299686,0.0974129043471208
6687,0.6533865175739985,0.9246660417705205,0.09741641872641742
6688,0.6533842896104896,0.924662971169423,0.09741597827189429
6689,0.6534069676549783,0.9246813179149037,0.09741595405655024
6690,0.6534280432184427,0.9246873784129395,0.09741922409072773
6691,0.6534420902782991,0.9246937578845561,0.09742303427976266
6692,0.6534441848637723,0.9246993572159691,0.09742088402937865
6693,0.6534278031919771,0.9246824516161849,0.09742872124078471
6694,0.6534171957304978,0.9246751421252122,0.09743500985800067
6695,0.6534344180031708,0.924682955056415,0.09743635230166328
6696,0.6534590153187345,0.9246990613007194,0.09743687035854252
6697,0.6534845844790679,0.9247265199300573,0.09743572993359911
6698,0.6534881094689882,0.9247291562659182,0.09744091974084343
6699,0.6534977174225354,0.9247261817412006,0.09744190281121362
6700,0.6534829414482506,0.9247146295172971,0.09745324676812332
6701,0.6534881168761129,0.9247242217830532,0.09745654879637951
6702,0.6535005465585765,0.9247258589245645,0.0974603087269014
6703,0.6535185862294856,0.924724802084387,0.09746514142618613
6704,0.6535217812443826,0.9247219851249322,0.0974741792005365
6705,0.6535309020234173,0.9247268273744725,0.09747899949122418
6706,0.6535551190252997,0.9247207361319952,0.09748770847317777
6707,0.6535722799178162,0.9247169468795772,0.09748567430888197
6708,0.6535735008063298,0.9247171275031711,0.09748908682524852
6709,0.65360022664308,0.9247265045578366,0.09748648666777904
6710,0.653595791301456,0.9247337371877056,0.09748304321510673
6711,0.6535967263604366,0.9247267927869759,0.09748795602795161
6712,0.6536129148996184,0.9247324267058855,0.09748656633875602
6713,0.6536369593725478,0.9247311123810102,0.09748527568105325
6714,0.653643595448384,0.9247277804521599,0.09749768434858519
6715,0.6536673550381146,0.9247408660550844,0.09749758415121827
6716,0.6536673550381146,0.9247408660550844,0.09749175479412255
6717,0.6536891928768335,0.924736104509703,0.09750605709787631
6718,0.6537116025912648,0.9247477220655447,0.09751157671869425
6719,0.6537109893409105,0.9247514267707486,0.097513738323832
6720,0.6537264825645925,0.9247608730004074,0.09751139698987317
6721,0.6536959151550528,0.9247469918850585,0.09752269497512164
6722,0.6536726353039904,0.9247325881142036,0.09753719393042437
6723,0.6536771190822532,0.9247290909339799,0.09753780964362463
6724,0.6536632064989384,0.9247106634843403,0.09754818187174552
6725,0.6536723251871158,0.9247098795010813,0.09754756702556591
6726,0.6536906686825222,0.9247072700666068,0.09755619511103227
6727,0.653679388723946,0.9246970014231372,0.09756591293342108
6728,0.6536750197867778,0.924707858054051,0.09757888193412488
6729,0.6536514811829894,0.9247136994979409,0.09758078998616064
6730,0.6536389144677914,0.9247146641047939,0.09758364966211018
6731,0.6536654296801891,0.9247200097945641,0.09759124649228053
6732,0.6536353754162819,0.9247068857610877,0.09759680501967886
6733,0.6536120452865368,0.9246968515439847,0.09760624623958321
6734,0.6536269787235787,0.9246972627508901,0.09761343455662654
6735,0.6536321646214497,0.9246949108011133,0.09762185058240969
6736,0.6536287620589584,0.9246813563454556,0.09763684222717525
6737,0.6536386635396384,0.9246863945908107,0.09764075675921674
6738,0.6536479810134178,0.924696594059287,0.09767841664891287
6739,0.6536540339034931,0.9246999567325789,0.09768547894855614
6740,0.6536319764290601,0.9246991035743265,0.0976946411579186
6741,0.6536377352372807,0.9246999259881373,0.0976968719076608
6742,0.6536749284049623,0.9247152866797348,0.09769429248788522
6743,0.6536756253615275,0.9247151252714167,0.09770448692575832
6744,0.6536565725321578,0.9247118586745046,0.09771595072631091
6745,0.653646686327373,0.9247029773739588,0.09771906160428341
6746,0.6536813114539738,0.9247123390564035,0.09772089862079483
6747,0.6536546211203417,0.9247171121309503,0.09775535064164802
6748,0.653631764517784,0.9247016822643594,0.0977738957583081
6749,0.6536671012813342,0.9247075429235254,0.09777810756077616
6750,0.6536759392242485,0.9247031118808904,0.09777992140614121
6751,0.6536717077712382,0.9247037536711072,0.09778811160730715
6752,0.6536582457211317,0.924699115103492,0.09778859864855284
6753,0.6536328311707971,0.924700948240818,0.0978020153436578
6754,0.6536239663397041,0.9246675520912104,0.09785063923565644
6755,0.6536362826414133,0.924670907078392,0.09785035479695216
6756,0.6536219227109478,0.9246679594550606,0.09785257110650221
6757,0.6536335190190017,0.9246950529941554,0.09784737504001745
6758,0.6536064337439431,0.9246914827958832,0.09785007166567858
6759,0.6536385158648755,0.9246875282920919,0.09786051840761668
6760,0.6535890585641744,0.9246974741189256,0.09787746280374766
6761,0.653585004099051,0.9246951490705352,0.09788665355134218
6762,0.6535819813306545,0.9246924474027362,0.09790008453696852
6763,0.653568912657722,0.9247229151442884,0.09790354647659213
6764,0.6535669435797643,0.9247195985876587,0.09790516692677514
6765,0.6535556307747751,0.9247200597542816,0.09790424082302188
6766,0.6534109023942496,0.9246334334472269,0.09806738779488496
6767,0.6534117293872811,0.9246298440336788,0.09807326243828997
6768,0.653416659141717,0.924639340223055,0.09806541133582601
6769,0.6534055598866553,0.9246372265427002,0.09806867581628255
6770,0.6534198255160939,0.9246405507854402,0.0980703270705274
6771,0.653422721778519,0.9246446897558807,0.09806922118395253
6772,0.6534063885762055,0.924644678226715,0.0980807377175651
6773,0.6533735568565532,0.9246335064652755,0.09808615401827386
6774,0.6533471702776421,0.9246193601791184,0.09810973030961996
6775,0.6533335517522543,0.9246278994477523,0.09812521625929768
6776,0.6533239324996568,0.9246174962973508,0.09813951902766367
6777,0.6533359570442563,0.9246201633776532,0.09813735997598041
6778,0.6533260242432906,0.9246199596957281,0.09814553712338056
6779,0.6533233994095449,0.9246069586400177,0.09815576844785154
6780,0.6533251006854245,0.9246154095183823,0.09816041318020478
6781,0.6533160630936481,0.9246042492861083,0.09816904595809468
6782,0.6533208125639237,0.9246097064244791,0.09816638169741736
6783,0.6533004992545138,0.9246103712730271,0.09816753957830786
6784,0.6533032791271373,0.9246088878537235,0.09817195677217912
6785,0.6533242966106289,0.9246128577297356,0.09816780434140171
6786,0.6533328189139939,0.9246084074718247,0.09817105372298417
6787,0.6533438634577451,0.9246129999227777,0.09817433372285782
6788,0.6533117402843619,0.9246030925264959,0.0981835666715107
6789,0.6532963074724117,0.9245957330758056,0.09819115917651935
6790,0.6533471265416777,0.9245902720943795,0.09820449621226822
6791,0.6534193836116108,0.9246059901901097,0.09819687898740992
6792,0.6534107175076044,0.9246046220624619,0.09820114852567764
6793,0.6534126611341706,0.9246072929858193,0.09820355830034591
6794,0.6533985745124838,0.9246069586400177,0.09821076888854136
6795,0.6534130710346713,0.9246249864119176,0.09821625995864454
6796,0.6534142799591771,0.924617942091753,0.0982196176552559
6797,0.6534246939015298,0.9246125848728171,0.0982224579504069
6798,0.653413222966068,0.9246037765903199,0.09823525309373732
6799,0.6534154077290321,0.924613026824164,0.09823525283231832
6800,0.6534061158395602,0.9246219734566481,0.09823368410531236
6801,0.6534199722313451,0.9246210126928504,0.09822972285769067
6802,0.6534463261662861,0.9246384255759197,0.09823514156175188
6803,0.6534407865840245,0.9246241563119965,0.09823820664883245
6804,0.653434142953216,0.9246080577538024,0.09824946229930805
6805,0.6533998732458298,0.9246027428084735,0.09822240059969
6806,0.6533960899524522,0.924617438651523,0.0982318389915493
6807,0.6533905141990087,0.9246296634100848,0.09823950383503932
6808,0.6533777393379608,0.9246290946379165,0.09824431411545102
6809,0.6534416875888032,0.9246381142884492,0.09823565621089066
6810,0.6534221808268926,0.9246266542978704,0.09825167469231601
6811,0.6534195667505164,0.9246209665761881,0.09825555097897214
6812,0.653401140842365,0.9246336140708209,0.0983102916380636
6813,0.6534174343579059,0.9246309700488496,0.09831139170965719
6814,0.6534043578662335,0.9246403778479566,0.09831996222386302
6815,0.6533864677657186,0.9246398551924506,0.09832462665482179
6816,0.6533866235839217,0.9246471493112027,0.09833054010317455
6817,0.6534073942733426,0.9246553388618142,0.09833029351991854
6818,0.653406056501303,0.9246528793064921,0.09833071153541857
6819,0.6534560868553667,0.9246908832792735,0.09832947569410709
6820,0.6534434459461671,0.9246869057171511,0.09834190749473416
6821,0.6534575903152475,0.9246784548387865,0.09834879384594578
6822,0.6534660955947502,0.92468718626018,0.09835400861508631
6823,0.653445001608838,0.924683078034181,0.09835334256290994
6824,0.6534512792845699,0.9246884429392274,0.09835920517422687
6825,0.6534633739540091,0.9246857681728146,0.09836142265083721
6826,0.6534805492938023,0.9246916711055876,0.09835796054845285
6827,0.6534873106470962,0.9246928509235312,0.0983810608620756
6828,0.6535025814001127,0.9247001950020006,0.09838142664525214
6829,0.6535593339680764,0.9246853415936884,0.09840533131173226
6830,0.6535842123095044,0.9246876973865203,0.09841525278859045
6831,0.653585423914021,0.9246882046698055,0.09842405308879716
6832,0.6535723421381621,0.9246850341492732,0.09844019015834211
6833,0.6535539586219383,0.9246675328759344,0.09844976385550737
6834,0.6535675076990245,0.9246603540488381,0.09845423092196086
6835,0.6535455425495933,0.9246507348816957,0.09846709274847132
6836,0.6535479477840046,0.9246576139504871,0.09846106373290422
6837,0.6535563182879127,0.9246428873629962,0.09847271982282656
6838,0.6535539787501279,0.9246432178657426,0.09848388169511474
6839,0.653588840531067,0.9246471300959267,0.09848464458510904
6840,0.6535909507728046,0.9246550967493372,0.098482182851854
6841,0.6535992672328701,0.9246546740132662,0.09848424488307186
6842,0.6536198269689344,0.9246615338667816,0.09848293836244189
6843,0.6536239594385412,0.9246639934221037,0.09847844689685956
6844,0.6536201370535507,0.924651184519153,0.09848395682035584
6845,0.6536202577370879,0.9246505965317088,0.09848362721445166
6846,0.6536293302839228,0.9246567723214003,0.09848243937009814
6847,0.6536333325495131,0.9246618336250866,0.09849275091780008
6848,0.653621654118586,0.9246579790407302,0.09850033848618231
6849,0.6536181264946557,0.9246632401832864,0.098501952573958
6850,0.6536141912936777,0.9246646621137069,0.09850639404940452
6851,0.6536518646023555,0.9246675213467689,0.09850781905570179
6852,0.6536147686426443,0.9246529600106511,0.09853790606783279
6853,0.6536472519710945,0.9246570989810915,0.09852987427561308
6854,0.6536414317573895,0.9246495358484761,0.09851740929424482
6855,0.6536620040906773,0.924675541802952,0.09851816778109261
6856,0.6536664897875004,0.9246796154414542,0.09851603671561417
6857,0.6536760950092683,0.9246850648937147,0.09851165626167213
6858,0.6536605447477744,0.9246789121623543,0.0985114808603547
6859,0.6536292826385632,0.9246983157480124,0.09848764990481058
6860,0.6536060561031264,0.9246951567566456,0.09849915166703366
6861,0.6536209618048623,0.9246962904579269,0.09850217354957488
6862,0.6536432936652464,0.9247146103020212,0.09851118484156754
6863,0.6536956130226748,0.9247123736439001,0.09852961056556657
6864,0.6536956733538082,0.9247146948492354,0.09853337887971006
6865,0.6536955841511319,0.9247128232813575,0.09852560601387246
6866,0.6537277091019401,0.9247161206227111,0.09853020605217493
6867,0.6537243589105416,0.9247158131782959,0.09852538886399446
6868,0.653707725633488,0.9247017053226906,0.09853958872164562
6869,0.6537127305299117,0.9247003218228219,0.09854471343034761
6870,0.6537141323061785,0.9246983503355091,0.09854843779815048
6871,0.6537302079856104,0.9247024508753976,0.09854944049290945
6872,0.6537056343098375,0.9246999183020269,0.0985569165008562
6873,0.6537098237797274,0.9246964864537416,0.09855856198949504
6874,0.6537314557471464,0.9247051064265345,0.09855717499541561
6875,0.6537416300296892,0.9247138916507005,0.09855906990265612
6876,0.6537275776650515,0.9247235569345053,0.09856116328473313
6877,0.6536999913380753,0.924696636332894,0.09858014736199806
6878,0.6536828174167654,0.9246976124689125,0.09858260902030423
6879,0.6536943107813591,0.924689745734937,0.09858505345355387
6880,0.6536897131332661,0.9246838735466055,0.0985945197210283
6881,0.6537034262772112,0.9246782934304686,0.09859433415495626
6882,0.6537367028783789,0.9246877435031826,0.09860001859353511
6883,0.6537410732647666,0.9246835238285832,0.09860313182252409
6884,0.6537495133886392,0.9246821633870457,0.09860105573186818
6885,0.6537156534781123,0.9246551390229443,0.09866082873098235
6886,0.653723544853121,0.9246431909643562,0.09867431538294189
6887,0.6537218241989167,0.9246525411176353,0.09867498999061637
6888,0.6537240547417328,0.9246520030899086,0.09866908257851165
6889,0.653730665775509,0.9246538669716762,0.09866833782506858
6890,0.6537274306987279,0.9246631210485755,0.09866842729815077
6891,0.6537231740420485,0.9246626137652902,0.0986720355191019
6892,0.6536789567675824,0.9246574486991139,0.09869552862732822
6893,0.6536985963793438,0.9246623793389236,0.09870707854549536
6894,0.6537133173735753,0.9246721599143841,0.09870860974641962
6895,0.6536981667448969,0.9246712260519727,0.09871587349890226
6896,0.6537177443443538,0.9246760106556853,0.09871657201311959
6897,0.6537154441651066,0.9246846229423678,0.09871562987021389
6898,0.6537360473998733,0.9246750844793843,0.09872286467247504
6899,0.6537426981650807,0.9246743773572291,0.09872367566476828
6900,0.6537356534798626,0.9246746040974855,0.09871916248847873
6901,0.6537310500956371,0.9246797192039443,0.09870680660959066
6902,0.653721209623506,0.9246829512133597,0.09871936464321575
6903,0.6537260400416061,0.9246794963067433,0.09872870456288367
6904,0.6537287929753197,0.9246782165693648,0.09873108894923711
6905,0.6537311404069704,0.9246708033159018,0.0987327543511849
6906,0.6537073670013598,0.9246635399415912,0.09873902596627995
6907,0.6537301091663497,0.9246671946870777,0.09874466255311566
6908,0.6537182546146153,0.9246672446467952,0.0987589748394433
6909,0.6537224760194968,0.9246685166980633,0.09876610321271065
6910,0.6537476873492722,0.9246665336815848,0.09876957024294684
6911,0.6537490939266295,0.9246653154330894,0.0987759318499984
6912,0.6537629839874338,0.9246606807085294,0.09877610113521305
6913,0.6537887257186308,0.9246620795806187,0.09877983447482148
6914,0.6538065698370148,0.924664885010908,0.09878625794146981
6915,0.6537927015278105,0.9246712606394695,0.098790551200028
6916,0.6537513778675226,0.9246579213949023,0.09880978784270099
6917,0.653802432606325,0.9246642509068015,0.09881359407260643
6918,0.6537847600944264,0.9246541436716499,0.09881966551370641
6919,0.6537858440515124,0.9246624100833651,0.09882786489062655
6920,0.6538147689025617,0.9246711799353104,0.09882792831865149
6921,0.6538078363866907,0.9246644046290091,0.09882926494313891
6922,0.6538056897528662,0.9246179920514704,0.09890420206724193
6923,0.6538029915430116,0.9246161973446964,0.09891325870113804
6924,0.6538154766901402,0.924602189408526,0.0989220435004128
6925,0.6538211050794056,0.9246096987383688,0.0989255398630561
6926,0.6538238696673248,0.9246048180582765,0.09893185113886455
6927,0.653819723265444,0.9246119084951034,0.09893274565085125
6928,0.6538069306706641,0.9245921090747607,0.09894851410918679
6929,0.6538089318099278,0.9245875742696357,0.09895120457570672
6930,0.6538230259911941,0.9245918477470078,0.09895251502309449
6931,0.6538307952428618,0.9245935310051813,0.09895887238269574
6932,0.6538272177616363,0.9245705994948581,0.09896770773252528
6933,0.6538155236052088,0.9245715794739318,0.09896567034244032
6934,0.6538318556263761,0.924569046900561,0.09897835266334147
6935,0.653825618052926,0.9245665027980248,0.09898471655341698
6936,0.6538081397823307,0.9245493243413221,0.09899650816183785
6937,0.6538047263798409,0.9245317807943763,0.09900284228159933
6938,0.6538104161845502,0.9245434636821561,0.0990119011842053
6939,0.6538355086748431,0.9245495587676887,0.09900784329681042
6940,0.6538562522823316,0.9245595507111847,0.09901257404947436
6941,0.6538671809064939,0.924549604884351,0.0990219443013575
6942,0.6538873640113736,0.9245490476413483,0.09902303389766429
6943,0.6538925202822038,0.9245395091783649,0.09903179004026737
6944,0.6538831143411041,0.9245370995827603,0.09904587678407827
6945,0.6538752148622556,0.9245236757909789,0.09904801606365099
6946,0.6538732949313325,0.9245307508555851,0.09904995523579192
6947,0.6538858886528712,0.9245241561728778,0.09905858100968695
6948,0.6538949004130701,0.9245307931291923,0.09905943079812941
6949,0.6539016331001303,0.9245231416063074,0.09906040218497075
6950,0.6539061622712551,0.9245241753881538,0.09906459019509671
6951,0.6538867330597972,0.9245387444103819,0.09906906848360728
6952,0.6538705901152011,0.9245352626023791,0.09908310328396165
6953,0.6538919144628376,0.9245434060363283,0.09908290170284828
6954,0.6538998462569043,0.9245450009042324,0.09908112022960182
6955,0.6538976521193912,0.924547045409594,0.09908314602463378
6956,0.6538883168098829,0.9245621024998313,0.09908789964510803
6957,0.6538881316744027,0.9245520874980042,0.09910535870526382
6958,0.653882997804381,0.9245593739306459,0.09910952895768627
6959,0.6538820542254843,0.9245653883120194,0.09911642251149093
6960,0.6538820542254843,0.9245653883120194,0.09911286452648642
6961,0.6539062318155084,0.9245720137391683,0.09911687897512876
6962,0.6538987000413397,0.9245644313912769,0.09912655010703997
6963,0.6539097617068191,0.9245608112332873,0.09912775934160196
6964,0.6539071880376034,0.9245597428639442,0.09913544754751284
6965,0.6538907248397144,0.9245552772338125,0.09914444590647271
6966,0.6539235947746148,0.9245768483025982,0.09913675194496799
6967,0.653921292010499,0.9245857027017578,0.09914248178084799
6968,0.6539384314397098,0.9245893651333545,0.0991379917864919
6969,0.6539332294403936,0.9245901760179998,0.09914044263409072
6970,0.6538923479855504,0.9245754801749503,0.09915599321834184
6971,0.6538901101731234,0.9245813907938337,0.09916003248887355
6972,0.6538850088279576,0.9245886157375923,0.09915685960369185
6973,0.6538991243478118,0.9246007059892224,0.09916001576424834
6974,0.6539343425341545,0.9246116125798538,0.09916054300611436
6975,0.6539374203827505,0.9246162319321931,0.099162204567654
6976,0.6539389585655618,0.9246112897632177,0.09915465453600024
6977,0.6538829074033358,0.9245899531207987,0.09920103400616112
6978,0.653880359473593,0.9245871822780062,0.09920969616138643
6979,0.6538832154917338,0.9245876665029602,0.09921669863634854
6980,0.653869525594741,0.9245892498416988,0.09922431990439096
6981,0.653852312173448,0.9245806221827956,0.09922873639858822
6982,0.6538570633002629,0.924580064939793,0.09923613205748079
6983,0.6538610326874049,0.9245737392709489,0.09924546337804577
6984,0.6538755274712044,0.9245790542162777,0.09924710981053275
6985,0.6538847100597275,0.9245791695079334,0.09924843084707625
6986,0.653879500019017,0.9245802186620006,0.09925234370069881
6987,0.6539161186804153,0.9246004254461935,0.09925294490448057
6988,0.6538750495740321,0.924597977420037,0.09927940998182323
6989,0.6538459063190513,0.9245894804250102,0.0992926848767091
6990,0.6538660235706536,0.9245904219735319,0.09929196977237364
6991,0.6538573896668981,0.9245879047723821,0.09930802758920235
6992,0.6538776983243261,0.9245808489230518,0.0993104180101739
6993,0.653878874641316,0.9245706302392996,0.09931904917578936
6994,0.653894555898095,0.9245659417119668,0.0993218003846453
6995,0.6538853212204324,0.9245691391338856,0.09932048107980462
6996,0.6539016107526918,0.9245754840180055,0.09931944355642403
6997,0.6538869840259522,0.9245694888519079,0.09932659054621651
6998,0.6539198352634364,0.924575514762447,0.09934398083738111
6999,0.6539325857369748,0.9245783816816193,0.09934534708901438
7000,0.6539113247380295,0.9245710183878738,0.09934989112540579
7001,0.6539014452477173,0.9245633745510995,0.09934845120956436
7002,0.6538944482378964,0.9245550658657771,0.0993502447411492
7003,0.653906749803732,0.9245630171469668,0.09935711670703298
7004,0.6539317963401089,0.9245708031767832,0.09936033034961614
7005,0.6539477555318045,0.9245885696209301,0.09936139006718665
7006,0.6539476112186271,0.9245924088330656,0.09936960861966679
7007,0.6539511938702175,0.9245953564563969,0.099372165811797
7008,0.653933520589583,0.9245880392793137,0.09938275656995413
7009,0.6539460711531847,0.9245823938312385,0.09938183525493613
7010,0.6539515481729918,0.9245797459662121,0.09938563375903584
7011,0.6539397458421637,0.9245739467959292,0.0993958537485129
7012,0.6539108733147637,0.9245675634812573,0.0994079094654626
7013,0.6539003837726801,0.9245517147216507,0.09944566189078737
7014,0.6538894589592888,0.9245444206028987,0.09945480996602574
7015,0.6539189585102045,0.9245510614022683,0.0994523675576189
7016,0.653927276411282,0.924543944064055,0.09945539073709565
7017,0.6539266766760443,0.9245383716340284,0.09945754665233417
7018,0.6539364660344917,0.9244937345479878,0.09953250663146586
7019,0.6539496564611363,0.9244902219955434,0.09953649346770764
7020,0.6539689373555294,0.9244853605307272,0.09953866092958277
7021,0.6539633704939224,0.924483262222593,0.0995408490070101
7022,0.6539633127414539,0.9244816481394129,0.09955428492896164
7023,0.6539715377135535,0.9244828817601292,0.09954960097962408
7024,0.6539994727887034,0.9244953640033887,0.09954523993071475
7025,0.6540093458027663,0.9244945761770745,0.0995484604974148
7026,0.6540041464435433,0.9244897569858653,0.09954611820908676
7027,0.6540439800692002,0.9244971587101628,0.09954439785771127
7028,0.654021050337222,0.9244859754195577,0.09954873121601793
7029,0.654040002603144,0.9244755761122115,0.0995482316393323
7030,0.6540287983317484,0.9244809986630856,0.09955249501458675
7031,0.6540153630198353,0.9244731396152206,0.09955545558867153
7032,0.6539988513061605,0.9244792692882499,0.09955970274013622
7033,0.6539868574741543,0.9244755722691563,0.09957619101016564
7034,0.6539947154712589,0.9244765176607332,0.09958052946617307
7035,0.6539879677417426,0.924475203335858,0.09957468266172599
7036,0.6539914088362693,0.9244842729461081,0.09958119415915939
7037,0.6540033877994331,0.9244928352730731,0.09958577469958424
7038,0.6539944251741086,0.9244813445380529,0.09958934878506853
7039,0.6539898905790198,0.9244804990659109,0.09958019239846208
7040,0.6539795676685193,0.9244853682168376,0.0995819469702935
7041,0.6539622749010642,0.9244746537789658,0.09959207400783728
7042,0.653950846613428,0.9244683626976185,0.09960020129293402
7043,0.6539326492474257,0.9244566452223418,0.09961359633840673
7044,0.6539144607371044,0.9244463612066514,0.09961829421044942
7045,0.6539445135402796,0.9244430331208562,0.09962119020076117
7046,0.6539823404291513,0.924437710489417,0.0996265461091586
7047,0.6539748428275103,0.9244431138250152,0.09962051196638337
7048,0.6539509921455479,0.9244454350303504,0.09964000833414764
7049,0.6539711754287094,0.9244403545113883,0.09964386911010983
7050,0.6539736038160147,0.9244422798820388,0.09965326860634255
7051,0.6539733290144384,0.9244430408069666,0.09965774974272558
7052,0.6539654767012519,0.9244299283026557,0.09966586496982996
7053,0.6539560886072538,0.9244286869958291,0.09966874220796096
7054,0.6539634053848302,0.924439220810107,0.09966842014440287
7055,0.6539663544314384,0.9244498045841023,0.09966805571703424
7056,0.6539740686154557,0.9244552079197005,0.09966114738206523
7057,0.6539919882236557,0.9244586167096547,0.09967287740114089
7058,0.6539907872452919,0.9244750880442023,0.09968377204248438
7059,0.6539886485319952,0.9244732395346555,0.09967738898930917
7060,0.6540415271548597,0.9244849032071595,0.09967080710698913
7061,0.6540522813399116,0.9244865826222778,0.0996746898911546
7062,0.654033417286851,0.924474861303946,0.09969823627595978
7063,0.6540377939705073,0.9244791001938214,0.09971024965158262
7064,0.6540063972100639,0.9244763946829672,0.09972513365192548
7065,0.6540291997162433,0.9244812561477834,0.09971848548400553
7066,0.6540544819364567,0.924476129512159,0.09972143920709003
7067,0.6540463703479906,0.9244771748231708,0.09972112391591825
7068,0.6540450425412236,0.9244748766761668,0.09970776994882496
7069,0.6540515852913116,0.9244639354980387,0.09970498939131257
7070,0.6540523448073061,0.9244571371334063,0.09971431504712946
7071,0.6540379398879205,0.9244537360295625,0.09971671277955153
7072,0.6540309046096011,0.9244431061389048,0.09972465597077908
7073,0.6540051123064909,0.9244387519573737,0.09974191845693046
7074,0.6539932392830942,0.924427476433444,0.0997543532719393
7075,0.6540251155747462,0.9244429447305869,0.09975065741785298
7076,0.6540359381917441,0.9244393822184249,0.09975552763454561
7077,0.6540573486240383,0.9244387442712633,0.09975843744821893
7078,0.6540579915965118,0.9244383445935235,0.09976283194522836
7079,0.654077207450083,0.9244248208823073,0.09973729678276205
7080,0.6540770012872474,0.9244232221713479,0.09973385108839268
7081,0.6540879721449021,0.9244249553892389,0.09973789817789244
7082,0.6540730077943124,0.9244257086280563,0.09974389212348074
7083,0.6540585406155095,0.924423064606085,0.09974986952074223
7084,0.6540590677352686,0.9244283026903101,0.09975946053532472
7085,0.6540428016994513,0.9244330603926362,0.09976786278897866
7086,0.6540636672020553,0.9244357121007178,0.09976927872863527
7087,0.6540681688046667,0.9244245826128854,0.0997803345797247
7088,0.6540874277136656,0.9244276685862035,0.09978114496820803
7089,0.6541190294133054,0.9244377028033066,0.09977482428586051
7090,0.6541776168915219,0.9244431676277879,0.09978422096287655
7091,0.6541750950178857,0.9244453812275777,0.09979539633079779
7092,0.6540895904867403,0.9243973199793621,0.09988717082301787
7093,0.6540931246887925,0.9243970163780021,0.09988976801910744
7094,0.6540613528208779,0.9243920972673579,0.09989528901809949
7095,0.654064734108363,0.9243964207044475,0.09989098836054942
7096,0.6540618206880895,0.9243996949874701,0.09990160284895214
7097,0.654065238886181,0.9243990647264188,0.09989980630153725
7098,0.6540686559015145,0.92439989482634,0.09989827361119825
7099,0.6540534948129164,0.9243997065166356,0.09990244983671438
7100,0.654004032415226,0.9244009824109589,0.09992102168115857
7101,0.6540260266299374,0.9244030845621483,0.09992067530453365
7102,0.6540534618336243,0.9244069506756702,0.0999228320832151
7103,0.6540231501320128,0.9244180724773923,0.1000295468883512
7104,0.6540449269845094,0.9244178342079704,0.10004516385165718
7105,0.6540623201698919,0.9244285986055597,0.10004640608985217
7106,0.6540465223847982,0.9244293633735426,0.1000571124968159
7107,0.6540420036363918,0.9244238754907302,0.10005892820583301
7108,0.6540488004666658,0.9244301550429119,0.10006382475470613
7109,0.654063630116035,0.9244282642597581,0.10006633216861341
7110,0.6540743747174165,0.9244291020457898,0.10006817008532289
7111,0.6540750856871433,0.9244194213897642,0.10009819049027219
7112,0.6540914711655826,0.9244115239113472,0.1000862497080478
7113,0.654091830591276,0.9244235334588183,0.10009091145477901
7114,0.6541009581534162,0.9244180916926682,0.10009982344771279
7115,0.6540909967429376,0.9244110704308347,0.10010399448602728
7116,0.6540822911051087,0.9244005404596121,0.10011426943373963
7117,0.654059591158957,0.9243970471224436,0.10012818446754895
7118,0.6540524616299898,0.9243951947698417,0.10013313795771892
7119,0.6540487359682766,0.924406443392385,0.10013648335200159
7120,0.654054690335301,0.924404871582812,0.10014124907993868
7121,0.6540446407516454,0.924410128882313,0.10015038995414152
7122,0.6540304448105292,0.9244026618260773,0.10015087582572625
7123,0.6540308381531788,0.9243969279877328,0.10015616191768426
7124,0.6540276674117524,0.9243910827007876,0.10015390165320054
7125,0.6540463658092405,0.924393730565814,0.10015384607977978
7126,0.6540616598639433,0.9244024888885938,0.10014761934361445
7127,0.6540531948237656,0.9244172692788574,0.10015943661611876
7128,0.6540522582850054,0.9244201746285816,0.10017303576403414
7129,0.6540751303681502,0.9244313156455796,0.10017306710778265
7130,0.6540649554392333,0.9244316307761052,0.10017916433588281
7131,0.6540811514355522,0.9244301473568016,0.10018201428051283
7132,0.654066507362832,0.9244296093290749,0.100188097379241
7133,0.6540685800134333,0.9244169464622214,0.10019649106478842
7134,0.6540700875974407,0.9244164699233777,0.10019671926171742
7135,0.6540407347317277,0.9243948104643226,0.10020963023253464
7136,0.6540517492850415,0.9243970586516093,0.10020676194691332
7137,0.6540663707036823,0.9243881850371738,0.10021034076421123
7138,0.6540903908028721,0.9243919243298744,0.10020520677064335
7139,0.6540871078329358,0.9243753915064438,0.10021641029196891
7140,0.6540804499878923,0.924370641490228,0.10021994933630557
7141,0.6540451714183693,0.9243751609231323,0.10023022773460953
7142,0.6540679815537533,0.924373443077462,0.10023315100039737
7143,0.6540557054393481,0.9243675055571923,0.10023941309077981
7144,0.6540691951467998,0.9243629707520672,0.10024493676142134
7145,0.6540674633675339,0.9243548619056148,0.10024979354883025
7146,0.6540749294100098,0.9243667484753197,0.10025240289299257
7147,0.6540958747896721,0.9243682357376786,0.10025927172787798
7148,0.6541138361344287,0.9243652074101882,0.10026565716988578
7149,0.6541196885896624,0.924365122862974,0.10026427872602497
7150,0.6541166285435899,0.9243521717669813,0.10026579722399223
7151,0.654113374712279,0.9243433750136496,0.10027028247493676
7152,0.654113417069045,0.9243443165621713,0.10027368198668064
7153,0.6541162012965434,0.9243507344643399,0.10027247202281052
7154,0.6541128942138199,0.9243508074823885,0.10027912070613436
7155,0.654121649121647,0.9243503155713241,0.10027573484013133
7156,0.6541082433559463,0.9243489320714554,0.10028266187097418
7157,0.6541276173736844,0.9243490512061663,0.10027998320599066
7158,0.6541359793910149,0.924348782192303,0.10027981436291725
7159,0.6541376712315711,0.9243513762545568,0.10028452632853871
7160,0.6541410985551637,0.9243447546704631,0.10029831130706003
7161,0.6541401044144126,0.9243433980719807,0.10029857844562795
7162,0.6541420086600459,0.9243469183105354,0.10029722395193597
7163,0.6541168844870022,0.9243355774546675,0.10029932844575666
7164,0.6541254037792086,0.9243479520923817,0.10028831170922556
7165,0.6540981658332721,0.9243432405067179,0.10030382062033438
7166,0.6540887955523251,0.9243484286312255,0.10031314261264757
7167,0.6540863381556588,0.924345438734287,0.10031615525039071
7168,0.6540883795677624,0.9243477445674014,0.10032153244570947
7169,0.6541036931979306,0.9243532478224347,0.10031911442451356
7170,0.6541025835060058,0.9243627324826454,0.10032218213983005
7171,0.6541166035759823,0.9243673864224814,0.10032118676328816
7172,0.6541004543453107,0.9243734046469101,0.10034060138629078
7173,0.6541263181287257,0.9243721287525868,0.10034460037040939
7174,0.6541392660571547,0.9243779471381456,0.10034701371392417
7175,0.6541536465110434,0.924381682587791,0.10034421701307361
7176,0.6541506463209151,0.9243823704946702,0.1003435725561225
7177,0.6541671799721499,0.9243932155964184,0.10034737612834353
7178,0.6541940523095192,0.9244048638967016,0.10034605175562414
7179,0.6541616023385541,0.924386436447062,0.10036020304553872
7180,0.6541710547933998,0.9243880466871869,0.10036331347273704
7181,0.6542478827306915,0.9243883080149399,0.10036955290046486
7182,0.6542506778061714,0.9243910596424565,0.10037160456411215
7183,0.6542421499083989,0.9243972315890928,0.10037732572784965
7184,0.6542430303766297,0.9243837655237044,0.10038408056752139
7185,0.6542158730863544,0.9243800531323901,0.10039442843348238
7186,0.6542260259764981,0.9243842881792104,0.10040244128073737
7187,0.6542562474324285,0.9243992645652886,0.1004330512216645
7188,0.654233313177411,0.9243896569273118,0.10043481700513385
7189,0.6542287062618183,0.924413314775066,0.10044408366848954
7190,0.6542635279732316,0.9244250399364531,0.10044041753274649
7191,0.6542694388119297,0.9244266386474125,0.1004385523448991
7192,0.6541891371364569,0.9243693617528494,0.10051636922340422
7193,0.6541831862469726,0.9243804643392955,0.10052135882523915
7194,0.6542127780786791,0.9243774436979156,0.10053114382337458
7195,0.6542119015476695,0.924378842570005,0.10052939377030008
7196,0.6542500687252405,0.9243853796068845,0.10052990134927743
7197,0.6542430146816307,0.9243841152417267,0.10053706789463437
7198,0.6542523675437043,0.9243730318705566,0.10054204516108804
7199,0.6542548356423681,0.9243680397418639,0.10054664050741628
7200,0.6542459534632105,0.9243780470575805,0.10055606042625582
7201,0.6542650659690433,0.9243768979840785,0.10055255153760809
7202,0.6542664985693123,0.924375295430064,0.10055530568643171
7203,0.654276131320962,0.924379768746306,0.10056499564693132
7204,0.6542861327678979,0.9243792460908,0.10056553107919076
7205,0.6542729496581402,0.9243847531888885,0.10057834016188515
7206,0.6542414630792172,0.9243794151852285,0.10059470599868145
7207,0.6542344590908877,0.924375176295353,0.10059760208988239
7208,0.6541975933569437,0.9243749572412072,0.1006142238173426
7209,0.654230709573096,0.9243896453981463,0.10061112659606297
7210,0.6542477961239921,0.9243970010057814,0.10061767801230369
7211,0.654267940674876,0.9243842881792104,0.10062834942894572
7212,0.6542929931793267,0.9243872358025417,0.10062654905916689
7213,0.6543146880762131,0.9244092872532261,0.10062537257669363
7214,0.6542879722750425,0.9243994951486001,0.10063192520742667
7215,0.6542819620431426,0.924382812446017,0.10064095417219504
7216,0.6542760425133273,0.9243883579746573,0.10064395635443155
7217,0.6542505583372334,0.9243642581755561,0.10066598385636163
7218,0.654284316455212,0.9243725438025474,0.10066268093308205
7219,0.6543109254220187,0.9243860444554325,0.10066768715092492
7220,0.6543102800273017,0.9243861866484746,0.10066874439364255
7221,0.654299478852924,0.9243762100771994,0.10067165500584192
7222,0.6543213713918679,0.9243846801708397,0.10066997628430706
7223,0.6543400236140963,0.924384684013895,0.10067437968502112
7224,0.6543505057059997,0.9243951832406762,0.10067266256269863
7225,0.6543502522327977,0.9243873318789214,0.10067491435214461
7226,0.6543494400015567,0.9243898337078506,0.10069141426331474
7227,0.6543403813317036,0.9243869552595128,0.10070312199869412
7228,0.6543431642157649,0.9243899336272855,0.10069388997222768
7229,0.6543393475229065,0.9243916514729558,0.1007077995254031
7230,0.6543409676133751,0.9243962439239087,0.10071091291245184
7231,0.6543372906972401,0.9243892265051304,0.10072705274145455
7232,0.654325620518524,0.9244019354886462,0.10073293857691912
7233,0.6543689450654403,0.924414421574961,0.10073596973622705
7234,0.6543869511619018,0.9244207626160258,0.10073158601137282
7235,0.6544008949119484,0.9244334485412105,0.10072721394150856
7236,0.6543885629200944,0.9244412422571373,0.1007357456954818
7237,0.6544051328606798,0.9244280874792193,0.10073693791389146
7238,0.6543794282719264,0.9244116161446718,0.10075397782978807
7239,0.6543903836942137,0.924411762180769,0.10075668048445036
7240,0.6543963409765349,0.9244013897748092,0.10075874659672378
7241,0.6544111038257615,0.9244084955838568,0.10076869158901619
7242,0.6543995112711705,0.9244091834907361,0.10076700587575237
7243,0.6544054601050271,0.9244119159029767,0.10077231874064663
7244,0.6544075799018392,0.9244039953662285,0.10077604179212483
7245,0.654392189406871,0.9243927390575748,0.10079106050199832
7246,0.654410492146052,0.9243899489995063,0.10082291172796125
7247,0.6544246727712352,0.9244073657256308,0.10082727788274068
7248,0.6544134491918564,0.9244120119793564,0.10082990859277477
7249,0.6544476964488525,0.9244343900897322,0.10084541409062103
7250,0.6544397004339372,0.9244467685705016,0.10084767656398962
7251,0.654461552164507,0.9244555845391091,0.10085797522214775
7252,0.6544492101147895,0.9244598118998191,0.10086108010471685
7253,0.6544477403996272,0.924453747558728,0.10086883389314795
7254,0.654442975748136,0.9244548812600093,0.10086842098883558
7255,0.6544618627275508,0.9244436057360796,0.10088363656282882
7256,0.654439620872364,0.924441860989023,0.1008839597079095
7257,0.6544340804951847,0.92444159966127,0.10088886799999627
7258,0.6544316220337886,0.9244360272312434,0.10089686186291176
7259,0.6544274765428391,0.9244278338375768,0.10090430951815016
7260,0.6544499967554438,0.9244237832574057,0.1009064483555164
7261,0.6544515300889122,0.9244291366332864,0.10091098818352526
7262,0.6544722842106445,0.9244175651941071,0.10091789693119517
7263,0.654444037654879,0.9244088068713273,0.10091340121853537
7264,0.6544299419327463,0.924406524096544,0.10092491611170504
7265,0.6544188250491046,0.9243801876393218,0.1009458243892295
7266,0.6544044706927136,0.9243712025762858,0.10094914210691458
7267,0.6544011821432093,0.9243725284303266,0.10095738770172002
7268,0.6543752610043174,0.9243751801384082,0.10096461123951823
7269,0.654374948036668,0.9243694424570085,0.1009730724178775
7270,0.654375538684631,0.9243594351412917,0.10098765521613182
7271,0.6543860495852268,0.9243448968635051,0.10098431712652328
7272,0.6543961024552148,0.924345600142605,0.10098993681337551
7273,0.6543693563556766,0.9243343476770065,0.10100507963455264
7274,0.6543826487936645,0.9243466492966721,0.10100118565972216
7275,0.6543889366513091,0.9243509727337617,0.10100232117671218
7276,0.6543948775914663,0.9243516760128616,0.10100644064556491
7277,0.6544267433385288,0.92435516935003,0.10100713050537782
7278,0.6544239742669501,0.9243648845935523,0.10100804287166831
7279,0.6544321675585447,0.9243624135090646,0.10100370991351482
7280,0.6544298678457354,0.9243596926259895,0.10100352416102105
7281,0.6544452653370046,0.9243440360191424,0.10099274601455656
7282,0.6544721088708869,0.9243482518506866,0.1009954861774576
7283,0.6544905007490956,0.9243480635409823,0.10099966672048677
7284,0.6544631655174642,0.9243455117523356,0.1010128159524422
7285,0.654452502061926,0.9243421029623814,0.1010161313034492
7286,0.6544676967360561,0.9243373836906071,0.10101653986752689
7287,0.6544506201202406,0.9243464763591885,0.1010259701978495
7288,0.6544722599202963,0.9243513301378944,0.1010378241081959
7289,0.6544695479897001,0.9243464763591885,0.10104809797629578
7290,0.6544562760316713,0.9243379985794377,0.10105364372928236
7291,0.6544484977067937,0.9243372876142274,0.10105124420985495
7292,0.6544428979444791,0.9243272188096276,0.1010495300553285
7293,0.6544628471649244,0.9243325914007843,0.10104470315277442
7294,0.6544672484980623,0.924324082876592,0.1010452382207404
7295,0.6544194447195133,0.9242960016723132,0.10112916945534545
7296,0.6544341241406306,0.9243064893699288,0.10112645942675319
7297,0.6544393871200064,0.9242960900625825,0.1011358946271971
7298,0.6544102821921216,0.9242862403121287,0.10114692730581333
7299,0.6544017089841521,0.9242765289116616,0.10115580975102069
7300,0.6543860183852059,0.9242610529284084,0.10116657512317695
7301,0.6544002880838418,0.9242737772841451,0.10116922920493447
7302,0.6544084048577863,0.9242741039438362,0.10117565364363197
7303,0.6544115550161916,0.9242708219747033,0.10117945729082606
7304,0.6544160992104224,0.9242748302812673,0.1011822071866732
7305,0.6544270997219669,0.9242552998747878,0.10119280673870495
7306,0.6544367138192773,0.9242539048457536,0.10119675027574832
7307,0.654442347282334,0.924250184768329,0.1011956747475449
7308,0.6544429006483986,0.9242446815132959,0.10119761169009296
7309,0.6544653057281103,0.9242427984162523,0.1012009573988928
7310,0.6544681525162206,0.9242371721834531,0.10120503091232694
7311,0.6544589667709075,0.9242486244879216,0.10121587420555145
7312,0.6544431272800252,0.9242405079553587,0.10121969853550411
7313,0.6544240785580658,0.9242351430503124,0.10122506744980632
7314,0.6544165946983284,0.9242240788944182,0.10123673013874479
7315,0.6544300315909073,0.9242213618543983,0.1012355395367291
7316,0.6544438451508952,0.9242255354123355,0.10123724515493673
7317,0.6544143816785647,0.9242252164387547,0.10129229157789921
7318,0.6543939513683668,0.9242260311664551,0.10129668034614765
7319,0.6543939513683668,0.9242260311664551,0.10128818419397244
7320,0.6543793484438037,0.9242151437910997,0.10129629936521149
7321,0.6543974689519249,0.9242136488426305,0.10129161454789565
7322,0.6543619621058948,0.9241989376273603,0.10127782333791223
7323,0.6543858478697986,0.9242002673244563,0.10129696756036602
7324,0.654387515532321,0.9242015086312829,0.10130024673742176
7325,0.654419971221462,0.9242235139653051,0.10130264776684551
7326,0.6543977249208,0.9242145903911523,0.10130517645116324
7327,0.6543821131832762,0.9242047982865262,0.10130968271011158
7328,0.6543523453739436,0.924206931182157,0.10132346898890296
7329,0.654366424129743,0.9242106666318025,0.10133028066008762
7330,0.6543786037067594,0.9242011051104879,0.10133361606672325
7331,0.6543656597361543,0.9241913475933585,0.10134138996823336
7332,0.6543746319090972,0.9241959592595874,0.10134021221041821
7333,0.6543786156391432,0.9241951061013352,0.10133995613812524
7334,0.6543909460267187,0.9242260311664551,0.10134444868722571
7335,0.6543970174158447,0.9242281717481964,0.10134734842536802
7336,0.654386684509372,0.9242143598078408,0.10136661103928328
7337,0.6543905747383613,0.9242112200317499,0.10136463495900055
7338,0.6543499319913593,0.9242017622729255,0.10137792945157757
7339,0.6543500922019285,0.9241848989467485,0.10138843850365112
7340,0.6543484128365005,0.9241780121918466,0.10139170615812024
7341,0.6543386438293111,0.9241796877639098,0.1014012712438481
7342,0.65434347666368,0.9241773819307953,0.1014061102205963
7343,0.6543524833581523,0.9241752144476678,0.10141578332643965
7344,0.654347391936271,0.9241708333647503,0.1013892363428841
7345,0.6543625946975735,0.9241737233422538,0.10139635089475127
7346,0.654344350959309,0.9241648189833768,0.10140499731231999
7347,0.6543126621554151,0.9241600266935539,0.10143110519914672
7348,0.6543096983428427,0.9241493353140132,0.10144574205371897
7349,0.6543215514066328,0.9241470371670092,0.10144509465057153
7350,0.6543414067469927,0.9241463800045715,0.10144682048316662
7351,0.6543604366253771,0.9241560068578244,0.10144890368253343
7352,0.6543592249247633,0.9241516449901829,0.1014537962289556
7353,0.6543659775699264,0.9241539123927455,0.10145449930395564
7354,0.6543852732671155,0.9241501731000448,0.10146237812864323
7355,0.6543864715251526,0.9241604033129626,0.10147296511631419
7356,0.6543904095172419,0.9241474291586386,0.10148574389209512
7357,0.6544039896514827,0.9241546656315628,0.10148818333808404
7358,0.6544095585188453,0.924155856978672,0.10149092446161695
7359,0.6543881809375764,0.9241586124492437,0.10149005137950563
7360,0.6543838880398752,0.924159746150525,0.10149137085060092
7361,0.6543995383924182,0.9241693730037778,0.1014846776002935
7362,0.6544167642238905,0.9241661179360312,0.10148426020732984
7363,0.654423401097441,0.9241710101452891,0.10148822221356979
7364,0.6544136566281306,0.9241828083247247,0.10150297070345946
7365,0.6543986482364643,0.9241917933877607,0.10151024202531382
7366,0.6543968937227437,0.9241825508400269,0.10150987682143818
7367,0.6544023915754238,0.9241754757754207,0.10151589945929296
7368,0.6544132954336445,0.9241733006061827,0.10151733638010112
7369,0.6544263340026817,0.9241638889640206,0.10151617277221209
7370,0.6544392213639811,0.9241811289096064,0.10152037428304618
7371,0.654425789875638,0.9241783081070963,0.10152231535163965
7372,0.6543997715801187,0.9241699264037253,0.1015303858551999
7373,0.6544005335502706,0.9241727548923457,0.10153296069351991
7374,0.6544280477098473,0.924159523253324,0.10157366071019397
7375,0.6544098959119286,0.9241498080098017,0.10159638831668863
7376,0.654439655515621,0.924155595650919,0.10159870638477042
7377,0.6544653951801003,0.9241527095164707,0.10160091234445953
7378,0.6544515377668503,0.924146330044854,0.10160581735400398
7379,0.6544537831837781,0.9241448543116608,0.1016121549777807
7380,0.6544699112416965,0.9241520946276401,0.10161668716093022
7381,0.654467392802378,0.9241406922828892,0.10161991770524462
7382,0.6544573291386877,0.9241430365465556,0.10162335219080058
7383,0.6544603025439805,0.9241484975279817,0.10163707884983116
7384,0.6544526242650337,0.9241472254767135,0.101643969756237
7385,0.6544566721361903,0.9241407922023241,0.10164666197316065
7386,0.6544745030439622,0.9241386208761414,0.10164428640372264
7387,0.6544972887449078,0.9241293937006284,0.10165885785116975
7388,0.654461939337303,0.924116792322658,0.1016772760211575
7389,0.6544491723816005,0.9241176992836829,0.10166994566453666
7390,0.6544772912183681,0.9241172073726185,0.10172545210866686
7391,0.6544809365915404,0.9241127302133213,0.1017220187134654
7392,0.6544766955355759,0.924114759346462,0.10171947576670469
7393,0.6544854849009889,0.9241126495091623,0.10172242763576754
7394,0.6544826868041631,0.9240941182970325,0.1017311822046269
7395,0.6545027773229105,0.9240839418868874,0.10174128972574346
7396,0.6544879041862923,0.92407553328213,0.10175177398954274
7397,0.6544897420518274,0.9240785654526755,0.1017497925009679
7398,0.654498069996291,0.9240808136399621,0.10173880322243925
7399,0.6545007921705956,0.9240832962536153,0.10174449456991276
7400,0.654500405760447,0.9240809635191145,0.10174245782811636
7401,0.6544962014435552,0.9240841724701988,0.10174474136739896
7402,0.6544605305329342,0.9240785846679515,0.1017579738071582
7403,0.6544450765753117,0.924082765911999,0.10175970697198561
7404,0.6544095577371376,0.9240945487192138,0.10178451951768967
7405,0.6544063568539583,0.9240890838947327,0.10178231408921452
7406,0.6544395213833937,0.9240994370854165,0.10178377734234378
7407,0.6544470559451789,0.924079945109489,0.10179323206708016
7408,0.6544702905652221,0.9240834192313814,0.10179063503366002
7409,0.6545006236405927,0.9240932574526698,0.10181632923489933
7410,0.6545031802082509,0.9240919508139049,0.101816875483803
7411,0.6544999150834198,0.9240907133501335,0.10182194085168364
7412,0.6545057174488713,0.9240923812360863,0.1018370744321568
7413,0.6544792490595274,0.9241017928782485,0.10187125855020518
7414,0.654495833710158,0.9240932997262769,0.10187077244554443
7415,0.6544382810474184,0.9240821125926165,0.10191461385052364
7416,0.6544440843832767,0.9240772818722418,0.10191918090286908
7417,0.6544231671474371,0.924091289808412,0.10192626327420898
7418,0.6544119077830994,0.9241009205047201,0.10192818371733503
7419,0.6544148690574959,0.9241136487035119,0.1019278861723663
7420,0.6544197600712932,0.9241207545125596,0.10192780665575453
7421,0.6544142897032417,0.9241160313977301,0.10192931835932459
7422,0.6543916441999137,0.9240984378910669,0.10194388786140161
7423,0.6543976561326116,0.9240982226799762,0.10194295971901757
7424,0.65439379029203,0.9240900907751926,0.10194586186781783
7425,0.6544064837081531,0.9240932536096146,0.10194047251436021
7426,0.6544123514183342,0.9240925195860731,0.10193782305463175
7427,0.6544099758258937,0.9240838803980043,0.10193202905880279
7428,0.654406105098309,0.9240830541411383,0.1019293548903077
7429,0.6543745329063383,0.9240837689494038,0.1019759782548588
7430,0.6543836885455454,0.9240853023284249,0.10198241035701712
7431,0.65438333506367,0.924089414397479,0.10199573313922247
7432,0.6543771801063832,0.9240879156059546,0.10200594614666741
7433,0.6543819115026667,0.9240966201259617,0.10200540713025932
7434,0.6543799736049963,0.9240940760234254,0.10200754513893709
7435,0.6543805015732076,0.9240920622625054,0.10199798925971036
7436,0.6543727906112115,0.9241065659527954,0.10211366347421627
7437,0.6543668267290557,0.9241080532151542,0.10211922822126783
7438,0.6543785990710281,0.9241092253469874,0.1021328883616142
7439,0.6543549496523596,0.9241120000328351,0.10215056598104508
7440,0.6543375996103212,0.9241045521918754,0.1021570140697924
7441,0.6543574583155165,0.9241129953841295,0.10216035299592119
7442,0.6543636148385947,0.9241238712303192,0.10215923218446327
7443,0.6543638510216243,0.9241283253312854,0.1021632739017668
7444,0.6543755422665098,0.9241249088552208,0.10216476237961143
7445,0.6543707237463473,0.924129566638112,0.10216479608531515
7446,0.6543732199021054,0.9241320992114826,0.10216775949118244
7447,0.6543959062050269,0.9241302430158256,0.10216924741508145
7448,0.6543755058032006,0.9241342705376655,0.10217335412708914
7449,0.6543861164343986,0.9241306811241173,0.10219192900574177
7450,0.6543896738845817,0.9241276028369095,0.1022166581483969
7451,0.6543715489132184,0.9241280102007597,0.10222161910626072
7452,0.654366089871956,0.9241247781913443,0.10221985211825463
7453,0.6543757681277295,0.9241243938858252,0.10222094284507098
7454,0.6543939912753726,0.924120158839005,0.10222992425339905
7455,0.6543951144504654,0.9241081031748717,0.10223595847284433
7456,0.654382466500149,0.9240964433454228,0.10224789573416346
7457,0.6543780445300801,0.9240932766679457,0.10225024437042128
7458,0.6543661161220466,0.9240882883823082,0.10227111269559017
7459,0.6543736849547787,0.9240895988641281,0.1022720860197397
7460,0.6543693173072171,0.9240991181118356,0.1022764161966324
7461,0.6543822576761701,0.9241147093867446,0.10232816202002996
7462,0.6543851860397626,0.9241185216974938,0.1023230586942946
7463,0.6543821317387288,0.9241112467940177,0.10232729603949421
7464,0.6543864777849343,0.9241211618764098,0.10232269874420527
7465,0.6543774948479149,0.9241194171293532,0.10232513144723664
7466,0.6544186552595743,0.9241300969797284,0.10232381601944962
7467,0.6544061484057757,0.9241289748076126,0.10232850376530297
7468,0.6544016282201697,0.924120197269557,0.10233167118725228
7469,0.6543779326628257,0.9241101553663436,0.10234429251485234
7470,0.6543566493344178,0.9241084221484525,0.10234796059000614
7471,0.6543642463176138,0.9241273722535981,0.10235192829249841
7472,0.6544033716656505,0.9241417837105634,0.10234855562402669
7473,0.6544047867393241,0.924137986772035,0.10235139144226893
7474,0.6543759892227249,0.9241333827919164,0.10236134665589733
7475,0.654367476786855,0.9241392242358064,0.10235996724874082
7476,0.6543911022383416,0.9241374487443083,0.10236791033405583
7477,0.6543667716832654,0.9241321530142553,0.10238183200545709
7478,0.6543769239239683,0.9241454115546635,0.1023862681786185
7479,0.6543682214342459,0.924149550525104,0.10239639381084581
7480,0.6543695812843828,0.9241501500417136,0.10239607745912277
7481,0.6543603407063234,0.9241453539088356,0.10240642786378189
7482,0.6543576832117397,0.924159123575584,0.10240700674189754
7483,0.6543654003189168,0.9241603764115762,0.10241004983344959
7484,0.6543586688073322,0.9241588238172792,0.10241760945188995
7485,0.6543346739756187,0.9241451579130209,0.10243592785402297
7486,0.6543410510323453,0.9241437936284281,0.10243903847158321
7487,0.6543317384275606,0.9241494928792761,0.10244355397485207
7488,0.6543216541588969,0.9241471639878305,0.10245511103614378
7489,0.6543369316097433,0.9241544235190858,0.10245414037953024
7490,0.6543498707146138,0.9241472254767135,0.10246156454973439
7491,0.6543519200948635,0.9241369376179679,0.10246424623131949
7492,0.6543676635947068,0.9241367569943739,0.10246435465082644
7493,0.654372129053116,0.9241465375698343,0.10246798362329866
7494,0.6543582515348338,0.9241421757021928,0.1024831209993155
7495,0.6543499661475722,0.9241409843550837,0.10249024846820012
7496,0.6543446146268724,0.9241439704089669,0.10249724297361143
7497,0.6543534215861911,0.924139297253855,0.10250281630640645
7498,0.6543708033115863,0.9241482976891118,0.10250134317257292
7499,0.6543728472623956,0.9241527594761882,0.10250904813378686
7500,0.6543569790769903,0.9241472485350447,0.10251162164117926
7501,0.6543461513793273,0.9241409574536974,0.10253399096305586
7502,0.6543412315648699,0.9241399121426855,0.10253529888479569
7503,0.6543509726458884,0.9241647690236593,0.1025335490318293
7504,0.6543342819031879,0.9241577054882187,0.10254329988966691
7505,0.6543598650792425,0.924159788424132,0.10256190891287228
7506,0.6543644595652611,0.9241617791267209,0.10257754822010451
7507,0.6543552370962086,0.9241561759522527,0.10257861045964899
7508,0.6543769320405055,0.9241598191685736,0.10258308116368538
7509,0.6543749279145128,0.9241662562860181,0.10258698819795609
7510,0.6543489607183598,0.9241622210780678,0.10259967043541146
7511,0.6543696767440106,0.9241663984790601,0.10260067354156686
7512,0.6543411344295084,0.9241641733501047,0.10261301707071921
7513,0.6543468795220893,0.9241549807620885,0.10261610417825522
7514,0.6543677861549736,0.9241603610393555,0.10261830248983508
7515,0.6543670129110652,0.9241571713035471,0.10262405826451874
7516,0.6543718660155096,0.9241502000014311,0.10263722231565814
7517,0.6543906198584328,0.9241507303430475,0.1026380086804954
7518,0.6544118515968335,0.9241518678873839,0.10263830706411645
7519,0.6544044090936383,0.9241533244053013,0.10264453360922815
7520,0.6543702357883423,0.9241371758873896,0.10265842012735683
7521,0.6543400703716625,0.924137706229006,0.10266159897682416
7522,0.6543439794448219,0.9241390935719299,0.10266373279853747
7523,0.6543696972721625,0.9241457382143546,0.10266648085184252
7524,0.6543711490896057,0.9241415031675345,0.10266300056066306
7525,0.6543832866134173,0.9241519101609911,0.10266103122569481
7526,0.6544113612177822,0.9241498003236913,0.10266256436307006
7527,0.6544262876529992,0.9241612833726013,0.10266686656481312
7528,0.6544344827456364,0.9241585893909126,0.10267203102993754
7529,0.6544329881363311,0.9241670863859394,0.10267845412240292
7530,0.6544285989064957,0.9241599997921676,0.10268199316584406
7531,0.6544327512245475,0.9241591812214119,0.10268386351958689
7532,0.6544676282610269,0.9241659795860444,0.10268527787095678
7533,0.6544587056889298,0.9241770668002697,0.10268854911845922
7534,0.6544734567924269,0.9241852640369916,0.1026929386327973
7535,0.6544525486943522,0.9241814670984632,0.10269905537182925
7536,0.6544775781617888,0.9241973158580697,0.10269945561838804
7537,0.6544859029559742,0.9241984764607374,0.10269994892847266
7538,0.6544957784029715,0.924192565841854,0.10269721265605046
7539,0.6544825887509901,0.9241850142384042,0.10270023060690656
7540,0.6544866178899573,0.9241837075996393,0.10269870903160003
7541,0.6544912818111088,0.9241903022823467,0.10269398871981593
7542,0.6544918437617685,0.9241952406082667,0.10270102382094175
7543,0.6544597240628662,0.9241814786276287,0.10271602219110311
7544,0.6544681925552958,0.9241836384246459,0.10271845809776445
7545,0.6544640633890669,0.9241787769598296,0.1027331516840098
7546,0.6544444943598013,0.9241671632470432,0.10273760123517725
7547,0.6544230564591105,0.9241550806815234,0.10275398277024886
7548,0.6544240342804375,0.9241555034175944,0.102759704068211
7549,0.654469015705933,0.9241404424843018,0.1028135858338978
7550,0.6544628231323776,0.9241151667103122,0.10284081401682099
7551,0.654470648173737,0.9241212733250104,0.10284311178863136
7552,0.6544654075578392,0.9241224723582299,0.10284261627226854
7553,0.654481210568345,0.9241272569619423,0.10284231168533611
7554,0.6544769690258878,0.9241254622551682,0.10285106693344792
7555,0.6544746940108106,0.9241216268860879,0.10285889303369748
7556,0.6544739648179614,0.9241354887861609,0.1028600181474157
7557,0.6544463128968856,0.9241210465847541,0.10287614963245308
7558,0.6544577882543944,0.9241306503796758,0.10287935844587891
7559,0.6544347595704216,0.9241280793757531,0.10288938066639877
7560,0.6544339524218825,0.9241232486553784,0.10289445751608414
7561,0.6544461217465452,0.9241272761772183,0.10289584555487029
7562,0.654452805304882,0.9241451540699657,0.10289722067632509
7563,0.6544358928680318,0.9241443278130996,0.10290425042454773
7564,0.6544345791225683,0.9241457497435203,0.10290724935862622
7565,0.6544382055406104,0.9241491931209712,0.1029078935179764
7566,0.6544338705722973,0.924144958074151,0.10290942909003033
7567,0.6544443735574341,0.9241513606040987,0.10290963650473146
7568,0.6544459939638865,0.9241388245580665,0.10291557972649784
7569,0.6544513516332856,0.9241373142373766,0.10291722787042985
7570,0.6544389485219453,0.924143589946503,0.10293198019149266
7571,0.6544172402405999,0.9241369222457471,0.10293864954992217
7572,0.6544261532288158,0.924116976789307,0.10294625303071635
7573,0.654420877000062,0.9241079917262711,0.10295414221333588
7574,0.6543942375284646,0.9241074767568755,0.10295803553757328
7575,0.6543825354368294,0.9241164541338012,0.1029754985365088
7576,0.6543944015135612,0.9241193018376975,0.10297516437769391
7577,0.6544068871366542,0.9241271531994522,0.10297829839100037
7578,0.6543895340237857,0.9241214039888869,0.10298435444753624
7579,0.6543917518067978,0.9241146286825855,0.10299492706905965
7580,0.6544127100202107,0.9241116618439783,0.10299536609107007
7581,0.6544368780516313,0.9241142097895697,0.10299273759132042
7582,0.6544441594026285,0.924121023526423,0.1029910315920319
7583,0.6544225191058707,0.9241294705617322,0.10300030856637456
7584,0.6544272479216469,0.9241274760160882,0.10300466103560162
7585,0.6544717344122196,0.9241003786339382,0.10306566170801361
7586,0.654491032268397,0.9240931536901796,0.1030701560685448
7587,0.6545043055609823,0.9241061393736691,0.10305997275022662
7588,0.6544968789440829,0.9241044138418885,0.10305529695294884
7589,0.6544745174726369,0.9241207122389525,0.1030673406676862
7590,0.6544369348808482,0.924123240969268,0.10308091666137123
7591,0.6544507578503885,0.9241245821955296,0.10308894222098126
7592,0.6544527559637794,0.9241294628756218,0.10309263935286782
7593,0.6544602810724935,0.9241328947239071,0.10310152890252756
7594,0.6544446316988431,0.9241302430158256,0.10310951710690523
7595,0.6544399524106805,0.9241168038518235,0.10310724384863436
7596,0.654442014861011,0.924117641637855,0.10310369914140156
7597,0.6544276473747459,0.9241183910336173,0.10310671522178107
7598,0.6544514901207825,0.9241288595159569,0.10311351868962856
7599,0.6544339952760075,0.9241292937811935,0.10310433701831262
7600,0.6544336447763813,0.9241195285779538,0.10311341151770624
7601,0.6544432490365982,0.9241147209159101,0.10311012785763109
7602,0.6544307391783398,0.9241071155096876,0.10311870033494788
7603,0.6544315474517515,0.9240979421369473,0.10312181527370728
7604,0.654428772181265,0.9240933804304359,0.10312532309482784
7605,0.6544675149772552,0.9240798989928267,0.10312446109544633
7606,0.6544671082538494,0.9240872353851859,0.10312717059591088
7607,0.6544838884000692,0.9240871162504749,0.10312811514088142
7608,0.6544838884000692,0.9240871162504749,0.10312119140110901
7609,0.6544770380118097,0.924081497703786,0.10313487374735342
7610,0.6544795604503267,0.9240836036980306,0.10314170757378062
7611,0.6544942306774889,0.924086251563057,0.10314021331711204
7612,0.6544548866255637,0.9240765363195348,0.10314642590723212
7613,0.654446615193429,0.9240652876969915,0.10315520538346627
7614,0.654446779728783,0.9240657719219455,0.10315676235655814
7615,0.6544636972120192,0.9240640387040545,0.10316150857692141
7616,0.654486426626252,0.9240737539475767,0.10316439102311986
7617,0.6545192666857698,0.92407583688349,0.10316618817484216
7618,0.6545379703869073,0.924074949137741,0.10315933135741374
7619,0.6545271621390636,0.9240850602159478,0.10316366580716103
7620,0.654498934399797,0.924074707025264,0.10317464827835106
7621,0.6545189808490349,0.9240770397597647,0.10317847559440173
7622,0.6545163704983684,0.9240799028358819,0.10319143256080393
7623,0.6545131305437101,0.9240908363278996,0.10319348381297956
7624,0.6545138186809804,0.924085283113149,0.10319806981046097
7625,0.6544946227876336,0.9240801910650212,0.10321816252546663
7626,0.6545114777409261,0.9240837612632934,0.10321987082291441
7627,0.6545049510590331,0.9240874083226694,0.10321834608805845
7628,0.6545298511335763,0.9240944833872756,0.10321949305542848
7629,0.6545245399388944,0.9240837189896863,0.10324949005360955
7630,0.6545167519369811,0.9240845952062698,0.10325654304646209
7631,0.6545085827777761,0.9240698148160061,0.10326031873381322
7632,0.6545218848378435,0.9240821894537203,0.10326184925938899
7633,0.6545279904860021,0.9240870855060334,0.1032603481877938
7634,0.65452424542617,0.924085947961697,0.1032587963833071
7635,0.6545264958858455,0.9240845683048835,0.10325710164744195
7636,0.654534447302904,0.9240823547050936,0.1032533300735463
7637,0.6545574813423364,0.9240951136483269,0.10326135483479526
7638,0.6545380487332402,0.9240896296085697,0.10327366100866095
7639,0.6545667490590642,0.9240945794636554,0.10327719535178456
7640,0.6545719448403042,0.9240986531021576,0.103282328783955
7641,0.6545868346746428,0.9240998406062115,0.1032797261434544
7642,0.654580074067414,0.9241054168792933,0.10328303174081138
7643,0.6545849554949156,0.9241129377383016,0.10329266950242752
7644,0.6545917445238373,0.9241236906067254,0.10329686989807922
7645,0.6546165391092399,0.9241325334767193,0.10329567844637617
7646,0.654632164454437,0.9241330638183356,0.10330930218479176
7647,0.6546234276900709,0.9241256544079278,0.10331805701644162
7648,0.6546348857078853,0.9241342244210032,0.10332526132722673
7649,0.6546332043940618,0.9241314343629347,0.10333350820608761
7650,0.6546428291396242,0.9241264345481315,0.10333656112753933
7651,0.6547085665036598,0.9241379598706486,0.10333481012425727
7652,0.6547357814973105,0.9241444315755898,0.10333850472386591
7653,0.654735175877512,0.9241569522494013,0.10334114897534154
7654,0.6547565137803985,0.9241655068902559,0.10334090632320063
7655,0.6547433992341665,0.9241639927265107,0.1033512378725045
7656,0.6547352223399814,0.9241668673317934,0.10335162522761845
7657,0.6547307264616044,0.9241696535468068,0.10335699239289782
7658,0.6547473613704806,0.9241777892946456,0.10335974201779087
7659,0.6547524971922596,0.9241678127233703,0.1033698159857566
7660,0.6547455701068456,0.9241784272418072,0.10337502671037058
7661,0.6547606254169916,0.9241777547071488,0.10337295654808067
7662,0.6547462032350811,0.9241703606689619,0.10337141728393823
7663,0.6547586618838501,0.9241701493009263,0.10337647736973185
7664,0.6547857749967446,0.9241713598633114,0.10339844524719188
7665,0.6547974852627371,0.9241628398099535,0.1034000750584627
7666,0.6548086497080935,0.9241662447568525,0.10339855726862142
7667,0.654806951697212,0.9241650072930812,0.10339951336434713
7668,0.6548252318620366,0.924171029360565,0.10340093281112903
7669,0.6548138371582092,0.9241560914050386,0.10340907070824394
7670,0.6548139248991368,0.924152636498422,0.1034142720611629
7671,0.6548197503673716,0.9241432632868118,0.10341671722994362
7672,0.6548386653889215,0.9241550576231923,0.10341171471290855
7673,0.6548491402916555,0.9241537932580345,0.10341470170805203
7674,0.6548562229337946,0.9241438589603664,0.10341978115982428
7675,0.6548698626866354,0.9241330292308388,0.10342652698211773
7676,0.6548851276228485,0.9241342282640583,0.10342973778537518
7677,0.6549178614577738,0.924134282066831,0.10343383416179691
7678,0.6549209072123111,0.9241235791581248,0.10346508761251708
7679,0.6548984360773052,0.9240997599020525,0.10345677302787296
7680,0.6548992956203105,0.9241012317921906,0.1034602328333681
7681,0.6549059836898145,0.924100736038071,0.10346429709241312
7682,0.6549126957913323,0.9241011011283141,0.10346770646709948
7683,0.6549250690305989,0.9241036183294641,0.10346594008770164
7684,0.6548926163471744,0.924098580084109,0.10346977561993707
7685,0.6548886005764234,0.9240982803258041,0.1034750800832124
7686,0.6549127257993487,0.92410696178748,0.10347891261924867
7687,0.654909645558344,0.9240986953757647,0.10349498614381335
7688,0.6549286446775991,0.9241156278769351,0.10353293708399601
7689,0.6549449746151838,0.9240947254997526,0.1035616772790478
7690,0.6549536654658443,0.924092738640219,0.10357159114860132
7691,0.6549192080361771,0.9241045598779858,0.10358556057813142
7692,0.6549150159280931,0.9241091946025458,0.10359304043740053
7693,0.6549043363483491,0.924110689551015,0.10359549847956877
7694,0.6548979144062612,0.9241096442400031,0.10359920592544057
7695,0.6548925168815372,0.9241050594751605,0.10360224049670834
7696,0.6548944436623763,0.9241057089514878,0.10360132871865874
7697,0.6548781982881842,0.9240930499276895,0.10364280561420719
7698,0.6549009504215872,0.9240761789154021,0.1036439795026742
7699,0.6549164048928011,0.9240763710681615,0.10367455099315012
7700,0.6549156273996055,0.9240828235578269,0.1036747875732699
7701,0.654899242578962,0.9240837305188518,0.10368567584531595
7702,0.6549269833373699,0.9240808021107966,0.10368435437219342
7703,0.6549082196928434,0.9240714327422415,0.10369151955018673
7704,0.6548866228489649,0.9240695112146461,0.10370091983256871
7705,0.6549073680391034,0.9240659563885947,0.1037055969307397
7706,0.6548952275798947,0.9240644153234632,0.10370851068648841
7707,0.6548855261057359,0.9240636889860321,0.1037095986025713
7708,0.6549130931241143,0.9240682314772676,0.10370649958279742
7709,0.6549279441928005,0.9240705449964924,0.10370579815960687
7710,0.6549245990843366,0.9240929769096409,0.10372012501026008
7711,0.6549414529447795,0.9240968314939971,0.10372192309813495
7712,0.6549166896555626,0.9241012433213561,0.10372751241121046
7713,0.6549519411056738,0.9241203855792612,0.10371988310919528
7714,0.6549576018836069,0.9241223762818501,0.1037165833650873
7715,0.6549538337929192,0.92412841756461,0.10373478239807556
7716,0.6549645779947268,0.9241402772329286,0.10373641006659097
7717,0.6549621200885072,0.9241396162274358,0.10373255735350108
7718,0.6549793043675073,0.9241438858617528,0.10372793118107448
7719,0.6549759938094688,0.924139035926102,0.10373019716676754
7720,0.6549725136227867,0.9241445852977974,0.10373025493778765
7721,0.6549848303618352,0.9241473522975348,0.10373312217247739
7722,0.6549701801476473,0.9241578169368192,0.1037378540571073
7723,0.6549581089385155,0.924158378022877,0.1037487907527862
7724,0.6549604102461143,0.924154408146865,0.10375342215255776
7725,0.6549582474645159,0.9241533359344668,0.10376089453817038
7726,0.6549542288040777,0.9241599613616157,0.10375947064395699
7727,0.6549568621107368,0.9241632894474109,0.1037702154751772
7728,0.6549679315468149,0.9241697304079106,0.10377216444502921
7729,0.6549794230184337,0.9241650149791915,0.10377166329647994
7730,0.6549633136867065,0.9241533051900253,0.1037826209475273
7731,0.6549547660645164,0.9241439012339735,0.10378997530336542
7732,0.6549854476405514,0.9241618060281073,0.10379279044173377
7733,0.6549865290238549,0.92415783230904,0.10379999810050071
7734,0.6549887189362404,0.9241504997597361,0.10380207132710348
7735,0.6549782189996153,0.9241623632711099,0.1038083059623031
7736,0.6549891689269516,0.9241661064068657,0.10380867223856528
7737,0.6550200493075033,0.9241597192491386,0.10379970866605322
7738,0.6550438525034823,0.9241712022980486,0.10379674004522575
7739,0.6550688417246705,0.9241659988013203,0.10379760912412297
7740,0.6550547433524726,0.9241623594280547,0.10380691505333683
7741,0.6550242201864905,0.9241518602012736,0.10381485765794563
7742,0.6550291271866456,0.9241540315274563,0.10381249059087241
7743,0.6550026539226653,0.9241437628839867,0.10382360845321938
7744,0.6550250332772737,0.92415068038333,0.10382149299474452
7745,0.6550362768595667,0.9241528939831198,0.10382161675834793
7746,0.6550317525483758,0.9241584625700913,0.10382174295979224
7747,0.6550466596752245,0.9241590505575354,0.10381915235066826
7748,0.6550516510941329,0.9241611757670559,0.10382116886388677
7749,0.6550501106508363,0.9241614947406368,0.10382287233574039
7750,0.655041045629914,0.9241621826475159,0.10383293927242898
7751,0.6550407229208868,0.9241625054641519,0.10383671658974719
7752,0.65503240356023,0.9241496389153733,0.10384400208755984
7753,0.6550303323650591,0.9241406461662269,0.10385183879451508
7754,0.655019312215836,0.9241363726888548,0.10386074224638223
7755,0.6550311895688898,0.9241494582917793,0.10385906092171605
7756,0.6550256189243916,0.9241423524827317,0.10386337664917789
7757,0.6550295908699749,0.9241408421620416,0.10387012942301145
7758,0.655014742270054,0.9241340553265748,0.10387486468287624
7759,0.6550213183005051,0.9241312345240648,0.10387762872387268
7760,0.6550158430092605,0.9241304582269163,0.10388133847168271
7761,0.6550067847948234,0.9241304620699714,0.10389025514234926
7762,0.6550222779753175,0.9241375794081848,0.10388560672406356
7763,0.6550436475773423,0.9241431979548737,0.10390073011062897
7764,0.655033993555393,0.9241261117314955,0.10391950482526617
7765,0.6550578883818791,0.9241334673391306,0.10391296039793595
7766,0.6550993524481197,0.9241398775551888,0.10391750097460468
7767,0.6551052526318579,0.9241493814306755,0.10391295760170564
7768,0.6551150337640945,0.9241430173312797,0.10390851693685052
7769,0.6550997382692633,0.9241383403331125,0.10391283642215998
7770,0.6550721467888333,0.9241360114416669,0.10392520997438036
7771,0.6550615864188774,0.9241341667751753,0.1039233519931459
7772,0.6550501024721951,0.9241328255489137,0.10392188260846515
7773,0.6550627315303321,0.924136737779098,0.10392358782490578
7774,0.65506598877215,0.924133978465471,0.10392509223551046
7775,0.6550461973803708,0.9241228451345833,0.1039383519062521
7776,0.6550177241004551,0.9241248512093929,0.10393587366708261
7777,0.6550136928402562,0.9241170536504109,0.1039418748704789
7778,0.6550208537909606,0.9241233831623101,0.10394692123671478
7779,0.6550392564752255,0.9241232025387162,0.10394775345888105
7780,0.655042641348686,0.9241276989132893,0.10395000602864674
7781,0.6550419749361207,0.9241344511612595,0.10394793874412392
7782,0.6550419749361207,0.9241344511612595,0.10394621582556896
7783,0.655069938021169,0.9241360844597155,0.10395701153018332
7784,0.6550876534262461,0.9241394855635593,0.10396348368846244
7785,0.6550896669147811,0.9241380636331388,0.10396929745957208
7786,0.6550684814172847,0.9241340630126852,0.10397603675670578
7787,0.6550702244189042,0.9241355579611544,0.10400028209851536
7788,0.6550580031160619,0.9241314382059899,0.10400934817043662
7789,0.6550509419851414,0.9241262769828688,0.10401688189580863
7790,0.6550580000957598,0.9241160198685646,0.10401273429837112
7791,0.6550827304653818,0.9241232986150959,0.10401447486631357
7792,0.6550672188324413,0.9241157393255357,0.10401799464680625
7793,0.6550421329187147,0.9241088717859098,0.10402352827406586
7794,0.6550421329187147,0.9241088717859098,0.10401587087304756
7795,0.6550293162522781,0.924104967241836,0.10401579612951953
7796,0.6550421268332842,0.9241059779653511,0.10401850260516143
7797,0.6550504812429576,0.9241079340804432,0.10401779329510827
7798,0.6550324779564363,0.9241029650100816,0.10402535678978096
7799,0.6550571536862606,0.9241199974306871,0.10401975314861206
7800,0.655043575726475,0.9241052170404234,0.10403200173297446
7801,0.6550489636788602,0.9241135103535251,0.10402467869305032
7802,0.6550740618504212,0.9241169652601415,0.10403473210421571
7803,0.6550833205902427,0.9241167154615542,0.10403480360852163
7804,0.6550773854682966,0.9241064660333603,0.10403594695505607
7805,0.6550554063912948,0.9240883114406393,0.1040458931910197
7806,0.6550478512784269,0.9240926925235567,0.10404430930715973
7807,0.6550470527514133,0.9240843607799032,0.10404638960450056
7808,0.6550452060014227,0.9240789997179121,0.10405343888596567
7809,0.6550568980434991,0.9240811672010396,0.10405590063768151
7810,0.6550538643784214,0.9240854560506325,0.10406026028456876
7811,0.6550477569082789,0.9240760520945808,0.10406736319014555
7812,0.6550421867963725,0.9240764978889828,0.10406476736449399
7813,0.6550673383339723,0.9240795608039699,0.10406471651496838
7814,0.6550735270474706,0.9240750759585623,0.10406442874910002
7815,0.6551101554901463,0.9240718093616501,0.10410627127614426
7816,0.6551131706510219,0.9240727393810063,0.1041110139813504
7817,0.655119664688274,0.9240793648081552,0.10411143505806794
7818,0.6550943533939764,0.9240753219140945,0.10410161826667837
7819,0.655099179586159,0.9240684735897446,0.10411083111044209
7820,0.6550992440074176,0.9240687464466631,0.10410201848674978
7821,0.6551265989163169,0.9240726586768473,0.10410232608325186
7822,0.655127414730822,0.9240743304058553,0.10410619527470909
7823,0.6551137384551241,0.9240796107636874,0.10411688935694458
7824,0.655123235377469,0.9240832962536153,0.1041181614897622
7825,0.6551178820723069,0.9240806983483064,0.10412177710533156
7826,0.655110177739278,0.9240682622217091,0.10413043603501872
7827,0.6551061414968506,0.9240682084189364,0.10413362509671305
7828,0.6550793997081836,0.9240497425387448,0.10415982354415693
7829,0.6550829159120533,0.9240509415719643,0.10417508828954468
7830,0.6551268001940085,0.9240597536975168,0.10417205623289959
7831,0.6551040373828677,0.9240425406533174,0.10419517421925872
7832,0.6551256592368144,0.9240397851827457,0.10423213794098547
7833,0.6551534724890246,0.9240473636875818,0.10423697976133589
7834,0.655149897940373,0.9240528592565046,0.10424776551239559
7835,0.6551586346007883,0.924055326497937,0.10424249481262741
7836,0.6551834145015794,0.924077166580586,0.10424258442553473
7837,0.6551862832862041,0.9240836498146928,0.10424552728823352
7838,0.655187656721906,0.9240756870043376,0.10424811983796789
7839,0.6552028202812639,0.9240527747092904,0.104258024585834
7840,0.6552105925052912,0.9240463030043491,0.10426857371852484
7841,0.6552284741689824,0.9240552381076677,0.1042694623556579
7842,0.6552552316210154,0.9240595538586468,0.10426792891862507
7843,0.6552260560844338,0.9240500768845464,0.10427369416166733
7844,0.6552361519803861,0.9240702221798563,0.1042733320920207
7845,0.6552270714496884,0.9240738846114531,0.10428227098306467
7846,0.655243672842577,0.9240880116823343,0.10428559377484067
7847,0.6552312600104625,0.9240833923299951,0.10429375079380256
7848,0.6552663208849615,0.9240832962536153,0.10431635174904139
7849,0.6552710078957605,0.9240910899695421,0.10431423322153295
7850,0.655272969769182,0.9240894605141413,0.10431824396674919
7851,0.6553018130885898,0.9240965816954098,0.10433449194769202
7852,0.6552847261985826,0.924087742668471,0.1043361477781666
7853,0.6552772796551942,0.9240802179664075,0.10434242002049125
7854,0.6552655836489386,0.9240754756363021,0.10435375824279239
7855,0.655258472046946,0.9240690039313609,0.10435729101900575
7856,0.6552958653482188,0.9240429941338298,0.10440513265691569
7857,0.6552999739593599,0.9240500999428776,0.10439842148902123
7858,0.6553187680727832,0.9240614677001319,0.10439994946789517
7859,0.6553154712349246,0.9240616598528913,0.10440178548659801
7860,0.6553245716825801,0.9240581242421159,0.10441091869001405
7861,0.6553139248073077,0.9240584163143104,0.10441361029625998
7862,0.6553176948201204,0.9240567407422472,0.10442017356250831
7863,0.6553225523511494,0.9240577476227072,0.10442104105991955
7864,0.6553300693073604,0.9240547807841,0.1044232078757466
7865,0.6553371318138017,0.924055929857602,0.10442656971903926
7866,0.6553422964069162,0.9240583240809858,0.10443229521370774
7867,0.6553357378757212,0.9240463875515633,0.10443842775570839
7868,0.6553460722430692,0.9240485857791324,0.10443822953025099
7869,0.6553584054219012,0.9240484512722008,0.10444232218761752
7870,0.6553606507812242,0.9240430056629955,0.1044563901201914
7871,0.6553846398480319,0.924049784812352,0.10445609692150724
7872,0.655385052996865,0.9240500153956634,0.10445714303549733
7873,0.6553977798505234,0.924046602762654,0.10446309142822739
7874,0.6553883740634425,0.924043539847667,0.10447555854208969
7875,0.6553761213147647,0.9240395815008206,0.10448074586597897
7876,0.6553799984858679,0.9240501768039814,0.10448300143753692
7877,0.655385801868093,0.924047671131997,0.10448159340925152
7878,0.6553688181325988,0.9240435705921085,0.10450025201865959
7879,0.6553666808998801,0.9240449464058668,0.10450684613567894
7880,0.6553808241869409,0.9240372180218782,0.10450883978309768
7881,0.6553885756178998,0.9240364763122264,0.10448004785789897
7882,0.6554159577195665,0.9240341973804983,0.10448534535705964
7883,0.6554175631183822,0.9240383478801043,0.10448970782478983
7884,0.6554080943713716,0.924033909151359,0.10449998897786042
7885,0.6554204493508219,0.9240325179653799,0.10450267540309485
7886,0.6554027698402544,0.9240329407014509,0.10450541939416211
7887,0.6554075238089874,0.9240300545670026,0.10450996232762677
7888,0.6554238419155447,0.9240285980490853,0.10451090973954669
7889,0.6554215528448628,0.9240280331199723,0.1045152322289344
7890,0.6554150344412875,0.9240345201971343,0.10452201887800486
7891,0.6554117311494575,0.9240503612706306,0.1045336083974198
7892,0.6553955702980856,0.9240395200119375,0.10454270166363988
7893,0.6554037327662863,0.9240363033747427,0.10453965756587148
7894,0.655375112534575,0.9240433015782451,0.1045509046482778
7895,0.6553928203587293,0.9240469524806764,0.10454092458240306
7896,0.6553880645092585,0.924044266185098,0.1045363258167863
7897,0.6554068622886446,0.92403977365358,0.10453801191173603
7898,0.6554014814239327,0.92403846317176,0.10453333799986186
7899,0.6554071031423965,0.9240354579026008,0.10453107125111956
7900,0.655422927062235,0.9240495273276542,0.10453491205435247
7901,0.6554188657615183,0.9240534049703416,0.1045311998927502
7902,0.6554370641490972,0.9240544541244087,0.104532554136589
7903,0.6554375892045964,0.9240583894129241,0.10454045410687444
7904,0.655410441386039,0.9240658410969389,0.10454892146348077
7905,0.6554485266524579,0.9240943027636817,0.10454952815298557
7906,0.6554449436333708,0.9240878810184578,0.10454967222579001
7907,0.6554439684604795,0.9240897449002254,0.10454951534685145
7908,0.6554428569883364,0.9240843069771305,0.10455690041258466
7909,0.6554567441892578,0.9240759214307043,0.10456742721251858
7910,0.6554415628615007,0.9240705411534372,0.10457533329170288
7911,0.6554485782893256,0.9240754679501918,0.10457602350795835
7912,0.6554354217163098,0.9240767784320119,0.1045824646475452
7913,0.6554570555311064,0.9240824354092526,0.10457790314536701
7914,0.6554585639871532,0.9240692575730035,0.10458622750402027
7915,0.6554356574667737,0.9240683928855856,0.10459656913164508
7916,0.655432396444577,0.9240661600705198,0.10460760330585238
7917,0.6554488650077054,0.9240652492664395,0.10460701781803448
7918,0.6554420743172674,0.9240653991455919,0.10460627954711993
7919,0.6554727160375613,0.9240702606104083,0.10458830615568425
7920,0.6554983421244068,0.9240686465272282,0.10459174578708721
7921,0.6555452157980141,0.9240687925633254,0.10459174198250072
7922,0.65554120042421,0.9240640233318337,0.10460672011127785
7923,0.6555292044780563,0.9240652800108811,0.10461403906035278
7924,0.6555360715184124,0.9240675512564988,0.10461944989780488
7925,0.6555347377567352,0.9240640848207168,0.1046276401093666
7926,0.6555318288878623,0.9240639887443369,0.10463333283776902
7927,0.6555276076859831,0.9240667711162951,0.10463880218831563
7928,0.6555283641670259,0.9240619480820307,0.10464715049688282
7929,0.655548866523682,0.9240601725905325,0.10464656002412605
7930,0.6555506813945836,0.9240601034155391,0.10464671756927803
7931,0.6555482771428708,0.9240534818314454,0.10465225188795751
7932,0.6555850192611918,0.924043520632391,0.1046629466325733
7933,0.6555866019892783,0.9240415606742437,0.10466854863451151
7934,0.6556116626064529,0.9240498770456765,0.10466651519149493
7935,0.6556010098568671,0.9240492275693493,0.10466585900642712
7936,0.6555837039759005,0.9240556531576283,0.10466124458050856
7937,0.6555695474896044,0.9240612255876548,0.10466752039026585
7938,0.6555759434136579,0.9240645113998429,0.10466891879329492
7939,0.655574598379997,0.9240736501850866,0.10467102765854464
7940,0.6555908538743692,0.9240758484126557,0.1046811652810197
7941,0.6555951133944363,0.9240743765225176,0.10468797332648737
7942,0.6556034667336815,0.9240624054055984,0.10469393313655104
7943,0.6556012862996704,0.9240646651220505,0.10470600891185737
7944,0.6556060508939935,0.9240541351508279,0.10471293941586608
7945,0.6555819417714256,0.9240430863671545,0.10471981136790198
7946,0.6555953154246336,0.9240610449640608,0.10472374363163954
7947,0.6555745443145796,0.9240693421202177,0.10474019153097393
7948,0.6555661086672795,0.9240635544791004,0.10474619030136557
7949,0.6555725095789634,0.9240626936347377,0.10475534134076332
7950,0.6555659675045837,0.92407371936008,0.1047613908247015
7951,0.6555623858825621,0.9240695035285357,0.10476344124893176
7952,0.6555303039069694,0.9240461646543623,0.10479442666183204
7953,0.6555268899208305,0.9240451885183438,0.10479382839685139
7954,0.6555526480764711,0.9240395392272134,0.10479702623577859
7955,0.655546648533027,0.9240309269405309,0.10480815263428467
7956,0.6555401633336572,0.9240227796635265,0.10482064383042325
7957,0.6555639982217726,0.9240223146538484,0.10481390074579049
7958,0.6555770290405852,0.9240156046794854,0.10481887950908993
7959,0.6556153659489562,0.924032982975058,0.10482346049430169
7960,0.6555949144866715,0.9240315379863062,0.10482121598291735
7961,0.6556003849966154,0.9240266842076004,0.10482342113070246
7962,0.6556221970978127,0.9240337016263787,0.10482327956440649
7963,0.6556347785292507,0.9240362341997493,0.10483354544391668
7964,0.6556446417277089,0.9240460762640929,0.10483544035595396
7965,0.6556317702617334,0.9240473483153611,0.10484040698378315
7966,0.6556339905007575,0.9240327754500777,0.10484020508422479
7967,0.6556330015512998,0.9240257810896305,0.10484745708041744
7968,0.6556720328064831,0.924041122565952,0.10484615181600186
7969,0.6556699115611356,0.9240396391466483,0.10486373582336571
7970,0.6556855983775443,0.9240494619957159,0.10486075175490402
7971,0.6556664832325246,0.9240565908630948,0.10486932972413446
7972,0.6556449615062587,0.9240448733878182,0.1048811292837872
7973,0.6556470206310973,0.9240417028672858,0.10488959497292134
7974,0.6556329726983825,0.9240459801877131,0.10489530400757609
7975,0.6556290813056833,0.9240365608594405,0.1049032844253809
7976,0.6556161946795283,0.9240257003854715,0.10491934453408884
7977,0.6556200128701227,0.924015939025287,0.10493130166351933
7978,0.6555790031128044,0.9240102128730527,0.1049569395865197
7979,0.655579933745408,0.9239914664498323,0.10496242879313222
7980,0.6555337077656757,0.9239795068620786,0.1049772004942674
7981,0.6555256615065058,0.9239734348348773,0.10498090581558338
7982,0.6555469729776977,0.9240009280517119,0.104985900533954
7983,0.6555468732749188,0.9240116232743077,0.10498496361124696
7984,0.6555412443286147,0.924023575175951,0.10499695687825632
7985,0.6555308907772467,0.9240194400485657,0.10500152277184917
7986,0.6555579707068858,0.9240231562829352,0.10498529235287078
7987,0.6555574603040093,0.9240337669583168,0.10496636105379781
7988,0.6555955642378053,0.9240286787532443,0.10496921440951171
7989,0.6555738225308217,0.92400552434572,0.10497677186592227
7990,0.6555757238531736,0.9240121036562066,0.10498055587674529
7991,0.6555661116775242,0.9240030148306805,0.10498161507213773
7992,0.6555760979245447,0.9240042599805622,0.10498777417680465
7993,0.6556101083379813,0.9240169343765814,0.1049869815573426
7994,0.6556255331159209,0.9240138022866009,0.10498783741668355
7995,0.6556249164584456,0.9240118730728951,0.10500415118215665
7996,0.655644427809154,0.9240117193506875,0.10500979234596462
7997,0.6556289886326911,0.9240245935855765,0.10502389061181122
7998,0.6556137840926092,0.924016765282153,0.1050327580647882
7999,0.6556288781282257,0.9240127800339202,0.10503541898684766
8000,0.6556249864267631,0.9240073459538805,0.1050381688362933
8001,0.6556180045341633,0.9240069424330855,0.10505296254190506
8002,0.6556196298066734,0.9240006398225726,0.10505352434810951
8003,0.6556211476100612,0.924002661269603,0.10505942557044051
8004,0.6556172980684166,0.924008967723171,0.10506085586616774
8005,0.6556133219818515,0.924005743399866,0.10507028076635419
8006,0.6555934103548857,0.923998914290792,0.10508613425170732
8007,0.6555787560248884,0.9239773701233925,0.10510075748199495
8008,0.6555954101255574,0.9239718630253042,0.10510544701940178
8009,0.655587161706752,0.923966982345212,0.10511794018934942
8010,0.6555985803251231,0.9239740919973148,0.10512278858437209
8011,0.6556158803438376,0.9239671783410267,0.10512301459720626
8012,0.6556225826468772,0.923965752567551,0.10512223070809712
8013,0.6556369283622178,0.9239558105837724,0.10512523407198511
8014,0.6556187191244693,0.923948808537215,0.10512307896301909
8015,0.655630125764526,0.9239476786789889,0.1051322181465082
8016,0.6556027098526824,0.9239376559910514,0.10514355298872051
8017,0.6555973521419121,0.9239268531629101,0.10515264365201367
8018,0.6555945109440003,0.9239271951948221,0.10516190605950461
8019,0.6556050997416869,0.923924716424224,0.10517153879732172
8020,0.6556122457603047,0.92392453580063,0.1051751405981571
8021,0.6556049369096361,0.9239260115338234,0.1051874180873025
8022,0.6555942197131724,0.9239138175197031,0.10519760655795261
8023,0.6555845343735706,0.9239032030012663,0.10522209027256015
8024,0.655580652479997,0.923907268953658,0.10523194487138522
8025,0.6555828216179651,0.9239154508181592,0.10523565126992943
8026,0.6556034858440263,0.9239166575374891,0.10523757521727202
8027,0.655596195661468,0.9239277409086591,0.10523787738127906
8028,0.655623432332315,0.9239322026957356,0.10523601130015055
8029,0.6556358567450187,0.9239337091733705,0.10523038477783918
8030,0.6556251966181134,0.923938436131255,0.10523912169827801
8031,0.6556159130892589,0.9239349427940866,0.10523616462875354
8032,0.6556027814655014,0.9239436550002041,0.105241122281776
8033,0.6555944543883556,0.9239323564179432,0.1052478978488816
8034,0.6556063976566687,0.9239233406104658,0.10525108805048593
8035,0.6555925607117004,0.923918752002568,0.1052562583202229
8036,0.6555720415575924,0.9239208349384814,0.10526569356560185
8037,0.6555743522136217,0.9239163616222393,0.1052650772029561
8038,0.6555639659306338,0.9239362417467412,0.10527474916193547
8039,0.6555655576014555,0.9239291974265765,0.10527842063487998
8040,0.6555671678083765,0.9239218917786589,0.1052802972200351
8041,0.6555632813506809,0.923922679604973,0.105283413057107
8042,0.6555552436645421,0.9239317799596647,0.10526380663941241
8043,0.6555587844555273,0.9239289091974372,0.10526705737595933
8044,0.6555588156222284,0.9239204736912935,0.1052727959556357
8045,0.6555716875125287,0.9239332057331404,0.10527871667585346
8046,0.6555665356066213,0.9239322026957356,0.1052809975205301
8047,0.6555492645462848,0.9239264188976736,0.10529349794240311
8048,0.6555742941278991,0.9239340665775032,0.1052949488033677
8049,0.655576844508847,0.9239431976766364,0.10530006752175236
8050,0.6555912811584538,0.9239415605351251,0.10529595344211147
8051,0.6555803207626977,0.9239486010122346,0.10530048013297752
8052,0.6555844223493071,0.9239544193977934,0.10531186306228318
8053,0.655610075330473,0.923957332433628,0.10531984893536142
8054,0.6556172758157942,0.9239610640402183,0.10532096959392098
8055,0.655616558925828,0.9239581048877213,0.10532341173978772
8056,0.6556079222390347,0.9239398926491723,0.10532968475326013
8057,0.6556080832748002,0.9239407996101974,0.10533355452286418
8058,0.6556198727646171,0.9239457148777863,0.10533994345083887
8059,0.655631589498164,0.9239423406753289,0.1053456778090048
8060,0.6555923257535552,0.9239429094474971,0.10536248995211774
8061,0.6556028102749005,0.9239431861474708,0.10536460075104033
8062,0.6555991577092961,0.9239469100679507,0.10536425185544146
8063,0.6556039988667945,0.9239442084001516,0.10536875468846282
8064,0.655614191276845,0.9239395506172604,0.1053694403509933
8065,0.6556248932026741,0.9239505878717682,0.10536327941926096
8066,0.655634532663112,0.923951913725809,0.1053549778604607
8067,0.6556566941276306,0.9239600686889238,0.10535369263494891
8068,0.655643448239112,0.9239548267616436,0.10535027758862174
8069,0.6556439477783508,0.9239491774705132,0.1053513569090874
8070,0.6556356640319255,0.9239403499727401,0.10536712268986331
8071,0.6556349792217651,0.9239381363729502,0.10536711159522877
8072,0.6556512173579645,0.923936299392569,0.10536578853075626
8073,0.6556500015147865,0.9239331250289814,0.10537326978248024
8074,0.6556206525149155,0.9239274411503543,0.10538360822050524
8075,0.6556092667085756,0.9239402961699674,0.10538892108971952
8076,0.6555866016964312,0.923935354000992,0.10539910274577777
8077,0.6556223998299237,0.9239407112199279,0.10541150094417631
8078,0.65563911621553,0.9239504495217814,0.10541374323962927
8079,0.6556121262385505,0.9239386052256835,0.10542869289806368
8080,0.6556289783476925,0.9239382209201644,0.10542942190677525
8081,0.6556115649825669,0.9239367720883574,0.1054514681713743
8082,0.6556162731462496,0.9239276333031139,0.10545780789052739
8083,0.6556020726760512,0.9239237018576537,0.10546150216343647
8084,0.6556064094755487,0.92392493547837,0.10545808515357447
8085,0.6556337106308299,0.923920081699664,0.10545342607830212
8086,0.6556151378395225,0.9239118498754454,0.10546252973033894
8087,0.6556167272855569,0.9239101243436648,0.10546675937589484
8088,0.6556063288150052,0.9239027879513056,0.1054700972731486
8089,0.6556280174663004,0.9239033221359771,0.10547524353341294
8090,0.6556348760445373,0.9238950864687033,0.10548442088644842
8091,0.6556457049084929,0.9239042483122781,0.10549046988792336
8092,0.6556592462524651,0.9238978611545511,0.10549639712524271
8093,0.6556549243252142,0.9238938605340975,0.10549863854193166
8094,0.655644324674908,0.9238870237389132,0.10550423996973395
8095,0.6556398872069246,0.9238853942835122,0.10552119420340492
8096,0.6556500260231838,0.9238880152471524,0.10552438980307235
8097,0.6556600201669743,0.9238858938806871,0.10553017400181815
8098,0.6556714377115467,0.9238813014297341,0.10553262364986994
8099,0.6556676935715241,0.9238774929620401,0.10554096850047369
8100,0.6556670732917824,0.9238789148924607,0.10554560769073655
8101,0.6557007126545953,0.9238856671404309,0.10554101015055904
8102,0.6557077050668538,0.9238905631927439,0.10555181680826003
8103,0.6557123558670582,0.9238903441385979,0.10555722916154218
8104,0.6557226120303107,0.9238898791289198,0.10555190371004555
8105,0.6557234649577987,0.9238871159722377,0.10555508033794783
8106,0.6557362040896734,0.9238911358079672,0.10555492181476697
8107,0.6557325086997978,0.9238960549186115,0.10555601594414013
8108,0.6557404382414656,0.923902330627738,0.10556006587486703
8109,0.6557855957159119,0.9239244704686919,0.10555892928221532
8110,0.655788548069522,0.9239178796290397,0.10555632219617866
8111,0.655739140552851,0.9239251660616814,0.10556581552410399
8112,0.6557256729187768,0.9239235750368324,0.10556269961919021
8113,0.6557151163617516,0.9239223337300058,0.10557148995006242
8114,0.6557082616229463,0.923923263749362,0.1055765765758881
8115,0.6557358990765474,0.9239222645550124,0.10557569024010288
8116,0.6557226333002392,0.9239240938492832,0.10557962788582845
8117,0.6557167139020289,0.9239245665450716,0.10558578398671772
8118,0.6557329868399399,0.9239261767851965,0.1055814039078855
8119,0.6557251818167728,0.9239255465241453,0.10559250890767986
8120,0.6557116090907357,0.9239262728615764,0.10559949114556683
8121,0.6557102615022611,0.9239358113245598,0.10559795493472794
8122,0.6557072598722771,0.9239325600998683,0.10559902572974056
8123,0.6557373032172542,0.923917441520748,0.1056006671783056
8124,0.6557297133648086,0.923914862830715,0.10560374563074436
8125,0.6557442776443283,0.923921230773166,0.10560547770642648
8126,0.6557343873454304,0.9239152163917925,0.10560337077268855
8127,0.6557123047042183,0.9239016119764173,0.10561514561097936
8128,0.6557389594935784,0.9239108160935992,0.1056144466618977
8129,0.6557099425254757,0.9238878730541104,0.10559932289953217
8130,0.6557352025493945,0.9238926691869884,0.10559776366027682
8131,0.6557372496953551,0.9238887646429146,0.10559328680997944
8132,0.6557524957143743,0.9238820623546619,0.10559716845035214
8133,0.6557434634899096,0.923873903548492,0.10560928458973105
8134,0.6557627301492416,0.9238721549583802,0.10561045208672971
8135,0.6557400377559174,0.9238675932518687,0.10561919390508176
8136,0.6557436886879399,0.9238795989562846,0.10561385930660497
8137,0.6557319080420873,0.9238699067710936,0.10561264001566383
8138,0.6557218606671095,0.9238654911006794,0.10562053871545966
8139,0.6557029360661062,0.9238536352754159,0.10562661071707166
8140,0.6557139891030574,0.9238500228035366,0.10563021037225781
8141,0.6556711204604455,0.9238413720863022,0.10564427633272533
8142,0.6556949702669219,0.9238414604765716,0.10564653495489784
8143,0.6557082834163694,0.9238481935092658,0.10564261192856547
8144,0.6557264408643257,0.9238557989154883,0.10564245619050303
8145,0.655707133087802,0.9238406419058159,0.10565266109672748
8146,0.6557197562487691,0.923834496860566,0.10565350373511397
8147,0.655706922587943,0.9238314416316893,0.10566079489327718
8148,0.6557270749044012,0.9238388356698763,0.10567247790017997
8149,0.6557265880839069,0.9238311226581084,0.1056696247417809
8150,0.6557027830852266,0.9238271835265379,0.10567662586373891
8151,0.6557126321005374,0.923835142493838,0.10568516441807056
8152,0.6557071589900497,0.923852812861605,0.10569624343960023
8153,0.655701232841992,0.9238474287412828,0.10570570915554874
8154,0.6557039096248678,0.9238518520978074,0.10571456470922322
8155,0.6556689290011705,0.9238424289264796,0.10581668110701543
8156,0.6556579001893073,0.9238483510745286,0.10583120865905409
8157,0.6556642023073435,0.9238437586235757,0.1058420815734536
8158,0.6556512965062659,0.9238462758247256,0.10583568749253484
8159,0.6556688213268878,0.9238397042003494,0.105835750868611
8160,0.6556767182570276,0.9238310957567222,0.10583596145383234
8161,0.6556614795588731,0.9238251005906245,0.10584098117512496
8162,0.6556508580869148,0.9238113001794346,0.10585779878379153
8163,0.6556179422481321,0.9237934069144664,0.10587446923113343
8164,0.6556245522843619,0.9238002398665955,0.10587408673733864
8165,0.6556297511838518,0.9237966773544337,0.10588284145419057
8166,0.655642837946213,0.9237992060847493,0.10587651294953397
8167,0.6556316637456271,0.9237820199419362,0.10590970620322702
8168,0.6556228164859073,0.9237783613533946,0.10591151037644785
8169,0.6556167810762993,0.9237771584771199,0.10591338172300276
8170,0.655637983426013,0.9237795603866141,0.10591614534335658
8171,0.6556298652026425,0.9237729964483483,0.10591749787527716
8172,0.6556536798615551,0.9237743607329411,0.10592210993504049
8173,0.6556815799564546,0.9237752561648005,0.10591164497608785
8174,0.6556941145012494,0.92376859999321,0.105887044835197
8175,0.6557166460657939,0.9237756712147611,0.1058895784407042
8176,0.6557261425123775,0.923788161144131,0.10588778006908924
8177,0.6557339419602501,0.9237874386497552,0.10588842846764027
8178,0.6557464642637131,0.9237998132874694,0.10589347293321841
8179,0.6557502322180557,0.9238031221579887,0.10590433585189579
8180,0.655739485344038,0.9238028569871805,0.10591257452941927
8181,0.6557361599909697,0.9237992483583564,0.10592225462367395
8182,0.6557596295646814,0.9237986488417466,0.1059227624653736
8183,0.6557743686937081,0.9238053357577785,0.10592616082976748
8184,0.6557839221531577,0.9238090827365895,0.10592642652320204
8185,0.6557742946704748,0.9238096053920954,0.10593492595324604
8186,0.6557933068379811,0.9238077760978246,0.10594984085950004
8187,0.6557816952646938,0.9238043096620425,0.10594511509021776
8188,0.655785118459852,0.9238148281040997,0.10595329548087791
8189,0.6557732875320448,0.923824604836505,0.10594954008116085
8190,0.6557608649506618,0.9238216072534562,0.10595503852643728
8191,0.6557745956991718,0.923828071272287,0.10595391852310224
8192,0.6557803723639292,0.9238261651169124,0.10595189093929173
8193,0.6557844084453114,0.9238242282170962,0.10595283086627667
8194,0.6557995625368113,0.9238426787250671,0.10595641711937373
8195,0.6557863453480569,0.9238430169139238,0.1059685759999614
8196,0.6558056088803091,0.9238444273151788,0.10597841645076624
8197,0.6558105743478768,0.9238221529672932,0.10598982294030077
8198,0.6558070778247836,0.9238207271938175,0.10599750889037117
8199,0.6558128177150995,0.9238282403667154,0.10600235479379533
8200,0.6558009793642273,0.9238357343243374,0.1060050137392031
8201,0.6557999073301704,0.9238335476259338,0.10601096776436342
8202,0.6558165571093618,0.9238376558519328,0.10600936162739145
8203,0.655835397404914,0.9238493156813815,0.10600436198673402
8204,0.6558486115777956,0.923857101711198,0.10600585465827707
8205,0.6558468110339001,0.9238522940491544,0.1060100972919488
8206,0.6558503783418611,0.9238488468286482,0.10600995071960152
8207,0.6558491812169464,0.9238456225053432,0.10601875855702161
8208,0.6558500009689083,0.9238483510745286,0.10602989380336113
8209,0.655880457509026,0.9238587311665988,0.10601968431224462
8210,0.6558831043565185,0.9238597034595621,0.10602334837321022
8211,0.655901248768394,0.9238609370802783,0.10602855202639674
8212,0.6559197051733242,0.9238589655929654,0.10602680831102539
8213,0.6559042719733241,0.9238500074313158,0.10604535826249611
8214,0.6559198968661843,0.92385009197853,0.10604853503791305
8215,0.6559167990911744,0.9238491158425116,0.10605476939765131
8216,0.6559238273844931,0.9238461105733524,0.10605417273272046
8217,0.6559072724782125,0.9238318413094291,0.10606175791028603
8218,0.6558864031866184,0.9238352539424385,0.10606086158245316
8219,0.655925873209836,0.9238285977708481,0.1060437553952162
8220,0.655896871672222,0.9238340011064463,0.106040074971486
8221,0.6558941274231253,0.9238230829866494,0.10604359906088165
8222,0.6558967710891462,0.9238201315202629,0.10604954678779563
8223,0.6559059234626545,0.9238287937666628,0.10605201941685784
8224,0.6559072739207393,0.923818763392615,0.1060603183772151
8225,0.6559076607419245,0.9238171454663797,0.1060660618611119
8226,0.655914087297358,0.9238220953214654,0.10606542619384747
8227,0.6559185330427214,0.9238240514365574,0.10606542783179125
8228,0.6559090183110456,0.9238174298524638,0.10607223331092981
8229,0.6559302175603777,0.9238327751718405,0.10606488559896832
8230,0.6559298596278954,0.9238345429772282,0.10607541091377713
8231,0.6559182066614753,0.9238253772905983,0.10607696181246855
8232,0.6559175051035432,0.9238255425419715,0.10608293083470724
8233,0.6559013428256195,0.923823255924133,0.10607910719365744
8234,0.655946710206432,0.9238251966670044,0.10607855696758903
8235,0.655936696529062,0.9238176642788304,0.1060866383165172
8236,0.6559628810566355,0.92381282202929,0.10608723981494907
8237,0.655966102991285,0.9238075570436788,0.1060895879968203
8238,0.6559574994666839,0.9238037716343158,0.10609268869313032
8239,0.6559432981410227,0.9238044095814776,0.10609903156992223
8240,0.6559380000009503,0.923798133872351,0.10610929094511211
8241,0.6559498708686009,0.9238042212717732,0.10611247767647862
8242,0.6559640332032202,0.9238025418566548,0.10611464748273196
8243,0.6559726158962096,0.9238035833246115,0.1061087385129065
8244,0.655950819782052,0.9237957242767464,0.10612436889449905
8245,0.655945983111792,0.9237995096861094,0.10612772607992889
8246,0.6559383519539954,0.9238067500020887,0.10612785932928509
8247,0.6559274614316356,0.9238055317535933,0.10613029624984463
8248,0.6559286988068587,0.9237924692089998,0.10613496485146137
8249,0.655927430276769,0.9237837800612135,0.10614651000350381
8250,0.6559464865548944,0.9237741954815678,0.10614730611876588
8251,0.6559384853317475,0.923780647971233,0.10615726434628524
8252,0.6559288592925646,0.923781674066969,0.10616567630871654
8253,0.6559035977916698,0.923769041944557,0.1061786117980048
8254,0.6558849822792396,0.9237823427585722,0.10617182301337157
8255,0.6558793404938578,0.9237792414130332,0.10617383214060407
8256,0.6558857042161277,0.923777723406233,0.10617842630541739
8257,0.655887571785023,0.9237802559796037,0.10619024351753346
8258,0.6558778872705686,0.9237758864258517,0.10619784214483209
8259,0.6559162468379816,0.9237715476165413,0.10621206185685578
8260,0.6558919263019554,0.923769341702862,0.10622605502794669
8261,0.6558874580606731,0.9237638999367118,0.10623153892196191
8262,0.655885987313202,0.9237578471247864,0.10623585887889286
8263,0.6558832850291663,0.9237555989374998,0.10624145332275531
8264,0.6558912634192783,0.9237796564629939,0.10625038649765849
8265,0.6559046308334929,0.9237907744216607,0.10624836777427173
8266,0.6559163327174786,0.9237955282809317,0.10625535536246951
8267,0.6559074923712088,0.9237835571640125,0.10626545657248986
8268,0.6558966915597256,0.9237865970206683,0.10628787474138923
8269,0.6558981130186506,0.9237806249129019,0.10629046831544084
8270,0.6559062850287167,0.9237820737447089,0.10629551341136749
8271,0.6558665462192894,0.923754657388978,0.10636748212263814
8272,0.6558538703750443,0.923751917290627,0.10637446127633769
8273,0.655867183544611,0.923762554867395,0.10637642809993696
8274,0.6558589787170727,0.9237548456986824,0.10638563488272657
8275,0.6558313567192751,0.9237361953518417,0.10639573854105601
8276,0.6558398547938996,0.9237318834439177,0.1063929892407337
8277,0.6558367608630642,0.9237275369484969,0.10639876109868084
8278,0.6558377791751592,0.9237224372142587,0.10640071478511068
8279,0.6558158519165695,0.9237215840560065,0.10640145635759493
8280,0.6558386115875758,0.9237177602160916,0.10640651335196956
8281,0.6558491534895026,0.9237140516678325,0.10640162490654435
8282,0.6558546411006544,0.9237148010635947,0.1064002580054463
8283,0.655854556135674,0.9237179831132927,0.10640584749075996
8284,0.6558509862714966,0.9237135405414921,0.1064149822645848
8285,0.6558304662488473,0.9237150623913477,0.10642158804234787
8286,0.6558178758070601,0.9237066115129833,0.10643022181337719
8287,0.6558523519286568,0.9237202005561378,0.10642390479226622
8288,0.6558407753219053,0.923710293159856,0.10643001841974184
8289,0.6558306548657057,0.9237069189573985,0.10646219419668085
8290,0.655828797191396,0.9237081064614524,0.10646609411682179
8291,0.6558314536314273,0.9237174988883387,0.10647439249082358
8292,0.6558433616841296,0.9237195280214794,0.10647450240987737
8293,0.6558499494806262,0.9237116459152831,0.1064917533553975
8294,0.6558693954355661,0.9237115459958481,0.10649977051743136
8295,0.6558599708127081,0.9237135789720441,0.10651239215760608
8296,0.6558745899811161,0.9237108196584171,0.10651273497259196
8297,0.6558565640137911,0.9237057122380686,0.10651250146687287
8298,0.6558437468983019,0.9237098319932331,0.10652069142693243
8299,0.6558045904753974,0.9236983950609854,0.10654044356507891
8300,0.6557916719259914,0.9237039252174049,0.106543417653747
8301,0.6558082839916606,0.923708440807254,0.1065432269668956
8302,0.655780252546962,0.9237012811954337,0.10654867085180801
8303,0.6557926056000568,0.9237001667094283,0.10655007394041571
8304,0.6558050051707017,0.9236936642600456,0.10655967079283767
8305,0.6558065665470914,0.9237077644295405,0.10662402632102416
8306,0.6557983920969673,0.9237122953916104,0.10663464494651138
8307,0.6558190207073545,0.9237210383421693,0.10663619410382333
8308,0.6558274139288168,0.9237165112231546,0.10664039115772797
8309,0.6558358232159223,0.9237163651870574,0.10663876636618999
8310,0.6558491379797026,0.923720346592235,0.10663723770806034
8311,0.6558113641389348,0.9237417062929852,0.1066618997830487
8312,0.6558055968941408,0.9237398116667761,0.10666260990980797
8313,0.6558036360627708,0.923735457485245,0.10667170427009282
8314,0.655794237214706,0.9237356304227287,0.10667617382706958
8315,0.65579673640652,0.9237449997912837,0.10669346448801637
8316,0.6558104435260709,0.9237432166136752,0.1066986506465479
8317,0.6558034725142965,0.9237366718906853,0.10671129371751685
8318,0.6557937434491895,0.9237311033037139,0.10672091574266146
8319,0.6557920400663401,0.9237286437483918,0.10672391818650138
8320,0.6557804927122903,0.9237198738964465,0.10673069229365947
8321,0.6557732490652088,0.9237148894538642,0.10673411892295254
8322,0.6557853410221225,0.9237130832179244,0.10673467157719611
8323,0.6557934824628708,0.9237169378022808,0.10673981198499649
8324,0.6557946086695885,0.9237282094831553,0.10674731946989305
8325,0.6557758643768301,0.9237212151227081,0.1067594618120567
8326,0.6557796431849944,0.9237248813973601,0.10676051135902345
8327,0.6557636555221439,0.9237177755883124,0.10677293734499917
8328,0.65574651852042,0.9237272564054679,0.10678645087079452
8329,0.6557458919924075,0.9237309188370647,0.10679183868773469
8330,0.6557888271149591,0.9237312762411974,0.10679286989590252
8331,0.6557937514112335,0.9237294238885956,0.10679529677900809
8332,0.6557916146537232,0.9237323676688717,0.1068051368903614
8333,0.6557950050495812,0.9237357303421636,0.10680255209174827
8334,0.655795660049367,0.9237484201104035,0.10680067190050126
8335,0.6558023006945498,0.923740434241717,0.1068141970155722
8336,0.655798591660071,0.923739627200127,0.10681113754097432
8337,0.655773587240144,0.9237311724787074,0.10681860149407893
8338,0.6557959339186265,0.9237336704645813,0.10680504563645377
8339,0.6558042577810048,0.9237265185388713,0.10680274648251677
8340,0.6557999608575174,0.9237298543107769,0.10680377594766886
8341,0.6557971691942056,0.9237318219550346,0.10680314121567976
8342,0.6558060329045832,0.9237373943850612,0.10679948364382816
8343,0.655812473272129,0.9237381706822098,0.1067934114368846
8344,0.6558213919195993,0.9237364912670913,0.10679300411446725
8345,0.6558315313390707,0.9237509642129397,0.10679560412439724
8346,0.6558139992600174,0.9237398577834385,0.10680425652775859
8347,0.6557907756551794,0.9237343699006261,0.10680661854692045
8348,0.6557755960138498,0.9237378248072425,0.10680830850392145
8349,0.6557759524873509,0.9237410452874923,0.10681432682720779
8350,0.6557735656530914,0.9237355958352319,0.10681009479000467
8351,0.6557817933771403,0.9237425248637409,0.10680943218520013
8352,0.6557881923016294,0.9237403381653373,0.10681254050382734
8353,0.6557842885918237,0.9237364566795946,0.10682113909026837
8354,0.6557918650469109,0.9237338587742857,0.10684944008300674
8355,0.6557974932873106,0.9237432512011718,0.10685269301921946
8356,0.6557572755192099,0.9237133291734567,0.1068872982629341
8357,0.6557357721315602,0.9237030528438765,0.10689767163146212
8358,0.6557145129861032,0.9236964927486659,0.10691278383675033
8359,0.6557154804862186,0.923691496776918,0.1069156472183642
8360,0.6557182374694729,0.9236875922328442,0.1069186647448672
8361,0.6557259568859969,0.9237059543505456,0.10692392432072606
8362,0.6557133477471073,0.9237145935386144,0.10692993097281273
8363,0.6557117380732709,0.9237133599178982,0.10693227740660687
8364,0.6557285084962867,0.9237122185305066,0.10693842279080146
8365,0.6557287781213913,0.9237047668464917,0.10694438100752382
8366,0.6557377812322566,0.923709808934902,0.1069546414127806
8367,0.6557317010220842,0.9237124375846524,0.10695348950610514
8368,0.65573663828557,0.9237175411619457,0.10695513515612977
8369,0.6557269167524559,0.9237111655333843,0.1069665593250641
8370,0.6557151294910557,0.9237131754512491,0.10696339146490055
8371,0.6557354138824121,0.9237313607884117,0.10696565687949489
8372,0.6557152275813501,0.9237319756772422,0.10697346150022047
8373,0.6557253740191674,0.9237301463829715,0.10697605891003391
8374,0.655719668556984,0.9237331247507442,0.10698344992134695
8375,0.6557245031724241,0.9237383705210797,0.10698892802104776
8376,0.6557051697304698,0.9237434625692074,0.10700238526202474
8377,0.6557117938431021,0.9237411644222033,0.10699949099478272
8378,0.6557222036051386,0.9237355650907904,0.10702340189832849
8379,0.6557100464774609,0.9237274562443378,0.10701841149848919
8380,0.6557606859101214,0.9236769815574625,0.10708770879828643
8381,0.6557393867360667,0.9236771698671669,0.10709501946521753
8382,0.6557515028024455,0.9236720009579353,0.10709625557773841
8383,0.6557454593529809,0.9236771045352287,0.10710267434933486
8384,0.6557453873928633,0.9236749293659907,0.1071175777200192
8385,0.6557569527671028,0.9236781959629028,0.10712142055305067
8386,0.6557609070510678,0.9236727119231456,0.10712797126850461
8387,0.6557730251947084,0.9236715935940851,0.10712550305801874
8388,0.6557857115388285,0.923670482951135,0.1071181994926871
8389,0.655787641916243,0.9236713860691048,0.1071195533671824
8390,0.6557837530477398,0.9236674354083687,0.10713047902543119
8391,0.6557833835606776,0.9236669627125802,0.10713084181581099
8392,0.6557898276806209,0.92367723135605,0.10713486449019172
8393,0.6557821846121485,0.9236752406534611,0.10713867763900198
8394,0.6557769114770436,0.9236719010385004,0.10714926919921199
8395,0.6557741955458278,0.9236734075161351,0.10715294017717816
8396,0.6557597626436799,0.9236661057112727,0.10716606000348576
8397,0.6557522366046711,0.9236713053649458,0.10717013438674278
8398,0.6557785807138015,0.9236799253377387,0.10717844559135731
8399,0.6557834697207274,0.9236755557839867,0.10718462089559307
8400,0.655771820620727,0.9236656906613121,0.10719561330020831
8401,0.6557773577802369,0.9236565365038477,0.10719922163652447
8402,0.6557656394200195,0.9236518902501221,0.10721149676659303
8403,0.6557578811512631,0.9236592727591435,0.10721940512632941
8404,0.6557469545717894,0.9236575318551421,0.107224640576556
8405,0.6557666293723893,0.9236653793738416,0.10722161341803514
8406,0.6557951345711693,0.9236728079995253,0.10721678939704528
8407,0.6557939321821601,0.9236730654842231,0.10722593254246458
8408,0.6557720263287616,0.9236645531169756,0.10723893607770393
8409,0.6557721064625073,0.9236639266989796,0.10724173182920638
8410,0.6557680752730111,0.9236603987743144,0.10724480913127601
8411,0.6557842710018909,0.9236580160800961,0.1072600550137759
8412,0.6557770685038513,0.9236559523594587,0.10727066987696125
8413,0.6557645247066333,0.9236612135020149,0.10727986205027214
8414,0.6557712940640652,0.9236610328784209,0.1072866847997578
8415,0.6557642447059677,0.9236538886388213,0.1072957018818118
8416,0.6557565414681705,0.9236414256108376,0.10729892394916772
8417,0.6557753583433469,0.9236406569997995,0.10730411236914063
8418,0.6557509572438457,0.9236387354722041,0.10731600322635099
8419,0.6557472771276103,0.9236325981130645,0.10732308437122604
8420,0.6557749575986237,0.9236377055334131,0.10732474133338567
8421,0.6557563801578565,0.9236347002642539,0.107342518089948
8422,0.655758623868644,0.9236398538012647,0.10734989021962796
8423,0.6557548829613955,0.923623520816704,0.10736297856439558
8424,0.6557578819010511,0.9236243240152389,0.10736093504643303
8425,0.6557710437084793,0.9236304191007714,0.10736192014375343
8426,0.6557848479147853,0.9236327672074929,0.10735346036043616
8427,0.655814298427411,0.9236479741768827,0.10735287242850179
8428,0.6558326167459809,0.9236598376882565,0.10735865404980709
8429,0.6558367910832452,0.9236597569840975,0.1073526148243642
8430,0.6558318465613474,0.9236626239032699,0.10735524247914661
8431,0.6558185041947773,0.9236599145493604,0.1073629954683355
8432,0.6558317250075726,0.923655433547008,0.10736470909381406
8433,0.6558342945267643,0.9236461102951152,0.10736810459839194
8434,0.6558516061604899,0.9236484853032231,0.10736803051198415
8435,0.6558432053671748,0.9236355073058439,0.10737405081238428
8436,0.6558329962258306,0.9236386586111003,0.10737395032886095
8437,0.6558265665682547,0.9236340431018162,0.10737733001111044
8438,0.6558368251160708,0.923636798572388,0.10737795484565217
8439,0.6558348440889229,0.9236278173524072,0.10739253740542115
8440,0.6558289766070705,0.9236263454622692,0.10739903862970467
8441,0.6558101087252857,0.9236322407089318,0.10740835508347688
8442,0.655830321485127,0.9236304805896544,0.10740898214097411
8443,0.6558359414784177,0.9236271717191352,0.10741196675866815
8444,0.6558222413364615,0.9236305958813101,0.1074175639898645
8445,0.6558251420611017,0.923628013348222,0.10742679015257257
8446,0.6558461037402326,0.9236307688187937,0.10742088122208432
8447,0.6558605771612196,0.9236484660879472,0.10742506113578901
8448,0.655870291874545,0.9236510178765938,0.10743060241981653
8449,0.6558925814676712,0.9236541691818502,0.1074318250614362
8450,0.655890517394869,0.9236515136307134,0.10742556048948765
8451,0.6558877924932642,0.9236502377363901,0.10742251488812356
8452,0.6558999141877312,0.9236632541643212,0.1074246288479252
8453,0.655878517975083,0.923654407451272,0.10742822041317182
8454,0.6558874898201211,0.9236597031813248,0.10743192687940833
8455,0.6559018378707306,0.9236597031813248,0.10743359933132549
8456,0.6559080720750037,0.9236717204149064,0.10744465363002527
8457,0.6559046953539945,0.9236693069762466,0.10744905070644757
8458,0.655922855866984,0.9236801290196638,0.10744679696050832
8459,0.655948526055538,0.9236945673780154,0.10744635144691671
8460,0.6559478591499562,0.923702437955046,0.10745420138593735
8461,0.6559489442187267,0.9237146934580494,0.1074703457780227
8462,0.6559495102025311,0.9237133291734567,0.10747912491414913
8463,0.6559449980684743,0.9237080795600661,0.10748320233964591
8464,0.6559334197125744,0.9237101355945931,0.10748507839595692
8465,0.6559369327780238,0.9237048052770436,0.10749595574090128
8466,0.6559210683447001,0.9237023610939422,0.10750749252569401
8467,0.6559019418472603,0.9236967233319774,0.10751405927646392
8468,0.6558961289317435,0.9237011313162812,0.1075168051108835
8469,0.6558867657702284,0.9236984949804203,0.10752261164767721
8470,0.6558838855405683,0.9236948594502099,0.10751925709478638
8471,0.6558770073834339,0.9236905167978443,0.10752930787206233
8472,0.6558813229400237,0.9236944021266422,0.10752892776218044
8473,0.6558841903635458,0.9236919387282649,0.10752280473096375
8474,0.655874950887281,0.9236827307680279,0.10752732759491941
8475,0.6558772119303793,0.9236788953989475,0.10753285165175558
8476,0.6558891186793336,0.9236747295271207,0.10753426997169512
8477,0.6559121605134625,0.9236803711321407,0.10753166568498222
8478,0.6559375206920471,0.923680113647443,0.10754219685876863
8479,0.6559376868645098,0.9236764858033429,0.10754260744586609
8480,0.6559069976042302,0.9236440773189193,0.107562286581377
8481,0.6558980920438651,0.9236410566775394,0.10756942881495038
8482,0.6559079102773179,0.9236444654674936,0.10756560104475316
8483,0.6558976064745833,0.9236467674575528,0.10757444505199311
8484,0.655878547935609,0.9236355726377822,0.10758214954232907
8485,0.6558758100046341,0.9236555987983812,0.10759754759574909
8486,0.6558636013680362,0.9236558754983549,0.10761085468583169
8487,0.6558611701335235,0.923643247218998,0.10763537212002466
8488,0.6558617794530506,0.9236380014486627,0.10764068945117915
8489,0.6558581976693341,0.923634281371238,0.10765216238260067
8490,0.6558836702514195,0.9236390582888402,0.10764559330660287
8491,0.6558672030804046,0.923657066845464,0.1076501769481586
8492,0.655882514557983,0.9236605332812461,0.10764978605402023
8493,0.6558821340568326,0.9236651526335854,0.10768881310528843
8494,0.6558814871974855,0.9236613825964433,0.10768477083384424
8495,0.6559374758372374,0.9236571398635126,0.1077137985139246
8496,0.6559036041317741,0.9236311646534784,0.10773553695341169
8497,0.6559400439403409,0.9236316027617701,0.10773666138321675
8498,0.655946811493636,0.9236237783014017,0.10774056247747504
8499,0.6559319689972225,0.9236123644274852,0.10775264182811244
8500,0.6559469422011943,0.9236135749898703,0.10775365843346969
8501,0.6559399872865088,0.9236119724358557,0.10775946001248216
8502,0.6559492222223208,0.9236172220492463,0.10776103786024137
8503,0.6559610819559818,0.92362152627106,0.10776278066996237
8504,0.6559610819559818,0.92362152627106,0.10774619864684672
8505,0.6559573878701191,0.9236255076762375,0.10773945949246466
8506,0.6559571155270407,0.9236279557023941,0.10774569266106662
8507,0.6559461042596092,0.923621587759943,0.10775429900681474
8508,0.6559388253664951,0.923624389347177,0.10775992789232317
8509,0.6559600796873377,0.9236218029710337,0.10776135168000592
8510,0.6559800210725103,0.9236198468559416,0.10775866835515269
8511,0.6559799872406906,0.9236153735396996,0.10775106585817551
8512,0.6559806012080557,0.9236169299770518,0.10775148822394506
8513,0.6559916243739808,0.9236262340136686,0.1077543458108807
8514,0.6559709517582002,0.9236212226696999,0.10776475548686383
8515,0.6559485355943767,0.9236202734350678,0.10777030310585034
8516,0.6559418713965531,0.9236043362851917,0.107777629979316
8517,0.6559432499271601,0.9236040173116109,0.10777969573912739
8518,0.655956278962031,0.9235989329495935,0.10778559102786472
8519,0.6559454347302222,0.9236054469281418,0.10778935041053653
8520,0.6559138749040787,0.9236006584813742,0.1078003120189526
8521,0.6559144913746962,0.9235885374853026,0.10780956237988451
8522,0.6559190104563586,0.9235871732007098,0.10781627834622283
8523,0.6559457956238057,0.923608552116736,0.10780486391153149
8524,0.6559388319790291,0.9236024647173138,0.10781536725946556
8525,0.6559669513651716,0.9236028413367225,0.10781426221730474
8526,0.655975987698188,0.9235899094560056,0.10782509211181053
8527,0.6559703649624854,0.9235975071761178,0.1078325558425808
8528,0.6559662812183369,0.9235870463798885,0.10782193769926095
8529,0.6560239199263771,0.923596665547031,0.10781806660470165
8530,0.6560373252669557,0.9236053431656517,0.10782042466737639
8531,0.6560446979070336,0.9236160537604683,0.10782085337594001
8532,0.6560548799582171,0.9236215108988391,0.10782814478938074
8533,0.656045926595056,0.9236283207926372,0.10782388091208844
8534,0.6560186201693475,0.9236137632995747,0.10784289447650323
8535,0.6560244090857681,0.9236331745713431,0.10784712650454419
8536,0.6559882523109367,0.9236185940199494,0.1078618787939292
8537,0.6559477362999981,0.923606357732222,0.1078748092646095
8538,0.6559488854395162,0.9235955087874186,0.1078788853467121
8539,0.6559467112033088,0.9235984487246395,0.10788263808091744
8540,0.6558981662099143,0.9235880571034036,0.10792975936341015
8541,0.6559279749321398,0.9235849173273128,0.10792500535166742
8542,0.6559500439767265,0.9235868503840737,0.10792645334831173
8543,0.6559365969631142,0.9235887565394484,0.10792516026876418
8544,0.6559085282161577,0.9235767277767013,0.10794790599787625
8545,0.6559255299167023,0.9235765855836593,0.10794909135931612
8546,0.6559145630696519,0.9235792718792376,0.10795326076863615
8547,0.6559134138352795,0.9235686881052423,0.10795562157932857
8548,0.6559190351151206,0.9235725465326537,0.10796353801609056
8549,0.6559021948845493,0.9235741683019443,0.10796458089706931
8550,0.6559457927878002,0.9235583387576136,0.10799077631570927
8551,0.6559529499213533,0.9235528816192428,0.1079890879528794
8552,0.655975213654636,0.9235531352608853,0.10798861850258744
8553,0.6559700713079321,0.9235614362600973,0.10799186888301195
8554,0.6559710419648879,0.9235655790735929,0.10800327072184673
8555,0.6559626767357388,0.9235605715726795,0.10801227194219405
8556,0.6559702794599541,0.9235598798227451,0.10800309564885816
8557,0.6559637502395627,0.9235611441879028,0.10800183072872323
8558,0.6559585158594925,0.9235707518258797,0.10800860541584156
8559,0.6559724007205233,0.9235690685677062,0.10800254202609112
8560,0.6559287083063204,0.9235876958562157,0.10798141397076669
8561,0.655919031461754,0.923580689966603,0.10797773583282884
8562,0.6558977804710092,0.9235732305964778,0.1079833800859921
8563,0.6558938844856383,0.9235699217259585,0.10799140936881362
8564,0.6559190550121867,0.9235814432054203,0.1079818088092779
8565,0.6558884847047681,0.9235494343987366,0.10801450040769334
8566,0.6558874998797596,0.9235529661664569,0.10801866952820201
8567,0.6558838187525343,0.9235528124442492,0.1080309248471493
8568,0.655858187583015,0.9235479048627707,0.10804419449968895
8569,0.6558459008273352,0.9235651332791909,0.10805235605627952
8570,0.6558099142556431,0.9235524166095647,0.10806954785923144
8571,0.655793188880683,0.923543316254873,0.10808342321191394
8572,0.6557940922402031,0.923547024803132,0.10808738429803527
8573,0.6557842447039091,0.9235324749961799,0.10809761531017145
8574,0.6557992231113837,0.9235320599462192,0.10810446226082762
8575,0.6558050963803348,0.9235299654811403,0.10810773092527418
8576,0.6557967874329366,0.9235218873791293,0.10811460507621368
8577,0.6557910302830509,0.9235384278886702,0.10811812194006008
8578,0.6557866318522539,0.9235397806440975,0.10812073021481602
8579,0.655776115301098,0.9235358453555821,0.10812752581359897
8580,0.6558026127754424,0.9235482968544001,0.10812365611928565
8581,0.6557887880372327,0.9235435160937429,0.1081296926950281
8582,0.6557935403178835,0.9235400304426848,0.10813219313162613
8583,0.655793094382728,0.9235425860743867,0.10812813380401017
8584,0.6557721655548632,0.9235265144175789,0.10813548212487034
8585,0.655783125387875,0.9235223370165866,0.10814234884026049
8586,0.6557789454093961,0.9235374402234863,0.10814513414962311
8587,0.6557919001168683,0.9235424554105102,0.10814272164997205
8588,0.6557822142577162,0.9235450763741503,0.10816697970688349
8589,0.6557726901010599,0.9235483621863384,0.1081716837764401
8590,0.655771451838957,0.9235498648209179,0.10817773385249112
8591,0.6557721818889455,0.9235547109135135,0.10817988524757052
8592,0.6557945584825972,0.9235576931243415,0.10817820556843653
8593,0.6557661495596199,0.9235528201303597,0.10818995411936173
8594,0.6557747568215782,0.923559414813067,0.10819422756163066
8595,0.655793004839946,0.9235683691316614,0.10819030457274804
8596,0.6557883344489357,0.9235635576265626,0.10819460445064416
8597,0.6557996307103412,0.9235601180921669,0.1082015938222745
8598,0.6557918750201748,0.9235610481115231,0.1081973558031033
8599,0.6557897177352742,0.9235547724023966,0.10819743563128863
8600,0.6557980010724502,0.9235573741507607,0.10818972161148266
8601,0.6557967712635399,0.9235587960811813,0.10819560255088877
8602,0.6557904662205655,0.923559414813067,0.10818922630388107
8603,0.6558005893599261,0.9235603371463128,0.10819954839410571
8604,0.6558059304730494,0.9235675966775682,0.10820168868938787
8605,0.6558291790285541,0.9235719700743752,0.10819496434350294
8606,0.6558300246904754,0.9235726502951439,0.10819233627447816
8607,0.6558431664451915,0.9235751559671284,0.108191697277576
8608,0.6558203834605837,0.9235641148695652,0.10822138412823942
8609,0.655823553239098,0.9235620972655901,0.10822305963407618
8610,0.6558617097060382,0.9235766470725423,0.10822093326628894
8611,0.6558466378638431,0.9235771043961101,0.10822030951513961
8612,0.6558294896797974,0.9235601142491117,0.10823356879071816
8613,0.6558182674804856,0.9235617898211749,0.10823497545447258
8614,0.6558161527233245,0.9235619051128307,0.10824150795363596
8615,0.6558118187554484,0.9235637267209911,0.10823935767668053
8616,0.6558194084566462,0.9235676543233959,0.10824094427522862
8617,0.6558092529099078,0.9235794448167212,0.1082477913746206
8618,0.6558239515548028,0.9235723044201768,0.10824741134886172
8619,0.6558268640077879,0.9235859049924968,0.10824999194090845
8620,0.6557891335624761,0.9235714474188692,0.10827269302066801
8621,0.6557666971597149,0.9235733151436919,0.10828085616972712
8622,0.6557787908314386,0.9235739915214055,0.10827658840847344
8623,0.6557826370120524,0.9235761705336987,0.10827015847289347
8624,0.6558068751504202,0.9235844215731932,0.10827115854146092
8625,0.6558075198514164,0.9235851402245139,0.1082748507223042
8626,0.655808460066457,0.9235889025755456,0.1082749734624328
8627,0.6557883205537098,0.9235788722014978,0.10828248778491444
8628,0.6557950127383293,0.9235753250615567,0.10827810838035093
8629,0.6557752440998145,0.9235645491348018,0.10829060809238916
8630,0.6557582015610509,0.9235692607204657,0.10830708105362433
8631,0.655762849295715,0.9235819428025952,0.10831203218880221
8632,0.6557634580469324,0.9235805862041129,0.10831255363580855
8633,0.6557702027770119,0.9235742874366553,0.10832237006479725
8634,0.6557563242583545,0.9235788722014978,0.10833274218341779
8635,0.6557512941461774,0.9235767777364188,0.10833922234056036
8636,0.6557500300827352,0.9235781842946187,0.10834175881645637
8637,0.6557596417527513,0.9235801788402627,0.10834316259902778
8638,0.6557468261494126,0.9235823655386661,0.10834578027164245
8639,0.6557472475654637,0.9235846867440014,0.10834874210178701
8640,0.6557571707186898,0.9235853554356046,0.10834589261562277
8641,0.6557700447661842,0.9236099279304942,0.10834614944592916
8642,0.6557713554075728,0.9236091593194561,0.10835307264812681
8643,0.6557919874177432,0.9236091477902906,0.10834586069657387
8644,0.6557848679576169,0.923610708070698,0.1083545892690738
8645,0.6557906201378724,0.9236202234753503,0.10834834596847533
8646,0.6557707509390693,0.9236218183432544,0.10835917506785238
8647,0.6557707751397045,0.9236202042600743,0.10836874728757255
8648,0.6557508761573276,0.923617556395048,0.10838356777011277
8649,0.6557647076495355,0.9236244354638393,0.10839766858234576
8650,0.6557792031445879,0.9236148508841936,0.10840271696791894
8651,0.6557801848213756,0.9236153389522028,0.1084000633072388
8652,0.6557894310406209,0.9236106542679253,0.10839522780268158
8653,0.6557887293126247,0.9236050549365123,0.10840303047490975
8654,0.6557798450932385,0.9236028951394952,0.10841548786539298
8655,0.6557792340606498,0.923609601270803,0.10840494412980285
8656,0.6557852209220697,0.9236205117044896,0.10839225563713055
8657,0.6557994491317428,0.9236184172394106,0.10839746773455469
8658,0.6558045291742995,0.9236261763678407,0.10840030190490321
8659,0.6557975841493989,0.9236349692781172,0.10839421533117183
8660,0.6558039607191736,0.9236473323866659,0.10839181309903193
8661,0.6557936681256682,0.9236452840382492,0.10839358695120752
8662,0.6557882978969632,0.923651425240444,0.10839271697230954
8663,0.6557945322388407,0.9236523898472969,0.10839667891284285
8664,0.6557925605467508,0.9236403764567706,0.10841131405957508
8665,0.6558067231673129,0.9236461102951152,0.10842136169288642
8666,0.6557881239642177,0.923650276166942,0.1084205626300595
8667,0.6557957140680925,0.9236508295668895,0.10842052625416511
8668,0.655819439546591,0.9236540116165874,0.10841748525226401
8669,0.6558121207791907,0.9236487466309761,0.10841755521671824
8670,0.6558303690691003,0.9236562982344259,0.10841276317932418
8671,0.6558461515139159,0.923667462309755,0.10840963806581523
8672,0.6558281481058301,0.9236635577656812,0.10841559028463088
8673,0.655814901984852,0.9236657444640848,0.10840815110357299
8674,0.6557917689149783,0.9236635577656812,0.10842558254340723
8675,0.655780532596454,0.9236668781653661,0.108431831974372
8676,0.6557869401742968,0.9236712169746764,0.10843182426439306
8677,0.6557818656403603,0.923667239412554,0.10843967045703477
8678,0.6557803333888378,0.9236767279158199,0.10844137150162594
8679,0.6557858736120176,0.9236850788747495,0.10844828464517411
8680,0.6557997289250362,0.9236821965833564,0.1084502923787443
8681,0.6557667014009859,0.923665709876588,0.10845168874234799
8682,0.6557761073961738,0.9236755557839867,0.10845853109081993
8683,0.655805353066618,0.9236810167654128,0.10848660963992511
8684,0.6557850727121499,0.9236762360047556,0.10850148120505887
8685,0.6557707093455976,0.9236714475579878,0.10850872719935963
8686,0.65575176781442,0.9236659827335066,0.10852429914507127
8687,0.6557519870897203,0.9236635846670675,0.10852826850071062
8688,0.6557404787986815,0.9236725351426068,0.10852564465234533
8689,0.6557772004084438,0.9236469711394779,0.10855059823727535
8690,0.6557771919774883,0.9236418637191294,0.10854949579091006
8691,0.6557690494397981,0.9236371367612448,0.10855860214962003
8692,0.6557777795884702,0.9236375748695366,0.1085635355182452
8693,0.6557803521715218,0.9236376594167507,0.10856170853282014
8694,0.655786206474667,0.9236213917641283,0.10857649454692979
8695,0.6557905834854958,0.9236074683751722,0.10858377235595593
8696,0.6557853992095931,0.9236000781800403,0.10859015033616513
8697,0.6557819108912055,0.9235980913205067,0.10859361673092806
8698,0.6557903871578644,0.9235950245624646,0.10859292240804751
8699,0.6557941639391833,0.9235918386697114,0.10859496855275406
8700,0.6558068698639321,0.9235856129203024,0.10859353015208177
8701,0.6558081461440114,0.923590681910099,0.10860626719472039
8702,0.6558142050938874,0.9235784148779301,0.10861073704382522
8703,0.6558402169452698,0.9235828151761235,0.1086067772029992
8704,0.6558489272212514,0.9235979222260784,0.10860499605676907
8705,0.6558617925535868,0.9235912506822672,0.10861650821063873
8706,0.6558768704044695,0.923585866561945,0.10862410306943836
8707,0.65587258883071,0.9235839296621288,0.1086276048514615
8708,0.6558734364363606,0.923575936107332,0.10862786726661655
8709,0.6558820113923672,0.9235731575784292,0.10862865541067307
8710,0.655878737054218,0.9235689225316089,0.10863480652681727
8711,0.6558653334470194,0.923575390393495,0.10864480888592273
8712,0.6558765183616374,0.9235674506414708,0.10862802626349605
8713,0.6558775290696505,0.9235568899258066,0.10864223017310125
8714,0.6558848217391411,0.9235506641763976,0.1086394831711524
8715,0.6558698098391361,0.9235604639671341,0.10864955721148217
8716,0.6558791221679919,0.9235549914565424,0.10865786719348264
8717,0.6558703192380229,0.9235548876940523,0.10866215439991499
8718,0.6558788479309937,0.9235497841167589,0.1086647106981806
8719,0.6558766967184334,0.9235528431886908,0.10867132208622061
8720,0.6559031533512425,0.9235569360424689,0.10867740076370207
8721,0.6559273657123617,0.9235630657154982,0.10868346071048655
8722,0.6559217386134784,0.9235589036867267,0.10868405856500393
8723,0.655924544758936,0.9235760014392703,0.10868625718434788
8724,0.6559136640264438,0.9235650410458662,0.10868954839975134
8725,0.6559045634084073,0.9235423939216272,0.10869506403662456
8726,0.6558979692916798,0.9235450955894262,0.10870846416599285
8727,0.6559013194737909,0.9235385047497741,0.10871201679905751
8728,0.6559024851018758,0.9235402456537755,0.10870382746504564
8729,0.655892864380822,0.9235473860503199,0.10871046039312829
8730,0.6558944091316212,0.9235383740858977,0.10871765435835207
8731,0.655887287657837,0.9235379321345507,0.10871607435858942
8732,0.6559161775960582,0.9235408259551093,0.10872198448053251
8733,0.6559022272427342,0.9235295004714622,0.10873395825760718
8734,0.6559051542308433,0.9235246659080322,0.10874247122453318
8735,0.6559031767337692,0.9235363487958121,0.10874572171313922
8736,0.6558940411567834,0.9235348653765084,0.10875579834094498
8737,0.6558990330117382,0.9235304727644255,0.10876247848359105
8738,0.6558962898880402,0.9235240318039257,0.108775581984482
8739,0.6558916014638261,0.9235192856307651,0.10878059501236774
8740,0.6558757303863609,0.9235097010511194,0.10878847710091642
8741,0.6558914493002923,0.9235257265912649,0.10878905489372478
8742,0.6558925465325195,0.923520630700082,0.108794354164241
8743,0.6558769123423596,0.9235125372258501,0.10879992972017365
8744,0.6558747457689341,0.9235141782104166,0.10881391930252218
8745,0.6558826344124237,0.9235100392399762,0.10882148860815581
8746,0.6558814720499279,0.9235144664395559,0.1088258955466644
8747,0.6558913773727649,0.9235234822470334,0.10882842514898206
8748,0.6558992218494958,0.9235122451536557,0.10883831709495048
8749,0.6558880225755722,0.9235204692917639,0.10884490169562631
8750,0.6559118978312604,0.923531652582369,0.1088351592734792
8751,0.6559046182976028,0.9235470478614631,0.10883843452365406
8752,0.6559045022055708,0.9235401764787821,0.1088453095519461
8753,0.6559065763460318,0.9235467288878824,0.10885253976113606
8754,0.6559160295265618,0.9235488656265683,0.10885067697357992
8755,0.655903740765239,0.923550026229236,0.10885165329634881
8756,0.6559171808185872,0.9235476512211281,0.10885657974872602
8757,0.6559324301453445,0.9235537616788814,0.10885530492136426
8758,0.6559447772089699,0.9235569821591313,0.10885192779809265
8759,0.6559377715572324,0.9235506526472321,0.10885618956071468
8760,0.6559404613326758,0.9235522167706948,0.10886300170258062
8761,0.6559295925631429,0.9235509600916474,0.1088499241932658
8762,0.6559056188679521,0.923542774384091,0.10887072485941389
8763,0.6559008794867516,0.9235522859456882,0.10887303192901734
8764,0.6559006213202854,0.9235462023893212,0.1088774288696851
8765,0.6558942105924688,0.9235446690103001,0.10888443282866565
8766,0.6558813481238746,0.9235394578274614,0.10888943145449094
8767,0.6558615717725991,0.9235295888617315,0.1089005703632468
8768,0.6558692095777053,0.9235220795318888,0.1089015973034888
8769,0.6558650036867602,0.9235239626289323,0.10890427772584085
8770,0.6558375186988219,0.9235128292980447,0.10890961219770298
8771,0.655846763770205,0.9235109961607187,0.10891419264285898
8772,0.6558547513357508,0.9235146547492603,0.108911178025936
8773,0.6558734704497928,0.9235169106226573,0.10890830367523958
8774,0.6558514283598216,0.9235301999075068,0.10891288244760905
8775,0.6558566153028197,0.9235314143129472,0.10891113500994926
8776,0.6558505955240818,0.9235210419069874,0.10891734670338285
8777,0.6558561881293301,0.9235213570375129,0.10892274180275228
8778,0.6558606555274389,0.9235206153278611,0.10892948496801313
8779,0.6558773213468607,0.9235313067074018,0.10892099859393554
8780,0.6558959710743785,0.92353338580026,0.1089211361199025
8781,0.6558809779370125,0.9235311875726909,0.10893339822610032
8782,0.6558755487031763,0.9235239741580978,0.10893867189438532
8783,0.6558707050866008,0.9235145586728806,0.10894341137719356
8784,0.6558925513390023,0.9235190358321778,0.10894681900727315
8785,0.6558891447987586,0.9235103120968947,0.1089533318977183
8786,0.6558754087698639,0.9235075912138196,0.10895735688412751
8787,0.6558721304833892,0.9235036021225317,0.10896154903530288
8788,0.6558969588678777,0.9235129100022037,0.10895960755601994
8789,0.655893665473571,0.9235098432441614,0.10895770235570411
8790,0.6558915169806058,0.9235130137646939,0.10896194950985127
8791,0.6558854093622949,0.9235037904322361,0.1089829044427783
8792,0.6558917663512428,0.9234976876605931,0.10898058090887477
8793,0.6559002506185605,0.9234916848083852,0.10898191077137019
8794,0.6559114009468656,0.9234922497374982,0.10897721915663655
8795,0.6559105266080599,0.923489567284975,0.10898813604076436
8796,0.655912891727376,0.9234958775815982,0.10900206790078246
8797,0.6559193704824049,0.9234840947743834,0.10900930346410871
8798,0.6559187762980849,0.9234840755591075,0.10901122461829695
8799,0.6559113018572967,0.9234860547325306,0.10901892313741791
8800,0.6559028081241784,0.923480520733056,0.10902015823503575
8801,0.6559149958367015,0.9234664320927267,0.1090412357039138
8802,0.6559170619018911,0.9234684035800396,0.10904030588754177
8803,0.6559087015963034,0.9234788874345999,0.10906520994250198
8804,0.6559065221466551,0.9234755170751977,0.10907107681519361
8805,0.6559163677482474,0.9234668317704665,0.10906340891882446
8806,0.6559046739513473,0.923473207399028,0.10906526909078282
8807,0.655910405289318,0.923477296409751,0.10906897846462932
8808,0.6559123062937714,0.9234774655041794,0.10907351473706285
8809,0.6559161593964674,0.9234805745358287,0.1090710289919601
8810,0.6559098958715709,0.9234753057071622,0.10907453148227501
8811,0.6559265915365334,0.9234835951772086,0.10907541963922376
8812,0.6559186564556433,0.9234823346551061,0.1090847815005391
8813,0.6559054729147471,0.9234788566901584,0.10910090019927147
8814,0.6559004764959099,0.9234758091473921,0.10911174863631927
8815,0.6558930306108226,0.923480378540014,0.1091116497884069
8816,0.6558779685264919,0.9234802056025304,0.10911374868928445
8817,0.6558705781164392,0.9234790603720835,0.10912314954833922
8818,0.6558613737594071,0.9234897325363483,0.10913588486021114
8819,0.6558462590122344,0.9235094051358698,0.10914680125830406
8820,0.6558300443322589,0.9235184785891751,0.10916096713235618
8821,0.655810195172601,0.9235091630233927,0.10919455022531196
8822,0.6558146869956749,0.9235049471918484,0.1092013169516828
8823,0.6558295463568297,0.9235062461445029,0.10920304931998158
8824,0.6558210557147834,0.9235027643365001,0.109208031034653
8825,0.6558280843084582,0.9235005161492135,0.10920574494998102
8826,0.655828835234969,0.9234988175188192,0.10920796238457041
8827,0.6558390552686737,0.9234937331568018,0.10921732545901851
8828,0.6558301736547506,0.9234733188476285,0.10926249337014311
8829,0.6558353936708852,0.9234739222072935,0.10927161670954502
8830,0.655831831877174,0.9234842792410326,0.10926196020086265
8831,0.6558270254231805,0.9234811586802176,0.10926508230323316
8832,0.6558165704492039,0.923473388022622,0.10927254105087944
8833,0.6557982926931446,0.9234718777019321,0.10928622963448294
8834,0.6558074229368964,0.9234806091233254,0.10928304230964457
8835,0.6558144318012742,0.9234869117338382,0.10929889092131392
8836,0.6558269731091618,0.9234925533388583,0.10930830415276722
8837,0.6558369111971212,0.9234996168742988,0.10930802310808574
8838,0.6558508701768174,0.9235019611379652,0.10931170214085846
8839,0.65586418060055,0.9235081138693256,0.10930842323393013
8840,0.6558689457165282,0.9235046589627092,0.10932170270233653
8841,0.6558700933295224,0.9234979182439046,0.1093331985112566
8842,0.655880222585343,0.9235062692028341,0.10933312544203704
8843,0.6558572934169434,0.9234778843971951,0.1093901556541358
8844,0.6558555846410832,0.9234821271301258,0.10938132666928013
8845,0.6558603418531936,0.9234829111133847,0.10938219884895241
8846,0.6558635195673992,0.9234883836239763,0.10938682984237812
8847,0.6558578630609369,0.9234747715224907,0.10939519842596525
8848,0.6558517204767423,0.9234643414707029,0.10939561765495542
8849,0.6558572113332641,0.9234600987377724,0.10939628387463793
8850,0.655871778297847,0.9234550797076932,0.10939782689378481
8851,0.655891237899828,0.9234557176548549,0.10939633664846289
8852,0.6558737462698142,0.9234582079546185,0.10940461334923592
8853,0.6558850774533962,0.9234581003490732,0.10939241754955918
8854,0.6558584665555658,0.9234420786519829,0.1094393365454779
8855,0.655871957182737,0.9234406375062864,0.10946566784860899
8856,0.6558685261153814,0.9234280053838744,0.10947673968946606
8857,0.6558662874742577,0.9234213799567255,0.10948458583876469
8858,0.6559099776277294,0.9234321597265356,0.10947715188325491
8859,0.6559329179711547,0.9234391425578171,0.10947979273620174
8860,0.6559037764668306,0.9234247387869622,0.10949221243388553
8861,0.6558906944264883,0.9234279208366601,0.10950123571709484
8862,0.6558881053393422,0.9234307685405565,0.10950083374452736
8863,0.6558960149510216,0.9234409949104191,0.1094956130072364
8864,0.6558924475957197,0.9234453721502813,0.10949880103808259
8865,0.6558650179872577,0.9234486233749728,0.1095152250958819
8866,0.6558787651674197,0.9234515133524762,0.10950900052737378
8867,0.6558641540623711,0.9234480315444734,0.1095255973223288
8868,0.6558632492135186,0.9234497186457021,0.10953036375522392
8869,0.6558590523553437,0.9234435736004521,0.1095371269680591
8870,0.6558284688789565,0.9234373555371534,0.10956122142151564
8871,0.6558312494317972,0.9234321405112597,0.1095640996571299
8872,0.6558398111332274,0.923433397190307,0.10956782621448041
8873,0.6558291136921277,0.9234277786436181,0.10957718536178308
8874,0.6558425310884674,0.9234367368052677,0.10957178535660822
8875,0.6558504151695339,0.9234322711751362,0.10957434484937176
8876,0.6558416968450931,0.9234247080425207,0.10958597799835063
8877,0.6558586764078123,0.9234317369904645,0.10957880885909227
8878,0.6558713664773104,0.923436621513612,0.10958431820094593
8879,0.655870602897079,0.9234351419373636,0.10958574815778438
8880,0.6558898375819333,0.923441456077042,0.1095811628438907
8881,0.6558799395070287,0.9234418480686715,0.10959397723578485
8882,0.6559001413187137,0.9234494112012869,0.10959389291673242
8883,0.6558931437589177,0.9234421093964245,0.10959819660847293
8884,0.655901845448319,0.9234437811254325,0.10958796834432709
8885,0.6558909084793079,0.9234547530480021,0.10959317267110719
8886,0.6559113757865079,0.9234565900283832,0.10958579153841787
8887,0.6559019277286083,0.9234528046190204,0.10958454870526416
8888,0.6559090790711509,0.9234397689758133,0.1095943551483478
8889,0.6559107515347726,0.9234392885939144,0.1095994135356261
8890,0.6558999158632204,0.9234430509449462,0.10961166293965953
8891,0.6559229315753369,0.923453361862023,0.10960834095471281
8892,0.6559200032118936,0.9234539998091846,0.10959928816481729
8893,0.6559237560595695,0.9234573048366487,0.10960049587151538
8894,0.6559198115462186,0.9234513788455445,0.10961046468504895
8895,0.6559161300395794,0.9234428511060763,0.10961727813543899
8896,0.6559242553248765,0.9234370480927382,0.1096259373150412
8897,0.6559191010213458,0.9234371864427251,0.10963227174075216
8898,0.6559355894329113,0.9234457410835797,0.10963903650534712
8899,0.6559135038635935,0.9234396498411024,0.10964560791804051
8900,0.6559100245947961,0.923440349277147,0.10964723616006863
8901,0.6559108756451986,0.9234439271615297,0.10964572296786876
8902,0.6559171162862898,0.9234479316250385,0.1096496086031005
8903,0.6559323961295809,0.9234440232379094,0.10965689535101188
8904,0.655938379173738,0.923433800711102,0.10965742141018384
8905,0.6559372963677303,0.9234442077045586,0.10966619548804805
8906,0.6559464216136884,0.9234438964170881,0.10966575939872786
8907,0.6559533694650952,0.9234523050218455,0.10966864275351565
8908,0.6559673467168684,0.9234513865316549,0.1096741152017432
8909,0.6559511408842228,0.9234501490678835,0.10968686025443206
8910,0.6559461974633418,0.9234479277819833,0.10969267885282377
8911,0.6559392096027459,0.9234519399316024,0.10969559290029876
8912,0.6559364033069843,0.9234567783380876,0.10969777977782541
8913,0.6559438312990222,0.92346025245998,0.10969253895389476
8914,0.6559282082497507,0.923468976195263,0.10970632823738019
8915,0.6559503706937307,0.9234769197903423,0.10970118831338321
8916,0.6559562992178494,0.9234674312870763,0.10970789610862951
8917,0.6559376980929861,0.9234668625149081,0.10972049639398701
8918,0.6559431792377726,0.9234451530961355,0.1097632225226777
8919,0.6559449775895363,0.9234459601377256,0.10976876299138642
8920,0.6559588782678495,0.9234288854435131,0.10981097193225793
8921,0.655961683114885,0.9234294465295709,0.10981778656788596
8922,0.6559619364754372,0.9234287355643606,0.1098176845697135
8923,0.6559544880695632,0.9234323864667918,0.10981076050117224
8924,0.6559403108635014,0.9234280438144262,0.10982389890293213
8925,0.6559490272833324,0.9234288969726786,0.10982785169479364
8926,0.6559399266682939,0.9234291928879284,0.10984042128434018
8927,0.6559317915541655,0.923428159106082,0.10984816683102142
8928,0.6559577253874894,0.9234247925897349,0.10986083122010122
8929,0.6559619344858488,0.923423305327376,0.10985690798758738
8930,0.6559523582541943,0.9234110690396488,0.10983143037931932
8931,0.6559637747409626,0.923412141252047,0.10982312460773357
8932,0.655948269365983,0.9234011462711462,0.10982917582659615
8933,0.6559513600954906,0.9234109460618826,0.10983365903082795
8934,0.6559349118514027,0.9234059769915209,0.10984591039783081
8935,0.6559165226574949,0.9234089476731834,0.10985351573011091
8936,0.6559175887328106,0.923414600807369,0.1098611542705619
8937,0.6559159257819558,0.9234223599357991,0.10987169139507047
8938,0.6558927253586077,0.9234193585096951,0.10988675767807608
8939,0.6559244718696321,0.9234299807142424,0.10988616073484575
8940,0.6559250047156561,0.9234268255659308,0.10989132775669642
8941,0.6559303194335383,0.9234182747681314,0.10990305542167282
8942,0.6559358692303321,0.9234131135450102,0.10990549686680297
8943,0.6559389562264958,0.9234178597181708,0.10990558023167
8944,0.6559304180730332,0.9234142395601811,0.1099063055185399
8945,0.6559474274469543,0.9234203846054311,0.10991293276665953
8946,0.6559471835552076,0.9234223637788543,0.10992136094752959
8947,0.6559548884782285,0.923416998873808,0.1099270766095927
8948,0.6559433861327558,0.923411618596541,0.1099351564909067
8949,0.655939134681177,0.9234149082517843,0.10995230617418882
8950,0.6559450049524498,0.9234079331066131,0.10996718520975139
8951,0.6559508702108525,0.9234125332436764,0.10997508663454061
8952,0.6559538279973056,0.9234093704092544,0.10998476785149372
8953,0.6559379840363498,0.9234108961021651,0.10998418155434092
8954,0.6559398340227377,0.9234042975764026,0.10997373757068782
8955,0.6559534745444229,0.9234060115790177,0.1099751787739804
8956,0.6559473330481446,0.9233987020880449,0.10997986623475435
8957,0.6559697007525873,0.9234087862648654,0.10997872880691141
8958,0.6559845562766707,0.9234083174121321,0.1099844258035056
8959,0.6559951541256007,0.9234003507587217,0.10999324481920712
8960,0.6560191065679349,0.9233971418076374,0.10999966220350574
8961,0.6560518028773565,0.9233901205458039,0.11000054592816208
8962,0.6560540812192892,0.9233819233090821,0.11000311519012099
8963,0.6560347893171131,0.9233850784573937,0.1100093113833798
8964,0.6560331417393089,0.9233837410741873,0.11001560430358207
8965,0.6560441157883276,0.9233911427984847,0.11002495465214437
8966,0.6560648838684198,0.9233923034011523,0.11003769245389643
8967,0.65607141672711,0.9233954085897464,0.1100468176765715
8968,0.6560624111724543,0.9233916654539907,0.1100517757891712
8969,0.6560488824689695,0.9233954892939054,0.11005429311787555
8970,0.6560507020374716,0.9233890291181297,0.1100586205479866
8971,0.6560666051104723,0.9233862544322821,0.11008641497078314
8972,0.6560605966915052,0.9233941480676439,0.11009223637124846
8973,0.6560605966915052,0.9233941480676439,0.11008847804271138
8974,0.6560685684786243,0.9234003430726113,0.11008780912302658
8975,0.6560560981200214,0.9233941173232023,0.11008218158239075
8976,0.6560547524805393,0.9233987943213694,0.11008370678777278
8977,0.656056306656883,0.9233922342261588,0.11008618435722003
8978,0.6560606993479182,0.9233948551897989,0.1100918528574369
8979,0.6560537566096459,0.9233934793760407,0.11009689218856789
8980,0.6560480494508076,0.9233894864416975,0.11010530304077101
8981,0.6560594467826368,0.9233921881094965,0.11011321221414301
8982,0.6560663805563469,0.9233834643742135,0.11012765617639364
8983,0.656048714491764,0.9233708399379119,0.11013431169755061
8984,0.6560545345333665,0.9233821884798902,0.1101414622546223
8985,0.656062748467129,0.9233812200299821,0.11015122494316511
8986,0.6560880230186694,0.923396507703531,0.1101461926638221
8987,0.6560864340887201,0.9233977835978543,0.11015134301539375
8988,0.6560827589261964,0.9233705824532141,0.11017667856746252
8989,0.6560879423152163,0.9233716969392195,0.11018690386202987
8990,0.6560900536028302,0.9233750672986217,0.11019591091028486
8991,0.6560883624291504,0.9233728037391143,0.11019932377138812
8992,0.6560772376050116,0.9233725462544166,0.11020765150966828
8993,0.6560792411177303,0.923386980769713,0.11021767632364295
8994,0.6560993993930537,0.9233868270475054,0.11022091877175236
8995,0.6561089702047433,0.9233878992599036,0.11022531837911025
8996,0.6561077164921896,0.9233926646483402,0.11023255467679666
8997,0.6561214232929187,0.9233996090490699,0.11023271860267787
8998,0.656116978759626,0.923400619772585,0.11023595776145359
8999,0.6561177061497939,0.9233996590087874,0.11023912472029475
9000,0.656119160774431,0.9233961080257911,0.11024505157315763
9001,0.6561217119134082,0.9234027065515537,0.11025021335974337
9002,0.6561347626281618,0.9234054312776839,0.11024996038244356
9003,0.6561439537753815,0.9234036942167376,0.11024690840268354
9004,0.656149019407935,0.923407591074701,0.1102480016236908
9005,0.656141791849931,0.9234076948371912,0.11023153530084819
9006,0.6561419680552782,0.9234017035141489,0.11024532053711847
9007,0.6561378397057488,0.9233988020074798,0.1102455683172695
9008,0.6561494387471933,0.923399954924037,0.11024592444637112
9009,0.6561464656588051,0.9234001624490173,0.11025242554705161
9010,0.6561357346009062,0.9233986136977755,0.11025940883768413
9011,0.656140507223927,0.9234004122476047,0.1102715706007387
9012,0.6561742998634357,0.9234041400111398,0.11026854362343441
9013,0.6561756133453401,0.9234160650113967,0.11026892670126151
9014,0.6561934103021678,0.9234239932342552,0.11026924123848957
9015,0.6561656027424109,0.9234202693137754,0.11027475338496177
9016,0.6561659441579909,0.9234288508560163,0.11027584601951289
9017,0.6561770130003113,0.9234180288125992,0.11028515411951083
9018,0.6561826712291334,0.9234224214246822,0.11027933104614879
9019,0.6561986795923291,0.9234266564715025,0.11028115885880284
9020,0.6562009919387959,0.9234181902209172,0.11026910962987525
9021,0.6561965927557345,0.9234233745023696,0.11028590995180915
9022,0.6562053722472629,0.9234081598468693,0.11031417671289076
9023,0.6562152210734714,0.92340525065409,0.11031518210922617
9024,0.6562106207030455,0.9233932872232811,0.11031556828977024
9025,0.6562159864676745,0.9233966229951867,0.11031777840005605
9026,0.6562186462694273,0.92339558152723,0.11032673115754495
9027,0.6562160973838689,0.9234001624490173,0.11033409640203155
9028,0.6562407389742368,0.9234120182742809,0.11034001565415642
9029,0.6562406792223691,0.9234128099436502,0.11033630884747131
9030,0.6562363497251663,0.9234060423234592,0.11033942714759162
9031,0.6562281324512552,0.923410711635516,0.110349965525514
9032,0.6562148626063559,0.9233999011212644,0.11035339599753526
9033,0.6562119992398264,0.9233934371024335,0.11035659005702007
9034,0.6562404989903726,0.9234116954576448,0.11035559422520054
9035,0.656246811044154,0.9234137361199511,0.11035157226688473
9036,0.6562412812077081,0.9234144470851614,0.11035506618129975
9037,0.6562187703263151,0.9234043360069545,0.11036172185588636
9038,0.6562169697695451,0.9233964846451999,0.11036339239243262
9039,0.6562418857234288,0.923392357203925,0.11036017197429006
9040,0.6562270995512751,0.9233876110307644,0.11035655496299267
9041,0.6562368822657935,0.9233879415335108,0.11035382020149535
9042,0.6562392072724319,0.9233909122151732,0.11035444639290183
9043,0.6562480265610954,0.9233907354346345,0.11035278672245363
9044,0.6562411548995501,0.9233926377469539,0.110357211305589
9045,0.6562014262208566,0.9233870883752584,0.11039057617510284
9046,0.656190159528344,0.9233783992274721,0.11036983618459088
9047,0.6561806696417256,0.9233787873760464,0.11037384111403765
9048,0.656182942142772,0.9233838832672293,0.11037231689379028
9049,0.656176686379064,0.923379363834325,0.11038288903694964
9050,0.6561875954365597,0.9233822807132148,0.11038310175719868
9051,0.6561899151438981,0.9233785452635693,0.11040166818727375
9052,0.656189713352938,0.9233808126661319,0.11040392913347338
9053,0.6561790055959433,0.923368322736762,0.11041023549496852
9054,0.6561828764756216,0.9233730727529778,0.11040660470212366
9055,0.656174508564368,0.9233663589355595,0.11040920021776958
9056,0.6561949768628395,0.923377611401158,0.11040744976709467
9057,0.656200436478278,0.9233776037150476,0.11041218162658323
9058,0.6561991971771819,0.9233847517977024,0.1104101372516467
9059,0.6562107069012423,0.9233849516365723,0.11040751597008872
9060,0.6562115437586727,0.9233864581142072,0.11040937751778886
9061,0.6562111468696814,0.923387161393307,0.11041399168889102
9062,0.6562123273253211,0.9233866079933596,0.11042067136611947
9063,0.6562107363907417,0.9233860699656329,0.11042190100513191
9064,0.6562168368683461,0.923397495368715,0.11042527119489245
9065,0.6562232475400724,0.9233885256778998,0.1104309305448058
9066,0.6562270974090944,0.9233863466656066,0.11044264813694755
9067,0.6562416335453589,0.9233890675486817,0.11043381387633482
9068,0.6562321157021808,0.9234027372959952,0.110437092167418
9069,0.656219932265397,0.9233992209004956,0.11043758247074988
9070,0.6562408052990316,0.9234027910987679,0.1104298247666367
9071,0.6562611178157605,0.9234058886012516,0.11043638235401004
9072,0.6562493647241412,0.9234076679358049,0.11043975103644786
9073,0.6562293618451084,0.9234030178390241,0.11044804198295756
9074,0.6562361068229248,0.9233973070590106,0.11044751380492276
9075,0.6562427892332237,0.9234067302303384,0.110447154332008
9076,0.6562407630310896,0.9233941788120854,0.11044955993510508
9077,0.6562361762054665,0.92339175384426,0.11045650330244236
9078,0.6562710121619386,0.923410773124399,0.11045569779835403
9079,0.6562752048919306,0.923417521529314,0.11045740318520017
9080,0.656278891083995,0.923421752733079,0.11045412972271264
9081,0.6562718028561214,0.9234243275800568,0.11045455663223876
9082,0.6562800159787975,0.9234274596700373,0.1104524541616846
9083,0.6562296261105149,0.9234048163888534,0.11043918606106802
9084,0.6562097291223734,0.9234010847822631,0.11044128759079547
9085,0.6561991879504132,0.9234030139959689,0.1104493691868015
9086,0.65616768861031,0.9233935754524204,0.11046136782009326
9087,0.6561827162689955,0.9233968766368292,0.11047035902820668
9088,0.6561625891629941,0.9233949397370131,0.11047014966366804
9089,0.6561587663318313,0.9233944209245624,0.11047695573811221
9090,0.656151450692784,0.9233948513467437,0.11048356024900147
9091,0.6561529443639186,0.9233886255973347,0.11048762171035124
9092,0.6561462274059597,0.9233901935638525,0.1104835951857572
9093,0.656139940659954,0.9233885641084517,0.11049360810317709
9094,0.656122929183507,0.9233971149062511,0.11050457087699916
9095,0.6561224241406651,0.9234041976569677,0.11050086685827161
9096,0.6561160256667129,0.9234024836543526,0.11050410322940822
9097,0.6561153720312753,0.9234034367320398,0.11051142856074879
9098,0.6561220760070526,0.923403559709806,0.11051587013086339
9099,0.6561243788440214,0.9233998665337677,0.11051300914385158
9100,0.6561169800207867,0.9234028833320924,0.11051506622227177
9101,0.6561070547778368,0.923411357268788,0.11051801686776265
9102,0.6561048989815941,0.9234041976569677,0.11052171847927131
9103,0.6561052495136096,0.9234007043197993,0.11052321074584345
9104,0.656106726952848,0.9234008926295036,0.11052812705286968
9105,0.6560964069577663,0.9233867809308431,0.11054532846205202
9106,0.6561115096316902,0.9233888023778735,0.11054470152586164
9107,0.656107614870256,0.9233806166703172,0.11056528373665646
9108,0.656107576334015,0.9233845788602189,0.11056400376171543
9109,0.6561203034021792,0.9233734839598832,0.1105761554147078
9110,0.6561615705095182,0.923376604520698,0.11057649180764331
9111,0.6561626252457878,0.9233811239536024,0.11057581140228932
9112,0.6561579855584859,0.9233793407759938,0.11057714349103276
9113,0.656177512847078,0.9233629539886605,0.11060126490419052
9114,0.6561710775222968,0.9233521703757952,0.11060782119591442
9115,0.6561725454397567,0.9233564553823329,0.11060954650716703
9116,0.6561709639407791,0.9233504448440146,0.11064068781876218
9117,0.6561744243475477,0.9233548566713735,0.11064196065192165
9118,0.6561762590701087,0.9233561171934761,0.11064928114719123
9119,0.6561412136790554,0.9233606827430427,0.11064102674330777
9120,0.6561416468887404,0.9233520435549739,0.11065082050320262
9121,0.6561405841756317,0.9233461367791458,0.1106539125817856
9122,0.6561436358244738,0.9233500374801643,0.11065873962067321
9123,0.6561566928798075,0.923344349758482,0.11066846675823643
9124,0.6561455603742117,0.9233381778118457,0.11067409097050736
9125,0.6561464649372415,0.9233335123428441,0.11068155122759209
9126,0.6561544778708767,0.9233409102240863,0.11068272671295332
9127,0.6561517493498308,0.9233385851756959,0.11067459751654977
9128,0.6561583944756642,0.923339976361675,0.11067813588246808
9129,0.6561701521070796,0.9233385313729232,0.11067598309922007
9130,0.656167751922225,0.9233329243553999,0.1106818574264393
9131,0.6561670617330445,0.9233160994597748,0.11069032613299398
9132,0.6561761584323048,0.9233211646065163,0.11068753154396797
9133,0.656161035114376,0.9233125062031715,0.11069480384396763
9134,0.6561565984851375,0.9233053734927374,0.11072097571130392
9135,0.6561794039556771,0.923305042989991,0.11072364229838505
9136,0.6561850390689618,0.9233109113352673,0.11072210428364761
9137,0.6562069487697326,0.923300953979268,0.11072786965343752
9138,0.6562070649813417,0.9232831298892933,0.11078360086016276
9139,0.656195449723695,0.9232848707932948,0.11079136560917181
9140,0.6562085850025209,0.9232883718165735,0.1107897319027388
9141,0.6562277644920038,0.9232893248942609,0.11079027702182961
9142,0.6562286370067112,0.9232900704469679,0.11079027784340631
9143,0.6562464550195608,0.9232953853922966,0.11078605075563276
9144,0.6562465798926336,0.9233010654278686,0.11079220597279611
9145,0.6562491905391086,0.9233085786007665,0.11079631281174368
9146,0.6562504695463075,0.9233072719620017,0.1108004485551235
9147,0.6562706403346062,0.9233166221152808,0.11079870908737299
9148,0.6562755424565812,0.9233149273279416,0.11081183907620781
9149,0.6562735700264251,0.9233185936025936,0.11081029737660604
9150,0.6562480222438978,0.9233093049381975,0.11081416804592534
9151,0.6562360086279739,0.9233116492018639,0.11082465819204976
9152,0.6562420711573675,0.9233101465672844,0.11083798089019954
9153,0.6562423614150685,0.9233185513289865,0.11083509795014171
9154,0.6562547009574318,0.9233332164275945,0.11083488374369765
9155,0.6562809366083289,0.9233471859332129,0.11083119005282352
9156,0.6562772507660155,0.9233437694571482,0.11083362050563068
9157,0.65628187851964,0.923342213019796,0.11083757439586069
9158,0.6562826997985004,0.9233419632212085,0.11084892506300609
9159,0.6562740472369181,0.9233421246295266,0.11085288403229107
9160,0.6562773679513624,0.9233563247184564,0.11086267430399384
9161,0.6562750335626754,0.9233462136402496,0.11087797876432659
9162,0.6562944566216538,0.9233452259750655,0.11087793910638734
9163,0.65627598742851,0.923340018635282,0.11088686239119806
9164,0.6562807427293901,0.9233453028361693,0.11088705153101154
9165,0.656283915264774,0.9233426549711429,0.11088360196066785
9166,0.6562828127163282,0.9233290313404917,0.11089743190945754
9167,0.6563067207112401,0.9233290620849333,0.11089732834315606
9168,0.656269994351534,0.9233074103119885,0.11091569773909339
9169,0.6562837522683744,0.9233074641147612,0.11092219514897234
9170,0.656290704922795,0.9233090551396101,0.11092171790851241
9171,0.6562889857132497,0.9233044665317124,0.11092800970026333
9172,0.6562651657001473,0.9233000931349054,0.11094234147066834
9173,0.6562604757353163,0.9233008540598331,0.11094104214731035
9174,0.6562718662195897,0.9232957773839261,0.1109411914335256
9175,0.6562680962616616,0.9232930795591822,0.11094441307506651
9176,0.6562558192500508,0.9232855394848979,0.11095021196119066
9177,0.6562542279830103,0.9232894555581374,0.11095889093974459
9178,0.6562595074478287,0.9232918305662452,0.11096053898952672
9179,0.6562835227405872,0.9232932563397209,0.11096510027190619
9180,0.6562721864397981,0.9232900243303056,0.1109711326198751
9181,0.6562634337825629,0.9232909274482753,0.11097020949395665
9182,0.6562674894820101,0.9232978257323428,0.11096162498494799
9183,0.6562639446367975,0.9232989786489,0.11097165491121481
9184,0.6562787402535675,0.9233011499750828,0.11097015939920912
9185,0.6562842782095779,0.9233001200362917,0.11097666081516347
9186,0.6562993461201755,0.923297990983716,0.11096537282805731
9187,0.6563094675482598,0.9232939557757657,0.11096152971560763
9188,0.6562943790182962,0.9232898782942083,0.11096901284669675
9189,0.6563134408993696,0.9233071028675732,0.11097181323124242
9190,0.6563035822317325,0.9233036748623431,0.11098468426823861
9191,0.6562991333728131,0.9233094663465156,0.11098384660161442
9192,0.6562849269901507,0.9233113110130071,0.1109976773951529
9193,0.6562453959317297,0.9233071220828493,0.11101824446857933
9194,0.6562417183500573,0.9233098544950898,0.11103005968755736
9195,0.6562208520153971,0.9233065802120674,0.1110380991123337
9196,0.6562109028806707,0.9233093203104183,0.11104711831471874
9197,0.6561684258533242,0.923292268674537,0.11107839956404832
9198,0.6561777584908739,0.9233010193112063,0.11107984592443458
9199,0.656188370228595,0.9232988095544716,0.11107589893116945
9200,0.6561833280772331,0.9232935330396947,0.11108304733157554
9201,0.656185142934205,0.9232921111092741,0.11108413802261516
9202,0.6562141772971449,0.9232978180462325,0.11108089370584966
9203,0.6562167031997032,0.923309919827028,0.11109518135371903
9204,0.6562256609474719,0.9232965959546817,0.11109738923777301
9205,0.6562623852837757,0.9233074564286509,0.11110272210371056
9206,0.6562765675768593,0.9233056425066007,0.11110323697930351
9207,0.6562795476275806,0.9233046932719686,0.11109791488346442
9208,0.656275567748328,0.9233168603847026,0.11109832052481487
9209,0.6562720354532147,0.9233096277548336,0.11110046027655437
9210,0.6562709697315432,0.9233218563564506,0.11110199197835303
9211,0.6562818855272172,0.9233193506844662,0.11110462802404944
9212,0.6562717429562581,0.9233139089183161,0.11110447578528002
9213,0.6562471499454621,0.9233086362465943,0.11111558798924391
9214,0.6562229591795523,0.9233095432076194,0.11112651524664417
9215,0.6562295105787792,0.9233096200687232,0.11111744465052305
9216,0.6562202010639611,0.9233072681189465,0.11112122576643951
9217,0.6562396955670761,0.9233041898317387,0.11112858588630792
9218,0.6562492851856717,0.9233073103925535,0.11113230810848873
9219,0.6562444347151398,0.9233175636638025,0.1111366152327106
9220,0.6562549044413766,0.9233144930627051,0.11113877248466367
9221,0.6562653928633695,0.923315257830688,0.1111411470942555
9222,0.6562558872917572,0.9232951355937092,0.11117306756052316
9223,0.656271581537782,0.9232990093933415,0.11116847742686059
9224,0.6562632444162873,0.9232933754744319,0.11117813834411543
9225,0.6562466214260043,0.9232894747734133,0.11118092573143243
9226,0.6562514561144903,0.9232849822418953,0.1111872063511956
9227,0.6562642667915461,0.9232844211558374,0.11118849874869861
9228,0.6562686277495569,0.9232874417972173,0.11119713997980321
9229,0.6562798577167044,0.9232879029638402,0.11120151563139644
9230,0.6562862985468385,0.923282680251836,0.11121158499741152
9231,0.6563009755846451,0.9232785105369541,0.11125093790557533
9232,0.6562993427695667,0.9232781954064284,0.11125678538885164
9233,0.6563126034152051,0.9232888983151346,0.1112542633727395
9234,0.6563095853951659,0.9232961809047211,0.11126781557822797
9235,0.6563338372768125,0.9232914923773884,0.11128299809481941
9236,0.6563507844213065,0.923301918586121,0.1112827671360598
9237,0.6563570727075848,0.923308063631371,0.11128064764948088
9238,0.6563404510332412,0.9233100773922909,0.1112853400451548
9239,0.6563457320032885,0.9233213644453862,0.11128808299133797
9240,0.6563373225949332,0.9233152424584673,0.11129553966721334
9241,0.6563186959032049,0.9233126791406551,0.1113323465967045
9242,0.6563326290339807,0.9233180133012598,0.11131946063927566
9243,0.6563182850665867,0.923316587527784,0.11131512997305748
9244,0.6563352398104808,0.9233129673697944,0.11132142312931757
9245,0.6563234197370035,0.9233119989198862,0.11132646140838451
9246,0.6563277865390218,0.923317071752738,0.11132718951535597
9247,0.6563277865390218,0.923317071752738,0.11132718951535597
9248,0.656323596452929,0.9233143393404974,0.11134261404041748
9249,0.6563203039728813,0.9233153846515093,0.11135256198835836
9250,0.6563093092550935,0.9233178634221074,0.1113482872267027
9251,0.656313409308378,0.9233233013452022,0.11135314174471911
9252,0.656323123039371,0.9233154576695579,0.11135902549041204
9253,0.6563191300761564,0.9233109997255367,0.11136690718309897
9254,0.6563367519981451,0.9233172485332769,0.1113576045390369
9255,0.6563561079964022,0.9233051928691435,0.11136849485203394
9256,0.6563673036350233,0.9233132517558784,0.11136955449375618
9257,0.6563673036350233,0.9233132517558784,0.11136361438709479
9258,0.65636657837165,0.9233086131882632,0.11136698765194278
9259,0.6563577917795503,0.9233248155089474,0.11136747924436985
9260,0.6563605908850043,0.9233273211809319,0.11137546609227017
9261,0.6563522047914737,0.9233192584511416,0.11139112077718814
9262,0.6563438595072525,0.9233239777229159,0.11138786907133541
9263,0.6563439019700061,0.9233239123909777,0.11138065215676259
9264,0.6563516304437111,0.9233289045196704,0.11138821427968157
9265,0.6563230659003089,0.923335122582969,0.11140074808525795
9266,0.6563225980579952,0.9233266832337701,0.11140199422666609
9267,0.6563508783344406,0.9233395305672728,0.11140190525232033
9268,0.656339493188748,0.92332677931015,0.11140899078243564
9269,0.6563396513562282,0.9233220830967068,0.11141874886622638
9270,0.6563576152671013,0.9233169180305304,0.11142802170260695
9271,0.6563759949306803,0.9233175329193609,0.11143375827169488
9272,0.6563848643445913,0.9233307184417204,0.11143281205682985
9273,0.6563849933984385,0.9233319059457744,0.11143460351798058
9274,0.6563672277545506,0.923326560256004,0.11144237243844048
9275,0.6563634321198851,0.9233344308330347,0.11145359927815163
9276,0.6563628737165973,0.9233197157747093,0.11150257696623403
9277,0.6563524293227968,0.9233244465756492,0.11151320657297298
9278,0.6563598905555615,0.9233401877297105,0.11151627452178764
9279,0.6563688656944199,0.9233477162748291,0.1115153399872389
9280,0.6563715783534165,0.9233547798102697,0.11151665385780866
9281,0.6563933738732678,0.9233528851840607,0.11151931928792316
9282,0.6564016601041147,0.92336384942052,0.11151434348306527
9283,0.6564159064574301,0.9233635189177736,0.11151474298196519
9284,0.6564290895209511,0.9233638148330232,0.11152108241622655
9285,0.6564123943753686,0.9233700828560393,0.11153417857285663
9286,0.6564263805219952,0.9233721273614008,0.11154368656280784
9287,0.6564160813507229,0.9233694449088776,0.11154261838854536
9288,0.6564344708051609,0.9233622622387262,0.11154154905599248
9289,0.6564479218902433,0.9233570510558875,0.11154821037011212
9290,0.6564405778220959,0.9233596797056379,0.1115578019742238
9291,0.6564517517958582,0.9233574814780688,0.11156173440806132
9292,0.6564671223185301,0.9233631999441927,0.11156263774794367
9293,0.6564608262999907,0.9233633728816762,0.11156461702774269
9294,0.6564581042910858,0.9233620700859666,0.11157259985805233
9295,0.6564367031088414,0.9233501566148753,0.11155439280252952
9296,0.656443909020649,0.9233503026509725,0.11156064317405404
9297,0.6564387062200188,0.9233559711573789,0.11155928826408594
9298,0.6564538152737348,0.923360102441709,0.11155107451409838
9299,0.6564530135682214,0.9233576813169387,0.11154981148145124
9300,0.6564582992141136,0.9233591301487457,0.11155411186726698
9301,0.6564643582511346,0.9233601370292056,0.1115660530749348
9302,0.6564544850736679,0.9233557674754538,0.11156989142759417
9303,0.6564445163416424,0.9233505716648359,0.11157646167940477
9304,0.6564440292833849,0.9233495494121551,0.11157669523009682
9305,0.6564499366257971,0.923353738342313,0.11157354509323797
9306,0.6564658569178977,0.9233586459237917,0.11157988149523364
9307,0.6564775235782071,0.9233729997349291,0.11157593004666805
9308,0.6564682738477612,0.9233781801733263,0.11158098891301176
9309,0.6564651056376866,0.923380489849496,0.11158209810803835
9310,0.6564440237423644,0.9233655057773071,0.11158627747837867
9311,0.6564352521103618,0.9233591647362424,0.11159635383266632
9312,0.6564642049174013,0.923372857541887,0.11159692395160913
9313,0.6564675685431093,0.9233754362319201,0.11159409688815052
9314,0.6564595050528652,0.9233730343224258,0.11160115663593828
9315,0.6564852288980965,0.9233813430077482,0.11162117109254945
9316,0.6564971601519071,0.923389175154227,0.11163663971613162
9317,0.6565123765741955,0.9233860238489706,0.11163470351966998
9318,0.6565196419418445,0.9233824536506984,0.11163555426454705
9319,0.6565149940192367,0.9233753939583129,0.11163955059334107
9320,0.6565082433691536,0.9233733994126689,0.11164495579480521
9321,0.656519390569416,0.9233717430558818,0.11164741974565245
9322,0.6565165573055692,0.923371566275343,0.11165790479041186
9323,0.6565054080410987,0.9233649101037525,0.11167404700799403
9324,0.6564939290059363,0.9233527429910187,0.11167503696364753
9325,0.6564920589907788,0.9233525777396454,0.11166467646948741
9326,0.6564804005184395,0.9233513863925363,0.11166821801080401
9327,0.6564778889673168,0.9233543839755851,0.11167502196030783
9328,0.6564768027564032,0.923352508564652,0.11167651562124886
9329,0.656465104110496,0.9233580387210715,0.11168735235982621
9330,0.6564606688475831,0.9233530427493235,0.11169520369822308
9331,0.6564686980572313,0.9233511250647833,0.11169470288705996
9332,0.6564642613913108,0.9233591877945735,0.11169824053213565
9333,0.6564572180686654,0.9233553946991002,0.11170263338492953
9334,0.6564797049162849,0.9233684188131417,0.1117047306901859
9335,0.6564885444799223,0.9233761356679647,0.11170554278571164
9336,0.6564998515154902,0.9233818925646405,0.11170850863339457
9337,0.656499075672925,0.9233808203522423,0.11170975674780886
9338,0.656496392611916,0.9233743755486874,0.11171153157880753
9339,0.6564784416810526,0.9233632422177998,0.11172350041120058
9340,0.6564598706723128,0.9233588880362686,0.11172741442935478
9341,0.6564408081716835,0.9233581463266168,0.11173722868672721
9342,0.6564197940410265,0.9233553101518861,0.11174537207818949
9343,0.6564287332391032,0.9233545453839032,0.11174866999182076
9344,0.6564159033225625,0.9233506907995468,0.11175123777388415
9345,0.6564368576194605,0.923346624847155,0.1117456924130839
9346,0.6564310734837354,0.9233772155664733,0.11176814587533149
9347,0.6564249420902234,0.9233798365301135,0.11176927139854749
9348,0.6564313627861492,0.923380532123103,0.11177663131228137
9349,0.6564191526801845,0.9233855818976237,0.1117909115376042
9350,0.6564396930296137,0.9233985253075061,0.11179645152163348
9351,0.6564470399764265,0.923387684048813,0.11180506687594532
9352,0.6564297282913103,0.9233861314545159,0.11181661371314196
9353,0.6564196790563938,0.9233786643982803,0.11184388108267346
9354,0.6564090464383896,0.9233898207874991,0.11185054339187658
9355,0.6564147570434158,0.9233932718510603,0.11185402876393927
9356,0.6564363325156848,0.9233953163564218,0.11184451832187947
9357,0.6564294044399949,0.923390101330528,0.11184974301707794
9358,0.6564393246628752,0.9233863236072755,0.11185295962046518
9359,0.6564451835421956,0.9233774423067296,0.11185067269496184
9360,0.6564412019564484,0.9233693949491601,0.11185256049189013
9361,0.6564385726756656,0.9233784568733,0.11185713591103466
9362,0.6564645187172179,0.9233748943611382,0.11185843010194822
9363,0.6564699538199267,0.9233759127707637,0.11186361665394023
9364,0.6564796790445878,0.9233868808502781,0.11186962373231323
9365,0.6564721145155203,0.9233911543276502,0.11187007885510664
9366,0.6564770217850976,0.9234004737364878,0.11187195290075246
9367,0.6564979004431453,0.9234139743893729,0.11187057982310032
9368,0.6565096128047359,0.9234305725447418,0.11186762053405142
9369,0.656511027762002,0.9234380434440326,0.11186381025935242
9370,0.656532719133782,0.9234350842915358,0.111855957953544
9371,0.6565461411237533,0.9234424053116741,0.11185675059300078
9372,0.6565652680491875,0.9234425705630473,0.11185998832573604
9373,0.6565554063449139,0.9234516363302423,0.11186796950451909
9374,0.6565649181357299,0.9234363486566934,0.1118721434080078
9375,0.6565569689104882,0.9234385122967659,0.11187282237086914
9376,0.6565640219916411,0.9234354147942822,0.11187323297342164
9377,0.6565639647471463,0.923422740398263,0.11188125303070266
9378,0.6565449267613755,0.9234204653095901,0.11189342777953942
9379,0.6565279837645033,0.9234224291107925,0.11189981842329927
9380,0.6565232796355001,0.923421529835878,0.11191509183382999
9381,0.6565159238168979,0.9234093166064817,0.11192126479549348
9382,0.6565403811212827,0.9234124333242414,0.11192543148492673
9383,0.6565361401232805,0.9234033637139912,0.11193293104162362
9384,0.6565604279673093,0.9234125908895042,0.11194236564607493
9385,0.6565602125851973,0.9234127522978223,0.11194426984508743
9386,0.6565588084042474,0.9234062267901084,0.1119499118417392
9387,0.6565698122897055,0.9234188589125204,0.11195538819405448
9388,0.6565805843212874,0.9234210955706413,0.11196442321514144
9389,0.6565653275713477,0.9234145162601548,0.11196509699830068
9390,0.6565706187943702,0.9234178212876188,0.11196292256662642
9391,0.6565705269585429,0.9234160650113967,0.11196268039501875
9392,0.6565763656615878,0.9234166606849512,0.11196178104422246
9393,0.6565698720439765,0.9234119644715082,0.11196991051528303
9394,0.6565680464250717,0.9234176176056937,0.11197226284522352
9395,0.6565719060677584,0.9234191471416597,0.1119748428273807
9396,0.6565523335276174,0.9234072913163962,0.11198304663377276
9397,0.6565370488342047,0.9233997781434983,0.1119934129584193
9398,0.6565425623836298,0.9234024759682422,0.11199683455747492
9399,0.6565345917973092,0.9234021147210543,0.11199500814466706
9400,0.6565325689449552,0.9234165761377371,0.1119989945850667
9401,0.6565539492295289,0.9234172717307266,0.11199729496392608
9402,0.6565540926768646,0.923417663722356,0.11199969306078977
9403,0.6565615869536975,0.9234173255334993,0.11200135745776779
9404,0.6565664669654802,0.9234159266614098,0.11200832273116627
9405,0.6565789625581622,0.9234271675978428,0.11201981146194631
9406,0.6565647423095662,0.9234257879410293,0.11202684137368218
9407,0.6565443586977183,0.923434907510997,0.11203804108605743
9408,0.6565380106876562,0.9234459639807807,0.11204831891435356
9409,0.6565294895616753,0.9234454374822196,0.11204591504875742
9410,0.6565368051208929,0.9234382394398474,0.11205463459385627
9411,0.6565341986250907,0.9234379896412599,0.11205644701023842
9412,0.6565061224042006,0.9234444075434285,0.11205306720465381
9413,0.6565219358427425,0.9234400572049526,0.11205512521647565
9414,0.6565207020677698,0.9234442461351104,0.11205669495103013
9415,0.6565257260667686,0.9234447265170094,0.11206193896441598
9416,0.656549365919646,0.9234481737375154,0.11206409283549329
9417,0.6565418403105497,0.9234436696768319,0.11207071450934267
9418,0.6565611828580625,0.9234361872483755,0.11207302188416882
9419,0.6565704436108208,0.9234353417762335,0.11207175872377353
9420,0.6565714694432684,0.9234440232379094,0.11208048722213143
9421,0.6565782940240391,0.9234482313833433,0.11208371792546414
9422,0.6565782095522231,0.9234558175742899,0.11208759624212293
9423,0.6565860464016097,0.9234538614591977,0.11210077300585725
9424,0.6565811454881167,0.9234485157694274,0.11211653225627866
9425,0.6565947552007425,0.9234486464333039,0.11211477611562423
9426,0.656596218326349,0.9234489154471672,0.11210921267726622
9427,0.6566080221605926,0.9234581234074043,0.1121148808423725
9428,0.6565960793731591,0.9234575469491257,0.11211988021118037
9429,0.6565843468416219,0.9234417443061813,0.11213271549952479
9430,0.656601992083061,0.9234505180011818,0.1121339735568908
9431,0.6566106548867695,0.9234452607016809,0.1121350312366437
9432,0.6566051394970508,0.9234414829784283,0.11213919940092316
9433,0.6566053914977551,0.9234444844045323,0.11214561888924995
9434,0.6566111454088334,0.9234453452488951,0.11214737909084388
9435,0.6566078866531385,0.923445767984966,0.11214897073424321
9436,0.6566216013136087,0.9234432930574232,0.11215422247863271
9437,0.6566168759315053,0.923451267396944,0.11214853094111124
9438,0.6566335652729516,0.9234525625065433,0.11215306702931534
9439,0.6566476386137171,0.9234582425421152,0.11214994853270448
9440,0.656645912866109,0.9234508907775353,0.1121564636399614
9441,0.6566319315666911,0.9234418864992233,0.11216642530841045
9442,0.6566354806901221,0.9234328783778563,0.11217183532418566
9443,0.656633688005055,0.9234330436292294,0.11217095358765353
9444,0.65664311312921,0.9234301382795053,0.11217231631589943
9445,0.6566527055658382,0.9234377782732245,0.11217291834691914
9446,0.6566352078651302,0.9234426551102615,0.11218550918577319
9447,0.656622441636964,0.9234395114911155,0.11218680458464426
9448,0.6566329723902125,0.9234444728753668,0.1121877981355058
9449,0.6566325960096201,0.9234359297636777,0.11219399431987888
9450,0.6566323604438987,0.9234301036920085,0.11220595178271425
9451,0.6566283990274646,0.9234267563909374,0.11220228622846731
9452,0.6566252293584077,0.9234274788853132,0.11220087238162514
9453,0.6566177188690264,0.923427736370011,0.11220843709949124
9454,0.6565917758962723,0.9234350804484805,0.1122333083622858
9455,0.6565884343071505,0.9234385276689866,0.11223269303965777
9456,0.6565940439718426,0.9234387736245189,0.11222592830762093
9457,0.6565722621369277,0.9234287086629743,0.1122524975500305
9458,0.6565539070764495,0.9233733994126689,0.11233650494421714
9459,0.6565430890720169,0.9233740719473273,0.11234966133134776
9460,0.6565535212170395,0.9233690951908553,0.11235187545530138
9461,0.6565608686831941,0.9233779457469596,0.11234711805448884
9462,0.6565624476564575,0.9233789795288059,0.11235003648277603
9463,0.656561569450198,0.9233746484056059,0.11235649334691555
9464,0.6565706918235882,0.923383049324253,0.11235884251107853
9465,0.6565684461513039,0.9233794368523737,0.1123541738313544
9466,0.6565709365613779,0.9233857240906657,0.11234845865182753
9467,0.6565720615061892,0.9233877724390823,0.11235590003193606
9468,0.6565661994873049,0.9233927837830511,0.11235870226143242
9469,0.6565665141203121,0.9233924033205873,0.11235943101933102
9470,0.6565740311609376,0.923397656777033,0.1123564113323594
9471,0.6565716349679123,0.9233884872473479,0.1123727553418279
9472,0.656557799012745,0.9233818195465919,0.11238621374494437
9473,0.6565610964084994,0.9233853820587538,0.11238879180696648
9474,0.6565586859431066,0.9233748059708687,0.11239302472481637
9475,0.6565760002231911,0.923378618281618,0.11239053757130568
9476,0.6565882397003207,0.9233759973179779,0.11238860142491953
9477,0.6566101188940873,0.9233675425965583,0.11238919623825007
9478,0.6566070815935093,0.9233714010239698,0.11239557536158973
9479,0.656618339324706,0.9233696101602509,0.11239478152756194
9480,0.6566154487624182,0.9233727230349553,0.11239792625960952
9481,0.6566055344957169,0.9233749981236283,0.11240472980203604
9482,0.6566153799096557,0.9233743832347978,0.112404804865908
9483,0.6566401051133934,0.9233795021843119,0.11240711153680631
9484,0.6566486334286458,0.9233932718510603,0.11241189355719736
9485,0.6566463299684174,0.9233893519347658,0.11241873376779528
9486,0.6566420832503548,0.9233984945630646,0.11242513389984451
9487,0.6566499037820734,0.923396426999372,0.11242431615155817
9488,0.6566731707957869,0.9233934025149368,0.11242338668690943
9489,0.6566690284889227,0.923395662231389,0.11242447597732122
9490,0.6566610144138608,0.9234025374571252,0.112428219168593
9491,0.6566697738940047,0.9234072182983476,0.11243093724042938
9492,0.6566904867401481,0.9234103388591625,0.11242987990493443
9493,0.6566813577254919,0.9234066072525723,0.11243473958203694
9494,0.6566729629779297,0.9233951549481038,0.11244367473845159
9495,0.6566768543269986,0.9233933025955019,0.11244508161615502
9496,0.6566733066377504,0.9233901359180247,0.11245028782051086
9497,0.6566801190201518,0.9233962348466124,0.11245539941765098
9498,0.6566717865668815,0.9233851899059942,0.112473482831482
9499,0.6566875336888514,0.9233621738484568,0.11250360226689372
9500,0.6566822170273627,0.9233676924757107,0.1125063249741008
9501,0.6566862911879223,0.9233641414927144,0.11250555511535891
9502,0.6567050139826035,0.9233689145672613,0.1125046083726951
9503,0.6567075833867122,0.9233609748152373,0.11251010499195374
9504,0.6567139875761954,0.9233675464396134,0.11251187486629438
9505,0.6567103568727587,0.9233576505724972,0.1125183883077591
9506,0.6567145005589745,0.923359841113956,0.11252912330595777
9507,0.6567008888427929,0.9233557021435155,0.11253213805464769
9508,0.6567110094414659,0.9233661898411311,0.11253514363769396
9509,0.6566910761744648,0.9233635765636014,0.11254157909369322
9510,0.6566679908786278,0.9233605981958285,0.11255067649272472
9511,0.6566600851597454,0.9233616857804475,0.11256006335204002
9512,0.6566582480466597,0.9233591532070768,0.1125586683230493
9513,0.6566332101863039,0.9233614475110257,0.11256857245913596
9514,0.6566095618645854,0.9233602792222477,0.11257227039287124
9515,0.6566053681039562,0.9233517668550002,0.11257408424665029
9516,0.6566211954195466,0.9233487538997307,0.11258272370610704
9517,0.6566052252386245,0.9233445380681864,0.11258899693793102
9518,0.6565977243658934,0.9233424705044938,0.11259097774210822
9519,0.6565913961800973,0.9233520204966428,0.11258779819676337
9520,0.6565761915120284,0.9233437925154794,0.11260037505306332
9521,0.6565580864896888,0.9233359411537246,0.11261012514097693
9522,0.6565378481486555,0.9233281666530738,0.11262128807176107
9523,0.6565264036500638,0.9233274902753602,0.11261604703180904
9524,0.6565290617791302,0.9233158458181322,0.1126211836065948
9525,0.6565327825293326,0.9233104732269756,0.11262450558942058
9526,0.6565201500194162,0.9233187665400772,0.11263793049488467
9527,0.6565142747203164,0.9233071874147875,0.11263341858623337
9528,0.6565044412189133,0.9233048854247282,0.1126496972484147
9529,0.6565080734996408,0.9232977411851286,0.11265992605405258
9530,0.6565153214904738,0.9232970763365805,0.11266532369805132
9531,0.6565027899528455,0.9232905815733082,0.11266787434750816
9532,0.6564980864038176,0.9232857431668231,0.11267006422073221
9533,0.6565168447181643,0.9232886715748784,0.11267397396321459
9534,0.6565049851356013,0.9232794059688135,0.11267899870277716
9535,0.6565006802408044,0.9232797825882222,0.11268083938867496
9536,0.6565234213181526,0.923290858273282,0.11268340784103367
9537,0.6564979694576992,0.9232796596104561,0.11268684130435765
9538,0.6565162408294116,0.9232791792285573,0.11269481227470574
9539,0.6565300555076728,0.923279940153485,0.11270019460981187
9540,0.6565275385992282,0.9232744253692863,0.11270809069736941
9541,0.6565047676869232,0.9232652673687667,0.1127162148481928
9542,0.6565155700777329,0.9232691795989509,0.11271617940883773
9543,0.6565237350331711,0.9232744907012245,0.11271425506244738
9544,0.6565277078545081,0.9232750517872824,0.11271315052942585
9545,0.6565431883431528,0.9232731802194045,0.1127152919114306
9546,0.656545963123778,0.923273453076323,0.11271441676538194
9547,0.6565359481565594,0.9232662627200611,0.11272200459752003
9548,0.656543434442635,0.9232745483470524,0.11272614404846958
9549,0.6565305961928186,0.9232729150485963,0.11272807837828444
9550,0.6565304849560339,0.9232760471385768,0.11273680854766578
9551,0.6565155672372206,0.9232782415230907,0.11273897584302027
9552,0.6565279260839623,0.9232758934163692,0.11275020714390262
9553,0.65654531825548,0.9232903778913831,0.11275248660584557
9554,0.6565393616587962,0.9232839061864418,0.11275228763182915
9555,0.6565402412226105,0.9232918882120731,0.11276228963070539
9556,0.6565447922533915,0.9232951740242612,0.11277253435849799
9557,0.6565447520818741,0.9232965921116265,0.11277891062546284
9558,0.6565487563127946,0.923300066233519,0.11278639963161642
9559,0.6565619036513882,0.9232946705840311,0.11278370435034708
9560,0.6565642076419933,0.9232915961398785,0.11278570205678878
9561,0.656573219306044,0.923301053898703,0.1127815777329401
9562,0.6565705666290942,0.9232968303810484,0.11279173080265786
9563,0.6565604378393232,0.9232935522549707,0.11279832537117215
9564,0.6565501962453126,0.923290093505299,0.11279894017286232
9565,0.6565521908512774,0.9232916576287616,0.11279847269987787
9566,0.6565472379468656,0.9232905662010874,0.11280144717159103
9567,0.6565454729713128,0.9232958734603058,0.11280117576240219
9568,0.6565449817387958,0.9232935138244187,0.11279284204869675
9569,0.6565309341438333,0.9232808509575652,0.1128042671938598
9570,0.6565364855752438,0.923287718497191,0.11280615539951602
9571,0.656523362928139,0.9232857739112645,0.11281609763226086
9572,0.6565255800506355,0.9232779187064547,0.11282163039073766
9573,0.6565293548922537,0.9232772038981892,0.112814324209475
9574,0.6565371984324887,0.9232740794943192,0.11281899542935514
9575,0.6565296953169527,0.9232778264731301,0.11281400719426787
9576,0.6565176717700049,0.9232731648471837,0.11282120782753621
9577,0.656527779822529,0.9232652827409875,0.11282210019123734
9578,0.6565385957404751,0.9232623773912633,0.11282465575764551
9579,0.6565369350428281,0.9232643949952384,0.11279509830533517
9580,0.6565424286492957,0.9232728612458236,0.1128083485989095
9581,0.6565254661831372,0.9232758626719276,0.11281571848689484
9582,0.6565203027843441,0.9232634611328271,0.1128270247776794
9583,0.6565141036030534,0.9232549333933587,0.11282921738655095
9584,0.6565179702526742,0.9232509443020708,0.11282123422232765
9585,0.6565127788945155,0.9232414019960321,0.1128285078616138
9586,0.6565069613883644,0.923243392698621,0.11283481006802017
9587,0.6565073214307607,0.9232455793970245,0.11284222958149542
9588,0.656519003936501,0.92323964571981,0.11284370364736199
9589,0.6564955908847876,0.9232354260452105,0.11285658776613684
9590,0.6564941234364782,0.9232299420054533,0.11285927013080296
9591,0.6564857341986102,0.9232286930125163,0.11287020167619388
9592,0.6564652788929136,0.9232205764799535,0.11287653563556221
9593,0.656461036154124,0.9232308989261958,0.11287795911529652
9594,0.6564609730318132,0.9232275439390143,0.11287936679109736
9595,0.6564500666744595,0.9232254148864386,0.11288339178398255
9596,0.656456949328598,0.9232262411433046,0.11288121126936142
9597,0.656479480358093,0.9232335314190014,0.11287751836893818
9598,0.6564653329172195,0.9232252573211758,0.1128799234568671
9599,0.6564758395823912,0.9232285969361366,0.11288785769020404
9600,0.6564732213034449,0.9232128250376337,0.11289766447032458
9601,0.6564671569974792,0.9232128019793026,0.11289582074473256
9602,0.6564662538707109,0.9232136781958861,0.11289435351656042
9603,0.6564632101983706,0.923216475940065,0.11289334550055781
9604,0.6564601560230101,0.9232255301780943,0.11290610931316826
9605,0.6564709845132745,0.923224819212884,0.11290848621395597
9606,0.6564296407427448,0.9232169832233501,0.1129121613348521
9607,0.656443983057857,0.9232129595445654,0.11291858764476723
9608,0.6564531293032521,0.9232185281315368,0.11292552232798264
9609,0.6564423705310655,0.9232138242319833,0.11293594530136729
9610,0.6564438787938922,0.9232084324255506,0.11293456407812001
9611,0.6564509497724178,0.9232215295576407,0.11292601419091802
9612,0.6564436820604893,0.9232198193980808,0.11292913705491428
9613,0.6564603014042152,0.9232236470810509,0.11293068714398186
9614,0.6564652672328603,0.9232198270841913,0.11293242695253335
9615,0.6564603968974635,0.9232197117925355,0.11293705823398419
9616,0.6564732900778095,0.9232220522131467,0.11294012680259184
9617,0.6564673034765994,0.923231306290046,0.11294316641736346
9618,0.6564709174904912,0.9232545029711774,0.11294365166943907
9619,0.6564869802148089,0.9232537189879185,0.11295044900536991
9620,0.6564843232286874,0.9232582691652643,0.1129479660660974
9621,0.656483310781176,0.9232496760938579,0.11296629560313634
9622,0.656491839911861,0.9232579655639043,0.11296618038826853
9623,0.6564835706574256,0.9232462058150206,0.11298413308789229
9624,0.6564869462476055,0.9232491803397382,0.11299146545871244
9625,0.6564832094224398,0.9232403605280755,0.11301495158268828
9626,0.6564977411776013,0.923249357120277,0.1130127493588971
9627,0.6565020991376447,0.9232574544375639,0.11301715557607565
9628,0.6564927996350243,0.923253104099088,0.11301787321401062
9629,0.6564894902782713,0.9232518051464335,0.11302692845706966
9630,0.6564772086822395,0.9232637954786287,0.11304185582549123
9631,0.6564894807953339,0.9232598217595614,0.11305878779230447
9632,0.6564977547093535,0.9232610553802777,0.1130599014548018
9633,0.6565049173165911,0.9232641106091543,0.11306231062564198
9634,0.656505532341535,0.923256247718234,0.11306394569574439
9635,0.6565057267788856,0.9232560632515848,0.11306576799564128
9636,0.6564977638127816,0.9232650867451727,0.11306866329278131
9637,0.6565174518633344,0.9232652635257115,0.113073376577378
9638,0.6565183629207003,0.9232617548163223,0.11307642497978182
9639,0.6565247360130235,0.923261324394141,0.113081960205694
9640,0.6565172796164985,0.9232556020849619,0.11308411677935011
9641,0.6565298350037427,0.9232662704061715,0.1130852382480639
9642,0.6565279062763418,0.923262473467643,0.11309264888504558
9643,0.6565357922231664,0.9232593067901659,0.11308947659414756
9644,0.6565383605579942,0.9232593529068281,0.11308973680914654
9645,0.6565401728293122,0.9232648369465853,0.11309428940415164
9646,0.6565352433664701,0.9232648177313094,0.11309500532413866
9647,0.6565749705897481,0.9232747366567567,0.11309218237412091
9648,0.6565689751558941,0.9232737220901863,0.11309623198618712
9649,0.6565734222935605,0.9232758972594244,0.11309613818570634
9650,0.6565746215113729,0.9232825150004628,0.11309398420418262
9651,0.6565721845659397,0.9232800592881959,0.1131033829796926
9652,0.6565941267649416,0.9232767312024007,0.11310340843834112
9653,0.656602355230781,0.9232666124380835,0.11310088201838145
9654,0.6565872205143929,0.9232664125992136,0.11310516513364838
9655,0.6565645671925904,0.9232485462356318,0.11313221777856629
9656,0.65655788051869,0.923248753760612,0.11314249885083569
9657,0.6565843649157553,0.9232387464448953,0.11316684226348865
9658,0.6565805176209423,0.9232304454456833,0.11316413713980308
9659,0.6565911573722936,0.9232426971056314,0.11316923962873297
9660,0.6565902902332266,0.9232405757391662,0.1131660301382511
9661,0.6565909947867349,0.923247866014863,0.11316755519926107
9662,0.6565916841589912,0.9232484040425897,0.11317133678245841
9663,0.6566035132495086,0.9232529081032732,0.11316904663535389
9664,0.6566233554448418,0.9232659437464803,0.11315930562872262
9665,0.6566223219919767,0.9232659552756458,0.1131648244938279
9666,0.6566135677061172,0.9232622966871042,0.11316519416298385
9667,0.6566005065977119,0.9232650829021175,0.11316607745324926
9668,0.6565817534977643,0.9232688952128668,0.11317489029220394
9669,0.6565898093943021,0.9232678960185172,0.11317734309181915
9670,0.6565924941581038,0.9232666201241939,0.11318451744903779
9671,0.656578192641669,0.9232593029471107,0.11319024358415898
9672,0.6565759869380153,0.9232566589251394,0.11319624553358258
9673,0.6565742101642483,0.9232524584658159,0.11320283519232052
9674,0.656577488551708,0.923254675908661,0.11320222214425686
9675,0.6566100829459537,0.9232701249905279,0.11320231337929088
9676,0.6566044381850111,0.9232696791961257,0.11320429408406199
9677,0.6566075068365942,0.9232654018756984,0.11320614293251453
9678,0.6566162686635632,0.923262027673241,0.11320550426030415
9679,0.6566019117376747,0.9232605096664406,0.11320983251053315
9680,0.6565974656634062,0.9232667200436289,0.11321043714563771
9681,0.6566109023371997,0.9232635418369861,0.11320085998629828
9682,0.656617088513077,0.9232623274315458,0.1131964256990807
9683,0.6566183642374903,0.9232677192379785,0.11320134382449806
9684,0.6566141563796778,0.9232592606735036,0.1132011825369922
9685,0.6566117932788617,0.9232558787849358,0.1132001730171047
9686,0.6565989325276705,0.9232485231773006,0.11320888768771722
9687,0.6566256495437649,0.923256147798799,0.11320901573272316
9688,0.6566220174312494,0.9232518781644822,0.11321214411642566
9689,0.6566278410256033,0.9232540571767753,0.11321484840919034
9690,0.6566396468259388,0.9232511941006581,0.11320656274808015
9691,0.6566320264734002,0.9232532693504611,0.11320588667319532
9692,0.6566362999198021,0.9232577926264207,0.11319996120138408
9693,0.65665394629991,0.9232734876638198,0.11320326188081264
9694,0.6566533886799468,0.9232742524318027,0.11321342880693437
9695,0.65665968144692,0.9232743254498513,0.11321326607487277
9696,0.6566745703492879,0.9232846786405352,0.11326599444517228
9697,0.6566779476868391,0.9232939634618761,0.11327777000743157
9698,0.6566879862720938,0.9232994398155229,0.11328068665158368
9699,0.6566947641190201,0.923296480663026,0.11328568647350558
9700,0.6567040751969465,0.9233007041806807,0.11328988533975058
9701,0.656697318043506,0.9233020415638871,0.11329096643858888
9702,0.6566887302136772,0.9233070067911935,0.11329810815764625
9703,0.6566991887709724,0.9233104117380925,0.11329576514247483
9704,0.6567010183522529,0.9233045318636507,0.11329967870106969
9705,0.6567133240903891,0.9233077062272382,0.11330320134961369
9706,0.6567197263390158,0.9233079790841567,0.1132991047852226
9707,0.6567204447388283,0.9233018071375204,0.11330497405857087
9708,0.6567264349130311,0.9233065725259569,0.11331086510482392
9709,0.6567053700591134,0.9233011768764691,0.11330843215683292
9710,0.6566853816872446,0.9232813659269608,0.11335920934143953
9711,0.6566942227091619,0.9232826687226704,0.11335742847255849
9712,0.6567015188586239,0.923285862301534,0.11336377384001324
9713,0.6566983892977006,0.9232812006755876,0.11336370974513205
9714,0.6566977186912244,0.9232844057836167,0.11336538048677976
9715,0.6566878410028943,0.9232744023109551,0.11338299411849281
9716,0.6566848407283754,0.923271700643156,0.11338754414904596
9717,0.6566830633003053,0.9232778495314612,0.11338799474928177
9718,0.6566697641259093,0.9232704209057775,0.11339951877949146
9719,0.6566660703984476,0.9232767926912838,0.11339562300472898
9720,0.6566762427261916,0.9232846901697008,0.11339291520253539
9721,0.6566696424038884,0.9232885447540571,0.11339463483728578
9722,0.6566596974492671,0.923284232846133,0.1134020275122781
9723,0.6566631713695202,0.9232812083616979,0.11340542066070762
9724,0.6566656285604591,0.9232635994828139,0.11344497845802648
9725,0.656687126977352,0.9232664856172622,0.11344053166676253
9726,0.6566930167351277,0.9232702364391283,0.11344870531317953
9727,0.656705011961031,0.9232756244025058,0.11344782636535168
9728,0.6567099887509227,0.9232783798730776,0.11345132864496195
9729,0.6567112783644649,0.9232627232662305,0.1134779197586656
9730,0.6566914995737565,0.9232613167080306,0.1134876371468413
9731,0.6566937831500951,0.9232554829502511,0.11350365691159293
9732,0.6567073986086592,0.9232542877600868,0.11349993910346164
9733,0.6567095386879268,0.9232520434158553,0.11349759574943129
9734,0.6567061722887717,0.9232507367770905,0.11350536518376905
9735,0.6567052078686164,0.9232491841827934,0.11350574892834948
9736,0.6567186203547144,0.9232516437381155,0.11350670481402673
9737,0.6567086488240917,0.9232451336026224,0.11351068883328898
9738,0.6567170665840668,0.9232536152254284,0.11351951832287449
9739,0.6567097525400168,0.9232435810083253,0.11353396643086369
9740,0.656702724393079,0.9232428316125632,0.1135366029733927
9741,0.6567141662157738,0.9232408793405262,0.11354058308296901
9742,0.6567057761371712,0.92323078363454,0.11354740556897963
9743,0.6567035825711962,0.9232302725081997,0.11354914120035195
9744,0.6566949797088336,0.9232257991919577,0.11355396147047019
9745,0.6567094967235674,0.9232344114786402,0.11355858987991384
9746,0.6567103321493308,0.9232350263674707,0.11356066287506986
9747,0.656693642625256,0.9232296115027069,0.11357216200733124
9748,0.6567044791756039,0.9232401875905919,0.11357104564636841
9749,0.6567297994412536,0.923243796219416,0.11356204379615034
9750,0.6567337355058606,0.9232454986928654,0.11355518075718916
9751,0.6567399641589752,0.9232359679159924,0.11355916990217182
9752,0.656738751057601,0.9232325706552038,0.11355327536094484
9753,0.6567426930642407,0.9232262180849735,0.11355930012761357
9754,0.6567639092912302,0.9232323246996715,0.11359147835138049
9755,0.6567588498836451,0.9232258299363992,0.11360498148613386
9756,0.6567409620922373,0.9232402452364197,0.11360760230492187
9757,0.6567423785774399,0.923241540346019,0.11362085987024008
9758,0.6567436803273329,0.9232413328210387,0.11361345012543775
9759,0.656734253475146,0.9232305876387253,0.113621795536305
9760,0.6567273344959574,0.9232289235958278,0.11362124682288113
9761,0.6567340746612083,0.9232366596659267,0.11362275475810128
9762,0.6567267654820774,0.923237147733936,0.11362842022663995
9763,0.6567175638516733,0.923235295381334,0.11363554815674665
9764,0.6567200607102788,0.9232382929643829,0.11363055879131227
9765,0.6567285969844069,0.9232473587315778,0.11362855260696966
9766,0.6567161751345423,0.923241943866814,0.11363522551323371
9767,0.6567161751345423,0.923241943866814,0.11362142883873363
9768,0.6566965717065006,0.9232468053316303,0.11362141207284851
9769,0.6566840463196033,0.9232339925856243,0.11362647187358865
9770,0.6567074174204617,0.9232338081189753,0.11362295353414249
9771,0.6567200380022911,0.9232415518751845,0.11361399620302978
9772,0.6567203743739749,0.9232416940682266,0.11361531811710773
9773,0.6567145122082515,0.9232399262628389,0.11362625552615321
9774,0.6567307258426114,0.9232393767059466,0.11362298371901551
9775,0.656745006333623,0.9232312524872733,0.11363596705850561
9776,0.6567263180129471,0.9232217870423385,0.11364417045221477
9777,0.6567269777142668,0.9232431698014198,0.11364958014281305
9778,0.656712899190569,0.9232242850282125,0.11367053811350614
9779,0.6567266717951777,0.9232247500378906,0.11365152084253555
9780,0.6567331349536478,0.9232313331914324,0.1136367886654842
9781,0.6567351353345247,0.9232312409581078,0.11363013453728828
9782,0.6567308448042485,0.9232230783088826,0.11365255588988094
9783,0.656747139454876,0.9232303109387516,0.1136566415447244
9784,0.6567460173578922,0.9232294846818856,0.11364381611575232
9785,0.6567323943145891,0.9232179516732582,0.11366250344791123
9786,0.6567174398647179,0.9232132862042566,0.11366554983633433
9787,0.6567257055654373,0.9232131862848216,0.1136708503226609
9788,0.6567344667740588,0.9232064263507411,0.11367812007585068
9789,0.6567504421591914,0.9232100234503996,0.11367713247449195
9790,0.6567426435971808,0.9232198501425224,0.11368220540551754
9791,0.6567256453051816,0.9232315215011367,0.1136664726873128
9792,0.6567316389589132,0.9232277822084362,0.11367177881765875
9793,0.6567342747829535,0.9232396841503618,0.11367303883542848
9794,0.6567252572784754,0.923236867190907,0.11367945951992217
9795,0.656711360265835,0.9232355336507558,0.11368498593728678
9796,0.6567418210408057,0.9232331932301446,0.11367737477523826
9797,0.6567358978992788,0.9232350378966363,0.11366837359577683
9798,0.6567323907147479,0.9232343807341986,0.11367442853693802
9799,0.6567338293334745,0.9232262219280286,0.11366317133577407
9800,0.6567561030471537,0.923228789088896,0.11366001168347202
9801,0.656737989841002,0.9232147965249465,0.11367077175223797
9802,0.656746548625412,0.923216741110873,0.11367241213388439
9803,0.6567346952533276,0.9232138665055903,0.11368041495705207
9804,0.6567256424598596,0.923216437509513,0.11367978226142815
9805,0.6567303400364554,0.9232181130815762,0.11367360575309331
9806,0.6567275111383551,0.9232155805082055,0.11368985134799785
9807,0.6567280757867221,0.9232209146688102,0.11369467736494113
9808,0.6567381601619573,0.9232223096978445,0.11369312343432843
9809,0.6567600961480122,0.9232184474273778,0.11370279454237579
9810,0.6567606745488394,0.923204973675879,0.1136905351500326
9811,0.6567487989120132,0.9231996779458261,0.11369900190238327
9812,0.6567403475994468,0.923199474263901,0.1137174716356192
9813,0.6567416930479762,0.9232022873803006,0.11371764976921578
9814,0.6567304815208026,0.9232031981843809,0.11373633536586936
9815,0.656730493237802,0.9231921301854314,0.11374698034817571
9816,0.6567173118851806,0.9231990784292163,0.11374730199702007
9817,0.6567295633788086,0.9232012920290062,0.11374147963782955
9818,0.6567171312634542,0.9231993436000245,0.11374415251368733
9819,0.6567312485316046,0.9232014880248209,0.11374403508041266
9820,0.6567299541682439,0.9232018877025608,0.11374876602916192
9821,0.6567162098684809,0.9232007078846173,0.11376835665885211
9822,0.6567208836238013,0.9231989170208984,0.1137968615958527
9823,0.65670643413689,0.9231899588592487,0.11380569545190204
9824,0.6566941178694136,0.9231785718867185,0.11380335723577674
9825,0.656689074403964,0.9231836331904048,0.11380248655674913
9826,0.6566747473671978,0.9231754935995107,0.11380142004412455
9827,0.6566627171006568,0.9231788716450234,0.11380402718367519
9828,0.6566790202328887,0.9231821113405492,0.11380800803766591
9829,0.6566567308204878,0.9231796786866134,0.11381330832608304
9830,0.6566797107491543,0.9231835102126387,0.11381418037492369
9831,0.6566762871849404,0.9231934598825274,0.11382594000407319
9832,0.6566668141233769,0.9231882563857992,0.1138317714390452
9833,0.6566654675297319,0.9231942592380071,0.11384029225107654
9834,0.6566746566008722,0.9231939056769296,0.11384325654415896
9835,0.6566847352330729,0.9231854816999515,0.1138481367283859
9836,0.6566820196327251,0.9231740908843661,0.11384880680829158
9837,0.6566908594552755,0.923169114127894,0.11385038293602369
9838,0.656678302990707,0.9231644063852854,0.11384957354833099
9839,0.6566832925729056,0.9231595795079658,0.11385461475572202
9840,0.6566839510130725,0.923169517648689,0.1138630418388086
9841,0.6566777089013722,0.923161577896665,0.1138713771792672
9842,0.6566726575157384,0.9231605133703772,0.11388162654740222
9843,0.6566876152177088,0.9231669428017113,0.11388039802227014
9844,0.6566890093450953,0.9231700710486366,0.1138891804620034
9845,0.6567048200191358,0.923167642237756,0.11390025753911644
9846,0.6567022943626531,0.9231701248514093,0.11390407288158727
9847,0.6567103405455155,0.9231668889989386,0.11390306514524433
9848,0.6567226950586498,0.9231731800802859,0.11390484978519698
9849,0.6567144251861563,0.9231646523408176,0.11391362490739326
9850,0.656704750296488,0.9231659013337546,0.11392318827002622
9851,0.6566983639494236,0.9231643756408439,0.11392144318114639
9852,0.6567064454918113,0.9231571199526437,0.11392303355318675
9853,0.6567034210530862,0.9231566318846345,0.11392817774116624
9854,0.6566907300182531,0.9231516320698313,0.11393687884908286
9855,0.6566973690128685,0.9231634609937085,0.11393679729423488
9856,0.656693218383031,0.9231557018652783,0.11394045311873661
9857,0.6566958910983339,0.9231503638616184,0.11394866943016829
9858,0.6566917199417522,0.9231432349942396,0.11395454104518588
9859,0.6567191841553333,0.923159502646862,0.11395356761244728
9860,0.6567233777178884,0.9231627769298845,0.11395337842610445
9861,0.6567257208357238,0.9231672733044577,0.11395961544710018
9862,0.6567234659637405,0.9231706705652463,0.11396593287174013
9863,0.6567245278555306,0.9231660665851278,0.1139812001265149
9864,0.6567268966598058,0.9231739525343792,0.11398485896942005
9865,0.656714721523215,0.923168587629333,0.11398993679668129
9866,0.6567071063515725,0.9231721693567707,0.1139891126232192
9867,0.6567223551390102,0.9231700748916918,0.1139790924807525
9868,0.6567034502387737,0.9231671003669741,0.11398792353183175
9869,0.6566967833615971,0.9231572928901273,0.113988036686723
9870,0.6566958448526387,0.923157669509536,0.11398594032055213
9871,0.6566852024448032,0.9231560515833007,0.11399268371345425
9872,0.6566835622840913,0.9231511055712702,0.11401317208472167
9873,0.6566951716864673,0.923143646201145,0.11404028248926246
9874,0.656705082941308,0.9231461979897916,0.11403968760343106
9875,0.6567211206412752,0.9231586418024993,0.11404224354051778
9876,0.6567153751827448,0.923160067575975,0.11404451918142258
9877,0.6567261221727628,0.9231663048545496,0.11404793663824972
9878,0.6567251080653176,0.9231667506489517,0.11405505311606226
9879,0.6567320150344409,0.9231742638218496,0.11405764571132243
9880,0.6567320150344409,0.9231742638218496,0.11405578786623818
9881,0.656732039291713,0.9231760008827959,0.11405060775752286
9882,0.6567237047059546,0.9231791099144452,0.11405909847036282
9883,0.6567186446342687,0.9231857045971525,0.11406634352182507
9884,0.6567067592074333,0.9231805933337488,0.11406834532065865
9885,0.6567195245629908,0.9231741984899114,0.11406948791542414
9886,0.656700785947549,0.9231743368398982,0.1141005581397184
9887,0.6566972281772392,0.9231750785495502,0.11410674017005575
9888,0.6566770321276093,0.9231657783559885,0.11411554723902698
9889,0.6566813471516635,0.923158073030331,0.1141206102042027
9890,0.6566775260028929,0.9231529425516514,0.11412211395103213
9891,0.6566699749858258,0.9231557172374991,0.11412455274099442
9892,0.6566828315634801,0.9231524967572492,0.11412414828397036
9893,0.6566703718875815,0.9231539571182217,0.1141307950355628
9894,0.6566531815879286,0.9231506905213096,0.1141344033872135
9895,0.6566423573358697,0.9231536343015857,0.11413700662823673
9896,0.6566558005849864,0.9231497336005671,0.1141489203460607
9897,0.6566660088234673,0.9231428276303894,0.1141617666144217
9898,0.6566640765987234,0.9231409522194562,0.11416201811826297
9899,0.6566862878986464,0.923151866496198,0.11415553044701353
9900,0.6566885718594322,0.9231516397559417,0.11416005417360578
9901,0.6567036576804457,0.9231550024292337,0.11415969168233243
9902,0.6567061455547388,0.9231652403282617,0.11415708676123205
9903,0.6567026215766797,0.9231555289277947,0.11416790072092617
9904,0.6567114939816574,0.9231607900703509,0.11417155210215989
9905,0.6567322236846052,0.9231598408357188,0.11417739292577773
9906,0.6567467900541824,0.9231782913436896,0.114175922767024
9907,0.6567402145925684,0.9231814503350564,0.11417782263843088
9908,0.656741729071175,0.9231839329487096,0.11418395676461522
9909,0.6567379888965507,0.9231769654896488,0.11418979390205145
9910,0.656737162823442,0.9231849821027767,0.11419653015855008
9911,0.6567413939763713,0.9231873724831053,0.11419356359012585
9912,0.6567471720138504,0.9231796364130064,0.11422541815021643
9913,0.6567460654912998,0.9231750132176119,0.11422978489619871
9914,0.6567465556541878,0.9231728418914291,0.11422791543229699
9915,0.6567445254539582,0.9231779300965016,0.11423363120431056
9916,0.6567412619377458,0.9231839214195441,0.11424246190728303
9917,0.656749957120431,0.9231795326505162,0.11424517336709464
9918,0.6567303001512275,0.923177776374294,0.11425635414546328
9919,0.6567450608719458,0.9231884562246692,0.11425506381763312
9920,0.6567610894332682,0.9231951969434737,0.11425574581966963
9921,0.6567599889227522,0.923179490376909,0.11427526109760211
9922,0.6567595903164412,0.9231725421331242,0.11428428843013119
9923,0.6567602019258522,0.9231725651914554,0.11428932460106088
9924,0.656753983301272,0.9231713469429599,0.11428937312697789
9925,0.6567592350723745,0.92317195414568,0.11428658166084307
9926,0.6567438861345182,0.9231573851234519,0.11429170753760443
9927,0.656728310829632,0.923161135945318,0.11429626877282639
9928,0.6567354487834992,0.9231617047174863,0.11429489777021924
9929,0.6567423619843,0.9231633188006664,0.11429185069745544
9930,0.6567316678137978,0.9231638875728346,0.11429281410823647
9931,0.6567339585836872,0.9231701863402922,0.11428733464201568
9932,0.6567316597318384,0.9231802397726713,0.11428886700554154
9933,0.6567301854684402,0.9231788293714163,0.11429722992053169
9934,0.656709199435091,0.9231825417627305,0.11430427880337944
9935,0.6567008952066253,0.9231807624281773,0.11430939396593788
9936,0.6566723390006175,0.9231649597852328,0.11436578389002293
9937,0.6566669180084886,0.9231625963062905,0.11436626662651896
9938,0.6566763701162484,0.9231630421006927,0.11436076212952373
9939,0.6566783501430193,0.9231713853735118,0.11436114401344989
9940,0.6566935089985446,0.9231702017125131,0.11436232524200894
9941,0.6566949472378343,0.9231662241503906,0.11436318667147698
9942,0.6566951310125679,0.923166696846179,0.11437302132214092
9943,0.6567107045612431,0.9231773152076711,0.11436925070260835
9944,0.6566931163441767,0.923187868237225,0.11438372509003922
9945,0.6566880157043371,0.9231829375974152,0.11438699773737315
9946,0.6566930884412154,0.9231834218223692,0.11438593336043362
9947,0.6566900811857329,0.9231771614854635,0.11439258705017455
9948,0.6567014471349575,0.9231736412469088,0.1143921331101533
9949,0.6567015029140008,0.9231759470800233,0.11439677232086383
9950,0.6567082607178838,0.9231725267609034,0.11440752611258424
9951,0.6567297290849367,0.9231898320384274,0.11441761724921619
9952,0.6567163104944754,0.9231855854624417,0.1144260350691444
9953,0.6567184714171902,0.9231878951386113,0.11442539098464986
9954,0.6567264040905504,0.9231892824815351,0.11442509555957316
9955,0.6567095047505223,0.9231899165856416,0.11442826588088931
9956,0.6567060514858595,0.9231837023653982,0.1144365294248051
9957,0.6567282242319403,0.9231918304271266,0.1144366666166798
9958,0.656717517457029,0.9231860504721198,0.11444333052480503
9959,0.656718960864073,0.9231780876617645,0.11444080684764943
9960,0.6567460540958145,0.9231754743842348,0.11444142911569606
9961,0.6567491219888949,0.9231745213065474,0.11444763057507354
9962,0.6567704800863856,0.9231797209602205,0.11445028244696766
9963,0.6567642830610807,0.9231774804590444,0.11445817731162805
9964,0.6567455020570876,0.923172599778952,0.11446210476744782
9965,0.6567487592897618,0.9231650289602263,0.11448545641491191
9966,0.6567451554568899,0.9231627884590501,0.11449011008764866
9967,0.656745669808495,0.9231608630883995,0.11449426482658127
9968,0.6567404712346973,0.9231568547818355,0.11449552871452033
9969,0.6567338758556542,0.9231548256486949,0.11448441198935753
9970,0.6567382021001286,0.923158999206632,0.11449014564691755
9971,0.6567251371592726,0.9231543875404031,0.114488455903292
9972,0.6567251419441532,0.9231452641273803,0.11448722212336981
9973,0.6567284491637899,0.923146689900856,0.11447925392375924
9974,0.6567407299002446,0.9231359101310459,0.11448622705526015
9975,0.6567313031183938,0.9231308488273597,0.11449001498335037
9976,0.6567343994962515,0.9231353029283258,0.11449091188088037
9977,0.656718580365308,0.923128858124771,0.11450222759119487
9978,0.6567064044965227,0.9231243924946393,0.11450966685439472
9979,0.6567052151255496,0.9231187816340608,0.11451019715644245
9980,0.6567172949265176,0.9231176940494418,0.11451021441424392
9981,0.6567150652981218,0.9231177247938833,0.11451731161901828
9982,0.6567018349368616,0.9231112223445006,0.1145250615438598
9983,0.6567161826282261,0.9231120216999802,0.1145235701690302
9984,0.6567077329664148,0.923114373649757,0.11452991173311539
9985,0.6567212628336757,0.9231130285804402,0.11454194773305806
9986,0.6567241876647054,0.9231130093651643,0.11454522781745512
9987,0.656728147907449,0.9231134051998489,0.11453898121714012
9988,0.6567358450225544,0.9231144966275231,0.11453833813369482
9989,0.6567255213871319,0.9231138317789751,0.1145480177340514
9990,0.6567340368717686,0.92310647617134,0.11455641463177439
9991,0.656732075539897,0.9231043125312676,0.11454867760505381
9992,0.6567548256861997,0.9231087205155714,0.11455052798333469
9993,0.6567578872629424,0.9231089203544413,0.11454709920770603
9994,0.6567380894321937,0.9231036054091125,0.11455483330959525
9995,0.6567464520262192,0.9231042971590468,0.11456008717220598
9996,0.6567535973798571,0.9231047506395593,0.11455335506544825
9997,0.6567583251877509,0.923100492534408,0.11454751897765826
9998,0.6567422393851138,0.9230926988184811,0.11453756433027439
9999,0.656731652968769,0.9230765541436248,0.11454536680147406
10000,0.6567388062197235,0.923081957479223,0.11454646613905252
